state,district,forecast_issue_date,cycle_utc,forecast_issue_time_utc,valid_start_utc,valid_end_utc,valid_date,rain_forecast_daily_mm,rain_gfs_24h_mm,bias_factor,rain_gfs_bc_24h_mm,rain_icon_24h_mm,imd_observed_mm,observed_status,error_gfs_bc_mm,abs_error_gfs_bc_mm,pct_error_gfs_bc,updated_at_utc
Andaman and Nicobar,Andaman Islands,20260703,06,2026-07-03 06:00:00,2026-07-03 06:00:00,2026-07-04 06:00:00,20260704,16.354166388511658,16.354166388511658,,,0.0,,PENDING,,,,2026-07-03 12:56:55
Andaman and Nicobar,Nicobar Islands,20260703,06,2026-07-03 06:00:00,2026-07-03 06:00:00,2026-07-04 06:00:00,20260704,1.21875,1.21875,,,0.0,,PENDING,,,,2026-07-03 12:56:55
Andhra Pradesh,Adilabad,20260703,06,2026-07-03 06:00:00,2026-07-03 06:00:00,2026-07-04 06:00:00,20260704,4.31331527531147,14.377717584371567,0.3,4.31331527531147,0.0,,PENDING,,,,2026-07-03 12:56:55
Andhra Pradesh,Anantapur,20260703,06,2026-07-03 06:00:00,2026-07-03 06:00:00,2026-07-04 06:00:00,20260704,0.06018518656492233,0.06018518656492233,1.0,0.06018518656492233,0.0,,PENDING,,,,2026-07-03 12:56:55
Andhra Pradesh,Chittoor,20260703,06,2026-07-03 06:00:00,2026-07-03 06:00:00,2026-07-04 06:00:00,20260704,1.2236842405982316,0.4078947468660772,3.0,1.2236842405982316,0.0,,PENDING,,,,2026-07-03 12:56:55
Andhra Pradesh,Cuddapah,20260703,06,2026-07-03 06:00:00,2026-07-03 06:00:00,2026-07-04 06:00:00,20260704,0.47282608738169074,0.1576086957938969,3.0,0.47282608738169074,0.0,,PENDING,,,,2026-07-03 12:56:55
Andhra Pradesh,East Godavari,20260703,06,2026-07-03 06:00:00,2026-07-03 06:00:00,2026-07-04 06:00:00,20260704,3.6176470309495925,12.058823436498642,0.3,3.6176470309495925,0.0,,PENDING,,,,2026-07-03 12:56:55
Andhra Pradesh,Guntur,20260703,06,2026-07-03 06:00:00,2026-07-03 06:00:00,2026-07-04 06:00:00,20260704,3.0654587271482976,3.779166631400585,0.8111467490419224,3.0654587271482976,0.0,,PENDING,,,,2026-07-03 12:56:55
Andhra Pradesh,Hyderabad,20260703,06,2026-07-03 06:00:00,2026-07-03 06:00:00,2026-07-04 06:00:00,20260704,0.0,0.0,1.0,0.0,0.0,,PENDING,,,,2026-07-03 12:56:55
Andhra Pradesh,Karimnagar,20260703,06,2026-07-03 06:00:00,2026-07-03 06:00:00,2026-07-04 06:00:00,20260704,3.5730150651793413,9.152777671813965,0.39037494335544315,3.5730150651793413,0.0,,PENDING,,,,2026-07-03 12:56:55
Andhra Pradesh,Khammam,20260703,06,2026-07-03 06:00:00,2026-07-03 06:00:00,2026-07-04 06:00:00,20260704,4.416975799746537,13.78618423640728,0.3203914675738886,4.416975799746537,0.0,,PENDING,,,,2026-07-03 12:56:55
Andhra Pradesh,Krishna,20260703,06,2026-07-03 06:00:00,2026-07-03 06:00:00,2026-07-04 06:00:00,20260704,3.4360674204143216,3.182291693985462,1.0797462177676849,3.4360674204143216,0.0,,PENDING,,,,2026-07-03 12:56:55
Andhra Pradesh,Kurnool,20260703,06,2026-07-03 06:00:00,2026-07-03 06:00:00,2026-07-04 06:00:00,20260704,2.5482708497530937,1.07608697633259,2.368090039002099,2.5482708497530937,0.0,,PENDING,,,,2026-07-03 12:56:55
Andhra Pradesh,Mahbubnagar,20260703,06,2026-07-03 06:00:00,2026-07-03 06:00:00,2026-07-04 06:00:00,20260704,3.293773324024792,3.659722287207842,0.9000063571866684,3.293773324024792,0.0,,PENDING,,,,2026-07-03 12:56:55
Andhra Pradesh,Medak,20260703,06,2026-07-03 06:00:00,2026-07-03 06:00:00,2026-07-04 06:00:00,20260704,3.901761604718338,7.149038255214691,0.5457743357118412,3.901761604718338,0.0,,PENDING,,,,2026-07-03 12:56:55
Andhra Pradesh,Nalgonda,20260703,06,2026-07-03 06:00:00,2026-07-03 06:00:00,2026-07-04 06:00:00,20260704,3.142273747282531,5.003472178243101,0.6280186309311899,3.142273747282531,0.0,,PENDING,,,,2026-07-03 12:56:55
Andhra Pradesh,Nellore,20260703,06,2026-07-03 06:00:00,2026-07-03 06:00:00,2026-07-04 06:00:00,20260704,1.7867647558450699,0.5955882519483566,3.0,1.7867647558450699,0.0,,PENDING,,,,2026-07-03 12:56:55
Andhra Pradesh,Nizamabad,20260703,06,2026-07-03 06:00:00,2026-07-03 06:00:00,2026-07-04 06:00:00,20260704,5.326704467833042,17.755681559443474,0.3,5.326704467833042,0.0,,PENDING,,,,2026-07-03 12:56:55
Andhra Pradesh,Prakasam,20260703,06,2026-07-03 06:00:00,2026-07-03 06:00:00,2026-07-04 06:00:00,20260704,2.9739221101031386,1.8802082741167396,1.581698235797941,2.9739221101031386,0.0,,PENDING,,,,2026-07-03 12:56:55
Andhra Pradesh,Rangareddi,20260703,06,2026-07-03 06:00:00,2026-07-03 06:00:00,2026-07-04 06:00:00,20260704,3.238285027900243,3.3541666343808174,0.9654514461825578,3.238285027900243,0.0,,PENDING,,,,2026-07-03 12:56:55
Andhra Pradesh,Srikakulam,20260703,06,2026-07-03 06:00:00,2026-07-03 06:00:00,2026-07-04 06:00:00,20260704,3.6466694468329797,2.0812500044703484,1.7521534842043212,3.6466694468329797,0.0,,PENDING,,,,2026-07-03 12:56:55
Andhra Pradesh,Vishakhapatnam,20260703,06,2026-07-03 06:00:00,2026-07-03 06:00:00,2026-07-04 06:00:00,20260704,4.049484087779039,9.504166781902313,0.4260746029299489,4.049484087779039,0.0,,PENDING,,,,2026-07-03 12:56:55
Andhra Pradesh,Vizianagaram,20260703,06,2026-07-03 06:00:00,2026-07-03 06:00:00,2026-07-04 06:00:00,20260704,3.6526970084354033,2.1041667088866234,1.735935177098279,3.6526970084354033,0.0,,PENDING,,,,2026-07-03 12:56:55
Andhra Pradesh,Warangal,20260703,06,2026-07-03 06:00:00,2026-07-03 06:00:00,2026-07-04 06:00:00,20260704,4.7987332541648655,10.920138780027628,0.43943885245684805,4.7987332541648655,0.0,,PENDING,,,,2026-07-03 12:56:55
Andhra Pradesh,West Godavari,20260703,06,2026-07-03 06:00:00,2026-07-03 06:00:00,2026-07-04 06:00:00,20260704,3.415769921130922,7.212500184774399,0.47359027155959293,3.415769921130922,0.0,,PENDING,,,,2026-07-03 12:56:55
Arunachal Pradesh,Changlang,20260703,06,2026-07-03 06:00:00,2026-07-03 06:00:00,2026-07-04 06:00:00,20260704,4.89083025607038,4.8046875,1.0179288988244044,4.89083025607038,0.0,,PENDING,,,,2026-07-03 12:56:55
Arunachal Pradesh,East Kameng,20260703,06,2026-07-03 06:00:00,2026-07-03 06:00:00,2026-07-04 06:00:00,20260704,5.791025117627562,7.887500062584877,0.7342028617023856,5.791025117627562,0.0,,PENDING,,,,2026-07-03 12:56:55
Arunachal Pradesh,East Siang,20260703,06,2026-07-03 06:00:00,2026-07-03 06:00:00,2026-07-04 06:00:00,20260704,3.1071428870782256,1.0357142956927419,3.0,3.1071428870782256,0.0,,PENDING,,,,2026-07-03 12:56:55
Arunachal Pradesh,Kurung Kumey,20260703,06,2026-07-03 06:00:00,2026-07-03 06:00:00,2026-07-04 06:00:00,20260704,4.137760567638564,5.9437501430511475,0.6961531807449931,4.137760567638564,0.0,,PENDING,,,,2026-07-03 12:56:55
Arunachal Pradesh,Lohit,20260703,06,2026-07-03 06:00:00,2026-07-03 06:00:00,2026-07-04 06:00:00,20260704,3.352644383674615,6.970833385363221,0.48095316561635515,3.352644383674615,0.0,,PENDING,,,,2026-07-03 12:56:55
Arunachal Pradesh,Lower Dibang Valley,20260703,06,2026-07-03 06:00:00,2026-07-03 06:00:00,2026-07-04 06:00:00,20260704,4.36475346556112,3.84375,1.1355456170565514,4.36475346556112,0.0,,PENDING,,,,2026-07-03 12:56:55
Arunachal Pradesh,Lower Subansiri,20260703,06,2026-07-03 06:00:00,2026-07-03 06:00:00,2026-07-04 06:00:00,20260704,6.112500010058284,2.0375000033527613,3.0,6.112500010058284,0.0,,PENDING,,,,2026-07-03 12:56:55
Arunachal Pradesh,Papum Pare,20260703,06,2026-07-03 06:00:00,2026-07-03 06:00:00,2026-07-04 06:00:00,20260704,6.720894157286376,3.950000077486038,1.7014921583403773,6.720894157286376,0.0,,PENDING,,,,2026-07-03 12:56:55
Arunachal Pradesh,Tawang,20260703,06,2026-07-03 06:00:00,2026-07-03 06:00:00,2026-07-04 06:00:00,20260704,3.900652216734135,7.787499990314245,0.5008863205888407,3.900652216734135,0.0,,PENDING,,,,2026-07-03 12:56:55
Arunachal Pradesh,Tirap,20260703,06,2026-07-03 06:00:00,2026-07-03 06:00:00,2026-07-04 06:00:00,20260704,5.716696637047276,2.8125,2.0326032487279204,5.716696637047276,0.0,,PENDING,,,,2026-07-03 12:56:55
Arunachal Pradesh,Upper Dibang Valley,20260703,06,2026-07-03 06:00:00,2026-07-03 06:00:00,2026-07-04 06:00:00,20260704,5.135707914690078,4.744318105280399,1.0824965360088448,5.135707914690078,0.0,,PENDING,,,,2026-07-03 12:56:55
Arunachal Pradesh,Upper Siang,20260703,06,2026-07-03 06:00:00,2026-07-03 06:00:00,2026-07-04 06:00:00,20260704,7.19857259797814,2.7152777654118836,2.6511367233496204,7.19857259797814,0.0,,PENDING,,,,2026-07-03 12:56:55
Arunachal Pradesh,Upper Subansiri,20260703,06,2026-07-03 06:00:00,2026-07-03 06:00:00,2026-07-04 06:00:00,20260704,4.529720501861956,4.7265625,0.9583540896501328,4.529720501861956,0.0,,PENDING,,,,2026-07-03 12:56:55
Arunachal Pradesh,West Kameng,20260703,06,2026-07-03 06:00:00,2026-07-03 06:00:00,2026-07-04 06:00:00,20260704,3.860915239170138,8.124999955296516,0.47518957051234056,3.860915239170138,0.0,,PENDING,,,,2026-07-03 12:56:55
Arunachal Pradesh,West Siang,20260703,06,2026-07-03 06:00:00,2026-07-03 06:00:00,2026-07-04 06:00:00,20260704,6.463129215372975,3.8749999925494194,1.6679043168515693,6.463129215372975,0.0,,PENDING,,,,2026-07-03 12:56:55
Assam,Barpeta,20260703,06,2026-07-03 06:00:00,2026-07-03 06:00:00,2026-07-04 06:00:00,20260704,4.229690057692462,4.302083276212215,0.983172520411206,4.229690057692462,0.0,,PENDING,,,,2026-07-03 12:56:55
Assam,Bongaigaon,20260703,06,2026-07-03 06:00:00,2026-07-03 06:00:00,2026-07-04 06:00:00,20260704,5.193898582632003,2.96875,1.7495237330970956,5.193898582632003,0.0,,PENDING,,,,2026-07-03 12:56:55
Assam,Cachar,20260703,06,2026-07-03 06:00:00,2026-07-03 06:00:00,2026-07-04 06:00:00,20260704,6.444271537175053,8.406249936670065,0.76660479830175,6.444271537175053,0.0,,PENDING,,,,2026-07-03 12:56:55
Assam,Darrang,20260703,06,2026-07-03 06:00:00,2026-07-03 06:00:00,2026-07-04 06:00:00,20260704,4.472307815772213,3.737499922513962,1.196604122673532,4.472307815772213,0.0,,PENDING,,,,2026-07-03 12:56:55
Assam,Dhemaji,20260703,06,2026-07-03 06:00:00,2026-07-03 06:00:00,2026-07-04 06:00:00,20260704,2.34375,0.78125,3.0,2.34375,0.0,,PENDING,,,,2026-07-03 12:56:55
Assam,Dhuburi,20260703,06,2026-07-03 06:00:00,2026-07-03 06:00:00,2026-07-04 06:00:00,20260704,6.0698758556061,4.234375,1.433476216822105,6.0698758556061,0.0,,PENDING,,,,2026-07-03 12:56:55
Assam,Dibrugarh,20260703,06,2026-07-03 06:00:00,2026-07-03 06:00:00,2026-07-04 06:00:00,20260704,5.371645166684095,2.578125,2.0835472161683763,5.371645166684095,0.0,,PENDING,,,,2026-07-03 12:56:55
Assam,Goalpara,20260703,06,2026-07-03 06:00:00,2026-07-03 06:00:00,2026-07-04 06:00:00,20260704,5.112245992064204,5.874999910593033,0.8701695438065402,5.112245992064204,0.0,,PENDING,,,,2026-07-03 12:56:55
Assam,Golaghat,20260703,06,2026-07-03 06:00:00,2026-07-03 06:00:00,2026-07-04 06:00:00,20260704,5.587372981999835,8.237499904818833,0.6782850435884427,5.587372981999835,0.0,,PENDING,,,,2026-07-03 12:56:55
Assam,Hailakandi,20260703,06,2026-07-03 06:00:00,2026-07-03 06:00:00,2026-07-04 06:00:00,20260704,6.969037029157354,14.9375,0.46654641199379776,6.969037029157354,0.0,,PENDING,,,,2026-07-03 12:56:55
Assam,Jorhat,20260703,06,2026-07-03 06:00:00,2026-07-03 06:00:00,2026-07-04 06:00:00,20260704,3.8493082996644925,11.687499832361937,0.32935258651349925,3.8493082996644925,0.0,,PENDING,,,,2026-07-03 12:56:55
Assam,Kamrup,20260703,06,2026-07-03 06:00:00,2026-07-03 06:00:00,2026-07-04 06:00:00,20260704,4.595322947904944,6.541666757315397,0.702469740263993,4.595322947904944,0.0,,PENDING,,,,2026-07-03 12:56:55
Assam,Karbi Anglong,20260703,06,2026-07-03 06:00:00,2026-07-03 06:00:00,2026-07-04 06:00:00,20260704,3.5215658943346013,9.326388992369175,0.37759157346063266,3.5215658943346013,0.0,,PENDING,,,,2026-07-03 12:56:55
Assam,Karimganj,20260703,06,2026-07-03 06:00:00,2026-07-03 06:00:00,2026-07-04 06:00:00,20260704,6.978978345492115,14.854166638106108,0.46983304520016667,6.978978345492115,0.0,,PENDING,,,,2026-07-03 12:56:55
Assam,Kokrajhar,20260703,06,2026-07-03 06:00:00,2026-07-03 06:00:00,2026-07-04 06:00:00,20260704,6.306809190808706,3.6875,1.7103211364904967,6.306809190808706,0.0,,PENDING,,,,2026-07-03 12:56:55
Assam,Lakhimpur,20260703,06,2026-07-03 06:00:00,2026-07-03 06:00:00,2026-07-04 06:00:00,20260704,7.606728222571552,3.833333294838667,1.9843639040762553,7.606728222571552,0.0,,PENDING,,,,2026-07-03 12:56:55
Assam,Marigaon,20260703,06,2026-07-03 06:00:00,2026-07-03 06:00:00,2026-07-04 06:00:00,20260704,3.2005068986893517,5.15625,0.6207043682306621,3.2005068986893517,0.0,,PENDING,,,,2026-07-03 12:56:55
Assam,Nagaon,20260703,06,2026-07-03 06:00:00,2026-07-03 06:00:00,2026-07-04 06:00:00,20260704,4.233937135175482,8.614583502523601,0.4914848331245696,4.233937135175482,0.0,,PENDING,,,,2026-07-03 12:56:55
Assam,Nalbari,20260703,06,2026-07-03 06:00:00,2026-07-03 06:00:00,2026-07-04 06:00:00,20260704,3.8994412764090387,5.541666593402624,0.7036585854968862,3.8994412764090387,0.0,,PENDING,,,,2026-07-03 12:56:55
Assam,North Cachar Hills,20260703,06,2026-07-03 06:00:00,2026-07-03 06:00:00,2026-07-04 06:00:00,20260704,4.569639355789892,4.169642969965935,1.09593060813723,4.569639355789892,0.0,,PENDING,,,,2026-07-03 12:56:55
Assam,Sibsagar,20260703,06,2026-07-03 06:00:00,2026-07-03 06:00:00,2026-07-04 06:00:00,20260704,5.58661788282193,5.958333315327764,0.9376141929573495,5.58661788282193,0.0,,PENDING,,,,2026-07-03 12:56:55
Assam,Sonitpur,20260703,06,2026-07-03 06:00:00,2026-07-03 06:00:00,2026-07-04 06:00:00,20260704,5.10844658204954,3.7000000989064574,1.380661201484657,5.10844658204954,0.0,,PENDING,,,,2026-07-03 12:56:55
Assam,Tinsukia,20260703,06,2026-07-03 06:00:00,2026-07-03 06:00:00,2026-07-04 06:00:00,20260704,5.118477881134373,2.150000024586916,2.3806873593491225,5.118477881134373,0.0,,PENDING,,,,2026-07-03 12:56:55
Bihar,Araria,20260703,06,2026-07-03 06:00:00,2026-07-03 06:00:00,2026-07-04 06:00:00,20260704,3.4563262750381885,1.796875,1.9235207095864701,3.4563262750381885,0.0,,PENDING,,,,2026-07-03 12:56:55
Bihar,Aurangabad,20260703,06,2026-07-03 06:00:00,2026-07-03 06:00:00,2026-07-04 06:00:00,20260704,0.02083333395421505,0.02083333395421505,1.0,0.02083333395421505,0.0,,PENDING,,,,2026-07-03 12:56:55
Bihar,Banka,20260703,06,2026-07-03 06:00:00,2026-07-03 06:00:00,2026-07-04 06:00:00,20260704,0.046875,0.046875,1.0,0.046875,0.0,,PENDING,,,,2026-07-03 12:56:55
Bihar,Begusarai,20260703,06,2026-07-03 06:00:00,2026-07-03 06:00:00,2026-07-04 06:00:00,20260704,0.0,0.0,1.0,0.0,0.0,,PENDING,,,,2026-07-03 12:56:55
Bihar,Bhabua,20260703,06,2026-07-03 06:00:00,2026-07-03 06:00:00,2026-07-04 06:00:00,20260704,0.010416666977107525,0.010416666977107525,1.0,0.010416666977107525,0.0,,PENDING,,,,2026-07-03 12:56:55
Bihar,Bhagalpur,20260703,06,2026-07-03 06:00:00,2026-07-03 06:00:00,2026-07-04 06:00:00,20260704,0.0,0.0,1.0,0.0,0.0,,PENDING,,,,2026-07-03 12:56:55
Bihar,Bhojpur,20260703,06,2026-07-03 06:00:00,2026-07-03 06:00:00,2026-07-04 06:00:00,20260704,0.03125,0.03125,1.0,0.03125,0.0,,PENDING,,,,2026-07-03 12:56:55
Bihar,Buxar,20260703,06,2026-07-03 06:00:00,2026-07-03 06:00:00,2026-07-04 06:00:00,20260704,0.0,0.0,1.0,0.0,0.0,,PENDING,,,,2026-07-03 12:56:55
Bihar,Darbhanga,20260703,06,2026-07-03 06:00:00,2026-07-03 06:00:00,2026-07-04 06:00:00,20260704,0.03125,0.03125,1.0,0.03125,0.0,,PENDING,,,,2026-07-03 12:56:55
Bihar,Gaya,20260703,06,2026-07-03 06:00:00,2026-07-03 06:00:00,2026-07-04 06:00:00,20260704,0.4124999865889549,0.13749999552965164,3.0,0.4124999865889549,0.0,,PENDING,,,,2026-07-03 12:56:55
Bihar,Gopalganj,20260703,06,2026-07-03 06:00:00,2026-07-03 06:00:00,2026-07-04 06:00:00,20260704,0.015625,0.015625,1.0,0.015625,0.0,,PENDING,,,,2026-07-03 12:56:55
Bihar,Jamui,20260703,06,2026-07-03 06:00:00,2026-07-03 06:00:00,2026-07-04 06:00:00,20260704,0.02083333395421505,0.02083333395421505,1.0,0.02083333395421505,0.0,,PENDING,,,,2026-07-03 12:56:55
Bihar,Jehanabad,20260703,06,2026-07-03 06:00:00,2026-07-03 06:00:00,2026-07-04 06:00:00,20260704,0.65625,0.21875,3.0,0.65625,0.0,,PENDING,,,,2026-07-03 12:56:55
Bihar,Katihar,20260703,06,2026-07-03 06:00:00,2026-07-03 06:00:00,2026-07-04 06:00:00,20260704,0.33749999664723873,0.11249999888241291,3.0,0.33749999664723873,0.0,,PENDING,,,,2026-07-03 12:56:55
Bihar,Khagaria,20260703,06,2026-07-03 06:00:00,2026-07-03 06:00:00,2026-07-04 06:00:00,20260704,0.0,0.0,1.0,0.0,0.0,,PENDING,,,,2026-07-03 12:56:55
Bihar,Kishanganj,20260703,06,2026-07-03 06:00:00,2026-07-03 06:00:00,2026-07-04 06:00:00,20260704,6.333738160051713,4.71875,1.3422491465010251,6.333738160051713,0.0,,PENDING,,,,2026-07-03 12:56:55
Bihar,Lakhisarai,20260703,06,2026-07-03 06:00:00,2026-07-03 06:00:00,2026-07-04 06:00:00,20260704,0.0,0.0,1.0,0.0,0.0,,PENDING,,,,2026-07-03 12:56:55
Bihar,Madhepura,20260703,06,2026-07-03 06:00:00,2026-07-03 06:00:00,2026-07-04 06:00:00,20260704,0.09375,0.09375,1.0,0.09375,0.0,,PENDING,,,,2026-07-03 12:56:55
Bihar,Madhubani,20260703,06,2026-07-03 06:00:00,2026-07-03 06:00:00,2026-07-04 06:00:00,20260704,0.0,0.0,1.0,0.0,0.0,,PENDING,,,,2026-07-03 12:56:55
Bihar,Munger,20260703,06,2026-07-03 06:00:00,2026-07-03 06:00:00,2026-07-04 06:00:00,20260704,0.375,0.125,3.0,0.375,0.0,,PENDING,,,,2026-07-03 12:56:55
Bihar,Muzaffarpur,20260703,06,2026-07-03 06:00:00,2026-07-03 06:00:00,2026-07-04 06:00:00,20260704,0.078125,0.078125,1.0,0.078125,0.0,,PENDING,,,,2026-07-03 12:56:55
Bihar,Nalanda,20260703,06,2026-07-03 06:00:00,2026-07-03 06:00:00,2026-07-04 06:00:00,20260704,0.0,0.0,1.0,0.0,0.0,,PENDING,,,,2026-07-03 12:56:55
Bihar,Nawada,20260703,06,2026-07-03 06:00:00,2026-07-03 06:00:00,2026-07-04 06:00:00,20260704,0.03125,0.03125,1.0,0.03125,0.0,,PENDING,,,,2026-07-03 12:56:55
Bihar,Pashchim Champaran,20260703,06,2026-07-03 06:00:00,2026-07-03 06:00:00,2026-07-04 06:00:00,20260704,3.2414981748092253,1.1953125,2.711841610297914,3.2414981748092253,0.0,,PENDING,,,,2026-07-03 12:56:55
Bihar,Patna,20260703,06,2026-07-03 06:00:00,2026-07-03 06:00:00,2026-07-04 06:00:00,20260704,0.0,0.0,1.0,0.0,0.0,,PENDING,,,,2026-07-03 12:56:55
Bihar,Purba Champaran,20260703,06,2026-07-03 06:00:00,2026-07-03 06:00:00,2026-07-04 06:00:00,20260704,1.0875000357627869,0.36250001192092896,3.0,1.0875000357627869,0.0,,PENDING,,,,2026-07-03 12:56:55
Bihar,Purnia,20260703,06,2026-07-03 06:00:00,2026-07-03 06:00:00,2026-07-04 06:00:00,20260704,2.2499999552965164,0.7499999850988388,3.0,2.2499999552965164,0.0,,PENDING,,,,2026-07-03 12:56:55
Bihar,Rohtas,20260703,06,2026-07-03 06:00:00,2026-07-03 06:00:00,2026-07-04 06:00:00,20260704,0.037500000558793545,0.037500000558793545,1.0,0.037500000558793545,0.0,,PENDING,,,,2026-07-03 12:56:55
Bihar,Saharsa,20260703,06,2026-07-03 06:00:00,2026-07-03 06:00:00,2026-07-04 06:00:00,20260704,0.0,0.0,1.0,0.0,0.0,,PENDING,,,,2026-07-03 12:56:55
Bihar,Samastipur,20260703,06,2026-07-03 06:00:00,2026-07-03 06:00:00,2026-07-04 06:00:00,20260704,0.015625,0.015625,1.0,0.015625,0.0,,PENDING,,,,2026-07-03 12:56:55
Bihar,Saran,20260703,06,2026-07-03 06:00:00,2026-07-03 06:00:00,2026-07-04 06:00:00,20260704,0.0,0.0,1.0,0.0,0.0,,PENDING,,,,2026-07-03 12:56:55
Bihar,Sheikhpura,20260703,06,2026-07-03 06:00:00,2026-07-03 06:00:00,2026-07-04 06:00:00,20260704,0.0,0.0,1.0,0.0,0.0,,PENDING,,,,2026-07-03 12:56:55
Bihar,Sheohar,20260703,06,2026-07-03 06:00:00,2026-07-03 06:00:00,2026-07-04 06:00:00,20260704,2.3062907262615964,1.1875,1.9421395589571337,2.3062907262615964,0.0,,PENDING,,,,2026-07-03 12:56:55
Bihar,Sitamarhi,20260703,06,2026-07-03 06:00:00,2026-07-03 06:00:00,2026-07-04 06:00:00,20260704,1.3750000298023224,0.4583333432674408,3.0,1.3750000298023224,0.0,,PENDING,,,,2026-07-03 12:56:55
Bihar,Siwan,20260703,06,2026-07-03 06:00:00,2026-07-03 06:00:00,2026-07-04 06:00:00,20260704,0.0,0.0,1.0,0.0,0.0,,PENDING,,,,2026-07-03 12:56:55
Bihar,Supaul,20260703,06,2026-07-03 06:00:00,2026-07-03 06:00:00,2026-07-04 06:00:00,20260704,1.0000000298023224,0.3333333432674408,3.0,1.0000000298023224,0.0,,PENDING,,,,2026-07-03 12:56:55
Bihar,Vaishali,20260703,06,2026-07-03 06:00:00,2026-07-03 06:00:00,2026-07-04 06:00:00,20260704,0.0,0.0,1.0,0.0,0.0,,PENDING,,,,2026-07-03 12:56:55
Chandigarh,Chandigarh,20260703,06,2026-07-03 06:00:00,2026-07-03 06:00:00,2026-07-04 06:00:00,20260704,3.3424762437196627,1.75,1.9099864249826644,3.3424762437196627,0.0,,PENDING,,,,2026-07-03 12:56:55
Chhattisgarh,Bastar,20260703,06,2026-07-03 06:00:00,2026-07-03 06:00:00,2026-07-04 06:00:00,20260704,4.3570775285186905,10.465908974409103,0.4163114297260251,4.3570775285186905,0.0,,PENDING,,,,2026-07-03 12:56:55
Chhattisgarh,Bilaspur,20260703,06,2026-07-03 06:00:00,2026-07-03 06:00:00,2026-07-04 06:00:00,20260704,3.6573216583937,12.166666513308883,0.3006017839309581,3.6573216583937,0.0,,PENDING,,,,2026-07-03 12:56:55
Chhattisgarh,Dantewada,20260703,06,2026-07-03 06:00:00,2026-07-03 06:00:00,2026-07-04 06:00:00,20260704,5.168888140748909,12.815217539668083,0.40333986721249093,5.168888140748909,0.0,,PENDING,,,,2026-07-03 12:56:55
Chhattisgarh,Dhamtari,20260703,06,2026-07-03 06:00:00,2026-07-03 06:00:00,2026-07-04 06:00:00,20260704,4.287500023841858,14.291666746139526,0.3,4.287500023841858,0.0,,PENDING,,,,2026-07-03 12:56:55
Chhattisgarh,Durg,20260703,06,2026-07-03 06:00:00,2026-07-03 06:00:00,2026-07-04 06:00:00,20260704,4.974999904632568,16.583333015441895,0.3,4.974999904632568,0.0,,PENDING,,,,2026-07-03 12:56:55
Chhattisgarh,Janjgir-Champa,20260703,06,2026-07-03 06:00:00,2026-07-03 06:00:00,2026-07-04 06:00:00,20260704,5.909374999254942,19.69791666418314,0.3,5.909374999254942,0.0,,PENDING,,,,2026-07-03 12:56:55
Chhattisgarh,Jashpur,20260703,06,2026-07-03 06:00:00,2026-07-03 06:00:00,2026-07-04 06:00:00,20260704,3.7283819402652245,7.3125001192092896,0.5098641886474772,3.7283819402652245,0.0,,PENDING,,,,2026-07-03 12:56:55
Chhattisgarh,Kanker,20260703,06,2026-07-03 06:00:00,2026-07-03 06:00:00,2026-07-04 06:00:00,20260704,13.245833744108676,44.15277914702892,0.3,13.245833744108676,0.0,,PENDING,,,,2026-07-03 12:56:55
Chhattisgarh,Kawardha,20260703,06,2026-07-03 06:00:00,2026-07-03 06:00:00,2026-07-04 06:00:00,20260704,4.04062497317791,13.468749910593033,0.3,4.04062497317791,0.0,,PENDING,,,,2026-07-03 12:56:55
Chhattisgarh,Korba,20260703,06,2026-07-03 06:00:00,2026-07-03 06:00:00,2026-07-04 06:00:00,20260704,3.885416654124856,12.951388847082853,0.3,3.885416654124856,0.0,,PENDING,,,,2026-07-03 12:56:55
Chhattisgarh,Koriya,20260703,06,2026-07-03 06:00:00,2026-07-03 06:00:00,2026-07-04 06:00:00,20260704,3.694853365239438,1.6704545579850674,2.2118849911704497,3.694853365239438,0.0,,PENDING,,,,2026-07-03 12:56:55
Chhattisgarh,Mahasamund,20260703,06,2026-07-03 06:00:00,2026-07-03 06:00:00,2026-07-04 06:00:00,20260704,3.578157983134171,6.696428626775742,0.5343382543983024,3.578157983134171,0.0,,PENDING,,,,2026-07-03 12:56:55
Chhattisgarh,Raigarh,20260703,06,2026-07-03 06:00:00,2026-07-03 06:00:00,2026-07-04 06:00:00,20260704,4.426704530417919,14.75568176805973,0.3,4.426704530417919,0.0,,PENDING,,,,2026-07-03 12:56:55
Chhattisgarh,Raipur,20260703,06,2026-07-03 06:00:00,2026-07-03 06:00:00,2026-07-04 06:00:00,20260704,3.540697332435887,9.37109375,0.37783181204818134,3.540697332435887,0.0,,PENDING,,,,2026-07-03 12:56:55
Chhattisgarh,Raj Nandgaon,20260703,06,2026-07-03 06:00:00,2026-07-03 06:00:00,2026-07-04 06:00:00,20260704,3.497727361321449,11.659091204404831,0.3,3.497727361321449,0.0,,PENDING,,,,2026-07-03 12:56:55
Chhattisgarh,Surguja,20260703,06,2026-07-03 06:00:00,2026-07-03 06:00:00,2026-07-04 06:00:00,20260704,4.257611592557094,1.8229166599921882,2.3356040821829667,4.257611592557094,0.0,,PENDING,,,,2026-07-03 12:56:55
Dadra and Nagar Haveli,Dadra and Nagar Haveli,20260703,06,2026-07-03 06:00:00,2026-07-03 06:00:00,2026-07-04 06:00:00,20260704,23.41875,78.0625,0.3,23.41875,0.0,,PENDING,,,,2026-07-03 12:56:55
Daman and Diu,Daman,20260703,06,2026-07-03 06:00:00,2026-07-03 06:00:00,2026-07-04 06:00:00,20260704,0.0,0.0,1.0,0.0,0.0,,PENDING,,,,2026-07-03 12:56:55
Daman and Diu,Junagadh,20260703,06,2026-07-03 06:00:00,2026-07-03 06:00:00,2026-07-04 06:00:00,20260704,3.6368206819851103,8.5625,0.42473818183767714,3.6368206819851103,0.0,,PENDING,,,,2026-07-03 12:56:55
Delhi,Delhi,20260703,06,2026-07-03 06:00:00,2026-07-03 06:00:00,2026-07-04 06:00:00,20260704,0.8749999981373549,0.29166666604578495,3.0,0.8749999981373549,0.0,,PENDING,,,,2026-07-03 12:56:55
Goa,North Goa,20260703,06,2026-07-03 06:00:00,2026-07-03 06:00:00,2026-07-04 06:00:00,20260704,13.505431099511581,40.96875,0.3296520176844932,13.505431099511581,0.0,,PENDING,,,,2026-07-03 12:56:55
Goa,South Goa,20260703,06,2026-07-03 06:00:00,2026-07-03 06:00:00,2026-07-04 06:00:00,20260704,14.29902814466115,33.89583349227905,0.4218520883375902,14.29902814466115,0.0,,PENDING,,,,2026-07-03 12:56:55
Gujarat,Ahmadabad,20260703,06,2026-07-03 06:00:00,2026-07-03 06:00:00,2026-07-04 06:00:00,20260704,2.529961809636387,3.993750012945384,0.6334802632702953,2.529961809636387,0.0,,PENDING,,,,2026-07-03 12:56:55
Gujarat,Amreli,20260703,06,2026-07-03 06:00:00,2026-07-03 06:00:00,2026-07-04 06:00:00,20260704,2.5750922947453976,3.5511363483965397,0.7251459933122929,2.5750922947453976,0.0,,PENDING,,,,2026-07-03 12:56:55
Gujarat,Anand,20260703,06,2026-07-03 06:00:00,2026-07-03 06:00:00,2026-07-04 06:00:00,20260704,3.097500076889992,10.325000256299973,0.3,3.097500076889992,0.0,,PENDING,,,,2026-07-03 12:56:55
Gujarat,Banas Kantha,20260703,06,2026-07-03 06:00:00,2026-07-03 06:00:00,2026-07-04 06:00:00,20260704,2.7459797826531815,6.459821445867419,0.42508601912052596,2.7459797826531815,0.0,,PENDING,,,,2026-07-03 12:56:55
Gujarat,Bharuch,20260703,06,2026-07-03 06:00:00,2026-07-03 06:00:00,2026-07-04 06:00:00,20260704,7.103571494668722,23.67857164889574,0.3,7.103571494668722,0.0,,PENDING,,,,2026-07-03 12:56:55
Gujarat,Bhavnagar,20260703,06,2026-07-03 06:00:00,2026-07-03 06:00:00,2026-07-04 06:00:00,20260704,4.135227331146598,13.784091103821993,0.3,4.135227331146598,0.0,,PENDING,,,,2026-07-03 12:56:55
Gujarat,Dahod,20260703,06,2026-07-03 06:00:00,2026-07-03 06:00:00,2026-07-04 06:00:00,20260704,2.906769464824978,6.249999898485839,0.46508312192600015,2.906769464824978,0.0,,PENDING,,,,2026-07-03 12:56:55
Gujarat,Gandhinagar,20260703,06,2026-07-03 06:00:00,2026-07-03 06:00:00,2026-07-04 06:00:00,20260704,2.8763703563441965,2.71875,1.057975303482923,2.8763703563441965,0.0,,PENDING,,,,2026-07-03 12:56:55
Gujarat,Jamnagar,20260703,06,2026-07-03 06:00:00,2026-07-03 06:00:00,2026-07-04 06:00:00,20260704,2.4818618488651127,3.39453125,0.7311353662939802,2.4818618488651127,0.0,,PENDING,,,,2026-07-03 12:56:55
Gujarat,Junagadh,20260703,06,2026-07-03 06:00:00,2026-07-03 06:00:00,2026-07-04 06:00:00,20260704,3.6205693714645406,4.477272756397724,0.8086550827824792,3.6205693714645406,0.0,,PENDING,,,,2026-07-03 12:56:55
Gujarat,Kachchh,20260703,06,2026-07-03 06:00:00,2026-07-03 06:00:00,2026-07-04 06:00:00,20260704,0.3500000046333298,0.11666666821110994,3.0,0.3500000046333298,0.0,,PENDING,,,,2026-07-03 12:56:55
Gujarat,Kheda,20260703,06,2026-07-03 06:00:00,2026-07-03 06:00:00,2026-07-04 06:00:00,20260704,3.1631804826461023,6.020833268761635,0.525372542544548,3.1631804826461023,0.0,,PENDING,,,,2026-07-03 12:56:55
Gujarat,Mahesana,20260703,06,2026-07-03 06:00:00,2026-07-03 06:00:00,2026-07-04 06:00:00,20260704,2.6270610681514452,3.6160714738070965,0.7264958912401157,2.6270610681514452,0.0,,PENDING,,,,2026-07-03 12:56:55
Gujarat,Narmada,20260703,06,2026-07-03 06:00:00,2026-07-03 06:00:00,2026-07-04 06:00:00,20260704,5.4328125,18.109375,0.3,5.4328125,0.0,,PENDING,,,,2026-07-03 12:56:55
Gujarat,Navsari,20260703,06,2026-07-03 06:00:00,2026-07-03 06:00:00,2026-07-04 06:00:00,20260704,27.009375,90.03125,0.3,27.009375,0.0,,PENDING,,,,2026-07-03 12:56:55
Gujarat,Panch Mahals,20260703,06,2026-07-03 06:00:00,2026-07-03 06:00:00,2026-07-04 06:00:00,20260704,3.3990253138909607,5.712499947287142,0.5950153777253254,3.3990253138909607,0.0,,PENDING,,,,2026-07-03 12:56:55
Gujarat,Patan,20260703,06,2026-07-03 06:00:00,2026-07-03 06:00:00,2026-07-04 06:00:00,20260704,2.0096662662843956,2.541666670702398,0.7906883658072353,2.0096662662843956,0.0,,PENDING,,,,2026-07-03 12:56:55
Gujarat,Porbandar,20260703,06,2026-07-03 06:00:00,2026-07-03 06:00:00,2026-07-04 06:00:00,20260704,3.1946614089757883,3.208333333954215,0.9957386207867696,3.1946614089757883,0.0,,PENDING,,,,2026-07-03 12:56:55
Gujarat,Rajkot,20260703,06,2026-07-03 06:00:00,2026-07-03 06:00:00,2026-07-04 06:00:00,20260704,2.388839702446983,4.4833332425914705,0.5328267102148709,2.388839702446983,0.0,,PENDING,,,,2026-07-03 12:56:55
Gujarat,Sabar Kantha,20260703,06,2026-07-03 06:00:00,2026-07-03 06:00:00,2026-07-04 06:00:00,20260704,3.5320490326284455,2.4027777486480772,1.4699857423832698,3.5320490326284455,0.0,,PENDING,,,,2026-07-03 12:56:55
Gujarat,Surat,20260703,06,2026-07-03 06:00:00,2026-07-03 06:00:00,2026-07-04 06:00:00,20260704,10.233750146627425,34.11250048875809,0.3,10.233750146627425,0.0,,PENDING,,,,2026-07-03 12:56:55
Gujarat,Surendranagar,20260703,06,2026-07-03 06:00:00,2026-07-03 06:00:00,2026-07-04 06:00:00,20260704,1.9329296547555488,3.120833331719041,0.6193633075851692,1.9329296547555488,0.0,,PENDING,,,,2026-07-03 12:56:55
Gujarat,The Dangs,20260703,06,2026-07-03 06:00:00,2026-07-03 06:00:00,2026-07-04 06:00:00,20260704,17.16874977350235,57.2291659116745,0.3,17.16874977350235,0.0,,PENDING,,,,2026-07-03 12:56:55
Gujarat,Vadodara,20260703,06,2026-07-03 06:00:00,2026-07-03 06:00:00,2026-07-04 06:00:00,20260704,4.489062488079071,14.963541626930237,0.3,4.489062488079071,0.0,,PENDING,,,,2026-07-03 12:56:55
Gujarat,Valsad,20260703,06,2026-07-03 06:00:00,2026-07-03 06:00:00,2026-07-04 06:00:00,20260704,23.278125,77.59375,0.3,23.278125,0.0,,PENDING,,,,2026-07-03 12:56:55
Haryana,Ambala,20260703,06,2026-07-03 06:00:00,2026-07-03 06:00:00,2026-07-04 06:00:00,20260704,2.704910964944047,1.9374999701976776,1.3960831001551306,2.704910964944047,0.0,,PENDING,,,,2026-07-03 12:56:55
Haryana,Bhiwani,20260703,06,2026-07-03 06:00:00,2026-07-03 06:00:00,2026-07-04 06:00:00,20260704,0.06250000186264515,0.06250000186264515,1.0,0.06250000186264515,0.0,,PENDING,,,,2026-07-03 12:56:55
Haryana,Faridabad,20260703,06,2026-07-03 06:00:00,2026-07-03 06:00:00,2026-07-04 06:00:00,20260704,0.609375,0.203125,3.0,0.609375,0.0,,PENDING,,,,2026-07-03 12:56:55
Haryana,Fatehabad,20260703,06,2026-07-03 06:00:00,2026-07-03 06:00:00,2026-07-04 06:00:00,20260704,0.0625,0.0625,1.0,0.0625,0.0,,PENDING,,,,2026-07-03 12:56:55
Haryana,Gurgaon,20260703,06,2026-07-03 06:00:00,2026-07-03 06:00:00,2026-07-04 06:00:00,20260704,0.515625,0.171875,3.0,0.515625,0.0,,PENDING,,,,2026-07-03 12:56:55
Haryana,Hisar,20260703,06,2026-07-03 06:00:00,2026-07-03 06:00:00,2026-07-04 06:00:00,20260704,0.03750000149011612,0.03750000149011612,1.0,0.03750000149011612,0.0,,PENDING,,,,2026-07-03 12:56:55
Haryana,Jhajjar,20260703,06,2026-07-03 06:00:00,2026-07-03 06:00:00,2026-07-04 06:00:00,20260704,1.2500000149011612,0.4166666716337204,3.0,1.2500000149011612,0.0,,PENDING,,,,2026-07-03 12:56:55
Haryana,Jind,20260703,06,2026-07-03 06:00:00,2026-07-03 06:00:00,2026-07-04 06:00:00,20260704,0.09375,0.09375,1.0,0.09375,0.0,,PENDING,,,,2026-07-03 12:56:55
Haryana,Kaithal,20260703,06,2026-07-03 06:00:00,2026-07-03 06:00:00,2026-07-04 06:00:00,20260704,0.6875000037252903,0.2291666679084301,3.0,0.6875000037252903,0.0,,PENDING,,,,2026-07-03 12:56:55
Haryana,Karnal,20260703,06,2026-07-03 06:00:00,2026-07-03 06:00:00,2026-07-04 06:00:00,20260704,1.1999999843537807,0.3999999947845936,3.0,1.1999999843537807,0.0,,PENDING,,,,2026-07-03 12:56:55
Haryana,Kurukshetra,20260703,06,2026-07-03 06:00:00,2026-07-03 06:00:00,2026-07-04 06:00:00,20260704,2.203125,0.734375,3.0,2.203125,0.0,,PENDING,,,,2026-07-03 12:56:55
Haryana,Mahendragarh,20260703,06,2026-07-03 06:00:00,2026-07-03 06:00:00,2026-07-04 06:00:00,20260704,0.0,0.0,1.0,0.0,0.0,,PENDING,,,,2026-07-03 12:56:55
Haryana,Panchkula,20260703,06,2026-07-03 06:00:00,2026-07-03 06:00:00,2026-07-04 06:00:00,20260704,6.045965971930386,5.5625,1.0869152309088335,6.045965971930386,0.0,,PENDING,,,,2026-07-03 12:56:55
Haryana,Panipat,20260703,06,2026-07-03 06:00:00,2026-07-03 06:00:00,2026-07-04 06:00:00,20260704,2.0180696275952745,0.6875,2.9353740037749447,2.0180696275952745,0.0,,PENDING,,,,2026-07-03 12:56:55
Haryana,Rewari,20260703,06,2026-07-03 06:00:00,2026-07-03 06:00:00,2026-07-04 06:00:00,20260704,0.65625,0.21875,3.0,0.65625,0.0,,PENDING,,,,2026-07-03 12:56:55
Haryana,Rohtak,20260703,06,2026-07-03 06:00:00,2026-07-03 06:00:00,2026-07-04 06:00:00,20260704,0.5000000037252903,0.1666666679084301,3.0,0.5000000037252903,0.0,,PENDING,,,,2026-07-03 12:56:55
Haryana,Sirsa,20260703,06,2026-07-03 06:00:00,2026-07-03 06:00:00,2026-07-04 06:00:00,20260704,0.0,0.0,1.0,0.0,0.0,,PENDING,,,,2026-07-03 12:56:55
Haryana,Sonepat,20260703,06,2026-07-03 06:00:00,2026-07-03 06:00:00,2026-07-04 06:00:00,20260704,1.9471330397341349,0.9999999925494194,1.9471330542414067,1.9471330397341349,0.0,,PENDING,,,,2026-07-03 12:56:55
Haryana,Yamuna Nagar,20260703,06,2026-07-03 06:00:00,2026-07-03 06:00:00,2026-07-04 06:00:00,20260704,3.4161643473456977,1.46875,2.325899130107709,3.4161643473456977,0.0,,PENDING,,,,2026-07-03 12:56:55
Himachal Pradesh,Bilaspur,20260703,06,2026-07-03 06:00:00,2026-07-03 06:00:00,2026-07-04 06:00:00,20260704,2.53125,0.84375,3.0,2.53125,0.0,,PENDING,,,,2026-07-03 12:56:55
Himachal Pradesh,Chamba,20260703,06,2026-07-03 06:00:00,2026-07-03 06:00:00,2026-07-04 06:00:00,20260704,4.028085545694472,3.943181771785021,1.021531793060358,4.028085545694472,0.0,,PENDING,,,,2026-07-03 12:56:55
Himachal Pradesh,Hamirpur,20260703,06,2026-07-03 06:00:00,2026-07-03 06:00:00,2026-07-04 06:00:00,20260704,2.25,0.75,3.0,2.25,0.0,,PENDING,,,,2026-07-03 12:56:55
Himachal Pradesh,Kangra,20260703,06,2026-07-03 06:00:00,2026-07-03 06:00:00,2026-07-04 06:00:00,20260704,6.058689285748422,3.234375,1.8732179434198017,6.058689285748422,0.0,,PENDING,,,,2026-07-03 12:56:55
Himachal Pradesh,Kinnaur,20260703,06,2026-07-03 06:00:00,2026-07-03 06:00:00,2026-07-04 06:00:00,20260704,1.4515587624955741,3.375000052154064,0.43009147853764607,1.4515587624955741,0.0,,PENDING,,,,2026-07-03 12:56:55
Himachal Pradesh,Kullu,20260703,06,2026-07-03 06:00:00,2026-07-03 06:00:00,2026-07-04 06:00:00,20260704,4.135258982519376,4.28125,0.9658999083256937,4.135258982519376,0.0,,PENDING,,,,2026-07-03 12:56:55
Himachal Pradesh,Lahul and Spiti,20260703,06,2026-07-03 06:00:00,2026-07-03 06:00:00,2026-07-04 06:00:00,20260704,1.9885549933670863,1.5868055522441864,1.2531812675817235,1.9885549933670863,0.0,,PENDING,,,,2026-07-03 12:56:55
Himachal Pradesh,Mandi,20260703,06,2026-07-03 06:00:00,2026-07-03 06:00:00,2026-07-04 06:00:00,20260704,3.3750000279396772,1.1250000093132257,3.0,3.3750000279396772,0.0,,PENDING,,,,2026-07-03 12:56:55
Himachal Pradesh,Shimla,20260703,06,2026-07-03 06:00:00,2026-07-03 06:00:00,2026-07-04 06:00:00,20260704,4.0182339860378695,10.416666590608656,0.3857504654762191,4.0182339860378695,0.0,,PENDING,,,,2026-07-03 12:56:55
Himachal Pradesh,Sirmaur,20260703,06,2026-07-03 06:00:00,2026-07-03 06:00:00,2026-07-04 06:00:00,20260704,5.561047621083585,10.887499880976975,0.5107736102757663,5.561047621083585,0.0,,PENDING,,,,2026-07-03 12:56:55
Himachal Pradesh,Solan,20260703,06,2026-07-03 06:00:00,2026-07-03 06:00:00,2026-07-04 06:00:00,20260704,4.776543091523321,5.46875,0.8734250224499787,4.776543091523321,0.0,,PENDING,,,,2026-07-03 12:56:55
Himachal Pradesh,Una,20260703,06,2026-07-03 06:00:00,2026-07-03 06:00:00,2026-07-04 06:00:00,20260704,4.760764894001696,1.71875,2.7698995746918955,4.760764894001696,0.0,,PENDING,,,,2026-07-03 12:56:55
Jammu and Kashmir,Anantnag (Kashmir South),20260703,06,2026-07-03 06:00:00,2026-07-03 06:00:00,2026-07-04 06:00:00,20260704,2.7242648947058123,4.937499897554517,0.5517498635402721,2.7242648947058123,0.0,,PENDING,,,,2026-07-03 12:56:55
Jammu and Kashmir,Bagdam,20260703,06,2026-07-03 06:00:00,2026-07-03 06:00:00,2026-07-04 06:00:00,20260704,1.6657434171669556,4.520833283662796,0.36845937743082713,1.6657434171669556,0.0,,PENDING,,,,2026-07-03 12:56:55
Jammu and Kashmir,Baramula (Kashmir North),20260703,06,2026-07-03 06:00:00,2026-07-03 06:00:00,2026-07-04 06:00:00,20260704,2.0614657766431743,1.4107143031433225,1.4612921780475763,2.0614657766431743,0.0,,PENDING,,,,2026-07-03 12:56:55
Jammu and Kashmir,Doda,20260703,06,2026-07-03 06:00:00,2026-07-03 06:00:00,2026-07-04 06:00:00,20260704,2.7725555083583093,3.595588181167841,0.7710992940959629,2.7725555083583093,0.0,,PENDING,,,,2026-07-03 12:56:55
Jammu and Kashmir,Jammu,20260703,06,2026-07-03 06:00:00,2026-07-03 06:00:00,2026-07-04 06:00:00,20260704,1.640625,0.546875,3.0,1.640625,0.0,,PENDING,,,,2026-07-03 12:56:55
Jammu and Kashmir,Kargil,20260703,06,2026-07-03 06:00:00,2026-07-03 06:00:00,2026-07-04 06:00:00,20260704,1.1005434582475573,0.3668478194158524,3.0,1.1005434582475573,0.0,,PENDING,,,,2026-07-03 12:56:55
Jammu and Kashmir,Kathua,20260703,06,2026-07-03 06:00:00,2026-07-03 06:00:00,2026-07-04 06:00:00,20260704,6.343467680349538,2.53125,2.5060613058171013,6.343467680349538,0.0,,PENDING,,,,2026-07-03 12:56:55
Jammu and Kashmir,Kupwara (Muzaffarabad),20260703,06,2026-07-03 06:00:00,2026-07-03 06:00:00,2026-07-04 06:00:00,20260704,1.012500012293458,0.33750000409781933,3.0,1.012500012293458,0.0,,PENDING,,,,2026-07-03 12:56:55
Jammu and Kashmir,Ladakh (Leh),20260703,06,2026-07-03 06:00:00,2026-07-03 06:00:00,2026-07-04 06:00:00,20260704,0.6180984136873184,0.3583333403803408,1.7249257717165218,0.6180984136873184,0.0,,PENDING,,,,2026-07-03 12:56:55
Jammu and Kashmir,Pulwama,20260703,06,2026-07-03 06:00:00,2026-07-03 06:00:00,2026-07-04 06:00:00,20260704,2.0657659869283846,2.625,0.7869584712108132,2.0657659869283846,0.0,,PENDING,,,,2026-07-03 12:56:55
Jammu and Kashmir,Punch,20260703,06,2026-07-03 06:00:00,2026-07-03 06:00:00,2026-07-04 06:00:00,20260704,2.235986455915725,2.7374999579042196,0.8167987179176273,2.235986455915725,0.0,,PENDING,,,,2026-07-03 12:56:55
Jammu and Kashmir,Rajauri,20260703,06,2026-07-03 06:00:00,2026-07-03 06:00:00,2026-07-04 06:00:00,20260704,5.424694081351637,2.718750014901161,1.9952897661129205,5.424694081351637,0.0,,PENDING,,,,2026-07-03 12:56:55
Jammu and Kashmir,Srinagar,20260703,06,2026-07-03 06:00:00,2026-07-03 06:00:00,2026-07-04 06:00:00,20260704,2.2801307443682464,2.90625,0.7845611163417622,2.2801307443682464,0.0,,PENDING,,,,2026-07-03 12:56:55
Jammu and Kashmir,Udhampur,20260703,06,2026-07-03 06:00:00,2026-07-03 06:00:00,2026-07-04 06:00:00,20260704,5.385398581858776,3.171875,1.6978596514234563,5.385398581858776,0.0,,PENDING,,,,2026-07-03 12:56:55
Jharkhand,Bokaro,20260703,06,2026-07-03 06:00:00,2026-07-03 06:00:00,2026-07-04 06:00:00,20260704,4.700562288208979,3.640625,1.2911415727269298,4.700562288208979,0.0,,PENDING,,,,2026-07-03 12:56:55
Jharkhand,Chatra,20260703,06,2026-07-03 06:00:00,2026-07-03 06:00:00,2026-07-04 06:00:00,20260704,3.6032163306900626,1.4375,2.506585273523522,3.6032163306900626,0.0,,PENDING,,,,2026-07-03 12:56:55
Jharkhand,Deoghar,20260703,06,2026-07-03 06:00:00,2026-07-03 06:00:00,2026-07-04 06:00:00,20260704,3.9410824971401115,1.328125,2.9674032919643194,3.9410824971401115,0.0,,PENDING,,,,2026-07-03 12:56:55
Jharkhand,Dhanbad,20260703,06,2026-07-03 06:00:00,2026-07-03 06:00:00,2026-07-04 06:00:00,20260704,4.259816988639227,6.953125,0.6126478365683383,4.259816988639227,0.0,,PENDING,,,,2026-07-03 12:56:55
Jharkhand,Dumka,20260703,06,2026-07-03 06:00:00,2026-07-03 06:00:00,2026-07-04 06:00:00,20260704,3.9080785481692994,2.4874999076128006,1.57108691188648,3.9080785481692994,0.0,,PENDING,,,,2026-07-03 12:56:55
Jharkhand,Garhwa,20260703,06,2026-07-03 06:00:00,2026-07-03 06:00:00,2026-07-04 06:00:00,20260704,0.010416666977107525,0.010416666977107525,1.0,0.010416666977107525,0.0,,PENDING,,,,2026-07-03 12:56:55
Jharkhand,Giridih,20260703,06,2026-07-03 06:00:00,2026-07-03 06:00:00,2026-07-04 06:00:00,20260704,3.512664829245577,2.7578125,1.2737141590465548,3.512664829245577,0.0,,PENDING,,,,2026-07-03 12:56:55
Jharkhand,Godda,20260703,06,2026-07-03 06:00:00,2026-07-03 06:00:00,2026-07-04 06:00:00,20260704,0.0,0.0,1.0,0.0,0.0,,PENDING,,,,2026-07-03 12:56:55
Jharkhand,Gumla,20260703,06,2026-07-03 06:00:00,2026-07-03 06:00:00,2026-07-04 06:00:00,20260704,4.433724703415208,5.468750017695129,0.8107382288583479,4.433724703415208,0.0,,PENDING,,,,2026-07-03 12:56:55
Jharkhand,Hazaribag,20260703,06,2026-07-03 06:00:00,2026-07-03 06:00:00,2026-07-04 06:00:00,20260704,3.877719152708576,2.96875,1.3061790830176256,3.877719152708576,0.0,,PENDING,,,,2026-07-03 12:56:55
Jharkhand,Jamtara,20260703,06,2026-07-03 06:00:00,2026-07-03 06:00:00,2026-07-04 06:00:00,20260704,4.91715531196088,3.28125,1.498561618883316,4.91715531196088,0.0,,PENDING,,,,2026-07-03 12:56:55
Jharkhand,Koderma,20260703,06,2026-07-03 06:00:00,2026-07-03 06:00:00,2026-07-04 06:00:00,20260704,0.8749999925494194,0.2916666641831398,3.0,0.8749999925494194,0.0,,PENDING,,,,2026-07-03 12:56:55
Jharkhand,Latehar,20260703,06,2026-07-03 06:00:00,2026-07-03 06:00:00,2026-07-04 06:00:00,20260704,4.138837377107851,3.1458334140479565,1.3156568808206948,4.138837377107851,0.0,,PENDING,,,,2026-07-03 12:56:55
Jharkhand,Lohardaga,20260703,06,2026-07-03 06:00:00,2026-07-03 06:00:00,2026-07-04 06:00:00,20260704,4.829176806076749,7.0,0.6898824008681069,4.829176806076749,0.0,,PENDING,,,,2026-07-03 12:56:55
Jharkhand,Pakur,20260703,06,2026-07-03 06:00:00,2026-07-03 06:00:00,2026-07-04 06:00:00,20260704,1.78125,0.59375,3.0,1.78125,0.0,,PENDING,,,,2026-07-03 12:56:55
Jharkhand,Palamu,20260703,06,2026-07-03 06:00:00,2026-07-03 06:00:00,2026-07-04 06:00:00,20260704,3.1339285215362906,1.0446428405120969,3.0,3.1339285215362906,0.0,,PENDING,,,,2026-07-03 12:56:55
Jharkhand,Pashchim Singhbhum,20260703,06,2026-07-03 06:00:00,2026-07-03 06:00:00,2026-07-04 06:00:00,20260704,4.941745082947285,9.84375,0.5020185481089305,4.941745082947285,0.0,,PENDING,,,,2026-07-03 12:56:55
Jharkhand,Purba Singhbhum,20260703,06,2026-07-03 06:00:00,2026-07-03 06:00:00,2026-07-04 06:00:00,20260704,5.9425169343287,9.962500125169754,0.5964885179087959,5.9425169343287,0.0,,PENDING,,,,2026-07-03 12:56:55
Jharkhand,Ranchi,20260703,06,2026-07-03 06:00:00,2026-07-03 06:00:00,2026-07-04 06:00:00,20260704,5.027724408596791,4.232954572886229,1.1877577049376769,5.027724408596791,0.0,,PENDING,,,,2026-07-03 12:56:55
Jharkhand,Sahibganj,20260703,06,2026-07-03 06:00:00,2026-07-03 06:00:00,2026-07-04 06:00:00,20260704,0.7124999910593033,0.23749999701976776,3.0,0.7124999910593033,0.0,,PENDING,,,,2026-07-03 12:56:55
Jharkhand,Saraikela Kharsawan,20260703,06,2026-07-03 06:00:00,2026-07-03 06:00:00,2026-07-04 06:00:00,20260704,5.733616504250052,6.10416667163372,0.9392955357681125,5.733616504250052,0.0,,PENDING,,,,2026-07-03 12:56:55
Jharkhand,Simdega,20260703,06,2026-07-03 06:00:00,2026-07-03 06:00:00,2026-07-04 06:00:00,20260704,4.722004674285753,7.265625,0.64991032076191,4.722004674285753,0.0,,PENDING,,,,2026-07-03 12:56:55
Karnataka,Bagalkot,20260703,06,2026-07-03 06:00:00,2026-07-03 06:00:00,2026-07-04 06:00:00,20260704,2.319289345765767,3.1125000240281224,0.7451531977063887,2.319289345765767,0.0,,PENDING,,,,2026-07-03 12:56:55
Karnataka,Bangalore Rural,20260703,06,2026-07-03 06:00:00,2026-07-03 06:00:00,2026-07-04 06:00:00,20260704,1.6874999832361937,0.5624999944120646,3.0,1.6874999832361937,0.0,,PENDING,,,,2026-07-03 12:56:55
Karnataka,Bangalore Urban,20260703,06,2026-07-03 06:00:00,2026-07-03 06:00:00,2026-07-04 06:00:00,20260704,1.875,0.625,3.0,1.875,0.0,,PENDING,,,,2026-07-03 12:56:55
Karnataka,Belgaum,20260703,06,2026-07-03 06:00:00,2026-07-03 06:00:00,2026-07-04 06:00:00,20260704,2.556751311296037,3.297794071957469,0.7752913782692405,2.556751311296037,0.0,,PENDING,,,,2026-07-03 12:56:55
Karnataka,Bellary,20260703,06,2026-07-03 06:00:00,2026-07-03 06:00:00,2026-07-04 06:00:00,20260704,0.9545454494655132,0.3181818164885044,3.0,0.9545454494655132,0.0,,PENDING,,,,2026-07-03 12:56:55
Karnataka,Bidar,20260703,06,2026-07-03 06:00:00,2026-07-03 06:00:00,2026-07-04 06:00:00,20260704,4.297916597127914,14.326388657093048,0.3,4.297916597127914,0.0,,PENDING,,,,2026-07-03 12:56:55
Karnataka,Bijapur,20260703,06,2026-07-03 06:00:00,2026-07-03 06:00:00,2026-07-04 06:00:00,20260704,2.7813795239199863,4.638392895460129,0.5996429337933593,2.7813795239199863,0.0,,PENDING,,,,2026-07-03 12:56:55
Karnataka,Chamrajnagar,20260703,06,2026-07-03 06:00:00,2026-07-03 06:00:00,2026-07-04 06:00:00,20260704,2.249279313201093,0.9270833553746343,2.426188864422185,2.249279313201093,0.0,,PENDING,,,,2026-07-03 12:56:55
Karnataka,Chikmagalur,20260703,06,2026-07-03 06:00:00,2026-07-03 06:00:00,2026-07-04 06:00:00,20260704,4.768645332863886,5.693750072270632,0.8375227701138241,4.768645332863886,0.0,,PENDING,,,,2026-07-03 12:56:55
Karnataka,Chitradurga,20260703,06,2026-07-03 06:00:00,2026-07-03 06:00:00,2026-07-04 06:00:00,20260704,0.0909090917557478,0.0909090917557478,1.0,0.0909090917557478,0.0,,PENDING,,,,2026-07-03 12:56:55
Karnataka,Dakshin Kannad,20260703,06,2026-07-03 06:00:00,2026-07-03 06:00:00,2026-07-04 06:00:00,20260704,12.874028079007587,32.10416658222675,0.4010080138985698,12.874028079007587,0.0,,PENDING,,,,2026-07-03 12:56:55
Karnataka,Davanagere,20260703,06,2026-07-03 06:00:00,2026-07-03 06:00:00,2026-07-04 06:00:00,20260704,1.6640625,0.5546875,3.0,1.6640625,0.0,,PENDING,,,,2026-07-03 12:56:55
Karnataka,Dharwad,20260703,06,2026-07-03 06:00:00,2026-07-03 06:00:00,2026-07-04 06:00:00,20260704,2.4117541399567504,2.375,1.0154754273502107,2.4117541399567504,0.0,,PENDING,,,,2026-07-03 12:56:55
Karnataka,Gadag,20260703,06,2026-07-03 06:00:00,2026-07-03 06:00:00,2026-07-04 06:00:00,20260704,2.455198157458783,0.9140625,2.6860287534591816,2.455198157458783,0.0,,PENDING,,,,2026-07-03 12:56:55
Karnataka,Gulbarga,20260703,06,2026-07-03 06:00:00,2026-07-03 06:00:00,2026-07-04 06:00:00,20260704,3.212315544752381,5.175595164299011,0.6206659220394145,3.212315544752381,0.0,,PENDING,,,,2026-07-03 12:56:55
Karnataka,Hassan,20260703,06,2026-07-03 06:00:00,2026-07-03 06:00:00,2026-07-04 06:00:00,20260704,2.7558190115388124,6.125000095460564,0.44992962752461657,2.7558190115388124,0.0,,PENDING,,,,2026-07-03 12:56:55
Karnataka,Haveri,20260703,06,2026-07-03 06:00:00,2026-07-03 06:00:00,2026-07-04 06:00:00,20260704,2.1994116749257255,0.8499999977648258,2.5875431537756883,2.1994116749257255,0.0,,PENDING,,,,2026-07-03 12:56:55
Karnataka,Kodagu,20260703,06,2026-07-03 06:00:00,2026-07-03 06:00:00,2026-07-04 06:00:00,20260704,5.8921874999999995,19.640625,0.3,5.8921874999999995,0.0,,PENDING,,,,2026-07-03 12:56:55
Karnataka,Kolar,20260703,06,2026-07-03 06:00:00,2026-07-03 06:00:00,2026-07-04 06:00:00,20260704,0.49431817419826984,0.16477272473275661,3.0,0.49431817419826984,0.0,,PENDING,,,,2026-07-03 12:56:55
Karnataka,Koppal,20260703,06,2026-07-03 06:00:00,2026-07-03 06:00:00,2026-07-04 06:00:00,20260704,1.3392857294529676,0.44642857648432255,3.0,1.3392857294529676,0.0,,PENDING,,,,2026-07-03 12:56:55
Karnataka,Mandya,20260703,06,2026-07-03 06:00:00,2026-07-03 06:00:00,2026-07-04 06:00:00,20260704,3.078349445803627,1.3984375,2.201277815993655,3.078349445803627,0.0,,PENDING,,,,2026-07-03 12:56:55
Karnataka,Mysore,20260703,06,2026-07-03 06:00:00,2026-07-03 06:00:00,2026-07-04 06:00:00,20260704,2.2915660281576318,2.96875,0.7718959252741496,2.2915660281576318,0.0,,PENDING,,,,2026-07-03 12:56:55
Karnataka,Raichur,20260703,06,2026-07-03 06:00:00,2026-07-03 06:00:00,2026-07-04 06:00:00,20260704,2.6592495039394595,1.3437500102445483,1.9789763599372954,2.6592495039394595,0.0,,PENDING,,,,2026-07-03 12:56:55
Karnataka,Shimoga,20260703,06,2026-07-03 06:00:00,2026-07-03 06:00:00,2026-07-04 06:00:00,20260704,6.5878155576893285,11.72727257758379,0.5617517213918668,6.5878155576893285,0.0,,PENDING,,,,2026-07-03 12:56:55
Karnataka,Tumkur,20260703,06,2026-07-03 06:00:00,2026-07-03 06:00:00,2026-07-04 06:00:00,20260704,0.4261363707482815,0.14204545691609383,3.0,0.4261363707482815,0.0,,PENDING,,,,2026-07-03 12:56:55
Karnataka,Udupi,20260703,06,2026-07-03 06:00:00,2026-07-03 06:00:00,2026-07-04 06:00:00,20260704,14.528715578466654,34.53125,0.42074108462527865,14.528715578466654,0.0,,PENDING,,,,2026-07-03 12:56:55
Karnataka,Uttar Kannand,20260703,06,2026-07-03 06:00:00,2026-07-03 06:00:00,2026-07-04 06:00:00,20260704,7.687415564985057,17.653846099972725,0.43545273485741637,7.687415564985057,0.0,,PENDING,,,,2026-07-03 12:56:55
Kerala,Alappuzha,20260703,06,2026-07-03 06:00:00,2026-07-03 06:00:00,2026-07-04 06:00:00,20260704,9.130161097074208,11.375,0.8026515250175128,9.130161097074208,0.0,,PENDING,,,,2026-07-03 12:56:55
Kerala,Ernakulam,20260703,06,2026-07-03 06:00:00,2026-07-03 06:00:00,2026-07-04 06:00:00,20260704,10.186864899134594,15.734375,0.6474273620105403,10.186864899134594,0.0,,PENDING,,,,2026-07-03 12:56:55
Kerala,Idukki,20260703,06,2026-07-03 06:00:00,2026-07-03 06:00:00,2026-07-04 06:00:00,20260704,7.290472703204578,6.725000187754631,1.0840851300613494,7.290472703204578,0.0,,PENDING,,,,2026-07-03 12:56:55
Kerala,Kannur,20260703,06,2026-07-03 06:00:00,2026-07-03 06:00:00,2026-07-04 06:00:00,20260704,10.566954582174347,28.171875,0.37508879271167955,10.566954582174347,0.0,,PENDING,,,,2026-07-03 12:56:55
Kerala,Kasaragod,20260703,06,2026-07-03 06:00:00,2026-07-03 06:00:00,2026-07-04 06:00:00,20260704,13.983345633411789,33.666666746139526,0.4153468990218708,13.983345633411789,0.0,,PENDING,,,,2026-07-03 12:56:55
Kerala,Kollam,20260703,06,2026-07-03 06:00:00,2026-07-03 06:00:00,2026-07-04 06:00:00,20260704,7.2060114334605325,7.25,0.9939326115117976,7.2060114334605325,0.0,,PENDING,,,,2026-07-03 12:56:55
Kerala,Kottayam,20260703,06,2026-07-03 06:00:00,2026-07-03 06:00:00,2026-07-04 06:00:00,20260704,10.834715970110608,12.59375,0.8603248412991054,10.834715970110608,0.0,,PENDING,,,,2026-07-03 12:56:55
Kerala,Kozhikode,20260703,06,2026-07-03 06:00:00,2026-07-03 06:00:00,2026-07-04 06:00:00,20260704,9.77419865513093,18.02083333581686,0.5423832778978352,9.77419865513093,0.0,,PENDING,,,,2026-07-03 12:56:55
Kerala,Malappuram,20260703,06,2026-07-03 06:00:00,2026-07-03 06:00:00,2026-07-04 06:00:00,20260704,7.624092894494534,8.650000005960464,0.8813980218775713,7.624092894494534,0.0,,PENDING,,,,2026-07-03 12:56:55
Kerala,Palakkad,20260703,06,2026-07-03 06:00:00,2026-07-03 06:00:00,2026-07-04 06:00:00,20260704,6.467555750474402,5.208333387970924,1.2417706910643922,6.467555750474402,0.0,,PENDING,,,,2026-07-03 12:56:55
Kerala,Pattanamtitta,20260703,06,2026-07-03 06:00:00,2026-07-03 06:00:00,2026-07-04 06:00:00,20260704,5.576750694501073,6.395833313465118,0.8719349647152883,5.576750694501073,0.0,,PENDING,,,,2026-07-03 12:56:55
Kerala,Thiruvananthapuram,20260703,06,2026-07-03 06:00:00,2026-07-03 06:00:00,2026-07-04 06:00:00,20260704,5.379081669810428,5.708333194255829,0.9423208994217928,5.379081669810428,0.0,,PENDING,,,,2026-07-03 12:56:55
Kerala,Thrissur,20260703,06,2026-07-03 06:00:00,2026-07-03 06:00:00,2026-07-04 06:00:00,20260704,9.53189960109861,17.78125,0.5360646524343682,9.53189960109861,0.0,,PENDING,,,,2026-07-03 12:56:55
Kerala,Wayanad,20260703,06,2026-07-03 06:00:00,2026-07-03 06:00:00,2026-07-04 06:00:00,20260704,5.060368582616522,10.03125,0.5044604194508682,5.060368582616522,0.0,,PENDING,,,,2026-07-03 12:56:55
Lakshadweep,Kavaratti,20260703,06,2026-07-03 06:00:00,2026-07-03 06:00:00,2026-07-04 06:00:00,20260704,0.0,0.0,1.0,0.0,0.0,,PENDING,,,,2026-07-03 12:56:55
Madhya Pradesh,Anuppur,20260703,06,2026-07-03 06:00:00,2026-07-03 06:00:00,2026-07-04 06:00:00,20260704,3.339881654757343,5.46875,0.6107212168699142,3.339881654757343,0.0,,PENDING,,,,2026-07-03 12:56:55
Madhya Pradesh,Ashoknagar,20260703,06,2026-07-03 06:00:00,2026-07-03 06:00:00,2026-07-04 06:00:00,20260704,4.194420456246698,5.010416763834655,0.8371400332447704,4.194420456246698,0.0,,PENDING,,,,2026-07-03 12:56:55
Madhya Pradesh,Balaghat,20260703,06,2026-07-03 06:00:00,2026-07-03 06:00:00,2026-07-04 06:00:00,20260704,4.202884684503078,14.009615615010262,0.3,4.202884684503078,0.0,,PENDING,,,,2026-07-03 12:56:55
Madhya Pradesh,Barwani,20260703,06,2026-07-03 06:00:00,2026-07-03 06:00:00,2026-07-04 06:00:00,20260704,11.889843749999999,39.6328125,0.3,11.889843749999999,0.0,,PENDING,,,,2026-07-03 12:56:55
Madhya Pradesh,Betul,20260703,06,2026-07-03 06:00:00,2026-07-03 06:00:00,2026-07-04 06:00:00,20260704,3.4359375,11.453125,0.3,3.4359375,0.0,,PENDING,,,,2026-07-03 12:56:55
Madhya Pradesh,Bhind,20260703,06,2026-07-03 06:00:00,2026-07-03 06:00:00,2026-07-04 06:00:00,20260704,2.5714285131543875,0.8571428377181292,3.0,2.5714285131543875,0.0,,PENDING,,,,2026-07-03 12:56:55
Madhya Pradesh,Bhopal,20260703,06,2026-07-03 06:00:00,2026-07-03 06:00:00,2026-07-04 06:00:00,20260704,5.707500028610229,19.02500009536743,0.3,5.707500028610229,0.0,,PENDING,,,,2026-07-03 12:56:55
Madhya Pradesh,Burhanpur,20260703,06,2026-07-03 06:00:00,2026-07-03 06:00:00,2026-07-04 06:00:00,20260704,12.481249952316285,41.60416650772095,0.3,12.481249952316285,0.0,,PENDING,,,,2026-07-03 12:56:55
Madhya Pradesh,Chhatarpur,20260703,06,2026-07-03 06:00:00,2026-07-03 06:00:00,2026-07-04 06:00:00,20260704,0.75,0.25,3.0,0.75,0.0,,PENDING,,,,2026-07-03 12:56:55
Madhya Pradesh,Chhindwara,20260703,06,2026-07-03 06:00:00,2026-07-03 06:00:00,2026-07-04 06:00:00,20260704,4.806249979510903,16.020833265036345,0.3,4.806249979510903,0.0,,PENDING,,,,2026-07-03 12:56:55
Madhya Pradesh,Damoh,20260703,06,2026-07-03 06:00:00,2026-07-03 06:00:00,2026-07-04 06:00:00,20260704,3.2008844032863233,3.324999956879765,0.962672013472772,3.2008844032863233,0.0,,PENDING,,,,2026-07-03 12:56:55
Madhya Pradesh,Datia,20260703,06,2026-07-03 06:00:00,2026-07-03 06:00:00,2026-07-04 06:00:00,20260704,1.5000000335276127,0.5000000111758709,3.0,1.5000000335276127,0.0,,PENDING,,,,2026-07-03 12:56:55
Madhya Pradesh,Dewas,20260703,06,2026-07-03 06:00:00,2026-07-03 06:00:00,2026-07-04 06:00:00,20260704,12.699999833106995,42.333332777023315,0.3,12.699999833106995,0.0,,PENDING,,,,2026-07-03 12:56:55
Madhya Pradesh,Dhar,20260703,06,2026-07-03 06:00:00,2026-07-03 06:00:00,2026-07-04 06:00:00,20260704,7.087499991059303,23.624999970197678,0.3,7.087499991059303,0.0,,PENDING,,,,2026-07-03 12:56:55
Madhya Pradesh,Dindori,20260703,06,2026-07-03 06:00:00,2026-07-03 06:00:00,2026-07-04 06:00:00,20260704,4.647321340441704,15.49107113480568,0.3,4.647321340441704,0.0,,PENDING,,,,2026-07-03 12:56:55
Madhya Pradesh,East Nimar,20260703,06,2026-07-03 06:00:00,2026-07-03 06:00:00,2026-07-04 06:00:00,20260704,15.01875002682209,50.06250008940697,0.3,15.01875002682209,0.0,,PENDING,,,,2026-07-03 12:56:55
Madhya Pradesh,Guna,20260703,06,2026-07-03 06:00:00,2026-07-03 06:00:00,2026-07-04 06:00:00,20260704,4.3769089363844245,8.763888758141547,0.49942543283862756,4.3769089363844245,0.0,,PENDING,,,,2026-07-03 12:56:55
Madhya Pradesh,Gwalior,20260703,06,2026-07-03 06:00:00,2026-07-03 06:00:00,2026-07-04 06:00:00,20260704,3.426436588748444,1.321428555995226,2.5929790704181084,3.426436588748444,0.0,,PENDING,,,,2026-07-03 12:56:55
Madhya Pradesh,Harda,20260703,06,2026-07-03 06:00:00,2026-07-03 06:00:00,2026-07-04 06:00:00,20260704,6.171875046193599,20.572916820645332,0.3,6.171875046193599,0.0,,PENDING,,,,2026-07-03 12:56:55
Madhya Pradesh,Hoshangabad,20260703,06,2026-07-03 06:00:00,2026-07-03 06:00:00,2026-07-04 06:00:00,20260704,7.981250059604644,26.604166865348816,0.3,7.981250059604644,0.0,,PENDING,,,,2026-07-03 12:56:55
Madhya Pradesh,Indore,20260703,06,2026-07-03 06:00:00,2026-07-03 06:00:00,2026-07-04 06:00:00,20260704,5.172321581840515,17.241071939468384,0.3,5.172321581840515,0.0,,PENDING,,,,2026-07-03 12:56:55
Madhya Pradesh,Jabalpur,20260703,06,2026-07-03 06:00:00,2026-07-03 06:00:00,2026-07-04 06:00:00,20260704,3.5870998375628087,10.395833373069763,0.3450516864626873,3.5870998375628087,0.0,,PENDING,,,,2026-07-03 12:56:55
Madhya Pradesh,Jhabua,20260703,06,2026-07-03 06:00:00,2026-07-03 06:00:00,2026-07-04 06:00:00,20260704,4.402499949932098,14.674999833106995,0.3,4.402499949932098,0.0,,PENDING,,,,2026-07-03 12:56:55
Madhya Pradesh,Katni,20260703,06,2026-07-03 06:00:00,2026-07-03 06:00:00,2026-07-04 06:00:00,20260704,3.4625456401020793,2.79861106723547,1.237237171195231,3.4625456401020793,0.0,,PENDING,,,,2026-07-03 12:56:55
Madhya Pradesh,Mandla,20260703,06,2026-07-03 06:00:00,2026-07-03 06:00:00,2026-07-04 06:00:00,20260704,4.87734375,16.2578125,0.3,4.87734375,0.0,,PENDING,,,,2026-07-03 12:56:55
Madhya Pradesh,Mandsaur,20260703,06,2026-07-03 06:00:00,2026-07-03 06:00:00,2026-07-04 06:00:00,20260704,3.002173878842202,2.4027777779847383,1.2494596488902898,3.002173878842202,0.0,,PENDING,,,,2026-07-03 12:56:55
Madhya Pradesh,Morena,20260703,06,2026-07-03 06:00:00,2026-07-03 06:00:00,2026-07-04 06:00:00,20260704,2.8196493521157775,0.9642856912687421,2.9240808793977573,2.8196493521157775,0.0,,PENDING,,,,2026-07-03 12:56:55
Madhya Pradesh,Narsinghpur,20260703,06,2026-07-03 06:00:00,2026-07-03 06:00:00,2026-07-04 06:00:00,20260704,5.7812499672174456,19.27083322405815,0.3,5.7812499672174456,0.0,,PENDING,,,,2026-07-03 12:56:55
Madhya Pradesh,Neemuch,20260703,06,2026-07-03 06:00:00,2026-07-03 06:00:00,2026-07-04 06:00:00,20260704,3.490980359180469,1.8750000149011612,1.8618561767662132,3.490980359180469,0.0,,PENDING,,,,2026-07-03 12:56:55
Madhya Pradesh,Panna,20260703,06,2026-07-03 06:00:00,2026-07-03 06:00:00,2026-07-04 06:00:00,20260704,0.6875000176951289,0.22916667256504297,3.0,0.6875000176951289,0.0,,PENDING,,,,2026-07-03 12:56:55
Madhya Pradesh,Raisen,20260703,06,2026-07-03 06:00:00,2026-07-03 06:00:00,2026-07-04 06:00:00,20260704,9.181250144541263,30.60416714847088,0.3,9.181250144541263,0.0,,PENDING,,,,2026-07-03 12:56:55
Madhya Pradesh,Rajgarh,20260703,06,2026-07-03 06:00:00,2026-07-03 06:00:00,2026-07-04 06:00:00,20260704,5.2955356746912,17.651785582304,0.3,5.2955356746912,0.0,,PENDING,,,,2026-07-03 12:56:55
Madhya Pradesh,Ratlam,20260703,06,2026-07-03 06:00:00,2026-07-03 06:00:00,2026-07-04 06:00:00,20260704,3.8331055259306543,5.625,0.6814409823876719,3.8331055259306543,0.0,,PENDING,,,,2026-07-03 12:56:55
Madhya Pradesh,Rewa,20260703,06,2026-07-03 06:00:00,2026-07-03 06:00:00,2026-07-04 06:00:00,20260704,0.027777778450399637,0.027777778450399637,1.0,0.027777778450399637,0.0,,PENDING,,,,2026-07-03 12:56:55
Madhya Pradesh,Sagar,20260703,06,2026-07-03 06:00:00,2026-07-03 06:00:00,2026-07-04 06:00:00,20260704,3.433026052782797,6.424999941606075,0.53432312591191,3.433026052782797,0.0,,PENDING,,,,2026-07-03 12:56:55
Madhya Pradesh,Satna,20260703,06,2026-07-03 06:00:00,2026-07-03 06:00:00,2026-07-04 06:00:00,20260704,0.09090909361839294,0.09090909361839294,1.0,0.09090909361839294,0.0,,PENDING,,,,2026-07-03 12:56:55
Madhya Pradesh,Sehore,20260703,06,2026-07-03 06:00:00,2026-07-03 06:00:00,2026-07-04 06:00:00,20260704,14.564062499999999,48.546875,0.3,14.564062499999999,0.0,,PENDING,,,,2026-07-03 12:56:55
Madhya Pradesh,Seoni,20260703,06,2026-07-03 06:00:00,2026-07-03 06:00:00,2026-07-04 06:00:00,20260704,5.45913461074233,18.197115369141102,0.3,5.45913461074233,0.0,,PENDING,,,,2026-07-03 12:56:55
Madhya Pradesh,Shahdol,20260703,06,2026-07-03 06:00:00,2026-07-03 06:00:00,2026-07-04 06:00:00,20260704,3.519315918982369,5.286458283662796,0.6657228204861502,3.519315918982369,0.0,,PENDING,,,,2026-07-03 12:56:55
Madhya Pradesh,Shajapur,20260703,06,2026-07-03 06:00:00,2026-07-03 06:00:00,2026-07-04 06:00:00,20260704,8.953977350145578,29.846591167151928,0.3,8.953977350145578,0.0,,PENDING,,,,2026-07-03 12:56:55
Madhya Pradesh,Sheopur,20260703,06,2026-07-03 06:00:00,2026-07-03 06:00:00,2026-07-04 06:00:00,20260704,4.173488444551723,1.84375,2.2635869529772057,4.173488444551723,0.0,,PENDING,,,,2026-07-03 12:56:55
Madhya Pradesh,Shivpuri,20260703,06,2026-07-03 06:00:00,2026-07-03 06:00:00,2026-07-04 06:00:00,20260704,3.24609375,1.08203125,3.0,3.24609375,0.0,,PENDING,,,,2026-07-03 12:56:55
Madhya Pradesh,Sidhi,20260703,06,2026-07-03 06:00:00,2026-07-03 06:00:00,2026-07-04 06:00:00,20260704,0.03515625,0.03515625,1.0,0.03515625,0.0,,PENDING,,,,2026-07-03 12:56:55
Madhya Pradesh,Tikamgarh,20260703,06,2026-07-03 06:00:00,2026-07-03 06:00:00,2026-07-04 06:00:00,20260704,0.9374999916180968,0.3124999972060323,3.0,0.9374999916180968,0.0,,PENDING,,,,2026-07-03 12:56:55
Madhya Pradesh,Ujjain,20260703,06,2026-07-03 06:00:00,2026-07-03 06:00:00,2026-07-04 06:00:00,20260704,2.717961462466101,8.999999985098839,0.30199571855179863,2.717961462466101,0.0,,PENDING,,,,2026-07-03 12:56:55
Madhya Pradesh,Umaria,20260703,06,2026-07-03 06:00:00,2026-07-03 06:00:00,2026-07-04 06:00:00,20260704,3.640450043979709,7.187500029802322,0.506497395323118,3.640450043979709,0.0,,PENDING,,,,2026-07-03 12:56:55
Madhya Pradesh,Vidisha,20260703,06,2026-07-03 06:00:00,2026-07-03 06:00:00,2026-07-04 06:00:00,20260704,3.529727347542162,10.631944388151169,0.3319926458114178,3.529727347542162,0.0,,PENDING,,,,2026-07-03 12:56:55
Madhya Pradesh,West Nimar,20260703,06,2026-07-03 06:00:00,2026-07-03 06:00:00,2026-07-04 06:00:00,20260704,18.626249957084656,62.08749985694885,0.3,18.626249957084656,0.0,,PENDING,,,,2026-07-03 12:56:55
Maharashtra,Ahmednagar,20260703,06,2026-07-03 06:00:00,2026-07-03 06:00:00,2026-07-04 06:00:00,20260704,7.940178751945496,26.467262506484985,0.3,7.940178751945496,0.0,,PENDING,,,,2026-07-03 12:56:55
Maharashtra,Akola,20260703,06,2026-07-03 06:00:00,2026-07-03 06:00:00,2026-07-04 06:00:00,20260704,6.215625,20.71875,0.3,6.215625,0.0,,PENDING,,,,2026-07-03 12:56:55
Maharashtra,Amravati,20260703,06,2026-07-03 06:00:00,2026-07-03 06:00:00,2026-07-04 06:00:00,20260704,8.596874999999999,28.65625,0.3,8.596874999999999,0.0,,PENDING,,,,2026-07-03 12:56:55
Maharashtra,Aurangabad,20260703,06,2026-07-03 06:00:00,2026-07-03 06:00:00,2026-07-04 06:00:00,20260704,14.505000150203704,48.350000500679016,0.3,14.505000150203704,0.0,,PENDING,,,,2026-07-03 12:56:55
Maharashtra,Bhandara,20260703,06,2026-07-03 06:00:00,2026-07-03 06:00:00,2026-07-04 06:00:00,20260704,3.9343749493360516,13.114583164453506,0.3,3.9343749493360516,0.0,,PENDING,,,,2026-07-03 12:56:55
Maharashtra,Bid,20260703,06,2026-07-03 06:00:00,2026-07-03 06:00:00,2026-07-04 06:00:00,20260704,5.5325000166893,18.44166672229767,0.3,5.5325000166893,0.0,,PENDING,,,,2026-07-03 12:56:55
Maharashtra,Buldana,20260703,06,2026-07-03 06:00:00,2026-07-03 06:00:00,2026-07-04 06:00:00,20260704,8.30192318558693,27.673077285289764,0.3,8.30192318558693,0.0,,PENDING,,,,2026-07-03 12:56:55
Maharashtra,Chandrapur,20260703,06,2026-07-03 06:00:00,2026-07-03 06:00:00,2026-07-04 06:00:00,20260704,4.515371478249824,6.933035708963871,0.6512834590498074,4.515371478249824,0.0,,PENDING,,,,2026-07-03 12:56:55
Maharashtra,Dhule,20260703,06,2026-07-03 06:00:00,2026-07-03 06:00:00,2026-07-04 06:00:00,20260704,6.435416668653488,21.451388895511627,0.3,6.435416668653488,0.0,,PENDING,,,,2026-07-03 12:56:55
Maharashtra,Garhchiroli,20260703,06,2026-07-03 06:00:00,2026-07-03 06:00:00,2026-07-04 06:00:00,20260704,4.928296076328787,8.6000000461936,0.5730576802159524,4.928296076328787,0.0,,PENDING,,,,2026-07-03 12:56:55
Maharashtra,Gondiya,20260703,06,2026-07-03 06:00:00,2026-07-03 06:00:00,2026-07-04 06:00:00,20260704,6.140625,20.46875,0.3,6.140625,0.0,,PENDING,,,,2026-07-03 12:56:55
Maharashtra,Greater Bombay,20260703,06,2026-07-03 06:00:00,2026-07-03 06:00:00,2026-07-04 06:00:00,20260704,23.30625,77.6875,0.3,23.30625,0.0,,PENDING,,,,2026-07-03 12:56:55
Maharashtra,Hingoli,20260703,06,2026-07-03 06:00:00,2026-07-03 06:00:00,2026-07-04 06:00:00,20260704,6.643750011920929,22.145833373069763,0.3,6.643750011920929,0.0,,PENDING,,,,2026-07-03 12:56:55
Maharashtra,Jalgaon,20260703,06,2026-07-03 06:00:00,2026-07-03 06:00:00,2026-07-04 06:00:00,20260704,9.272500218451023,30.90833406150341,0.3,9.272500218451023,0.0,,PENDING,,,,2026-07-03 12:56:55
Maharashtra,Jalna,20260703,06,2026-07-03 06:00:00,2026-07-03 06:00:00,2026-07-04 06:00:00,20260704,13.801874828338622,46.00624942779541,0.3,13.801874828338622,0.0,,PENDING,,,,2026-07-03 12:56:55
Maharashtra,Kolhapur,20260703,06,2026-07-03 06:00:00,2026-07-03 06:00:00,2026-07-04 06:00:00,20260704,4.708333396911621,15.69444465637207,0.3,4.708333396911621,0.0,,PENDING,,,,2026-07-03 12:56:55
Maharashtra,Latur,20260703,06,2026-07-03 06:00:00,2026-07-03 06:00:00,2026-07-04 06:00:00,20260704,4.935416686534881,16.451388955116272,0.3,4.935416686534881,0.0,,PENDING,,,,2026-07-03 12:56:55
Maharashtra,Nagpur,20260703,06,2026-07-03 06:00:00,2026-07-03 06:00:00,2026-07-04 06:00:00,20260704,3.4959625921456237,10.533333351835608,0.3318951822156463,3.4959625921456237,0.0,,PENDING,,,,2026-07-03 12:56:55
Maharashtra,Nanded,20260703,06,2026-07-03 06:00:00,2026-07-03 06:00:00,2026-07-04 06:00:00,20260704,6.829999973997474,22.76666657999158,0.3,6.829999973997474,0.0,,PENDING,,,,2026-07-03 12:56:55
Maharashtra,Nandurbar,20260703,06,2026-07-03 06:00:00,2026-07-03 06:00:00,2026-07-04 06:00:00,20260704,6.168750056438148,20.56250018812716,0.3,6.168750056438148,0.0,,PENDING,,,,2026-07-03 12:56:55
Maharashtra,Nashik,20260703,06,2026-07-03 06:00:00,2026-07-03 06:00:00,2026-07-04 06:00:00,20260704,17.079619243741035,56.93206414580345,0.3,17.079619243741035,0.0,,PENDING,,,,2026-07-03 12:56:55
Maharashtra,Osmanabad,20260703,06,2026-07-03 06:00:00,2026-07-03 06:00:00,2026-07-04 06:00:00,20260704,5.047159168124199,16.82386389374733,0.3,5.047159168124199,0.0,,PENDING,,,,2026-07-03 12:56:55
Maharashtra,Parbhani,20260703,06,2026-07-03 06:00:00,2026-07-03 06:00:00,2026-07-04 06:00:00,20260704,9.866250014305114,32.887500047683716,0.3,9.866250014305114,0.0,,PENDING,,,,2026-07-03 12:56:55
Maharashtra,Pune,20260703,06,2026-07-03 06:00:00,2026-07-03 06:00:00,2026-07-04 06:00:00,20260704,9.823026323318482,32.74342107772827,0.3,9.823026323318482,0.0,,PENDING,,,,2026-07-03 12:56:55
Maharashtra,Raigarh,20260703,06,2026-07-03 06:00:00,2026-07-03 06:00:00,2026-07-04 06:00:00,20260704,23.25416625738144,77.5138875246048,0.3,23.25416625738144,0.0,,PENDING,,,,2026-07-03 12:56:55
Maharashtra,Ratnagiri,20260703,06,2026-07-03 06:00:00,2026-07-03 06:00:00,2026-07-04 06:00:00,20260704,18.282954311370847,60.94318103790283,0.3,18.282954311370847,0.0,,PENDING,,,,2026-07-03 12:56:55
Maharashtra,Sangli,20260703,06,2026-07-03 06:00:00,2026-07-03 06:00:00,2026-07-04 06:00:00,20260704,3.180681898444891,10.602272994816303,0.3,3.180681898444891,0.0,,PENDING,,,,2026-07-03 12:56:55
Maharashtra,Satara,20260703,06,2026-07-03 06:00:00,2026-07-03 06:00:00,2026-07-04 06:00:00,20260704,4.6125,15.375,0.3,4.6125,0.0,,PENDING,,,,2026-07-03 12:56:55
Maharashtra,Sindhudurg,20260703,06,2026-07-03 06:00:00,2026-07-03 06:00:00,2026-07-04 06:00:00,20260704,12.04361321639434,38.70138883590698,0.3111933080091515,12.04361321639434,0.0,,PENDING,,,,2026-07-03 12:56:55
Maharashtra,Solapur,20260703,06,2026-07-03 06:00:00,2026-07-03 06:00:00,2026-07-04 06:00:00,20260704,3.207880479097366,10.692934930324554,0.3,3.207880479097366,0.0,,PENDING,,,,2026-07-03 12:56:55
Maharashtra,Thane,20260703,06,2026-07-03 06:00:00,2026-07-03 06:00:00,2026-07-04 06:00:00,20260704,26.03124976158142,86.77083253860474,0.3,26.03124976158142,0.0,,PENDING,,,,2026-07-03 12:56:55
Maharashtra,Wardha,20260703,06,2026-07-03 06:00:00,2026-07-03 06:00:00,2026-07-04 06:00:00,20260704,3.3995072411026968,8.839285666123033,0.38459072028087793,3.3995072411026968,0.0,,PENDING,,,,2026-07-03 12:56:55
Maharashtra,Washim,20260703,06,2026-07-03 06:00:00,2026-07-03 06:00:00,2026-07-04 06:00:00,20260704,6.946875097230077,23.156250324100256,0.3,6.946875097230077,0.0,,PENDING,,,,2026-07-03 12:56:55
Maharashtra,Yavatmal,20260703,06,2026-07-03 06:00:00,2026-07-03 06:00:00,2026-07-04 06:00:00,20260704,4.715624955296517,15.718749850988388,0.3,4.715624955296517,0.0,,PENDING,,,,2026-07-03 12:56:55
Manipur,Bishnupur,20260703,06,2026-07-03 06:00:00,2026-07-03 06:00:00,2026-07-04 06:00:00,20260704,3.4549066149208643,3.5,0.9871161756916755,3.4549066149208643,0.0,,PENDING,,,,2026-07-03 12:56:55
Manipur,Chandel,20260703,06,2026-07-03 06:00:00,2026-07-03 06:00:00,2026-07-04 06:00:00,20260704,4.6546875,15.515625,0.3,4.6546875,0.0,,PENDING,,,,2026-07-03 12:56:55
Manipur,Churachandpur,20260703,06,2026-07-03 06:00:00,2026-07-03 06:00:00,2026-07-04 06:00:00,20260704,3.2887236710450694,2.333333296701312,1.4094530240040781,3.2887236710450694,0.0,,PENDING,,,,2026-07-03 12:56:55
Manipur,East Imphal,20260703,06,2026-07-03 06:00:00,2026-07-03 06:00:00,2026-07-04 06:00:00,20260704,3.944740169546376,11.0625,0.35658668199289273,3.944740169546376,0.0,,PENDING,,,,2026-07-03 12:56:55
Manipur,Senapati,20260703,06,2026-07-03 06:00:00,2026-07-03 06:00:00,2026-07-04 06:00:00,20260704,4.207041274762317,7.812500024214387,0.5385012815005233,4.207041274762317,0.0,,PENDING,,,,2026-07-03 12:56:55
Manipur,Tamenglong,20260703,06,2026-07-03 06:00:00,2026-07-03 06:00:00,2026-07-04 06:00:00,20260704,4.0117331283413655,3.6770833656191826,1.0910095664001438,4.0117331283413655,0.0,,PENDING,,,,2026-07-03 12:56:55
Manipur,Thoubal,20260703,06,2026-07-03 06:00:00,2026-07-03 06:00:00,2026-07-04 06:00:00,20260704,3.5982930655144663,6.1875,0.5815423136184996,3.5982930655144663,0.0,,PENDING,,,,2026-07-03 12:56:55
Manipur,Ukhrul,20260703,06,2026-07-03 06:00:00,2026-07-03 06:00:00,2026-07-04 06:00:00,20260704,5.424999964982271,18.08333321660757,0.3,5.424999964982271,0.0,,PENDING,,,,2026-07-03 12:56:55
Manipur,West Imphal,20260703,06,2026-07-03 06:00:00,2026-07-03 06:00:00,2026-07-04 06:00:00,20260704,0.0,0.0,1.0,0.0,0.0,,PENDING,,,,2026-07-03 12:56:55
Meghalaya,East Garo Hills,20260703,06,2026-07-03 06:00:00,2026-07-03 06:00:00,2026-07-04 06:00:00,20260704,6.522400891444046,14.15625,0.46074355083048446,6.522400891444046,0.0,,PENDING,,,,2026-07-03 12:56:55
Meghalaya,East Khasi Hills,20260703,06,2026-07-03 06:00:00,2026-07-03 06:00:00,2026-07-04 06:00:00,20260704,9.036706911027432,8.984375,1.0058247692274012,9.036706911027432,0.0,,PENDING,,,,2026-07-03 12:56:55
Meghalaya,Jaintia Hills,20260703,06,2026-07-03 06:00:00,2026-07-03 06:00:00,2026-07-04 06:00:00,20260704,4.654131050261596,6.625000089406967,0.7025103377286457,4.654131050261596,0.0,,PENDING,,,,2026-07-03 12:56:55
Meghalaya,Ri-Bhoi,20260703,06,2026-07-03 06:00:00,2026-07-03 06:00:00,2026-07-04 06:00:00,20260704,3.7626657539646926,6.1874997820705175,0.608107618018468,3.7626657539646926,0.0,,PENDING,,,,2026-07-03 12:56:55
Meghalaya,South Garo Hills,20260703,06,2026-07-03 06:00:00,2026-07-03 06:00:00,2026-07-04 06:00:00,20260704,11.48625354972332,13.187500199303031,0.8709955166734615,11.48625354972332,0.0,,PENDING,,,,2026-07-03 12:56:55
Meghalaya,West Garo Hills,20260703,06,2026-07-03 06:00:00,2026-07-03 06:00:00,2026-07-04 06:00:00,20260704,8.906138339169221,14.250000141561031,0.6249921579434867,8.906138339169221,0.0,,PENDING,,,,2026-07-03 12:56:55
Meghalaya,West Khasi Hills,20260703,06,2026-07-03 06:00:00,2026-07-03 06:00:00,2026-07-04 06:00:00,20260704,11.724642573771616,12.671875,0.9252492290029389,11.724642573771616,0.0,,PENDING,,,,2026-07-03 12:56:55
Mizoram,Aizawl,20260703,06,2026-07-03 06:00:00,2026-07-03 06:00:00,2026-07-04 06:00:00,20260704,5.472425825131809,4.749999910593033,1.1520896690814006,5.472425825131809,0.0,,PENDING,,,,2026-07-03 12:56:55
Mizoram,Champhai,20260703,06,2026-07-03 06:00:00,2026-07-03 06:00:00,2026-07-04 06:00:00,20260704,4.216533580116213,5.78125,0.7293463489930747,4.216533580116213,0.0,,PENDING,,,,2026-07-03 12:56:55
Mizoram,Kolasib,20260703,06,2026-07-03 06:00:00,2026-07-03 06:00:00,2026-07-04 06:00:00,20260704,6.8958262189712425,6.09375,1.1316227641388705,6.8958262189712425,0.0,,PENDING,,,,2026-07-03 12:56:55
Mizoram,Lawngtlai,20260703,06,2026-07-03 06:00:00,2026-07-03 06:00:00,2026-07-04 06:00:00,20260704,7.065783722627244,10.96875,0.6441740145984952,7.065783722627244,0.0,,PENDING,,,,2026-07-03 12:56:55
Mizoram,Lunglei,20260703,06,2026-07-03 06:00:00,2026-07-03 06:00:00,2026-07-04 06:00:00,20260704,6.794032235276889,10.052083134651184,0.6758830129305977,6.794032235276889,0.0,,PENDING,,,,2026-07-03 12:56:55
Mizoram,Mamit,20260703,06,2026-07-03 06:00:00,2026-07-03 06:00:00,2026-07-04 06:00:00,20260704,6.510763561269735,11.375000059604645,0.5723748155739374,6.510763561269735,0.0,,PENDING,,,,2026-07-03 12:56:55
Mizoram,Saiha,20260703,06,2026-07-03 06:00:00,2026-07-03 06:00:00,2026-07-04 06:00:00,20260704,7.0117459620004645,11.625,0.6031609429677819,7.0117459620004645,0.0,,PENDING,,,,2026-07-03 12:56:55
Mizoram,Serchhip,20260703,06,2026-07-03 06:00:00,2026-07-03 06:00:00,2026-07-04 06:00:00,20260704,6.423519842530767,9.0625,0.7088021895206363,6.423519842530767,0.0,,PENDING,,,,2026-07-03 12:56:55
Nagaland,Dimapur,20260703,06,2026-07-03 06:00:00,2026-07-03 06:00:00,2026-07-04 06:00:00,20260704,4.869201882714278,6.75,0.7213632418835968,4.869201882714278,0.0,,PENDING,,,,2026-07-03 12:56:55
Nagaland,Kohima,20260703,06,2026-07-03 06:00:00,2026-07-03 06:00:00,2026-07-04 06:00:00,20260704,4.805533740393918,4.249999986961484,1.1307138247380586,4.805533740393918,0.0,,PENDING,,,,2026-07-03 12:56:55
Nagaland,Mokokchung,20260703,06,2026-07-03 06:00:00,2026-07-03 06:00:00,2026-07-04 06:00:00,20260704,5.59174642040305,15.875,0.3522359949860189,5.59174642040305,0.0,,PENDING,,,,2026-07-03 12:56:55
Nagaland,Mon,20260703,06,2026-07-03 06:00:00,2026-07-03 06:00:00,2026-07-04 06:00:00,20260704,5.343463035091146,3.53125,1.5131930718842184,5.343463035091146,0.0,,PENDING,,,,2026-07-03 12:56:55
Nagaland,Phek,20260703,06,2026-07-03 06:00:00,2026-07-03 06:00:00,2026-07-04 06:00:00,20260704,5.022139972210202,4.21875,1.1904331785979738,5.022139972210202,0.0,,PENDING,,,,2026-07-03 12:56:55
Nagaland,Tuensang,20260703,06,2026-07-03 06:00:00,2026-07-03 06:00:00,2026-07-04 06:00:00,20260704,5.490893061231611,6.276785621419549,0.874793786567112,5.490893061231611,0.0,,PENDING,,,,2026-07-03 12:56:55
Nagaland,Wokha,20260703,06,2026-07-03 06:00:00,2026-07-03 06:00:00,2026-07-04 06:00:00,20260704,5.90203065076103,10.145833224058151,0.5817196597284815,5.90203065076103,0.0,,PENDING,,,,2026-07-03 12:56:55
Nagaland,Zunheboto,20260703,06,2026-07-03 06:00:00,2026-07-03 06:00:00,2026-07-04 06:00:00,20260704,5.744828931232021,5.59375,1.0270085240191322,5.744828931232021,0.0,,PENDING,,,,2026-07-03 12:56:55
Orissa,Angul,20260703,06,2026-07-03 06:00:00,2026-07-03 06:00:00,2026-07-04 06:00:00,20260704,4.70833328962326,15.694444298744202,0.3,4.70833328962326,0.0,,PENDING,,,,2026-07-03 12:56:55
Orissa,Baleshwar,20260703,06,2026-07-03 06:00:00,2026-07-03 06:00:00,2026-07-04 06:00:00,20260704,4.5542153585283724,15.112499833106995,0.3013542040577192,4.5542153585283724,0.0,,PENDING,,,,2026-07-03 12:56:55
Orissa,Baragarh,20260703,06,2026-07-03 06:00:00,2026-07-03 06:00:00,2026-07-04 06:00:00,20260704,3.768559723148403,10.5390625,0.35758016646626806,3.768559723148403,0.0,,PENDING,,,,2026-07-03 12:56:55
Orissa,Bhadrak,20260703,06,2026-07-03 06:00:00,2026-07-03 06:00:00,2026-07-04 06:00:00,20260704,4.2,14.0,0.3,4.2,0.0,,PENDING,,,,2026-07-03 12:56:55
Orissa,Bolangir,20260703,06,2026-07-03 06:00:00,2026-07-03 06:00:00,2026-07-04 06:00:00,20260704,3.41241129127358,10.28472250699997,0.33179420144306576,3.41241129127358,0.0,,PENDING,,,,2026-07-03 12:56:55
Orissa,Boudh,20260703,06,2026-07-03 06:00:00,2026-07-03 06:00:00,2026-07-04 06:00:00,20260704,5.1421874999999995,17.140625,0.3,5.1421874999999995,0.0,,PENDING,,,,2026-07-03 12:56:55
Orissa,Cuttack,20260703,06,2026-07-03 06:00:00,2026-07-03 06:00:00,2026-07-04 06:00:00,20260704,6.171428619325161,20.57142873108387,0.3,6.171428619325161,0.0,,PENDING,,,,2026-07-03 12:56:55
Orissa,Deogarh,20260703,06,2026-07-03 06:00:00,2026-07-03 06:00:00,2026-07-04 06:00:00,20260704,6.037500089406967,20.125000298023224,0.3,6.037500089406967,0.0,,PENDING,,,,2026-07-03 12:56:55
Orissa,Dhenkanal,20260703,06,2026-07-03 06:00:00,2026-07-03 06:00:00,2026-07-04 06:00:00,20260704,5.509374949336052,18.364583164453506,0.3,5.509374949336052,0.0,,PENDING,,,,2026-07-03 12:56:55
Orissa,Gajapati,20260703,06,2026-07-03 06:00:00,2026-07-03 06:00:00,2026-07-04 06:00:00,20260704,4.6828125,15.609375,0.3,4.6828125,0.0,,PENDING,,,,2026-07-03 12:56:55
Orissa,Ganjam,20260703,06,2026-07-03 06:00:00,2026-07-03 06:00:00,2026-07-04 06:00:00,20260704,5.2828125804662704,17.6093752682209,0.3,5.2828125804662704,0.0,,PENDING,,,,2026-07-03 12:56:55
Orissa,Jagatsinghpur,20260703,06,2026-07-03 06:00:00,2026-07-03 06:00:00,2026-07-04 06:00:00,20260704,6.309375,21.03125,0.3,6.309375,0.0,,PENDING,,,,2026-07-03 12:56:55
Orissa,Jajpur,20260703,06,2026-07-03 06:00:00,2026-07-03 06:00:00,2026-07-04 06:00:00,20260704,5.328749870415777,17.76249956805259,0.3,5.328749870415777,0.0,,PENDING,,,,2026-07-03 12:56:55
Orissa,Jharsuguda,20260703,06,2026-07-03 06:00:00,2026-07-03 06:00:00,2026-07-04 06:00:00,20260704,4.218104606795393,12.75,0.3308317338663053,4.218104606795393,0.0,,PENDING,,,,2026-07-03 12:56:55
Orissa,Kalahandi,20260703,06,2026-07-03 06:00:00,2026-07-03 06:00:00,2026-07-04 06:00:00,20260704,4.034659141302108,13.448863804340363,0.3,4.034659141302108,0.0,,PENDING,,,,2026-07-03 12:56:55
Orissa,Kandhamal,20260703,06,2026-07-03 06:00:00,2026-07-03 06:00:00,2026-07-04 06:00:00,20260704,8.02159080505371,26.738636016845703,0.3,8.02159080505371,0.0,,PENDING,,,,2026-07-03 12:56:55
Orissa,Kendrapara,20260703,06,2026-07-03 06:00:00,2026-07-03 06:00:00,2026-07-04 06:00:00,20260704,4.380998551651631,13.90625,0.31503809809629707,4.380998551651631,0.0,,PENDING,,,,2026-07-03 12:56:55
Orissa,Keonjhar,20260703,06,2026-07-03 06:00:00,2026-07-03 06:00:00,2026-07-04 06:00:00,20260704,5.199206198362387,14.416666828095913,0.3606385761950132,5.199206198362387,0.0,,PENDING,,,,2026-07-03 12:56:55
Orissa,Khordha,20260703,06,2026-07-03 06:00:00,2026-07-03 06:00:00,2026-07-04 06:00:00,20260704,5.256249922513962,17.52083307504654,0.3,5.256249922513962,0.0,,PENDING,,,,2026-07-03 12:56:55
Orissa,Koraput,20260703,06,2026-07-03 06:00:00,2026-07-03 06:00:00,2026-07-04 06:00:00,20260704,4.866940440552989,7.5227272398769855,0.646964895224963,4.866940440552989,0.0,,PENDING,,,,2026-07-03 12:56:55
Orissa,Malkangiri,20260703,06,2026-07-03 06:00:00,2026-07-03 06:00:00,2026-07-04 06:00:00,20260704,5.60625,18.6875,0.3,5.60625,0.0,,PENDING,,,,2026-07-03 12:56:55
Orissa,Mayurbhanj,20260703,06,2026-07-03 06:00:00,2026-07-03 06:00:00,2026-07-04 06:00:00,20260704,5.344965540421383,12.573529360815883,0.42509667628235087,5.344965540421383,0.0,,PENDING,,,,2026-07-03 12:56:55
Orissa,Nabarangpur,20260703,06,2026-07-03 06:00:00,2026-07-03 06:00:00,2026-07-04 06:00:00,20260704,4.306568187715052,5.3515625,0.8047309898212068,4.306568187715052,0.0,,PENDING,,,,2026-07-03 12:56:55
Orissa,Nayagarh,20260703,06,2026-07-03 06:00:00,2026-07-03 06:00:00,2026-07-04 06:00:00,20260704,6.481250108778476,21.60416702926159,0.3,6.481250108778476,0.0,,PENDING,,,,2026-07-03 12:56:55
Orissa,Nuapada,20260703,06,2026-07-03 06:00:00,2026-07-03 06:00:00,2026-07-04 06:00:00,20260704,3.364903092782383,9.625,0.3496003213280398,3.364903092782383,0.0,,PENDING,,,,2026-07-03 12:56:55
Orissa,Puri,20260703,06,2026-07-03 06:00:00,2026-07-03 06:00:00,2026-07-04 06:00:00,20260704,7.578749871253967,25.262499570846558,0.3,7.578749871253967,0.0,,PENDING,,,,2026-07-03 12:56:55
Orissa,Rayagada,20260703,06,2026-07-03 06:00:00,2026-07-03 06:00:00,2026-07-04 06:00:00,20260704,3.796378730184411,7.57500009983778,0.5011721029899011,3.796378730184411,0.0,,PENDING,,,,2026-07-03 12:56:55
Orissa,Sambalpur,20260703,06,2026-07-03 06:00:00,2026-07-03 06:00:00,2026-07-04 06:00:00,20260704,4.381324774717186,13.81818201392889,0.3170695515734819,4.381324774717186,0.0,,PENDING,,,,2026-07-03 12:56:55
Orissa,Sonepur,20260703,06,2026-07-03 06:00:00,2026-07-03 06:00:00,2026-07-04 06:00:00,20260704,3.712269631875296,4.78125,0.7764224066667286,3.712269631875296,0.0,,PENDING,,,,2026-07-03 12:56:55
Orissa,Sundargarh,20260703,06,2026-07-03 06:00:00,2026-07-03 06:00:00,2026-07-04 06:00:00,20260704,5.1898039106683935,13.50961554562673,0.384156299129357,5.1898039106683935,0.0,,PENDING,,,,2026-07-03 12:56:55
Puducherry,Karaikal,20260703,06,2026-07-03 06:00:00,2026-07-03 06:00:00,2026-07-04 06:00:00,20260704,0.0,0.0,1.0,0.0,0.0,,PENDING,,,,2026-07-03 12:56:55
Puducherry,Mahe,20260703,06,2026-07-03 06:00:00,2026-07-03 06:00:00,2026-07-04 06:00:00,20260704,0.0,0.0,1.0,0.0,0.0,,PENDING,,,,2026-07-03 12:56:55
Puducherry,Puducherry,20260703,06,2026-07-03 06:00:00,2026-07-03 06:00:00,2026-07-04 06:00:00,20260704,0.0,0.0,1.0,0.0,0.0,,PENDING,,,,2026-07-03 12:56:55
Puducherry,Yanam,20260703,06,2026-07-03 06:00:00,2026-07-03 06:00:00,2026-07-04 06:00:00,20260704,0.0,0.0,1.0,0.0,0.0,,PENDING,,,,2026-07-03 12:56:55
Punjab,Amritsar,20260703,06,2026-07-03 06:00:00,2026-07-03 06:00:00,2026-07-04 06:00:00,20260704,0.3750000111758709,0.1250000037252903,3.0,0.3750000111758709,0.0,,PENDING,,,,2026-07-03 12:56:55
Punjab,Bathinda,20260703,06,2026-07-03 06:00:00,2026-07-03 06:00:00,2026-07-04 06:00:00,20260704,0.0357142873108387,0.0357142873108387,1.0,0.0357142873108387,0.0,,PENDING,,,,2026-07-03 12:56:55
Punjab,Faridkot,20260703,06,2026-07-03 06:00:00,2026-07-03 06:00:00,2026-07-04 06:00:00,20260704,0.0,0.0,1.0,0.0,0.0,,PENDING,,,,2026-07-03 12:56:55
Punjab,Fatehgarh Sahib,20260703,06,2026-07-03 06:00:00,2026-07-03 06:00:00,2026-07-04 06:00:00,20260704,1.2391712528181402,2.0625,0.600810304396674,1.2391712528181402,0.0,,PENDING,,,,2026-07-03 12:56:55
Punjab,Firozpur,20260703,06,2026-07-03 06:00:00,2026-07-03 06:00:00,2026-07-04 06:00:00,20260704,0.0,0.0,1.0,0.0,0.0,,PENDING,,,,2026-07-03 12:56:55
Punjab,Gurdaspur,20260703,06,2026-07-03 06:00:00,2026-07-03 06:00:00,2026-07-04 06:00:00,20260704,3.380333759281869,1.4479166669771075,2.3346189987157007,3.380333759281869,0.0,,PENDING,,,,2026-07-03 12:56:55
Punjab,Hoshiarpur,20260703,06,2026-07-03 06:00:00,2026-07-03 06:00:00,2026-07-04 06:00:00,20260704,2.737499987706542,0.9124999959021807,3.0,2.737499987706542,0.0,,PENDING,,,,2026-07-03 12:56:55
Punjab,Jalandhar,20260703,06,2026-07-03 06:00:00,2026-07-03 06:00:00,2026-07-04 06:00:00,20260704,0.0,0.0,1.0,0.0,0.0,,PENDING,,,,2026-07-03 12:56:55
Punjab,Kapurthala,20260703,06,2026-07-03 06:00:00,2026-07-03 06:00:00,2026-07-04 06:00:00,20260704,0.5625,0.1875,3.0,0.5625,0.0,,PENDING,,,,2026-07-03 12:56:55
Punjab,Ludhiana,20260703,06,2026-07-03 06:00:00,2026-07-03 06:00:00,2026-07-04 06:00:00,20260704,2.419605985398162,1.0624999767169356,2.277276271454242,2.419605985398162,0.0,,PENDING,,,,2026-07-03 12:56:55
Punjab,Mansa,20260703,06,2026-07-03 06:00:00,2026-07-03 06:00:00,2026-07-04 06:00:00,20260704,0.0,0.0,1.0,0.0,0.0,,PENDING,,,,2026-07-03 12:56:55
Punjab,Moga,20260703,06,2026-07-03 06:00:00,2026-07-03 06:00:00,2026-07-04 06:00:00,20260704,0.515625,0.171875,3.0,0.515625,0.0,,PENDING,,,,2026-07-03 12:56:55
Punjab,Muktsar,20260703,06,2026-07-03 06:00:00,2026-07-03 06:00:00,2026-07-04 06:00:00,20260704,0.0,0.0,1.0,0.0,0.0,,PENDING,,,,2026-07-03 12:56:55
Punjab,Nawan Shehar,20260703,06,2026-07-03 06:00:00,2026-07-03 06:00:00,2026-07-04 06:00:00,20260704,2.484375,0.828125,3.0,2.484375,0.0,,PENDING,,,,2026-07-03 12:56:55
Punjab,Patiala,20260703,06,2026-07-03 06:00:00,2026-07-03 06:00:00,2026-07-04 06:00:00,20260704,2.0329765472680195,0.9479166865348816,2.1446785104074753,2.0329765472680195,0.0,,PENDING,,,,2026-07-03 12:56:55
Punjab,Rupnagar,20260703,06,2026-07-03 06:00:00,2026-07-03 06:00:00,2026-07-04 06:00:00,20260704,3.75,1.25,3.0,3.75,0.0,,PENDING,,,,2026-07-03 12:56:55
Punjab,Sangrur,20260703,06,2026-07-03 06:00:00,2026-07-03 06:00:00,2026-07-04 06:00:00,20260704,1.9343265554446676,0.8515625,2.271502744008417,1.9343265554446676,0.0,,PENDING,,,,2026-07-03 12:56:55
Rajasthan,Ajmer,20260703,06,2026-07-03 06:00:00,2026-07-03 06:00:00,2026-07-04 06:00:00,20260704,2.7336556054644934,2.3708333862014115,1.153035730547224,2.7336556054644934,0.0,,PENDING,,,,2026-07-03 12:56:55
Rajasthan,Alwar,20260703,06,2026-07-03 06:00:00,2026-07-03 06:00:00,2026-07-04 06:00:00,20260704,0.8169642719440162,0.27232142398133874,3.0,0.8169642719440162,0.0,,PENDING,,,,2026-07-03 12:56:55
Rajasthan,Banswara,20260703,06,2026-07-03 06:00:00,2026-07-03 06:00:00,2026-07-04 06:00:00,20260704,3.5899876055972917,10.535714074969292,0.34074459310986527,3.5899876055972917,0.0,,PENDING,,,,2026-07-03 12:56:55
Rajasthan,Baran,20260703,06,2026-07-03 06:00:00,2026-07-03 06:00:00,2026-07-04 06:00:00,20260704,4.954841140453538,4.512499975506216,1.0980257434566965,4.954841140453538,0.0,,PENDING,,,,2026-07-03 12:56:55
Rajasthan,Barmer,20260703,06,2026-07-03 06:00:00,2026-07-03 06:00:00,2026-07-04 06:00:00,20260704,1.242342130877588,2.7453125966712832,0.45253212052570596,1.242342130877588,0.0,,PENDING,,,,2026-07-03 12:56:55
Rajasthan,Bharatpur,20260703,06,2026-07-03 06:00:00,2026-07-03 06:00:00,2026-07-04 06:00:00,20260704,0.37499999441206455,0.12499999813735485,3.0,0.37499999441206455,0.0,,PENDING,,,,2026-07-03 12:56:55
Rajasthan,Bhilwara,20260703,06,2026-07-03 06:00:00,2026-07-03 06:00:00,2026-07-04 06:00:00,20260704,3.2267639288142935,3.5669642882421613,0.9046246802780518,3.2267639288142935,0.0,,PENDING,,,,2026-07-03 12:56:55
Rajasthan,Bikaner,20260703,06,2026-07-03 06:00:00,2026-07-03 06:00:00,2026-07-04 06:00:00,20260704,1.048076936043799,0.3493589786812663,3.0,1.048076936043799,0.0,,PENDING,,,,2026-07-03 12:56:55
Rajasthan,Bundi,20260703,06,2026-07-03 06:00:00,2026-07-03 06:00:00,2026-07-04 06:00:00,20260704,4.23512353416525,2.767857058905065,1.530109194237299,4.23512353416525,0.0,,PENDING,,,,2026-07-03 12:56:55
Rajasthan,Chittaurgarh,20260703,06,2026-07-03 06:00:00,2026-07-03 06:00:00,2026-07-04 06:00:00,20260704,3.3916140502796246,3.8437500298023224,0.8823711281906773,3.3916140502796246,0.0,,PENDING,,,,2026-07-03 12:56:55
Rajasthan,Churu,20260703,06,2026-07-03 06:00:00,2026-07-03 06:00:00,2026-07-04 06:00:00,20260704,0.004807692486792803,0.004807692486792803,1.0,0.004807692486792803,0.0,,PENDING,,,,2026-07-03 12:56:55
Rajasthan,Dausa,20260703,06,2026-07-03 06:00:00,2026-07-03 06:00:00,2026-07-04 06:00:00,20260704,2.437500041909516,0.8125000139698386,3.0,2.437500041909516,0.0,,PENDING,,,,2026-07-03 12:56:55
Rajasthan,Dhaulpur,20260703,06,2026-07-03 06:00:00,2026-07-03 06:00:00,2026-07-04 06:00:00,20260704,2.0624999832361937,0.6874999944120646,3.0,2.0624999832361937,0.0,,PENDING,,,,2026-07-03 12:56:55
Rajasthan,Dungarpur,20260703,06,2026-07-03 06:00:00,2026-07-03 06:00:00,2026-07-04 06:00:00,20260704,2.619388524738893,5.250000163912773,0.49893113199194433,2.619388524738893,0.0,,PENDING,,,,2026-07-03 12:56:55
Rajasthan,Ganganagar,20260703,06,2026-07-03 06:00:00,2026-07-03 06:00:00,2026-07-04 06:00:00,20260704,0.015625,0.015625,1.0,0.015625,0.0,,PENDING,,,,2026-07-03 12:56:55
Rajasthan,Hanumangarh,20260703,06,2026-07-03 06:00:00,2026-07-03 06:00:00,2026-07-04 06:00:00,20260704,0.0,0.0,1.0,0.0,0.0,,PENDING,,,,2026-07-03 12:56:55
Rajasthan,Jaipur,20260703,06,2026-07-03 06:00:00,2026-07-03 06:00:00,2026-07-04 06:00:00,20260704,3.0101778054713653,2.5874999361112714,1.1633537699696845,3.0101778054713653,0.0,,PENDING,,,,2026-07-03 12:56:55
Rajasthan,Jaisalmer,20260703,06,2026-07-03 06:00:00,2026-07-03 06:00:00,2026-07-04 06:00:00,20260704,0.7355730258620542,0.5943181738257408,1.2376754712497324,0.7355730258620542,0.0,,PENDING,,,,2026-07-03 12:56:55
Rajasthan,Jalor,20260703,06,2026-07-03 06:00:00,2026-07-03 06:00:00,2026-07-04 06:00:00,20260704,2.2006968186071068,3.0625,0.7185948795451778,2.2006968186071068,0.0,,PENDING,,,,2026-07-03 12:56:55
Rajasthan,Jhalawar,20260703,06,2026-07-03 06:00:00,2026-07-03 06:00:00,2026-07-04 06:00:00,20260704,3.7943009115653497,4.319444507360458,0.8784233493681308,3.7943009115653497,0.0,,PENDING,,,,2026-07-03 12:56:55
Rajasthan,Jhunjhunun,20260703,06,2026-07-03 06:00:00,2026-07-03 06:00:00,2026-07-04 06:00:00,20260704,0.046875,0.046875,1.0,0.046875,0.0,,PENDING,,,,2026-07-03 12:56:55
Rajasthan,Jodhpur,20260703,06,2026-07-03 06:00:00,2026-07-03 06:00:00,2026-07-04 06:00:00,20260704,1.401765636761735,1.8823529437649995,0.7446879935056095,1.401765636761735,0.0,,PENDING,,,,2026-07-03 12:56:55
Rajasthan,Karauli,20260703,06,2026-07-03 06:00:00,2026-07-03 06:00:00,2026-07-04 06:00:00,20260704,3.184970587179969,1.6250000093132257,1.9599818885699785,3.184970587179969,0.0,,PENDING,,,,2026-07-03 12:56:55
Rajasthan,Kota,20260703,06,2026-07-03 06:00:00,2026-07-03 06:00:00,2026-07-04 06:00:00,20260704,4.502993411413611,2.3500000373460352,1.916167378660577,4.502993411413611,0.0,,PENDING,,,,2026-07-03 12:56:55
Rajasthan,Nagaur,20260703,06,2026-07-03 06:00:00,2026-07-03 06:00:00,2026-07-04 06:00:00,20260704,2.2823153966305694,0.7932692228350788,2.8771006499833214,2.2823153966305694,0.0,,PENDING,,,,2026-07-03 12:56:55
Rajasthan,Pali,20260703,06,2026-07-03 06:00:00,2026-07-03 06:00:00,2026-07-04 06:00:00,20260704,2.6071859379769524,1.8345588184893131,1.421151457070135,2.6071859379769524,0.0,,PENDING,,,,2026-07-03 12:56:55
Rajasthan,Rajsamand,20260703,06,2026-07-03 06:00:00,2026-07-03 06:00:00,2026-07-04 06:00:00,20260704,5.675892846286296,18.919642820954323,0.3,5.675892846286296,0.0,,PENDING,,,,2026-07-03 12:56:55
Rajasthan,Sawai Madhopur,20260703,06,2026-07-03 06:00:00,2026-07-03 06:00:00,2026-07-04 06:00:00,20260704,3.8705680429906293,1.9910714477300644,1.9439624064738104,3.8705680429906293,0.0,,PENDING,,,,2026-07-03 12:56:55
Rajasthan,Sikar,20260703,06,2026-07-03 06:00:00,2026-07-03 06:00:00,2026-07-04 06:00:00,20260704,1.031249970663339,0.34374999022111297,3.0,1.031249970663339,0.0,,PENDING,,,,2026-07-03 12:56:55
Rajasthan,Sirohi,20260703,06,2026-07-03 06:00:00,2026-07-03 06:00:00,2026-07-04 06:00:00,20260704,2.9204422337168903,6.5703125,0.4444906134551272,2.9204422337168903,0.0,,PENDING,,,,2026-07-03 12:56:55
Rajasthan,Tonk,20260703,06,2026-07-03 06:00:00,2026-07-03 06:00:00,2026-07-04 06:00:00,20260704,3.747381246210142,3.6249999878928065,1.0337603472347803,3.747381246210142,0.0,,PENDING,,,,2026-07-03 12:56:55
Rajasthan,Udaipur,20260703,06,2026-07-03 06:00:00,2026-07-03 06:00:00,2026-07-04 06:00:00,20260704,3.0253603546110464,9.020833257585764,0.33537482272682206,3.0253603546110464,0.0,,PENDING,,,,2026-07-03 12:56:55
Sikkim,East,20260703,06,2026-07-03 06:00:00,2026-07-03 06:00:00,2026-07-04 06:00:00,20260704,9.69128929034692,10.84375,0.8937212025680156,9.69128929034692,0.0,,PENDING,,,,2026-07-03 12:56:55
Sikkim,North Sikkim,20260703,06,2026-07-03 06:00:00,2026-07-03 06:00:00,2026-07-04 06:00:00,20260704,6.037081875845994,3.6071428703144193,1.6736464545192153,6.037081875845994,0.0,,PENDING,,,,2026-07-03 12:56:55
Sikkim,South Sikkim,20260703,06,2026-07-03 06:00:00,2026-07-03 06:00:00,2026-07-04 06:00:00,20260704,0.0,0.0,1.0,0.0,0.0,,PENDING,,,,2026-07-03 12:56:55
Sikkim,West Sikkim,20260703,06,2026-07-03 06:00:00,2026-07-03 06:00:00,2026-07-04 06:00:00,20260704,7.98988926394345,6.375,1.2533159629715216,7.98988926394345,0.0,,PENDING,,,,2026-07-03 12:56:55
Tamil Nadu,Ariyalur,20260703,06,2026-07-03 06:00:00,2026-07-03 06:00:00,2026-07-04 06:00:00,20260704,3.659802990866034,1.2291667014360428,2.9774667558031505,3.659802990866034,0.0,,PENDING,,,,2026-07-03 12:56:55
Tamil Nadu,Chennai,20260703,06,2026-07-03 06:00:00,2026-07-03 06:00:00,2026-07-04 06:00:00,20260704,1.6875,1.6875,,,0.0,,PENDING,,,,2026-07-03 12:56:55
Tamil Nadu,Coimbatore,20260703,06,2026-07-03 06:00:00,2026-07-03 06:00:00,2026-07-04 06:00:00,20260704,2.875000003259629,0.9583333344198763,3.0,2.875000003259629,0.0,,PENDING,,,,2026-07-03 12:56:55
Tamil Nadu,Cuddalore,20260703,06,2026-07-03 06:00:00,2026-07-03 06:00:00,2026-07-04 06:00:00,20260704,3.9033389946048507,1.883928555995226,2.0719145543939312,3.9033389946048507,0.0,,PENDING,,,,2026-07-03 12:56:55
Tamil Nadu,Dharmapuri,20260703,06,2026-07-03 06:00:00,2026-07-03 06:00:00,2026-07-04 06:00:00,20260704,1.341346173081547,0.44711539102718234,3.0,1.341346173081547,0.0,,PENDING,,,,2026-07-03 12:56:55
Tamil Nadu,Dindigul,20260703,06,2026-07-03 06:00:00,2026-07-03 06:00:00,2026-07-04 06:00:00,20260704,1.8349758311417208,3.203125,0.5728705033808299,1.8349758311417208,0.0,,PENDING,,,,2026-07-03 12:56:55
Tamil Nadu,Erode,20260703,06,2026-07-03 06:00:00,2026-07-03 06:00:00,2026-07-04 06:00:00,20260704,1.4687499767169356,0.4895833255723119,3.0,1.4687499767169356,0.0,,PENDING,,,,2026-07-03 12:56:55
Tamil Nadu,Kancheepuram,20260703,06,2026-07-03 06:00:00,2026-07-03 06:00:00,2026-07-04 06:00:00,20260704,2.87317208434621,1.0124999871477485,2.837700860066227,2.87317208434621,0.0,,PENDING,,,,2026-07-03 12:56:55
Tamil Nadu,Kanniyakumari,20260703,06,2026-07-03 06:00:00,2026-07-03 06:00:00,2026-07-04 06:00:00,20260704,1.875000011175871,0.6250000037252903,3.0,1.875000011175871,0.0,,PENDING,,,,2026-07-03 12:56:55
Tamil Nadu,Karur,20260703,06,2026-07-03 06:00:00,2026-07-03 06:00:00,2026-07-04 06:00:00,20260704,1.250000026077032,0.4166666753590107,3.0,1.250000026077032,0.0,,PENDING,,,,2026-07-03 12:56:55
Tamil Nadu,Madurai,20260703,06,2026-07-03 06:00:00,2026-07-03 06:00:00,2026-07-04 06:00:00,20260704,2.1056802509500554,3.2999999979510903,0.638084924926495,2.1056802509500554,0.0,,PENDING,,,,2026-07-03 12:56:55
Tamil Nadu,Nagapattinam,20260703,06,2026-07-03 06:00:00,2026-07-03 06:00:00,2026-07-04 06:00:00,20260704,4.324495224328074,3.6458334401249886,1.186147226786043,4.324495224328074,0.0,,PENDING,,,,2026-07-03 12:56:55
Tamil Nadu,Namakkal,20260703,06,2026-07-03 06:00:00,2026-07-03 06:00:00,2026-07-04 06:00:00,20260704,2.4424978472700674,0.96875,2.5212881004078116,2.4424978472700674,0.0,,PENDING,,,,2026-07-03 12:56:55
Tamil Nadu,Nilgiris,20260703,06,2026-07-03 06:00:00,2026-07-03 06:00:00,2026-07-04 06:00:00,20260704,4.40625,1.46875,3.0,4.40625,0.0,,PENDING,,,,2026-07-03 12:56:55
Tamil Nadu,Perambalur,20260703,06,2026-07-03 06:00:00,2026-07-03 06:00:00,2026-07-04 06:00:00,20260704,2.768340721338579,0.9375,2.9528967694278174,2.768340721338579,0.0,,PENDING,,,,2026-07-03 12:56:55
Tamil Nadu,Pudukkottai,20260703,06,2026-07-03 06:00:00,2026-07-03 06:00:00,2026-07-04 06:00:00,20260704,2.3341572321382755,4.205357235856354,0.5550437456862001,2.3341572321382755,0.0,,PENDING,,,,2026-07-03 12:56:55
Tamil Nadu,Ramanathapuram,20260703,06,2026-07-03 06:00:00,2026-07-03 06:00:00,2026-07-04 06:00:00,20260704,1.5312500484287739,0.5104166828095913,3.0,1.5312500484287739,0.0,,PENDING,,,,2026-07-03 12:56:55
Tamil Nadu,Salem,20260703,06,2026-07-03 06:00:00,2026-07-03 06:00:00,2026-07-04 06:00:00,20260704,1.4732142984867096,0.4910714328289032,3.0,1.4732142984867096,0.0,,PENDING,,,,2026-07-03 12:56:55
Tamil Nadu,Sivaganga,20260703,06,2026-07-03 06:00:00,2026-07-03 06:00:00,2026-07-04 06:00:00,20260704,2.4673345588249704,1.78125,1.38517027863858,2.4673345588249704,0.0,,PENDING,,,,2026-07-03 12:56:55
Tamil Nadu,Thanjavur,20260703,06,2026-07-03 06:00:00,2026-07-03 06:00:00,2026-07-04 06:00:00,20260704,3.6542452804274754,2.800000037997961,1.3050875824417172,3.6542452804274754,0.0,,PENDING,,,,2026-07-03 12:56:55
Tamil Nadu,Theni,20260703,06,2026-07-03 06:00:00,2026-07-03 06:00:00,2026-07-04 06:00:00,20260704,1.9295558644024884,1.140625,1.6916654153665651,1.9295558644024884,0.0,,PENDING,,,,2026-07-03 12:56:55
Tamil Nadu,Thiruvallur,20260703,06,2026-07-03 06:00:00,2026-07-03 06:00:00,2026-07-04 06:00:00,20260704,3.328125,1.109375,3.0,3.328125,0.0,,PENDING,,,,2026-07-03 12:56:55
Tamil Nadu,Thiruvarur,20260703,06,2026-07-03 06:00:00,2026-07-03 06:00:00,2026-07-04 06:00:00,20260704,4.444866641845605,3.47916672937572,1.2775664369046102,4.444866641845605,0.0,,PENDING,,,,2026-07-03 12:56:55
Tamil Nadu,Thoothukudi,20260703,06,2026-07-03 06:00:00,2026-07-03 06:00:00,2026-07-04 06:00:00,20260704,0.7767857294529676,0.25892857648432255,3.0,0.7767857294529676,0.0,,PENDING,,,,2026-07-03 12:56:55
Tamil Nadu,Tiruchchirappalli,20260703,06,2026-07-03 06:00:00,2026-07-03 06:00:00,2026-07-04 06:00:00,20260704,2.132352757800932,1.3645833488553762,1.5626401711478943,2.132352757800932,0.0,,PENDING,,,,2026-07-03 12:56:55
Tamil Nadu,Tirunelveli Kattabo,20260703,06,2026-07-03 06:00:00,2026-07-03 06:00:00,2026-07-04 06:00:00,20260704,1.604166666045785,0.5347222220152617,3.0,1.604166666045785,0.0,,PENDING,,,,2026-07-03 12:56:55
Tamil Nadu,Tiruvannamalai,20260703,06,2026-07-03 06:00:00,2026-07-03 06:00:00,2026-07-04 06:00:00,20260704,1.2421875,0.4140625,3.0,1.2421875,0.0,,PENDING,,,,2026-07-03 12:56:55
Tamil Nadu,Vellore,20260703,06,2026-07-03 06:00:00,2026-07-03 06:00:00,2026-07-04 06:00:00,20260704,1.4166666772216558,0.47222222574055195,3.0,1.4166666772216558,0.0,,PENDING,,,,2026-07-03 12:56:55
Tamil Nadu,Villupuram,20260703,06,2026-07-03 06:00:00,2026-07-03 06:00:00,2026-07-04 06:00:00,20260704,2.454545510932803,0.818181836977601,3.0,2.454545510932803,0.0,,PENDING,,,,2026-07-03 12:56:55
Tamil Nadu,Virudhunagar,20260703,06,2026-07-03 06:00:00,2026-07-03 06:00:00,2026-07-04 06:00:00,20260704,0.037500000558793545,0.037500000558793545,1.0,0.037500000558793545,0.0,,PENDING,,,,2026-07-03 12:56:55
Tripura,Dhalai,20260703,06,2026-07-03 06:00:00,2026-07-03 06:00:00,2026-07-04 06:00:00,20260704,6.845518502929847,14.21875,0.4814430595467145,6.845518502929847,0.0,,PENDING,,,,2026-07-03 12:56:55
Tripura,North Tripura,20260703,06,2026-07-03 06:00:00,2026-07-03 06:00:00,2026-07-04 06:00:00,20260704,7.205864640590671,14.640625,0.4921828569880501,7.205864640590671,0.0,,PENDING,,,,2026-07-03 12:56:55
Tripura,South Tripura,20260703,06,2026-07-03 06:00:00,2026-07-03 06:00:00,2026-07-04 06:00:00,20260704,6.08742993931758,7.546875,0.8066159753961183,6.08742993931758,0.0,,PENDING,,,,2026-07-03 12:56:55
Tripura,West Tripura,20260703,06,2026-07-03 06:00:00,2026-07-03 06:00:00,2026-07-04 06:00:00,20260704,5.221665520428522,9.906250078231096,0.5271081871739832,5.221665520428522,0.0,,PENDING,,,,2026-07-03 12:56:55
Uttar Pradesh,Agra,20260703,06,2026-07-03 06:00:00,2026-07-03 06:00:00,2026-07-04 06:00:00,20260704,2.109375,0.703125,3.0,2.109375,0.0,,PENDING,,,,2026-07-03 12:56:55
Uttar Pradesh,Aligarh,20260703,06,2026-07-03 06:00:00,2026-07-03 06:00:00,2026-07-04 06:00:00,20260704,0.9687499729916453,0.3229166576638818,3.0,0.9687499729916453,0.0,,PENDING,,,,2026-07-03 12:56:55
Uttar Pradesh,Allahabad,20260703,06,2026-07-03 06:00:00,2026-07-03 06:00:00,2026-07-04 06:00:00,20260704,0.026785715483129025,0.026785715483129025,1.0,0.026785715483129025,0.0,,PENDING,,,,2026-07-03 12:56:55
Uttar Pradesh,Ambedkar Nagar,20260703,06,2026-07-03 06:00:00,2026-07-03 06:00:00,2026-07-04 06:00:00,20260704,0.0,0.0,1.0,0.0,0.0,,PENDING,,,,2026-07-03 12:56:55
Uttar Pradesh,Auraiya,20260703,06,2026-07-03 06:00:00,2026-07-03 06:00:00,2026-07-04 06:00:00,20260704,0.31250000931322575,0.10416666977107525,3.0,0.31250000931322575,0.0,,PENDING,,,,2026-07-03 12:56:55
Uttar Pradesh,Azamgarh,20260703,06,2026-07-03 06:00:00,2026-07-03 06:00:00,2026-07-04 06:00:00,20260704,0.0,0.0,1.0,0.0,0.0,,PENDING,,,,2026-07-03 12:56:55
Uttar Pradesh,Badaun,20260703,06,2026-07-03 06:00:00,2026-07-03 06:00:00,2026-07-04 06:00:00,20260704,0.008928571827709675,0.008928571827709675,1.0,0.008928571827709675,0.0,,PENDING,,,,2026-07-03 12:56:55
Uttar Pradesh,Baghpat,20260703,06,2026-07-03 06:00:00,2026-07-03 06:00:00,2026-07-04 06:00:00,20260704,0.75,0.25,3.0,0.75,0.0,,PENDING,,,,2026-07-03 12:56:55
Uttar Pradesh,Bahraich,20260703,06,2026-07-03 06:00:00,2026-07-03 06:00:00,2026-07-04 06:00:00,20260704,1.2499999925494194,0.4166666641831398,3.0,1.2499999925494194,0.0,,PENDING,,,,2026-07-03 12:56:55
Uttar Pradesh,Ballia,20260703,06,2026-07-03 06:00:00,2026-07-03 06:00:00,2026-07-04 06:00:00,20260704,0.0,0.0,1.0,0.0,0.0,,PENDING,,,,2026-07-03 12:56:55
Uttar Pradesh,Balrampur,20260703,06,2026-07-03 06:00:00,2026-07-03 06:00:00,2026-07-04 06:00:00,20260704,1.7499999459832907,0.5833333153277636,3.0,1.7499999459832907,0.0,,PENDING,,,,2026-07-03 12:56:55
Uttar Pradesh,Banda,20260703,06,2026-07-03 06:00:00,2026-07-03 06:00:00,2026-07-04 06:00:00,20260704,0.010416666977107525,0.010416666977107525,1.0,0.010416666977107525,0.0,,PENDING,,,,2026-07-03 12:56:55
Uttar Pradesh,Bara Banki,20260703,06,2026-07-03 06:00:00,2026-07-03 06:00:00,2026-07-04 06:00:00,20260704,0.0,0.0,1.0,0.0,0.0,,PENDING,,,,2026-07-03 12:56:55
Uttar Pradesh,Bareilly,20260703,06,2026-07-03 06:00:00,2026-07-03 06:00:00,2026-07-04 06:00:00,20260704,0.02500000037252903,0.02500000037252903,1.0,0.02500000037252903,0.0,,PENDING,,,,2026-07-03 12:56:55
Uttar Pradesh,Basti,20260703,06,2026-07-03 06:00:00,2026-07-03 06:00:00,2026-07-04 06:00:00,20260704,0.0,0.0,1.0,0.0,0.0,,PENDING,,,,2026-07-03 12:56:55
Uttar Pradesh,Bijnor,20260703,06,2026-07-03 06:00:00,2026-07-03 06:00:00,2026-07-04 06:00:00,20260704,2.3250000402331352,0.7750000134110451,3.0,2.3250000402331352,0.0,,PENDING,,,,2026-07-03 12:56:55
Uttar Pradesh,Bulandshahr,20260703,06,2026-07-03 06:00:00,2026-07-03 06:00:00,2026-07-04 06:00:00,20260704,2.407869590692324,0.9999999944120646,2.407869604147344,2.407869590692324,0.0,,PENDING,,,,2026-07-03 12:56:55
Uttar Pradesh,Chandauli,20260703,06,2026-07-03 06:00:00,2026-07-03 06:00:00,2026-07-04 06:00:00,20260704,0.0,0.0,1.0,0.0,0.0,,PENDING,,,,2026-07-03 12:56:55
Uttar Pradesh,Chitrakoot,20260703,06,2026-07-03 06:00:00,2026-07-03 06:00:00,2026-07-04 06:00:00,20260704,0.0625,0.0625,1.0,0.0625,0.0,,PENDING,,,,2026-07-03 12:56:55
Uttar Pradesh,Deoria,20260703,06,2026-07-03 06:00:00,2026-07-03 06:00:00,2026-07-04 06:00:00,20260704,0.0,0.0,1.0,0.0,0.0,,PENDING,,,,2026-07-03 12:56:55
Uttar Pradesh,Etah,20260703,06,2026-07-03 06:00:00,2026-07-03 06:00:00,2026-07-04 06:00:00,20260704,1.1953125,0.3984375,3.0,1.1953125,0.0,,PENDING,,,,2026-07-03 12:56:55
Uttar Pradesh,Etawah,20260703,06,2026-07-03 06:00:00,2026-07-03 06:00:00,2026-07-04 06:00:00,20260704,0.84375,0.28125,3.0,0.84375,0.0,,PENDING,,,,2026-07-03 12:56:55
Uttar Pradesh,Faizabad,20260703,06,2026-07-03 06:00:00,2026-07-03 06:00:00,2026-07-04 06:00:00,20260704,0.0,0.0,1.0,0.0,0.0,,PENDING,,,,2026-07-03 12:56:55
Uttar Pradesh,Farrukhabad,20260703,06,2026-07-03 06:00:00,2026-07-03 06:00:00,2026-07-04 06:00:00,20260704,0.0625,0.0625,1.0,0.0625,0.0,,PENDING,,,,2026-07-03 12:56:55
Uttar Pradesh,Fatehpur,20260703,06,2026-07-03 06:00:00,2026-07-03 06:00:00,2026-07-04 06:00:00,20260704,0.008928571827709675,0.008928571827709675,1.0,0.008928571827709675,0.0,,PENDING,,,,2026-07-03 12:56:55
Uttar Pradesh,Firozabad,20260703,06,2026-07-03 06:00:00,2026-07-03 06:00:00,2026-07-04 06:00:00,20260704,0.9375,0.3125,3.0,0.9375,0.0,,PENDING,,,,2026-07-03 12:56:55
Uttar Pradesh,Gautam Buddha Nagar,20260703,06,2026-07-03 06:00:00,2026-07-03 06:00:00,2026-07-04 06:00:00,20260704,1.473809727352776,0.75,1.965079636470368,1.473809727352776,0.0,,PENDING,,,,2026-07-03 12:56:55
Uttar Pradesh,Ghaziabad,20260703,06,2026-07-03 06:00:00,2026-07-03 06:00:00,2026-07-04 06:00:00,20260704,1.4842551674336604,1.16666666790843,1.2722187135890277,1.4842551674336604,0.0,,PENDING,,,,2026-07-03 12:56:55
Uttar Pradesh,Ghazipur,20260703,06,2026-07-03 06:00:00,2026-07-03 06:00:00,2026-07-04 06:00:00,20260704,0.0,0.0,1.0,0.0,0.0,,PENDING,,,,2026-07-03 12:56:55
Uttar Pradesh,Gonda,20260703,06,2026-07-03 06:00:00,2026-07-03 06:00:00,2026-07-04 06:00:00,20260704,0.0,0.0,1.0,0.0,0.0,,PENDING,,,,2026-07-03 12:56:55
Uttar Pradesh,Gorakhpur,20260703,06,2026-07-03 06:00:00,2026-07-03 06:00:00,2026-07-04 06:00:00,20260704,0.0,0.0,1.0,0.0,0.0,,PENDING,,,,2026-07-03 12:56:55
Uttar Pradesh,Hamirpur,20260703,06,2026-07-03 06:00:00,2026-07-03 06:00:00,2026-07-04 06:00:00,20260704,0.0535714291036129,0.0535714291036129,1.0,0.0535714291036129,0.0,,PENDING,,,,2026-07-03 12:56:55
Uttar Pradesh,Hardoi,20260703,06,2026-07-03 06:00:00,2026-07-03 06:00:00,2026-07-04 06:00:00,20260704,0.05555555783212185,0.05555555783212185,1.0,0.05555555783212185,0.0,,PENDING,,,,2026-07-03 12:56:55
Uttar Pradesh,Hathras,20260703,06,2026-07-03 06:00:00,2026-07-03 06:00:00,2026-07-04 06:00:00,20260704,1.3125,0.4375,3.0,1.3125,0.0,,PENDING,,,,2026-07-03 12:56:55
Uttar Pradesh,Jalaun,20260703,06,2026-07-03 06:00:00,2026-07-03 06:00:00,2026-07-04 06:00:00,20260704,0.5000000149011612,0.1666666716337204,3.0,0.5000000149011612,0.0,,PENDING,,,,2026-07-03 12:56:55
Uttar Pradesh,Jaunpur,20260703,06,2026-07-03 06:00:00,2026-07-03 06:00:00,2026-07-04 06:00:00,20260704,0.0,0.0,1.0,0.0,0.0,,PENDING,,,,2026-07-03 12:56:55
Uttar Pradesh,Jhansi,20260703,06,2026-07-03 06:00:00,2026-07-03 06:00:00,2026-07-04 06:00:00,20260704,0.5208333302289248,0.17361111007630825,3.0,0.5208333302289248,0.0,,PENDING,,,,2026-07-03 12:56:55
Uttar Pradesh,Jyotiba Phule Nagar,20260703,06,2026-07-03 06:00:00,2026-07-03 06:00:00,2026-07-04 06:00:00,20260704,2.63571777639732,1.25,2.108574221117856,2.63571777639732,0.0,,PENDING,,,,2026-07-03 12:56:55
Uttar Pradesh,Kannauj,20260703,06,2026-07-03 06:00:00,2026-07-03 06:00:00,2026-07-04 06:00:00,20260704,0.0,0.0,1.0,0.0,0.0,,PENDING,,,,2026-07-03 12:56:55
Uttar Pradesh,Kanpur,20260703,06,2026-07-03 06:00:00,2026-07-03 06:00:00,2026-07-04 06:00:00,20260704,0.0,0.0,1.0,0.0,0.0,,PENDING,,,,2026-07-03 12:56:55
Uttar Pradesh,Kanpur Dehat,20260703,06,2026-07-03 06:00:00,2026-07-03 06:00:00,2026-07-04 06:00:00,20260704,0.0,0.0,1.0,0.0,0.0,,PENDING,,,,2026-07-03 12:56:55
Uttar Pradesh,Kaushambi,20260703,06,2026-07-03 06:00:00,2026-07-03 06:00:00,2026-07-04 06:00:00,20260704,0.03125,0.03125,1.0,0.03125,0.0,,PENDING,,,,2026-07-03 12:56:55
Uttar Pradesh,Kushinagar,20260703,06,2026-07-03 06:00:00,2026-07-03 06:00:00,2026-07-04 06:00:00,20260704,0.0,0.0,1.0,0.0,0.0,,PENDING,,,,2026-07-03 12:56:55
Uttar Pradesh,Lakhimpur Kheri,20260703,06,2026-07-03 06:00:00,2026-07-03 06:00:00,2026-07-04 06:00:00,20260704,1.6363636404275894,0.5454545468091965,3.0,1.6363636404275894,0.0,,PENDING,,,,2026-07-03 12:56:55
Uttar Pradesh,Lalitpur,20260703,06,2026-07-03 06:00:00,2026-07-03 06:00:00,2026-07-04 06:00:00,20260704,2.3671875,0.7890625,3.0,2.3671875,0.0,,PENDING,,,,2026-07-03 12:56:55
Uttar Pradesh,Lucknow,20260703,06,2026-07-03 06:00:00,2026-07-03 06:00:00,2026-07-04 06:00:00,20260704,0.0,0.0,1.0,0.0,0.0,,PENDING,,,,2026-07-03 12:56:55
Uttar Pradesh,Maharajganj,20260703,06,2026-07-03 06:00:00,2026-07-03 06:00:00,2026-07-04 06:00:00,20260704,0.0,0.0,1.0,0.0,0.0,,PENDING,,,,2026-07-03 12:56:55
Uttar Pradesh,Mahoba,20260703,06,2026-07-03 06:00:00,2026-07-03 06:00:00,2026-07-04 06:00:00,20260704,0.4374999850988388,0.1458333283662796,3.0,0.4374999850988388,0.0,,PENDING,,,,2026-07-03 12:56:55
Uttar Pradesh,Mainpuri,20260703,06,2026-07-03 06:00:00,2026-07-03 06:00:00,2026-07-04 06:00:00,20260704,1.687499930150807,0.5624999767169356,3.0,1.687499930150807,0.0,,PENDING,,,,2026-07-03 12:56:55
Uttar Pradesh,Mathura,20260703,06,2026-07-03 06:00:00,2026-07-03 06:00:00,2026-07-04 06:00:00,20260704,0.787500006146729,0.26250000204890966,3.0,0.787500006146729,0.0,,PENDING,,,,2026-07-03 12:56:55
Uttar Pradesh,Mau,20260703,06,2026-07-03 06:00:00,2026-07-03 06:00:00,2026-07-04 06:00:00,20260704,0.0,0.0,1.0,0.0,0.0,,PENDING,,,,2026-07-03 12:56:55
Uttar Pradesh,Meerut,20260703,06,2026-07-03 06:00:00,2026-07-03 06:00:00,2026-07-04 06:00:00,20260704,2.953125,0.984375,3.0,2.953125,0.0,,PENDING,,,,2026-07-03 12:56:55
Uttar Pradesh,Mirzapur,20260703,06,2026-07-03 06:00:00,2026-07-03 06:00:00,2026-07-04 06:00:00,20260704,0.0,0.0,1.0,0.0,0.0,,PENDING,,,,2026-07-03 12:56:55
Uttar Pradesh,Moradabad,20260703,06,2026-07-03 06:00:00,2026-07-03 06:00:00,2026-07-04 06:00:00,20260704,2.3318260964669593,0.9374999701976776,2.4872812486332982,2.3318260964669593,0.0,,PENDING,,,,2026-07-03 12:56:55
Uttar Pradesh,Muzaffarnagar,20260703,06,2026-07-03 06:00:00,2026-07-03 06:00:00,2026-07-04 06:00:00,20260704,1.0124999731779099,0.3374999910593033,3.0,1.0124999731779099,0.0,,PENDING,,,,2026-07-03 12:56:55
Uttar Pradesh,Pilibhit,20260703,06,2026-07-03 06:00:00,2026-07-03 06:00:00,2026-07-04 06:00:00,20260704,1.8750000083819032,0.6250000027939677,3.0,1.8750000083819032,0.0,,PENDING,,,,2026-07-03 12:56:55
Uttar Pradesh,Pratapgarh,20260703,06,2026-07-03 06:00:00,2026-07-03 06:00:00,2026-07-04 06:00:00,20260704,0.0416666679084301,0.0416666679084301,1.0,0.0416666679084301,0.0,,PENDING,,,,2026-07-03 12:56:55
Uttar Pradesh,Rae Bareli,20260703,06,2026-07-03 06:00:00,2026-07-03 06:00:00,2026-07-04 06:00:00,20260704,0.0,0.0,1.0,0.0,0.0,,PENDING,,,,2026-07-03 12:56:55
Uttar Pradesh,Rampur,20260703,06,2026-07-03 06:00:00,2026-07-03 06:00:00,2026-07-04 06:00:00,20260704,0.65625,0.21875,3.0,0.65625,0.0,,PENDING,,,,2026-07-03 12:56:55
Uttar Pradesh,Saharanpur,20260703,06,2026-07-03 06:00:00,2026-07-03 06:00:00,2026-07-04 06:00:00,20260704,1.7249999977648258,0.5749999992549419,3.0,1.7249999977648258,0.0,,PENDING,,,,2026-07-03 12:56:55
Uttar Pradesh,Sant Kabir Nagar,20260703,06,2026-07-03 06:00:00,2026-07-03 06:00:00,2026-07-04 06:00:00,20260704,0.0,0.0,1.0,0.0,0.0,,PENDING,,,,2026-07-03 12:56:55
Uttar Pradesh,Sant Ravi Das Nagar,20260703,06,2026-07-03 06:00:00,2026-07-03 06:00:00,2026-07-04 06:00:00,20260704,0.0,0.0,1.0,0.0,0.0,,PENDING,,,,2026-07-03 12:56:55
Uttar Pradesh,Shahjahanpur,20260703,06,2026-07-03 06:00:00,2026-07-03 06:00:00,2026-07-04 06:00:00,20260704,0.515625,0.171875,3.0,0.515625,0.0,,PENDING,,,,2026-07-03 12:56:55
Uttar Pradesh,Shravasti,20260703,06,2026-07-03 06:00:00,2026-07-03 06:00:00,2026-07-04 06:00:00,20260704,0.375,0.125,3.0,0.375,0.0,,PENDING,,,,2026-07-03 12:56:55
Uttar Pradesh,Siddharth Nagar,20260703,06,2026-07-03 06:00:00,2026-07-03 06:00:00,2026-07-04 06:00:00,20260704,0.4374999850988388,0.1458333283662796,3.0,0.4374999850988388,0.0,,PENDING,,,,2026-07-03 12:56:55
Uttar Pradesh,Sitapur,20260703,06,2026-07-03 06:00:00,2026-07-03 06:00:00,2026-07-04 06:00:00,20260704,0.06944444449618459,0.06944444449618459,1.0,0.06944444449618459,0.0,,PENDING,,,,2026-07-03 12:56:55
Uttar Pradesh,Sonbhadra,20260703,06,2026-07-03 06:00:00,2026-07-03 06:00:00,2026-07-04 06:00:00,20260704,0.0,0.0,1.0,0.0,0.0,,PENDING,,,,2026-07-03 12:56:55
Uttar Pradesh,Sultanpur,20260703,06,2026-07-03 06:00:00,2026-07-03 06:00:00,2026-07-04 06:00:00,20260704,0.0,0.0,1.0,0.0,0.0,,PENDING,,,,2026-07-03 12:56:55
Uttar Pradesh,Unnao,20260703,06,2026-07-03 06:00:00,2026-07-03 06:00:00,2026-07-04 06:00:00,20260704,0.02083333395421505,0.02083333395421505,1.0,0.02083333395421505,0.0,,PENDING,,,,2026-07-03 12:56:55
Uttar Pradesh,Varanasi,20260703,06,2026-07-03 06:00:00,2026-07-03 06:00:00,2026-07-04 06:00:00,20260704,0.0,0.0,1.0,0.0,0.0,,PENDING,,,,2026-07-03 12:56:55
Uttaranchal,Almora,20260703,06,2026-07-03 06:00:00,2026-07-03 06:00:00,2026-07-04 06:00:00,20260704,3.253347052812372,8.875,0.36657431580984473,3.253347052812372,0.0,,PENDING,,,,2026-07-03 12:56:55
Uttaranchal,Bageshwar,20260703,06,2026-07-03 06:00:00,2026-07-03 06:00:00,2026-07-04 06:00:00,20260704,6.916047340905013,7.737499848008156,0.8938348919884493,6.916047340905013,0.0,,PENDING,,,,2026-07-03 12:56:55
Uttaranchal,Chamoli,20260703,06,2026-07-03 06:00:00,2026-07-03 06:00:00,2026-07-04 06:00:00,20260704,5.7034417473817385,4.604166626930237,1.2387565893079826,5.7034417473817385,0.0,,PENDING,,,,2026-07-03 12:56:55
Uttaranchal,Champawat,20260703,06,2026-07-03 06:00:00,2026-07-03 06:00:00,2026-07-04 06:00:00,20260704,4.253993164227434,12.34375,0.3446272943171592,4.253993164227434,0.0,,PENDING,,,,2026-07-03 12:56:55
Uttaranchal,Dehra Dun,20260703,06,2026-07-03 06:00:00,2026-07-03 06:00:00,2026-07-04 06:00:00,20260704,5.423757336390754,8.078125,0.671412900442956,5.423757336390754,0.0,,PENDING,,,,2026-07-03 12:56:55
Uttaranchal,Haridwar,20260703,06,2026-07-03 06:00:00,2026-07-03 06:00:00,2026-07-04 06:00:00,20260704,1.734375,0.578125,3.0,1.734375,0.0,,PENDING,,,,2026-07-03 12:56:55
Uttaranchal,Naini Tal,20260703,06,2026-07-03 06:00:00,2026-07-03 06:00:00,2026-07-04 06:00:00,20260704,4.5430638384431195,7.968749918043613,0.5701099777464813,4.5430638384431195,0.0,,PENDING,,,,2026-07-03 12:56:55
Uttaranchal,Pauri Garhwal,20260703,06,2026-07-03 06:00:00,2026-07-03 06:00:00,2026-07-04 06:00:00,20260704,2.986266252067354,2.29861107096076,1.2991611716283833,2.986266252067354,0.0,,PENDING,,,,2026-07-03 12:56:55
Uttaranchal,Pithoragarh,20260703,06,2026-07-03 06:00:00,2026-07-03 06:00:00,2026-07-04 06:00:00,20260704,7.139025788829379,6.48295459151268,1.1011994127146303,7.139025788829379,0.0,,PENDING,,,,2026-07-03 12:56:55
Uttaranchal,Rudra Prayag,20260703,06,2026-07-03 06:00:00,2026-07-03 06:00:00,2026-07-04 06:00:00,20260704,5.555120170626738,6.625,0.8385087050002623,5.555120170626738,0.0,,PENDING,,,,2026-07-03 12:56:55
Uttaranchal,Tehri Garhwal,20260703,06,2026-07-03 06:00:00,2026-07-03 06:00:00,2026-07-04 06:00:00,20260704,4.581167342687307,9.28124988079071,0.4935937941040563,4.581167342687307,0.0,,PENDING,,,,2026-07-03 12:56:55
Uttaranchal,Udham Singh Nagar,20260703,06,2026-07-03 06:00:00,2026-07-03 06:00:00,2026-07-04 06:00:00,20260704,4.91459231401143,1.8958332678303123,2.5923125189357705,4.91459231401143,0.0,,PENDING,,,,2026-07-03 12:56:55
Uttaranchal,Uttarkashi,20260703,06,2026-07-03 06:00:00,2026-07-03 06:00:00,2026-07-04 06:00:00,20260704,4.272311892535656,5.197916691657156,0.8219277348928795,4.272311892535656,0.0,,PENDING,,,,2026-07-03 12:56:55
West Bengal,Bankura,20260703,06,2026-07-03 06:00:00,2026-07-03 06:00:00,2026-07-04 06:00:00,20260704,4.883873859261294,7.210227161645889,0.6773536741311829,4.883873859261294,0.0,,PENDING,,,,2026-07-03 12:56:55
West Bengal,Barddhaman,20260703,06,2026-07-03 06:00:00,2026-07-03 06:00:00,2026-07-04 06:00:00,20260704,3.775999538515083,1.4318181723356247,2.6372060443649485,3.775999538515083,0.0,,PENDING,,,,2026-07-03 12:56:55
West Bengal,Birbhum,20260703,06,2026-07-03 06:00:00,2026-07-03 06:00:00,2026-07-04 06:00:00,20260704,4.032918682809256,2.7578125,1.4623614487240362,4.032918682809256,0.0,,PENDING,,,,2026-07-03 12:56:55
West Bengal,Dakshin Dinajpur,20260703,06,2026-07-03 06:00:00,2026-07-03 06:00:00,2026-07-04 06:00:00,20260704,0.75,0.25,3.0,0.75,0.0,,PENDING,,,,2026-07-03 12:56:55
West Bengal,Darjiling,20260703,06,2026-07-03 06:00:00,2026-07-03 06:00:00,2026-07-04 06:00:00,20260704,9.39820148940364,7.874999989755452,1.1934224129053603,9.39820148940364,0.0,,PENDING,,,,2026-07-03 12:56:55
West Bengal,East Midnapore,20260703,06,2026-07-03 06:00:00,2026-07-03 06:00:00,2026-07-04 06:00:00,20260704,4.958878487756808,10.572916532866657,0.46901708458037894,4.958878487756808,0.0,,PENDING,,,,2026-07-03 12:56:55
West Bengal,Haora,20260703,06,2026-07-03 06:00:00,2026-07-03 06:00:00,2026-07-04 06:00:00,20260704,5.499798150523885,2.0,2.7498990752619425,5.499798150523885,0.0,,PENDING,,,,2026-07-03 12:56:55
West Bengal,Hugli,20260703,06,2026-07-03 06:00:00,2026-07-03 06:00:00,2026-07-04 06:00:00,20260704,4.59375,1.53125,3.0,4.59375,0.0,,PENDING,,,,2026-07-03 12:56:55
West Bengal,Jalpaiguri,20260703,06,2026-07-03 06:00:00,2026-07-03 06:00:00,2026-07-04 06:00:00,20260704,9.486329433095147,7.34722226858139,1.2911450186638735,9.486329433095147,0.0,,PENDING,,,,2026-07-03 12:56:55
West Bengal,Kochbihar,20260703,06,2026-07-03 06:00:00,2026-07-03 06:00:00,2026-07-04 06:00:00,20260704,8.557048504983317,7.484375,1.1433217209163513,8.557048504983317,0.0,,PENDING,,,,2026-07-03 12:56:55
West Bengal,Kolkata,20260703,06,2026-07-03 06:00:00,2026-07-03 06:00:00,2026-07-04 06:00:00,20260704,0.0,0.0,1.0,0.0,0.0,,PENDING,,,,2026-07-03 12:56:55
West Bengal,Maldah,20260703,06,2026-07-03 06:00:00,2026-07-03 06:00:00,2026-07-04 06:00:00,20260704,0.5250000022351742,0.17500000074505806,3.0,0.5250000022351742,0.0,,PENDING,,,,2026-07-03 12:56:55
West Bengal,Murshidabad,20260703,06,2026-07-03 06:00:00,2026-07-03 06:00:00,2026-07-04 06:00:00,20260704,2.6562500009313226,0.8854166669771075,3.0,2.6562500009313226,0.0,,PENDING,,,,2026-07-03 12:56:55
West Bengal,Nadia,20260703,06,2026-07-03 06:00:00,2026-07-03 06:00:00,2026-07-04 06:00:00,20260704,3.0000000055879354,1.0000000018626451,3.0,3.0000000055879354,0.0,,PENDING,,,,2026-07-03 12:56:55
West Bengal,North 24 Parganas,20260703,06,2026-07-03 06:00:00,2026-07-03 06:00:00,2026-07-04 06:00:00,20260704,5.458729233679502,2.4375,2.239478659971078,5.458729233679502,0.0,,PENDING,,,,2026-07-03 12:56:55
West Bengal,Puruliya,20260703,06,2026-07-03 06:00:00,2026-07-03 06:00:00,2026-07-04 06:00:00,20260704,4.645803449099921,6.263888941146433,0.7416803670611749,4.645803449099921,0.0,,PENDING,,,,2026-07-03 12:56:55
West Bengal,South 24 Parganas,20260703,06,2026-07-03 06:00:00,2026-07-03 06:00:00,2026-07-04 06:00:00,20260704,5.308370489129567,2.4453125,2.170835216001868,5.308370489129567,0.0,,PENDING,,,,2026-07-03 12:56:55
West Bengal,Uttar Dinajpur,20260703,06,2026-07-03 06:00:00,2026-07-03 06:00:00,2026-07-04 06:00:00,20260704,4.237499959766865,1.412499986588955,3.0,4.237499959766865,0.0,,PENDING,,,,2026-07-03 12:56:55
West Bengal,West Midnapore,20260703,06,2026-07-03 06:00:00,2026-07-03 06:00:00,2026-07-04 06:00:00,20260704,4.399197844375078,9.456249918788671,0.46521590293783266,4.399197844375078,0.0,,PENDING,,,,2026-07-03 12:56:55
