state,district,from_hour,to_hour,interval_label,rain_gfs_mm,bias_factor,rain_gfs_bc_mm,rain_icon_mm,alert_gfs_bc,alert_icon,date,cycle_utc
Arunachal Pradesh,Papum Pare,0,3,0-3 h,3.575000047683716,0.9533183125255726,3.4081130127366817,0.0,NO ALERT,NO ALERT,20260706,00
Arunachal Pradesh,Tawang,0,3,0-3 h,0.0625,1.1388765971638852,0.07117978732274283,0.0,NO ALERT,NO ALERT,20260706,00
Arunachal Pradesh,Tirap,0,3,0-3 h,0.40625,0.3651383081547162,0.14833743768785346,0.0,NO ALERT,NO ALERT,20260706,00
Arunachal Pradesh,Upper Dibang Valley,0,3,0-3 h,0.11363636702299118,1.028310112978305,0.1168534254118562,0.0,NO ALERT,NO ALERT,20260706,00
Arunachal Pradesh,Upper Siang,0,3,0-3 h,0.3819444477558136,1.2039424484099477,0.45983913358771955,0.0,NO ALERT,NO ALERT,20260706,00
Arunachal Pradesh,Upper Subansiri,0,3,0-3 h,1.203125,0.5158400571515395,0.620620068760446,0.0,NO ALERT,NO ALERT,20260706,00
Arunachal Pradesh,West Kameng,0,3,0-3 h,1.2386363744735718,0.6603703450016216,0.8179587299426704,0.0,NO ALERT,NO ALERT,20260706,00
Arunachal Pradesh,West Siang,0,3,0-3 h,0.7159090638160706,0.797134356200177,0.5706757106828949,0.0,NO ALERT,NO ALERT,20260706,00
Assam,Barpeta,0,3,0-3 h,0.7916666865348816,0.6024484372218926,0.4769383581035733,0.0,NO ALERT,NO ALERT,20260706,00
Assam,Bongaigaon,0,3,0-3 h,0.59375,0.46296589037388325,0.27488599740949315,0.0,NO ALERT,NO ALERT,20260706,00
Assam,Cachar,0,3,0-3 h,0.7083333134651184,0.5608794743553766,0.3972896165247178,0.0,NO ALERT,NO ALERT,20260706,00
Assam,Darrang,0,3,0-3 h,6.487500190734863,0.3,1.9462500572204589,0.0,NO ALERT,NO ALERT,20260706,00
Assam,Dhemaji,0,3,0-3 h,0.015625,0.3,0.0046875,0.0,NO ALERT,NO ALERT,20260706,00
Assam,Dhuburi,0,3,0-3 h,1.8125,0.32508121737137274,0.5892097064856131,0.0,NO ALERT,NO ALERT,20260706,00
Assam,Dibrugarh,0,3,0-3 h,0.0625,0.3174379415214978,0.019839871345093612,0.0,NO ALERT,NO ALERT,20260706,00
Assam,Goalpara,0,3,0-3 h,4.729166507720947,0.35666832552213257,1.6867438994241817,0.0,NO ALERT,NO ALERT,20260706,00
Assam,Golaghat,0,3,0-3 h,1.1749999523162842,1.2381989938745952,1.4548837587607204,0.0,NO ALERT,NO ALERT,20260706,00
Assam,Hailakandi,0,3,0-3 h,1.125,0.8229121215241156,0.9257761367146301,0.0,NO ALERT,NO ALERT,20260706,00
Assam,Jorhat,0,3,0-3 h,0.3333333432674408,0.6894283364621259,0.22980945233623049,0.0,NO ALERT,NO ALERT,20260706,00
Assam,Kamrup,0,3,0-3 h,3.46875,0.3664044900075036,1.270965574713528,0.0,NO ALERT,NO ALERT,20260706,00
Assam,Karbi Anglong,0,3,0-3 h,2.777777671813965,0.4270362077260787,1.1862116428776115,0.0,NO ALERT,NO ALERT,20260706,00
Assam,Karimganj,0,3,0-3 h,2.5625,0.6822626455335654,1.7482980291797614,0.0,NO ALERT,NO ALERT,20260706,00
Assam,Kokrajhar,0,3,0-3 h,0.671875,0.37030806257959376,0.24880072954566457,0.0,NO ALERT,NO ALERT,20260706,00
Assam,Lakhimpur,0,3,0-3 h,1.7395833730697632,0.8540887789555129,1.4857586389964665,0.0,NO ALERT,NO ALERT,20260706,00
Assam,Marigaon,0,3,0-3 h,0.1875,0.3,0.056249999999999994,0.0,NO ALERT,NO ALERT,20260706,00
Assam,Nagaon,0,3,0-3 h,2.6145832538604736,0.38673451003625536,1.0111495736307285,0.0,NO ALERT,NO ALERT,20260706,00
Assam,Nalbari,0,3,0-3 h,0.875,0.5554100332386462,0.48598377908381546,0.0,NO ALERT,NO ALERT,20260706,00
Assam,North Cachar Hills,0,3,0-3 h,0.4821428656578064,1.1126078231817818,0.5364359242221582,0.0,NO ALERT,NO ALERT,20260706,00
Assam,Sibsagar,0,3,0-3 h,0.1041666641831398,0.6339424569321858,0.06603567102268956,0.0,NO ALERT,NO ALERT,20260706,00
Assam,Sonitpur,0,3,0-3 h,5.487500190734863,0.3,1.646250057220459,0.0,NO ALERT,NO ALERT,20260706,00
Assam,Tinsukia,0,3,0-3 h,0.0,0.3,0.0,0.0,NO ALERT,NO ALERT,20260706,00
Bihar,Araria,0,3,0-3 h,0.84375,0.5229429825116881,0.44123314149423687,0.0,NO ALERT,NO ALERT,20260706,00
Bihar,Aurangabad,0,3,0-3 h,2.375,0.35000296398043534,0.8312570394535339,0.0,NO ALERT,NO ALERT,20260706,00
Bihar,Banka,0,3,0-3 h,0.90625,0.7184756982670082,0.6511186015544762,0.0,NO ALERT,NO ALERT,20260706,00
Bihar,Begusarai,0,3,0-3 h,0.15625,2.5062878804279856,0.39160748131687273,0.0,NO ALERT,NO ALERT,20260706,00
Bihar,Bhabua,0,3,0-3 h,1.78125,0.3407437709399486,0.6069498419867835,0.0,NO ALERT,NO ALERT,20260706,00
Bihar,Bhagalpur,0,3,0-3 h,0.1041666641831398,1.0689963787452375,0.11135378679774767,0.0,NO ALERT,NO ALERT,20260706,00
Bihar,Bhojpur,0,3,0-3 h,1.5,0.4776323743598687,0.7164485615398031,0.0,NO ALERT,NO ALERT,20260706,00
Bihar,Buxar,0,3,0-3 h,0.5,0.8075695227139618,0.4037847613569809,0.0,NO ALERT,NO ALERT,20260706,00
Bihar,Darbhanga,0,3,0-3 h,0.109375,3.0,0.328125,0.0,NO ALERT,NO ALERT,20260706,00
Bihar,Gaya,0,3,0-3 h,2.543750047683716,0.363978205648116,0.9258695779732284,0.0,NO ALERT,NO ALERT,20260706,00
Bihar,Gopalganj,0,3,0-3 h,0.0,2.547002946333611,0.0,0.0,NO ALERT,NO ALERT,20260706,00
Bihar,Jamui,0,3,0-3 h,1.0416666269302368,0.6349210991185491,0.6613761196856576,0.0,NO ALERT,NO ALERT,20260706,00
Bihar,Jehanabad,0,3,0-3 h,0.9375,0.5056413165810456,0.47403873429473026,0.0,NO ALERT,NO ALERT,20260706,00
Bihar,Katihar,0,3,0-3 h,0.03750000149011612,1.607854247376458,0.06029453667250671,0.0,NO ALERT,NO ALERT,20260706,00
Bihar,Khagaria,0,3,0-3 h,0.0625,1.903639559935811,0.11897747249598818,0.0,NO ALERT,NO ALERT,20260706,00
Bihar,Kishanganj,0,3,0-3 h,0.90625,0.5333674240043547,0.4833642280039464,0.0,NO ALERT,NO ALERT,20260706,00
Bihar,Lakhisarai,0,3,0-3 h,0.2916666567325592,1.0458318462971934,0.3050342781139421,0.0,NO ALERT,NO ALERT,20260706,00
Bihar,Madhepura,0,3,0-3 h,0.28125,1.1618894539535725,0.32678140892444224,0.0,NO ALERT,NO ALERT,20260706,00
Bihar,Madhubani,0,3,0-3 h,0.3499999940395355,1.4408870594945968,0.5043104622347527,0.0,NO ALERT,NO ALERT,20260706,00
Bihar,Munger,0,3,0-3 h,0.4375,1.0672109647237193,0.46690479706662724,0.0,NO ALERT,NO ALERT,20260706,00
Bihar,Muzaffarpur,0,3,0-3 h,0.015625,2.179447337729882,0.034053864652029406,0.0,NO ALERT,NO ALERT,20260706,00
Bihar,Nalanda,0,3,0-3 h,0.375,1.0296407182961889,0.3861152693610708,0.0,NO ALERT,NO ALERT,20260706,00
Bihar,Nawada,0,3,0-3 h,0.6875,0.4708261828175211,0.32369300068704576,0.0,NO ALERT,NO ALERT,20260706,00
Bihar,Pashchim Champaran,0,3,0-3 h,0.09375,2.3983339096854386,0.22484380403300985,0.0,NO ALERT,NO ALERT,20260706,00
Bihar,Patna,0,3,0-3 h,0.734375,0.8338239891381003,0.6123394920232924,0.0,NO ALERT,NO ALERT,20260706,00
Bihar,Purba Champaran,0,3,0-3 h,0.0,3.0,0.0,0.0,NO ALERT,NO ALERT,20260706,00
Bihar,Purnia,0,3,0-3 h,0.5416666865348816,0.5942910400177946,0.32190765848380753,0.0,NO ALERT,NO ALERT,20260706,00
Bihar,Rohtas,0,3,0-3 h,2.612499952316284,0.33297800858631404,0.8699050315541167,0.0,NO ALERT,NO ALERT,20260706,00
Bihar,Saharsa,0,3,0-3 h,0.1666666716337204,2.0970945990316596,0.34951577692165814,0.0,NO ALERT,NO ALERT,20260706,00
Bihar,Samastipur,0,3,0-3 h,0.171875,2.7195437456214746,0.46742158127869093,0.0,NO ALERT,NO ALERT,20260706,00
Bihar,Saran,0,3,0-3 h,0.22499999403953552,0.9861629519125841,0.22188665830234217,0.0,NO ALERT,NO ALERT,20260706,00
Bihar,Sheikhpura,0,3,0-3 h,0.4375,0.7062180227612795,0.3089703849580598,0.0,NO ALERT,NO ALERT,20260706,00
Bihar,Sheohar,0,3,0-3 h,0.0,1.0,0.0,0.0,NO ALERT,NO ALERT,20260706,00
Madhya Pradesh,Tikamgarh,0,3,0-3 h,0.0,3.0,0.0,0.0,NO ALERT,NO ALERT,20260706,00
Madhya Pradesh,Ujjain,0,3,0-3 h,0.875,0.3,0.2625,0.0,NO ALERT,NO ALERT,20260706,00
Madhya Pradesh,Umaria,0,3,0-3 h,1.4791666269302368,0.3,0.443749988079071,0.0,NO ALERT,NO ALERT,20260706,00
Madhya Pradesh,Vidisha,0,3,0-3 h,3.1458332538604736,0.41390940472058413,1.302089969455607,0.0,NO ALERT,NO ALERT,20260706,00
Madhya Pradesh,West Nimar,0,3,0-3 h,0.15625,0.44485233351497017,0.06950817711171409,0.0,NO ALERT,NO ALERT,20260706,00
Maharashtra,Ahmednagar,0,3,0-3 h,9.232142448425293,0.3,2.769642734527588,0.0,NO ALERT,NO ALERT,20260706,00
Maharashtra,Akola,0,3,0-3 h,0.0,0.6882367881901188,0.0,0.0,NO ALERT,NO ALERT,20260706,00
Maharashtra,Amravati,0,3,0-3 h,0.3046875,0.9339314439149177,0.28455723681782646,0.0,NO ALERT,NO ALERT,20260706,00
Maharashtra,Aurangabad,0,3,0-3 h,0.44999998807907104,0.5067375479619736,0.2280318905421058,0.0,NO ALERT,NO ALERT,20260706,00
Maharashtra,Bhandara,0,3,0-3 h,1.09375,0.44561608275608444,0.48739259051446737,0.0,NO ALERT,NO ALERT,20260706,00
Maharashtra,Bid,0,3,0-3 h,1.3833333253860474,0.6836711063440929,0.945745025009332,0.0,NO ALERT,NO ALERT,20260706,00
Maharashtra,Buldana,0,3,0-3 h,0.09134615212678909,1.3375042100354553,0.12217586304011957,0.0,NO ALERT,NO ALERT,20260706,00
Maharashtra,Chandrapur,0,3,0-3 h,1.9419642686843872,1.3798679824200135,2.6796543173612823,0.0,NO ALERT,NO ALERT,20260706,00
Maharashtra,Dhule,0,3,0-3 h,0.5486111044883728,0.3092955395113148,0.16968296754462955,0.0,NO ALERT,NO ALERT,20260706,00
Maharashtra,Garhchiroli,0,3,0-3 h,2.3343749046325684,0.7873463730204786,1.8379616144324784,0.0,NO ALERT,NO ALERT,20260706,00
Maharashtra,Gondiya,0,3,0-3 h,1.515625,0.604748128777892,0.9165713826789925,0.0,NO ALERT,NO ALERT,20260706,00
Maharashtra,Greater Bombay,0,3,0-3 h,12.4375,0.3,3.7312499999999997,0.0,NO ALERT,NO ALERT,20260706,00
Maharashtra,Hingoli,0,3,0-3 h,0.0416666679084301,2.239290183539015,0.09330376042812763,0.0,NO ALERT,NO ALERT,20260706,00
Maharashtra,Jalgaon,0,3,0-3 h,0.4541666805744171,0.5762232307671074,0.2617013919873635,0.0,NO ALERT,NO ALERT,20260706,00
Maharashtra,Jalna,0,3,0-3 h,0.0062500000931322575,3.0,0.018750000279396772,0.0,NO ALERT,NO ALERT,20260706,00
Maharashtra,Kolhapur,0,3,0-3 h,2.0486111640930176,0.41287151840747965,0.8458132019455986,0.0,NO ALERT,NO ALERT,20260706,00
Maharashtra,Latur,0,3,0-3 h,0.5277777910232544,1.50430828029553,0.7939405011923655,0.0,NO ALERT,NO ALERT,20260706,00
Maharashtra,Nagpur,0,3,0-3 h,1.3624999523162842,0.5156920875720314,0.7026304447267779,0.0,NO ALERT,NO ALERT,20260706,00
Maharashtra,Nanded,0,3,0-3 h,0.06666667014360428,1.9327884430663378,0.12885256959127403,0.0,NO ALERT,NO ALERT,20260706,00
Maharashtra,Nandurbar,0,3,0-3 h,1.7232142686843872,0.3,0.5169642806053162,0.0,NO ALERT,NO ALERT,20260706,00
Maharashtra,Nashik,0,3,0-3 h,4.53804349899292,0.3,1.361413049697876,0.0,NO ALERT,NO ALERT,20260706,00
Maharashtra,Osmanabad,0,3,0-3 h,1.6590908765792847,0.3793131751187402,0.6293150282058224,0.0,NO ALERT,NO ALERT,20260706,00
Maharashtra,Parbhani,0,3,0-3 h,0.01875000074505806,3.0,0.05625000223517418,0.0,NO ALERT,NO ALERT,20260706,00
Madhya Pradesh,Balaghat,0,3,0-3 h,1.254807710647583,0.3,0.3764423131942749,0.0,NO ALERT,NO ALERT,20260706,00
Madhya Pradesh,Barwani,0,3,0-3 h,0.3515625,0.336734408265465,0.11838319040582755,0.0,NO ALERT,NO ALERT,20260706,00
Madhya Pradesh,Betul,0,3,0-3 h,1.22265625,0.3,0.36679687499999997,0.0,NO ALERT,NO ALERT,20260706,00
Madhya Pradesh,Bhind,0,3,0-3 h,0.0,3.0,0.0,0.0,NO ALERT,NO ALERT,20260706,00
Madhya Pradesh,Bhopal,0,3,0-3 h,4.087500095367432,0.364615889459979,1.4903674829401452,0.0,NO ALERT,NO ALERT,20260706,00
Madhya Pradesh,Burhanpur,0,3,0-3 h,0.0520833320915699,1.2142310318773522,0.06324119806915773,0.0,NO ALERT,NO ALERT,20260706,00
Madhya Pradesh,Chhatarpur,0,3,0-3 h,0.10576923191547394,2.317805072305432,0.2451524622275351,0.0,NO ALERT,NO ALERT,20260706,00
Madhya Pradesh,Chhindwara,0,3,0-3 h,2.5999999046325684,0.3,0.7799999713897705,0.0,NO ALERT,NO ALERT,20260706,00
Madhya Pradesh,Damoh,0,3,0-3 h,1.3250000476837158,0.36117172586835916,0.47855255399758584,0.0,NO ALERT,NO ALERT,20260706,00
Rajasthan,Karauli,0,3,0-3 h,0.0982142835855484,2.7439746691600675,0.2694975063084482,0.0,NO ALERT,NO ALERT,20260706,00
Rajasthan,Kota,0,3,0-3 h,1.0187499523162842,2.9527826759430753,3.008147210317358,0.0,NO ALERT,NO ALERT,20260706,00
Rajasthan,Nagaur,0,3,0-3 h,0.016826923936605453,1.1882893373752281,0.01999525429469226,0.0,NO ALERT,NO ALERT,20260706,00
Rajasthan,Pali,0,3,0-3 h,0.0625,0.3,0.01875,0.0,NO ALERT,NO ALERT,20260706,00
Rajasthan,Rajsamand,0,3,0-3 h,0.1964285671710968,0.3,0.05892857015132904,0.0,NO ALERT,NO ALERT,20260706,00
Rajasthan,Sawai Madhopur,0,3,0-3 h,0.008928571827709675,3.0,0.026785715483129025,0.0,NO ALERT,NO ALERT,20260706,00
Rajasthan,Sikar,0,3,0-3 h,0.0416666679084301,1.51752888887864,0.06323037225435521,0.0,NO ALERT,NO ALERT,20260706,00
Rajasthan,Sirohi,0,3,0-3 h,0.0,0.3,0.0,0.0,NO ALERT,NO ALERT,20260706,00
Tamil Nadu,Madurai,0,3,0-3 h,0.0,1.0,0.0,0.0,NO ALERT,NO ALERT,20260706,00
Tamil Nadu,Nagapattinam,0,3,0-3 h,0.0,3.0,0.0,0.0,NO ALERT,NO ALERT,20260706,00
Tamil Nadu,Namakkal,0,3,0-3 h,0.0,1.0,0.0,0.0,NO ALERT,NO ALERT,20260706,00
Tamil Nadu,Nilgiris,0,3,0-3 h,0.328125,1.7038905536806261,0.5590890879264554,0.0,NO ALERT,NO ALERT,20260706,00
Tamil Nadu,Perambalur,0,3,0-3 h,0.0,1.0,0.0,0.0,NO ALERT,NO ALERT,20260706,00
Tamil Nadu,Pudukkottai,0,3,0-3 h,0.0,1.0,0.0,0.0,NO ALERT,NO ALERT,20260706,00
Tamil Nadu,Ramanathapuram,0,3,0-3 h,0.0,1.0,0.0,0.0,NO ALERT,NO ALERT,20260706,00
Tamil Nadu,Salem,0,3,0-3 h,0.0,1.0,0.0,0.0,NO ALERT,NO ALERT,20260706,00
Andaman and Nicobar,Andaman Islands,0,3,0-3 h,0.02083333395421505,1.0,0.02083333395421505,0.0,NO ALERT,NO ALERT,20260706,00
Andaman and Nicobar,Nicobar Islands,0,3,0-3 h,0.03125,1.0,0.03125,0.0,NO ALERT,NO ALERT,20260706,00
Andhra Pradesh,Adilabad,0,3,0-3 h,0.5597826242446899,3.0,1.6793478727340698,0.0,NO ALERT,NO ALERT,20260706,00
Andhra Pradesh,Anantapur,0,3,0-3 h,0.004629629664123058,1.0,0.004629629664123058,0.0,NO ALERT,NO ALERT,20260706,00
Andhra Pradesh,Chittoor,0,3,0-3 h,0.0,1.0,0.0,0.0,NO ALERT,NO ALERT,20260706,00
Andhra Pradesh,Cuddapah,0,3,0-3 h,0.0,1.0,0.0,0.0,NO ALERT,NO ALERT,20260706,00
Andhra Pradesh,East Godavari,0,3,0-3 h,0.007352941203862429,3.0,0.022058823611587286,0.0,NO ALERT,NO ALERT,20260706,00
Andhra Pradesh,Guntur,0,3,0-3 h,0.0,3.0,0.0,0.0,NO ALERT,NO ALERT,20260706,00
Andhra Pradesh,Hyderabad,0,3,0-3 h,0.0,1.0,0.0,0.0,NO ALERT,NO ALERT,20260706,00
Andhra Pradesh,Karimnagar,0,3,0-3 h,0.4756944477558136,2.1393520898236744,1.0176779109239185,0.0,NO ALERT,NO ALERT,20260706,00
Andhra Pradesh,Khammam,0,3,0-3 h,0.05921052768826485,3.0,0.17763158306479454,0.0,NO ALERT,NO ALERT,20260706,00
Andhra Pradesh,Krishna,0,3,0-3 h,0.0,3.0,0.0,0.0,NO ALERT,NO ALERT,20260706,00
Andhra Pradesh,Kurnool,0,3,0-3 h,0.021739130839705467,3.0,0.0652173925191164,0.0,NO ALERT,NO ALERT,20260706,00
Andhra Pradesh,Mahbubnagar,0,3,0-3 h,0.002314814832061529,3.0,0.0069444444961845875,0.0,NO ALERT,NO ALERT,20260706,00
Andhra Pradesh,Medak,0,3,0-3 h,0.1875,1.1350579038438837,0.21282335697072818,0.0,NO ALERT,NO ALERT,20260706,00
Andhra Pradesh,Nalgonda,0,3,0-3 h,0.0,3.0,0.0,0.0,NO ALERT,NO ALERT,20260706,00
Andhra Pradesh,Nellore,0,3,0-3 h,0.0,1.0,0.0,0.0,NO ALERT,NO ALERT,20260706,00
Andhra Pradesh,Nizamabad,0,3,0-3 h,0.07386363297700882,3.0,0.22159089893102646,0.0,NO ALERT,NO ALERT,20260706,00
Andhra Pradesh,Prakasam,0,3,0-3 h,0.0,1.0,0.0,0.0,NO ALERT,NO ALERT,20260706,00
Andhra Pradesh,Rangareddi,0,3,0-3 h,0.0486111119389534,2.274697750563405,0.11057558697992317,0.0,NO ALERT,NO ALERT,20260706,00
Andhra Pradesh,Srikakulam,0,3,0-3 h,0.0,3.0,0.0,0.0,NO ALERT,NO ALERT,20260706,00
Andhra Pradesh,Vishakhapatnam,0,3,0-3 h,0.07083333283662796,3.0,0.21249999850988388,0.0,NO ALERT,NO ALERT,20260706,00
Andhra Pradesh,Vizianagaram,0,3,0-3 h,0.0,3.0,0.0,0.0,NO ALERT,NO ALERT,20260706,00
Andhra Pradesh,Warangal,0,3,0-3 h,0.1631944477558136,3.0,0.4895833432674408,0.0,NO ALERT,NO ALERT,20260706,00
Andhra Pradesh,West Godavari,0,3,0-3 h,0.0,3.0,0.0,0.0,NO ALERT,NO ALERT,20260706,00
Arunachal Pradesh,Changlang,0,3,0-3 h,0.8984375,0.3,0.26953125,0.0,NO ALERT,NO ALERT,20260706,00
Arunachal Pradesh,East Kameng,0,3,0-3 h,7.737500190734863,0.4269880196000505,3.3038198830968923,0.0,NO ALERT,NO ALERT,20260706,00
Arunachal Pradesh,East Siang,0,3,0-3 h,0.5,0.45628493034155115,0.22814246517077558,0.0,NO ALERT,NO ALERT,20260706,00
Arunachal Pradesh,Kurung Kumey,0,3,0-3 h,0.862500011920929,0.7126390600047544,0.6146511977494202,0.0,NO ALERT,NO ALERT,20260706,00
Arunachal Pradesh,Lohit,0,3,0-3 h,0.5416666865348816,0.3,0.16250000596046446,0.0,NO ALERT,NO ALERT,20260706,00
Arunachal Pradesh,Lower Dibang Valley,0,3,0-3 h,0.6015625,0.3,0.18046874999999998,0.0,NO ALERT,NO ALERT,20260706,00
Arunachal Pradesh,Lower Subansiri,0,3,0-3 h,2.049999952316284,0.6416184837284099,1.3153178610484868,0.0,NO ALERT,NO ALERT,20260706,00
Bihar,Sitamarhi,0,3,0-3 h,0.0,3.0,0.0,0.0,NO ALERT,NO ALERT,20260706,00
Bihar,Siwan,0,3,0-3 h,0.02083333395421505,1.4389760456555118,0.029978668511257082,0.0,NO ALERT,NO ALERT,20260706,00
Bihar,Supaul,0,3,0-3 h,0.4583333432674408,0.890582586739991,0.4081836944363057,0.0,NO ALERT,NO ALERT,20260706,00
Bihar,Vaishali,0,3,0-3 h,0.265625,1.2193520432551004,0.32389038648963603,0.0,NO ALERT,NO ALERT,20260706,00
Chandigarh,Chandigarh,0,3,0-3 h,0.6875,1.1884359977669912,0.8170497484648064,0.0,NO ALERT,NO ALERT,20260706,00
Chhattisgarh,Bastar,0,3,0-3 h,2.8181817531585693,0.5807237067170128,1.636584953896494,0.0,NO ALERT,NO ALERT,20260706,00
Chhattisgarh,Bilaspur,0,3,0-3 h,2.9375,0.3,0.88125,0.0,NO ALERT,NO ALERT,20260706,00
Chhattisgarh,Dantewada,0,3,0-3 h,0.9347826242446899,1.7403026932816885,1.6268047186059584,0.0,NO ALERT,NO ALERT,20260706,00
Chhattisgarh,Dhamtari,0,3,0-3 h,11.479166984558105,0.3,3.4437500953674314,0.0,NO ALERT,NO ALERT,20260706,00
Chhattisgarh,Durg,0,3,0-3 h,4.598958492279053,0.3,1.3796875476837158,0.0,NO ALERT,NO ALERT,20260706,00
Chhattisgarh,Janjgir-Champa,0,3,0-3 h,4.020833492279053,0.3,1.2062500476837157,0.0,NO ALERT,NO ALERT,20260706,00
Chhattisgarh,Jashpur,0,3,0-3 h,2.0250000953674316,0.3,0.6075000286102294,0.0,NO ALERT,NO ALERT,20260706,00
Chhattisgarh,Kanker,0,3,0-3 h,5.375,0.31181627116571115,1.6760124575156974,0.0,NO ALERT,NO ALERT,20260706,00
Chhattisgarh,Kawardha,0,3,0-3 h,3.28125,0.3,0.984375,0.0,NO ALERT,NO ALERT,20260706,00
Chhattisgarh,Korba,0,3,0-3 h,2.4236111640930176,0.3,0.7270833492279053,0.0,NO ALERT,NO ALERT,20260706,00
Chhattisgarh,Koriya,0,3,0-3 h,0.23295454680919647,0.3,0.06988636404275894,0.0,NO ALERT,NO ALERT,20260706,00
Chhattisgarh,Mahasamund,0,3,0-3 h,16.401784896850586,0.3,4.920535469055175,0.0,NO ALERT,NO ALERT,20260706,00
Chhattisgarh,Raigarh,0,3,0-3 h,3.346590995788574,0.3,1.0039772987365723,0.0,NO ALERT,NO ALERT,20260706,00
Chhattisgarh,Raipur,0,3,0-3 h,9.48828125,0.3,2.8464843749999997,0.0,NO ALERT,NO ALERT,20260706,00
Chhattisgarh,Raj Nandgaon,0,3,0-3 h,3.1477272510528564,0.47455991292457994,1.493785170169971,0.0,NO ALERT,NO ALERT,20260706,00
Chhattisgarh,Surguja,0,3,0-3 h,1.2005208730697632,0.3,0.3601562619209289,0.0,NO ALERT,NO ALERT,20260706,00
Dadra and Nagar Haveli,Dadra and Nagar Haveli,0,3,0-3 h,7.0625,0.3,2.11875,0.0,NO ALERT,NO ALERT,20260706,00
Daman and Diu,Daman,0,3,0-3 h,0.0,1.0,0.0,0.0,NO ALERT,NO ALERT,20260706,00
Daman and Diu,Junagadh,0,3,0-3 h,1.6875,0.3,0.50625,0.0,NO ALERT,NO ALERT,20260706,00
Delhi,Delhi,0,3,0-3 h,0.125,0.7680284695981865,0.09600355869977331,0.0,NO ALERT,NO ALERT,20260706,00
Goa,North Goa,0,3,0-3 h,11.25,0.3,3.375,0.0,NO ALERT,NO ALERT,20260706,00
Goa,South Goa,0,3,0-3 h,7.0625,0.3652758638408204,2.579760788375794,0.0,NO ALERT,NO ALERT,20260706,00
Gujarat,Ahmadabad,0,3,0-3 h,0.0062500000931322575,0.3,0.0018750000279396772,0.0,NO ALERT,NO ALERT,20260706,00
Gujarat,Amreli,0,3,0-3 h,0.6420454382896423,0.3,0.1926136314868927,0.0,NO ALERT,NO ALERT,20260706,00
Gujarat,Anand,0,3,0-3 h,1.412500023841858,0.3,0.42375000715255734,0.0,NO ALERT,NO ALERT,20260706,00
Gujarat,Banas Kantha,0,3,0-3 h,0.3794642984867096,0.3,0.11383928954601287,0.0,NO ALERT,NO ALERT,20260706,00
Gujarat,Bharuch,0,3,0-3 h,3.7232143878936768,0.3,1.116964316368103,0.0,NO ALERT,NO ALERT,20260706,00
Gujarat,Bhavnagar,0,3,0-3 h,0.3579545319080353,0.3,0.10738635957241058,0.0,NO ALERT,NO ALERT,20260706,00
Gujarat,Dahod,0,3,0-3 h,0.010416666977107525,0.3,0.0031250000931322573,0.0,NO ALERT,NO ALERT,20260706,00
Gujarat,Gandhinagar,0,3,0-3 h,0.0,0.3,0.0,0.0,NO ALERT,NO ALERT,20260706,00
Gujarat,Jamnagar,0,3,0-3 h,0.0234375,1.0297514316198848,0.02413479917859105,0.0,NO ALERT,NO ALERT,20260706,00
Gujarat,Junagadh,0,3,0-3 h,0.27840909361839294,0.3,0.08352272808551787,0.0,NO ALERT,NO ALERT,20260706,00
Gujarat,Kachchh,0,3,0-3 h,0.0,1.0429478032131136,0.0,0.0,NO ALERT,NO ALERT,20260706,00
Gujarat,Kheda,0,3,0-3 h,0.0,0.3,0.0,0.0,NO ALERT,NO ALERT,20260706,00
Gujarat,Mahesana,0,3,0-3 h,1.1428571939468384,0.3,0.3428571581840515,0.0,NO ALERT,NO ALERT,20260706,00
Gujarat,Narmada,0,3,0-3 h,7.109375,0.33628631261391084,2.3907855037395223,0.0,NO ALERT,NO ALERT,20260706,00
Gujarat,Navsari,0,3,0-3 h,6.296875,0.3,1.8890624999999999,0.0,NO ALERT,NO ALERT,20260706,00
Gujarat,Panch Mahals,0,3,0-3 h,0.0625,0.38515868720859836,0.024072417950537398,0.0,NO ALERT,NO ALERT,20260706,00
Gujarat,Patan,0,3,0-3 h,0.02777777798473835,0.3,0.008333333395421505,0.0,NO ALERT,NO ALERT,20260706,00
Gujarat,Porbandar,0,3,0-3 h,0.0625,3.0,0.1875,0.0,NO ALERT,NO ALERT,20260706,00
Gujarat,Rajkot,0,3,0-3 h,0.012500000186264515,0.3,0.0037500000558793544,0.0,NO ALERT,NO ALERT,20260706,00
Gujarat,Sabar Kantha,0,3,0-3 h,0.8611111044883728,0.3,0.2583333313465118,0.0,NO ALERT,NO ALERT,20260706,00
Gujarat,Surat,0,3,0-3 h,2.2562499046325684,0.32712919453700195,0.7380852139766395,0.0,NO ALERT,NO ALERT,20260706,00
Gujarat,Surendranagar,0,3,0-3 h,0.0,0.3,0.0,0.0,NO ALERT,NO ALERT,20260706,00
Gujarat,The Dangs,0,3,0-3 h,0.6666666865348816,0.6236297049513208,0.41575314902462285,0.0,NO ALERT,NO ALERT,20260706,00
Gujarat,Vadodara,0,3,0-3 h,1.2395833730697632,0.3522998571050929,0.4367050452023266,0.0,NO ALERT,NO ALERT,20260706,00
Gujarat,Valsad,0,3,0-3 h,6.0,0.3,1.7999999999999998,0.0,NO ALERT,NO ALERT,20260706,00
Haryana,Ambala,0,3,0-3 h,0.1041666641831398,0.6762277229722136,0.07044038613017586,0.0,NO ALERT,NO ALERT,20260706,00
Haryana,Bhiwani,0,3,0-3 h,0.0,1.7078232852568205,0.0,0.0,NO ALERT,NO ALERT,20260706,00
Haryana,Faridabad,0,3,0-3 h,0.0,0.8712532145408735,0.0,0.0,NO ALERT,NO ALERT,20260706,00
Haryana,Fatehabad,0,3,0-3 h,0.0,1.0808056670009505,0.0,0.0,NO ALERT,NO ALERT,20260706,00
Haryana,Gurgaon,0,3,0-3 h,0.0,1.3004888747066055,0.0,0.0,NO ALERT,NO ALERT,20260706,00
Haryana,Hisar,0,3,0-3 h,0.012500000186264515,0.9496809693817465,0.011871012294163697,0.0,NO ALERT,NO ALERT,20260706,00
Haryana,Jhajjar,0,3,0-3 h,0.0416666679084301,1.6618096732806247,0.0692420717836005,0.0,NO ALERT,NO ALERT,20260706,00
Haryana,Jind,0,3,0-3 h,0.328125,0.7717056323525144,0.2532159106156688,0.0,NO ALERT,NO ALERT,20260706,00
Haryana,Kaithal,0,3,0-3 h,1.2291666269302368,0.6331763172108541,0.7782791980781751,0.0,NO ALERT,NO ALERT,20260706,00
Haryana,Karnal,0,3,0-3 h,1.0,0.5159404245146241,0.5159404245146241,0.0,NO ALERT,NO ALERT,20260706,00
Haryana,Kurukshetra,0,3,0-3 h,0.59375,0.6033338297736488,0.35822946142810397,0.0,NO ALERT,NO ALERT,20260706,00
Haryana,Mahendragarh,0,3,0-3 h,0.0,1.1386681831985863,0.0,0.0,NO ALERT,NO ALERT,20260706,00
Haryana,Panchkula,0,3,0-3 h,1.75,0.6671410727647323,1.1674968773382817,0.0,NO ALERT,NO ALERT,20260706,00
Haryana,Panipat,0,3,0-3 h,0.375,1.0415843239201417,0.3905941214700531,0.0,NO ALERT,NO ALERT,20260706,00
Haryana,Rewari,0,3,0-3 h,0.0,1.1674745883169169,0.0,0.0,NO ALERT,NO ALERT,20260706,00
Haryana,Rohtak,0,3,0-3 h,0.0,1.2603472433768046,0.0,0.0,NO ALERT,NO ALERT,20260706,00
Haryana,Sirsa,0,3,0-3 h,0.25,1.4831194250452018,0.37077985626130044,0.0,NO ALERT,NO ALERT,20260706,00
Haryana,Sonepat,0,3,0-3 h,1.125,0.7724164037051864,0.8689684541683347,0.0,NO ALERT,NO ALERT,20260706,00
Haryana,Yamuna Nagar,0,3,0-3 h,0.0,0.6918813868041921,0.0,0.0,NO ALERT,NO ALERT,20260706,00
Himachal Pradesh,Bilaspur,0,3,0-3 h,1.71875,0.43793651979773524,0.7527033934023575,0.0,NO ALERT,NO ALERT,20260706,00
Himachal Pradesh,Chamba,0,3,0-3 h,0.6022727489471436,0.47998853587409984,0.28908401496400876,0.0,NO ALERT,NO ALERT,20260706,00
Himachal Pradesh,Hamirpur,0,3,0-3 h,3.8125,0.3222888511402842,1.2287262449723335,0.0,NO ALERT,NO ALERT,20260706,00
Himachal Pradesh,Kangra,0,3,0-3 h,1.8359375,0.491764254011286,0.9028484350988454,0.0,NO ALERT,NO ALERT,20260706,00
Himachal Pradesh,Kinnaur,0,3,0-3 h,0.06818182021379471,0.5900100248843969,0.04022795744100449,0.0,NO ALERT,NO ALERT,20260706,00
Himachal Pradesh,Kullu,0,3,0-3 h,0.5625,0.48471900161399284,0.27265443840787096,0.0,NO ALERT,NO ALERT,20260706,00
Himachal Pradesh,Lahul and Spiti,0,3,0-3 h,0.0173611119389534,1.1034755877631228,0.01915756320105797,0.0,NO ALERT,NO ALERT,20260706,00
Himachal Pradesh,Mandi,0,3,0-3 h,2.012500047683716,0.41181400265740536,0.8287756999848501,0.0,NO ALERT,NO ALERT,20260706,00
Himachal Pradesh,Shimla,0,3,0-3 h,0.3611111044883728,0.38421361333609627,0.13874380227126631,0.0,NO ALERT,NO ALERT,20260706,00
Himachal Pradesh,Sirmaur,0,3,0-3 h,0.42500001192092896,0.5853734282891708,0.24878371400109264,0.0,NO ALERT,NO ALERT,20260706,00
Himachal Pradesh,Solan,0,3,0-3 h,1.4375,0.501145504684414,0.7203966629838451,0.0,NO ALERT,NO ALERT,20260706,00
Himachal Pradesh,Una,0,3,0-3 h,3.9375,0.5308169916656943,2.0900919046836712,0.0,NO ALERT,NO ALERT,20260706,00
Jammu and Kashmir,Anantnag (Kashmir South),0,3,0-3 h,0.0357142873108387,1.3868985192801786,0.049532092188549065,0.0,NO ALERT,NO ALERT,20260706,00
Jammu and Kashmir,Bagdam,0,3,0-3 h,0.0,1.7381670057123004,0.0,0.0,NO ALERT,NO ALERT,20260706,00
Jammu and Kashmir,Baramula (Kashmir North),0,3,0-3 h,0.0,2.3802491119877285,0.0,0.0,NO ALERT,NO ALERT,20260706,00
Jammu and Kashmir,Doda,0,3,0-3 h,0.15441176295280457,0.9310309851117253,0.14376213577478786,0.0,NO ALERT,NO ALERT,20260706,00
Jammu and Kashmir,Jammu,0,3,0-3 h,0.3125,2.1214535699251704,0.6629542406016158,0.0,NO ALERT,NO ALERT,20260706,00
Jammu and Kashmir,Kargil,0,3,0-3 h,0.008152173832058907,3.0,0.02445652149617672,0.0,NO ALERT,NO ALERT,20260706,00
Jammu and Kashmir,Kathua,0,3,0-3 h,0.734375,0.7421973154339496,0.5450511535218068,0.0,NO ALERT,NO ALERT,20260706,00
Jammu and Kashmir,Kupwara (Muzaffarabad),0,3,0-3 h,0.0,2.805712758686526,0.0,0.0,NO ALERT,NO ALERT,20260706,00
Jammu and Kashmir,Ladakh (Leh),0,3,0-3 h,0.05583333224058151,0.6253946944730077,0.0349178697580084,0.0,NO ALERT,NO ALERT,20260706,00
Jammu and Kashmir,Pulwama,0,3,0-3 h,0.0,3.0,0.0,0.0,NO ALERT,NO ALERT,20260706,00
Jammu and Kashmir,Punch,0,3,0-3 h,0.0,0.9080148049822427,0.0,0.0,NO ALERT,NO ALERT,20260706,00
Jammu and Kashmir,Rajauri,0,3,0-3 h,0.010416666977107525,1.6908137329342856,0.017612643576296473,0.0,NO ALERT,NO ALERT,20260706,00
Jammu and Kashmir,Srinagar,0,3,0-3 h,0.0,1.1768416745126433,0.0,0.0,NO ALERT,NO ALERT,20260706,00
Jammu and Kashmir,Udhampur,0,3,0-3 h,0.1328125,0.9046338825169598,0.12014668752178372,0.0,NO ALERT,NO ALERT,20260706,00
Jharkhand,Bokaro,0,3,0-3 h,2.71875,0.43038052424230994,1.1700970502837802,0.0,NO ALERT,NO ALERT,20260706,00
Jharkhand,Chatra,0,3,0-3 h,2.65625,0.47580298707457397,1.263851684416837,0.0,NO ALERT,NO ALERT,20260706,00
Jharkhand,Deoghar,0,3,0-3 h,3.609375,0.43042539217912484,1.5535666498965288,0.0,NO ALERT,NO ALERT,20260706,00
Jharkhand,Dhanbad,0,3,0-3 h,3.171875,0.3,0.9515625,0.0,NO ALERT,NO ALERT,20260706,00
Jharkhand,Dumka,0,3,0-3 h,2.75,0.5747174401032172,1.5804729602838474,0.0,NO ALERT,NO ALERT,20260706,00
Jharkhand,Garhwa,0,3,0-3 h,1.625,0.3,0.4875,0.0,NO ALERT,NO ALERT,20260706,00
Jharkhand,Giridih,0,3,0-3 h,2.5625,0.3,0.7687499999999999,0.0,NO ALERT,NO ALERT,20260706,00
Jharkhand,Godda,0,3,0-3 h,0.53125,1.241563229918693,0.6595804658943056,0.0,NO ALERT,NO ALERT,20260706,00
Jharkhand,Gumla,0,3,0-3 h,2.96875,0.3,0.890625,0.0,NO ALERT,NO ALERT,20260706,00
Jharkhand,Hazaribag,0,3,0-3 h,3.0625,0.42314411896564175,1.2958788643322778,0.0,NO ALERT,NO ALERT,20260706,00
Jharkhand,Jamtara,0,3,0-3 h,3.21875,0.46008470755189523,1.4808976524326627,0.0,NO ALERT,NO ALERT,20260706,00
Jharkhand,Koderma,0,3,0-3 h,1.7083333730697632,0.3039175085951896,0.519192422593379,0.0,NO ALERT,NO ALERT,20260706,00
Jharkhand,Latehar,0,3,0-3 h,3.3645832538604736,0.3665391067324198,1.2332513403968763,0.0,NO ALERT,NO ALERT,20260706,00
Jharkhand,Lohardaga,0,3,0-3 h,3.28125,0.39624014819091274,1.3001629862514323,0.0,NO ALERT,NO ALERT,20260706,00
Jharkhand,Pakur,0,3,0-3 h,1.8125,0.6035076534919583,1.0938576219541745,0.0,NO ALERT,NO ALERT,20260706,00
Jharkhand,Palamu,0,3,0-3 h,1.7767857313156128,0.3737988343625059,0.6641604352777086,0.0,NO ALERT,NO ALERT,20260706,00
Jharkhand,Pashchim Singhbhum,0,3,0-3 h,5.8828125,0.45311129700376257,2.665568801904947,0.0,NO ALERT,NO ALERT,20260706,00
Jharkhand,Purba Singhbhum,0,3,0-3 h,3.424999952316284,0.9904194813681165,3.392186676458918,0.0,NO ALERT,NO ALERT,20260706,00
Jharkhand,Ranchi,0,3,0-3 h,3.5,0.43312750651481624,1.515946272801857,0.0,NO ALERT,NO ALERT,20260706,00
Jharkhand,Sahibganj,0,3,0-3 h,0.987500011920929,0.9271637311929378,0.9155741956056791,0.0,NO ALERT,NO ALERT,20260706,00
Jharkhand,Saraikela Kharsawan,0,3,0-3 h,2.9375,0.7038710866727816,2.0676213171012963,0.0,NO ALERT,NO ALERT,20260706,00
Jharkhand,Simdega,0,3,0-3 h,5.734375,0.3,1.7203125,0.0,NO ALERT,NO ALERT,20260706,00
Karnataka,Bagalkot,0,3,0-3 h,0.06875000149011612,1.1632799061220045,0.07997549527930994,0.0,NO ALERT,NO ALERT,20260706,00
Karnataka,Bangalore Rural,0,3,0-3 h,0.0,3.0,0.0,0.0,NO ALERT,NO ALERT,20260706,00
Karnataka,Bangalore Urban,0,3,0-3 h,0.0,3.0,0.0,0.0,NO ALERT,NO ALERT,20260706,00
Karnataka,Belgaum,0,3,0-3 h,0.23529411852359772,0.8973372374527518,0.21113817430484555,0.0,NO ALERT,NO ALERT,20260706,00
Karnataka,Bellary,0,3,0-3 h,0.1306818127632141,2.70287473371527,0.3532165698738011,0.0,NO ALERT,NO ALERT,20260706,00
Karnataka,Bidar,0,3,0-3 h,0.3055555522441864,1.0018766190120068,0.30612896360275205,0.0,NO ALERT,NO ALERT,20260706,00
Karnataka,Bijapur,0,3,0-3 h,0.1026785746216774,3.0,0.3080357238650322,0.0,NO ALERT,NO ALERT,20260706,00
Karnataka,Chamrajnagar,0,3,0-3 h,0.0,3.0,0.0,0.0,NO ALERT,NO ALERT,20260706,00
Karnataka,Chikmagalur,0,3,0-3 h,0.9937499761581421,0.9744358301784026,0.968345583007427,0.0,NO ALERT,NO ALERT,20260706,00
Karnataka,Chitradurga,0,3,0-3 h,0.11931817978620529,3.0,0.3579545393586159,0.0,NO ALERT,NO ALERT,20260706,00
Karnataka,Dakshin Kannad,0,3,0-3 h,5.572916507720947,0.48296471969249655,2.691522059021134,0.0,NO ALERT,NO ALERT,20260706,00
Karnataka,Davanagere,0,3,0-3 h,0.265625,1.0634182151425726,0.28247046339724585,0.0,NO ALERT,NO ALERT,20260706,00
Karnataka,Dharwad,0,3,0-3 h,0.21875,0.6005924706507083,0.13137960295484244,0.0,NO ALERT,NO ALERT,20260706,00
Karnataka,Gadag,0,3,0-3 h,0.1796875,1.0104995631984701,0.1815741402622251,0.0,NO ALERT,NO ALERT,20260706,00
Karnataka,Gulbarga,0,3,0-3 h,0.1964285671710968,1.3275990324998463,0.26077837573167917,0.0,NO ALERT,NO ALERT,20260706,00
Karnataka,Hassan,0,3,0-3 h,0.29374998807907104,1.3953514149603434,0.4098844615107158,0.0,NO ALERT,NO ALERT,20260706,00
Karnataka,Haveri,0,3,0-3 h,0.512499988079071,0.8339001601670177,0.427373822144732,0.0,NO ALERT,NO ALERT,20260706,00
Karnataka,Kodagu,0,3,0-3 h,0.703125,0.9891691490121184,0.6955095578991457,0.0,NO ALERT,NO ALERT,20260706,00
Karnataka,Kolar,0,3,0-3 h,0.0,1.0,0.0,0.0,NO ALERT,NO ALERT,20260706,00
Karnataka,Koppal,0,3,0-3 h,0.0803571417927742,1.3672411486472411,0.10986759084676183,0.0,NO ALERT,NO ALERT,20260706,00
Karnataka,Mandya,0,3,0-3 h,0.0,3.0,0.0,0.0,NO ALERT,NO ALERT,20260706,00
Karnataka,Mysore,0,3,0-3 h,0.0,3.0,0.0,0.0,NO ALERT,NO ALERT,20260706,00
Karnataka,Raichur,0,3,0-3 h,0.0,1.9789763859973823,0.0,0.0,NO ALERT,NO ALERT,20260706,00
Karnataka,Shimoga,0,3,0-3 h,1.6818181276321411,0.6521122332003625,1.0967341750470478,0.0,NO ALERT,NO ALERT,20260706,00
Karnataka,Tumkur,0,3,0-3 h,0.0,3.0,0.0,0.0,NO ALERT,NO ALERT,20260706,00
Karnataka,Udupi,0,3,0-3 h,9.260416984558105,0.36293434267993313,3.3609233512326844,0.0,NO ALERT,NO ALERT,20260706,00
Karnataka,Uttar Kannand,0,3,0-3 h,3.028846263885498,0.4136012505834986,1.2527346025681994,0.0,NO ALERT,NO ALERT,20260706,00
Kerala,Alappuzha,0,3,0-3 h,0.625,2.864364265748771,1.790227666092982,0.0,NO ALERT,NO ALERT,20260706,00
Kerala,Ernakulam,0,3,0-3 h,1.109375,0.8273595857165152,0.917852040404259,0.0,NO ALERT,NO ALERT,20260706,00
Kerala,Idukki,0,3,0-3 h,0.887499988079071,1.1481059089541104,1.018943980510284,0.0,NO ALERT,NO ALERT,20260706,00
Kerala,Kannur,0,3,0-3 h,5.953125,0.39296054227725635,2.339343228244292,0.0,NO ALERT,NO ALERT,20260706,00
Kerala,Kasaragod,0,3,0-3 h,5.166666507720947,0.4895700959949935,2.529445418159062,0.0,NO ALERT,NO ALERT,20260706,00
Kerala,Kollam,0,3,0-3 h,0.84375,0.9608015244614043,0.8106762862643099,0.0,NO ALERT,NO ALERT,20260706,00
Kerala,Kottayam,0,3,0-3 h,0.953125,0.9196575889749057,0.876548639491707,0.0,NO ALERT,NO ALERT,20260706,00
Kerala,Kozhikode,0,3,0-3 h,5.8125,0.37264617476151884,2.1660058908013284,0.0,NO ALERT,NO ALERT,20260706,00
Kerala,Malappuram,0,3,0-3 h,4.262499809265137,0.44261788343885,1.8866586437354367,0.0,NO ALERT,NO ALERT,20260706,00
Kerala,Palakkad,0,3,0-3 h,2.1041667461395264,0.5302180666602749,1.1156672240689411,0.0,NO ALERT,NO ALERT,20260706,00
Kerala,Pattanamtitta,0,3,0-3 h,0.75,0.7477207744636957,0.5607905808477718,0.0,NO ALERT,NO ALERT,20260706,00
Kerala,Thiruvananthapuram,0,3,0-3 h,0.6041666865348816,1.3040197822546657,0.7878453110207392,0.0,NO ALERT,NO ALERT,20260706,00
Kerala,Thrissur,0,3,0-3 h,2.25,0.842598859765623,1.8958474344726517,0.0,NO ALERT,NO ALERT,20260706,00
Kerala,Wayanad,0,3,0-3 h,0.625,0.9148688962922525,0.5717930601826579,0.0,NO ALERT,NO ALERT,20260706,00
Lakshadweep,Kavaratti,0,3,0-3 h,0.0,1.0,0.0,0.0,NO ALERT,NO ALERT,20260706,00
Madhya Pradesh,Anuppur,0,3,0-3 h,0.125,0.3,0.0375,0.0,NO ALERT,NO ALERT,20260706,00
Madhya Pradesh,Ashoknagar,0,3,0-3 h,2.2708332538604736,0.9519252256221402,2.16166345753139,0.0,NO ALERT,NO ALERT,20260706,00
Madhya Pradesh,Datia,0,3,0-3 h,0.0,1.0,0.0,0.0,NO ALERT,NO ALERT,20260706,00
Madhya Pradesh,Dewas,0,3,0-3 h,1.8194444179534912,0.3,0.5458333253860473,0.0,NO ALERT,NO ALERT,20260706,00
Madhya Pradesh,Dhar,0,3,0-3 h,0.2556818127632141,0.3,0.07670454382896423,0.0,NO ALERT,NO ALERT,20260706,00
Madhya Pradesh,Dindori,0,3,0-3 h,0.6160714030265808,0.3,0.18482142090797424,0.0,NO ALERT,NO ALERT,20260706,00
Madhya Pradesh,East Nimar,0,3,0-3 h,0.668749988079071,0.30123901134156544,0.20145358524362303,0.0,NO ALERT,NO ALERT,20260706,00
Madhya Pradesh,Guna,0,3,0-3 h,5.75694465637207,0.44732070879630687,2.575200564189466,0.0,NO ALERT,NO ALERT,20260706,00
Madhya Pradesh,Gwalior,0,3,0-3 h,0.0,1.0,0.0,0.0,NO ALERT,NO ALERT,20260706,00
Madhya Pradesh,Harda,0,3,0-3 h,2.6041667461395264,0.3,0.7812500238418579,0.0,NO ALERT,NO ALERT,20260706,00
Madhya Pradesh,Hoshangabad,0,3,0-3 h,0.9722222089767456,0.3,0.29166666269302366,0.0,NO ALERT,NO ALERT,20260706,00
Madhya Pradesh,Indore,0,3,0-3 h,1.9196428060531616,0.3,0.5758928418159485,0.0,NO ALERT,NO ALERT,20260706,00
Madhya Pradesh,Jabalpur,0,3,0-3 h,3.3020832538604736,0.3,0.990624976158142,0.0,NO ALERT,NO ALERT,20260706,00
Madhya Pradesh,Jhabua,0,3,0-3 h,0.4000000059604645,0.3,0.12000000178813934,0.0,NO ALERT,NO ALERT,20260706,00
Madhya Pradesh,Katni,0,3,0-3 h,0.7986111044883728,0.32230547985936164,0.2573967352531398,0.0,NO ALERT,NO ALERT,20260706,00
Madhya Pradesh,Mandla,0,3,0-3 h,3.109375,0.3,0.9328124999999999,0.0,NO ALERT,NO ALERT,20260706,00
Madhya Pradesh,Mandsaur,0,3,0-3 h,1.8333333730697632,0.3805572499288874,0.6976883066582801,0.0,NO ALERT,NO ALERT,20260706,00
Madhya Pradesh,Morena,0,3,0-3 h,0.0357142873108387,3.0,0.1071428619325161,0.0,NO ALERT,NO ALERT,20260706,00
Madhya Pradesh,Narsinghpur,0,3,0-3 h,3.0416667461395264,0.3,0.9125000238418579,0.0,NO ALERT,NO ALERT,20260706,00
Madhya Pradesh,Neemuch,0,3,0-3 h,0.6354166865348816,0.7317338523203192,0.4649558998667816,0.0,NO ALERT,NO ALERT,20260706,00
Madhya Pradesh,Panna,0,3,0-3 h,0.0972222238779068,0.4184968595164538,0.04068719536810959,0.0,NO ALERT,NO ALERT,20260706,00
Madhya Pradesh,Raisen,0,3,0-3 h,2.2395832538604736,0.3,0.6718749761581421,0.0,NO ALERT,NO ALERT,20260706,00
Madhya Pradesh,Rajgarh,0,3,0-3 h,1.375,0.676433949885283,0.9300966810922642,0.0,NO ALERT,NO ALERT,20260706,00
Madhya Pradesh,Ratlam,0,3,0-3 h,2.4609375,0.3,0.73828125,0.0,NO ALERT,NO ALERT,20260706,00
Madhya Pradesh,Rewa,0,3,0-3 h,0.0694444477558136,0.38712886212107545,0.02688395004033459,0.0,NO ALERT,NO ALERT,20260706,00
Madhya Pradesh,Sagar,0,3,0-3 h,1.7833333015441895,0.3,0.5349999904632569,0.0,NO ALERT,NO ALERT,20260706,00
Madhya Pradesh,Satna,0,3,0-3 h,0.011363636702299118,0.4227753173004938,0.004804265112502046,0.0,NO ALERT,NO ALERT,20260706,00
Madhya Pradesh,Sehore,0,3,0-3 h,1.7265625,0.3,0.51796875,0.0,NO ALERT,NO ALERT,20260706,00
Madhya Pradesh,Seoni,0,3,0-3 h,4.322115421295166,0.3,1.2966346263885498,0.0,NO ALERT,NO ALERT,20260706,00
Madhya Pradesh,Shahdol,0,3,0-3 h,0.5885416865348816,0.3,0.17656250596046447,0.0,NO ALERT,NO ALERT,20260706,00
Madhya Pradesh,Shajapur,0,3,0-3 h,1.642045497894287,0.3,0.4926136493682861,0.0,NO ALERT,NO ALERT,20260706,00
Madhya Pradesh,Sheopur,0,3,0-3 h,0.0,3.0,0.0,0.0,NO ALERT,NO ALERT,20260706,00
Madhya Pradesh,Shivpuri,0,3,0-3 h,0.16796875,3.0,0.50390625,0.0,NO ALERT,NO ALERT,20260706,00
Madhya Pradesh,Sidhi,0,3,0-3 h,0.4375,0.399988705397733,0.1749950586115082,0.0,NO ALERT,NO ALERT,20260706,00
Maharashtra,Pune,0,3,0-3 h,8.259868621826172,0.3,2.4779605865478516,0.0,NO ALERT,NO ALERT,20260706,00
Maharashtra,Raigarh,0,3,0-3 h,7.895833492279053,0.3,2.3687500476837156,0.0,NO ALERT,NO ALERT,20260706,00
Maharashtra,Ratnagiri,0,3,0-3 h,13.426136016845703,0.3,4.027840805053711,0.0,NO ALERT,NO ALERT,20260706,00
Maharashtra,Sangli,0,3,0-3 h,3.3068182468414307,0.3,0.9920454740524292,0.0,NO ALERT,NO ALERT,20260706,00
Maharashtra,Satara,0,3,0-3 h,7.87890625,0.3,2.363671875,0.0,NO ALERT,NO ALERT,20260706,00
Maharashtra,Sindhudurg,0,3,0-3 h,9.166666984558105,0.3,2.7500000953674317,0.0,NO ALERT,NO ALERT,20260706,00
Maharashtra,Solapur,0,3,0-3 h,1.83695650100708,0.3,0.551086950302124,0.0,NO ALERT,NO ALERT,20260706,00
Maharashtra,Thane,0,3,0-3 h,55.19791793823242,0.3,16.559375381469724,0.0,MODERATE,NO ALERT,20260706,00
Maharashtra,Wardha,0,3,0-3 h,0.9375,0.8277061142287497,0.7759744820894529,0.0,NO ALERT,NO ALERT,20260706,00
Maharashtra,Washim,0,3,0-3 h,0.1041666641831398,0.6548512185328705,0.06821366697083342,0.0,NO ALERT,NO ALERT,20260706,00
Maharashtra,Yavatmal,0,3,0-3 h,0.34687501192092896,1.1672216749493405,0.40488003241241916,0.0,NO ALERT,NO ALERT,20260706,00
Manipur,Bishnupur,0,3,0-3 h,0.6875,0.44222804670987065,0.30403178211303605,0.0,NO ALERT,NO ALERT,20260706,00
Manipur,Chandel,0,3,0-3 h,0.625,0.4353368800524707,0.27208555003279417,0.0,NO ALERT,NO ALERT,20260706,00
Manipur,Churachandpur,0,3,0-3 h,0.6354166865348816,0.350797188232678,0.22290238699256143,0.0,NO ALERT,NO ALERT,20260706,00
Manipur,East Imphal,0,3,0-3 h,1.5625,0.34679034457550556,0.5418599133992275,0.0,NO ALERT,NO ALERT,20260706,00
Manipur,Senapati,0,3,0-3 h,0.5375000238418579,0.40549794487557334,0.21795515503844506,0.0,NO ALERT,NO ALERT,20260706,00
Manipur,Tamenglong,0,3,0-3 h,0.4895833432674408,0.47901291702576343,0.23451674538576248,0.0,NO ALERT,NO ALERT,20260706,00
Manipur,Thoubal,0,3,0-3 h,0.6875,0.5006320786802736,0.3441845540926881,0.0,NO ALERT,NO ALERT,20260706,00
Manipur,Ukhrul,0,3,0-3 h,0.6145833134651184,0.5601360196084298,0.34425025092211137,0.0,NO ALERT,NO ALERT,20260706,00
Manipur,West Imphal,0,3,0-3 h,0.0,1.0,0.0,0.0,NO ALERT,NO ALERT,20260706,00
Meghalaya,East Garo Hills,0,3,0-3 h,7.265625,0.5096870049480084,3.703194645325374,0.0,NO ALERT,NO ALERT,20260706,00
Meghalaya,East Khasi Hills,0,3,0-3 h,3.390625,0.5445849739225571,1.8464834272061703,0.0,NO ALERT,NO ALERT,20260706,00
Meghalaya,Jaintia Hills,0,3,0-3 h,1.46875,0.3344285796853742,0.49119197641289336,0.0,NO ALERT,NO ALERT,20260706,00
Meghalaya,Ri-Bhoi,0,3,0-3 h,1.7708333730697632,0.3754843171484303,0.6649201598707515,0.0,NO ALERT,NO ALERT,20260706,00
Meghalaya,South Garo Hills,0,3,0-3 h,1.9583333730697632,1.1985655828274717,2.347190980663849,0.0,NO ALERT,NO ALERT,20260706,00
Meghalaya,West Garo Hills,0,3,0-3 h,1.712499976158142,1.4164832395577518,2.425727513971058,0.0,NO ALERT,NO ALERT,20260706,00
Meghalaya,West Khasi Hills,0,3,0-3 h,6.296875,0.7688290212309257,4.841220243063485,0.0,NO ALERT,NO ALERT,20260706,00
Mizoram,Aizawl,0,3,0-3 h,5.96875,0.35958444336345213,2.146269646325605,0.0,NO ALERT,NO ALERT,20260706,00
Mizoram,Champhai,0,3,0-3 h,2.734375,0.393379226133291,1.0756463214582177,0.0,NO ALERT,NO ALERT,20260706,00
Mizoram,Kolasib,0,3,0-3 h,2.5,0.8142673026091504,2.035668256522876,0.0,NO ALERT,NO ALERT,20260706,00
Mizoram,Lawngtlai,0,3,0-3 h,5.34375,0.3,1.603125,0.0,NO ALERT,NO ALERT,20260706,00
Mizoram,Lunglei,0,3,0-3 h,7.40625,0.34255624595576245,2.5370571966098656,0.0,NO ALERT,NO ALERT,20260706,00
Mizoram,Mamit,0,3,0-3 h,4.104166507720947,0.6080090530356378,2.4953703918599937,0.0,NO ALERT,NO ALERT,20260706,00
Mizoram,Saiha,0,3,0-3 h,4.765625,0.3,1.4296875,0.0,NO ALERT,NO ALERT,20260706,00
Mizoram,Serchhip,0,3,0-3 h,9.40625,0.3,2.821875,0.0,NO ALERT,NO ALERT,20260706,00
Nagaland,Dimapur,0,3,0-3 h,0.0625,0.6956002689591826,0.04347501680994891,0.0,NO ALERT,NO ALERT,20260706,00
Nagaland,Kohima,0,3,0-3 h,0.862500011920929,0.42200076411911747,0.36397566408337995,0.0,NO ALERT,NO ALERT,20260706,00
Nagaland,Mokokchung,0,3,0-3 h,0.375,0.6004559914526765,0.22517099679475366,0.0,NO ALERT,NO ALERT,20260706,00
Nagaland,Mon,0,3,0-3 h,1.4375,0.35697456601861516,0.5131509386517593,0.0,NO ALERT,NO ALERT,20260706,00
Nagaland,Phek,0,3,0-3 h,0.375,0.4705958392700629,0.17647343972627358,0.0,NO ALERT,NO ALERT,20260706,00
Nagaland,Tuensang,0,3,0-3 h,0.3035714328289032,0.307336347541769,0.09329853538365657,0.0,NO ALERT,NO ALERT,20260706,00
Nagaland,Wokha,0,3,0-3 h,0.4791666567325592,0.9768878268305281,0.4680920739851194,0.0,NO ALERT,NO ALERT,20260706,00
Nagaland,Zunheboto,0,3,0-3 h,0.8125,0.3,0.24375,0.0,NO ALERT,NO ALERT,20260706,00
Orissa,Angul,0,3,0-3 h,10.06944465637207,0.3,3.020833396911621,0.0,NO ALERT,NO ALERT,20260706,00
Orissa,Baleshwar,0,3,0-3 h,12.462499618530273,0.3,3.738749885559082,0.0,NO ALERT,NO ALERT,20260706,00
Orissa,Baragarh,0,3,0-3 h,19.84375,0.3,5.953125,0.0,NO ALERT,NO ALERT,20260706,00
Orissa,Bhadrak,0,3,0-3 h,4.53125,0.7178511116268625,3.252762849559221,0.0,NO ALERT,NO ALERT,20260706,00
Orissa,Bolangir,0,3,0-3 h,11.909722328186035,0.3,3.5729166984558103,0.0,NO ALERT,NO ALERT,20260706,00
Orissa,Boudh,0,3,0-3 h,5.265625,0.46951847237716815,2.472308206111026,0.0,NO ALERT,NO ALERT,20260706,00
Orissa,Cuttack,0,3,0-3 h,0.375,3.0,1.125,0.0,NO ALERT,NO ALERT,20260706,00
Orissa,Deogarh,0,3,0-3 h,3.1458332538604736,0.5670237411043358,1.7837621404943915,0.0,NO ALERT,NO ALERT,20260706,00
Orissa,Dhenkanal,0,3,0-3 h,6.489583492279053,0.5066672121395331,3.2880591759797633,0.0,NO ALERT,NO ALERT,20260706,00
Orissa,Gajapati,0,3,0-3 h,0.0625,3.0,0.1875,0.0,NO ALERT,NO ALERT,20260706,00
Orissa,Ganjam,0,3,0-3 h,0.02083333395421505,3.0,0.06250000186264515,0.0,NO ALERT,NO ALERT,20260706,00
Orissa,Jagatsinghpur,0,3,0-3 h,0.15625,1.2982877185824837,0.20285745602851307,0.0,NO ALERT,NO ALERT,20260706,00
Orissa,Jajpur,0,3,0-3 h,2.424999952316284,1.0825360884765436,2.625149962936275,0.0,NO ALERT,NO ALERT,20260706,00
Orissa,Jharsuguda,0,3,0-3 h,1.5,0.3,0.44999999999999996,0.0,NO ALERT,NO ALERT,20260706,00
Orissa,Kalahandi,0,3,0-3 h,3.517045497894287,0.796623750187142,2.801761974111351,0.0,NO ALERT,NO ALERT,20260706,00
Orissa,Kandhamal,0,3,0-3 h,3.0625,1.1397211880580418,3.490396138427753,0.0,NO ALERT,NO ALERT,20260706,00
Orissa,Kendrapara,0,3,0-3 h,0.390625,1.2406367579898423,0.48462373358978217,0.0,NO ALERT,NO ALERT,20260706,00
Orissa,Keonjhar,0,3,0-3 h,18.953125,0.3,5.6859375,0.0,NO ALERT,NO ALERT,20260706,00
Orissa,Khordha,0,3,0-3 h,0.0416666679084301,3.0,0.1250000037252903,0.0,NO ALERT,NO ALERT,20260706,00
Orissa,Koraput,0,3,0-3 h,0.4829545319080353,3.0,1.4488635957241058,0.0,NO ALERT,NO ALERT,20260706,00
Orissa,Malkangiri,0,3,0-3 h,0.078125,3.0,0.234375,0.0,NO ALERT,NO ALERT,20260706,00
Orissa,Mayurbhanj,0,3,0-3 h,4.643382549285889,0.6410187849222774,2.976495439672547,0.0,NO ALERT,NO ALERT,20260706,00
Orissa,Nabarangpur,0,3,0-3 h,2.328125,0.9520565250907196,2.2165065974768314,0.0,NO ALERT,NO ALERT,20260706,00
Orissa,Nayagarh,0,3,0-3 h,0.90625,2.7627565849527578,2.5037481551134366,0.0,NO ALERT,NO ALERT,20260706,00
Orissa,Nuapada,0,3,0-3 h,17.25,0.3,5.175,0.0,NO ALERT,NO ALERT,20260706,00
Orissa,Puri,0,3,0-3 h,0.25,1.1682139811417622,0.29205349528544056,0.0,NO ALERT,NO ALERT,20260706,00
Orissa,Rayagada,0,3,0-3 h,0.23125000298023224,3.0,0.6937500089406967,0.0,NO ALERT,NO ALERT,20260706,00
Orissa,Sambalpur,0,3,0-3 h,11.852272987365723,0.3,3.5556818962097165,0.0,NO ALERT,NO ALERT,20260706,00
Orissa,Sonepur,0,3,0-3 h,25.515625,0.3,7.6546875,0.0,NO ALERT,NO ALERT,20260706,00
Orissa,Sundargarh,0,3,0-3 h,6.216346263885498,0.4166264730089146,2.5898944189247586,0.0,NO ALERT,NO ALERT,20260706,00
Puducherry,Karaikal,0,3,0-3 h,0.0,1.0,0.0,0.0,NO ALERT,NO ALERT,20260706,00
Puducherry,Mahe,0,3,0-3 h,0.0,1.0,0.0,0.0,NO ALERT,NO ALERT,20260706,00
Puducherry,Puducherry,0,3,0-3 h,0.0,1.0,0.0,0.0,NO ALERT,NO ALERT,20260706,00
Puducherry,Yanam,0,3,0-3 h,0.0,1.0,0.0,0.0,NO ALERT,NO ALERT,20260706,00
Punjab,Amritsar,0,3,0-3 h,0.0,3.0,0.0,0.0,NO ALERT,NO ALERT,20260706,00
Punjab,Bathinda,0,3,0-3 h,0.0535714291036129,1.0063742042286778,0.05391290433354146,0.0,NO ALERT,NO ALERT,20260706,00
Punjab,Faridkot,0,3,0-3 h,0.0,1.8166795132507056,0.0,0.0,NO ALERT,NO ALERT,20260706,00
Punjab,Fatehgarh Sahib,0,3,0-3 h,0.0625,0.7625669248111632,0.0476604328006977,0.0,NO ALERT,NO ALERT,20260706,00
Punjab,Firozpur,0,3,0-3 h,0.0,3.0,0.0,0.0,NO ALERT,NO ALERT,20260706,00
Punjab,Gurdaspur,0,3,0-3 h,0.5729166865348816,1.0172791491901219,0.582816199435028,0.0,NO ALERT,NO ALERT,20260706,00
Punjab,Hoshiarpur,0,3,0-3 h,1.375,1.1158502745357433,1.534294127486647,0.0,NO ALERT,NO ALERT,20260706,00
Punjab,Jalandhar,0,3,0-3 h,0.875,0.6683787736223664,0.5848314269195706,0.0,NO ALERT,NO ALERT,20260706,00
Punjab,Kapurthala,0,3,0-3 h,0.8958333134651184,0.8043488797650564,0.7205625221418867,0.0,NO ALERT,NO ALERT,20260706,00
Punjab,Ludhiana,0,3,0-3 h,0.625,0.6367384031963071,0.397961501997692,0.0,NO ALERT,NO ALERT,20260706,00
Punjab,Mansa,0,3,0-3 h,0.0,0.8554010609701591,0.0,0.0,NO ALERT,NO ALERT,20260706,00
Punjab,Moga,0,3,0-3 h,0.0,1.9260465396022144,0.0,0.0,NO ALERT,NO ALERT,20260706,00
Punjab,Muktsar,0,3,0-3 h,0.0625,1.6273890495298178,0.10171181559561361,0.0,NO ALERT,NO ALERT,20260706,00
Punjab,Nawan Shehar,0,3,0-3 h,2.0,0.7376809676905092,1.4753619353810183,0.0,NO ALERT,NO ALERT,20260706,00
Punjab,Patiala,0,3,0-3 h,0.1458333283662796,0.9906891001535867,0.14447548885159206,0.0,NO ALERT,NO ALERT,20260706,00
Punjab,Rupnagar,0,3,0-3 h,1.4375,0.596268251978758,0.8571356122194647,0.0,NO ALERT,NO ALERT,20260706,00
Punjab,Sangrur,0,3,0-3 h,0.0859375,0.6431007768751102,0.055266473012704785,0.0,NO ALERT,NO ALERT,20260706,00
Rajasthan,Ajmer,0,3,0-3 h,0.004166666883975267,0.5105660303364602,0.0021273585706856404,0.0,NO ALERT,NO ALERT,20260706,00
Rajasthan,Alwar,0,3,0-3 h,0.0,1.763920291704763,0.0,0.0,NO ALERT,NO ALERT,20260706,00
Rajasthan,Banswara,0,3,0-3 h,1.0267857313156128,0.3,0.3080357193946838,0.0,NO ALERT,NO ALERT,20260706,00
Rajasthan,Baran,0,3,0-3 h,0.862500011920929,1.9242101184358293,1.659631250089275,0.0,NO ALERT,NO ALERT,20260706,00
Rajasthan,Barmer,0,3,0-3 h,0.004687500186264515,0.9889290802263309,0.004635605247763321,0.0,NO ALERT,NO ALERT,20260706,00
Rajasthan,Bharatpur,0,3,0-3 h,0.0,1.333984920453584,0.0,0.0,NO ALERT,NO ALERT,20260706,00
Rajasthan,Bhilwara,0,3,0-3 h,0.004464285913854837,0.3633962326272162,0.001622304682465597,0.0,NO ALERT,NO ALERT,20260706,00
Rajasthan,Bikaner,0,3,0-3 h,0.01923076994717121,3.0,0.057692309841513634,0.0,NO ALERT,NO ALERT,20260706,00
Rajasthan,Bundi,0,3,0-3 h,0.01785714365541935,3.0,0.05357143096625805,0.0,NO ALERT,NO ALERT,20260706,00
Rajasthan,Chittaurgarh,0,3,0-3 h,0.40625,0.3,0.121875,0.0,NO ALERT,NO ALERT,20260706,00
Rajasthan,Churu,0,3,0-3 h,0.32451921701431274,1.401563284200734,0.4548342195848309,0.0,NO ALERT,NO ALERT,20260706,00
Rajasthan,Dausa,0,3,0-3 h,0.0,2.1134477396397804,0.0,0.0,NO ALERT,NO ALERT,20260706,00
Rajasthan,Dhaulpur,0,3,0-3 h,0.10000000149011612,3.0,0.30000000447034836,0.0,NO ALERT,NO ALERT,20260706,00
Rajasthan,Dungarpur,0,3,0-3 h,0.925000011920929,0.3,0.2775000035762787,0.0,NO ALERT,NO ALERT,20260706,00
Rajasthan,Ganganagar,0,3,0-3 h,0.05859375,1.0,0.05859375,0.0,NO ALERT,NO ALERT,20260706,00
Rajasthan,Hanumangarh,0,3,0-3 h,0.4598214328289032,1.571559761267069,0.7226368612020727,0.0,NO ALERT,NO ALERT,20260706,00
Rajasthan,Jaipur,0,3,0-3 h,0.1666666716337204,2.075984689161689,0.34599745850514235,0.0,NO ALERT,NO ALERT,20260706,00
Rajasthan,Jaisalmer,0,3,0-3 h,0.0,1.0,0.0,0.0,NO ALERT,NO ALERT,20260706,00
Rajasthan,Jalor,0,3,0-3 h,0.0,0.3,0.0,0.0,NO ALERT,NO ALERT,20260706,00
Rajasthan,Jhalawar,0,3,0-3 h,2.368055582046509,0.5632776631707748,1.3338728145136665,0.0,NO ALERT,NO ALERT,20260706,00
Rajasthan,Jhunjhunun,0,3,0-3 h,0.0,1.2604511264027094,0.0,0.0,NO ALERT,NO ALERT,20260706,00
Rajasthan,Jodhpur,0,3,0-3 h,0.0,0.8001683993228174,0.0,0.0,NO ALERT,NO ALERT,20260706,00
Rajasthan,Tonk,0,3,0-3 h,0.0,3.0,0.0,0.0,NO ALERT,NO ALERT,20260706,00
Rajasthan,Udaipur,0,3,0-3 h,0.5833333134651184,0.3,0.1749999940395355,0.0,NO ALERT,NO ALERT,20260706,00
Sikkim,East,0,3,0-3 h,0.53125,2.23108818195037,1.185265596661134,0.0,NO ALERT,NO ALERT,20260706,00
Sikkim,North Sikkim,0,3,0-3 h,0.3928571343421936,2.347754056512395,0.9223319307817199,0.0,NO ALERT,NO ALERT,20260706,00
Sikkim,South Sikkim,0,3,0-3 h,0.0,1.0,0.0,0.0,NO ALERT,NO ALERT,20260706,00
Sikkim,West Sikkim,0,3,0-3 h,0.40625,3.0,1.21875,0.0,NO ALERT,NO ALERT,20260706,00
Tamil Nadu,Ariyalur,0,3,0-3 h,0.0,1.0,0.0,0.0,NO ALERT,NO ALERT,20260706,00
Tamil Nadu,Chennai,0,3,0-3 h,0.0,1.0,0.0,0.0,NO ALERT,NO ALERT,20260706,00
Tamil Nadu,Coimbatore,0,3,0-3 h,0.1041666641831398,3.0,0.3124999925494194,0.0,NO ALERT,NO ALERT,20260706,00
Tamil Nadu,Cuddalore,0,3,0-3 h,0.0,1.0,0.0,0.0,NO ALERT,NO ALERT,20260706,00
Tamil Nadu,Dharmapuri,0,3,0-3 h,0.0,1.0,0.0,0.0,NO ALERT,NO ALERT,20260706,00
Tamil Nadu,Dindigul,0,3,0-3 h,0.0,1.0,0.0,0.0,NO ALERT,NO ALERT,20260706,00
Tamil Nadu,Erode,0,3,0-3 h,0.0,1.0,0.0,0.0,NO ALERT,NO ALERT,20260706,00
Tamil Nadu,Kancheepuram,0,3,0-3 h,0.0,1.0,0.0,0.0,NO ALERT,NO ALERT,20260706,00
Tamil Nadu,Kanniyakumari,0,3,0-3 h,0.5,2.3327618361136246,1.1663809180568123,0.0,NO ALERT,NO ALERT,20260706,00
Tamil Nadu,Karur,0,3,0-3 h,0.0,1.0,0.0,0.0,NO ALERT,NO ALERT,20260706,00
Tamil Nadu,Sivaganga,0,3,0-3 h,0.0,1.0,0.0,0.0,NO ALERT,NO ALERT,20260706,00
Tamil Nadu,Thanjavur,0,3,0-3 h,0.0,1.0,0.0,0.0,NO ALERT,NO ALERT,20260706,00
Tamil Nadu,Theni,0,3,0-3 h,0.171875,3.0,0.515625,0.0,NO ALERT,NO ALERT,20260706,00
Tamil Nadu,Thiruvallur,0,3,0-3 h,0.0,1.0,0.0,0.0,NO ALERT,NO ALERT,20260706,00
Tamil Nadu,Thiruvarur,0,3,0-3 h,0.0,3.0,0.0,0.0,NO ALERT,NO ALERT,20260706,00
Tamil Nadu,Thoothukudi,0,3,0-3 h,0.0,1.0,0.0,0.0,NO ALERT,NO ALERT,20260706,00
Tamil Nadu,Tiruchchirappalli,0,3,0-3 h,0.0,1.0,0.0,0.0,NO ALERT,NO ALERT,20260706,00
Tamil Nadu,Tirunelveli Kattabo,0,3,0-3 h,0.2083333283662796,3.0,0.6249999850988388,0.0,NO ALERT,NO ALERT,20260706,00
Tamil Nadu,Tiruvannamalai,0,3,0-3 h,0.0,1.0,0.0,0.0,NO ALERT,NO ALERT,20260706,00
Tamil Nadu,Vellore,0,3,0-3 h,0.0,1.0,0.0,0.0,NO ALERT,NO ALERT,20260706,00
Tamil Nadu,Villupuram,0,3,0-3 h,0.0,1.0,0.0,0.0,NO ALERT,NO ALERT,20260706,00
Tamil Nadu,Virudhunagar,0,3,0-3 h,0.012500000186264515,1.0,0.012500000186264515,0.0,NO ALERT,NO ALERT,20260706,00
Tripura,Dhalai,0,3,0-3 h,0.21875,2.7728682543513306,0.6065649306393536,0.0,NO ALERT,NO ALERT,20260706,00
Tripura,North Tripura,0,3,0-3 h,1.359375,1.8373519402302907,2.4976502937505516,0.0,NO ALERT,NO ALERT,20260706,00
Tripura,South Tripura,0,3,0-3 h,1.4375,0.6883313005588784,0.9894762445533877,0.0,NO ALERT,NO ALERT,20260706,00
Tripura,West Tripura,0,3,0-3 h,0.6145833134651184,1.2952968876484479,0.7960678531320383,0.0,NO ALERT,NO ALERT,20260706,00
Uttar Pradesh,Agra,0,3,0-3 h,0.0,1.0983193107761748,0.0,0.0,NO ALERT,NO ALERT,20260706,00
Uttar Pradesh,Aligarh,0,3,0-3 h,0.0,0.8798559857902731,0.0,0.0,NO ALERT,NO ALERT,20260706,00
Uttar Pradesh,Allahabad,0,3,0-3 h,0.01785714365541935,0.3288936598778827,0.0058731013317959825,0.0,NO ALERT,NO ALERT,20260706,00
Uttar Pradesh,Ambedkar Nagar,0,3,0-3 h,0.0416666679084301,3.0,0.1250000037252903,0.0,NO ALERT,NO ALERT,20260706,00
Uttar Pradesh,Auraiya,0,3,0-3 h,0.0,3.0,0.0,0.0,NO ALERT,NO ALERT,20260706,00
Uttar Pradesh,Azamgarh,0,3,0-3 h,0.07500000298023224,3.0,0.22500000894069672,0.0,NO ALERT,NO ALERT,20260706,00
Uttar Pradesh,Badaun,0,3,0-3 h,0.0,2.287464070059984,0.0,0.0,NO ALERT,NO ALERT,20260706,00
Uttar Pradesh,Baghpat,0,3,0-3 h,0.09375,0.8822997668421744,0.08271560314145385,0.0,NO ALERT,NO ALERT,20260706,00
Uttar Pradesh,Bahraich,0,3,0-3 h,0.0,3.0,0.0,0.0,NO ALERT,NO ALERT,20260706,00
Uttar Pradesh,Ballia,0,3,0-3 h,0.140625,0.782997505218471,0.11010902417134749,0.0,NO ALERT,NO ALERT,20260706,00
Uttar Pradesh,Balrampur,0,3,0-3 h,0.02083333395421505,2.137629415780145,0.044533947489301375,0.0,NO ALERT,NO ALERT,20260706,00
Uttar Pradesh,Banda,0,3,0-3 h,0.0,2.6135166709781106,0.0,0.0,NO ALERT,NO ALERT,20260706,00
Uttar Pradesh,Bara Banki,0,3,0-3 h,0.0,3.0,0.0,0.0,NO ALERT,NO ALERT,20260706,00
Uttar Pradesh,Bareilly,0,3,0-3 h,0.0,2.898412958300566,0.0,0.0,NO ALERT,NO ALERT,20260706,00
Uttar Pradesh,Basti,0,3,0-3 h,0.0,2.3821490387413156,0.0,0.0,NO ALERT,NO ALERT,20260706,00
Uttar Pradesh,Bijnor,0,3,0-3 h,0.012500000186264515,3.0,0.037500000558793545,0.0,NO ALERT,NO ALERT,20260706,00
Uttar Pradesh,Bulandshahr,0,3,0-3 h,0.0,1.5919798836936727,0.0,0.0,NO ALERT,NO ALERT,20260706,00
Uttar Pradesh,Chandauli,0,3,0-3 h,1.15625,0.38773924304590257,0.44832349977182484,0.0,NO ALERT,NO ALERT,20260706,00
Uttar Pradesh,Chitrakoot,0,3,0-3 h,0.0,0.562270950669591,0.0,0.0,NO ALERT,NO ALERT,20260706,00
Uttar Pradesh,Deoria,0,3,0-3 h,0.0,3.0,0.0,0.0,NO ALERT,NO ALERT,20260706,00
Uttar Pradesh,Etah,0,3,0-3 h,0.0,2.067726013381379,0.0,0.0,NO ALERT,NO ALERT,20260706,00
Uttar Pradesh,Etawah,0,3,0-3 h,0.0,3.0,0.0,0.0,NO ALERT,NO ALERT,20260706,00
Uttar Pradesh,Faizabad,0,3,0-3 h,0.0,3.0,0.0,0.0,NO ALERT,NO ALERT,20260706,00
Uttar Pradesh,Farrukhabad,0,3,0-3 h,0.0,3.0,0.0,0.0,NO ALERT,NO ALERT,20260706,00
Uttar Pradesh,Fatehpur,0,3,0-3 h,0.0,1.2397823009215974,0.0,0.0,NO ALERT,NO ALERT,20260706,00
Uttar Pradesh,Firozabad,0,3,0-3 h,0.0,1.3721040668065834,0.0,0.0,NO ALERT,NO ALERT,20260706,00
Uttar Pradesh,Gautam Buddha Nagar,0,3,0-3 h,0.0,0.5126294703835742,0.0,0.0,NO ALERT,NO ALERT,20260706,00
Uttar Pradesh,Ghaziabad,0,3,0-3 h,0.02083333395421505,0.6195152102740974,0.01290656726535603,0.0,NO ALERT,NO ALERT,20260706,00
Uttar Pradesh,Ghazipur,0,3,0-3 h,0.30000001192092896,0.9133276607025872,0.2739983090984903,0.0,NO ALERT,NO ALERT,20260706,00
Uttar Pradesh,Gonda,0,3,0-3 h,0.0,3.0,0.0,0.0,NO ALERT,NO ALERT,20260706,00
Uttar Pradesh,Gorakhpur,0,3,0-3 h,0.0,3.0,0.0,0.0,NO ALERT,NO ALERT,20260706,00
Uttar Pradesh,Hamirpur,0,3,0-3 h,0.0,1.0,0.0,0.0,NO ALERT,NO ALERT,20260706,00
Uttar Pradesh,Hardoi,0,3,0-3 h,0.0,3.0,0.0,0.0,NO ALERT,NO ALERT,20260706,00
Uttar Pradesh,Hathras,0,3,0-3 h,0.0,0.6899235208352951,0.0,0.0,NO ALERT,NO ALERT,20260706,00
Uttar Pradesh,Jalaun,0,3,0-3 h,0.0,1.0,0.0,0.0,NO ALERT,NO ALERT,20260706,00
Uttar Pradesh,Jaunpur,0,3,0-3 h,0.03125,1.4820370115645944,0.046313656611393576,0.0,NO ALERT,NO ALERT,20260706,00
Uttar Pradesh,Jhansi,0,3,0-3 h,0.0,1.0,0.0,0.0,NO ALERT,NO ALERT,20260706,00
Uttar Pradesh,Jyotiba Phule Nagar,0,3,0-3 h,0.0,2.7207409304746526,0.0,0.0,NO ALERT,NO ALERT,20260706,00
Uttar Pradesh,Kannauj,0,3,0-3 h,0.0,1.0,0.0,0.0,NO ALERT,NO ALERT,20260706,00
Uttar Pradesh,Kanpur,0,3,0-3 h,0.0,3.0,0.0,0.0,NO ALERT,NO ALERT,20260706,00
Uttar Pradesh,Kanpur Dehat,0,3,0-3 h,0.0,1.0,0.0,0.0,NO ALERT,NO ALERT,20260706,00
Uttar Pradesh,Kaushambi,0,3,0-3 h,0.0,0.8478967173116988,0.0,0.0,NO ALERT,NO ALERT,20260706,00
Uttar Pradesh,Kushinagar,0,3,0-3 h,0.0,3.0,0.0,0.0,NO ALERT,NO ALERT,20260706,00
Uttar Pradesh,Lakhimpur Kheri,0,3,0-3 h,0.011363636702299118,3.0,0.034090910106897354,0.0,NO ALERT,NO ALERT,20260706,00
Uttar Pradesh,Lalitpur,0,3,0-3 h,0.0078125,2.6401848571460835,0.020626444196453778,0.0,NO ALERT,NO ALERT,20260706,00
Uttar Pradesh,Lucknow,0,3,0-3 h,0.0,2.284626632442603,0.0,0.0,NO ALERT,NO ALERT,20260706,00
Uttar Pradesh,Maharajganj,0,3,0-3 h,0.0,1.0,0.0,0.0,NO ALERT,NO ALERT,20260706,00
Uttar Pradesh,Mahoba,0,3,0-3 h,0.0,1.0,0.0,0.0,NO ALERT,NO ALERT,20260706,00
Uttar Pradesh,Mainpuri,0,3,0-3 h,0.0,2.6323788094303384,0.0,0.0,NO ALERT,NO ALERT,20260706,00
Uttar Pradesh,Mathura,0,3,0-3 h,0.0,0.7910712809124609,0.0,0.0,NO ALERT,NO ALERT,20260706,00
Uttar Pradesh,Mau,0,3,0-3 h,0.0,1.9114426031786989,0.0,0.0,NO ALERT,NO ALERT,20260706,00
Uttar Pradesh,Meerut,0,3,0-3 h,0.046875,0.9643158928227719,0.04520230747606743,0.0,NO ALERT,NO ALERT,20260706,00
Uttar Pradesh,Mirzapur,0,3,0-3 h,0.375,0.35710016022873065,0.13391256008577399,0.0,NO ALERT,NO ALERT,20260706,00
Uttar Pradesh,Moradabad,0,3,0-3 h,0.0,1.91329315618519,0.0,0.0,NO ALERT,NO ALERT,20260706,00
Uttar Pradesh,Muzaffarnagar,0,3,0-3 h,0.0,1.0943905970571934,0.0,0.0,NO ALERT,NO ALERT,20260706,00
Uttar Pradesh,Pilibhit,0,3,0-3 h,0.0,3.0,0.0,0.0,NO ALERT,NO ALERT,20260706,00
Uttar Pradesh,Pratapgarh,0,3,0-3 h,0.0,1.7597048613363788,0.0,0.0,NO ALERT,NO ALERT,20260706,00
Uttar Pradesh,Rae Bareli,0,3,0-3 h,0.0,1.1033504252204083,0.0,0.0,NO ALERT,NO ALERT,20260706,00
Uttar Pradesh,Rampur,0,3,0-3 h,0.0,3.0,0.0,0.0,NO ALERT,NO ALERT,20260706,00
Uttar Pradesh,Saharanpur,0,3,0-3 h,0.11249999701976776,1.2072077539321737,0.13581086871961007,0.0,NO ALERT,NO ALERT,20260706,00
Uttar Pradesh,Sant Kabir Nagar,0,3,0-3 h,0.0,3.0,0.0,0.0,NO ALERT,NO ALERT,20260706,00
Uttar Pradesh,Sant Ravi Das Nagar,0,3,0-3 h,0.125,0.7357740655714142,0.09197175819642678,0.0,NO ALERT,NO ALERT,20260706,00
Uttar Pradesh,Shahjahanpur,0,3,0-3 h,0.03125,3.0,0.09375,0.0,NO ALERT,NO ALERT,20260706,00
Uttar Pradesh,Shravasti,0,3,0-3 h,0.0,3.0,0.0,0.0,NO ALERT,NO ALERT,20260706,00
Uttar Pradesh,Siddharth Nagar,0,3,0-3 h,0.0,3.0,0.0,0.0,NO ALERT,NO ALERT,20260706,00
Uttar Pradesh,Sitapur,0,3,0-3 h,0.0,3.0,0.0,0.0,NO ALERT,NO ALERT,20260706,00
Uttar Pradesh,Sonbhadra,0,3,0-3 h,0.921875,0.36184466178439245,0.3335755475824868,0.0,NO ALERT,NO ALERT,20260706,00
Uttar Pradesh,Sultanpur,0,3,0-3 h,0.02083333395421505,3.0,0.06250000186264515,0.0,NO ALERT,NO ALERT,20260706,00
Uttar Pradesh,Unnao,0,3,0-3 h,0.0,2.072396332849315,0.0,0.0,NO ALERT,NO ALERT,20260706,00
Uttar Pradesh,Varanasi,0,3,0-3 h,0.484375,0.7173701896151363,0.3474761855948317,0.0,NO ALERT,NO ALERT,20260706,00
Uttaranchal,Almora,0,3,0-3 h,0.84375,0.9821425065093953,0.8286827398673022,0.0,NO ALERT,NO ALERT,20260706,00
Uttaranchal,Bageshwar,0,3,0-3 h,1.962499976158142,1.1747002010493959,2.3053491165524043,0.0,NO ALERT,NO ALERT,20260706,00
Uttaranchal,Chamoli,0,3,0-3 h,0.9583333134651184,0.9639619688833851,0.9237968676943739,0.0,NO ALERT,NO ALERT,20260706,00
Uttaranchal,Champawat,0,3,0-3 h,0.0,1.3345860907380185,0.0,0.0,NO ALERT,NO ALERT,20260706,00
Uttaranchal,Dehra Dun,0,3,0-3 h,0.78125,0.6132870486378237,0.47913050674829977,0.0,NO ALERT,NO ALERT,20260706,00
Uttaranchal,Haridwar,0,3,0-3 h,0.015625,3.0,0.046875,0.0,NO ALERT,NO ALERT,20260706,00
Uttaranchal,Naini Tal,0,3,0-3 h,0.010416666977107525,3.0,0.031250000931322575,0.0,NO ALERT,NO ALERT,20260706,00
Uttaranchal,Pauri Garhwal,0,3,0-3 h,0.8958333134651184,0.6525376956382899,0.5845650060445422,0.0,NO ALERT,NO ALERT,20260706,00
Uttaranchal,Pithoragarh,0,3,0-3 h,2.0511362552642822,1.4492140668178521,2.9725355140890906,0.0,NO ALERT,NO ALERT,20260706,00
Uttaranchal,Rudra Prayag,0,3,0-3 h,1.0,0.4569764664782921,0.4569764664782921,0.0,NO ALERT,NO ALERT,20260706,00
Uttaranchal,Tehri Garhwal,0,3,0-3 h,1.6145833730697632,0.43032490849803356,0.6947954422786923,0.0,NO ALERT,NO ALERT,20260706,00
Uttaranchal,Udham Singh Nagar,0,3,0-3 h,0.0,3.0,0.0,0.0,NO ALERT,NO ALERT,20260706,00
Uttaranchal,Uttarkashi,0,3,0-3 h,0.328125,0.5922627381468989,0.1943362109544512,0.0,NO ALERT,NO ALERT,20260706,00
West Bengal,Bankura,0,3,0-3 h,1.920454502105713,0.8139789747747026,1.56320958672547,0.0,NO ALERT,NO ALERT,20260706,00
West Bengal,Barddhaman,0,3,0-3 h,2.3125,0.574892656930282,1.329439269151277,0.0,NO ALERT,NO ALERT,20260706,00
West Bengal,Birbhum,0,3,0-3 h,3.0,0.5294498373329074,1.588349511998722,0.0,NO ALERT,NO ALERT,20260706,00
West Bengal,Dakshin Dinajpur,0,3,0-3 h,0.0833333358168602,3.0,0.2500000074505806,0.0,NO ALERT,NO ALERT,20260706,00
West Bengal,Darjiling,0,3,0-3 h,0.987500011920929,0.7026692764985678,0.6938859189188062,0.0,NO ALERT,NO ALERT,20260706,00
West Bengal,East Midnapore,0,3,0-3 h,1.875,0.8881573288438509,1.6652949915822204,0.0,NO ALERT,NO ALERT,20260706,00
West Bengal,Haora,0,3,0-3 h,2.0,1.2481811405444279,2.4963622810888557,0.0,NO ALERT,NO ALERT,20260706,00
West Bengal,Hugli,0,3,0-3 h,2.109375,0.8639513302480973,1.8223973372420803,0.0,NO ALERT,NO ALERT,20260706,00
West Bengal,Jalpaiguri,0,3,0-3 h,0.6041666865348816,0.4477323529410921,0.27050497213088576,0.0,NO ALERT,NO ALERT,20260706,00
West Bengal,Kochbihar,0,3,0-3 h,1.015625,0.4180542781060552,0.42458637620146233,0.0,NO ALERT,NO ALERT,20260706,00
West Bengal,Kolkata,0,3,0-3 h,0.0,1.0,0.0,0.0,NO ALERT,NO ALERT,20260706,00
West Bengal,Maldah,0,3,0-3 h,0.612500011920929,1.8447625989600538,1.129917113854317,0.0,NO ALERT,NO ALERT,20260706,00
West Bengal,Murshidabad,0,3,0-3 h,0.90625,0.5481165988025845,0.49673066766484214,0.0,NO ALERT,NO ALERT,20260706,00
West Bengal,Nadia,0,3,0-3 h,1.15625,0.5519673667157511,0.6382122677650872,0.0,NO ALERT,NO ALERT,20260706,00
West Bengal,North 24 Parganas,0,3,0-3 h,3.84375,0.5171853011924324,1.9879310014584122,0.0,NO ALERT,NO ALERT,20260706,00
West Bengal,Puruliya,0,3,0-3 h,2.152777671813965,0.5083553982476996,1.0943761506937437,0.0,NO ALERT,NO ALERT,20260706,00
West Bengal,South 24 Parganas,0,3,0-3 h,4.1328125,0.39550141013305273,1.634533171565507,0.0,NO ALERT,NO ALERT,20260706,00
West Bengal,Uttar Dinajpur,0,3,0-3 h,0.737500011920929,0.7118445881113709,0.5249853922179848,0.0,NO ALERT,NO ALERT,20260706,00
West Bengal,West Midnapore,0,3,0-3 h,0.699999988079071,1.4849613290035115,1.0394729126003395,0.0,NO ALERT,NO ALERT,20260706,00
Arunachal Pradesh,Papum Pare,3,6,3-6 h,0.4375,0.9533183125255726,0.417076761729938,0.0,NO ALERT,NO ALERT,20260706,00
Arunachal Pradesh,Tawang,3,6,3-6 h,0.699999988079071,1.1388765971638852,0.7972136044382526,0.0,NO ALERT,NO ALERT,20260706,00
Arunachal Pradesh,Tirap,3,6,3-6 h,2.5625,0.3651383081547162,0.9356669146464602,0.0,NO ALERT,NO ALERT,20260706,00
Arunachal Pradesh,Upper Dibang Valley,3,6,3-6 h,0.4943181872367859,1.028310112978305,0.5083123909646902,0.0,NO ALERT,NO ALERT,20260706,00
Arunachal Pradesh,Upper Siang,3,6,3-6 h,0.6041666865348816,1.2039424484099477,0.7273819198345307,0.0,NO ALERT,NO ALERT,20260706,00
Arunachal Pradesh,Upper Subansiri,3,6,3-6 h,1.875,0.5158400571515395,0.9672001071591365,0.0,NO ALERT,NO ALERT,20260706,00
Arunachal Pradesh,West Kameng,3,6,3-6 h,1.3806818723678589,0.6603703450016216,0.9117613643930479,0.0,NO ALERT,NO ALERT,20260706,00
Arunachal Pradesh,West Siang,3,6,3-6 h,1.7215908765792847,0.797134356200177,1.3723392350421266,0.0,NO ALERT,NO ALERT,20260706,00
Assam,Barpeta,3,6,3-6 h,0.34375,0.6024484372218926,0.20709165029502558,0.0,NO ALERT,NO ALERT,20260706,00
Assam,Bongaigaon,3,6,3-6 h,0.3125,0.46296589037388325,0.1446768407418385,0.0,NO ALERT,NO ALERT,20260706,00
Assam,Cachar,3,6,3-6 h,0.78125,0.5608794743553766,0.43818708934013795,0.0,NO ALERT,NO ALERT,20260706,00
Assam,Darrang,3,6,3-6 h,0.15000000596046448,0.3,0.04500000178813934,0.0,NO ALERT,NO ALERT,20260706,00
Assam,Dhemaji,3,6,3-6 h,0.125,0.3,0.0375,0.0,NO ALERT,NO ALERT,20260706,00
Assam,Dhuburi,3,6,3-6 h,0.296875,0.32508121737137274,0.09650848640712628,0.0,NO ALERT,NO ALERT,20260706,00
Assam,Dibrugarh,3,6,3-6 h,0.03125,0.3174379415214978,0.009919935672546806,0.0,NO ALERT,NO ALERT,20260706,00
Assam,Goalpara,3,6,3-6 h,1.125,0.35666832552213257,0.40125186621239917,0.0,NO ALERT,NO ALERT,20260706,00
Assam,Golaghat,3,6,3-6 h,0.32499998807907104,1.2381989938745952,0.4024146582487612,0.0,NO ALERT,NO ALERT,20260706,00
Assam,Hailakandi,3,6,3-6 h,2.03125,0.8229121215241156,1.6715402468458598,0.0,NO ALERT,NO ALERT,20260706,00
Assam,Jorhat,3,6,3-6 h,0.02083333395421505,0.6894283364621259,0.014363090771014405,0.0,NO ALERT,NO ALERT,20260706,00
Assam,Kamrup,3,6,3-6 h,0.6770833134651184,0.3664044900075036,0.2480863661627774,0.0,NO ALERT,NO ALERT,20260706,00
Assam,Karbi Anglong,3,6,3-6 h,2.3229167461395264,0.4270362077260787,0.9919695581348256,0.0,NO ALERT,NO ALERT,20260706,00
Assam,Karimganj,3,6,3-6 h,3.0,0.6822626455335654,2.0467879366006962,0.0,NO ALERT,NO ALERT,20260706,00
Assam,Kokrajhar,3,6,3-6 h,0.03125,0.37030806257959376,0.011572126955612305,0.0,NO ALERT,NO ALERT,20260706,00
Assam,Lakhimpur,3,6,3-6 h,0.59375,0.8540887789555129,0.5071152125048358,0.0,NO ALERT,NO ALERT,20260706,00
Assam,Marigaon,3,6,3-6 h,0.28125,0.3,0.08437499999999999,0.0,NO ALERT,NO ALERT,20260706,00
Assam,Nagaon,3,6,3-6 h,0.84375,0.38673451003625536,0.3263072428430905,0.0,NO ALERT,NO ALERT,20260706,00
Assam,Nalbari,3,6,3-6 h,0.3958333432674408,0.5554100332386462,0.21984981034113377,0.0,NO ALERT,NO ALERT,20260706,00
Assam,North Cachar Hills,3,6,3-6 h,1.2678571939468384,1.1126078231817818,1.4106278326625539,0.0,NO ALERT,NO ALERT,20260706,00
Assam,Sibsagar,3,6,3-6 h,0.1041666641831398,0.6339424569321858,0.06603567102268956,0.0,NO ALERT,NO ALERT,20260706,00
Assam,Sonitpur,3,6,3-6 h,0.17499999701976776,0.3,0.052499999105930326,0.0,NO ALERT,NO ALERT,20260706,00
Assam,Tinsukia,3,6,3-6 h,0.012500000186264515,0.3,0.0037500000558793544,0.0,NO ALERT,NO ALERT,20260706,00
Bihar,Araria,3,6,3-6 h,0.515625,0.5229429825116881,0.2696424753575892,0.0,NO ALERT,NO ALERT,20260706,00
Bihar,Aurangabad,3,6,3-6 h,1.5625,0.35000296398043534,0.5468796312194302,0.0,NO ALERT,NO ALERT,20260706,00
Bihar,Banka,3,6,3-6 h,1.984375,0.7184756982670082,1.4257252137485943,0.0,NO ALERT,NO ALERT,20260706,00
Bihar,Begusarai,3,6,3-6 h,0.5625,2.5062878804279856,1.409786932740742,0.0,NO ALERT,NO ALERT,20260706,00
Bihar,Bhabua,3,6,3-6 h,1.8125,0.3407437709399486,0.6175980848286569,0.0,NO ALERT,NO ALERT,20260706,00
Bihar,Bhagalpur,3,6,3-6 h,0.875,1.0689963787452375,0.9353718314020828,0.0,NO ALERT,NO ALERT,20260706,00
Bihar,Bhojpur,3,6,3-6 h,1.15625,0.4776323743598687,0.5522624328535982,0.0,NO ALERT,NO ALERT,20260706,00
Bihar,Buxar,3,6,3-6 h,0.5,0.8075695227139618,0.4037847613569809,0.0,NO ALERT,NO ALERT,20260706,00
Bihar,Darbhanga,3,6,3-6 h,0.171875,3.0,0.515625,0.0,NO ALERT,NO ALERT,20260706,00
Bihar,Gaya,3,6,3-6 h,1.9812500476837158,0.363978205648116,0.7211318372961631,0.0,NO ALERT,NO ALERT,20260706,00
Bihar,Gopalganj,3,6,3-6 h,0.0,2.547002946333611,0.0,0.0,NO ALERT,NO ALERT,20260706,00
Bihar,Jamui,3,6,3-6 h,2.3125,0.6349210991185491,1.468255041711645,0.0,NO ALERT,NO ALERT,20260706,00
Bihar,Jehanabad,3,6,3-6 h,1.25,0.5056413165810456,0.632051645726307,0.0,NO ALERT,NO ALERT,20260706,00
Bihar,Katihar,3,6,3-6 h,0.23749999701976776,1.607854247376458,0.38186537896012973,0.0,NO ALERT,NO ALERT,20260706,00
Bihar,Khagaria,3,6,3-6 h,0.53125,1.903639559935811,1.0113085162158995,0.0,NO ALERT,NO ALERT,20260706,00
Bihar,Kishanganj,3,6,3-6 h,0.84375,0.5333674240043547,0.45002876400367425,0.0,NO ALERT,NO ALERT,20260706,00
Bihar,Lakhisarai,3,6,3-6 h,1.4375,1.0458318462971934,1.5033832790522155,0.0,NO ALERT,NO ALERT,20260706,00
Bihar,Madhepura,3,6,3-6 h,0.625,1.1618894539535725,0.7261809087209827,0.0,NO ALERT,NO ALERT,20260706,00
Bihar,Madhubani,3,6,3-6 h,0.21250000596046448,1.4408870594945968,0.306188508730958,0.0,NO ALERT,NO ALERT,20260706,00
Bihar,Munger,3,6,3-6 h,1.1875,1.0672109647237193,1.2673130206094168,0.0,NO ALERT,NO ALERT,20260706,00
Bihar,Muzaffarpur,3,6,3-6 h,0.0625,2.179447337729882,0.13621545860811762,0.0,NO ALERT,NO ALERT,20260706,00
Bihar,Nalanda,3,6,3-6 h,1.25,1.0296407182961889,1.2870508978702362,0.0,NO ALERT,NO ALERT,20260706,00
Bihar,Nawada,3,6,3-6 h,2.21875,0.4708261828175211,1.044645593126375,0.0,NO ALERT,NO ALERT,20260706,00
Bihar,Pashchim Champaran,3,6,3-6 h,0.453125,2.3983339096854386,1.0867450528262144,0.0,NO ALERT,NO ALERT,20260706,00
Bihar,Patna,3,6,3-6 h,0.921875,0.8338239891381003,0.7686814899866862,0.0,NO ALERT,NO ALERT,20260706,00
Bihar,Purba Champaran,3,6,3-6 h,0.0,3.0,0.0,0.0,NO ALERT,NO ALERT,20260706,00
Bihar,Purnia,3,6,3-6 h,0.2708333432674408,0.5942910400177946,0.16095382924190377,0.0,NO ALERT,NO ALERT,20260706,00
Bihar,Rohtas,3,6,3-6 h,1.8125,0.33297800858631404,0.6035226405626942,0.0,NO ALERT,NO ALERT,20260706,00
Bihar,Saharsa,3,6,3-6 h,0.25,2.0970945990316596,0.5242736497579149,0.0,NO ALERT,NO ALERT,20260706,00
Bihar,Samastipur,3,6,3-6 h,0.109375,2.7195437456214746,0.29745009717734877,0.0,NO ALERT,NO ALERT,20260706,00
Bihar,Saran,3,6,3-6 h,0.0625,0.9861629519125841,0.061635184494536505,0.0,NO ALERT,NO ALERT,20260706,00
Bihar,Sheikhpura,3,6,3-6 h,1.8125,0.7062180227612795,1.2800201662548192,0.0,NO ALERT,NO ALERT,20260706,00
Bihar,Sheohar,3,6,3-6 h,0.0,1.0,0.0,0.0,NO ALERT,NO ALERT,20260706,00
Madhya Pradesh,Tikamgarh,3,6,3-6 h,0.0,3.0,0.0,0.0,NO ALERT,NO ALERT,20260706,00
Madhya Pradesh,Ujjain,3,6,3-6 h,0.1428571492433548,0.3,0.042857144773006436,0.0,NO ALERT,NO ALERT,20260706,00
Madhya Pradesh,Umaria,3,6,3-6 h,2.3229167461395264,0.3,0.6968750238418578,0.0,NO ALERT,NO ALERT,20260706,00
Madhya Pradesh,Vidisha,3,6,3-6 h,0.3541666567325592,0.41390940472058413,0.14659291006005304,0.0,NO ALERT,NO ALERT,20260706,00
Madhya Pradesh,West Nimar,3,6,3-6 h,1.6124999523162842,0.44485233351497017,0.7173243665806771,0.0,NO ALERT,NO ALERT,20260706,00
Maharashtra,Ahmednagar,3,6,3-6 h,2.6934523582458496,0.3,0.8080357074737549,0.0,NO ALERT,NO ALERT,20260706,00
Maharashtra,Akola,3,6,3-6 h,0.0,0.6882367881901188,0.0,0.0,NO ALERT,NO ALERT,20260706,00
Maharashtra,Amravati,3,6,3-6 h,0.0703125,0.9339314439149177,0.06566705465026765,0.0,NO ALERT,NO ALERT,20260706,00
Maharashtra,Aurangabad,3,6,3-6 h,1.1708333492279053,0.5067375479619736,0.5933052204598538,0.0,NO ALERT,NO ALERT,20260706,00
Maharashtra,Bhandara,3,6,3-6 h,1.0,0.44561608275608444,0.44561608275608444,0.0,NO ALERT,NO ALERT,20260706,00
Maharashtra,Bid,3,6,3-6 h,1.2541667222976685,0.6836711063440929,0.8574375505731917,0.0,NO ALERT,NO ALERT,20260706,00
Maharashtra,Buldana,3,6,3-6 h,0.09134615212678909,1.3375042100354553,0.12217586304011957,0.0,NO ALERT,NO ALERT,20260706,00
Maharashtra,Chandrapur,3,6,3-6 h,1.1071428060531616,1.3798679824200135,1.5277109100394084,0.0,NO ALERT,NO ALERT,20260706,00
Maharashtra,Dhule,3,6,3-6 h,2.902777671813965,0.3092955395113148,0.8978161860850985,0.0,NO ALERT,NO ALERT,20260706,00
Maharashtra,Garhchiroli,3,6,3-6 h,3.096874952316284,0.7873463730204786,2.438313261404194,0.0,NO ALERT,NO ALERT,20260706,00
Maharashtra,Gondiya,3,6,3-6 h,2.125,0.604748128777892,1.2850897736530205,0.0,NO ALERT,NO ALERT,20260706,00
Maharashtra,Greater Bombay,3,6,3-6 h,21.0,0.3,6.3,0.0,NO ALERT,NO ALERT,20260706,00
Maharashtra,Hingoli,3,6,3-6 h,0.1458333283662796,2.239290183539015,0.3265631406434317,0.0,NO ALERT,NO ALERT,20260706,00
Maharashtra,Jalgaon,3,6,3-6 h,0.824999988079071,0.5762232307671074,0.4753841585137474,0.0,NO ALERT,NO ALERT,20260706,00
Maharashtra,Jalna,3,6,3-6 h,0.06875000149011612,3.0,0.20625000447034836,0.0,NO ALERT,NO ALERT,20260706,00
Maharashtra,Kolhapur,3,6,3-6 h,2.555555582046509,0.41287151840747965,1.0551161135342526,0.0,NO ALERT,NO ALERT,20260706,00
Maharashtra,Latur,3,6,3-6 h,0.2569444477558136,1.50430828029553,0.38652366033503266,0.0,NO ALERT,NO ALERT,20260706,00
Maharashtra,Nagpur,3,6,3-6 h,0.6916666626930237,0.5156920875720314,0.3566870251881455,0.0,NO ALERT,NO ALERT,20260706,00
Maharashtra,Nanded,3,6,3-6 h,0.02916666679084301,1.9327884430663378,0.05637299649610812,0.0,NO ALERT,NO ALERT,20260706,00
Maharashtra,Nandurbar,3,6,3-6 h,3.1964285373687744,0.3,0.9589285612106323,0.0,NO ALERT,NO ALERT,20260706,00
Maharashtra,Nashik,3,6,3-6 h,6.2717390060424805,0.3,1.8815217018127441,0.0,NO ALERT,NO ALERT,20260706,00
Maharashtra,Osmanabad,3,6,3-6 h,1.982954502105713,0.3793131751187402,0.7521607683097186,0.0,NO ALERT,NO ALERT,20260706,00
Maharashtra,Parbhani,3,6,3-6 h,0.16875000298023224,3.0,0.5062500089406967,0.0,NO ALERT,NO ALERT,20260706,00
Madhya Pradesh,Balaghat,3,6,3-6 h,2.947115421295166,0.3,0.8841346263885498,0.0,NO ALERT,NO ALERT,20260706,00
Madhya Pradesh,Barwani,3,6,3-6 h,0.3671875,0.336734408265465,0.12364466553497544,0.0,NO ALERT,NO ALERT,20260706,00
Madhya Pradesh,Betul,3,6,3-6 h,2.56640625,0.3,0.769921875,0.0,NO ALERT,NO ALERT,20260706,00
Madhya Pradesh,Bhind,3,6,3-6 h,0.0,3.0,0.0,0.0,NO ALERT,NO ALERT,20260706,00
Madhya Pradesh,Bhopal,3,6,3-6 h,0.012500000186264515,0.364615889459979,0.004557698686164739,0.0,NO ALERT,NO ALERT,20260706,00
Madhya Pradesh,Burhanpur,3,6,3-6 h,0.5833333134651184,1.2142310318773522,0.7083014111371857,0.0,NO ALERT,NO ALERT,20260706,00
Madhya Pradesh,Chhatarpur,3,6,3-6 h,0.024038461968302727,2.317805072305432,0.055716469080553284,0.0,NO ALERT,NO ALERT,20260706,00
Madhya Pradesh,Chhindwara,3,6,3-6 h,4.4375,0.3,1.33125,0.0,NO ALERT,NO ALERT,20260706,00
Madhya Pradesh,Damoh,3,6,3-6 h,0.7124999761581421,0.36117172586835916,0.2573348460702009,0.0,NO ALERT,NO ALERT,20260706,00
Rajasthan,Karauli,3,6,3-6 h,0.0,2.7439746691600675,0.0,0.0,NO ALERT,NO ALERT,20260706,00
Rajasthan,Kota,3,6,3-6 h,0.05624999850988388,2.9527826759430753,0.16609402112180893,0.0,NO ALERT,NO ALERT,20260706,00
Rajasthan,Nagaur,3,6,3-6 h,0.03125,1.1882893373752281,0.03713404179297588,0.0,NO ALERT,NO ALERT,20260706,00
Rajasthan,Pali,3,6,3-6 h,0.4154411852359772,0.3,0.12463235557079315,0.0,NO ALERT,NO ALERT,20260706,00
Rajasthan,Rajsamand,3,6,3-6 h,0.6339285969734192,0.3,0.19017857909202576,0.0,NO ALERT,NO ALERT,20260706,00
Rajasthan,Sawai Madhopur,3,6,3-6 h,0.0,3.0,0.0,0.0,NO ALERT,NO ALERT,20260706,00
Rajasthan,Sikar,3,6,3-6 h,0.125,1.51752888887864,0.18969111110983,0.0,NO ALERT,NO ALERT,20260706,00
Rajasthan,Sirohi,3,6,3-6 h,0.0234375,0.3,0.007031249999999999,0.0,NO ALERT,NO ALERT,20260706,00
Tamil Nadu,Madurai,3,6,3-6 h,0.0,1.0,0.0,0.0,NO ALERT,NO ALERT,20260706,00
Tamil Nadu,Nagapattinam,3,6,3-6 h,0.0,3.0,0.0,0.0,NO ALERT,NO ALERT,20260706,00
Tamil Nadu,Namakkal,3,6,3-6 h,0.0,1.0,0.0,0.0,NO ALERT,NO ALERT,20260706,00
Tamil Nadu,Nilgiris,3,6,3-6 h,0.765625,1.7038905536806261,1.3045412051617293,0.0,NO ALERT,NO ALERT,20260706,00
Tamil Nadu,Perambalur,3,6,3-6 h,0.0,1.0,0.0,0.0,NO ALERT,NO ALERT,20260706,00
Tamil Nadu,Pudukkottai,3,6,3-6 h,0.0,1.0,0.0,0.0,NO ALERT,NO ALERT,20260706,00
Tamil Nadu,Ramanathapuram,3,6,3-6 h,0.0,1.0,0.0,0.0,NO ALERT,NO ALERT,20260706,00
Tamil Nadu,Salem,3,6,3-6 h,0.0,1.0,0.0,0.0,NO ALERT,NO ALERT,20260706,00
Andaman and Nicobar,Andaman Islands,3,6,3-6 h,0.013888888992369175,1.0,0.013888888992369175,0.0,NO ALERT,NO ALERT,20260706,00
Andaman and Nicobar,Nicobar Islands,3,6,3-6 h,0.0,1.0,0.0,0.0,NO ALERT,NO ALERT,20260706,00
Andhra Pradesh,Adilabad,3,6,3-6 h,0.26902174949645996,3.0,0.8070652484893799,0.0,NO ALERT,NO ALERT,20260706,00
Andhra Pradesh,Anantapur,3,6,3-6 h,0.011574073694646358,1.0,0.011574073694646358,0.0,NO ALERT,NO ALERT,20260706,00
Andhra Pradesh,Chittoor,3,6,3-6 h,0.0,1.0,0.0,0.0,NO ALERT,NO ALERT,20260706,00
Andhra Pradesh,Cuddapah,3,6,3-6 h,0.0,1.0,0.0,0.0,NO ALERT,NO ALERT,20260706,00
Andhra Pradesh,East Godavari,3,6,3-6 h,0.033088237047195435,3.0,0.0992647111415863,0.0,NO ALERT,NO ALERT,20260706,00
Andhra Pradesh,Guntur,3,6,3-6 h,0.0,3.0,0.0,0.0,NO ALERT,NO ALERT,20260706,00
Andhra Pradesh,Hyderabad,3,6,3-6 h,0.0,1.0,0.0,0.0,NO ALERT,NO ALERT,20260706,00
Andhra Pradesh,Karimnagar,3,6,3-6 h,0.7569444179534912,2.1393520898236744,1.6193706224291662,0.0,NO ALERT,NO ALERT,20260706,00
Andhra Pradesh,Khammam,3,6,3-6 h,0.17763157188892365,3.0,0.5328947156667709,0.0,NO ALERT,NO ALERT,20260706,00
Andhra Pradesh,Krishna,3,6,3-6 h,0.0,3.0,0.0,0.0,NO ALERT,NO ALERT,20260706,00
Andhra Pradesh,Kurnool,3,6,3-6 h,0.10054347664117813,3.0,0.3016304299235344,0.0,NO ALERT,NO ALERT,20260706,00
Andhra Pradesh,Mahbubnagar,3,6,3-6 h,0.07175926119089127,3.0,0.2152777835726738,0.0,NO ALERT,NO ALERT,20260706,00
Andhra Pradesh,Medak,3,6,3-6 h,0.21153846383094788,1.1350579038438837,0.2401084053383109,0.0,NO ALERT,NO ALERT,20260706,00
Andhra Pradesh,Nalgonda,3,6,3-6 h,0.02777777798473835,3.0,0.08333333395421505,0.0,NO ALERT,NO ALERT,20260706,00
Andhra Pradesh,Nellore,3,6,3-6 h,0.0,1.0,0.0,0.0,NO ALERT,NO ALERT,20260706,00
Andhra Pradesh,Nizamabad,3,6,3-6 h,0.5056818127632141,3.0,1.5170454382896423,0.0,NO ALERT,NO ALERT,20260706,00
Andhra Pradesh,Prakasam,3,6,3-6 h,0.0078125,1.0,0.0078125,0.0,NO ALERT,NO ALERT,20260706,00
Andhra Pradesh,Rangareddi,3,6,3-6 h,0.1666666716337204,2.274697750563405,0.3791163030591134,0.0,NO ALERT,NO ALERT,20260706,00
Andhra Pradesh,Srikakulam,3,6,3-6 h,0.0,3.0,0.0,0.0,NO ALERT,NO ALERT,20260706,00
Andhra Pradesh,Vishakhapatnam,3,6,3-6 h,0.2750000059604645,3.0,0.8250000178813934,0.0,NO ALERT,NO ALERT,20260706,00
Andhra Pradesh,Vizianagaram,3,6,3-6 h,0.0555555559694767,3.0,0.1666666679084301,0.0,NO ALERT,NO ALERT,20260706,00
Andhra Pradesh,Warangal,3,6,3-6 h,0.3159722089767456,3.0,0.9479166269302368,0.0,NO ALERT,NO ALERT,20260706,00
Andhra Pradesh,West Godavari,3,6,3-6 h,0.0,3.0,0.0,0.0,NO ALERT,NO ALERT,20260706,00
Arunachal Pradesh,Changlang,3,6,3-6 h,3.046875,0.3,0.9140625,0.0,NO ALERT,NO ALERT,20260706,00
Arunachal Pradesh,East Kameng,3,6,3-6 h,1.100000023841858,0.4269880196000505,0.4696868317402432,0.0,NO ALERT,NO ALERT,20260706,00
Arunachal Pradesh,East Siang,3,6,3-6 h,0.625,0.45628493034155115,0.28517808146346946,0.0,NO ALERT,NO ALERT,20260706,00
Arunachal Pradesh,Kurung Kumey,3,6,3-6 h,1.2687499523162842,0.7126390600047544,0.9041607733997538,0.0,NO ALERT,NO ALERT,20260706,00
Arunachal Pradesh,Lohit,3,6,3-6 h,1.7166666984558105,0.3,0.5150000095367432,0.0,NO ALERT,NO ALERT,20260706,00
Arunachal Pradesh,Lower Dibang Valley,3,6,3-6 h,1.8515625,0.3,0.55546875,0.0,NO ALERT,NO ALERT,20260706,00
Arunachal Pradesh,Lower Subansiri,3,6,3-6 h,2.4000000953674316,0.6416184837284099,1.5398844221376906,0.0,NO ALERT,NO ALERT,20260706,00
Bihar,Sitamarhi,3,6,3-6 h,0.02083333395421505,3.0,0.06250000186264515,0.0,NO ALERT,NO ALERT,20260706,00
Bihar,Siwan,3,6,3-6 h,0.0,1.4389760456555118,0.0,0.0,NO ALERT,NO ALERT,20260706,00
Bihar,Supaul,3,6,3-6 h,0.4375,0.890582586739991,0.3896298816987461,0.0,NO ALERT,NO ALERT,20260706,00
Bihar,Vaishali,3,6,3-6 h,0.40625,1.2193520432551004,0.49536176757238454,0.0,NO ALERT,NO ALERT,20260706,00
Chandigarh,Chandigarh,3,6,3-6 h,0.25,1.1884359977669912,0.2971089994417478,0.0,NO ALERT,NO ALERT,20260706,00
Chhattisgarh,Bastar,3,6,3-6 h,3.34375,0.5807237067170128,1.9417948943350116,0.0,NO ALERT,NO ALERT,20260706,00
Chhattisgarh,Bilaspur,3,6,3-6 h,2.59375,0.3,0.778125,0.0,NO ALERT,NO ALERT,20260706,00
Chhattisgarh,Dantewada,3,6,3-6 h,1.33695650100708,1.7403026932816885,2.326708999503084,0.0,NO ALERT,NO ALERT,20260706,00
Chhattisgarh,Dhamtari,3,6,3-6 h,8.25,0.3,2.475,0.0,NO ALERT,NO ALERT,20260706,00
Chhattisgarh,Durg,3,6,3-6 h,2.203125,0.3,0.6609375,0.0,NO ALERT,NO ALERT,20260706,00
Chhattisgarh,Janjgir-Champa,3,6,3-6 h,2.625,0.3,0.7875,0.0,NO ALERT,NO ALERT,20260706,00
Chhattisgarh,Jashpur,3,6,3-6 h,3.4749999046325684,0.3,1.0424999713897705,0.0,NO ALERT,NO ALERT,20260706,00
Chhattisgarh,Kanker,3,6,3-6 h,7.354166507720947,0.31181627116571115,2.293148777969306,0.0,NO ALERT,NO ALERT,20260706,00
Chhattisgarh,Kawardha,3,6,3-6 h,3.4479167461395264,0.3,1.0343750238418579,0.0,NO ALERT,NO ALERT,20260706,00
Chhattisgarh,Korba,3,6,3-6 h,4.013888835906982,0.3,1.2041666507720947,0.0,NO ALERT,NO ALERT,20260706,00
Chhattisgarh,Koriya,3,6,3-6 h,2.221590995788574,0.3,0.6664772987365722,0.0,NO ALERT,NO ALERT,20260706,00
Chhattisgarh,Mahasamund,3,6,3-6 h,20.8125,0.3,6.2437499999999995,0.0,NO ALERT,NO ALERT,20260706,00
Chhattisgarh,Raigarh,3,6,3-6 h,3.7613637447357178,0.3,1.1284091234207152,0.0,NO ALERT,NO ALERT,20260706,00
Chhattisgarh,Raipur,3,6,3-6 h,5.546875,0.3,1.6640625,0.0,NO ALERT,NO ALERT,20260706,00
Chhattisgarh,Raj Nandgaon,3,6,3-6 h,1.6875,0.47455991292457994,0.8008198530602286,0.0,NO ALERT,NO ALERT,20260706,00
Chhattisgarh,Surguja,3,6,3-6 h,2.9010417461395264,0.3,0.8703125238418579,0.0,NO ALERT,NO ALERT,20260706,00
Dadra and Nagar Haveli,Dadra and Nagar Haveli,3,6,3-6 h,4.375,0.3,1.3125,0.0,NO ALERT,NO ALERT,20260706,00
Daman and Diu,Daman,3,6,3-6 h,0.0,1.0,0.0,0.0,NO ALERT,NO ALERT,20260706,00
Daman and Diu,Junagadh,3,6,3-6 h,0.1875,0.3,0.056249999999999994,0.0,NO ALERT,NO ALERT,20260706,00
Delhi,Delhi,3,6,3-6 h,0.0,0.7680284695981865,0.0,0.0,NO ALERT,NO ALERT,20260706,00
Goa,North Goa,3,6,3-6 h,8.53125,0.3,2.5593749999999997,0.0,NO ALERT,NO ALERT,20260706,00
Goa,South Goa,3,6,3-6 h,7.395833492279053,0.3652758638408204,2.7015194677151024,0.0,NO ALERT,NO ALERT,20260706,00
Gujarat,Ahmadabad,3,6,3-6 h,0.0062500000931322575,0.3,0.0018750000279396772,0.0,NO ALERT,NO ALERT,20260706,00
Gujarat,Amreli,3,6,3-6 h,1.9375,0.3,0.5812499999999999,0.0,NO ALERT,NO ALERT,20260706,00
Gujarat,Anand,3,6,3-6 h,0.012500000186264515,0.3,0.0037500000558793544,0.0,NO ALERT,NO ALERT,20260706,00
Gujarat,Banas Kantha,3,6,3-6 h,0.0223214291036129,0.3,0.00669642873108387,0.0,NO ALERT,NO ALERT,20260706,00
Gujarat,Bharuch,3,6,3-6 h,4.0535712242126465,0.3,1.216071367263794,0.0,NO ALERT,NO ALERT,20260706,00
Gujarat,Bhavnagar,3,6,3-6 h,1.2613636255264282,0.3,0.37840908765792847,0.0,NO ALERT,NO ALERT,20260706,00
Gujarat,Dahod,3,6,3-6 h,2.8229167461395264,0.3,0.8468750238418579,0.0,NO ALERT,NO ALERT,20260706,00
Gujarat,Gandhinagar,3,6,3-6 h,0.0,0.3,0.0,0.0,NO ALERT,NO ALERT,20260706,00
Gujarat,Jamnagar,3,6,3-6 h,0.0234375,1.0297514316198848,0.02413479917859105,0.0,NO ALERT,NO ALERT,20260706,00
Gujarat,Junagadh,3,6,3-6 h,0.21022726595401764,0.3,0.06306817978620528,0.0,NO ALERT,NO ALERT,20260706,00
Gujarat,Kachchh,3,6,3-6 h,0.0,1.0429478032131136,0.0,0.0,NO ALERT,NO ALERT,20260706,00
Gujarat,Kheda,3,6,3-6 h,0.1666666716337204,0.3,0.05000000149011612,0.0,NO ALERT,NO ALERT,20260706,00
Gujarat,Mahesana,3,6,3-6 h,0.01785714365541935,0.3,0.0053571430966258046,0.0,NO ALERT,NO ALERT,20260706,00
Gujarat,Narmada,3,6,3-6 h,6.328125,0.33628631261391084,2.1280618220099043,0.0,NO ALERT,NO ALERT,20260706,00
Gujarat,Navsari,3,6,3-6 h,15.125,0.3,4.5375,0.0,NO ALERT,NO ALERT,20260706,00
Gujarat,Panch Mahals,3,6,3-6 h,0.949999988079071,0.38515868720859836,0.3659007482567191,0.0,NO ALERT,NO ALERT,20260706,00
Gujarat,Patan,3,6,3-6 h,0.0,0.3,0.0,0.0,NO ALERT,NO ALERT,20260706,00
Gujarat,Porbandar,3,6,3-6 h,0.1145833358168602,3.0,0.3437500074505806,0.0,NO ALERT,NO ALERT,20260706,00
Gujarat,Rajkot,3,6,3-6 h,0.01666666753590107,0.3,0.00500000026077032,0.0,NO ALERT,NO ALERT,20260706,00
Gujarat,Sabar Kantha,3,6,3-6 h,0.1805555522441864,0.3,0.05416666567325592,0.0,NO ALERT,NO ALERT,20260706,00
Gujarat,Surat,3,6,3-6 h,8.793749809265137,0.32712919453700195,2.876692292064819,0.0,NO ALERT,NO ALERT,20260706,00
Gujarat,Surendranagar,3,6,3-6 h,0.0,0.3,0.0,0.0,NO ALERT,NO ALERT,20260706,00
Gujarat,The Dangs,3,6,3-6 h,5.895833492279053,0.6236297049513208,3.6768169012321006,0.0,NO ALERT,NO ALERT,20260706,00
Gujarat,Vadodara,3,6,3-6 h,4.916666507720947,0.3522998571050929,1.7321409081034858,0.0,NO ALERT,NO ALERT,20260706,00
Gujarat,Valsad,3,6,3-6 h,6.21875,0.3,1.8656249999999999,0.0,NO ALERT,NO ALERT,20260706,00
Haryana,Ambala,3,6,3-6 h,0.0416666679084301,0.6762277229722136,0.02817615596355709,0.0,NO ALERT,NO ALERT,20260706,00
Haryana,Bhiwani,3,6,3-6 h,0.0,1.7078232852568205,0.0,0.0,NO ALERT,NO ALERT,20260706,00
Haryana,Faridabad,3,6,3-6 h,0.0,0.8712532145408735,0.0,0.0,NO ALERT,NO ALERT,20260706,00
Haryana,Fatehabad,3,6,3-6 h,0.0,1.0808056670009505,0.0,0.0,NO ALERT,NO ALERT,20260706,00
Haryana,Gurgaon,3,6,3-6 h,0.0,1.3004888747066055,0.0,0.0,NO ALERT,NO ALERT,20260706,00
Haryana,Hisar,3,6,3-6 h,0.0,0.9496809693817465,0.0,0.0,NO ALERT,NO ALERT,20260706,00
Haryana,Jhajjar,3,6,3-6 h,0.0,1.6618096732806247,0.0,0.0,NO ALERT,NO ALERT,20260706,00
Haryana,Jind,3,6,3-6 h,0.015625,0.7717056323525144,0.012057900505508038,0.0,NO ALERT,NO ALERT,20260706,00
Haryana,Kaithal,3,6,3-6 h,0.0416666679084301,0.6331763172108541,0.02638234733670745,0.0,NO ALERT,NO ALERT,20260706,00
Haryana,Karnal,3,6,3-6 h,0.012500000186264515,0.5159404245146241,0.006449255402534194,0.0,NO ALERT,NO ALERT,20260706,00
Haryana,Kurukshetra,3,6,3-6 h,0.0,0.6033338297736488,0.0,0.0,NO ALERT,NO ALERT,20260706,00
Haryana,Mahendragarh,3,6,3-6 h,0.0,1.1386681831985863,0.0,0.0,NO ALERT,NO ALERT,20260706,00
Haryana,Panchkula,3,6,3-6 h,1.9375,0.6671410727647323,1.292585828481669,0.0,NO ALERT,NO ALERT,20260706,00
Haryana,Panipat,3,6,3-6 h,0.0,1.0415843239201417,0.0,0.0,NO ALERT,NO ALERT,20260706,00
Haryana,Rewari,3,6,3-6 h,0.0,1.1674745883169169,0.0,0.0,NO ALERT,NO ALERT,20260706,00
Haryana,Rohtak,3,6,3-6 h,0.0,1.2603472433768046,0.0,0.0,NO ALERT,NO ALERT,20260706,00
Haryana,Sirsa,3,6,3-6 h,0.0,1.4831194250452018,0.0,0.0,NO ALERT,NO ALERT,20260706,00
Haryana,Sonepat,3,6,3-6 h,0.0833333358168602,0.7724164037051864,0.06436803556041576,0.0,NO ALERT,NO ALERT,20260706,00
Haryana,Yamuna Nagar,3,6,3-6 h,0.0,0.6918813868041921,0.0,0.0,NO ALERT,NO ALERT,20260706,00
Himachal Pradesh,Bilaspur,3,6,3-6 h,1.625,0.43793651979773524,0.7116468446713198,0.0,NO ALERT,NO ALERT,20260706,00
Himachal Pradesh,Chamba,3,6,3-6 h,1.3465908765792847,0.47998853587409984,0.6463481832707115,0.0,NO ALERT,NO ALERT,20260706,00
Himachal Pradesh,Hamirpur,3,6,3-6 h,2.59375,0.3222888511402842,0.8359367076451122,0.0,NO ALERT,NO ALERT,20260706,00
Himachal Pradesh,Kangra,3,6,3-6 h,1.2890625,0.491764254011286,0.6339148586864234,0.0,NO ALERT,NO ALERT,20260706,00
Himachal Pradesh,Kinnaur,3,6,3-6 h,0.2443181872367859,0.5900100248843969,0.1441501797312868,0.0,NO ALERT,NO ALERT,20260706,00
Himachal Pradesh,Kullu,3,6,3-6 h,1.6953125,0.48471900161399284,0.8217501824237222,0.0,NO ALERT,NO ALERT,20260706,00
Himachal Pradesh,Lahul and Spiti,3,6,3-6 h,0.1076388880610466,1.1034755877631228,0.11877688526933237,0.0,NO ALERT,NO ALERT,20260706,00
Himachal Pradesh,Mandi,3,6,3-6 h,2.1624999046325684,0.41181400265740536,0.8905477414729953,0.0,NO ALERT,NO ALERT,20260706,00
Himachal Pradesh,Shimla,3,6,3-6 h,1.7569444179534912,0.38421361333609627,0.6750419632525954,0.0,NO ALERT,NO ALERT,20260706,00
Himachal Pradesh,Sirmaur,3,6,3-6 h,1.712499976158142,0.5853734282891708,1.002451981988815,0.0,NO ALERT,NO ALERT,20260706,00
Himachal Pradesh,Solan,3,6,3-6 h,1.90625,0.501145504684414,0.9553086183046642,0.0,NO ALERT,NO ALERT,20260706,00
Himachal Pradesh,Una,3,6,3-6 h,1.625,0.5308169916656943,0.8625776114567533,0.0,NO ALERT,NO ALERT,20260706,00
Jammu and Kashmir,Anantnag (Kashmir South),3,6,3-6 h,0.3125,1.3868985192801786,0.4334057872750558,0.0,NO ALERT,NO ALERT,20260706,00
Jammu and Kashmir,Bagdam,3,6,3-6 h,0.1666666716337204,1.7381670057123004,0.289694509585619,0.0,NO ALERT,NO ALERT,20260706,00
Jammu and Kashmir,Baramula (Kashmir North),3,6,3-6 h,0.0892857164144516,2.3802491119877285,0.21252224720868657,0.0,NO ALERT,NO ALERT,20260706,00
Jammu and Kashmir,Doda,3,6,3-6 h,0.3382352888584137,0.9310309851117253,0.31490753418539785,0.0,NO ALERT,NO ALERT,20260706,00
Jammu and Kashmir,Jammu,3,6,3-6 h,0.0,2.1214535699251704,0.0,0.0,NO ALERT,NO ALERT,20260706,00
Jammu and Kashmir,Kargil,3,6,3-6 h,0.032608695328235626,3.0,0.09782608598470688,0.0,NO ALERT,NO ALERT,20260706,00
Jammu and Kashmir,Kathua,3,6,3-6 h,0.703125,0.7421973154339496,0.5218574874144958,0.0,NO ALERT,NO ALERT,20260706,00
Jammu and Kashmir,Kupwara (Muzaffarabad),3,6,3-6 h,0.0,2.805712758686526,0.0,0.0,NO ALERT,NO ALERT,20260706,00
Jammu and Kashmir,Ladakh (Leh),3,6,3-6 h,0.17000000178813934,0.6253946944730077,0.10631709917870416,0.0,NO ALERT,NO ALERT,20260706,00
Jammu and Kashmir,Pulwama,3,6,3-6 h,0.0,3.0,0.0,0.0,NO ALERT,NO ALERT,20260706,00
Jammu and Kashmir,Punch,3,6,3-6 h,0.03750000149011612,0.9080148049822427,0.0340505565398816,0.0,NO ALERT,NO ALERT,20260706,00
Jammu and Kashmir,Rajauri,3,6,3-6 h,0.1770833283662796,1.6908137329342856,0.2994149234754171,0.0,NO ALERT,NO ALERT,20260706,00
Jammu and Kashmir,Srinagar,3,6,3-6 h,0.4375,1.1768416745126433,0.5148682325992815,0.0,NO ALERT,NO ALERT,20260706,00
Jammu and Kashmir,Udhampur,3,6,3-6 h,0.234375,0.9046338825169598,0.21202356621491245,0.0,NO ALERT,NO ALERT,20260706,00
Jharkhand,Bokaro,3,6,3-6 h,3.96875,0.43038052424230994,1.7080727055866676,0.0,NO ALERT,NO ALERT,20260706,00
Jharkhand,Chatra,3,6,3-6 h,2.4270832538604736,0.47580298707457397,1.15481346206549,0.0,NO ALERT,NO ALERT,20260706,00
Jharkhand,Deoghar,3,6,3-6 h,3.15625,0.43042539217912484,1.3585301440653628,0.0,NO ALERT,NO ALERT,20260706,00
Jharkhand,Dhanbad,3,6,3-6 h,5.53125,0.3,1.659375,0.0,NO ALERT,NO ALERT,20260706,00
Jharkhand,Dumka,3,6,3-6 h,1.774999976158142,0.5747174401032172,1.020123442480879,0.0,NO ALERT,NO ALERT,20260706,00
Jharkhand,Garhwa,3,6,3-6 h,3.4166667461395264,0.3,1.025000023841858,0.0,NO ALERT,NO ALERT,20260706,00
Jharkhand,Giridih,3,6,3-6 h,5.6953125,0.3,1.70859375,0.0,NO ALERT,NO ALERT,20260706,00
Jharkhand,Godda,3,6,3-6 h,0.78125,1.241563229918693,0.9699712733739788,0.0,NO ALERT,NO ALERT,20260706,00
Jharkhand,Gumla,3,6,3-6 h,4.020833492279053,0.3,1.2062500476837157,0.0,NO ALERT,NO ALERT,20260706,00
Jharkhand,Hazaribag,3,6,3-6 h,3.34375,0.42314411896564175,1.4148881477913646,0.0,NO ALERT,NO ALERT,20260706,00
Jharkhand,Jamtara,3,6,3-6 h,4.0625,0.46008470755189523,1.8690941244295745,0.0,NO ALERT,NO ALERT,20260706,00
Jharkhand,Koderma,3,6,3-6 h,6.6875,0.3039175085951896,2.0324483387303305,0.0,NO ALERT,NO ALERT,20260706,00
Jharkhand,Latehar,3,6,3-6 h,3.3958332538604736,0.3665391067324198,1.2447056874822646,0.0,NO ALERT,NO ALERT,20260706,00
Jharkhand,Lohardaga,3,6,3-6 h,3.40625,0.39624014819091274,1.3496930047752966,0.0,NO ALERT,NO ALERT,20260706,00
Jharkhand,Pakur,3,6,3-6 h,1.625,0.6035076534919583,0.9806999369244322,0.0,NO ALERT,NO ALERT,20260706,00
Jharkhand,Palamu,3,6,3-6 h,3.1964285373687744,0.3737988343625059,1.1948212613914975,0.0,NO ALERT,NO ALERT,20260706,00
Jharkhand,Pashchim Singhbhum,3,6,3-6 h,3.4140625,0.45311129700376257,1.546950287426908,0.0,NO ALERT,NO ALERT,20260706,00
Jharkhand,Purba Singhbhum,3,6,3-6 h,2.2125000953674316,0.9904194813681165,2.19130319698072,0.0,NO ALERT,NO ALERT,20260706,00
Jharkhand,Ranchi,3,6,3-6 h,2.5227272510528564,0.43312750651481624,1.0926625638655005,0.0,NO ALERT,NO ALERT,20260706,00
Jharkhand,Sahibganj,3,6,3-6 h,1.1124999523162842,0.9271637311929378,1.0314696067415314,0.0,NO ALERT,NO ALERT,20260706,00
Jharkhand,Saraikela Kharsawan,3,6,3-6 h,3.8333332538604736,0.7038710866727816,2.6981724429736813,0.0,NO ALERT,NO ALERT,20260706,00
Jharkhand,Simdega,3,6,3-6 h,5.421875,0.3,1.6265625,0.0,NO ALERT,NO ALERT,20260706,00
Karnataka,Bagalkot,3,6,3-6 h,0.35624998807907104,1.1632799061220045,0.41441845268858696,0.0,NO ALERT,NO ALERT,20260706,00
Karnataka,Bangalore Rural,3,6,3-6 h,0.0892857164144516,3.0,0.2678571492433548,0.0,NO ALERT,NO ALERT,20260706,00
Karnataka,Bangalore Urban,3,6,3-6 h,0.078125,3.0,0.234375,0.0,NO ALERT,NO ALERT,20260706,00
Karnataka,Belgaum,3,6,3-6 h,0.5477941036224365,0.8973372374527518,0.4915560476374637,0.0,NO ALERT,NO ALERT,20260706,00
Karnataka,Bellary,3,6,3-6 h,0.125,2.70287473371527,0.33785934171440873,0.0,NO ALERT,NO ALERT,20260706,00
Karnataka,Bidar,3,6,3-6 h,0.5138888955116272,1.0018766190120068,0.5148532691830034,0.0,NO ALERT,NO ALERT,20260706,00
Karnataka,Bijapur,3,6,3-6 h,0.1607142835855484,3.0,0.4821428507566452,0.0,NO ALERT,NO ALERT,20260706,00
Karnataka,Chamrajnagar,3,6,3-6 h,0.0416666679084301,3.0,0.1250000037252903,0.0,NO ALERT,NO ALERT,20260706,00
Karnataka,Chikmagalur,3,6,3-6 h,1.0125000476837158,0.9744358301784026,0.9866163245203539,0.0,NO ALERT,NO ALERT,20260706,00
Karnataka,Chitradurga,3,6,3-6 h,0.13636364042758942,3.0,0.40909092128276825,0.0,NO ALERT,NO ALERT,20260706,00
Karnataka,Dakshin Kannad,3,6,3-6 h,5.447916507720947,0.48296471969249655,2.631151469059572,0.0,NO ALERT,NO ALERT,20260706,00
Karnataka,Davanagere,3,6,3-6 h,0.6171875,1.0634182151425726,0.6563284296583065,0.0,NO ALERT,NO ALERT,20260706,00
Karnataka,Dharwad,3,6,3-6 h,0.546875,0.6005924706507083,0.3284490073871061,0.0,NO ALERT,NO ALERT,20260706,00
Karnataka,Gadag,3,6,3-6 h,0.2890625,1.0104995631984701,0.2920975299870578,0.0,NO ALERT,NO ALERT,20260706,00
Karnataka,Gulbarga,3,6,3-6 h,0.5357142686843872,1.3275990324998463,0.7112137448017551,0.0,NO ALERT,NO ALERT,20260706,00
Karnataka,Hassan,3,6,3-6 h,0.3687500059604645,1.3953514149603434,0.5145358425835692,0.0,NO ALERT,NO ALERT,20260706,00
Karnataka,Haveri,3,6,3-6 h,0.42500001192092896,0.8339001601670177,0.3544075780118471,0.0,NO ALERT,NO ALERT,20260706,00
Karnataka,Kodagu,3,6,3-6 h,0.765625,0.9891691490121184,0.7573326297124031,0.0,NO ALERT,NO ALERT,20260706,00
Karnataka,Kolar,3,6,3-6 h,0.017045455053448677,1.0,0.017045455053448677,0.0,NO ALERT,NO ALERT,20260706,00
Karnataka,Koppal,3,6,3-6 h,0.2053571492433548,1.3672411486472411,0.2807727446144073,0.0,NO ALERT,NO ALERT,20260706,00
Karnataka,Mandya,3,6,3-6 h,0.1171875,3.0,0.3515625,0.0,NO ALERT,NO ALERT,20260706,00
Karnataka,Mysore,3,6,3-6 h,0.2265625,3.0,0.6796875,0.0,NO ALERT,NO ALERT,20260706,00
Karnataka,Raichur,3,6,3-6 h,0.0989583358168602,1.9789763859973823,0.19583620977916533,0.0,NO ALERT,NO ALERT,20260706,00
Karnataka,Shimoga,3,6,3-6 h,1.9715908765792847,0.6521122332003625,1.2856985294835777,0.0,NO ALERT,NO ALERT,20260706,00
Karnataka,Tumkur,3,6,3-6 h,0.13636364042758942,3.0,0.40909092128276825,0.0,NO ALERT,NO ALERT,20260706,00
Karnataka,Udupi,3,6,3-6 h,7.6875,0.36293434267993313,2.7900577593519857,0.0,NO ALERT,NO ALERT,20260706,00
Karnataka,Uttar Kannand,3,6,3-6 h,3.576923131942749,0.4136012505834986,1.4794198806125656,0.0,NO ALERT,NO ALERT,20260706,00
Kerala,Alappuzha,3,6,3-6 h,0.125,2.864364265748771,0.3580455332185964,0.0,NO ALERT,NO ALERT,20260706,00
Kerala,Ernakulam,3,6,3-6 h,1.34375,0.8273595857165152,1.1117644433065674,0.0,NO ALERT,NO ALERT,20260706,00
Kerala,Idukki,3,6,3-6 h,0.987500011920929,1.1481059089541104,1.133754598778673,0.0,NO ALERT,NO ALERT,20260706,00
Kerala,Kannur,3,6,3-6 h,6.234375,0.39296054227725635,2.44986338075977,0.0,NO ALERT,NO ALERT,20260706,00
Kerala,Kasaragod,3,6,3-6 h,5.9375,0.4895700959949935,2.906822444970274,0.0,NO ALERT,NO ALERT,20260706,00
Kerala,Kollam,3,6,3-6 h,0.4375,0.9608015244614043,0.4203506669518644,0.0,NO ALERT,NO ALERT,20260706,00
Kerala,Kottayam,3,6,3-6 h,0.5,0.9196575889749057,0.45982879448745284,0.0,NO ALERT,NO ALERT,20260706,00
Kerala,Kozhikode,3,6,3-6 h,6.291666507720947,0.37264617476151884,2.3445654569773753,0.0,NO ALERT,NO ALERT,20260706,00
Kerala,Malappuram,3,6,3-6 h,3.7874999046325684,0.44261788343885,1.6764151913133136,0.0,NO ALERT,NO ALERT,20260706,00
Kerala,Palakkad,3,6,3-6 h,2.1979167461395264,0.5302180666602749,1.165375167818342,0.0,NO ALERT,NO ALERT,20260706,00
Kerala,Pattanamtitta,3,6,3-6 h,0.5,0.7477207744636957,0.37386038723184783,0.0,NO ALERT,NO ALERT,20260706,00
Kerala,Thiruvananthapuram,3,6,3-6 h,0.375,1.3040197822546657,0.48900741834549966,0.0,NO ALERT,NO ALERT,20260706,00
Kerala,Thrissur,3,6,3-6 h,2.15625,0.842598859765623,1.8168537913696245,0.0,NO ALERT,NO ALERT,20260706,00
Kerala,Wayanad,3,6,3-6 h,1.21875,0.9148688962922525,1.1149964673561827,0.0,NO ALERT,NO ALERT,20260706,00
Lakshadweep,Kavaratti,3,6,3-6 h,0.0,1.0,0.0,0.0,NO ALERT,NO ALERT,20260706,00
Madhya Pradesh,Anuppur,3,6,3-6 h,2.6875,0.3,0.80625,0.0,NO ALERT,NO ALERT,20260706,00
Madhya Pradesh,Ashoknagar,3,6,3-6 h,0.7708333134651184,0.9519252256221402,0.7337756758373448,0.0,NO ALERT,NO ALERT,20260706,00
Madhya Pradesh,Datia,3,6,3-6 h,0.0,1.0,0.0,0.0,NO ALERT,NO ALERT,20260706,00
Madhya Pradesh,Dewas,3,6,3-6 h,4.416666507720947,0.3,1.324999952316284,0.0,NO ALERT,NO ALERT,20260706,00
Madhya Pradesh,Dhar,3,6,3-6 h,3.8352272510528564,0.3,1.150568175315857,0.0,NO ALERT,NO ALERT,20260706,00
Madhya Pradesh,Dindori,3,6,3-6 h,3.2589285373687744,0.3,0.9776785612106322,0.0,NO ALERT,NO ALERT,20260706,00
Madhya Pradesh,East Nimar,3,6,3-6 h,1.712499976158142,0.30123901134156544,0.5158717997403331,0.0,NO ALERT,NO ALERT,20260706,00
Madhya Pradesh,Guna,3,6,3-6 h,1.8472222089767456,0.44732070879630687,0.8263007478237575,0.0,NO ALERT,NO ALERT,20260706,00
Madhya Pradesh,Gwalior,3,6,3-6 h,0.0,1.0,0.0,0.0,NO ALERT,NO ALERT,20260706,00
Madhya Pradesh,Harda,3,6,3-6 h,4.010416507720947,0.3,1.2031249523162841,0.0,NO ALERT,NO ALERT,20260706,00
Madhya Pradesh,Hoshangabad,3,6,3-6 h,1.2708333730697632,0.3,0.38125001192092894,0.0,NO ALERT,NO ALERT,20260706,00
Madhya Pradesh,Indore,3,6,3-6 h,4.776785850524902,0.3,1.4330357551574706,0.0,NO ALERT,NO ALERT,20260706,00
Madhya Pradesh,Jabalpur,3,6,3-6 h,3.0208332538604736,0.3,0.9062499761581421,0.0,NO ALERT,NO ALERT,20260706,00
Madhya Pradesh,Jhabua,3,6,3-6 h,4.025000095367432,0.3,1.2075000286102295,0.0,NO ALERT,NO ALERT,20260706,00
Madhya Pradesh,Katni,3,6,3-6 h,0.9930555820465088,0.32230547985936164,0.3200672558985177,0.0,NO ALERT,NO ALERT,20260706,00
Madhya Pradesh,Mandla,3,6,3-6 h,3.515625,0.3,1.0546875,0.0,NO ALERT,NO ALERT,20260706,00
Madhya Pradesh,Mandsaur,3,6,3-6 h,0.8333333134651184,0.3805572499288874,0.3171310340464129,0.0,NO ALERT,NO ALERT,20260706,00
Madhya Pradesh,Morena,3,6,3-6 h,0.0,3.0,0.0,0.0,NO ALERT,NO ALERT,20260706,00
Madhya Pradesh,Narsinghpur,3,6,3-6 h,2.006944417953491,0.3,0.6020833253860474,0.0,NO ALERT,NO ALERT,20260706,00
Madhya Pradesh,Neemuch,3,6,3-6 h,0.0625,0.7317338523203192,0.04573336577001995,0.0,NO ALERT,NO ALERT,20260706,00
Madhya Pradesh,Panna,3,6,3-6 h,0.0694444477558136,0.4184968595164538,0.02906228329666244,0.0,NO ALERT,NO ALERT,20260706,00
Madhya Pradesh,Raisen,3,6,3-6 h,1.0833333730697632,0.3,0.3250000119209289,0.0,NO ALERT,NO ALERT,20260706,00
Madhya Pradesh,Rajgarh,3,6,3-6 h,0.0625,0.676433949885283,0.04227712186783019,0.0,NO ALERT,NO ALERT,20260706,00
Madhya Pradesh,Ratlam,3,6,3-6 h,0.4140625,0.3,0.12421874999999999,0.0,NO ALERT,NO ALERT,20260706,00
Madhya Pradesh,Rewa,3,6,3-6 h,0.8194444179534912,0.38712886212107545,0.31723058509380203,0.0,NO ALERT,NO ALERT,20260706,00
Madhya Pradesh,Sagar,3,6,3-6 h,1.6166666746139526,0.3,0.4850000023841858,0.0,NO ALERT,NO ALERT,20260706,00
Madhya Pradesh,Satna,3,6,3-6 h,0.4488636255264282,0.4227753173004938,0.1897684617065857,0.0,NO ALERT,NO ALERT,20260706,00
Madhya Pradesh,Sehore,3,6,3-6 h,1.7265625,0.3,0.51796875,0.0,NO ALERT,NO ALERT,20260706,00
Madhya Pradesh,Seoni,3,6,3-6 h,4.091346263885498,0.3,1.2274038791656494,0.0,NO ALERT,NO ALERT,20260706,00
Madhya Pradesh,Shahdol,3,6,3-6 h,2.5052082538604736,0.3,0.7515624761581421,0.0,NO ALERT,NO ALERT,20260706,00
Madhya Pradesh,Shajapur,3,6,3-6 h,0.2556818127632141,0.3,0.07670454382896423,0.0,NO ALERT,NO ALERT,20260706,00
Madhya Pradesh,Sheopur,3,6,3-6 h,0.0078125,3.0,0.0234375,0.0,NO ALERT,NO ALERT,20260706,00
Madhya Pradesh,Shivpuri,3,6,3-6 h,0.0078125,3.0,0.0234375,0.0,NO ALERT,NO ALERT,20260706,00
Madhya Pradesh,Sidhi,3,6,3-6 h,2.94921875,0.399988705397733,1.1796541897472204,0.0,NO ALERT,NO ALERT,20260706,00
Maharashtra,Pune,3,6,3-6 h,5.375,0.3,1.6125,0.0,NO ALERT,NO ALERT,20260706,00
Maharashtra,Raigarh,3,6,3-6 h,11.95138931274414,0.3,3.585416793823242,0.0,NO ALERT,NO ALERT,20260706,00
Maharashtra,Ratnagiri,3,6,3-6 h,10.943181991577148,0.3,3.2829545974731444,0.0,NO ALERT,NO ALERT,20260706,00
Maharashtra,Sangli,3,6,3-6 h,2.857954502105713,0.3,0.8573863506317139,0.0,NO ALERT,NO ALERT,20260706,00
Maharashtra,Satara,3,6,3-6 h,6.45703125,0.3,1.937109375,0.0,NO ALERT,NO ALERT,20260706,00
Maharashtra,Sindhudurg,3,6,3-6 h,8.24305534362793,0.3,2.472916603088379,0.0,NO ALERT,NO ALERT,20260706,00
Maharashtra,Solapur,3,6,3-6 h,3.0163042545318604,0.3,0.904891276359558,0.0,NO ALERT,NO ALERT,20260706,00
Maharashtra,Thane,3,6,3-6 h,33.36979293823242,0.3,10.010937881469726,0.0,MODERATE,NO ALERT,20260706,00
Maharashtra,Wardha,3,6,3-6 h,0.25,0.8277061142287497,0.20692652855718743,0.0,NO ALERT,NO ALERT,20260706,00
Maharashtra,Washim,3,6,3-6 h,0.010416666977107525,0.6548512185328705,0.006821367063009976,0.0,NO ALERT,NO ALERT,20260706,00
Maharashtra,Yavatmal,3,6,3-6 h,0.03750000149011612,1.1672216749493405,0.0437708145498961,0.0,NO ALERT,NO ALERT,20260706,00
Manipur,Bishnupur,3,6,3-6 h,2.9375,0.44222804670987065,1.2990448872102451,0.0,NO ALERT,NO ALERT,20260706,00
Manipur,Chandel,3,6,3-6 h,0.46875,0.4353368800524707,0.20406416252459564,0.0,NO ALERT,NO ALERT,20260706,00
Manipur,Churachandpur,3,6,3-6 h,2.4791667461395264,0.350797188232678,0.8696847237057034,0.0,NO ALERT,NO ALERT,20260706,00
Manipur,East Imphal,3,6,3-6 h,2.9375,0.34679034457550556,1.0186966371905475,0.0,NO ALERT,NO ALERT,20260706,00
Manipur,Senapati,3,6,3-6 h,2.75,0.40549794487557334,1.1151193484078266,0.0,NO ALERT,NO ALERT,20260706,00
Manipur,Tamenglong,3,6,3-6 h,3.0208332538604736,0.47901291702576343,1.447018148780134,0.0,NO ALERT,NO ALERT,20260706,00
Manipur,Thoubal,3,6,3-6 h,1.75,0.5006320786802736,0.8761061376904788,0.0,NO ALERT,NO ALERT,20260706,00
Manipur,Ukhrul,3,6,3-6 h,2.03125,0.5601360196084298,1.137776289829623,0.0,NO ALERT,NO ALERT,20260706,00
Manipur,West Imphal,3,6,3-6 h,0.0,1.0,0.0,0.0,NO ALERT,NO ALERT,20260706,00
Meghalaya,East Garo Hills,3,6,3-6 h,1.359375,0.5096870049480084,0.692855772351199,0.0,NO ALERT,NO ALERT,20260706,00
Meghalaya,East Khasi Hills,3,6,3-6 h,1.0625,0.5445849739225571,0.5786215347927169,0.0,NO ALERT,NO ALERT,20260706,00
Meghalaya,Jaintia Hills,3,6,3-6 h,1.1458333730697632,0.3344285796853742,0.3831994275118224,0.0,NO ALERT,NO ALERT,20260706,00
Meghalaya,Ri-Bhoi,3,6,3-6 h,3.1666667461395264,0.3754843171484303,1.1890337008108416,0.0,NO ALERT,NO ALERT,20260706,00
Meghalaya,South Garo Hills,3,6,3-6 h,1.0833333730697632,1.1985655828274717,1.2984460956898116,0.0,NO ALERT,NO ALERT,20260706,00
Meghalaya,West Garo Hills,3,6,3-6 h,0.612500011920929,1.4164832395577518,0.8675960011149191,0.0,NO ALERT,NO ALERT,20260706,00
Meghalaya,West Khasi Hills,3,6,3-6 h,1.6640625,0.7688290212309257,1.2793795431420873,0.0,NO ALERT,NO ALERT,20260706,00
Mizoram,Aizawl,3,6,3-6 h,2.0416667461395264,0.35958444336345213,0.7341516004442521,0.0,NO ALERT,NO ALERT,20260706,00
Mizoram,Champhai,3,6,3-6 h,2.40625,0.393379226133291,0.9465687628832316,0.0,NO ALERT,NO ALERT,20260706,00
Mizoram,Kolasib,3,6,3-6 h,2.28125,0.8142673026091504,1.8575472840771243,0.0,NO ALERT,NO ALERT,20260706,00
Mizoram,Lawngtlai,3,6,3-6 h,2.3125,0.3,0.69375,0.0,NO ALERT,NO ALERT,20260706,00
Mizoram,Lunglei,3,6,3-6 h,2.1041667461395264,0.34255624595576245,0.7207954614225079,0.0,NO ALERT,NO ALERT,20260706,00
Mizoram,Mamit,3,6,3-6 h,3.3125,0.6080090530356378,2.01402998818055,0.0,NO ALERT,NO ALERT,20260706,00
Mizoram,Saiha,3,6,3-6 h,4.390625,0.3,1.3171875,0.0,NO ALERT,NO ALERT,20260706,00
Mizoram,Serchhip,3,6,3-6 h,1.4375,0.3,0.43124999999999997,0.0,NO ALERT,NO ALERT,20260706,00
Nagaland,Dimapur,3,6,3-6 h,1.25,0.6956002689591826,0.8695003361989783,0.0,NO ALERT,NO ALERT,20260706,00
Nagaland,Kohima,3,6,3-6 h,2.887500047683716,0.42200076411911747,1.2185272265165161,0.0,NO ALERT,NO ALERT,20260706,00
Nagaland,Mokokchung,3,6,3-6 h,2.0,0.6004559914526765,1.200911982905353,0.0,NO ALERT,NO ALERT,20260706,00
Nagaland,Mon,3,6,3-6 h,3.5,0.35697456601861516,1.249410981065153,0.0,NO ALERT,NO ALERT,20260706,00
Nagaland,Phek,3,6,3-6 h,2.15625,0.4705958392700629,1.014722278426073,0.0,NO ALERT,NO ALERT,20260706,00
Nagaland,Tuensang,3,6,3-6 h,1.8839285373687744,0.307336347541769,0.5789997157046262,0.0,NO ALERT,NO ALERT,20260706,00
Nagaland,Wokha,3,6,3-6 h,1.0208333730697632,0.9768878268305281,0.9972396953741988,0.0,NO ALERT,NO ALERT,20260706,00
Nagaland,Zunheboto,3,6,3-6 h,2.65625,0.3,0.796875,0.0,NO ALERT,NO ALERT,20260706,00
Orissa,Angul,3,6,3-6 h,5.923611164093018,0.3,1.7770833492279052,0.0,NO ALERT,NO ALERT,20260706,00
Orissa,Baleshwar,3,6,3-6 h,9.337499618530273,0.3,2.801249885559082,0.0,NO ALERT,NO ALERT,20260706,00
Orissa,Baragarh,3,6,3-6 h,20.4921875,0.3,6.14765625,0.0,NO ALERT,NO ALERT,20260706,00
Orissa,Bhadrak,3,6,3-6 h,0.375,0.7178511116268625,0.26919416686007347,0.0,NO ALERT,NO ALERT,20260706,00
Orissa,Bolangir,3,6,3-6 h,8.36111068725586,0.3,2.508333206176758,0.0,NO ALERT,NO ALERT,20260706,00
Orissa,Boudh,3,6,3-6 h,1.3125,0.46951847237716815,0.6162429949950332,0.0,NO ALERT,NO ALERT,20260706,00
Orissa,Cuttack,3,6,3-6 h,0.1696428507566452,3.0,0.5089285522699356,0.0,NO ALERT,NO ALERT,20260706,00
Orissa,Deogarh,3,6,3-6 h,3.1041667461395264,0.5670237411043358,1.7601362414077073,0.0,NO ALERT,NO ALERT,20260706,00
Orissa,Dhenkanal,3,6,3-6 h,0.875,0.5066672121395331,0.4433338106220915,0.0,NO ALERT,NO ALERT,20260706,00
Orissa,Gajapati,3,6,3-6 h,0.09375,3.0,0.28125,0.0,NO ALERT,NO ALERT,20260706,00
Orissa,Ganjam,3,6,3-6 h,0.125,3.0,0.375,0.0,NO ALERT,NO ALERT,20260706,00
Orissa,Jagatsinghpur,3,6,3-6 h,0.71875,1.2982877185824837,0.9331442977311601,0.0,NO ALERT,NO ALERT,20260706,00
Orissa,Jajpur,3,6,3-6 h,0.6625000238418579,1.0825360884765436,0.7171801844253818,0.0,NO ALERT,NO ALERT,20260706,00
Orissa,Jharsuguda,3,6,3-6 h,1.71875,0.3,0.515625,0.0,NO ALERT,NO ALERT,20260706,00
Orissa,Kalahandi,3,6,3-6 h,1.2784091234207153,0.796623750187142,1.0184110701728672,0.0,NO ALERT,NO ALERT,20260706,00
Orissa,Kandhamal,3,6,3-6 h,0.3920454680919647,1.1397211880580418,0.44682252666654515,0.0,NO ALERT,NO ALERT,20260706,00
Orissa,Kendrapara,3,6,3-6 h,0.671875,1.2406367579898423,0.8335528217744252,0.0,NO ALERT,NO ALERT,20260706,00
Orissa,Keonjhar,3,6,3-6 h,3.09375,0.3,0.928125,0.0,NO ALERT,NO ALERT,20260706,00
Orissa,Khordha,3,6,3-6 h,0.1666666716337204,3.0,0.5000000149011612,0.0,NO ALERT,NO ALERT,20260706,00
Orissa,Koraput,3,6,3-6 h,0.23863635957241058,3.0,0.7159090787172318,0.0,NO ALERT,NO ALERT,20260706,00
Orissa,Malkangiri,3,6,3-6 h,0.1484375,3.0,0.4453125,0.0,NO ALERT,NO ALERT,20260706,00
Orissa,Mayurbhanj,3,6,3-6 h,3.4264705181121826,0.6410187849222774,2.1964319680922775,0.0,NO ALERT,NO ALERT,20260706,00
Orissa,Nabarangpur,3,6,3-6 h,1.8515625,0.9520565250907196,1.7627921597382854,0.0,NO ALERT,NO ALERT,20260706,00
Orissa,Nayagarh,3,6,3-6 h,0.3125,2.7627565849527578,0.8633614327977368,0.0,NO ALERT,NO ALERT,20260706,00
Orissa,Nuapada,3,6,3-6 h,8.296875,0.3,2.4890624999999997,0.0,NO ALERT,NO ALERT,20260706,00
Orissa,Puri,3,6,3-6 h,0.6625000238418579,1.1682139811417622,0.7739417903588092,0.0,NO ALERT,NO ALERT,20260706,00
Orissa,Rayagada,3,6,3-6 h,0.13750000298023224,3.0,0.4125000089406967,0.0,NO ALERT,NO ALERT,20260706,00
Orissa,Sambalpur,3,6,3-6 h,13.681818008422852,0.3,4.104545402526855,0.0,NO ALERT,NO ALERT,20260706,00
Orissa,Sonepur,3,6,3-6 h,11.984375,0.3,3.5953125,0.0,NO ALERT,NO ALERT,20260706,00
Orissa,Sundargarh,3,6,3-6 h,2.586538553237915,0.4166264730089146,1.0776204347370932,0.0,NO ALERT,NO ALERT,20260706,00
Puducherry,Karaikal,3,6,3-6 h,0.0,1.0,0.0,0.0,NO ALERT,NO ALERT,20260706,00
Puducherry,Mahe,3,6,3-6 h,0.0,1.0,0.0,0.0,NO ALERT,NO ALERT,20260706,00
Puducherry,Puducherry,3,6,3-6 h,0.0,1.0,0.0,0.0,NO ALERT,NO ALERT,20260706,00
Puducherry,Yanam,3,6,3-6 h,0.0,1.0,0.0,0.0,NO ALERT,NO ALERT,20260706,00
Punjab,Amritsar,3,6,3-6 h,0.0,3.0,0.0,0.0,NO ALERT,NO ALERT,20260706,00
Punjab,Bathinda,3,6,3-6 h,0.0,1.0063742042286778,0.0,0.0,NO ALERT,NO ALERT,20260706,00
Punjab,Faridkot,3,6,3-6 h,0.0,1.8166795132507056,0.0,0.0,NO ALERT,NO ALERT,20260706,00
Punjab,Fatehgarh Sahib,3,6,3-6 h,0.0,0.7625669248111632,0.0,0.0,NO ALERT,NO ALERT,20260706,00
Punjab,Firozpur,3,6,3-6 h,0.0,3.0,0.0,0.0,NO ALERT,NO ALERT,20260706,00
Punjab,Gurdaspur,3,6,3-6 h,0.0,1.0172791491901219,0.0,0.0,NO ALERT,NO ALERT,20260706,00
Punjab,Hoshiarpur,3,6,3-6 h,0.21250000596046448,1.1158502745357433,0.23711818998983136,0.0,NO ALERT,NO ALERT,20260706,00
Punjab,Jalandhar,3,6,3-6 h,0.0,0.6683787736223664,0.0,0.0,NO ALERT,NO ALERT,20260706,00
Punjab,Kapurthala,3,6,3-6 h,0.0,0.8043488797650564,0.0,0.0,NO ALERT,NO ALERT,20260706,00
Punjab,Ludhiana,3,6,3-6 h,0.0,0.6367384031963071,0.0,0.0,NO ALERT,NO ALERT,20260706,00
Punjab,Mansa,3,6,3-6 h,0.0,0.8554010609701591,0.0,0.0,NO ALERT,NO ALERT,20260706,00
Punjab,Moga,3,6,3-6 h,0.0,1.9260465396022144,0.0,0.0,NO ALERT,NO ALERT,20260706,00
Punjab,Muktsar,3,6,3-6 h,0.0,1.6273890495298178,0.0,0.0,NO ALERT,NO ALERT,20260706,00
Punjab,Nawan Shehar,3,6,3-6 h,0.0625,0.7376809676905092,0.04610506048065682,0.0,NO ALERT,NO ALERT,20260706,00
Punjab,Patiala,3,6,3-6 h,0.0,0.9906891001535867,0.0,0.0,NO ALERT,NO ALERT,20260706,00
Punjab,Rupnagar,3,6,3-6 h,3.4375,0.596268251978758,2.0496721161769806,0.0,NO ALERT,NO ALERT,20260706,00
Punjab,Sangrur,3,6,3-6 h,0.0,0.6431007768751102,0.0,0.0,NO ALERT,NO ALERT,20260706,00
Rajasthan,Ajmer,3,6,3-6 h,0.0,0.5105660303364602,0.0,0.0,NO ALERT,NO ALERT,20260706,00
Rajasthan,Alwar,3,6,3-6 h,0.0,1.763920291704763,0.0,0.0,NO ALERT,NO ALERT,20260706,00
Rajasthan,Banswara,3,6,3-6 h,0.7767857313156128,0.3,0.23303571939468382,0.0,NO ALERT,NO ALERT,20260706,00
Rajasthan,Baran,3,6,3-6 h,0.831250011920929,1.9242101184358293,1.5994996838881552,0.0,NO ALERT,NO ALERT,20260706,00
Rajasthan,Barmer,3,6,3-6 h,0.0,0.9889290802263309,0.0,0.0,NO ALERT,NO ALERT,20260706,00
Rajasthan,Bharatpur,3,6,3-6 h,0.0,1.333984920453584,0.0,0.0,NO ALERT,NO ALERT,20260706,00
Rajasthan,Bhilwara,3,6,3-6 h,0.0,0.3633962326272162,0.0,0.0,NO ALERT,NO ALERT,20260706,00
Rajasthan,Bikaner,3,6,3-6 h,0.0032051282469183207,3.0,0.009615384740754962,0.0,NO ALERT,NO ALERT,20260706,00
Rajasthan,Bundi,3,6,3-6 h,0.0,3.0,0.0,0.0,NO ALERT,NO ALERT,20260706,00
Rajasthan,Chittaurgarh,3,6,3-6 h,0.0714285746216774,0.3,0.021428572386503218,0.0,NO ALERT,NO ALERT,20260706,00
Rajasthan,Churu,3,6,3-6 h,0.016826923936605453,1.401563284200734,0.02358399877558468,0.0,NO ALERT,NO ALERT,20260706,00
Rajasthan,Dausa,3,6,3-6 h,0.0,2.1134477396397804,0.0,0.0,NO ALERT,NO ALERT,20260706,00
Rajasthan,Dhaulpur,3,6,3-6 h,0.0,3.0,0.0,0.0,NO ALERT,NO ALERT,20260706,00
Rajasthan,Dungarpur,3,6,3-6 h,0.0,0.3,0.0,0.0,NO ALERT,NO ALERT,20260706,00
Rajasthan,Ganganagar,3,6,3-6 h,0.0,1.0,0.0,0.0,NO ALERT,NO ALERT,20260706,00
Rajasthan,Hanumangarh,3,6,3-6 h,0.0,1.571559761267069,0.0,0.0,NO ALERT,NO ALERT,20260706,00
Rajasthan,Jaipur,3,6,3-6 h,0.0,2.075984689161689,0.0,0.0,NO ALERT,NO ALERT,20260706,00
Rajasthan,Jaisalmer,3,6,3-6 h,0.0,1.0,0.0,0.0,NO ALERT,NO ALERT,20260706,00
Rajasthan,Jalor,3,6,3-6 h,0.0,0.3,0.0,0.0,NO ALERT,NO ALERT,20260706,00
Rajasthan,Jhalawar,3,6,3-6 h,2.2638888359069824,0.5632776631707748,1.2751980131680907,0.0,NO ALERT,NO ALERT,20260706,00
Rajasthan,Jhunjhunun,3,6,3-6 h,0.296875,1.2604511264027094,0.37419642815080434,0.0,NO ALERT,NO ALERT,20260706,00
Rajasthan,Jodhpur,3,6,3-6 h,0.0,0.8001683993228174,0.0,0.0,NO ALERT,NO ALERT,20260706,00
Rajasthan,Tonk,3,6,3-6 h,0.0,3.0,0.0,0.0,NO ALERT,NO ALERT,20260706,00
Rajasthan,Udaipur,3,6,3-6 h,0.8055555820465088,0.3,0.24166667461395264,0.0,NO ALERT,NO ALERT,20260706,00
Sikkim,East,3,6,3-6 h,0.1875,2.23108818195037,0.4183290341156944,0.0,NO ALERT,NO ALERT,20260706,00
Sikkim,North Sikkim,3,6,3-6 h,0.3660714328289032,2.347754056512395,0.8594456913973622,0.0,NO ALERT,NO ALERT,20260706,00
Sikkim,South Sikkim,3,6,3-6 h,0.0,1.0,0.0,0.0,NO ALERT,NO ALERT,20260706,00
Sikkim,West Sikkim,3,6,3-6 h,0.3125,3.0,0.9375,0.0,NO ALERT,NO ALERT,20260706,00
Tamil Nadu,Ariyalur,3,6,3-6 h,0.0,1.0,0.0,0.0,NO ALERT,NO ALERT,20260706,00
Tamil Nadu,Chennai,3,6,3-6 h,0.0,1.0,0.0,0.0,NO ALERT,NO ALERT,20260706,00
Tamil Nadu,Coimbatore,3,6,3-6 h,0.2447916716337204,3.0,0.7343750149011612,0.0,NO ALERT,NO ALERT,20260706,00
Tamil Nadu,Cuddalore,3,6,3-6 h,0.0,1.0,0.0,0.0,NO ALERT,NO ALERT,20260706,00
Tamil Nadu,Dharmapuri,3,6,3-6 h,0.0,1.0,0.0,0.0,NO ALERT,NO ALERT,20260706,00
Tamil Nadu,Dindigul,3,6,3-6 h,0.0,1.0,0.0,0.0,NO ALERT,NO ALERT,20260706,00
Tamil Nadu,Erode,3,6,3-6 h,0.0,1.0,0.0,0.0,NO ALERT,NO ALERT,20260706,00
Tamil Nadu,Kancheepuram,3,6,3-6 h,0.0,1.0,0.0,0.0,NO ALERT,NO ALERT,20260706,00
Tamil Nadu,Kanniyakumari,3,6,3-6 h,0.25,2.3327618361136246,0.5831904590284062,0.0,NO ALERT,NO ALERT,20260706,00
Tamil Nadu,Karur,3,6,3-6 h,0.0,1.0,0.0,0.0,NO ALERT,NO ALERT,20260706,00
Tamil Nadu,Sivaganga,3,6,3-6 h,0.0,1.0,0.0,0.0,NO ALERT,NO ALERT,20260706,00
Tamil Nadu,Thanjavur,3,6,3-6 h,0.0,1.0,0.0,0.0,NO ALERT,NO ALERT,20260706,00
Tamil Nadu,Theni,3,6,3-6 h,0.0625,3.0,0.1875,0.0,NO ALERT,NO ALERT,20260706,00
Tamil Nadu,Thiruvallur,3,6,3-6 h,0.0,1.0,0.0,0.0,NO ALERT,NO ALERT,20260706,00
Tamil Nadu,Thiruvarur,3,6,3-6 h,0.0,3.0,0.0,0.0,NO ALERT,NO ALERT,20260706,00
Tamil Nadu,Thoothukudi,3,6,3-6 h,0.0,1.0,0.0,0.0,NO ALERT,NO ALERT,20260706,00
Tamil Nadu,Tiruchchirappalli,3,6,3-6 h,0.0,1.0,0.0,0.0,NO ALERT,NO ALERT,20260706,00
Tamil Nadu,Tirunelveli Kattabo,3,6,3-6 h,0.1527777761220932,3.0,0.4583333283662796,0.0,NO ALERT,NO ALERT,20260706,00
Tamil Nadu,Tiruvannamalai,3,6,3-6 h,0.0,1.0,0.0,0.0,NO ALERT,NO ALERT,20260706,00
Tamil Nadu,Vellore,3,6,3-6 h,0.0,1.0,0.0,0.0,NO ALERT,NO ALERT,20260706,00
Tamil Nadu,Villupuram,3,6,3-6 h,0.0,1.0,0.0,0.0,NO ALERT,NO ALERT,20260706,00
Tamil Nadu,Virudhunagar,3,6,3-6 h,0.0,1.0,0.0,0.0,NO ALERT,NO ALERT,20260706,00
Tripura,Dhalai,3,6,3-6 h,0.5625,2.7728682543513306,1.5597383930726234,0.0,NO ALERT,NO ALERT,20260706,00
Tripura,North Tripura,3,6,3-6 h,1.71875,1.8373519402302907,3.1579486472708123,0.0,NO ALERT,NO ALERT,20260706,00
Tripura,South Tripura,3,6,3-6 h,1.40625,0.6883313005588784,0.9679658914109227,0.0,NO ALERT,NO ALERT,20260706,00
Tripura,West Tripura,3,6,3-6 h,0.3333333432674408,1.2952968876484479,0.4317656420837678,0.0,NO ALERT,NO ALERT,20260706,00
Uttar Pradesh,Agra,3,6,3-6 h,0.0,1.0983193107761748,0.0,0.0,NO ALERT,NO ALERT,20260706,00
Uttar Pradesh,Aligarh,3,6,3-6 h,0.0,0.8798559857902731,0.0,0.0,NO ALERT,NO ALERT,20260706,00
Uttar Pradesh,Allahabad,3,6,3-6 h,0.7678571343421936,0.3288936598778827,0.2525433431771471,0.0,NO ALERT,NO ALERT,20260706,00
Uttar Pradesh,Ambedkar Nagar,3,6,3-6 h,0.0,3.0,0.0,0.0,NO ALERT,NO ALERT,20260706,00
Uttar Pradesh,Auraiya,3,6,3-6 h,0.0,3.0,0.0,0.0,NO ALERT,NO ALERT,20260706,00
Uttar Pradesh,Azamgarh,3,6,3-6 h,0.26249998807907104,3.0,0.7874999642372131,0.0,NO ALERT,NO ALERT,20260706,00
Uttar Pradesh,Badaun,3,6,3-6 h,0.0,2.287464070059984,0.0,0.0,NO ALERT,NO ALERT,20260706,00
Uttar Pradesh,Baghpat,3,6,3-6 h,0.0,0.8822997668421744,0.0,0.0,NO ALERT,NO ALERT,20260706,00
Uttar Pradesh,Bahraich,3,6,3-6 h,0.03125,3.0,0.09375,0.0,NO ALERT,NO ALERT,20260706,00
Uttar Pradesh,Ballia,3,6,3-6 h,0.109375,0.782997505218471,0.08564035213327026,0.0,NO ALERT,NO ALERT,20260706,00
Uttar Pradesh,Balrampur,3,6,3-6 h,0.125,2.137629415780145,0.2672036769725181,0.0,NO ALERT,NO ALERT,20260706,00
Uttar Pradesh,Banda,3,6,3-6 h,0.0625,2.6135166709781106,0.1633447919361319,0.0,NO ALERT,NO ALERT,20260706,00
Uttar Pradesh,Bara Banki,3,6,3-6 h,0.02083333395421505,3.0,0.06250000186264515,0.0,NO ALERT,NO ALERT,20260706,00
Uttar Pradesh,Bareilly,3,6,3-6 h,0.0,2.898412958300566,0.0,0.0,NO ALERT,NO ALERT,20260706,00
Uttar Pradesh,Basti,3,6,3-6 h,0.0416666679084301,2.3821490387413156,0.09925621290562038,0.0,NO ALERT,NO ALERT,20260706,00
Uttar Pradesh,Bijnor,3,6,3-6 h,0.22499999403953552,3.0,0.6749999821186066,0.0,NO ALERT,NO ALERT,20260706,00
Uttar Pradesh,Bulandshahr,3,6,3-6 h,0.0,1.5919798836936727,0.0,0.0,NO ALERT,NO ALERT,20260706,00
Uttar Pradesh,Chandauli,3,6,3-6 h,2.0625,0.38773924304590257,0.7997121887821741,0.0,NO ALERT,NO ALERT,20260706,00
Uttar Pradesh,Chitrakoot,3,6,3-6 h,0.17499999701976776,0.562270950669591,0.0983974146914804,0.0,NO ALERT,NO ALERT,20260706,00
Uttar Pradesh,Deoria,3,6,3-6 h,0.03125,3.0,0.09375,0.0,NO ALERT,NO ALERT,20260706,00
Uttar Pradesh,Etah,3,6,3-6 h,0.0,2.067726013381379,0.0,0.0,NO ALERT,NO ALERT,20260706,00
Uttar Pradesh,Etawah,3,6,3-6 h,0.0,3.0,0.0,0.0,NO ALERT,NO ALERT,20260706,00
Uttar Pradesh,Faizabad,3,6,3-6 h,0.0,3.0,0.0,0.0,NO ALERT,NO ALERT,20260706,00
Uttar Pradesh,Farrukhabad,3,6,3-6 h,0.0,3.0,0.0,0.0,NO ALERT,NO ALERT,20260706,00
Uttar Pradesh,Fatehpur,3,6,3-6 h,0.008928571827709675,1.2397823009215974,0.011069485324501653,0.0,NO ALERT,NO ALERT,20260706,00
Uttar Pradesh,Firozabad,3,6,3-6 h,0.0,1.3721040668065834,0.0,0.0,NO ALERT,NO ALERT,20260706,00
Uttar Pradesh,Gautam Buddha Nagar,3,6,3-6 h,0.0,0.5126294703835742,0.0,0.0,NO ALERT,NO ALERT,20260706,00
Uttar Pradesh,Ghaziabad,3,6,3-6 h,0.0,0.6195152102740974,0.0,0.0,NO ALERT,NO ALERT,20260706,00
Uttar Pradesh,Ghazipur,3,6,3-6 h,0.8374999761581421,0.9133276607025872,0.7649118940629884,0.0,NO ALERT,NO ALERT,20260706,00
Uttar Pradesh,Gonda,3,6,3-6 h,0.01785714365541935,3.0,0.05357143096625805,0.0,NO ALERT,NO ALERT,20260706,00
Uttar Pradesh,Gorakhpur,3,6,3-6 h,0.0,3.0,0.0,0.0,NO ALERT,NO ALERT,20260706,00
Uttar Pradesh,Hamirpur,3,6,3-6 h,0.0,1.0,0.0,0.0,NO ALERT,NO ALERT,20260706,00
Uttar Pradesh,Hardoi,3,6,3-6 h,0.0,3.0,0.0,0.0,NO ALERT,NO ALERT,20260706,00
Uttar Pradesh,Hathras,3,6,3-6 h,0.0,0.6899235208352951,0.0,0.0,NO ALERT,NO ALERT,20260706,00
Uttar Pradesh,Jalaun,3,6,3-6 h,0.0,1.0,0.0,0.0,NO ALERT,NO ALERT,20260706,00
Uttar Pradesh,Jaunpur,3,6,3-6 h,1.09375,1.4820370115645944,1.6209779813987752,0.0,NO ALERT,NO ALERT,20260706,00
Uttar Pradesh,Jhansi,3,6,3-6 h,0.0,1.0,0.0,0.0,NO ALERT,NO ALERT,20260706,00
Uttar Pradesh,Jyotiba Phule Nagar,3,6,3-6 h,0.015625,2.7207409304746526,0.04251157703866645,0.0,NO ALERT,NO ALERT,20260706,00
Uttar Pradesh,Kannauj,3,6,3-6 h,0.0,1.0,0.0,0.0,NO ALERT,NO ALERT,20260706,00
Uttar Pradesh,Kanpur,3,6,3-6 h,0.0,3.0,0.0,0.0,NO ALERT,NO ALERT,20260706,00
Uttar Pradesh,Kanpur Dehat,3,6,3-6 h,0.0,1.0,0.0,0.0,NO ALERT,NO ALERT,20260706,00
Uttar Pradesh,Kaushambi,3,6,3-6 h,0.03125,0.8478967173116988,0.026496772415990587,0.0,NO ALERT,NO ALERT,20260706,00
Uttar Pradesh,Kushinagar,3,6,3-6 h,0.0,3.0,0.0,0.0,NO ALERT,NO ALERT,20260706,00
Uttar Pradesh,Lakhimpur Kheri,3,6,3-6 h,0.017045455053448677,3.0,0.05113636516034603,0.0,NO ALERT,NO ALERT,20260706,00
Uttar Pradesh,Lalitpur,3,6,3-6 h,0.15625,2.6401848571460835,0.41252888392907555,0.0,NO ALERT,NO ALERT,20260706,00
Uttar Pradesh,Lucknow,3,6,3-6 h,0.25,2.284626632442603,0.5711566581106508,0.0,NO ALERT,NO ALERT,20260706,00
Uttar Pradesh,Maharajganj,3,6,3-6 h,0.0,1.0,0.0,0.0,NO ALERT,NO ALERT,20260706,00
Uttar Pradesh,Mahoba,3,6,3-6 h,0.0,1.0,0.0,0.0,NO ALERT,NO ALERT,20260706,00
Uttar Pradesh,Mainpuri,3,6,3-6 h,0.0,2.6323788094303384,0.0,0.0,NO ALERT,NO ALERT,20260706,00
Uttar Pradesh,Mathura,3,6,3-6 h,0.0,0.7910712809124609,0.0,0.0,NO ALERT,NO ALERT,20260706,00
Uttar Pradesh,Mau,3,6,3-6 h,0.10000000149011612,1.9114426031786989,0.19114426316614133,0.0,NO ALERT,NO ALERT,20260706,00
Uttar Pradesh,Meerut,3,6,3-6 h,0.1875,0.9643158928227719,0.18080922990426973,0.0,NO ALERT,NO ALERT,20260706,00
Uttar Pradesh,Mirzapur,3,6,3-6 h,3.2395832538604736,0.35710016022873065,1.1568556990278878,0.0,NO ALERT,NO ALERT,20260706,00
Uttar Pradesh,Moradabad,3,6,3-6 h,0.0,1.91329315618519,0.0,0.0,NO ALERT,NO ALERT,20260706,00
Uttar Pradesh,Muzaffarnagar,3,6,3-6 h,0.48750001192092896,1.0943905970571934,0.5335154291115344,0.0,NO ALERT,NO ALERT,20260706,00
Uttar Pradesh,Pilibhit,3,6,3-6 h,0.125,3.0,0.375,0.0,NO ALERT,NO ALERT,20260706,00
Uttar Pradesh,Pratapgarh,3,6,3-6 h,0.1145833358168602,1.7597048613363788,0.2016328530650677,0.0,NO ALERT,NO ALERT,20260706,00
Uttar Pradesh,Rae Bareli,3,6,3-6 h,0.0234375,1.1033504252204083,0.02585977559110332,0.0,NO ALERT,NO ALERT,20260706,00
Uttar Pradesh,Rampur,3,6,3-6 h,0.0,3.0,0.0,0.0,NO ALERT,NO ALERT,20260706,00
Uttar Pradesh,Saharanpur,3,6,3-6 h,0.08749999850988388,1.2072077539321737,0.10563067667018547,0.0,NO ALERT,NO ALERT,20260706,00
Uttar Pradesh,Sant Kabir Nagar,3,6,3-6 h,0.0,3.0,0.0,0.0,NO ALERT,NO ALERT,20260706,00
Uttar Pradesh,Sant Ravi Das Nagar,3,6,3-6 h,3.1875,0.7357740655714142,2.345279834008883,0.0,NO ALERT,NO ALERT,20260706,00
Uttar Pradesh,Shahjahanpur,3,6,3-6 h,0.0,3.0,0.0,0.0,NO ALERT,NO ALERT,20260706,00
Uttar Pradesh,Shravasti,3,6,3-6 h,0.03125,3.0,0.09375,0.0,NO ALERT,NO ALERT,20260706,00
Uttar Pradesh,Siddharth Nagar,3,6,3-6 h,0.0729166641831398,3.0,0.2187499925494194,0.0,NO ALERT,NO ALERT,20260706,00
Uttar Pradesh,Sitapur,3,6,3-6 h,0.0069444444961845875,3.0,0.020833333488553762,0.0,NO ALERT,NO ALERT,20260706,00
Uttar Pradesh,Sonbhadra,3,6,3-6 h,3.140625,0.36184466178439245,1.1364183909166075,0.0,NO ALERT,NO ALERT,20260706,00
Uttar Pradesh,Sultanpur,3,6,3-6 h,0.010416666977107525,3.0,0.031250000931322575,0.0,NO ALERT,NO ALERT,20260706,00
Uttar Pradesh,Unnao,3,6,3-6 h,0.0520833320915699,2.072396332849315,0.10793730642914251,0.0,NO ALERT,NO ALERT,20260706,00
Uttar Pradesh,Varanasi,3,6,3-6 h,2.4375,0.7173701896151363,1.7485898371868949,0.0,NO ALERT,NO ALERT,20260706,00
Uttaranchal,Almora,3,6,3-6 h,1.53125,0.9821425065093953,1.5039057130925115,0.0,NO ALERT,NO ALERT,20260706,00
Uttaranchal,Bageshwar,3,6,3-6 h,2.799999952316284,1.1747002010493959,3.289160506924238,0.0,NO ALERT,NO ALERT,20260706,00
Uttaranchal,Chamoli,3,6,3-6 h,1.6302083730697632,0.9639619688833851,1.571458872994509,0.0,NO ALERT,NO ALERT,20260706,00
Uttaranchal,Champawat,3,6,3-6 h,0.625,1.3345860907380185,0.8341163067112616,0.0,NO ALERT,NO ALERT,20260706,00
Uttaranchal,Dehra Dun,3,6,3-6 h,1.984375,0.6132870486378237,1.2169914871406813,0.0,NO ALERT,NO ALERT,20260706,00
Uttaranchal,Haridwar,3,6,3-6 h,0.015625,3.0,0.046875,0.0,NO ALERT,NO ALERT,20260706,00
Uttaranchal,Naini Tal,3,6,3-6 h,0.1875,3.0,0.5625,0.0,NO ALERT,NO ALERT,20260706,00
Uttaranchal,Pauri Garhwal,3,6,3-6 h,1.2430555820465088,0.6525376956382899,0.811140625058942,0.0,NO ALERT,NO ALERT,20260706,00
Uttaranchal,Pithoragarh,3,6,3-6 h,2.5511362552642822,1.4492140668178521,3.6971425474980166,0.0,NO ALERT,NO ALERT,20260706,00
Uttaranchal,Rudra Prayag,3,6,3-6 h,2.5,0.4569764664782921,1.1424411661957303,0.0,NO ALERT,NO ALERT,20260706,00
Uttaranchal,Tehri Garhwal,3,6,3-6 h,3.0104167461395264,0.43032490849803356,1.2954573108234395,0.0,NO ALERT,NO ALERT,20260706,00
Uttaranchal,Udham Singh Nagar,3,6,3-6 h,0.0,3.0,0.0,0.0,NO ALERT,NO ALERT,20260706,00
Uttaranchal,Uttarkashi,3,6,3-6 h,1.4322916269302368,0.5922627381468989,0.8482929607905787,0.0,NO ALERT,NO ALERT,20260706,00
West Bengal,Bankura,3,6,3-6 h,2.3068182468414307,0.8139789747747026,1.8777015515555646,0.0,NO ALERT,NO ALERT,20260706,00
West Bengal,Barddhaman,3,6,3-6 h,3.596590995788574,0.574892656930282,2.067653753460422,0.0,NO ALERT,NO ALERT,20260706,00
West Bengal,Birbhum,3,6,3-6 h,2.9375,0.5294498373329074,1.5552588971654155,0.0,NO ALERT,NO ALERT,20260706,00
West Bengal,Dakshin Dinajpur,3,6,3-6 h,0.0625,3.0,0.1875,0.0,NO ALERT,NO ALERT,20260706,00
West Bengal,Darjiling,3,6,3-6 h,0.5874999761581421,0.7026692764985678,0.41281818318996755,0.0,NO ALERT,NO ALERT,20260706,00
West Bengal,East Midnapore,3,6,3-6 h,2.7604167461395264,0.8881573288438509,2.451684363747116,0.0,NO ALERT,NO ALERT,20260706,00
West Bengal,Haora,3,6,3-6 h,1.4375,1.2481811405444279,1.794260389532615,0.0,NO ALERT,NO ALERT,20260706,00
West Bengal,Hugli,3,6,3-6 h,2.8125,0.8639513302480973,2.4298631163227737,0.0,NO ALERT,NO ALERT,20260706,00
West Bengal,Jalpaiguri,3,6,3-6 h,0.375,0.4477323529410921,0.16789963235290953,0.0,NO ALERT,NO ALERT,20260706,00
West Bengal,Kochbihar,3,6,3-6 h,0.21875,0.4180542781060552,0.09144937333569958,0.0,NO ALERT,NO ALERT,20260706,00
West Bengal,Kolkata,3,6,3-6 h,0.0,1.0,0.0,0.0,NO ALERT,NO ALERT,20260706,00
West Bengal,Maldah,3,6,3-6 h,0.75,1.8447625989600538,1.3835719492200402,0.0,NO ALERT,NO ALERT,20260706,00
West Bengal,Murshidabad,3,6,3-6 h,2.7395832538604736,0.5481165988025845,1.5016110552425201,0.0,NO ALERT,NO ALERT,20260706,00
West Bengal,Nadia,3,6,3-6 h,3.84375,0.5519673667157511,2.121624565813668,0.0,NO ALERT,NO ALERT,20260706,00
West Bengal,North 24 Parganas,3,6,3-6 h,4.734375,0.5171853011924324,2.4485491603329224,0.0,NO ALERT,NO ALERT,20260706,00
West Bengal,Puruliya,3,6,3-6 h,2.7638888359069824,0.5083553982476996,1.4050378098898648,0.0,NO ALERT,NO ALERT,20260706,00
West Bengal,South 24 Parganas,3,6,3-6 h,7.4453125,0.39550141013305273,2.9446315926312443,0.0,NO ALERT,NO ALERT,20260706,00
West Bengal,Uttar Dinajpur,3,6,3-6 h,0.21250000596046448,0.7118445881113709,0.15126697921659069,0.0,NO ALERT,NO ALERT,20260706,00
West Bengal,West Midnapore,3,6,3-6 h,2.018749952316284,1.4849613290035115,2.997765612117365,0.0,NO ALERT,NO ALERT,20260706,00
Arunachal Pradesh,Papum Pare,6,9,6-9 h,0.15000000596046448,0.9533183125255726,0.14299775256105585,0.0,NO ALERT,NO ALERT,20260706,00
Arunachal Pradesh,Tawang,6,9,6-9 h,1.1749999523162842,1.1388765971638852,1.338179947361697,0.0,NO ALERT,NO ALERT,20260706,00
Arunachal Pradesh,Tirap,6,9,6-9 h,0.609375,0.3651383081547162,0.22250615653178019,0.0,NO ALERT,NO ALERT,20260706,00
Arunachal Pradesh,Upper Dibang Valley,6,9,6-9 h,0.8295454382896423,1.028310112978305,0.8530299633682596,0.0,NO ALERT,NO ALERT,20260706,00
Arunachal Pradesh,Upper Siang,6,9,6-9 h,0.0694444477558136,1.2039424484099477,0.08360711845961093,0.0,NO ALERT,NO ALERT,20260706,00
Arunachal Pradesh,Upper Subansiri,6,9,6-9 h,0.078125,0.5158400571515395,0.04030000446496402,0.0,NO ALERT,NO ALERT,20260706,00
Arunachal Pradesh,West Kameng,6,9,6-9 h,0.039772726595401764,0.6603703450016216,0.026264729183460633,0.0,NO ALERT,NO ALERT,20260706,00
Arunachal Pradesh,West Siang,6,9,6-9 h,0.4829545319080353,0.797134356200177,0.38497964986646954,0.0,NO ALERT,NO ALERT,20260706,00
Assam,Barpeta,6,9,6-9 h,0.0,0.6024484372218926,0.0,0.0,NO ALERT,NO ALERT,20260706,00
Assam,Bongaigaon,6,9,6-9 h,0.0,0.46296589037388325,0.0,0.0,NO ALERT,NO ALERT,20260706,00
Assam,Cachar,6,9,6-9 h,0.0625,0.5608794743553766,0.035054967147211034,0.0,NO ALERT,NO ALERT,20260706,00
Assam,Darrang,6,9,6-9 h,0.0,0.3,0.0,0.0,NO ALERT,NO ALERT,20260706,00
Assam,Dhemaji,6,9,6-9 h,1.15625,0.3,0.346875,0.0,NO ALERT,NO ALERT,20260706,00
Assam,Dhuburi,6,9,6-9 h,0.0,0.32508121737137274,0.0,0.0,NO ALERT,NO ALERT,20260706,00
Assam,Dibrugarh,6,9,6-9 h,0.078125,0.3174379415214978,0.024799839181367016,0.0,NO ALERT,NO ALERT,20260706,00
Assam,Goalpara,6,9,6-9 h,0.0,0.35666832552213257,0.0,0.0,NO ALERT,NO ALERT,20260706,00
Assam,Golaghat,6,9,6-9 h,0.0625,1.2381989938745952,0.0773874371171622,0.0,NO ALERT,NO ALERT,20260706,00
Assam,Hailakandi,6,9,6-9 h,0.0,0.8229121215241156,0.0,0.0,NO ALERT,NO ALERT,20260706,00
Assam,Jorhat,6,9,6-9 h,0.0,0.6894283364621259,0.0,0.0,NO ALERT,NO ALERT,20260706,00
Assam,Kamrup,6,9,6-9 h,1.2604166269302368,0.3664044900075036,0.4618223113873513,0.0,NO ALERT,NO ALERT,20260706,00
Assam,Karbi Anglong,6,9,6-9 h,0.1284722238779068,0.4270362077260787,0.054862291282957096,0.0,NO ALERT,NO ALERT,20260706,00
Assam,Karimganj,6,9,6-9 h,0.0,0.6822626455335654,0.0,0.0,NO ALERT,NO ALERT,20260706,00
Assam,Kokrajhar,6,9,6-9 h,0.0,0.37030806257959376,0.0,0.0,NO ALERT,NO ALERT,20260706,00
Assam,Lakhimpur,6,9,6-9 h,0.0,0.8540887789555129,0.0,0.0,NO ALERT,NO ALERT,20260706,00
Assam,Marigaon,6,9,6-9 h,4.4375,0.3,1.33125,0.0,NO ALERT,NO ALERT,20260706,00
Assam,Nagaon,6,9,6-9 h,0.0833333358168602,0.38673451003625536,0.03222787679682016,0.0,NO ALERT,NO ALERT,20260706,00
Assam,Nalbari,6,9,6-9 h,0.0833333358168602,0.5554100332386462,0.046284170815929594,0.0,NO ALERT,NO ALERT,20260706,00
Assam,North Cachar Hills,6,9,6-9 h,0.5625,1.1126078231817818,0.6258419005397522,0.0,NO ALERT,NO ALERT,20260706,00
Assam,Sibsagar,6,9,6-9 h,0.5208333134651184,0.6339424569321858,0.33017835039020843,0.0,NO ALERT,NO ALERT,20260706,00
Assam,Sonitpur,6,9,6-9 h,0.0,0.3,0.0,0.0,NO ALERT,NO ALERT,20260706,00
Assam,Tinsukia,6,9,6-9 h,0.25,0.3,0.075,0.0,NO ALERT,NO ALERT,20260706,00
Bihar,Araria,6,9,6-9 h,0.0,0.5229429825116881,0.0,0.0,NO ALERT,NO ALERT,20260706,00
Bihar,Aurangabad,6,9,6-9 h,0.0,0.35000296398043534,0.0,0.0,NO ALERT,NO ALERT,20260706,00
Bihar,Banka,6,9,6-9 h,0.03125,0.7184756982670082,0.022452365570844006,0.0,NO ALERT,NO ALERT,20260706,00
Bihar,Begusarai,6,9,6-9 h,0.0,2.5062878804279856,0.0,0.0,NO ALERT,NO ALERT,20260706,00
Bihar,Bhabua,6,9,6-9 h,0.0,0.3407437709399486,0.0,0.0,NO ALERT,NO ALERT,20260706,00
Bihar,Bhagalpur,6,9,6-9 h,0.2291666716337204,1.0689963787452375,0.24497834210554603,0.0,NO ALERT,NO ALERT,20260706,00
Bihar,Bhojpur,6,9,6-9 h,0.0,0.4776323743598687,0.0,0.0,NO ALERT,NO ALERT,20260706,00
Bihar,Buxar,6,9,6-9 h,0.125,0.8075695227139618,0.10094619033924522,0.0,NO ALERT,NO ALERT,20260706,00
Bihar,Darbhanga,6,9,6-9 h,0.078125,3.0,0.234375,0.0,NO ALERT,NO ALERT,20260706,00
Bihar,Gaya,6,9,6-9 h,0.0,0.363978205648116,0.0,0.0,NO ALERT,NO ALERT,20260706,00
Bihar,Gopalganj,6,9,6-9 h,0.078125,2.547002946333611,0.19898460518231337,0.0,NO ALERT,NO ALERT,20260706,00
Bihar,Jamui,6,9,6-9 h,0.0,0.6349210991185491,0.0,0.0,NO ALERT,NO ALERT,20260706,00
Bihar,Jehanabad,6,9,6-9 h,0.15625,0.5056413165810456,0.07900645571578838,0.0,NO ALERT,NO ALERT,20260706,00
Bihar,Katihar,6,9,6-9 h,0.0,1.607854247376458,0.0,0.0,NO ALERT,NO ALERT,20260706,00
Bihar,Khagaria,6,9,6-9 h,0.71875,1.903639559935811,1.3682409337038641,0.0,NO ALERT,NO ALERT,20260706,00
Bihar,Kishanganj,6,9,6-9 h,0.0,0.5333674240043547,0.0,0.0,NO ALERT,NO ALERT,20260706,00
Bihar,Lakhisarai,6,9,6-9 h,0.0,1.0458318462971934,0.0,0.0,NO ALERT,NO ALERT,20260706,00
Bihar,Madhepura,6,9,6-9 h,0.015625,1.1618894539535725,0.01815452271802457,0.0,NO ALERT,NO ALERT,20260706,00
Bihar,Madhubani,6,9,6-9 h,0.0,1.4408870594945968,0.0,0.0,NO ALERT,NO ALERT,20260706,00
Bihar,Munger,6,9,6-9 h,0.25,1.0672109647237193,0.26680274118092984,0.0,NO ALERT,NO ALERT,20260706,00
Bihar,Muzaffarpur,6,9,6-9 h,0.21875,2.179447337729882,0.47675410512841165,0.0,NO ALERT,NO ALERT,20260706,00
Bihar,Nalanda,6,9,6-9 h,0.1875,1.0296407182961889,0.1930576346805354,0.0,NO ALERT,NO ALERT,20260706,00
Bihar,Nawada,6,9,6-9 h,0.0,0.4708261828175211,0.0,0.0,NO ALERT,NO ALERT,20260706,00
Bihar,Pashchim Champaran,6,9,6-9 h,0.0,2.3983339096854386,0.0,0.0,NO ALERT,NO ALERT,20260706,00
Bihar,Patna,6,9,6-9 h,0.25,0.8338239891381003,0.20845599728452507,0.0,NO ALERT,NO ALERT,20260706,00
Bihar,Purba Champaran,6,9,6-9 h,0.125,3.0,0.375,0.0,NO ALERT,NO ALERT,20260706,00
Bihar,Purnia,6,9,6-9 h,0.0,0.5942910400177946,0.0,0.0,NO ALERT,NO ALERT,20260706,00
Bihar,Rohtas,6,9,6-9 h,0.0,0.33297800858631404,0.0,0.0,NO ALERT,NO ALERT,20260706,00
Bihar,Saharsa,6,9,6-9 h,0.3333333432674408,2.0970945990316596,0.6990315538433163,0.0,NO ALERT,NO ALERT,20260706,00
Bihar,Samastipur,6,9,6-9 h,0.25,2.7195437456214746,0.6798859364053687,0.0,NO ALERT,NO ALERT,20260706,00
Bihar,Saran,6,9,6-9 h,0.1875,0.9861629519125841,0.1849055534836095,0.0,NO ALERT,NO ALERT,20260706,00
Bihar,Sheikhpura,6,9,6-9 h,0.0,0.7062180227612795,0.0,0.0,NO ALERT,NO ALERT,20260706,00
Bihar,Sheohar,6,9,6-9 h,0.0625,1.0,0.0625,0.0,NO ALERT,NO ALERT,20260706,00
Madhya Pradesh,Tikamgarh,6,9,6-9 h,0.01785714365541935,3.0,0.05357143096625805,0.0,NO ALERT,NO ALERT,20260706,00
Madhya Pradesh,Ujjain,6,9,6-9 h,0.02678571455180645,0.3,0.008035714365541935,0.0,NO ALERT,NO ALERT,20260706,00
Madhya Pradesh,Umaria,6,9,6-9 h,1.0104166269302368,0.3,0.303124988079071,0.0,NO ALERT,NO ALERT,20260706,00
Madhya Pradesh,Vidisha,6,9,6-9 h,0.0,0.41390940472058413,0.0,0.0,NO ALERT,NO ALERT,20260706,00
Madhya Pradesh,West Nimar,6,9,6-9 h,1.287500023841858,0.44485233351497017,0.5727473900066302,0.0,NO ALERT,NO ALERT,20260706,00
Maharashtra,Ahmednagar,6,9,6-9 h,0.0,0.3,0.0,0.0,NO ALERT,NO ALERT,20260706,00
Maharashtra,Akola,6,9,6-9 h,0.7578125,0.6882367881901188,0.5215544410503244,0.0,NO ALERT,NO ALERT,20260706,00
Maharashtra,Amravati,6,9,6-9 h,0.17578125,0.9339314439149177,0.16416763662566913,0.0,NO ALERT,NO ALERT,20260706,00
Maharashtra,Aurangabad,6,9,6-9 h,0.0,0.5067375479619736,0.0,0.0,NO ALERT,NO ALERT,20260706,00
Maharashtra,Bhandara,6,9,6-9 h,0.7916666865348816,0.44561608275608444,0.352779407702163,0.0,NO ALERT,NO ALERT,20260706,00
Maharashtra,Bid,6,9,6-9 h,0.4375,0.6836711063440929,0.29910610902554063,0.0,NO ALERT,NO ALERT,20260706,00
Maharashtra,Buldana,6,9,6-9 h,0.995192289352417,1.3375042100354553,1.3310738768036807,0.0,NO ALERT,NO ALERT,20260706,00
Maharashtra,Chandrapur,6,9,6-9 h,0.02678571455180645,1.3798679824200135,0.036960749896279566,0.0,NO ALERT,NO ALERT,20260706,00
Maharashtra,Dhule,6,9,6-9 h,2.180555582046509,0.3092955395113148,0.6744361151834839,0.0,NO ALERT,NO ALERT,20260706,00
Maharashtra,Garhchiroli,6,9,6-9 h,0.0,0.7873463730204786,0.0,0.0,NO ALERT,NO ALERT,20260706,00
Maharashtra,Gondiya,6,9,6-9 h,0.40625,0.604748128777892,0.24567892731601862,0.0,NO ALERT,NO ALERT,20260706,00
Maharashtra,Greater Bombay,6,9,6-9 h,0.0,0.3,0.0,0.0,NO ALERT,NO ALERT,20260706,00
Maharashtra,Hingoli,6,9,6-9 h,0.7708333134651184,2.239290183539015,1.726119471987292,0.0,NO ALERT,NO ALERT,20260706,00
Maharashtra,Jalgaon,6,9,6-9 h,0.36666667461395264,0.5762232307671074,0.2112818558606835,0.0,NO ALERT,NO ALERT,20260706,00
Maharashtra,Jalna,6,9,6-9 h,0.06875000149011612,3.0,0.20625000447034836,0.0,NO ALERT,NO ALERT,20260706,00
Maharashtra,Kolhapur,6,9,6-9 h,0.2430555522441864,0.41287151840747965,0.10035071491242574,0.0,NO ALERT,NO ALERT,20260706,00
Maharashtra,Latur,6,9,6-9 h,0.5416666865348816,1.50430828029553,0.8148336817146657,0.0,NO ALERT,NO ALERT,20260706,00
Maharashtra,Nagpur,6,9,6-9 h,0.3375000059604645,0.5156920875720314,0.17404608262932497,0.0,NO ALERT,NO ALERT,20260706,00
Maharashtra,Nanded,6,9,6-9 h,1.1875,1.9327884430663378,2.2951862761412762,0.0,NO ALERT,NO ALERT,20260706,00
Maharashtra,Nandurbar,6,9,6-9 h,1.5,0.3,0.44999999999999996,0.0,NO ALERT,NO ALERT,20260706,00
Maharashtra,Nashik,6,9,6-9 h,0.0,0.3,0.0,0.0,NO ALERT,NO ALERT,20260706,00
Maharashtra,Osmanabad,6,9,6-9 h,1.9375,0.3793131751187402,0.7349192767925591,0.0,NO ALERT,NO ALERT,20260706,00
Maharashtra,Parbhani,6,9,6-9 h,0.48750001192092896,3.0,1.4625000357627869,0.0,NO ALERT,NO ALERT,20260706,00
Madhya Pradesh,Balaghat,6,9,6-9 h,1.427884578704834,0.3,0.42836537361145016,0.0,NO ALERT,NO ALERT,20260706,00
Madhya Pradesh,Barwani,6,9,6-9 h,4.3046875,0.336734408265465,1.449536398080244,0.0,NO ALERT,NO ALERT,20260706,00
Madhya Pradesh,Betul,6,9,6-9 h,0.72265625,0.3,0.216796875,0.0,NO ALERT,NO ALERT,20260706,00
Madhya Pradesh,Bhind,6,9,6-9 h,0.0,3.0,0.0,0.0,NO ALERT,NO ALERT,20260706,00
Madhya Pradesh,Bhopal,6,9,6-9 h,0.0,0.364615889459979,0.0,0.0,NO ALERT,NO ALERT,20260706,00
Madhya Pradesh,Burhanpur,6,9,6-9 h,0.09375,1.2142310318773522,0.11383415923850176,0.0,NO ALERT,NO ALERT,20260706,00
Madhya Pradesh,Chhatarpur,6,9,6-9 h,0.06730769574642181,2.317805072305432,0.15600611860624725,0.0,NO ALERT,NO ALERT,20260706,00
Madhya Pradesh,Chhindwara,6,9,6-9 h,0.512499988079071,0.3,0.1537499964237213,0.0,NO ALERT,NO ALERT,20260706,00
Madhya Pradesh,Damoh,6,9,6-9 h,0.0,0.36117172586835916,0.0,0.0,NO ALERT,NO ALERT,20260706,00
Rajasthan,Karauli,6,9,6-9 h,0.0,2.7439746691600675,0.0,0.0,NO ALERT,NO ALERT,20260706,00
Rajasthan,Kota,6,9,6-9 h,0.19374999403953552,2.9527826759430753,0.5721016258640146,0.0,NO ALERT,NO ALERT,20260706,00
Rajasthan,Nagaur,6,9,6-9 h,0.598557710647583,1.1882893373752281,0.7112597453662499,0.0,NO ALERT,NO ALERT,20260706,00
Rajasthan,Pali,6,9,6-9 h,0.3492647111415863,0.3,0.10477941334247588,0.0,NO ALERT,NO ALERT,20260706,00
Rajasthan,Rajsamand,6,9,6-9 h,1.6428571939468384,0.3,0.4928571581840515,0.0,NO ALERT,NO ALERT,20260706,00
Rajasthan,Sawai Madhopur,6,9,6-9 h,0.0357142873108387,3.0,0.1071428619325161,0.0,NO ALERT,NO ALERT,20260706,00
Rajasthan,Sikar,6,9,6-9 h,0.7604166865348816,1.51752888887864,1.153954289402056,0.0,NO ALERT,NO ALERT,20260706,00
Rajasthan,Sirohi,6,9,6-9 h,1.65625,0.3,0.49687499999999996,0.0,NO ALERT,NO ALERT,20260706,00
Tamil Nadu,Madurai,6,9,6-9 h,0.0,1.0,0.0,0.0,NO ALERT,NO ALERT,20260706,00
Tamil Nadu,Nagapattinam,6,9,6-9 h,0.0,3.0,0.0,0.0,NO ALERT,NO ALERT,20260706,00
Tamil Nadu,Namakkal,6,9,6-9 h,0.0,1.0,0.0,0.0,NO ALERT,NO ALERT,20260706,00
Tamil Nadu,Nilgiris,6,9,6-9 h,0.28125,1.7038905536806261,0.4792192182226761,0.0,NO ALERT,NO ALERT,20260706,00
Tamil Nadu,Perambalur,6,9,6-9 h,0.0,1.0,0.0,0.0,NO ALERT,NO ALERT,20260706,00
Tamil Nadu,Pudukkottai,6,9,6-9 h,0.0,1.0,0.0,0.0,NO ALERT,NO ALERT,20260706,00
Tamil Nadu,Ramanathapuram,6,9,6-9 h,0.0,1.0,0.0,0.0,NO ALERT,NO ALERT,20260706,00
Tamil Nadu,Salem,6,9,6-9 h,0.0,1.0,0.0,0.0,NO ALERT,NO ALERT,20260706,00
Andaman and Nicobar,Andaman Islands,6,9,6-9 h,0.0,1.0,0.0,0.0,NO ALERT,NO ALERT,20260706,00
Andaman and Nicobar,Nicobar Islands,6,9,6-9 h,0.0,1.0,0.0,0.0,NO ALERT,NO ALERT,20260706,00
Andhra Pradesh,Adilabad,6,9,6-9 h,0.0679347813129425,3.0,0.20380434393882751,0.0,NO ALERT,NO ALERT,20260706,00
Andhra Pradesh,Anantapur,6,9,6-9 h,0.02083333395421505,1.0,0.02083333395421505,0.0,NO ALERT,NO ALERT,20260706,00
Andhra Pradesh,Chittoor,6,9,6-9 h,0.0,1.0,0.0,0.0,NO ALERT,NO ALERT,20260706,00
Andhra Pradesh,Cuddapah,6,9,6-9 h,0.0,1.0,0.0,0.0,NO ALERT,NO ALERT,20260706,00
Andhra Pradesh,East Godavari,6,9,6-9 h,0.09558823704719543,3.0,0.2867647111415863,0.0,NO ALERT,NO ALERT,20260706,00
Andhra Pradesh,Guntur,6,9,6-9 h,0.02083333395421505,3.0,0.06250000186264515,0.0,NO ALERT,NO ALERT,20260706,00
Andhra Pradesh,Hyderabad,6,9,6-9 h,0.0,1.0,0.0,0.0,NO ALERT,NO ALERT,20260706,00
Andhra Pradesh,Karimnagar,6,9,6-9 h,0.0555555559694767,2.1393520898236744,0.1188528947646161,0.0,NO ALERT,NO ALERT,20260706,00
Andhra Pradesh,Khammam,6,9,6-9 h,0.15131579339504242,3.0,0.45394738018512726,0.0,NO ALERT,NO ALERT,20260706,00
Andhra Pradesh,Krishna,6,9,6-9 h,0.02083333395421505,3.0,0.06250000186264515,0.0,NO ALERT,NO ALERT,20260706,00
Andhra Pradesh,Kurnool,6,9,6-9 h,0.04619565233588219,3.0,0.13858695700764656,0.0,NO ALERT,NO ALERT,20260706,00
Andhra Pradesh,Mahbubnagar,6,9,6-9 h,0.05787036940455437,3.0,0.1736111082136631,0.0,NO ALERT,NO ALERT,20260706,00
Andhra Pradesh,Medak,6,9,6-9 h,0.6346153616905212,1.1350579038438837,0.7203251821875711,0.0,NO ALERT,NO ALERT,20260706,00
Andhra Pradesh,Nalgonda,6,9,6-9 h,0.1006944477558136,3.0,0.3020833432674408,0.0,NO ALERT,NO ALERT,20260706,00
Andhra Pradesh,Nellore,6,9,6-9 h,0.0,1.0,0.0,0.0,NO ALERT,NO ALERT,20260706,00
Andhra Pradesh,Nizamabad,6,9,6-9 h,0.09090909361839294,3.0,0.27272728085517883,0.0,NO ALERT,NO ALERT,20260706,00
Andhra Pradesh,Prakasam,6,9,6-9 h,0.0,1.0,0.0,0.0,NO ALERT,NO ALERT,20260706,00
Andhra Pradesh,Rangareddi,6,9,6-9 h,0.5416666865348816,2.274697750563405,1.232127993416028,0.0,NO ALERT,NO ALERT,20260706,00
Andhra Pradesh,Srikakulam,6,9,6-9 h,0.05000000074505806,3.0,0.15000000223517418,0.0,NO ALERT,NO ALERT,20260706,00
Andhra Pradesh,Vishakhapatnam,6,9,6-9 h,0.05833333358168602,3.0,0.17500000074505806,0.0,NO ALERT,NO ALERT,20260706,00
Andhra Pradesh,Vizianagaram,6,9,6-9 h,0.0972222238779068,3.0,0.2916666716337204,0.0,NO ALERT,NO ALERT,20260706,00
Andhra Pradesh,Warangal,6,9,6-9 h,0.0659722238779068,3.0,0.1979166716337204,0.0,NO ALERT,NO ALERT,20260706,00
Andhra Pradesh,West Godavari,6,9,6-9 h,0.03125,3.0,0.09375,0.0,NO ALERT,NO ALERT,20260706,00
Arunachal Pradesh,Changlang,6,9,6-9 h,1.609375,0.3,0.4828125,0.0,NO ALERT,NO ALERT,20260706,00
Arunachal Pradesh,East Kameng,6,9,6-9 h,0.0,0.4269880196000505,0.0,0.0,NO ALERT,NO ALERT,20260706,00
Arunachal Pradesh,East Siang,6,9,6-9 h,0.4375,0.45628493034155115,0.19962465702442864,0.0,NO ALERT,NO ALERT,20260706,00
Arunachal Pradesh,Kurung Kumey,6,9,6-9 h,0.03750000149011612,0.7126390600047544,0.026723965812093242,0.0,NO ALERT,NO ALERT,20260706,00
Arunachal Pradesh,Lohit,6,9,6-9 h,0.75,0.3,0.22499999999999998,0.0,NO ALERT,NO ALERT,20260706,00
Arunachal Pradesh,Lower Dibang Valley,6,9,6-9 h,0.3359375,0.3,0.10078125,0.0,NO ALERT,NO ALERT,20260706,00
Arunachal Pradesh,Lower Subansiri,6,9,6-9 h,0.08749999850988388,0.6416184837284099,0.05614161637014982,0.0,NO ALERT,NO ALERT,20260706,00
Bihar,Sitamarhi,6,9,6-9 h,0.02083333395421505,3.0,0.06250000186264515,0.0,NO ALERT,NO ALERT,20260706,00
Bihar,Siwan,6,9,6-9 h,0.0,1.4389760456555118,0.0,0.0,NO ALERT,NO ALERT,20260706,00
Bihar,Supaul,6,9,6-9 h,0.0,0.890582586739991,0.0,0.0,NO ALERT,NO ALERT,20260706,00
Bihar,Vaishali,6,9,6-9 h,0.421875,1.2193520432551004,0.5144141432482455,0.0,NO ALERT,NO ALERT,20260706,00
Chandigarh,Chandigarh,6,9,6-9 h,0.0,1.1884359977669912,0.0,0.0,NO ALERT,NO ALERT,20260706,00
Chhattisgarh,Bastar,6,9,6-9 h,0.0,0.5807237067170128,0.0,0.0,NO ALERT,NO ALERT,20260706,00
Chhattisgarh,Bilaspur,6,9,6-9 h,0.7239583134651184,0.3,0.21718749403953552,0.0,NO ALERT,NO ALERT,20260706,00
Chhattisgarh,Dantewada,6,9,6-9 h,0.010869565419852734,1.7403026932816885,0.01891633397497122,0.0,NO ALERT,NO ALERT,20260706,00
Chhattisgarh,Dhamtari,6,9,6-9 h,0.0,0.3,0.0,0.0,NO ALERT,NO ALERT,20260706,00
Chhattisgarh,Durg,6,9,6-9 h,0.0052083334885537624,0.3,0.0015625000465661286,0.0,NO ALERT,NO ALERT,20260706,00
Chhattisgarh,Janjgir-Champa,6,9,6-9 h,0.0,0.3,0.0,0.0,NO ALERT,NO ALERT,20260706,00
Chhattisgarh,Jashpur,6,9,6-9 h,0.8500000238418579,0.3,0.2550000071525574,0.0,NO ALERT,NO ALERT,20260706,00
Chhattisgarh,Kanker,6,9,6-9 h,0.0,0.31181627116571115,0.0,0.0,NO ALERT,NO ALERT,20260706,00
Chhattisgarh,Kawardha,6,9,6-9 h,0.59375,0.3,0.178125,0.0,NO ALERT,NO ALERT,20260706,00
Chhattisgarh,Korba,6,9,6-9 h,1.6319444179534912,0.3,0.4895833253860473,0.0,NO ALERT,NO ALERT,20260706,00
Chhattisgarh,Koriya,6,9,6-9 h,1.8352272510528564,0.3,0.5505681753158569,0.0,NO ALERT,NO ALERT,20260706,00
Chhattisgarh,Mahasamund,6,9,6-9 h,0.0,0.3,0.0,0.0,NO ALERT,NO ALERT,20260706,00
Chhattisgarh,Raigarh,6,9,6-9 h,0.4375,0.3,0.13125,0.0,NO ALERT,NO ALERT,20260706,00
Chhattisgarh,Raipur,6,9,6-9 h,0.0,0.3,0.0,0.0,NO ALERT,NO ALERT,20260706,00
Chhattisgarh,Raj Nandgaon,6,9,6-9 h,0.3238636255264282,0.47455991292457994,0.15369269392926055,0.0,NO ALERT,NO ALERT,20260706,00
Chhattisgarh,Surguja,6,9,6-9 h,0.9973958134651184,0.3,0.2992187440395355,0.0,NO ALERT,NO ALERT,20260706,00
Dadra and Nagar Haveli,Dadra and Nagar Haveli,6,9,6-9 h,0.0,0.3,0.0,0.0,NO ALERT,NO ALERT,20260706,00
Daman and Diu,Daman,6,9,6-9 h,0.0,1.0,0.0,0.0,NO ALERT,NO ALERT,20260706,00
Daman and Diu,Junagadh,6,9,6-9 h,0.0,0.3,0.0,0.0,NO ALERT,NO ALERT,20260706,00
Delhi,Delhi,6,9,6-9 h,0.0,0.7680284695981865,0.0,0.0,NO ALERT,NO ALERT,20260706,00
Goa,North Goa,6,9,6-9 h,0.0,0.3,0.0,0.0,NO ALERT,NO ALERT,20260706,00
Goa,South Goa,6,9,6-9 h,0.0,0.3652758638408204,0.0,0.0,NO ALERT,NO ALERT,20260706,00
Gujarat,Ahmadabad,6,9,6-9 h,0.09375,0.3,0.028124999999999997,0.0,NO ALERT,NO ALERT,20260706,00
Gujarat,Amreli,6,9,6-9 h,0.16477273404598236,0.3,0.049431820213794705,0.0,NO ALERT,NO ALERT,20260706,00
Gujarat,Anand,6,9,6-9 h,0.2750000059604645,0.3,0.08250000178813933,0.0,NO ALERT,NO ALERT,20260706,00
Gujarat,Banas Kantha,6,9,6-9 h,0.2946428656578064,0.3,0.08839285969734191,0.0,NO ALERT,NO ALERT,20260706,00
Gujarat,Bharuch,6,9,6-9 h,5.910714149475098,0.3,1.7732142448425292,0.0,NO ALERT,NO ALERT,20260706,00
Gujarat,Bhavnagar,6,9,6-9 h,5.3977274894714355,0.3,1.6193182468414307,0.0,NO ALERT,NO ALERT,20260706,00
Gujarat,Dahod,6,9,6-9 h,1.125,0.3,0.33749999999999997,0.0,NO ALERT,NO ALERT,20260706,00
Gujarat,Gandhinagar,6,9,6-9 h,0.5,0.3,0.15,0.0,NO ALERT,NO ALERT,20260706,00
Gujarat,Jamnagar,6,9,6-9 h,0.0,1.0297514316198848,0.0,0.0,NO ALERT,NO ALERT,20260706,00
Gujarat,Junagadh,6,9,6-9 h,0.005681818351149559,0.3,0.0017045455053448677,0.0,NO ALERT,NO ALERT,20260706,00
Gujarat,Kachchh,6,9,6-9 h,0.0,1.0429478032131136,0.0,0.0,NO ALERT,NO ALERT,20260706,00
Gujarat,Kheda,6,9,6-9 h,0.1979166716337204,0.3,0.05937500149011612,0.0,NO ALERT,NO ALERT,20260706,00
Gujarat,Mahesana,6,9,6-9 h,0.1607142835855484,0.3,0.04821428507566452,0.0,NO ALERT,NO ALERT,20260706,00
Gujarat,Narmada,6,9,6-9 h,0.0,0.33628631261391084,0.0,0.0,NO ALERT,NO ALERT,20260706,00
Gujarat,Navsari,6,9,6-9 h,0.0,0.3,0.0,0.0,NO ALERT,NO ALERT,20260706,00
Gujarat,Panch Mahals,6,9,6-9 h,1.2999999523162842,0.38515868720859836,0.5007062750053805,0.0,NO ALERT,NO ALERT,20260706,00
Gujarat,Patan,6,9,6-9 h,0.013888888992369175,0.3,0.004166666697710752,0.0,NO ALERT,NO ALERT,20260706,00
Gujarat,Porbandar,6,9,6-9 h,0.0,3.0,0.0,0.0,NO ALERT,NO ALERT,20260706,00
Gujarat,Rajkot,6,9,6-9 h,0.0,0.3,0.0,0.0,NO ALERT,NO ALERT,20260706,00
Gujarat,Sabar Kantha,6,9,6-9 h,0.0347222238779068,0.3,0.010416667163372039,0.0,NO ALERT,NO ALERT,20260706,00
Gujarat,Surat,6,9,6-9 h,0.05624999850988388,0.32712919453700195,0.018401016705245875,0.0,NO ALERT,NO ALERT,20260706,00
Gujarat,Surendranagar,6,9,6-9 h,0.004166666883975267,0.3,0.00125000006519258,0.0,NO ALERT,NO ALERT,20260706,00
Gujarat,The Dangs,6,9,6-9 h,0.0,0.6236297049513208,0.0,0.0,NO ALERT,NO ALERT,20260706,00
Gujarat,Vadodara,6,9,6-9 h,1.3541666269302368,0.3522998571050929,0.477072709164008,0.0,NO ALERT,NO ALERT,20260706,00
Gujarat,Valsad,6,9,6-9 h,1.21875,0.3,0.365625,0.0,NO ALERT,NO ALERT,20260706,00
Haryana,Ambala,6,9,6-9 h,0.3333333432674408,0.6762277229722136,0.22540924770845672,0.0,NO ALERT,NO ALERT,20260706,00
Haryana,Bhiwani,6,9,6-9 h,0.4285714328289032,1.7078232852568205,0.7319242723810803,0.0,NO ALERT,NO ALERT,20260706,00
Haryana,Faridabad,6,9,6-9 h,0.0,0.8712532145408735,0.0,0.0,NO ALERT,NO ALERT,20260706,00
Haryana,Fatehabad,6,9,6-9 h,0.4583333432674408,1.0808056670009505,0.49536927477894194,0.0,NO ALERT,NO ALERT,20260706,00
Haryana,Gurgaon,6,9,6-9 h,0.0,1.3004888747066055,0.0,0.0,NO ALERT,NO ALERT,20260706,00
Haryana,Hisar,6,9,6-9 h,0.612500011920929,0.9496809693817465,0.5816796050673991,0.0,NO ALERT,NO ALERT,20260706,00
Haryana,Jhajjar,6,9,6-9 h,0.4166666567325592,1.6618096732806247,0.6924206806916644,0.0,NO ALERT,NO ALERT,20260706,00
Haryana,Jind,6,9,6-9 h,0.28125,0.7717056323525144,0.21704220909914468,0.0,NO ALERT,NO ALERT,20260706,00
Haryana,Kaithal,6,9,6-9 h,0.0,0.6331763172108541,0.0,0.0,NO ALERT,NO ALERT,20260706,00
Haryana,Karnal,6,9,6-9 h,0.0,0.5159404245146241,0.0,0.0,NO ALERT,NO ALERT,20260706,00
Haryana,Kurukshetra,6,9,6-9 h,0.015625,0.6033338297736488,0.009427091090213262,0.0,NO ALERT,NO ALERT,20260706,00
Haryana,Mahendragarh,6,9,6-9 h,0.8125,1.1386681831985863,0.9251678988488514,0.0,NO ALERT,NO ALERT,20260706,00
Haryana,Panchkula,6,9,6-9 h,0.0,0.6671410727647323,0.0,0.0,NO ALERT,NO ALERT,20260706,00
Haryana,Panipat,6,9,6-9 h,0.0,1.0415843239201417,0.0,0.0,NO ALERT,NO ALERT,20260706,00
Haryana,Rewari,6,9,6-9 h,0.3125,1.1674745883169169,0.36483580884903655,0.0,NO ALERT,NO ALERT,20260706,00
Haryana,Rohtak,6,9,6-9 h,0.7916666865348816,1.2603472433768046,0.9977749260474869,0.0,NO ALERT,NO ALERT,20260706,00
Haryana,Sirsa,6,9,6-9 h,0.09375,1.4831194250452018,0.13904244609798766,0.0,NO ALERT,NO ALERT,20260706,00
Haryana,Sonepat,6,9,6-9 h,0.0,0.7724164037051864,0.0,0.0,NO ALERT,NO ALERT,20260706,00
Haryana,Yamuna Nagar,6,9,6-9 h,0.1875,0.6918813868041921,0.129727760025786,0.0,NO ALERT,NO ALERT,20260706,00
Himachal Pradesh,Bilaspur,6,9,6-9 h,0.0,0.43793651979773524,0.0,0.0,NO ALERT,NO ALERT,20260706,00
Himachal Pradesh,Chamba,6,9,6-9 h,1.125,0.47998853587409984,0.5399871028583623,0.0,NO ALERT,NO ALERT,20260706,00
Himachal Pradesh,Hamirpur,6,9,6-9 h,0.0,0.3222888511402842,0.0,0.0,NO ALERT,NO ALERT,20260706,00
Himachal Pradesh,Kangra,6,9,6-9 h,0.1953125,0.491764254011286,0.09604770586157929,0.0,NO ALERT,NO ALERT,20260706,00
Himachal Pradesh,Kinnaur,6,9,6-9 h,0.46590909361839294,0.5900100248843969,0.27489103591965486,0.0,NO ALERT,NO ALERT,20260706,00
Himachal Pradesh,Kullu,6,9,6-9 h,0.7265625,0.48471900161399284,0.35217864961016665,0.0,NO ALERT,NO ALERT,20260706,00
Himachal Pradesh,Lahul and Spiti,6,9,6-9 h,0.34375,1.1034755877631228,0.3793197332935735,0.0,NO ALERT,NO ALERT,20260706,00
Himachal Pradesh,Mandi,6,9,6-9 h,0.2874999940395355,0.41181400265740536,0.11839652330940131,0.0,NO ALERT,NO ALERT,20260706,00
Himachal Pradesh,Shimla,6,9,6-9 h,0.8819444179534912,0.38421361333609627,0.33885505158351115,0.0,NO ALERT,NO ALERT,20260706,00
Himachal Pradesh,Sirmaur,6,9,6-9 h,0.75,0.5853734282891708,0.4390300712168781,0.0,NO ALERT,NO ALERT,20260706,00
Himachal Pradesh,Solan,6,9,6-9 h,0.375,0.501145504684414,0.18792956425665525,0.0,NO ALERT,NO ALERT,20260706,00
Himachal Pradesh,Una,6,9,6-9 h,0.0,0.5308169916656943,0.0,0.0,NO ALERT,NO ALERT,20260706,00
Jammu and Kashmir,Anantnag (Kashmir South),6,9,6-9 h,0.5535714030265808,1.3868985192801786,0.7677473591734159,0.0,NO ALERT,NO ALERT,20260706,00
Jammu and Kashmir,Bagdam,6,9,6-9 h,0.3958333432674408,1.7381670057123004,0.6880244570282568,0.0,NO ALERT,NO ALERT,20260706,00
Jammu and Kashmir,Baramula (Kashmir North),6,9,6-9 h,0.0535714291036129,2.3802491119877285,0.12751334655178817,0.0,NO ALERT,NO ALERT,20260706,00
Jammu and Kashmir,Doda,6,9,6-9 h,0.5698529481887817,0.9310309851117253,0.5305507517210224,0.0,NO ALERT,NO ALERT,20260706,00
Jammu and Kashmir,Jammu,6,9,6-9 h,0.0,2.1214535699251704,0.0,0.0,NO ALERT,NO ALERT,20260706,00
Jammu and Kashmir,Kargil,6,9,6-9 h,0.06521739065647125,3.0,0.19565217196941376,0.0,NO ALERT,NO ALERT,20260706,00
Jammu and Kashmir,Kathua,6,9,6-9 h,0.375,0.7421973154339496,0.2783239932877311,0.0,NO ALERT,NO ALERT,20260706,00
Jammu and Kashmir,Kupwara (Muzaffarabad),6,9,6-9 h,0.0,2.805712758686526,0.0,0.0,NO ALERT,NO ALERT,20260706,00
Jammu and Kashmir,Ladakh (Leh),6,9,6-9 h,0.038333334028720856,0.6253946944730077,0.023973463723023627,0.0,NO ALERT,NO ALERT,20260706,00
Jammu and Kashmir,Pulwama,6,9,6-9 h,0.0625,3.0,0.1875,0.0,NO ALERT,NO ALERT,20260706,00
Jammu and Kashmir,Punch,6,9,6-9 h,0.11249999701976776,0.9080148049822427,0.10215166285440731,0.0,NO ALERT,NO ALERT,20260706,00
Jammu and Kashmir,Rajauri,6,9,6-9 h,0.3645833432674408,1.6908137329342856,0.6164425235956836,0.0,NO ALERT,NO ALERT,20260706,00
Jammu and Kashmir,Srinagar,6,9,6-9 h,0.375,1.1768416745126433,0.4413156279422412,0.0,NO ALERT,NO ALERT,20260706,00
Jammu and Kashmir,Udhampur,6,9,6-9 h,0.140625,0.9046338825169598,0.12721413972894746,0.0,NO ALERT,NO ALERT,20260706,00
Jharkhand,Bokaro,6,9,6-9 h,0.0,0.43038052424230994,0.0,0.0,NO ALERT,NO ALERT,20260706,00
Jharkhand,Chatra,6,9,6-9 h,0.0,0.47580298707457397,0.0,0.0,NO ALERT,NO ALERT,20260706,00
Jharkhand,Deoghar,6,9,6-9 h,0.0,0.43042539217912484,0.0,0.0,NO ALERT,NO ALERT,20260706,00
Jharkhand,Dhanbad,6,9,6-9 h,0.0,0.3,0.0,0.0,NO ALERT,NO ALERT,20260706,00
Jharkhand,Dumka,6,9,6-9 h,0.0,0.5747174401032172,0.0,0.0,NO ALERT,NO ALERT,20260706,00
Jharkhand,Garhwa,6,9,6-9 h,0.0,0.3,0.0,0.0,NO ALERT,NO ALERT,20260706,00
Jharkhand,Giridih,6,9,6-9 h,0.0,0.3,0.0,0.0,NO ALERT,NO ALERT,20260706,00
Jharkhand,Godda,6,9,6-9 h,0.0,1.241563229918693,0.0,0.0,NO ALERT,NO ALERT,20260706,00
Jharkhand,Gumla,6,9,6-9 h,0.0,0.3,0.0,0.0,NO ALERT,NO ALERT,20260706,00
Jharkhand,Hazaribag,6,9,6-9 h,0.0,0.42314411896564175,0.0,0.0,NO ALERT,NO ALERT,20260706,00
Jharkhand,Jamtara,6,9,6-9 h,0.0,0.46008470755189523,0.0,0.0,NO ALERT,NO ALERT,20260706,00
Jharkhand,Koderma,6,9,6-9 h,0.0,0.3039175085951896,0.0,0.0,NO ALERT,NO ALERT,20260706,00
Jharkhand,Latehar,6,9,6-9 h,0.0,0.3665391067324198,0.0,0.0,NO ALERT,NO ALERT,20260706,00
Jharkhand,Lohardaga,6,9,6-9 h,0.0,0.39624014819091274,0.0,0.0,NO ALERT,NO ALERT,20260706,00
Jharkhand,Pakur,6,9,6-9 h,0.0,0.6035076534919583,0.0,0.0,NO ALERT,NO ALERT,20260706,00
Jharkhand,Palamu,6,9,6-9 h,0.0,0.3737988343625059,0.0,0.0,NO ALERT,NO ALERT,20260706,00
Jharkhand,Pashchim Singhbhum,6,9,6-9 h,0.0,0.45311129700376257,0.0,0.0,NO ALERT,NO ALERT,20260706,00
Jharkhand,Purba Singhbhum,6,9,6-9 h,0.0,0.9904194813681165,0.0,0.0,NO ALERT,NO ALERT,20260706,00
Jharkhand,Ranchi,6,9,6-9 h,0.14204545319080353,0.43312750651481624,0.06152379295229978,0.0,NO ALERT,NO ALERT,20260706,00
Jharkhand,Sahibganj,6,9,6-9 h,0.0,0.9271637311929378,0.0,0.0,NO ALERT,NO ALERT,20260706,00
Jharkhand,Saraikela Kharsawan,6,9,6-9 h,0.0,0.7038710866727816,0.0,0.0,NO ALERT,NO ALERT,20260706,00
Jharkhand,Simdega,6,9,6-9 h,0.203125,0.3,0.0609375,0.0,NO ALERT,NO ALERT,20260706,00
Karnataka,Bagalkot,6,9,6-9 h,1.0437500476837158,1.1632799061220045,1.2141734574843506,0.0,NO ALERT,NO ALERT,20260706,00
Karnataka,Bangalore Rural,6,9,6-9 h,0.0535714291036129,3.0,0.1607142873108387,0.0,NO ALERT,NO ALERT,20260706,00
Karnataka,Bangalore Urban,6,9,6-9 h,0.09375,3.0,0.28125,0.0,NO ALERT,NO ALERT,20260706,00
Karnataka,Belgaum,6,9,6-9 h,0.8860294222831726,0.8973372374527518,0.7950671940934398,0.0,NO ALERT,NO ALERT,20260706,00
Karnataka,Bellary,6,9,6-9 h,0.19886364042758942,2.70287473371527,0.5375035091663699,0.0,NO ALERT,NO ALERT,20260706,00
Karnataka,Bidar,6,9,6-9 h,1.0972222089767456,1.0018766190120068,1.0992812770345075,0.0,NO ALERT,NO ALERT,20260706,00
Karnataka,Bijapur,6,9,6-9 h,0.3258928656578064,3.0,0.9776785969734192,0.0,NO ALERT,NO ALERT,20260706,00
Karnataka,Chamrajnagar,6,9,6-9 h,0.0520833320915699,3.0,0.1562499962747097,0.0,NO ALERT,NO ALERT,20260706,00
Karnataka,Chikmagalur,6,9,6-9 h,0.02500000037252903,0.9744358301784026,0.0243608961174657,0.0,NO ALERT,NO ALERT,20260706,00
Karnataka,Chitradurga,6,9,6-9 h,0.034090910106897354,3.0,0.10227273032069206,0.0,NO ALERT,NO ALERT,20260706,00
Karnataka,Dakshin Kannad,6,9,6-9 h,0.0,0.48296471969249655,0.0,0.0,NO ALERT,NO ALERT,20260706,00
Karnataka,Davanagere,6,9,6-9 h,0.390625,1.0634182151425726,0.41539774029006743,0.0,NO ALERT,NO ALERT,20260706,00
Karnataka,Dharwad,6,9,6-9 h,0.84375,0.6005924706507083,0.5067498971115352,0.0,NO ALERT,NO ALERT,20260706,00
Karnataka,Gadag,6,9,6-9 h,0.3671875,1.0104995631984701,0.37104280836193826,0.0,NO ALERT,NO ALERT,20260706,00
Karnataka,Gulbarga,6,9,6-9 h,0.9315476417541504,1.3275990324998463,1.2367217479203236,0.0,NO ALERT,NO ALERT,20260706,00
Karnataka,Hassan,6,9,6-9 h,0.0062500000931322575,1.3953514149603434,0.008720946473454373,0.0,NO ALERT,NO ALERT,20260706,00
Karnataka,Haveri,6,9,6-9 h,0.2750000059604645,0.8339001601670177,0.22932254901636215,0.0,NO ALERT,NO ALERT,20260706,00
Karnataka,Kodagu,6,9,6-9 h,0.0625,0.9891691490121184,0.0618230718132574,0.0,NO ALERT,NO ALERT,20260706,00
Karnataka,Kolar,6,9,6-9 h,0.005681818351149559,1.0,0.005681818351149559,0.0,NO ALERT,NO ALERT,20260706,00
Karnataka,Koppal,6,9,6-9 h,0.0714285746216774,1.3672411486472411,0.09766008641197738,0.0,NO ALERT,NO ALERT,20260706,00
Karnataka,Mandya,6,9,6-9 h,0.0078125,3.0,0.0234375,0.0,NO ALERT,NO ALERT,20260706,00
Karnataka,Mysore,6,9,6-9 h,0.03125,3.0,0.09375,0.0,NO ALERT,NO ALERT,20260706,00
Karnataka,Raichur,6,9,6-9 h,0.2708333432674408,1.9789763859973823,0.5359727908669885,0.0,NO ALERT,NO ALERT,20260706,00
Karnataka,Shimoga,6,9,6-9 h,0.05113636329770088,0.6521122332003625,0.03334664806780877,0.0,NO ALERT,NO ALERT,20260706,00
Karnataka,Tumkur,6,9,6-9 h,0.028409091755747795,3.0,0.08522727526724339,0.0,NO ALERT,NO ALERT,20260706,00
Karnataka,Udupi,6,9,6-9 h,0.0,0.36293434267993313,0.0,0.0,NO ALERT,NO ALERT,20260706,00
Karnataka,Uttar Kannand,6,9,6-9 h,0.33173078298568726,0.4136012505834986,0.13720426669992344,0.0,NO ALERT,NO ALERT,20260706,00
Kerala,Alappuzha,6,9,6-9 h,0.0,2.864364265748771,0.0,0.0,NO ALERT,NO ALERT,20260706,00
Kerala,Ernakulam,6,9,6-9 h,0.0,0.8273595857165152,0.0,0.0,NO ALERT,NO ALERT,20260706,00
Kerala,Idukki,6,9,6-9 h,0.125,1.1481059089541104,0.1435132386192638,0.0,NO ALERT,NO ALERT,20260706,00
Kerala,Kannur,6,9,6-9 h,0.0,0.39296054227725635,0.0,0.0,NO ALERT,NO ALERT,20260706,00
Kerala,Kasaragod,6,9,6-9 h,0.0,0.4895700959949935,0.0,0.0,NO ALERT,NO ALERT,20260706,00
Kerala,Kollam,6,9,6-9 h,0.0,0.9608015244614043,0.0,0.0,NO ALERT,NO ALERT,20260706,00
Kerala,Kottayam,6,9,6-9 h,0.0,0.9196575889749057,0.0,0.0,NO ALERT,NO ALERT,20260706,00
Kerala,Kozhikode,6,9,6-9 h,0.0,0.37264617476151884,0.0,0.0,NO ALERT,NO ALERT,20260706,00
Kerala,Malappuram,6,9,6-9 h,0.0,0.44261788343885,0.0,0.0,NO ALERT,NO ALERT,20260706,00
Kerala,Palakkad,6,9,6-9 h,0.02083333395421505,0.5302180666602749,0.011046210051291765,0.0,NO ALERT,NO ALERT,20260706,00
Kerala,Pattanamtitta,6,9,6-9 h,0.0,0.7477207744636957,0.0,0.0,NO ALERT,NO ALERT,20260706,00
Kerala,Thiruvananthapuram,6,9,6-9 h,0.0,1.3040197822546657,0.0,0.0,NO ALERT,NO ALERT,20260706,00
Kerala,Thrissur,6,9,6-9 h,0.0,0.842598859765623,0.0,0.0,NO ALERT,NO ALERT,20260706,00
Kerala,Wayanad,6,9,6-9 h,0.1875,0.9148688962922525,0.17153791805479734,0.0,NO ALERT,NO ALERT,20260706,00
Lakshadweep,Kavaratti,6,9,6-9 h,0.0,1.0,0.0,0.0,NO ALERT,NO ALERT,20260706,00
Madhya Pradesh,Anuppur,6,9,6-9 h,2.40625,0.3,0.7218749999999999,0.0,NO ALERT,NO ALERT,20260706,00
Madhya Pradesh,Ashoknagar,6,9,6-9 h,0.02083333395421505,0.9519252256221402,0.019831776124827557,0.0,NO ALERT,NO ALERT,20260706,00
Madhya Pradesh,Datia,6,9,6-9 h,0.0,1.0,0.0,0.0,NO ALERT,NO ALERT,20260706,00
Madhya Pradesh,Dewas,6,9,6-9 h,0.1666666716337204,0.3,0.05000000149011612,0.0,NO ALERT,NO ALERT,20260706,00
Madhya Pradesh,Dhar,6,9,6-9 h,0.8522727489471436,0.3,0.2556818246841431,0.0,NO ALERT,NO ALERT,20260706,00
Madhya Pradesh,Dindori,6,9,6-9 h,1.1339285373687744,0.3,0.34017856121063234,0.0,NO ALERT,NO ALERT,20260706,00
Madhya Pradesh,East Nimar,6,9,6-9 h,0.0,0.30123901134156544,0.0,0.0,NO ALERT,NO ALERT,20260706,00
Madhya Pradesh,Guna,6,9,6-9 h,0.0,0.44732070879630687,0.0,0.0,NO ALERT,NO ALERT,20260706,00
Madhya Pradesh,Gwalior,6,9,6-9 h,0.0,1.0,0.0,0.0,NO ALERT,NO ALERT,20260706,00
Madhya Pradesh,Harda,6,9,6-9 h,0.0625,0.3,0.01875,0.0,NO ALERT,NO ALERT,20260706,00
Madhya Pradesh,Hoshangabad,6,9,6-9 h,2.2986111640930176,0.3,0.6895833492279052,0.0,NO ALERT,NO ALERT,20260706,00
Madhya Pradesh,Indore,6,9,6-9 h,0.0,0.3,0.0,0.0,NO ALERT,NO ALERT,20260706,00
Madhya Pradesh,Jabalpur,6,9,6-9 h,0.34375,0.3,0.103125,0.0,NO ALERT,NO ALERT,20260706,00
Madhya Pradesh,Jhabua,6,9,6-9 h,2.012500047683716,0.3,0.6037500143051148,0.0,NO ALERT,NO ALERT,20260706,00
Madhya Pradesh,Katni,6,9,6-9 h,0.0416666679084301,0.32230547985936164,0.013429395394367228,0.0,NO ALERT,NO ALERT,20260706,00
Madhya Pradesh,Mandla,6,9,6-9 h,0.140625,0.3,0.042187499999999996,0.0,NO ALERT,NO ALERT,20260706,00
Madhya Pradesh,Mandsaur,6,9,6-9 h,0.2222222238779068,0.3805572499288874,0.08456827839205774,0.0,NO ALERT,NO ALERT,20260706,00
Madhya Pradesh,Morena,6,9,6-9 h,0.0,3.0,0.0,0.0,NO ALERT,NO ALERT,20260706,00
Madhya Pradesh,Narsinghpur,6,9,6-9 h,0.0,0.3,0.0,0.0,NO ALERT,NO ALERT,20260706,00
Madhya Pradesh,Neemuch,6,9,6-9 h,0.1666666716337204,0.7317338523203192,0.1219556456879479,0.0,NO ALERT,NO ALERT,20260706,00
Madhya Pradesh,Panna,6,9,6-9 h,0.3055555522441864,0.4184968595164538,0.12787403902200775,0.0,NO ALERT,NO ALERT,20260706,00
Madhya Pradesh,Raisen,6,9,6-9 h,0.2708333432674408,0.3,0.08125000298023223,0.0,NO ALERT,NO ALERT,20260706,00
Madhya Pradesh,Rajgarh,6,9,6-9 h,0.01785714365541935,0.676433949885283,0.012079178216504232,0.0,NO ALERT,NO ALERT,20260706,00
Madhya Pradesh,Ratlam,6,9,6-9 h,0.21875,0.3,0.065625,0.0,NO ALERT,NO ALERT,20260706,00
Madhya Pradesh,Rewa,6,9,6-9 h,0.1388888955116272,0.38712886212107545,0.05376790008066918,0.0,NO ALERT,NO ALERT,20260706,00
Madhya Pradesh,Sagar,6,9,6-9 h,0.0,0.3,0.0,0.0,NO ALERT,NO ALERT,20260706,00
Madhya Pradesh,Satna,6,9,6-9 h,0.46590909361839294,0.4227753173004938,0.19697486488770155,0.0,NO ALERT,NO ALERT,20260706,00
Madhya Pradesh,Sehore,6,9,6-9 h,2.9375,0.3,0.88125,0.0,NO ALERT,NO ALERT,20260706,00
Madhya Pradesh,Seoni,6,9,6-9 h,0.0,0.3,0.0,0.0,NO ALERT,NO ALERT,20260706,00
Madhya Pradesh,Shahdol,6,9,6-9 h,2.0625,0.3,0.61875,0.0,NO ALERT,NO ALERT,20260706,00
Madhya Pradesh,Shajapur,6,9,6-9 h,0.10227272659540176,0.3,0.03068181797862053,0.0,NO ALERT,NO ALERT,20260706,00
Madhya Pradesh,Sheopur,6,9,6-9 h,0.015625,3.0,0.046875,0.0,NO ALERT,NO ALERT,20260706,00
Madhya Pradesh,Shivpuri,6,9,6-9 h,0.0078125,3.0,0.0234375,0.0,NO ALERT,NO ALERT,20260706,00
Madhya Pradesh,Sidhi,6,9,6-9 h,0.9765625,0.399988705397733,0.3906139701149736,0.0,NO ALERT,NO ALERT,20260706,00
Maharashtra,Pune,6,9,6-9 h,0.03947368264198303,0.3,0.011842104792594909,0.0,NO ALERT,NO ALERT,20260706,00
Maharashtra,Raigarh,6,9,6-9 h,0.0,0.3,0.0,0.0,NO ALERT,NO ALERT,20260706,00
Maharashtra,Ratnagiri,6,9,6-9 h,0.0,0.3,0.0,0.0,NO ALERT,NO ALERT,20260706,00
Maharashtra,Sangli,6,9,6-9 h,0.0,0.3,0.0,0.0,NO ALERT,NO ALERT,20260706,00
Maharashtra,Satara,6,9,6-9 h,0.0078125,0.3,0.00234375,0.0,NO ALERT,NO ALERT,20260706,00
Maharashtra,Sindhudurg,6,9,6-9 h,0.0,0.3,0.0,0.0,NO ALERT,NO ALERT,20260706,00
Maharashtra,Solapur,6,9,6-9 h,1.20923912525177,0.3,0.362771737575531,0.0,NO ALERT,NO ALERT,20260706,00
Maharashtra,Thane,6,9,6-9 h,0.0,0.3,0.0,0.0,NO ALERT,NO ALERT,20260706,00
Maharashtra,Wardha,6,9,6-9 h,0.0,0.8277061142287497,0.0,0.0,NO ALERT,NO ALERT,20260706,00
Maharashtra,Washim,6,9,6-9 h,2.1354167461395264,0.6548512185328705,1.3983802582849663,0.0,NO ALERT,NO ALERT,20260706,00
Maharashtra,Yavatmal,6,9,6-9 h,0.918749988079071,1.1672216749493405,1.0723848999453398,0.0,NO ALERT,NO ALERT,20260706,00
Manipur,Bishnupur,6,9,6-9 h,0.0,0.44222804670987065,0.0,0.0,NO ALERT,NO ALERT,20260706,00
Manipur,Chandel,6,9,6-9 h,0.0625,0.4353368800524707,0.027208555003279417,0.0,NO ALERT,NO ALERT,20260706,00
Manipur,Churachandpur,6,9,6-9 h,0.0,0.350797188232678,0.0,0.0,NO ALERT,NO ALERT,20260706,00
Manipur,East Imphal,6,9,6-9 h,0.0,0.34679034457550556,0.0,0.0,NO ALERT,NO ALERT,20260706,00
Manipur,Senapati,6,9,6-9 h,2.0875000953674316,0.40549794487557334,0.8464769985990569,0.0,NO ALERT,NO ALERT,20260706,00
Manipur,Tamenglong,6,9,6-9 h,0.0416666679084301,0.47901291702576343,0.019958872137560868,0.0,NO ALERT,NO ALERT,20260706,00
Manipur,Thoubal,6,9,6-9 h,0.0,0.5006320786802736,0.0,0.0,NO ALERT,NO ALERT,20260706,00
Manipur,Ukhrul,6,9,6-9 h,0.2395833283662796,0.5601360196084298,0.1341992519156273,0.0,NO ALERT,NO ALERT,20260706,00
Manipur,West Imphal,6,9,6-9 h,0.0,1.0,0.0,0.0,NO ALERT,NO ALERT,20260706,00
Meghalaya,East Garo Hills,6,9,6-9 h,0.0,0.5096870049480084,0.0,0.0,NO ALERT,NO ALERT,20260706,00
Meghalaya,East Khasi Hills,6,9,6-9 h,0.0,0.5445849739225571,0.0,0.0,NO ALERT,NO ALERT,20260706,00
Meghalaya,Jaintia Hills,6,9,6-9 h,0.0520833320915699,0.3344285796853742,0.017418154776665393,0.0,NO ALERT,NO ALERT,20260706,00
Meghalaya,Ri-Bhoi,6,9,6-9 h,0.0,0.3754843171484303,0.0,0.0,NO ALERT,NO ALERT,20260706,00
Meghalaya,South Garo Hills,6,9,6-9 h,0.0,1.1985655828274717,0.0,0.0,NO ALERT,NO ALERT,20260706,00
Meghalaya,West Garo Hills,6,9,6-9 h,0.0,1.4164832395577518,0.0,0.0,NO ALERT,NO ALERT,20260706,00
Meghalaya,West Khasi Hills,6,9,6-9 h,0.0,0.7688290212309257,0.0,0.0,NO ALERT,NO ALERT,20260706,00
Mizoram,Aizawl,6,9,6-9 h,0.0,0.35958444336345213,0.0,0.0,NO ALERT,NO ALERT,20260706,00
Mizoram,Champhai,6,9,6-9 h,0.0,0.393379226133291,0.0,0.0,NO ALERT,NO ALERT,20260706,00
Mizoram,Kolasib,6,9,6-9 h,0.0,0.8142673026091504,0.0,0.0,NO ALERT,NO ALERT,20260706,00
Mizoram,Lawngtlai,6,9,6-9 h,0.6875,0.3,0.20625,0.0,NO ALERT,NO ALERT,20260706,00
Mizoram,Lunglei,6,9,6-9 h,0.0,0.34255624595576245,0.0,0.0,NO ALERT,NO ALERT,20260706,00
Mizoram,Mamit,6,9,6-9 h,0.0,0.6080090530356378,0.0,0.0,NO ALERT,NO ALERT,20260706,00
Mizoram,Saiha,6,9,6-9 h,12.140625,0.3,3.6421875,0.0,NO ALERT,NO ALERT,20260706,00
Mizoram,Serchhip,6,9,6-9 h,0.0,0.3,0.0,0.0,NO ALERT,NO ALERT,20260706,00
Nagaland,Dimapur,6,9,6-9 h,2.4375,0.6956002689591826,1.6955256555880076,0.0,NO ALERT,NO ALERT,20260706,00
Nagaland,Kohima,6,9,6-9 h,1.3125,0.42200076411911747,0.5538760029063416,0.0,NO ALERT,NO ALERT,20260706,00
Nagaland,Mokokchung,6,9,6-9 h,0.0,0.6004559914526765,0.0,0.0,NO ALERT,NO ALERT,20260706,00
Nagaland,Mon,6,9,6-9 h,0.0,0.35697456601861516,0.0,0.0,NO ALERT,NO ALERT,20260706,00
Nagaland,Phek,6,9,6-9 h,0.734375,0.4705958392700629,0.3455938194639524,0.0,NO ALERT,NO ALERT,20260706,00
Nagaland,Tuensang,6,9,6-9 h,0.5892857313156128,0.307336347541769,0.18110892432102066,0.0,NO ALERT,NO ALERT,20260706,00
Nagaland,Wokha,6,9,6-9 h,0.0,0.9768878268305281,0.0,0.0,NO ALERT,NO ALERT,20260706,00
Nagaland,Zunheboto,6,9,6-9 h,0.0,0.3,0.0,0.0,NO ALERT,NO ALERT,20260706,00
Orissa,Angul,6,9,6-9 h,0.0,0.3,0.0,0.0,NO ALERT,NO ALERT,20260706,00
Orissa,Baleshwar,6,9,6-9 h,0.0,0.3,0.0,0.0,NO ALERT,NO ALERT,20260706,00
Orissa,Baragarh,6,9,6-9 h,1.875,0.3,0.5625,0.0,NO ALERT,NO ALERT,20260706,00
Orissa,Bhadrak,6,9,6-9 h,0.0,0.7178511116268625,0.0,0.0,NO ALERT,NO ALERT,20260706,00
Orissa,Bolangir,6,9,6-9 h,0.0,0.3,0.0,0.0,NO ALERT,NO ALERT,20260706,00
Orissa,Boudh,6,9,6-9 h,0.0,0.46951847237716815,0.0,0.0,NO ALERT,NO ALERT,20260706,00
Orissa,Cuttack,6,9,6-9 h,0.0,3.0,0.0,0.0,NO ALERT,NO ALERT,20260706,00
Orissa,Deogarh,6,9,6-9 h,0.0,0.5670237411043358,0.0,0.0,NO ALERT,NO ALERT,20260706,00
Orissa,Dhenkanal,6,9,6-9 h,0.02083333395421505,0.5066672121395331,0.010555567234154016,0.0,NO ALERT,NO ALERT,20260706,00
Orissa,Gajapati,6,9,6-9 h,0.109375,3.0,0.328125,0.0,NO ALERT,NO ALERT,20260706,00
Orissa,Ganjam,6,9,6-9 h,0.010416666977107525,3.0,0.031250000931322575,0.0,NO ALERT,NO ALERT,20260706,00
Orissa,Jagatsinghpur,6,9,6-9 h,0.0,1.2982877185824837,0.0,0.0,NO ALERT,NO ALERT,20260706,00
Orissa,Jajpur,6,9,6-9 h,0.0,1.0825360884765436,0.0,0.0,NO ALERT,NO ALERT,20260706,00
Orissa,Jharsuguda,6,9,6-9 h,5.40625,0.3,1.621875,0.0,NO ALERT,NO ALERT,20260706,00
Orissa,Kalahandi,6,9,6-9 h,0.0,0.796623750187142,0.0,0.0,NO ALERT,NO ALERT,20260706,00
Orissa,Kandhamal,6,9,6-9 h,0.0,1.1397211880580418,0.0,0.0,NO ALERT,NO ALERT,20260706,00
Orissa,Kendrapara,6,9,6-9 h,0.0,1.2406367579898423,0.0,0.0,NO ALERT,NO ALERT,20260706,00
Orissa,Keonjhar,6,9,6-9 h,0.0,0.3,0.0,0.0,NO ALERT,NO ALERT,20260706,00
Orissa,Khordha,6,9,6-9 h,0.0,3.0,0.0,0.0,NO ALERT,NO ALERT,20260706,00
Orissa,Koraput,6,9,6-9 h,0.005681818351149559,3.0,0.017045455053448677,0.0,NO ALERT,NO ALERT,20260706,00
Orissa,Malkangiri,6,9,6-9 h,0.140625,3.0,0.421875,0.0,NO ALERT,NO ALERT,20260706,00
Orissa,Mayurbhanj,6,9,6-9 h,0.0,0.6410187849222774,0.0,0.0,NO ALERT,NO ALERT,20260706,00
Orissa,Nabarangpur,6,9,6-9 h,0.0,0.9520565250907196,0.0,0.0,NO ALERT,NO ALERT,20260706,00
Orissa,Nayagarh,6,9,6-9 h,0.0,2.7627565849527578,0.0,0.0,NO ALERT,NO ALERT,20260706,00
Orissa,Nuapada,6,9,6-9 h,0.0,0.3,0.0,0.0,NO ALERT,NO ALERT,20260706,00
Orissa,Puri,6,9,6-9 h,0.0,1.1682139811417622,0.0,0.0,NO ALERT,NO ALERT,20260706,00
Orissa,Rayagada,6,9,6-9 h,0.0,3.0,0.0,0.0,NO ALERT,NO ALERT,20260706,00
Orissa,Sambalpur,6,9,6-9 h,0.0,0.3,0.0,0.0,NO ALERT,NO ALERT,20260706,00
Orissa,Sonepur,6,9,6-9 h,0.0,0.3,0.0,0.0,NO ALERT,NO ALERT,20260706,00
Orissa,Sundargarh,6,9,6-9 h,0.0,0.4166264730089146,0.0,0.0,NO ALERT,NO ALERT,20260706,00
Puducherry,Karaikal,6,9,6-9 h,0.0,1.0,0.0,0.0,NO ALERT,NO ALERT,20260706,00
Puducherry,Mahe,6,9,6-9 h,0.0,1.0,0.0,0.0,NO ALERT,NO ALERT,20260706,00
Puducherry,Puducherry,6,9,6-9 h,0.0,1.0,0.0,0.0,NO ALERT,NO ALERT,20260706,00
Puducherry,Yanam,6,9,6-9 h,0.0,1.0,0.0,0.0,NO ALERT,NO ALERT,20260706,00
Punjab,Amritsar,6,9,6-9 h,0.0,3.0,0.0,0.0,NO ALERT,NO ALERT,20260706,00
Punjab,Bathinda,6,9,6-9 h,0.0535714291036129,1.0063742042286778,0.05391290433354146,0.0,NO ALERT,NO ALERT,20260706,00
Punjab,Faridkot,6,9,6-9 h,0.0,1.8166795132507056,0.0,0.0,NO ALERT,NO ALERT,20260706,00
Punjab,Fatehgarh Sahib,6,9,6-9 h,0.0,0.7625669248111632,0.0,0.0,NO ALERT,NO ALERT,20260706,00
Punjab,Firozpur,6,9,6-9 h,0.0078125,3.0,0.0234375,0.0,NO ALERT,NO ALERT,20260706,00
Punjab,Gurdaspur,6,9,6-9 h,0.0,1.0172791491901219,0.0,0.0,NO ALERT,NO ALERT,20260706,00
Punjab,Hoshiarpur,6,9,6-9 h,0.0,1.1158502745357433,0.0,0.0,NO ALERT,NO ALERT,20260706,00
Punjab,Jalandhar,6,9,6-9 h,0.0,0.6683787736223664,0.0,0.0,NO ALERT,NO ALERT,20260706,00
Punjab,Kapurthala,6,9,6-9 h,0.0,0.8043488797650564,0.0,0.0,NO ALERT,NO ALERT,20260706,00
Punjab,Ludhiana,6,9,6-9 h,0.11249999701976776,0.6367384031963071,0.07163306846195623,0.0,NO ALERT,NO ALERT,20260706,00
Punjab,Mansa,6,9,6-9 h,0.21875,0.8554010609701591,0.1871189820872223,0.0,NO ALERT,NO ALERT,20260706,00
Punjab,Moga,6,9,6-9 h,0.09375,1.9260465396022144,0.18056686308770759,0.0,NO ALERT,NO ALERT,20260706,00
Punjab,Muktsar,6,9,6-9 h,0.0,1.6273890495298178,0.0,0.0,NO ALERT,NO ALERT,20260706,00
Punjab,Nawan Shehar,6,9,6-9 h,0.0,0.7376809676905092,0.0,0.0,NO ALERT,NO ALERT,20260706,00
Punjab,Patiala,6,9,6-9 h,0.02083333395421505,0.9906891001535867,0.02063935686830047,0.0,NO ALERT,NO ALERT,20260706,00
Punjab,Rupnagar,6,9,6-9 h,0.0,0.596268251978758,0.0,0.0,NO ALERT,NO ALERT,20260706,00
Punjab,Sangrur,6,9,6-9 h,0.3046875,0.6431007768751102,0.19594476795413515,0.0,NO ALERT,NO ALERT,20260706,00
Rajasthan,Ajmer,6,9,6-9 h,1.1208332777023315,0.5105660303364602,0.5722593972654827,0.0,NO ALERT,NO ALERT,20260706,00
Rajasthan,Alwar,6,9,6-9 h,0.1160714253783226,1.763920291704763,0.20474074251191843,0.0,NO ALERT,NO ALERT,20260706,00
Rajasthan,Banswara,6,9,6-9 h,1.8839285373687744,0.3,0.5651785612106323,0.0,NO ALERT,NO ALERT,20260706,00
Rajasthan,Baran,6,9,6-9 h,0.0,1.9242101184358293,0.0,0.0,NO ALERT,NO ALERT,20260706,00
Rajasthan,Barmer,6,9,6-9 h,0.0,0.9889290802263309,0.0,0.0,NO ALERT,NO ALERT,20260706,00
Rajasthan,Bharatpur,6,9,6-9 h,0.0,1.333984920453584,0.0,0.0,NO ALERT,NO ALERT,20260706,00
Rajasthan,Bhilwara,6,9,6-9 h,0.7276785969734192,0.3633962326272162,0.264435660703599,0.0,NO ALERT,NO ALERT,20260706,00
Rajasthan,Bikaner,6,9,6-9 h,0.02083333395421505,3.0,0.06250000186264515,0.0,NO ALERT,NO ALERT,20260706,00
Rajasthan,Bundi,6,9,6-9 h,0.7946428656578064,3.0,2.383928596973419,0.0,NO ALERT,NO ALERT,20260706,00
Rajasthan,Chittaurgarh,6,9,6-9 h,0.1696428507566452,0.3,0.05089285522699356,0.0,NO ALERT,NO ALERT,20260706,00
Rajasthan,Churu,6,9,6-9 h,0.36538460850715637,1.401563284200734,0.5121096518956895,0.0,NO ALERT,NO ALERT,20260706,00
Rajasthan,Dausa,6,9,6-9 h,0.010416666977107525,2.1134477396397804,0.022015081277348244,0.0,NO ALERT,NO ALERT,20260706,00
Rajasthan,Dhaulpur,6,9,6-9 h,0.0,3.0,0.0,0.0,NO ALERT,NO ALERT,20260706,00
Rajasthan,Dungarpur,6,9,6-9 h,0.08749999850988388,0.3,0.026249999552965163,0.0,NO ALERT,NO ALERT,20260706,00
Rajasthan,Ganganagar,6,9,6-9 h,0.0,1.0,0.0,0.0,NO ALERT,NO ALERT,20260706,00
Rajasthan,Hanumangarh,6,9,6-9 h,0.1339285671710968,1.571559761267069,0.21047674705024952,0.0,NO ALERT,NO ALERT,20260706,00
Rajasthan,Jaipur,6,9,6-9 h,0.47083333134651184,2.075984689161689,0.977442787022351,0.0,NO ALERT,NO ALERT,20260706,00
Rajasthan,Jaisalmer,6,9,6-9 h,0.0,1.0,0.0,0.0,NO ALERT,NO ALERT,20260706,00
Rajasthan,Jalor,6,9,6-9 h,0.00390625,0.3,0.001171875,0.0,NO ALERT,NO ALERT,20260706,00
Rajasthan,Jhalawar,6,9,6-9 h,0.0,0.5632776631707748,0.0,0.0,NO ALERT,NO ALERT,20260706,00
Rajasthan,Jhunjhunun,6,9,6-9 h,0.7734375,1.2604511264027094,0.9748801680770955,0.0,NO ALERT,NO ALERT,20260706,00
Rajasthan,Jodhpur,6,9,6-9 h,0.04411764815449715,0.8001683993228174,0.03530154790567123,0.0,NO ALERT,NO ALERT,20260706,00
Rajasthan,Tonk,6,9,6-9 h,0.3333333432674408,3.0,1.0000000298023224,0.0,NO ALERT,NO ALERT,20260706,00
Rajasthan,Udaipur,6,9,6-9 h,1.2291666269302368,0.3,0.36874998807907106,0.0,NO ALERT,NO ALERT,20260706,00
Sikkim,East,6,9,6-9 h,0.5625,2.23108818195037,1.254987102347083,0.0,NO ALERT,NO ALERT,20260706,00
Sikkim,North Sikkim,6,9,6-9 h,0.8303571343421936,2.347754056512395,1.9494743305058926,0.0,NO ALERT,NO ALERT,20260706,00
Sikkim,South Sikkim,6,9,6-9 h,0.0,1.0,0.0,0.0,NO ALERT,NO ALERT,20260706,00
Sikkim,West Sikkim,6,9,6-9 h,0.03125,3.0,0.09375,0.0,NO ALERT,NO ALERT,20260706,00
Tamil Nadu,Ariyalur,6,9,6-9 h,0.0,1.0,0.0,0.0,NO ALERT,NO ALERT,20260706,00
Tamil Nadu,Chennai,6,9,6-9 h,0.0,1.0,0.0,0.0,NO ALERT,NO ALERT,20260706,00
Tamil Nadu,Coimbatore,6,9,6-9 h,0.0520833320915699,3.0,0.1562499962747097,0.0,NO ALERT,NO ALERT,20260706,00
Tamil Nadu,Cuddalore,6,9,6-9 h,0.0,1.0,0.0,0.0,NO ALERT,NO ALERT,20260706,00
Tamil Nadu,Dharmapuri,6,9,6-9 h,0.0,1.0,0.0,0.0,NO ALERT,NO ALERT,20260706,00
Tamil Nadu,Dindigul,6,9,6-9 h,0.0,1.0,0.0,0.0,NO ALERT,NO ALERT,20260706,00
Tamil Nadu,Erode,6,9,6-9 h,0.0,1.0,0.0,0.0,NO ALERT,NO ALERT,20260706,00
Tamil Nadu,Kancheepuram,6,9,6-9 h,0.0,1.0,0.0,0.0,NO ALERT,NO ALERT,20260706,00
Tamil Nadu,Kanniyakumari,6,9,6-9 h,0.0,2.3327618361136246,0.0,0.0,NO ALERT,NO ALERT,20260706,00
Tamil Nadu,Karur,6,9,6-9 h,0.0,1.0,0.0,0.0,NO ALERT,NO ALERT,20260706,00
Tamil Nadu,Sivaganga,6,9,6-9 h,0.0,1.0,0.0,0.0,NO ALERT,NO ALERT,20260706,00
Tamil Nadu,Thanjavur,6,9,6-9 h,0.0,1.0,0.0,0.0,NO ALERT,NO ALERT,20260706,00
Tamil Nadu,Theni,6,9,6-9 h,0.015625,3.0,0.046875,0.0,NO ALERT,NO ALERT,20260706,00
Tamil Nadu,Thiruvallur,6,9,6-9 h,0.0,1.0,0.0,0.0,NO ALERT,NO ALERT,20260706,00
Tamil Nadu,Thiruvarur,6,9,6-9 h,0.0,3.0,0.0,0.0,NO ALERT,NO ALERT,20260706,00
Tamil Nadu,Thoothukudi,6,9,6-9 h,0.0,1.0,0.0,0.0,NO ALERT,NO ALERT,20260706,00
Tamil Nadu,Tiruchchirappalli,6,9,6-9 h,0.0,1.0,0.0,0.0,NO ALERT,NO ALERT,20260706,00
Tamil Nadu,Tirunelveli Kattabo,6,9,6-9 h,0.0,3.0,0.0,0.0,NO ALERT,NO ALERT,20260706,00
Tamil Nadu,Tiruvannamalai,6,9,6-9 h,0.0,1.0,0.0,0.0,NO ALERT,NO ALERT,20260706,00
Tamil Nadu,Vellore,6,9,6-9 h,0.0,1.0,0.0,0.0,NO ALERT,NO ALERT,20260706,00
Tamil Nadu,Villupuram,6,9,6-9 h,0.0,1.0,0.0,0.0,NO ALERT,NO ALERT,20260706,00
Tamil Nadu,Virudhunagar,6,9,6-9 h,0.0,1.0,0.0,0.0,NO ALERT,NO ALERT,20260706,00
Tripura,Dhalai,6,9,6-9 h,0.0,2.7728682543513306,0.0,0.0,NO ALERT,NO ALERT,20260706,00
Tripura,North Tripura,6,9,6-9 h,0.0,1.8373519402302907,0.0,0.0,NO ALERT,NO ALERT,20260706,00
Tripura,South Tripura,6,9,6-9 h,0.328125,0.6883313005588784,0.22585870799588195,0.0,NO ALERT,NO ALERT,20260706,00
Tripura,West Tripura,6,9,6-9 h,0.0729166641831398,1.2952968876484479,0.09444872817412804,0.0,NO ALERT,NO ALERT,20260706,00
Uttar Pradesh,Agra,6,9,6-9 h,0.0,1.0983193107761748,0.0,0.0,NO ALERT,NO ALERT,20260706,00
Uttar Pradesh,Aligarh,6,9,6-9 h,0.0,0.8798559857902731,0.0,0.0,NO ALERT,NO ALERT,20260706,00
Uttar Pradesh,Allahabad,6,9,6-9 h,0.0714285746216774,0.3288936598778827,0.02349240532718393,0.0,NO ALERT,NO ALERT,20260706,00
Uttar Pradesh,Ambedkar Nagar,6,9,6-9 h,0.0,3.0,0.0,0.0,NO ALERT,NO ALERT,20260706,00
Uttar Pradesh,Auraiya,6,9,6-9 h,0.0833333358168602,3.0,0.2500000074505806,0.0,NO ALERT,NO ALERT,20260706,00
Uttar Pradesh,Azamgarh,6,9,6-9 h,0.0,3.0,0.0,0.0,NO ALERT,NO ALERT,20260706,00
Uttar Pradesh,Badaun,6,9,6-9 h,0.1160714253783226,2.287464070059984,0.2655092151135615,0.0,NO ALERT,NO ALERT,20260706,00
Uttar Pradesh,Baghpat,6,9,6-9 h,0.0,0.8822997668421744,0.0,0.0,NO ALERT,NO ALERT,20260706,00
Uttar Pradesh,Bahraich,6,9,6-9 h,0.1979166716337204,3.0,0.5937500149011612,0.0,NO ALERT,NO ALERT,20260706,00
Uttar Pradesh,Ballia,6,9,6-9 h,0.0,0.782997505218471,0.0,0.0,NO ALERT,NO ALERT,20260706,00
Uttar Pradesh,Balrampur,6,9,6-9 h,0.7291666865348816,2.137629415780145,1.558688158143903,0.0,NO ALERT,NO ALERT,20260706,00
Uttar Pradesh,Banda,6,9,6-9 h,0.1354166716337204,2.6135166709781106,0.35391372884309685,0.0,NO ALERT,NO ALERT,20260706,00
Uttar Pradesh,Bara Banki,6,9,6-9 h,0.0416666679084301,3.0,0.1250000037252903,0.0,NO ALERT,NO ALERT,20260706,00
Uttar Pradesh,Bareilly,6,9,6-9 h,0.10000000149011612,2.898412958300566,0.2898413001490285,0.0,NO ALERT,NO ALERT,20260706,00
Uttar Pradesh,Basti,6,9,6-9 h,0.0,2.3821490387413156,0.0,0.0,NO ALERT,NO ALERT,20260706,00
Uttar Pradesh,Bijnor,6,9,6-9 h,0.0,3.0,0.0,0.0,NO ALERT,NO ALERT,20260706,00
Uttar Pradesh,Bulandshahr,6,9,6-9 h,0.0,1.5919798836936727,0.0,0.0,NO ALERT,NO ALERT,20260706,00
Uttar Pradesh,Chandauli,6,9,6-9 h,0.0,0.38773924304590257,0.0,0.0,NO ALERT,NO ALERT,20260706,00
Uttar Pradesh,Chitrakoot,6,9,6-9 h,0.11249999701976776,0.562270950669591,0.06325548027463097,0.0,NO ALERT,NO ALERT,20260706,00
Uttar Pradesh,Deoria,6,9,6-9 h,0.0,3.0,0.0,0.0,NO ALERT,NO ALERT,20260706,00
Uttar Pradesh,Etah,6,9,6-9 h,0.015625,2.067726013381379,0.03230821895908405,0.0,NO ALERT,NO ALERT,20260706,00
Uttar Pradesh,Etawah,6,9,6-9 h,0.0625,3.0,0.1875,0.0,NO ALERT,NO ALERT,20260706,00
Uttar Pradesh,Faizabad,6,9,6-9 h,0.0,3.0,0.0,0.0,NO ALERT,NO ALERT,20260706,00
Uttar Pradesh,Farrukhabad,6,9,6-9 h,0.0,3.0,0.0,0.0,NO ALERT,NO ALERT,20260706,00
Uttar Pradesh,Fatehpur,6,9,6-9 h,0.1160714253783226,1.2397823009215974,0.1439032988267863,0.0,NO ALERT,NO ALERT,20260706,00
Uttar Pradesh,Firozabad,6,9,6-9 h,0.0,1.3721040668065834,0.0,0.0,NO ALERT,NO ALERT,20260706,00
Uttar Pradesh,Gautam Buddha Nagar,6,9,6-9 h,0.0,0.5126294703835742,0.0,0.0,NO ALERT,NO ALERT,20260706,00
Uttar Pradesh,Ghaziabad,6,9,6-9 h,0.0,0.6195152102740974,0.0,0.0,NO ALERT,NO ALERT,20260706,00
Uttar Pradesh,Ghazipur,6,9,6-9 h,0.0,0.9133276607025872,0.0,0.0,NO ALERT,NO ALERT,20260706,00
Uttar Pradesh,Gonda,6,9,6-9 h,0.0982142835855484,3.0,0.2946428507566452,0.0,NO ALERT,NO ALERT,20260706,00
Uttar Pradesh,Gorakhpur,6,9,6-9 h,0.0,3.0,0.0,0.0,NO ALERT,NO ALERT,20260706,00
Uttar Pradesh,Hamirpur,6,9,6-9 h,0.01785714365541935,1.0,0.01785714365541935,0.0,NO ALERT,NO ALERT,20260706,00
Uttar Pradesh,Hardoi,6,9,6-9 h,0.1805555522441864,3.0,0.5416666567325592,0.0,NO ALERT,NO ALERT,20260706,00
Uttar Pradesh,Hathras,6,9,6-9 h,0.0,0.6899235208352951,0.0,0.0,NO ALERT,NO ALERT,20260706,00
Uttar Pradesh,Jalaun,6,9,6-9 h,0.0,1.0,0.0,0.0,NO ALERT,NO ALERT,20260706,00
Uttar Pradesh,Jaunpur,6,9,6-9 h,0.0,1.4820370115645944,0.0,0.0,NO ALERT,NO ALERT,20260706,00
Uttar Pradesh,Jhansi,6,9,6-9 h,0.0,1.0,0.0,0.0,NO ALERT,NO ALERT,20260706,00
Uttar Pradesh,Jyotiba Phule Nagar,6,9,6-9 h,0.0,2.7207409304746526,0.0,0.0,NO ALERT,NO ALERT,20260706,00
Uttar Pradesh,Kannauj,6,9,6-9 h,0.03125,1.0,0.03125,0.0,NO ALERT,NO ALERT,20260706,00
Uttar Pradesh,Kanpur,6,9,6-9 h,0.0,3.0,0.0,0.0,NO ALERT,NO ALERT,20260706,00
Uttar Pradesh,Kanpur Dehat,6,9,6-9 h,0.008928571827709675,1.0,0.008928571827709675,0.0,NO ALERT,NO ALERT,20260706,00
Uttar Pradesh,Kaushambi,6,9,6-9 h,0.25,0.8478967173116988,0.2119741793279247,0.0,NO ALERT,NO ALERT,20260706,00
Uttar Pradesh,Kushinagar,6,9,6-9 h,0.0,3.0,0.0,0.0,NO ALERT,NO ALERT,20260706,00
Uttar Pradesh,Lakhimpur Kheri,6,9,6-9 h,0.0625,3.0,0.1875,0.0,NO ALERT,NO ALERT,20260706,00
Uttar Pradesh,Lalitpur,6,9,6-9 h,0.03125,2.6401848571460835,0.08250577678581511,0.0,NO ALERT,NO ALERT,20260706,00
Uttar Pradesh,Lucknow,6,9,6-9 h,0.015625,2.284626632442603,0.03569729113191567,0.0,NO ALERT,NO ALERT,20260706,00
Uttar Pradesh,Maharajganj,6,9,6-9 h,0.0,1.0,0.0,0.0,NO ALERT,NO ALERT,20260706,00
Uttar Pradesh,Mahoba,6,9,6-9 h,0.02083333395421505,1.0,0.02083333395421505,0.0,NO ALERT,NO ALERT,20260706,00
Uttar Pradesh,Mainpuri,6,9,6-9 h,0.0,2.6323788094303384,0.0,0.0,NO ALERT,NO ALERT,20260706,00
Uttar Pradesh,Mathura,6,9,6-9 h,0.0,0.7910712809124609,0.0,0.0,NO ALERT,NO ALERT,20260706,00
Uttar Pradesh,Mau,6,9,6-9 h,0.0,1.9114426031786989,0.0,0.0,NO ALERT,NO ALERT,20260706,00
Uttar Pradesh,Meerut,6,9,6-9 h,0.0,0.9643158928227719,0.0,0.0,NO ALERT,NO ALERT,20260706,00
Uttar Pradesh,Mirzapur,6,9,6-9 h,0.0,0.35710016022873065,0.0,0.0,NO ALERT,NO ALERT,20260706,00
Uttar Pradesh,Moradabad,6,9,6-9 h,0.0833333358168602,1.91329315618519,0.1594411011004808,0.0,NO ALERT,NO ALERT,20260706,00
Uttar Pradesh,Muzaffarnagar,6,9,6-9 h,0.0,1.0943905970571934,0.0,0.0,NO ALERT,NO ALERT,20260706,00
Uttar Pradesh,Pilibhit,6,9,6-9 h,0.0,3.0,0.0,0.0,NO ALERT,NO ALERT,20260706,00
Uttar Pradesh,Pratapgarh,6,9,6-9 h,0.0520833320915699,1.7597048613363788,0.09165129267613258,0.0,NO ALERT,NO ALERT,20260706,00
Uttar Pradesh,Rae Bareli,6,9,6-9 h,0.0390625,1.1033504252204083,0.043099625985172196,0.0,NO ALERT,NO ALERT,20260706,00
Uttar Pradesh,Rampur,6,9,6-9 h,0.109375,3.0,0.328125,0.0,NO ALERT,NO ALERT,20260706,00
Uttar Pradesh,Saharanpur,6,9,6-9 h,0.0,1.2072077539321737,0.0,0.0,NO ALERT,NO ALERT,20260706,00
Uttar Pradesh,Sant Kabir Nagar,6,9,6-9 h,0.0,3.0,0.0,0.0,NO ALERT,NO ALERT,20260706,00
Uttar Pradesh,Sant Ravi Das Nagar,6,9,6-9 h,0.0,0.7357740655714142,0.0,0.0,NO ALERT,NO ALERT,20260706,00
Uttar Pradesh,Shahjahanpur,6,9,6-9 h,0.015625,3.0,0.046875,0.0,NO ALERT,NO ALERT,20260706,00
Uttar Pradesh,Shravasti,6,9,6-9 h,0.359375,3.0,1.078125,0.0,NO ALERT,NO ALERT,20260706,00
Uttar Pradesh,Siddharth Nagar,6,9,6-9 h,0.34375,3.0,1.03125,0.0,NO ALERT,NO ALERT,20260706,00
Uttar Pradesh,Sitapur,6,9,6-9 h,0.4027777910232544,3.0,1.2083333730697632,0.0,NO ALERT,NO ALERT,20260706,00
Uttar Pradesh,Sonbhadra,6,9,6-9 h,0.0625,0.36184466178439245,0.022615291361524528,0.0,NO ALERT,NO ALERT,20260706,00
Uttar Pradesh,Sultanpur,6,9,6-9 h,0.0,3.0,0.0,0.0,NO ALERT,NO ALERT,20260706,00
Uttar Pradesh,Unnao,6,9,6-9 h,0.0520833320915699,2.072396332849315,0.10793730642914251,0.0,NO ALERT,NO ALERT,20260706,00
Uttar Pradesh,Varanasi,6,9,6-9 h,0.0,0.7173701896151363,0.0,0.0,NO ALERT,NO ALERT,20260706,00
Uttaranchal,Almora,6,9,6-9 h,0.0,0.9821425065093953,0.0,0.0,NO ALERT,NO ALERT,20260706,00
Uttaranchal,Bageshwar,6,9,6-9 h,0.0,1.1747002010493959,0.0,0.0,NO ALERT,NO ALERT,20260706,00
Uttaranchal,Chamoli,6,9,6-9 h,0.21875,0.9639619688833851,0.2108666806932405,0.0,NO ALERT,NO ALERT,20260706,00
Uttaranchal,Champawat,6,9,6-9 h,2.28125,1.3345860907380185,3.044524519496105,0.0,NO ALERT,NO ALERT,20260706,00
Uttaranchal,Dehra Dun,6,9,6-9 h,0.96875,0.6132870486378237,0.5941218283678917,0.0,NO ALERT,NO ALERT,20260706,00
Uttaranchal,Haridwar,6,9,6-9 h,0.0,3.0,0.0,0.0,NO ALERT,NO ALERT,20260706,00
Uttaranchal,Naini Tal,6,9,6-9 h,0.2291666716337204,3.0,0.6875000149011612,0.0,NO ALERT,NO ALERT,20260706,00
Uttaranchal,Pauri Garhwal,6,9,6-9 h,0.02083333395421505,0.6525376956382899,0.013594535730946431,0.0,NO ALERT,NO ALERT,20260706,00
Uttaranchal,Pithoragarh,6,9,6-9 h,0.0,1.4492140668178521,0.0,0.0,NO ALERT,NO ALERT,20260706,00
Uttaranchal,Rudra Prayag,6,9,6-9 h,1.0625,0.4569764664782921,0.4855374956331854,0.0,NO ALERT,NO ALERT,20260706,00
Uttaranchal,Tehri Garhwal,6,9,6-9 h,0.2291666716337204,0.43032490849803356,0.09861612700157964,0.0,NO ALERT,NO ALERT,20260706,00
Uttaranchal,Udham Singh Nagar,6,9,6-9 h,0.2604166567325592,3.0,0.7812499701976776,0.0,NO ALERT,NO ALERT,20260706,00
Uttaranchal,Uttarkashi,6,9,6-9 h,0.984375,0.5922627381468989,0.5830086328633536,0.0,NO ALERT,NO ALERT,20260706,00
West Bengal,Bankura,6,9,6-9 h,0.005681818351149559,0.8139789747747026,0.004624880676324809,0.0,NO ALERT,NO ALERT,20260706,00
West Bengal,Barddhaman,6,9,6-9 h,0.0,0.574892656930282,0.0,0.0,NO ALERT,NO ALERT,20260706,00
West Bengal,Birbhum,6,9,6-9 h,0.0,0.5294498373329074,0.0,0.0,NO ALERT,NO ALERT,20260706,00
West Bengal,Dakshin Dinajpur,6,9,6-9 h,0.0,3.0,0.0,0.0,NO ALERT,NO ALERT,20260706,00
West Bengal,Darjiling,6,9,6-9 h,0.0,0.7026692764985678,0.0,0.0,NO ALERT,NO ALERT,20260706,00
West Bengal,East Midnapore,6,9,6-9 h,0.0,0.8881573288438509,0.0,0.0,NO ALERT,NO ALERT,20260706,00
West Bengal,Haora,6,9,6-9 h,0.0,1.2481811405444279,0.0,0.0,NO ALERT,NO ALERT,20260706,00
West Bengal,Hugli,6,9,6-9 h,0.0,0.8639513302480973,0.0,0.0,NO ALERT,NO ALERT,20260706,00
West Bengal,Jalpaiguri,6,9,6-9 h,0.0416666679084301,0.4477323529410921,0.0186555152618565,0.0,NO ALERT,NO ALERT,20260706,00
West Bengal,Kochbihar,6,9,6-9 h,0.0,0.4180542781060552,0.0,0.0,NO ALERT,NO ALERT,20260706,00
West Bengal,Kolkata,6,9,6-9 h,0.0,1.0,0.0,0.0,NO ALERT,NO ALERT,20260706,00
West Bengal,Maldah,6,9,6-9 h,0.02500000037252903,1.8447625989600538,0.04611906566122897,0.0,NO ALERT,NO ALERT,20260706,00
West Bengal,Murshidabad,6,9,6-9 h,1.2916666269302368,0.5481165988025845,0.7079839183398081,0.0,NO ALERT,NO ALERT,20260706,00
West Bengal,Nadia,6,9,6-9 h,0.625,0.5519673667157511,0.3449796041973444,0.0,NO ALERT,NO ALERT,20260706,00
West Bengal,North 24 Parganas,6,9,6-9 h,0.0,0.5171853011924324,0.0,0.0,NO ALERT,NO ALERT,20260706,00
West Bengal,Puruliya,6,9,6-9 h,0.3680555522441864,0.5083553982476996,0.18710302683837038,0.0,NO ALERT,NO ALERT,20260706,00
West Bengal,South 24 Parganas,6,9,6-9 h,0.0,0.39550141013305273,0.0,0.0,NO ALERT,NO ALERT,20260706,00
West Bengal,Uttar Dinajpur,6,9,6-9 h,0.0,0.7118445881113709,0.0,0.0,NO ALERT,NO ALERT,20260706,00
West Bengal,West Midnapore,6,9,6-9 h,0.0,1.4849613290035115,0.0,0.0,NO ALERT,NO ALERT,20260706,00
Arunachal Pradesh,Papum Pare,9,12,9-12 h,1.625,0.9533183125255726,1.5491422578540555,0.0,NO ALERT,NO ALERT,20260706,00
Arunachal Pradesh,Tawang,9,12,9-12 h,1.1124999523162842,1.1388765971638852,1.2670001600389542,0.0,NO ALERT,NO ALERT,20260706,00
Arunachal Pradesh,Tirap,9,12,9-12 h,4.546875,0.3651383081547162,1.6602382448909752,0.0,NO ALERT,NO ALERT,20260706,00
Arunachal Pradesh,Upper Dibang Valley,9,12,9-12 h,1.1761363744735718,1.028310112978305,1.2094329281128127,0.0,NO ALERT,NO ALERT,20260706,00
Arunachal Pradesh,Upper Siang,9,12,9-12 h,1.0555555820465088,1.2039424484099477,1.2708281718818613,0.0,NO ALERT,NO ALERT,20260706,00
Arunachal Pradesh,Upper Subansiri,9,12,9-12 h,2.203125,0.5158400571515395,1.1364601259119853,0.0,NO ALERT,NO ALERT,20260706,00
Arunachal Pradesh,West Kameng,9,12,9-12 h,1.1818181276321411,0.6603703450016216,0.7804376446736075,0.0,NO ALERT,NO ALERT,20260706,00
Arunachal Pradesh,West Siang,9,12,9-12 h,2.2443182468414307,0.797134356200177,1.7890231808042538,0.0,NO ALERT,NO ALERT,20260706,00
Assam,Barpeta,9,12,9-12 h,0.75,0.6024484372218926,0.4518363279164194,0.0,NO ALERT,NO ALERT,20260706,00
Assam,Bongaigaon,9,12,9-12 h,2.28125,0.46296589037388325,1.0561409374154211,0.0,NO ALERT,NO ALERT,20260706,00
Assam,Cachar,9,12,9-12 h,3.5,0.5608794743553766,1.9630781602438179,0.0,NO ALERT,NO ALERT,20260706,00
Assam,Darrang,9,12,9-12 h,1.087499976158142,0.3,0.3262499928474426,0.0,NO ALERT,NO ALERT,20260706,00
Assam,Dhemaji,9,12,9-12 h,5.328125,0.3,1.5984375,0.0,NO ALERT,NO ALERT,20260706,00
Assam,Dhuburi,9,12,9-12 h,0.421875,0.32508121737137274,0.1371436385785479,0.0,NO ALERT,NO ALERT,20260706,00
Assam,Dibrugarh,9,12,9-12 h,5.3125,0.3174379415214978,1.686389064332957,0.0,NO ALERT,NO ALERT,20260706,00
Assam,Goalpara,9,12,9-12 h,0.8125,0.35666832552213257,0.2897930144867327,0.0,NO ALERT,NO ALERT,20260706,00
Assam,Golaghat,9,12,9-12 h,2.0250000953674316,1.2381989938745952,2.507353080679913,0.0,NO ALERT,NO ALERT,20260706,00
Assam,Hailakandi,9,12,9-12 h,2.09375,0.8229121215241156,1.722972254441117,0.0,NO ALERT,NO ALERT,20260706,00
Assam,Jorhat,9,12,9-12 h,2.8541667461395264,0.6894283364621259,1.9677434317764924,0.0,NO ALERT,NO ALERT,20260706,00
Assam,Kamrup,9,12,9-12 h,2.59375,0.3664044900075036,0.9503616459569624,0.0,NO ALERT,NO ALERT,20260706,00
Assam,Karbi Anglong,9,12,9-12 h,2.371527671813965,0.4270362077260787,1.0127281834888922,0.0,NO ALERT,NO ALERT,20260706,00
Assam,Karimganj,9,12,9-12 h,2.9375,0.6822626455335654,2.0041465212548486,0.0,NO ALERT,NO ALERT,20260706,00
Assam,Kokrajhar,9,12,9-12 h,3.4375,0.37030806257959376,1.2729339651173535,0.0,NO ALERT,NO ALERT,20260706,00
Assam,Lakhimpur,9,12,9-12 h,0.53125,0.8540887789555129,0.45373466382011624,0.0,NO ALERT,NO ALERT,20260706,00
Assam,Marigaon,9,12,9-12 h,2.4375,0.3,0.73125,0.0,NO ALERT,NO ALERT,20260706,00
Assam,Nagaon,9,12,9-12 h,2.25,0.38673451003625536,0.8701526475815746,0.0,NO ALERT,NO ALERT,20260706,00
Assam,Nalbari,9,12,9-12 h,0.5416666865348816,0.5554100332386462,0.300847112372606,0.0,NO ALERT,NO ALERT,20260706,00
Assam,North Cachar Hills,9,12,9-12 h,0.8214285969734192,1.1126078231817818,0.913927883177861,0.0,NO ALERT,NO ALERT,20260706,00
Assam,Sibsagar,9,12,9-12 h,3.7916667461395264,0.6339424569321858,2.4036985329157576,0.0,NO ALERT,NO ALERT,20260706,00
Assam,Sonitpur,9,12,9-12 h,0.800000011920929,0.3,0.24000000357627868,0.0,NO ALERT,NO ALERT,20260706,00
Assam,Tinsukia,9,12,9-12 h,3.174999952316284,0.3,0.9524999856948853,0.0,NO ALERT,NO ALERT,20260706,00
Bihar,Araria,9,12,9-12 h,0.046875,0.5229429825116881,0.024512952305235383,0.0,NO ALERT,NO ALERT,20260706,00
Bihar,Aurangabad,9,12,9-12 h,0.6458333134651184,0.35000296398043534,0.22604357395009705,0.0,NO ALERT,NO ALERT,20260706,00
Bihar,Banka,9,12,9-12 h,1.03125,0.7184756982670082,0.7409280638378521,0.0,NO ALERT,NO ALERT,20260706,00
Bihar,Begusarai,9,12,9-12 h,0.3125,2.5062878804279856,0.7832149626337455,0.0,NO ALERT,NO ALERT,20260706,00
Bihar,Bhabua,9,12,9-12 h,0.5,0.3407437709399486,0.1703718854699743,0.0,NO ALERT,NO ALERT,20260706,00
Bihar,Bhagalpur,9,12,9-12 h,1.0,1.0689963787452375,1.0689963787452375,0.0,NO ALERT,NO ALERT,20260706,00
Bihar,Bhojpur,9,12,9-12 h,0.46875,0.4776323743598687,0.22389017548118845,0.0,NO ALERT,NO ALERT,20260706,00
Bihar,Buxar,9,12,9-12 h,0.5,0.8075695227139618,0.4037847613569809,0.0,NO ALERT,NO ALERT,20260706,00
Bihar,Darbhanga,9,12,9-12 h,0.015625,3.0,0.046875,0.0,NO ALERT,NO ALERT,20260706,00
Bihar,Gaya,9,12,9-12 h,1.6062500476837158,0.363978205648116,0.5846400101781196,0.0,NO ALERT,NO ALERT,20260706,00
Bihar,Gopalganj,9,12,9-12 h,0.046875,2.547002946333611,0.11939076310938801,0.0,NO ALERT,NO ALERT,20260706,00
Bihar,Jamui,9,12,9-12 h,0.8125,0.6349210991185491,0.5158733930338212,0.0,NO ALERT,NO ALERT,20260706,00
Bihar,Jehanabad,9,12,9-12 h,0.375,0.5056413165810456,0.1896154937178921,0.0,NO ALERT,NO ALERT,20260706,00
Bihar,Katihar,9,12,9-12 h,1.2625000476837158,1.607854247376458,2.0299160639812435,0.0,NO ALERT,NO ALERT,20260706,00
Bihar,Khagaria,9,12,9-12 h,0.34375,1.903639559935811,0.654376098727935,0.0,NO ALERT,NO ALERT,20260706,00
Bihar,Kishanganj,9,12,9-12 h,0.4375,0.5333674240043547,0.23334824800190518,0.0,NO ALERT,NO ALERT,20260706,00
Bihar,Lakhisarai,9,12,9-12 h,0.5416666865348816,1.0458318462971934,0.5664922708564584,0.0,NO ALERT,NO ALERT,20260706,00
Bihar,Madhepura,9,12,9-12 h,0.171875,1.1618894539535725,0.19969974989827027,0.0,NO ALERT,NO ALERT,20260706,00
Bihar,Madhubani,9,12,9-12 h,0.0,1.4408870594945968,0.0,0.0,NO ALERT,NO ALERT,20260706,00
Bihar,Munger,9,12,9-12 h,0.78125,1.0672109647237193,0.8337585661904058,0.0,NO ALERT,NO ALERT,20260706,00
Bihar,Muzaffarpur,9,12,9-12 h,0.078125,2.179447337729882,0.17026932326014704,0.0,NO ALERT,NO ALERT,20260706,00
Bihar,Nalanda,9,12,9-12 h,0.3125,1.0296407182961889,0.32176272446755905,0.0,NO ALERT,NO ALERT,20260706,00
Bihar,Nawada,9,12,9-12 h,0.8125,0.4708261828175211,0.38254627353923587,0.0,NO ALERT,NO ALERT,20260706,00
Bihar,Pashchim Champaran,9,12,9-12 h,0.0390625,2.3983339096854386,0.09368491834708745,0.0,NO ALERT,NO ALERT,20260706,00
Bihar,Patna,9,12,9-12 h,0.453125,0.8338239891381003,0.3778264950782017,0.0,NO ALERT,NO ALERT,20260706,00
Bihar,Purba Champaran,9,12,9-12 h,0.0,3.0,0.0,0.0,NO ALERT,NO ALERT,20260706,00
Bihar,Purnia,9,12,9-12 h,0.5416666865348816,0.5942910400177946,0.32190765848380753,0.0,NO ALERT,NO ALERT,20260706,00
Bihar,Rohtas,9,12,9-12 h,0.7749999761581421,0.33297800858631404,0.258057948715579,0.0,NO ALERT,NO ALERT,20260706,00
Bihar,Saharsa,9,12,9-12 h,0.0625,2.0970945990316596,0.13106841243947873,0.0,NO ALERT,NO ALERT,20260706,00
Bihar,Samastipur,9,12,9-12 h,0.296875,2.7195437456214746,0.8073645494813753,0.0,NO ALERT,NO ALERT,20260706,00
Bihar,Saran,9,12,9-12 h,0.17499999701976776,0.9861629519125841,0.1725785136457076,0.0,NO ALERT,NO ALERT,20260706,00
Bihar,Sheikhpura,9,12,9-12 h,0.34375,0.7062180227612795,0.24276244532418984,0.0,NO ALERT,NO ALERT,20260706,00
Bihar,Sheohar,9,12,9-12 h,0.0,1.0,0.0,0.0,NO ALERT,NO ALERT,20260706,00
Madhya Pradesh,Tikamgarh,9,12,9-12 h,0.2321428507566452,3.0,0.6964285522699356,0.0,NO ALERT,NO ALERT,20260706,00
Madhya Pradesh,Ujjain,9,12,9-12 h,2.357142925262451,0.3,0.7071428775787353,0.0,NO ALERT,NO ALERT,20260706,00
Madhya Pradesh,Umaria,9,12,9-12 h,6.614583492279053,0.3,1.9843750476837156,0.0,NO ALERT,NO ALERT,20260706,00
Madhya Pradesh,Vidisha,9,12,9-12 h,0.0069444444961845875,0.41390940472058413,0.0028743708875308993,0.0,NO ALERT,NO ALERT,20260706,00
Madhya Pradesh,West Nimar,9,12,9-12 h,1.756250023841858,0.44485233351497017,0.7812719213417725,0.0,NO ALERT,NO ALERT,20260706,00
Maharashtra,Ahmednagar,9,12,9-12 h,0.9970238208770752,0.3,0.29910714626312257,0.0,NO ALERT,NO ALERT,20260706,00
Maharashtra,Akola,9,12,9-12 h,2.8828125,0.6882367881901188,1.9840576159543268,0.0,NO ALERT,NO ALERT,20260706,00
Maharashtra,Amravati,9,12,9-12 h,1.2890625,0.9339314439149177,1.2038960019215736,0.0,NO ALERT,NO ALERT,20260706,00
Maharashtra,Aurangabad,9,12,9-12 h,0.0833333358168602,0.5067375479619736,0.04222813025532744,0.0,NO ALERT,NO ALERT,20260706,00
Maharashtra,Bhandara,9,12,9-12 h,2.7083332538604736,0.44561608275608444,1.2068768553833442,0.0,NO ALERT,NO ALERT,20260706,00
Maharashtra,Bid,9,12,9-12 h,0.8666666746139526,0.6836711063440929,0.5925149642648769,0.0,NO ALERT,NO ALERT,20260706,00
Maharashtra,Buldana,9,12,9-12 h,0.6105769276618958,1.3375042100354553,0.8166492112982991,0.0,NO ALERT,NO ALERT,20260706,00
Maharashtra,Chandrapur,9,12,9-12 h,0.1205357164144516,1.3798679824200135,0.16632337581836024,0.0,NO ALERT,NO ALERT,20260706,00
Maharashtra,Dhule,9,12,9-12 h,1.8680555820465088,0.3092955395113148,0.577781259086198,0.0,NO ALERT,NO ALERT,20260706,00
Maharashtra,Garhchiroli,9,12,9-12 h,0.6031249761581421,0.7873463730204786,0.4748682624561758,0.0,NO ALERT,NO ALERT,20260706,00
Maharashtra,Gondiya,9,12,9-12 h,1.3828125,0.604748128777892,0.8362532718256788,0.0,NO ALERT,NO ALERT,20260706,00
Maharashtra,Greater Bombay,9,12,9-12 h,11.3125,0.3,3.39375,0.0,NO ALERT,NO ALERT,20260706,00
Maharashtra,Hingoli,9,12,9-12 h,0.1145833358168602,2.239290183539015,0.2565853390918495,0.0,NO ALERT,NO ALERT,20260706,00
Maharashtra,Jalgaon,9,12,9-12 h,0.6583333611488342,0.5762232307671074,0.3793469762829501,0.0,NO ALERT,NO ALERT,20260706,00
Maharashtra,Jalna,9,12,9-12 h,0.09375,3.0,0.28125,0.0,NO ALERT,NO ALERT,20260706,00
Maharashtra,Kolhapur,9,12,9-12 h,2.8541667461395264,0.41287151840747965,1.1784041582667617,0.0,NO ALERT,NO ALERT,20260706,00
Maharashtra,Latur,9,12,9-12 h,1.1805555820465088,1.50430828029553,1.7759195374216723,0.0,NO ALERT,NO ALERT,20260706,00
Maharashtra,Nagpur,9,12,9-12 h,2.6083333492279053,0.5156920875720314,1.345096869947087,0.0,NO ALERT,NO ALERT,20260706,00
Maharashtra,Nanded,9,12,9-12 h,0.75,1.9327884430663378,1.4495913322997533,0.0,NO ALERT,NO ALERT,20260706,00
Maharashtra,Nandurbar,9,12,9-12 h,2.544642925262451,0.3,0.7633928775787353,0.0,NO ALERT,NO ALERT,20260706,00
Maharashtra,Nashik,9,12,9-12 h,2.0271739959716797,0.3,0.6081521987915038,0.0,NO ALERT,NO ALERT,20260706,00
Maharashtra,Osmanabad,9,12,9-12 h,3.6022727489471436,0.3793131751187402,1.3663895140468534,0.0,NO ALERT,NO ALERT,20260706,00
Maharashtra,Parbhani,9,12,9-12 h,0.21250000596046448,3.0,0.6375000178813934,0.0,NO ALERT,NO ALERT,20260706,00
Madhya Pradesh,Balaghat,9,12,9-12 h,4.653846263885498,0.3,1.3961538791656494,0.0,NO ALERT,NO ALERT,20260706,00
Madhya Pradesh,Barwani,9,12,9-12 h,2.5625,0.336734408265465,0.8628819211802541,0.0,NO ALERT,NO ALERT,20260706,00
Madhya Pradesh,Betul,9,12,9-12 h,5.7890625,0.3,1.7367187499999999,0.0,NO ALERT,NO ALERT,20260706,00
Madhya Pradesh,Bhind,9,12,9-12 h,0.0892857164144516,3.0,0.2678571492433548,0.0,NO ALERT,NO ALERT,20260706,00
Madhya Pradesh,Bhopal,9,12,9-12 h,0.375,0.364615889459979,0.13673095854749212,0.0,NO ALERT,NO ALERT,20260706,00
Madhya Pradesh,Burhanpur,9,12,9-12 h,1.25,1.2142310318773522,1.5177887898466902,0.0,NO ALERT,NO ALERT,20260706,00
Madhya Pradesh,Chhatarpur,9,12,9-12 h,0.125,2.317805072305432,0.289725634038179,0.0,NO ALERT,NO ALERT,20260706,00
Madhya Pradesh,Chhindwara,9,12,9-12 h,7.099999904632568,0.3,2.1299999713897706,0.0,NO ALERT,NO ALERT,20260706,00
Madhya Pradesh,Damoh,9,12,9-12 h,0.17499999701976776,0.36117172586835916,0.06320505095058723,0.0,NO ALERT,NO ALERT,20260706,00
Rajasthan,Karauli,9,12,9-12 h,0.02678571455180645,2.7439746691600675,0.0734993222255091,0.0,NO ALERT,NO ALERT,20260706,00
Rajasthan,Kota,9,12,9-12 h,0.01875000074505806,2.9527826759430753,0.055364677373927196,0.0,NO ALERT,NO ALERT,20260706,00
Rajasthan,Nagaur,9,12,9-12 h,0.6466346383094788,1.1882893373752281,0.7683890458806408,0.0,NO ALERT,NO ALERT,20260706,00
Rajasthan,Pali,9,12,9-12 h,13.845588684082031,0.3,4.153676605224609,0.0,NO ALERT,NO ALERT,20260706,00
Rajasthan,Rajsamand,9,12,9-12 h,11.794642448425293,0.3,3.5383927345275876,0.0,NO ALERT,NO ALERT,20260706,00
Rajasthan,Sawai Madhopur,9,12,9-12 h,0.02678571455180645,3.0,0.08035714365541935,0.0,NO ALERT,NO ALERT,20260706,00
Rajasthan,Sikar,9,12,9-12 h,0.359375,1.51752888887864,0.5453619444407612,0.0,NO ALERT,NO ALERT,20260706,00
Rajasthan,Sirohi,9,12,9-12 h,18.7421875,0.3,5.6226562499999995,0.0,NO ALERT,NO ALERT,20260706,00
Tamil Nadu,Madurai,9,12,9-12 h,0.0,1.0,0.0,0.0,NO ALERT,NO ALERT,20260706,00
Tamil Nadu,Nagapattinam,9,12,9-12 h,0.0,3.0,0.0,0.0,NO ALERT,NO ALERT,20260706,00
Tamil Nadu,Namakkal,9,12,9-12 h,0.0,1.0,0.0,0.0,NO ALERT,NO ALERT,20260706,00
Tamil Nadu,Nilgiris,9,12,9-12 h,1.0625,1.7038905536806261,1.8103837132856653,0.0,NO ALERT,NO ALERT,20260706,00
Tamil Nadu,Perambalur,9,12,9-12 h,0.0,1.0,0.0,0.0,NO ALERT,NO ALERT,20260706,00
Tamil Nadu,Pudukkottai,9,12,9-12 h,0.0,1.0,0.0,0.0,NO ALERT,NO ALERT,20260706,00
Tamil Nadu,Ramanathapuram,9,12,9-12 h,0.0,1.0,0.0,0.0,NO ALERT,NO ALERT,20260706,00
Tamil Nadu,Salem,9,12,9-12 h,0.0,1.0,0.0,0.0,NO ALERT,NO ALERT,20260706,00
Andaman and Nicobar,Andaman Islands,9,12,9-12 h,0.013888888992369175,1.0,0.013888888992369175,0.0,NO ALERT,NO ALERT,20260706,00
Andaman and Nicobar,Nicobar Islands,9,12,9-12 h,0.0,1.0,0.0,0.0,NO ALERT,NO ALERT,20260706,00
Andhra Pradesh,Adilabad,9,12,9-12 h,0.1929347813129425,3.0,0.5788043439388275,0.0,NO ALERT,NO ALERT,20260706,00
Andhra Pradesh,Anantapur,9,12,9-12 h,0.032407406717538834,1.0,0.032407406717538834,0.0,NO ALERT,NO ALERT,20260706,00
Andhra Pradesh,Chittoor,9,12,9-12 h,0.0,1.0,0.0,0.0,NO ALERT,NO ALERT,20260706,00
Andhra Pradesh,Cuddapah,9,12,9-12 h,0.0,1.0,0.0,0.0,NO ALERT,NO ALERT,20260706,00
Andhra Pradesh,East Godavari,9,12,9-12 h,0.24264705181121826,3.0,0.7279411554336548,0.0,NO ALERT,NO ALERT,20260706,00
Andhra Pradesh,Guntur,9,12,9-12 h,0.09166666865348816,3.0,0.2750000059604645,0.0,NO ALERT,NO ALERT,20260706,00
Andhra Pradesh,Hyderabad,9,12,9-12 h,0.0,1.0,0.0,0.0,NO ALERT,NO ALERT,20260706,00
Andhra Pradesh,Karimnagar,9,12,9-12 h,0.2743055522441864,2.1393520898236744,0.5868361564438372,0.0,NO ALERT,NO ALERT,20260706,00
Andhra Pradesh,Khammam,9,12,9-12 h,0.1184210553765297,3.0,0.3552631661295891,0.0,NO ALERT,NO ALERT,20260706,00
Andhra Pradesh,Krishna,9,12,9-12 h,0.1197916641831398,3.0,0.3593749925494194,0.0,NO ALERT,NO ALERT,20260706,00
Andhra Pradesh,Kurnool,9,12,9-12 h,0.15489129722118378,3.0,0.46467389166355133,0.0,NO ALERT,NO ALERT,20260706,00
Andhra Pradesh,Mahbubnagar,9,12,9-12 h,0.6412037014961243,3.0,1.9236111044883728,0.0,NO ALERT,NO ALERT,20260706,00
Andhra Pradesh,Medak,9,12,9-12 h,2.394230842590332,1.1350579038438837,2.717590641508958,0.0,NO ALERT,NO ALERT,20260706,00
Andhra Pradesh,Nalgonda,9,12,9-12 h,0.1805555522441864,3.0,0.5416666567325592,0.0,NO ALERT,NO ALERT,20260706,00
Andhra Pradesh,Nellore,9,12,9-12 h,0.011029412038624287,1.0,0.011029412038624287,0.0,NO ALERT,NO ALERT,20260706,00
Andhra Pradesh,Nizamabad,9,12,9-12 h,0.625,3.0,1.875,0.0,NO ALERT,NO ALERT,20260706,00
Andhra Pradesh,Prakasam,9,12,9-12 h,0.0026041667442768812,1.0,0.0026041667442768812,0.0,NO ALERT,NO ALERT,20260706,00
Andhra Pradesh,Rangareddi,9,12,9-12 h,0.5972222089767456,2.274697750563405,1.358500015345911,0.0,NO ALERT,NO ALERT,20260706,00
Andhra Pradesh,Srikakulam,9,12,9-12 h,0.24375000596046448,3.0,0.7312500178813934,0.0,NO ALERT,NO ALERT,20260706,00
Andhra Pradesh,Vishakhapatnam,9,12,9-12 h,0.07916666567325592,3.0,0.23749999701976776,0.0,NO ALERT,NO ALERT,20260706,00
Andhra Pradesh,Vizianagaram,9,12,9-12 h,0.0347222238779068,3.0,0.1041666716337204,0.0,NO ALERT,NO ALERT,20260706,00
Andhra Pradesh,Warangal,9,12,9-12 h,0.2361111044883728,3.0,0.7083333134651184,0.0,NO ALERT,NO ALERT,20260706,00
Andhra Pradesh,West Godavari,9,12,9-12 h,0.20624999701976776,3.0,0.6187499910593033,0.0,NO ALERT,NO ALERT,20260706,00
Arunachal Pradesh,Changlang,9,12,9-12 h,2.7578125,0.3,0.8273437499999999,0.0,NO ALERT,NO ALERT,20260706,00
Arunachal Pradesh,East Kameng,9,12,9-12 h,0.8999999761581421,0.4269880196000505,0.3842892074598578,0.0,NO ALERT,NO ALERT,20260706,00
Arunachal Pradesh,East Siang,9,12,9-12 h,2.5267856121063232,0.45628493034155115,1.1529341970079674,0.0,NO ALERT,NO ALERT,20260706,00
Arunachal Pradesh,Kurung Kumey,9,12,9-12 h,1.725000023841858,0.7126390600047544,1.2293023954988405,0.0,NO ALERT,NO ALERT,20260706,00
Arunachal Pradesh,Lohit,9,12,9-12 h,1.5541666746139526,0.3,0.4662500023841858,0.0,NO ALERT,NO ALERT,20260706,00
Arunachal Pradesh,Lower Dibang Valley,9,12,9-12 h,1.890625,0.3,0.5671875,0.0,NO ALERT,NO ALERT,20260706,00
Arunachal Pradesh,Lower Subansiri,9,12,9-12 h,2.4000000953674316,0.6416184837284099,1.5398844221376906,0.0,NO ALERT,NO ALERT,20260706,00
Bihar,Sitamarhi,9,12,9-12 h,0.0,3.0,0.0,0.0,NO ALERT,NO ALERT,20260706,00
Bihar,Siwan,9,12,9-12 h,0.0416666679084301,1.4389760456555118,0.059957337022514164,0.0,NO ALERT,NO ALERT,20260706,00
Bihar,Supaul,9,12,9-12 h,0.0,0.890582586739991,0.0,0.0,NO ALERT,NO ALERT,20260706,00
Bihar,Vaishali,9,12,9-12 h,0.140625,1.2193520432551004,0.17147138108274848,0.0,NO ALERT,NO ALERT,20260706,00
Chandigarh,Chandigarh,9,12,9-12 h,0.0,1.1884359977669912,0.0,0.0,NO ALERT,NO ALERT,20260706,00
Chhattisgarh,Bastar,9,12,9-12 h,1.1903408765792847,0.5807237067170128,0.6912591661039005,0.0,NO ALERT,NO ALERT,20260706,00
Chhattisgarh,Bilaspur,9,12,9-12 h,5.380208492279053,0.3,1.6140625476837158,0.0,NO ALERT,NO ALERT,20260706,00
Chhattisgarh,Dantewada,9,12,9-12 h,0.4320652186870575,1.7403026932816885,0.7519242637544279,0.0,NO ALERT,NO ALERT,20260706,00
Chhattisgarh,Dhamtari,9,12,9-12 h,2.59375,0.3,0.778125,0.0,NO ALERT,NO ALERT,20260706,00
Chhattisgarh,Durg,9,12,9-12 h,2.6354167461395264,0.3,0.7906250238418578,0.0,NO ALERT,NO ALERT,20260706,00
Chhattisgarh,Janjgir-Champa,9,12,9-12 h,2.2708332538604736,0.3,0.6812499761581421,0.0,NO ALERT,NO ALERT,20260706,00
Chhattisgarh,Jashpur,9,12,9-12 h,10.337499618530273,0.3,3.1012498855590818,0.0,NO ALERT,NO ALERT,20260706,00
Chhattisgarh,Kanker,9,12,9-12 h,1.0277777910232544,0.31181627116571115,0.32047783838380267,0.0,NO ALERT,NO ALERT,20260706,00
Chhattisgarh,Kawardha,9,12,9-12 h,5.072916507720947,0.3,1.5218749523162842,0.0,NO ALERT,NO ALERT,20260706,00
Chhattisgarh,Korba,9,12,9-12 h,10.18055534362793,0.3,3.0541666030883787,0.0,NO ALERT,NO ALERT,20260706,00
Chhattisgarh,Koriya,9,12,9-12 h,3.9431817531585693,0.3,1.1829545259475707,0.0,NO ALERT,NO ALERT,20260706,00
Chhattisgarh,Mahasamund,9,12,9-12 h,1.6964285373687744,0.3,0.5089285612106323,0.0,NO ALERT,NO ALERT,20260706,00
Chhattisgarh,Raigarh,9,12,9-12 h,6.170454502105713,0.3,1.8511363506317138,0.0,NO ALERT,NO ALERT,20260706,00
Chhattisgarh,Raipur,9,12,9-12 h,2.67578125,0.3,0.802734375,0.0,NO ALERT,NO ALERT,20260706,00
Chhattisgarh,Raj Nandgaon,9,12,9-12 h,1.4090908765792847,0.47455991292457994,0.6686980436922854,0.0,NO ALERT,NO ALERT,20260706,00
Chhattisgarh,Surguja,9,12,9-12 h,5.768229007720947,0.3,1.7304687023162841,0.0,NO ALERT,NO ALERT,20260706,00
Dadra and Nagar Haveli,Dadra and Nagar Haveli,9,12,9-12 h,2.3125,0.3,0.69375,0.0,NO ALERT,NO ALERT,20260706,00
Daman and Diu,Daman,9,12,9-12 h,0.0,1.0,0.0,0.0,NO ALERT,NO ALERT,20260706,00
Daman and Diu,Junagadh,9,12,9-12 h,0.1875,0.3,0.056249999999999994,0.0,NO ALERT,NO ALERT,20260706,00
Delhi,Delhi,9,12,9-12 h,0.4166666567325592,0.7680284695981865,0.32001185470290033,0.0,NO ALERT,NO ALERT,20260706,00
Goa,North Goa,9,12,9-12 h,9.5,0.3,2.85,0.0,NO ALERT,NO ALERT,20260706,00
Goa,South Goa,9,12,9-12 h,8.791666984558105,0.3652758638408204,3.2113837523852826,0.0,NO ALERT,NO ALERT,20260706,00
Gujarat,Ahmadabad,9,12,9-12 h,5.65625,0.3,1.696875,0.0,NO ALERT,NO ALERT,20260706,00
Gujarat,Amreli,9,12,9-12 h,4.2897725105285645,0.3,1.2869317531585693,0.0,NO ALERT,NO ALERT,20260706,00
Gujarat,Anand,9,12,9-12 h,11.987500190734863,0.3,3.596250057220459,0.0,NO ALERT,NO ALERT,20260706,00
Gujarat,Banas Kantha,9,12,9-12 h,8.165178298950195,0.3,2.4495534896850586,0.0,NO ALERT,NO ALERT,20260706,00
Gujarat,Bharuch,9,12,9-12 h,8.6875,0.3,2.6062499999999997,0.0,NO ALERT,NO ALERT,20260706,00
Gujarat,Bhavnagar,9,12,9-12 h,24.767045974731445,0.3,7.430113792419434,0.0,NO ALERT,NO ALERT,20260706,00
Gujarat,Dahod,9,12,9-12 h,0.2291666716337204,0.3,0.06875000149011612,0.0,NO ALERT,NO ALERT,20260706,00
Gujarat,Gandhinagar,9,12,9-12 h,1.875,0.3,0.5625,0.0,NO ALERT,NO ALERT,20260706,00
Gujarat,Jamnagar,9,12,9-12 h,0.0625,1.0297514316198848,0.0643594644762428,0.0,NO ALERT,NO ALERT,20260706,00
Gujarat,Junagadh,9,12,9-12 h,0.1931818127632141,0.3,0.05795454382896423,0.0,NO ALERT,NO ALERT,20260706,00
Gujarat,Kachchh,9,12,9-12 h,0.02083333395421505,1.0429478032131136,0.021728079881153755,0.0,NO ALERT,NO ALERT,20260706,00
Gujarat,Kheda,9,12,9-12 h,9.479166984558105,0.3,2.8437500953674317,0.0,NO ALERT,NO ALERT,20260706,00
Gujarat,Mahesana,9,12,9-12 h,5.705357074737549,0.3,1.7116071224212646,0.0,NO ALERT,NO ALERT,20260706,00
Gujarat,Narmada,9,12,9-12 h,2.25,0.33628631261391084,0.7566442033812995,0.0,NO ALERT,NO ALERT,20260706,00
Gujarat,Navsari,9,12,9-12 h,1.828125,0.3,0.5484375,0.0,NO ALERT,NO ALERT,20260706,00
Gujarat,Panch Mahals,9,12,9-12 h,0.4375,0.38515868720859836,0.1685069256537618,0.0,NO ALERT,NO ALERT,20260706,00
Gujarat,Patan,9,12,9-12 h,0.375,0.3,0.11249999999999999,0.0,NO ALERT,NO ALERT,20260706,00
Gujarat,Porbandar,9,12,9-12 h,0.0625,3.0,0.1875,0.0,NO ALERT,NO ALERT,20260706,00
Gujarat,Rajkot,9,12,9-12 h,0.008333333767950535,0.3,0.00250000013038516,0.0,NO ALERT,NO ALERT,20260706,00
Gujarat,Sabar Kantha,9,12,9-12 h,20.5,0.3,6.1499999999999995,0.0,NO ALERT,NO ALERT,20260706,00
Gujarat,Surat,9,12,9-12 h,1.53125,0.32712919453700195,0.5009165791347843,0.0,NO ALERT,NO ALERT,20260706,00
Gujarat,Surendranagar,9,12,9-12 h,0.03333333507180214,0.3,0.01000000052154064,0.0,NO ALERT,NO ALERT,20260706,00
Gujarat,The Dangs,9,12,9-12 h,0.125,0.6236297049513208,0.0779537131189151,0.0,NO ALERT,NO ALERT,20260706,00
Gujarat,Vadodara,9,12,9-12 h,1.9166666269302368,0.3522998571050929,0.6752413787856227,0.0,NO ALERT,NO ALERT,20260706,00
Gujarat,Valsad,9,12,9-12 h,2.59375,0.3,0.778125,0.0,NO ALERT,NO ALERT,20260706,00
Haryana,Ambala,9,12,9-12 h,0.1666666716337204,0.6762277229722136,0.11270462385422836,0.0,NO ALERT,NO ALERT,20260706,00
Haryana,Bhiwani,9,12,9-12 h,0.2232142835855484,1.7078232852568205,0.38121055110931884,0.0,NO ALERT,NO ALERT,20260706,00
Haryana,Faridabad,9,12,9-12 h,0.0,0.8712532145408735,0.0,0.0,NO ALERT,NO ALERT,20260706,00
Haryana,Fatehabad,9,12,9-12 h,0.2708333432674408,1.0808056670009505,0.2927182122162637,0.0,NO ALERT,NO ALERT,20260706,00
Haryana,Gurgaon,9,12,9-12 h,0.390625,1.3004888747066055,0.5080034666822677,0.0,NO ALERT,NO ALERT,20260706,00
Haryana,Hisar,9,12,9-12 h,0.5625,0.9496809693817465,0.5341955452772325,0.0,NO ALERT,NO ALERT,20260706,00
Haryana,Jhajjar,9,12,9-12 h,0.3958333432674408,1.6618096732806247,0.6577996788488432,0.0,NO ALERT,NO ALERT,20260706,00
Haryana,Jind,9,12,9-12 h,0.34375,0.7717056323525144,0.2652738111211768,0.0,NO ALERT,NO ALERT,20260706,00
Haryana,Kaithal,9,12,9-12 h,0.0416666679084301,0.6331763172108541,0.02638234733670745,0.0,NO ALERT,NO ALERT,20260706,00
Haryana,Karnal,9,12,9-12 h,0.0,0.5159404245146241,0.0,0.0,NO ALERT,NO ALERT,20260706,00
Haryana,Kurukshetra,9,12,9-12 h,0.015625,0.6033338297736488,0.009427091090213262,0.0,NO ALERT,NO ALERT,20260706,00
Haryana,Mahendragarh,9,12,9-12 h,0.21875,1.1386681831985863,0.24908366507469076,0.0,NO ALERT,NO ALERT,20260706,00
Haryana,Panchkula,9,12,9-12 h,1.125,0.6671410727647323,0.7505337068603238,0.0,NO ALERT,NO ALERT,20260706,00
Haryana,Panipat,9,12,9-12 h,0.0625,1.0415843239201417,0.06509902024500885,0.0,NO ALERT,NO ALERT,20260706,00
Haryana,Rewari,9,12,9-12 h,0.65625,1.1674745883169169,0.7661551985829766,0.0,NO ALERT,NO ALERT,20260706,00
Haryana,Rohtak,9,12,9-12 h,0.0625,1.2603472433768046,0.07877170271105029,0.0,NO ALERT,NO ALERT,20260706,00
Haryana,Sirsa,9,12,9-12 h,0.0625,1.4831194250452018,0.09269496406532511,0.0,NO ALERT,NO ALERT,20260706,00
Haryana,Sonepat,9,12,9-12 h,0.02083333395421505,0.7724164037051864,0.01609200889010394,0.0,NO ALERT,NO ALERT,20260706,00
Haryana,Yamuna Nagar,9,12,9-12 h,0.03125,0.6918813868041921,0.021621293337631003,0.0,NO ALERT,NO ALERT,20260706,00
Himachal Pradesh,Bilaspur,9,12,9-12 h,0.6875,0.43793651979773524,0.301081357360943,0.0,NO ALERT,NO ALERT,20260706,00
Himachal Pradesh,Chamba,9,12,9-12 h,3.3181817531585693,0.47998853587409984,1.5926892014627354,0.0,NO ALERT,NO ALERT,20260706,00
Himachal Pradesh,Hamirpur,9,12,9-12 h,0.25,0.3222888511402842,0.08057221278507105,0.0,NO ALERT,NO ALERT,20260706,00
Himachal Pradesh,Kangra,9,12,9-12 h,1.078125,0.491764254011286,0.5301833363559177,0.0,NO ALERT,NO ALERT,20260706,00
Himachal Pradesh,Kinnaur,9,12,9-12 h,0.75,0.5900100248843969,0.4425075186632977,0.0,NO ALERT,NO ALERT,20260706,00
Himachal Pradesh,Kullu,9,12,9-12 h,3.234375,0.48471900161399284,1.567763020845258,0.0,NO ALERT,NO ALERT,20260706,00
Himachal Pradesh,Lahul and Spiti,9,12,9-12 h,0.8229166865348816,1.1034755877631228,0.9080684743541599,0.0,NO ALERT,NO ALERT,20260706,00
Himachal Pradesh,Mandi,9,12,9-12 h,3.4124999046325684,0.41181400265740536,1.4053152447947521,0.0,NO ALERT,NO ALERT,20260706,00
Himachal Pradesh,Shimla,9,12,9-12 h,4.263888835906982,0.38421361333609627,1.638244136507263,0.0,NO ALERT,NO ALERT,20260706,00
Himachal Pradesh,Sirmaur,9,12,9-12 h,2.25,0.5853734282891708,1.3170902136506344,0.0,NO ALERT,NO ALERT,20260706,00
Himachal Pradesh,Solan,9,12,9-12 h,1.8125,0.501145504684414,0.9083262272405004,0.0,NO ALERT,NO ALERT,20260706,00
Himachal Pradesh,Una,9,12,9-12 h,0.09375,0.5308169916656943,0.04976409296865884,0.0,NO ALERT,NO ALERT,20260706,00
Jammu and Kashmir,Anantnag (Kashmir South),9,12,9-12 h,0.3392857015132904,1.3868985192801786,0.47055483704171913,0.0,NO ALERT,NO ALERT,20260706,00
Jammu and Kashmir,Bagdam,9,12,9-12 h,0.0416666679084301,1.7381670057123004,0.07242362739640475,0.0,NO ALERT,NO ALERT,20260706,00
Jammu and Kashmir,Baramula (Kashmir North),9,12,9-12 h,0.0535714291036129,2.3802491119877285,0.12751334655178817,0.0,NO ALERT,NO ALERT,20260706,00
Jammu and Kashmir,Doda,9,12,9-12 h,1.3051470518112183,0.9310309851117253,1.2151323453634626,0.0,NO ALERT,NO ALERT,20260706,00
Jammu and Kashmir,Jammu,9,12,9-12 h,0.0,2.1214535699251704,0.0,0.0,NO ALERT,NO ALERT,20260706,00
Jammu and Kashmir,Kargil,9,12,9-12 h,0.08423913270235062,3.0,0.25271739810705185,0.0,NO ALERT,NO ALERT,20260706,00
Jammu and Kashmir,Kathua,9,12,9-12 h,0.953125,0.7421973154339496,0.7074068162729832,0.0,NO ALERT,NO ALERT,20260706,00
Jammu and Kashmir,Kupwara (Muzaffarabad),9,12,9-12 h,0.0,2.805712758686526,0.0,0.0,NO ALERT,NO ALERT,20260706,00
Jammu and Kashmir,Ladakh (Leh),9,12,9-12 h,0.1066666692495346,0.6253946944730077,0.06670876902576606,0.0,NO ALERT,NO ALERT,20260706,00
Jammu and Kashmir,Pulwama,9,12,9-12 h,0.0,3.0,0.0,0.0,NO ALERT,NO ALERT,20260706,00
Jammu and Kashmir,Punch,9,12,9-12 h,0.8999999761581421,0.9080148049822427,0.8172133028352585,0.0,NO ALERT,NO ALERT,20260706,00
Jammu and Kashmir,Rajauri,9,12,9-12 h,0.375,1.6908137329342856,0.634055149850357,0.0,NO ALERT,NO ALERT,20260706,00
Jammu and Kashmir,Srinagar,9,12,9-12 h,0.15625,1.1768416745126433,0.18388151164260053,0.0,NO ALERT,NO ALERT,20260706,00
Jammu and Kashmir,Udhampur,9,12,9-12 h,0.3125,0.9046338825169598,0.2826980882865499,0.0,NO ALERT,NO ALERT,20260706,00
Jharkhand,Bokaro,9,12,9-12 h,2.21875,0.43038052424230994,0.9549067881626252,0.0,NO ALERT,NO ALERT,20260706,00
Jharkhand,Chatra,9,12,9-12 h,2.09375,0.47580298707457397,0.9962125041873893,0.0,NO ALERT,NO ALERT,20260706,00
Jharkhand,Deoghar,9,12,9-12 h,1.8125,0.43042539217912484,0.7801460233246638,0.0,NO ALERT,NO ALERT,20260706,00
Jharkhand,Dhanbad,9,12,9-12 h,2.828125,0.3,0.8484375,0.0,NO ALERT,NO ALERT,20260706,00
Jharkhand,Dumka,9,12,9-12 h,1.4249999523162842,0.5747174401032172,0.8189723247424214,0.0,NO ALERT,NO ALERT,20260706,00
Jharkhand,Garhwa,9,12,9-12 h,2.3645832538604736,0.3,0.709374976158142,0.0,NO ALERT,NO ALERT,20260706,00
Jharkhand,Giridih,9,12,9-12 h,2.5625,0.3,0.7687499999999999,0.0,NO ALERT,NO ALERT,20260706,00
Jharkhand,Godda,9,12,9-12 h,1.0625,1.241563229918693,1.3191609317886113,0.0,NO ALERT,NO ALERT,20260706,00
Jharkhand,Gumla,9,12,9-12 h,9.177083015441895,0.3,2.753124904632568,0.0,NO ALERT,NO ALERT,20260706,00
Jharkhand,Hazaribag,9,12,9-12 h,2.3359375,0.42314411896564175,0.9884382153963037,0.0,NO ALERT,NO ALERT,20260706,00
Jharkhand,Jamtara,9,12,9-12 h,2.09375,0.46008470755189523,0.9633023564367806,0.0,NO ALERT,NO ALERT,20260706,00
Jharkhand,Koderma,9,12,9-12 h,2.4583332538604736,0.3039175085951896,0.747130517809981,0.0,NO ALERT,NO ALERT,20260706,00
Jharkhand,Latehar,9,12,9-12 h,3.3541667461395264,0.3665391067324198,1.229433282961569,0.0,NO ALERT,NO ALERT,20260706,00
Jharkhand,Lohardaga,9,12,9-12 h,3.28125,0.39624014819091274,1.3001629862514323,0.0,NO ALERT,NO ALERT,20260706,00
Jharkhand,Pakur,9,12,9-12 h,2.21875,0.6035076534919583,1.3390326061852826,0.0,NO ALERT,NO ALERT,20260706,00
Jharkhand,Palamu,9,12,9-12 h,2.455357074737549,0.3737988343625059,0.917809612480628,0.0,NO ALERT,NO ALERT,20260706,00
Jharkhand,Pashchim Singhbhum,9,12,9-12 h,0.21875,0.45311129700376257,0.09911809621957306,0.0,NO ALERT,NO ALERT,20260706,00
Jharkhand,Purba Singhbhum,9,12,9-12 h,0.25,0.9904194813681165,0.24760487034202913,0.0,NO ALERT,NO ALERT,20260706,00
Jharkhand,Ranchi,9,12,9-12 h,3.6875,0.43312750651481624,1.597157680273385,0.0,NO ALERT,NO ALERT,20260706,00
Jharkhand,Sahibganj,9,12,9-12 h,1.8875000476837158,0.9271637311929378,1.750021586837282,0.0,NO ALERT,NO ALERT,20260706,00
Jharkhand,Saraikela Kharsawan,9,12,9-12 h,0.7083333134651184,0.7038710866727816,0.49857533907522494,0.0,NO ALERT,NO ALERT,20260706,00
Jharkhand,Simdega,9,12,9-12 h,6.109375,0.3,1.8328125,0.0,NO ALERT,NO ALERT,20260706,00
Karnataka,Bagalkot,9,12,9-12 h,0.3187499940395355,1.1632799061220045,0.3707954631427004,0.0,NO ALERT,NO ALERT,20260706,00
Karnataka,Bangalore Rural,9,12,9-12 h,0.0892857164144516,3.0,0.2678571492433548,0.0,NO ALERT,NO ALERT,20260706,00
Karnataka,Bangalore Urban,9,12,9-12 h,0.0625,3.0,0.1875,0.0,NO ALERT,NO ALERT,20260706,00
Karnataka,Belgaum,9,12,9-12 h,0.4595588147640228,0.8973372374527518,0.41237923728740916,0.0,NO ALERT,NO ALERT,20260706,00
Karnataka,Bellary,9,12,9-12 h,0.1931818127632141,2.70287473371527,0.5221462407310055,0.0,NO ALERT,NO ALERT,20260706,00
Karnataka,Bidar,9,12,9-12 h,1.9444444179534912,1.0018766190120068,1.9480933993160132,0.0,NO ALERT,NO ALERT,20260706,00
Karnataka,Bijapur,9,12,9-12 h,0.1473214328289032,3.0,0.4419642984867096,0.0,NO ALERT,NO ALERT,20260706,00
Karnataka,Chamrajnagar,9,12,9-12 h,0.0833333358168602,3.0,0.2500000074505806,0.0,NO ALERT,NO ALERT,20260706,00
Karnataka,Chikmagalur,9,12,9-12 h,1.306249976158142,0.9744358301784026,1.2728567799381778,0.0,NO ALERT,NO ALERT,20260706,00
Karnataka,Chitradurga,9,12,9-12 h,0.11931817978620529,3.0,0.3579545393586159,0.0,NO ALERT,NO ALERT,20260706,00
Karnataka,Dakshin Kannad,9,12,9-12 h,6.729166507720947,0.48296471969249655,3.249950016165583,0.0,NO ALERT,NO ALERT,20260706,00
Karnataka,Davanagere,9,12,9-12 h,0.3984375,1.0634182151425726,0.42370569509586875,0.0,NO ALERT,NO ALERT,20260706,00
Karnataka,Dharwad,9,12,9-12 h,1.578125,0.6005924706507083,0.947809992745649,0.0,NO ALERT,NO ALERT,20260706,00
Karnataka,Gadag,9,12,9-12 h,1.0390625,1.0104995631984701,1.0499722023859104,0.0,NO ALERT,NO ALERT,20260706,00
Karnataka,Gulbarga,9,12,9-12 h,0.7291666865348816,1.3275990324998463,0.9680409875748275,0.0,NO ALERT,NO ALERT,20260706,00
Karnataka,Hassan,9,12,9-12 h,0.543749988079071,1.3953514149603434,0.7587223152508017,0.0,NO ALERT,NO ALERT,20260706,00
Karnataka,Haveri,9,12,9-12 h,0.762499988079071,0.8339001601670177,0.6358488621864865,0.0,NO ALERT,NO ALERT,20260706,00
Karnataka,Kodagu,9,12,9-12 h,1.390625,0.9891691490121184,1.3755633478449771,0.0,NO ALERT,NO ALERT,20260706,00
Karnataka,Kolar,9,12,9-12 h,0.022727273404598236,1.0,0.022727273404598236,0.0,NO ALERT,NO ALERT,20260706,00
Karnataka,Koppal,9,12,9-12 h,1.2767857313156128,1.3672411486472411,1.7456739898603661,0.0,NO ALERT,NO ALERT,20260706,00
Karnataka,Mandya,9,12,9-12 h,0.125,3.0,0.375,0.0,NO ALERT,NO ALERT,20260706,00
Karnataka,Mysore,9,12,9-12 h,0.2421875,3.0,0.7265625,0.0,NO ALERT,NO ALERT,20260706,00
Karnataka,Raichur,9,12,9-12 h,0.9739583134651184,1.9789763859973823,1.9274405032933057,0.0,NO ALERT,NO ALERT,20260706,00
Karnataka,Shimoga,9,12,9-12 h,2.6931817531585693,0.6521122332003625,1.756256767466702,0.0,NO ALERT,NO ALERT,20260706,00
Karnataka,Tumkur,9,12,9-12 h,0.10227272659540176,3.0,0.3068181797862053,0.0,NO ALERT,NO ALERT,20260706,00
Karnataka,Udupi,9,12,9-12 h,9.78125,0.36293434267993313,3.549951539338096,0.0,NO ALERT,NO ALERT,20260706,00
Karnataka,Uttar Kannand,9,12,9-12 h,4.8125,0.4136012505834986,1.990456018433087,0.0,NO ALERT,NO ALERT,20260706,00
Kerala,Alappuzha,9,12,9-12 h,0.1875,2.864364265748771,0.5370682998278946,0.0,NO ALERT,NO ALERT,20260706,00
Kerala,Ernakulam,9,12,9-12 h,2.375,0.8273595857165152,1.9649790160767238,0.0,NO ALERT,NO ALERT,20260706,00
Kerala,Idukki,9,12,9-12 h,2.1500000953674316,1.1481059089541104,2.468427813743249,0.0,NO ALERT,NO ALERT,20260706,00
Kerala,Kannur,9,12,9-12 h,5.828125,0.39296054227725635,2.2902231604596346,0.0,NO ALERT,NO ALERT,20260706,00
Kerala,Kasaragod,9,12,9-12 h,7.604166507720947,0.4895700959949935,3.7227725271468586,0.0,NO ALERT,NO ALERT,20260706,00
Kerala,Kollam,9,12,9-12 h,0.09375,0.9608015244614043,0.09007514291825666,0.0,NO ALERT,NO ALERT,20260706,00
Kerala,Kottayam,9,12,9-12 h,1.375,0.9196575889749057,1.2645291848404954,0.0,NO ALERT,NO ALERT,20260706,00
Kerala,Kozhikode,9,12,9-12 h,6.020833492279053,0.37264617476151884,2.2436405697738255,0.0,NO ALERT,NO ALERT,20260706,00
Kerala,Malappuram,9,12,9-12 h,3.4749999046325684,0.44261788343885,1.538097102738673,0.0,NO ALERT,NO ALERT,20260706,00
Kerala,Palakkad,9,12,9-12 h,3.0833332538604736,0.5302180666602749,1.6348389967312351,0.0,NO ALERT,NO ALERT,20260706,00
Kerala,Pattanamtitta,9,12,9-12 h,0.4583333432674408,0.7477207744636957,0.34270536239046573,0.0,NO ALERT,NO ALERT,20260706,00
Kerala,Thiruvananthapuram,9,12,9-12 h,0.0833333358168602,1.3040197822546657,0.10866831842645698,0.0,NO ALERT,NO ALERT,20260706,00
Kerala,Thrissur,9,12,9-12 h,1.125,0.842598859765623,0.9479237172363258,0.0,NO ALERT,NO ALERT,20260706,00
Kerala,Wayanad,9,12,9-12 h,1.875,0.9148688962922525,1.7153791805479734,0.0,NO ALERT,NO ALERT,20260706,00
Lakshadweep,Kavaratti,9,12,9-12 h,0.0,1.0,0.0,0.0,NO ALERT,NO ALERT,20260706,00
Madhya Pradesh,Anuppur,9,12,9-12 h,6.65625,0.3,1.996875,0.0,NO ALERT,NO ALERT,20260706,00
Madhya Pradesh,Ashoknagar,9,12,9-12 h,0.0416666679084301,0.9519252256221402,0.039663552249655114,0.0,NO ALERT,NO ALERT,20260706,00
Madhya Pradesh,Datia,9,12,9-12 h,0.02083333395421505,1.0,0.02083333395421505,0.0,NO ALERT,NO ALERT,20260706,00
Madhya Pradesh,Dewas,9,12,9-12 h,4.048611164093018,0.3,1.2145833492279052,0.0,NO ALERT,NO ALERT,20260706,00
Madhya Pradesh,Dhar,9,12,9-12 h,1.017045497894287,0.3,0.3051136493682861,0.0,NO ALERT,NO ALERT,20260706,00
Madhya Pradesh,Dindori,9,12,9-12 h,5.214285850524902,0.3,1.5642857551574707,0.0,NO ALERT,NO ALERT,20260706,00
Madhya Pradesh,East Nimar,9,12,9-12 h,2.481250047683716,0.30123901134156544,0.7474493112554547,0.0,NO ALERT,NO ALERT,20260706,00
Madhya Pradesh,Guna,9,12,9-12 h,0.02083333395421505,0.44732070879630687,0.009319181710989643,0.0,NO ALERT,NO ALERT,20260706,00
Madhya Pradesh,Gwalior,9,12,9-12 h,0.008928571827709675,1.0,0.008928571827709675,0.0,NO ALERT,NO ALERT,20260706,00
Madhya Pradesh,Harda,9,12,9-12 h,6.885416507720947,0.3,2.065624952316284,0.0,NO ALERT,NO ALERT,20260706,00
Madhya Pradesh,Hoshangabad,9,12,9-12 h,4.791666507720947,0.3,1.4374999523162841,0.0,NO ALERT,NO ALERT,20260706,00
Madhya Pradesh,Indore,9,12,9-12 h,1.2767857313156128,0.3,0.38303571939468384,0.0,NO ALERT,NO ALERT,20260706,00
Madhya Pradesh,Jabalpur,9,12,9-12 h,3.625,0.3,1.0875,0.0,NO ALERT,NO ALERT,20260706,00
Madhya Pradesh,Jhabua,9,12,9-12 h,2.387500047683716,0.3,0.7162500143051147,0.0,NO ALERT,NO ALERT,20260706,00
Madhya Pradesh,Katni,9,12,9-12 h,3.0,0.32230547985936164,0.9669164395780849,0.0,NO ALERT,NO ALERT,20260706,00
Madhya Pradesh,Mandla,9,12,9-12 h,5.453125,0.3,1.6359375,0.0,NO ALERT,NO ALERT,20260706,00
Madhya Pradesh,Mandsaur,9,12,9-12 h,0.5,0.3805572499288874,0.1902786249644437,0.0,NO ALERT,NO ALERT,20260706,00
Madhya Pradesh,Morena,9,12,9-12 h,0.008928571827709675,3.0,0.026785715483129025,0.0,NO ALERT,NO ALERT,20260706,00
Madhya Pradesh,Narsinghpur,9,12,9-12 h,7.5625,0.3,2.26875,0.0,NO ALERT,NO ALERT,20260706,00
Madhya Pradesh,Neemuch,9,12,9-12 h,0.375,0.7317338523203192,0.27440019462011966,0.0,NO ALERT,NO ALERT,20260706,00
Madhya Pradesh,Panna,9,12,9-12 h,1.9444444179534912,0.4184968595164538,0.813743882417835,0.0,NO ALERT,NO ALERT,20260706,00
Madhya Pradesh,Raisen,9,12,9-12 h,0.3802083432674408,0.3,0.11406250298023224,0.0,NO ALERT,NO ALERT,20260706,00
Madhya Pradesh,Rajgarh,9,12,9-12 h,0.4464285671710968,0.676433949885283,0.3019794390331724,0.0,NO ALERT,NO ALERT,20260706,00
Madhya Pradesh,Ratlam,9,12,9-12 h,1.9609375,0.3,0.58828125,0.0,NO ALERT,NO ALERT,20260706,00
Madhya Pradesh,Rewa,9,12,9-12 h,0.3402777910232544,0.38712886212107545,0.13173135404390557,0.0,NO ALERT,NO ALERT,20260706,00
Madhya Pradesh,Sagar,9,12,9-12 h,0.04583333432674408,0.3,0.013750000298023224,0.0,NO ALERT,NO ALERT,20260706,00
Madhya Pradesh,Satna,9,12,9-12 h,0.8806818127632141,0.4227753173004938,0.3723305328317419,0.0,NO ALERT,NO ALERT,20260706,00
Madhya Pradesh,Sehore,9,12,9-12 h,6.6640625,0.3,1.9992187499999998,0.0,NO ALERT,NO ALERT,20260706,00
Madhya Pradesh,Seoni,9,12,9-12 h,6.793269157409668,0.3,2.0379807472229,0.0,NO ALERT,NO ALERT,20260706,00
Madhya Pradesh,Shahdol,9,12,9-12 h,6.145833492279053,0.3,1.8437500476837156,0.0,NO ALERT,NO ALERT,20260706,00
Madhya Pradesh,Shajapur,9,12,9-12 h,3.5056817531585693,0.3,1.0517045259475708,0.0,NO ALERT,NO ALERT,20260706,00
Madhya Pradesh,Sheopur,9,12,9-12 h,0.1171875,3.0,0.3515625,0.0,NO ALERT,NO ALERT,20260706,00
Madhya Pradesh,Shivpuri,9,12,9-12 h,0.01171875,3.0,0.03515625,0.0,NO ALERT,NO ALERT,20260706,00
Madhya Pradesh,Sidhi,9,12,9-12 h,0.94921875,0.399988705397733,0.3796767789517544,0.0,NO ALERT,NO ALERT,20260706,00
Maharashtra,Pune,9,12,9-12 h,4.134868621826172,0.3,1.2404605865478515,0.0,NO ALERT,NO ALERT,20260706,00
Maharashtra,Raigarh,9,12,9-12 h,13.86805534362793,0.3,4.160416603088379,0.0,NO ALERT,NO ALERT,20260706,00
Maharashtra,Ratnagiri,9,12,9-12 h,8.488636016845703,0.3,2.546590805053711,0.0,NO ALERT,NO ALERT,20260706,00
Maharashtra,Sangli,9,12,9-12 h,1.267045497894287,0.3,0.3801136493682861,0.0,NO ALERT,NO ALERT,20260706,00
Maharashtra,Satara,9,12,9-12 h,2.21484375,0.3,0.664453125,0.0,NO ALERT,NO ALERT,20260706,00
Maharashtra,Sindhudurg,9,12,9-12 h,9.729166984558105,0.3,2.9187500953674315,0.0,NO ALERT,NO ALERT,20260706,00
Maharashtra,Solapur,9,12,9-12 h,2.1141304969787598,0.3,0.6342391490936279,0.0,NO ALERT,NO ALERT,20260706,00
Maharashtra,Thane,9,12,9-12 h,35.53125,0.3,10.659374999999999,0.0,MODERATE,NO ALERT,20260706,00
Maharashtra,Wardha,9,12,9-12 h,1.4732142686843872,0.8277061142287497,1.2193884577591034,0.0,NO ALERT,NO ALERT,20260706,00
Maharashtra,Washim,9,12,9-12 h,2.46875,0.6548512185328705,1.616663945753024,0.0,NO ALERT,NO ALERT,20260706,00
Maharashtra,Yavatmal,9,12,9-12 h,1.587499976158142,1.1672216749493405,1.8529643811533447,0.0,NO ALERT,NO ALERT,20260706,00
Manipur,Bishnupur,9,12,9-12 h,1.5625,0.44222804670987065,0.6909813229841729,0.0,NO ALERT,NO ALERT,20260706,00
Manipur,Chandel,9,12,9-12 h,2.328125,0.4353368800524707,1.0135186738721582,0.0,NO ALERT,NO ALERT,20260706,00
Manipur,Churachandpur,9,12,9-12 h,2.96875,0.350797188232678,1.0414291525657629,0.0,NO ALERT,NO ALERT,20260706,00
Manipur,East Imphal,9,12,9-12 h,3.6875,0.34679034457550556,1.2787893956221767,0.0,NO ALERT,NO ALERT,20260706,00
Manipur,Senapati,9,12,9-12 h,3.4000000953674316,0.40549794487557334,1.378693051248247,0.0,NO ALERT,NO ALERT,20260706,00
Manipur,Tamenglong,9,12,9-12 h,1.3541666269302368,0.47901291702576343,0.6486633061047915,0.0,NO ALERT,NO ALERT,20260706,00
Manipur,Thoubal,9,12,9-12 h,3.3125,0.5006320786802736,1.6583437606284064,0.0,NO ALERT,NO ALERT,20260706,00
Manipur,Ukhrul,9,12,9-12 h,2.96875,0.5601360196084298,1.662903808212526,0.0,NO ALERT,NO ALERT,20260706,00
Manipur,West Imphal,9,12,9-12 h,0.0,1.0,0.0,0.0,NO ALERT,NO ALERT,20260706,00
Meghalaya,East Garo Hills,9,12,9-12 h,0.328125,0.5096870049480084,0.16724104849856528,0.0,NO ALERT,NO ALERT,20260706,00
Meghalaya,East Khasi Hills,9,12,9-12 h,1.453125,0.5445849739225571,0.7913500402312158,0.0,NO ALERT,NO ALERT,20260706,00
Meghalaya,Jaintia Hills,9,12,9-12 h,1.03125,0.3344285796853742,0.34487947280054215,0.0,NO ALERT,NO ALERT,20260706,00
Meghalaya,Ri-Bhoi,9,12,9-12 h,2.8333332538604736,0.3754843171484303,1.06387220207974,0.0,NO ALERT,NO ALERT,20260706,00
Meghalaya,South Garo Hills,9,12,9-12 h,1.9791666269302368,1.1985655828274717,2.3721610017193204,0.0,NO ALERT,NO ALERT,20260706,00
Meghalaya,West Garo Hills,9,12,9-12 h,1.5750000476837158,1.4164832395577518,2.230961169846643,0.0,NO ALERT,NO ALERT,20260706,00
Meghalaya,West Khasi Hills,9,12,9-12 h,1.140625,0.7688290212309257,0.8769456023415246,0.0,NO ALERT,NO ALERT,20260706,00
Mizoram,Aizawl,9,12,9-12 h,4.520833492279053,0.35958444336345213,1.6256213948600144,0.0,NO ALERT,NO ALERT,20260706,00
Mizoram,Champhai,9,12,9-12 h,2.734375,0.393379226133291,1.0756463214582177,0.0,NO ALERT,NO ALERT,20260706,00
Mizoram,Kolasib,9,12,9-12 h,2.0,0.8142673026091504,1.6285346052183007,0.0,NO ALERT,NO ALERT,20260706,00
Mizoram,Lawngtlai,9,12,9-12 h,21.25,0.3,6.375,0.0,NO ALERT,NO ALERT,20260706,00
Mizoram,Lunglei,9,12,9-12 h,7.8125,0.34255624595576245,2.676220671529394,0.0,NO ALERT,NO ALERT,20260706,00
Mizoram,Mamit,9,12,9-12 h,2.6041667461395264,0.6080090530356378,1.5833569572671915,0.0,NO ALERT,NO ALERT,20260706,00
Mizoram,Saiha,9,12,9-12 h,28.40625,0.3,8.521875,0.0,NO ALERT,NO ALERT,20260706,00
Mizoram,Serchhip,9,12,9-12 h,14.4375,0.3,4.33125,0.0,NO ALERT,NO ALERT,20260706,00
Nagaland,Dimapur,9,12,9-12 h,2.9375,0.6956002689591826,2.0433257900675987,0.0,NO ALERT,NO ALERT,20260706,00
Nagaland,Kohima,9,12,9-12 h,4.0,0.42200076411911747,1.6880030564764699,0.0,NO ALERT,NO ALERT,20260706,00
Nagaland,Mokokchung,9,12,9-12 h,5.8125,0.6004559914526765,3.490150450318682,0.0,NO ALERT,NO ALERT,20260706,00
Nagaland,Mon,9,12,9-12 h,4.53125,0.35697456601861516,1.61754100227185,0.0,NO ALERT,NO ALERT,20260706,00
Nagaland,Phek,9,12,9-12 h,4.28125,0.4705958392700629,2.0147384368749566,0.0,NO ALERT,NO ALERT,20260706,00
Nagaland,Tuensang,9,12,9-12 h,4.294642925262451,0.307336347541769,1.3198998706462601,0.0,NO ALERT,NO ALERT,20260706,00
Nagaland,Wokha,9,12,9-12 h,3.6875,0.9768878268305281,3.6022738614375722,0.0,NO ALERT,NO ALERT,20260706,00
Nagaland,Zunheboto,9,12,9-12 h,4.3125,0.3,1.29375,0.0,NO ALERT,NO ALERT,20260706,00
Orissa,Angul,9,12,9-12 h,0.2638888955116272,0.3,0.07916666865348816,0.0,NO ALERT,NO ALERT,20260706,00
Orissa,Baleshwar,9,12,9-12 h,0.512499988079071,0.3,0.1537499964237213,0.0,NO ALERT,NO ALERT,20260706,00
Orissa,Baragarh,9,12,9-12 h,1.0625,0.3,0.31875,0.0,NO ALERT,NO ALERT,20260706,00
Orissa,Bhadrak,9,12,9-12 h,0.46875,0.7178511116268625,0.33649270857509184,0.0,NO ALERT,NO ALERT,20260706,00
Orissa,Bolangir,9,12,9-12 h,0.5347222089767456,0.3,0.16041666269302368,0.0,NO ALERT,NO ALERT,20260706,00
Orissa,Boudh,9,12,9-12 h,0.125,0.46951847237716815,0.05868980904714602,0.0,NO ALERT,NO ALERT,20260706,00
Orissa,Cuttack,9,12,9-12 h,0.0803571417927742,3.0,0.2410714253783226,0.0,NO ALERT,NO ALERT,20260706,00
Orissa,Deogarh,9,12,9-12 h,0.5833333134651184,0.5670237411043358,0.3307638377117797,0.0,NO ALERT,NO ALERT,20260706,00
Orissa,Dhenkanal,9,12,9-12 h,0.5729166865348816,0.5066672121395331,0.29027810035484725,0.0,NO ALERT,NO ALERT,20260706,00
Orissa,Gajapati,9,12,9-12 h,0.046875,3.0,0.140625,0.0,NO ALERT,NO ALERT,20260706,00
Orissa,Ganjam,9,12,9-12 h,0.015625,3.0,0.046875,0.0,NO ALERT,NO ALERT,20260706,00
Orissa,Jagatsinghpur,9,12,9-12 h,0.0,1.2982877185824837,0.0,0.0,NO ALERT,NO ALERT,20260706,00
Orissa,Jajpur,9,12,9-12 h,0.887499988079071,1.0825360884765436,0.9607507656180966,0.0,NO ALERT,NO ALERT,20260706,00
Orissa,Jharsuguda,9,12,9-12 h,0.65625,0.3,0.196875,0.0,NO ALERT,NO ALERT,20260706,00
Orissa,Kalahandi,9,12,9-12 h,0.06818182021379471,0.796623750187142,0.05431525731329863,0.0,NO ALERT,NO ALERT,20260706,00
Orissa,Kandhamal,9,12,9-12 h,0.06818182021379471,1.1397211880580418,0.07770826513802591,0.0,NO ALERT,NO ALERT,20260706,00
Orissa,Kendrapara,9,12,9-12 h,0.03125,1.2406367579898423,0.03876989868718257,0.0,NO ALERT,NO ALERT,20260706,00
Orissa,Keonjhar,9,12,9-12 h,0.6041666865348816,0.3,0.18125000596046448,0.0,NO ALERT,NO ALERT,20260706,00
Orissa,Khordha,9,12,9-12 h,0.0,3.0,0.0,0.0,NO ALERT,NO ALERT,20260706,00
Orissa,Koraput,9,12,9-12 h,0.07954545319080353,3.0,0.23863635957241058,0.0,NO ALERT,NO ALERT,20260706,00
Orissa,Malkangiri,9,12,9-12 h,0.3046875,3.0,0.9140625,0.0,NO ALERT,NO ALERT,20260706,00
Orissa,Mayurbhanj,9,12,9-12 h,0.19117647409439087,0.6410187849222774,0.12254771112971168,0.0,NO ALERT,NO ALERT,20260706,00
Orissa,Nabarangpur,9,12,9-12 h,0.2578125,0.9520565250907196,0.24545207287495113,0.0,NO ALERT,NO ALERT,20260706,00
Orissa,Nayagarh,9,12,9-12 h,0.09375,2.7627565849527578,0.25900842983932104,0.0,NO ALERT,NO ALERT,20260706,00
Orissa,Nuapada,9,12,9-12 h,1.0,0.3,0.3,0.0,NO ALERT,NO ALERT,20260706,00
Orissa,Puri,9,12,9-12 h,0.012500000186264515,1.1682139811417622,0.014602674981868837,0.0,NO ALERT,NO ALERT,20260706,00
Orissa,Rayagada,9,12,9-12 h,0.04374999925494194,3.0,0.13124999776482582,0.0,NO ALERT,NO ALERT,20260706,00
Orissa,Sambalpur,9,12,9-12 h,0.3579545319080353,0.3,0.10738635957241058,0.0,NO ALERT,NO ALERT,20260706,00
Orissa,Sonepur,9,12,9-12 h,0.171875,0.3,0.0515625,0.0,NO ALERT,NO ALERT,20260706,00
Orissa,Sundargarh,9,12,9-12 h,1.072115421295166,0.4166264730089146,0.4466716666326716,0.0,NO ALERT,NO ALERT,20260706,00
Puducherry,Karaikal,9,12,9-12 h,0.0,1.0,0.0,0.0,NO ALERT,NO ALERT,20260706,00
Puducherry,Mahe,9,12,9-12 h,0.0,1.0,0.0,0.0,NO ALERT,NO ALERT,20260706,00
Puducherry,Puducherry,9,12,9-12 h,0.0,1.0,0.0,0.0,NO ALERT,NO ALERT,20260706,00
Puducherry,Yanam,9,12,9-12 h,0.0,1.0,0.0,0.0,NO ALERT,NO ALERT,20260706,00
Punjab,Amritsar,9,12,9-12 h,0.0,3.0,0.0,0.0,NO ALERT,NO ALERT,20260706,00
Punjab,Bathinda,9,12,9-12 h,0.3660714328289032,1.0063742042286778,0.36840484690403935,0.0,NO ALERT,NO ALERT,20260706,00
Punjab,Faridkot,9,12,9-12 h,0.0625,1.8166795132507056,0.1135424695781691,0.0,NO ALERT,NO ALERT,20260706,00
Punjab,Fatehgarh Sahib,9,12,9-12 h,0.0,0.7625669248111632,0.0,0.0,NO ALERT,NO ALERT,20260706,00
Punjab,Firozpur,9,12,9-12 h,0.03125,3.0,0.09375,0.0,NO ALERT,NO ALERT,20260706,00
Punjab,Gurdaspur,9,12,9-12 h,0.0,1.0172791491901219,0.0,0.0,NO ALERT,NO ALERT,20260706,00
Punjab,Hoshiarpur,9,12,9-12 h,0.10000000149011612,1.1158502745357433,0.1115850291163208,0.0,NO ALERT,NO ALERT,20260706,00
Punjab,Jalandhar,9,12,9-12 h,0.03125,0.6683787736223664,0.02088683667569895,0.0,NO ALERT,NO ALERT,20260706,00
Punjab,Kapurthala,9,12,9-12 h,0.02083333395421505,0.8043488797650564,0.016757268827844188,0.0,NO ALERT,NO ALERT,20260706,00
Punjab,Ludhiana,9,12,9-12 h,0.13750000298023224,0.6367384031963071,0.08755153233712056,0.0,NO ALERT,NO ALERT,20260706,00
Punjab,Mansa,9,12,9-12 h,0.90625,0.8554010609701591,0.7752072115042067,0.0,NO ALERT,NO ALERT,20260706,00
Punjab,Moga,9,12,9-12 h,0.078125,1.9260465396022144,0.150472385906423,0.0,NO ALERT,NO ALERT,20260706,00
Punjab,Muktsar,9,12,9-12 h,0.0,1.6273890495298178,0.0,0.0,NO ALERT,NO ALERT,20260706,00
Punjab,Nawan Shehar,9,12,9-12 h,0.234375,0.7376809676905092,0.1728939768024631,0.0,NO ALERT,NO ALERT,20260706,00
Punjab,Patiala,9,12,9-12 h,0.03125,0.9906891001535867,0.030959034379799584,0.0,NO ALERT,NO ALERT,20260706,00
Punjab,Rupnagar,9,12,9-12 h,0.25,0.596268251978758,0.1490670629946895,0.0,NO ALERT,NO ALERT,20260706,00
Punjab,Sangrur,9,12,9-12 h,0.6484375,0.6431007768751102,0.4170106600049543,0.0,NO ALERT,NO ALERT,20260706,00
Rajasthan,Ajmer,9,12,9-12 h,3.4666666984558105,0.5105660303364602,1.7699622547301856,0.0,NO ALERT,NO ALERT,20260706,00
Rajasthan,Alwar,9,12,9-12 h,0.0803571417927742,1.763920291704763,0.14174359299167127,0.0,NO ALERT,NO ALERT,20260706,00
Rajasthan,Banswara,9,12,9-12 h,0.5089285969734192,0.3,0.15267857909202576,0.0,NO ALERT,NO ALERT,20260706,00
Rajasthan,Baran,9,12,9-12 h,0.0062500000931322575,1.9242101184358293,0.012026313419429965,0.0,NO ALERT,NO ALERT,20260706,00
Rajasthan,Barmer,9,12,9-12 h,0.012500000186264515,0.9889290802263309,0.012361613687031531,0.0,NO ALERT,NO ALERT,20260706,00
Rajasthan,Bharatpur,9,12,9-12 h,0.03125,1.333984920453584,0.0416870287641745,0.0,NO ALERT,NO ALERT,20260706,00
Rajasthan,Bhilwara,9,12,9-12 h,1.5223214626312256,0.3633962326272162,0.5532058843677409,0.0,NO ALERT,NO ALERT,20260706,00
Rajasthan,Bikaner,9,12,9-12 h,0.12980769574642181,3.0,0.38942308723926544,0.0,NO ALERT,NO ALERT,20260706,00
Rajasthan,Bundi,9,12,9-12 h,0.008928571827709675,3.0,0.026785715483129025,0.0,NO ALERT,NO ALERT,20260706,00
Rajasthan,Chittaurgarh,9,12,9-12 h,0.8705357313156128,0.3,0.2611607193946838,0.0,NO ALERT,NO ALERT,20260706,00
Rajasthan,Churu,9,12,9-12 h,0.2860576808452606,1.401563284200734,0.40092794263632886,0.0,NO ALERT,NO ALERT,20260706,00
Rajasthan,Dausa,9,12,9-12 h,0.1770833283662796,2.1134477396397804,0.37425636006360263,0.0,NO ALERT,NO ALERT,20260706,00
Rajasthan,Dhaulpur,9,12,9-12 h,0.0,3.0,0.0,0.0,NO ALERT,NO ALERT,20260706,00
Rajasthan,Dungarpur,9,12,9-12 h,2.487499952316284,0.3,0.7462499856948852,0.0,NO ALERT,NO ALERT,20260706,00
Rajasthan,Ganganagar,9,12,9-12 h,0.0234375,1.0,0.0234375,0.0,NO ALERT,NO ALERT,20260706,00
Rajasthan,Hanumangarh,9,12,9-12 h,0.3794642984867096,1.571559761267069,0.5963508223391492,0.0,NO ALERT,NO ALERT,20260706,00
Rajasthan,Jaipur,9,12,9-12 h,0.3499999940395355,2.075984689161689,0.7265946288327582,0.0,NO ALERT,NO ALERT,20260706,00
Rajasthan,Jaisalmer,9,12,9-12 h,0.007954545319080353,1.0,0.007954545319080353,0.0,NO ALERT,NO ALERT,20260706,00
Rajasthan,Jalor,9,12,9-12 h,0.55078125,0.3,0.165234375,0.0,NO ALERT,NO ALERT,20260706,00
Rajasthan,Jhalawar,9,12,9-12 h,0.1597222238779068,0.5632776631707748,0.08996796102238666,0.0,NO ALERT,NO ALERT,20260706,00
Rajasthan,Jhunjhunun,9,12,9-12 h,0.203125,1.2604511264027094,0.25602913505055036,0.0,NO ALERT,NO ALERT,20260706,00
Rajasthan,Jodhpur,9,12,9-12 h,0.2959558963775635,0.8001683993228174,0.23681455587458455,0.0,NO ALERT,NO ALERT,20260706,00
Rajasthan,Tonk,9,12,9-12 h,0.2916666567325592,3.0,0.8749999701976776,0.0,NO ALERT,NO ALERT,20260706,00
Rajasthan,Udaipur,9,12,9-12 h,11.55555534362793,0.3,3.466666603088379,0.0,NO ALERT,NO ALERT,20260706,00
Sikkim,East,9,12,9-12 h,1.5625,2.23108818195037,3.486075284297453,0.0,NO ALERT,NO ALERT,20260706,00
Sikkim,North Sikkim,9,12,9-12 h,0.7142857313156128,2.347754056512395,1.6769672232051525,0.0,NO ALERT,NO ALERT,20260706,00
Sikkim,South Sikkim,9,12,9-12 h,0.0,1.0,0.0,0.0,NO ALERT,NO ALERT,20260706,00
Sikkim,West Sikkim,9,12,9-12 h,0.6875,3.0,2.0625,0.0,NO ALERT,NO ALERT,20260706,00
Tamil Nadu,Ariyalur,9,12,9-12 h,0.0,1.0,0.0,0.0,NO ALERT,NO ALERT,20260706,00
Tamil Nadu,Chennai,9,12,9-12 h,0.0,1.0,0.0,0.0,NO ALERT,NO ALERT,20260706,00
Tamil Nadu,Coimbatore,9,12,9-12 h,0.3020833432674408,3.0,0.9062500298023224,0.0,NO ALERT,NO ALERT,20260706,00
Tamil Nadu,Cuddalore,9,12,9-12 h,0.0,1.0,0.0,0.0,NO ALERT,NO ALERT,20260706,00
Tamil Nadu,Dharmapuri,9,12,9-12 h,0.004807692486792803,1.0,0.004807692486792803,0.0,NO ALERT,NO ALERT,20260706,00
Tamil Nadu,Dindigul,9,12,9-12 h,0.0,1.0,0.0,0.0,NO ALERT,NO ALERT,20260706,00
Tamil Nadu,Erode,9,12,9-12 h,0.0,1.0,0.0,0.0,NO ALERT,NO ALERT,20260706,00
Tamil Nadu,Kancheepuram,9,12,9-12 h,0.0,1.0,0.0,0.0,NO ALERT,NO ALERT,20260706,00
Tamil Nadu,Kanniyakumari,9,12,9-12 h,0.0,2.3327618361136246,0.0,0.0,NO ALERT,NO ALERT,20260706,00
Tamil Nadu,Karur,9,12,9-12 h,0.0,1.0,0.0,0.0,NO ALERT,NO ALERT,20260706,00
Tamil Nadu,Sivaganga,9,12,9-12 h,0.0,1.0,0.0,0.0,NO ALERT,NO ALERT,20260706,00
Tamil Nadu,Thanjavur,9,12,9-12 h,0.0,1.0,0.0,0.0,NO ALERT,NO ALERT,20260706,00
Tamil Nadu,Theni,9,12,9-12 h,0.1875,3.0,0.5625,0.0,NO ALERT,NO ALERT,20260706,00
Tamil Nadu,Thiruvallur,9,12,9-12 h,0.015625,1.0,0.015625,0.0,NO ALERT,NO ALERT,20260706,00
Tamil Nadu,Thiruvarur,9,12,9-12 h,0.0,3.0,0.0,0.0,NO ALERT,NO ALERT,20260706,00
Tamil Nadu,Thoothukudi,9,12,9-12 h,0.0,1.0,0.0,0.0,NO ALERT,NO ALERT,20260706,00
Tamil Nadu,Tiruchchirappalli,9,12,9-12 h,0.0,1.0,0.0,0.0,NO ALERT,NO ALERT,20260706,00
Tamil Nadu,Tirunelveli Kattabo,9,12,9-12 h,0.013888888992369175,3.0,0.041666666977107525,0.0,NO ALERT,NO ALERT,20260706,00
Tamil Nadu,Tiruvannamalai,9,12,9-12 h,0.0,1.0,0.0,0.0,NO ALERT,NO ALERT,20260706,00
Tamil Nadu,Vellore,9,12,9-12 h,0.0,1.0,0.0,0.0,NO ALERT,NO ALERT,20260706,00
Tamil Nadu,Villupuram,9,12,9-12 h,0.0,1.0,0.0,0.0,NO ALERT,NO ALERT,20260706,00
Tamil Nadu,Virudhunagar,9,12,9-12 h,0.012500000186264515,1.0,0.012500000186264515,0.0,NO ALERT,NO ALERT,20260706,00
Tripura,Dhalai,9,12,9-12 h,1.25,2.7728682543513306,3.466085317939163,0.0,NO ALERT,NO ALERT,20260706,00
Tripura,North Tripura,9,12,9-12 h,0.59375,1.8373519402302907,1.090927714511735,0.0,NO ALERT,NO ALERT,20260706,00
Tripura,South Tripura,9,12,9-12 h,2.75,0.6883313005588784,1.8929110765369155,0.0,NO ALERT,NO ALERT,20260706,00
Tripura,West Tripura,9,12,9-12 h,0.8854166865348816,1.2952968876484479,1.1468774783406335,0.0,NO ALERT,NO ALERT,20260706,00
Uttar Pradesh,Agra,9,12,9-12 h,0.03125,1.0983193107761748,0.034322478461755464,0.0,NO ALERT,NO ALERT,20260706,00
Uttar Pradesh,Aligarh,9,12,9-12 h,0.1354166716337204,0.8798559857902731,0.11914716911272477,0.0,NO ALERT,NO ALERT,20260706,00
Uttar Pradesh,Allahabad,9,12,9-12 h,0.0446428582072258,0.3288936598778827,0.014682753023183868,0.0,NO ALERT,NO ALERT,20260706,00
Uttar Pradesh,Ambedkar Nagar,9,12,9-12 h,0.0,3.0,0.0,0.0,NO ALERT,NO ALERT,20260706,00
Uttar Pradesh,Auraiya,9,12,9-12 h,0.02083333395421505,3.0,0.06250000186264515,0.0,NO ALERT,NO ALERT,20260706,00
Uttar Pradesh,Azamgarh,9,12,9-12 h,0.012500000186264515,3.0,0.037500000558793545,0.0,NO ALERT,NO ALERT,20260706,00
Uttar Pradesh,Badaun,9,12,9-12 h,0.3303571343421936,2.287464070059984,0.7556800750957471,0.0,NO ALERT,NO ALERT,20260706,00
Uttar Pradesh,Baghpat,9,12,9-12 h,0.0,0.8822997668421744,0.0,0.0,NO ALERT,NO ALERT,20260706,00
Uttar Pradesh,Bahraich,9,12,9-12 h,0.09375,3.0,0.28125,0.0,NO ALERT,NO ALERT,20260706,00
Uttar Pradesh,Ballia,9,12,9-12 h,0.1875,0.782997505218471,0.1468120322284633,0.0,NO ALERT,NO ALERT,20260706,00
Uttar Pradesh,Balrampur,9,12,9-12 h,0.1458333283662796,2.137629415780145,0.3117376125168843,0.0,NO ALERT,NO ALERT,20260706,00
Uttar Pradesh,Banda,9,12,9-12 h,0.010416666977107525,2.6135166709781106,0.027224132800697676,0.0,NO ALERT,NO ALERT,20260706,00
Uttar Pradesh,Bara Banki,9,12,9-12 h,0.0,3.0,0.0,0.0,NO ALERT,NO ALERT,20260706,00
Uttar Pradesh,Bareilly,9,12,9-12 h,0.07500000298023224,2.898412958300566,0.21738098051048618,0.0,NO ALERT,NO ALERT,20260706,00
Uttar Pradesh,Basti,9,12,9-12 h,0.0,2.3821490387413156,0.0,0.0,NO ALERT,NO ALERT,20260706,00
Uttar Pradesh,Bijnor,9,12,9-12 h,0.0,3.0,0.0,0.0,NO ALERT,NO ALERT,20260706,00
Uttar Pradesh,Bulandshahr,9,12,9-12 h,0.0,1.5919798836936727,0.0,0.0,NO ALERT,NO ALERT,20260706,00
Uttar Pradesh,Chandauli,9,12,9-12 h,0.0625,0.38773924304590257,0.02423370269036891,0.0,NO ALERT,NO ALERT,20260706,00
Uttar Pradesh,Chitrakoot,9,12,9-12 h,0.10000000149011612,0.562270950669591,0.05622709590480811,0.0,NO ALERT,NO ALERT,20260706,00
Uttar Pradesh,Deoria,9,12,9-12 h,0.0625,3.0,0.1875,0.0,NO ALERT,NO ALERT,20260706,00
Uttar Pradesh,Etah,9,12,9-12 h,0.140625,2.067726013381379,0.2907739706317564,0.0,NO ALERT,NO ALERT,20260706,00
Uttar Pradesh,Etawah,9,12,9-12 h,0.0625,3.0,0.1875,0.0,NO ALERT,NO ALERT,20260706,00
Uttar Pradesh,Faizabad,9,12,9-12 h,0.0,3.0,0.0,0.0,NO ALERT,NO ALERT,20260706,00
Uttar Pradesh,Farrukhabad,9,12,9-12 h,0.125,3.0,0.375,0.0,NO ALERT,NO ALERT,20260706,00
Uttar Pradesh,Fatehpur,9,12,9-12 h,0.0,1.2397823009215974,0.0,0.0,NO ALERT,NO ALERT,20260706,00
Uttar Pradesh,Firozabad,9,12,9-12 h,0.03125,1.3721040668065834,0.04287825208770573,0.0,NO ALERT,NO ALERT,20260706,00
Uttar Pradesh,Gautam Buddha Nagar,9,12,9-12 h,0.0,0.5126294703835742,0.0,0.0,NO ALERT,NO ALERT,20260706,00
Uttar Pradesh,Ghaziabad,9,12,9-12 h,0.02083333395421505,0.6195152102740974,0.01290656726535603,0.0,NO ALERT,NO ALERT,20260706,00
Uttar Pradesh,Ghazipur,9,12,9-12 h,0.15000000596046448,0.9133276607025872,0.13699915454924516,0.0,NO ALERT,NO ALERT,20260706,00
Uttar Pradesh,Gonda,9,12,9-12 h,0.0982142835855484,3.0,0.2946428507566452,0.0,NO ALERT,NO ALERT,20260706,00
Uttar Pradesh,Gorakhpur,9,12,9-12 h,0.0,3.0,0.0,0.0,NO ALERT,NO ALERT,20260706,00
Uttar Pradesh,Hamirpur,9,12,9-12 h,0.0446428582072258,1.0,0.0446428582072258,0.0,NO ALERT,NO ALERT,20260706,00
Uttar Pradesh,Hardoi,9,12,9-12 h,0.0555555559694767,3.0,0.1666666679084301,0.0,NO ALERT,NO ALERT,20260706,00
Uttar Pradesh,Hathras,9,12,9-12 h,0.6875,0.6899235208352951,0.4743224205742654,0.0,NO ALERT,NO ALERT,20260706,00
Uttar Pradesh,Jalaun,9,12,9-12 h,0.0,1.0,0.0,0.0,NO ALERT,NO ALERT,20260706,00
Uttar Pradesh,Jaunpur,9,12,9-12 h,0.0,1.4820370115645944,0.0,0.0,NO ALERT,NO ALERT,20260706,00
Uttar Pradesh,Jhansi,9,12,9-12 h,0.0416666679084301,1.0,0.0416666679084301,0.0,NO ALERT,NO ALERT,20260706,00
Uttar Pradesh,Jyotiba Phule Nagar,9,12,9-12 h,0.0,2.7207409304746526,0.0,0.0,NO ALERT,NO ALERT,20260706,00
Uttar Pradesh,Kannauj,9,12,9-12 h,0.0,1.0,0.0,0.0,NO ALERT,NO ALERT,20260706,00
Uttar Pradesh,Kanpur,9,12,9-12 h,0.0,3.0,0.0,0.0,NO ALERT,NO ALERT,20260706,00
Uttar Pradesh,Kanpur Dehat,9,12,9-12 h,0.008928571827709675,1.0,0.008928571827709675,0.0,NO ALERT,NO ALERT,20260706,00
Uttar Pradesh,Kaushambi,9,12,9-12 h,0.0,0.8478967173116988,0.0,0.0,NO ALERT,NO ALERT,20260706,00
Uttar Pradesh,Kushinagar,9,12,9-12 h,0.1875,3.0,0.5625,0.0,NO ALERT,NO ALERT,20260706,00
Uttar Pradesh,Lakhimpur Kheri,9,12,9-12 h,0.06818182021379471,3.0,0.20454546064138412,0.0,NO ALERT,NO ALERT,20260706,00
Uttar Pradesh,Lalitpur,9,12,9-12 h,0.15625,2.6401848571460835,0.41252888392907555,0.0,NO ALERT,NO ALERT,20260706,00
Uttar Pradesh,Lucknow,9,12,9-12 h,0.0,2.284626632442603,0.0,0.0,NO ALERT,NO ALERT,20260706,00
Uttar Pradesh,Maharajganj,9,12,9-12 h,0.0,1.0,0.0,0.0,NO ALERT,NO ALERT,20260706,00
Uttar Pradesh,Mahoba,9,12,9-12 h,0.02083333395421505,1.0,0.02083333395421505,0.0,NO ALERT,NO ALERT,20260706,00
Uttar Pradesh,Mainpuri,9,12,9-12 h,0.2874999940395355,2.6323788094303384,0.7568088920210219,0.0,NO ALERT,NO ALERT,20260706,00
Uttar Pradesh,Mathura,9,12,9-12 h,0.08749999850988388,0.7910712809124609,0.06921873590105226,0.0,NO ALERT,NO ALERT,20260706,00
Uttar Pradesh,Mau,9,12,9-12 h,0.03750000149011612,1.9114426031786989,0.07167910046747264,0.0,NO ALERT,NO ALERT,20260706,00
Uttar Pradesh,Meerut,9,12,9-12 h,0.0,0.9643158928227719,0.0,0.0,NO ALERT,NO ALERT,20260706,00
Uttar Pradesh,Mirzapur,9,12,9-12 h,0.2291666716337204,0.35710016022873065,0.08183545515948645,0.0,NO ALERT,NO ALERT,20260706,00
Uttar Pradesh,Moradabad,9,12,9-12 h,0.03125,1.91329315618519,0.05979041113078719,0.0,NO ALERT,NO ALERT,20260706,00
Uttar Pradesh,Muzaffarnagar,9,12,9-12 h,0.0,1.0943905970571934,0.0,0.0,NO ALERT,NO ALERT,20260706,00
Uttar Pradesh,Pilibhit,9,12,9-12 h,0.0,3.0,0.0,0.0,NO ALERT,NO ALERT,20260706,00
Uttar Pradesh,Pratapgarh,9,12,9-12 h,0.0,1.7597048613363788,0.0,0.0,NO ALERT,NO ALERT,20260706,00
Uttar Pradesh,Rae Bareli,9,12,9-12 h,0.0,1.1033504252204083,0.0,0.0,NO ALERT,NO ALERT,20260706,00
Uttar Pradesh,Rampur,9,12,9-12 h,0.03125,3.0,0.09375,0.0,NO ALERT,NO ALERT,20260706,00
Uttar Pradesh,Saharanpur,9,12,9-12 h,0.0,1.2072077539321737,0.0,0.0,NO ALERT,NO ALERT,20260706,00
Uttar Pradesh,Sant Kabir Nagar,9,12,9-12 h,0.03125,3.0,0.09375,0.0,NO ALERT,NO ALERT,20260706,00
Uttar Pradesh,Sant Ravi Das Nagar,9,12,9-12 h,0.0,0.7357740655714142,0.0,0.0,NO ALERT,NO ALERT,20260706,00
Uttar Pradesh,Shahjahanpur,9,12,9-12 h,0.0,3.0,0.0,0.0,NO ALERT,NO ALERT,20260706,00
Uttar Pradesh,Shravasti,9,12,9-12 h,0.234375,3.0,0.703125,0.0,NO ALERT,NO ALERT,20260706,00
Uttar Pradesh,Siddharth Nagar,9,12,9-12 h,0.02083333395421505,3.0,0.06250000186264515,0.0,NO ALERT,NO ALERT,20260706,00
Uttar Pradesh,Sitapur,9,12,9-12 h,0.0833333358168602,3.0,0.2500000074505806,0.0,NO ALERT,NO ALERT,20260706,00
Uttar Pradesh,Sonbhadra,9,12,9-12 h,1.15625,0.36184466178439245,0.4183828901882038,0.0,NO ALERT,NO ALERT,20260706,00
Uttar Pradesh,Sultanpur,9,12,9-12 h,0.010416666977107525,3.0,0.031250000931322575,0.0,NO ALERT,NO ALERT,20260706,00
Uttar Pradesh,Unnao,9,12,9-12 h,0.0,2.072396332849315,0.0,0.0,NO ALERT,NO ALERT,20260706,00
Uttar Pradesh,Varanasi,9,12,9-12 h,0.015625,0.7173701896151363,0.011208909212736505,0.0,NO ALERT,NO ALERT,20260706,00
Uttaranchal,Almora,9,12,9-12 h,0.140625,0.9821425065093953,0.1381137899778837,0.0,NO ALERT,NO ALERT,20260706,00
Uttaranchal,Bageshwar,9,12,9-12 h,0.4625000059604645,1.1747002010493959,0.5432988499871044,0.0,NO ALERT,NO ALERT,20260706,00
Uttaranchal,Chamoli,9,12,9-12 h,1.8802083730697632,0.9639619688833851,1.8124493652153553,0.0,NO ALERT,NO ALERT,20260706,00
Uttaranchal,Champawat,9,12,9-12 h,0.25,1.3345860907380185,0.3336465226845046,0.0,NO ALERT,NO ALERT,20260706,00
Uttaranchal,Dehra Dun,9,12,9-12 h,1.8125,0.6132870486378237,1.1115827756560555,0.0,NO ALERT,NO ALERT,20260706,00
Uttaranchal,Haridwar,9,12,9-12 h,0.0,3.0,0.0,0.0,NO ALERT,NO ALERT,20260706,00
Uttaranchal,Naini Tal,9,12,9-12 h,0.21875,3.0,0.65625,0.0,NO ALERT,NO ALERT,20260706,00
Uttaranchal,Pauri Garhwal,9,12,9-12 h,0.9375,0.6525376956382899,0.6117540896608967,0.0,NO ALERT,NO ALERT,20260706,00
Uttaranchal,Pithoragarh,9,12,9-12 h,0.28977271914482117,1.4492140668178521,0.41994270076473356,0.0,NO ALERT,NO ALERT,20260706,00
Uttaranchal,Rudra Prayag,9,12,9-12 h,4.59375,0.4569764664782921,2.099235642884654,0.0,NO ALERT,NO ALERT,20260706,00
Uttaranchal,Tehri Garhwal,9,12,9-12 h,3.1666667461395264,0.43032490849803356,1.3626955777762573,0.0,NO ALERT,NO ALERT,20260706,00
Uttaranchal,Udham Singh Nagar,9,12,9-12 h,0.03125,3.0,0.09375,0.0,NO ALERT,NO ALERT,20260706,00
Uttaranchal,Uttarkashi,9,12,9-12 h,2.5989582538604736,0.5922627381468989,1.5392661317608873,0.0,NO ALERT,NO ALERT,20260706,00
West Bengal,Bankura,9,12,9-12 h,0.8125,0.8139789747747026,0.6613579170044459,0.0,NO ALERT,NO ALERT,20260706,00
West Bengal,Barddhaman,9,12,9-12 h,0.22159090638160706,0.574892656930282,0.12739098492131146,0.0,NO ALERT,NO ALERT,20260706,00
West Bengal,Birbhum,9,12,9-12 h,0.5078125,0.5294498373329074,0.268861245520617,0.0,NO ALERT,NO ALERT,20260706,00
West Bengal,Dakshin Dinajpur,9,12,9-12 h,0.8541666865348816,3.0,2.5625000596046448,0.0,NO ALERT,NO ALERT,20260706,00
West Bengal,Darjiling,9,12,9-12 h,0.6875,0.7026692764985678,0.48308512759276534,0.0,NO ALERT,NO ALERT,20260706,00
West Bengal,East Midnapore,9,12,9-12 h,0.15625,0.8881573288438509,0.13877458263185172,0.0,NO ALERT,NO ALERT,20260706,00
West Bengal,Haora,9,12,9-12 h,0.375,1.2481811405444279,0.46806792770416045,0.0,NO ALERT,NO ALERT,20260706,00
West Bengal,Hugli,9,12,9-12 h,0.28125,0.8639513302480973,0.24298631163227738,0.0,NO ALERT,NO ALERT,20260706,00
West Bengal,Jalpaiguri,9,12,9-12 h,1.7083333730697632,0.4477323529410921,0.7648761207323176,0.0,NO ALERT,NO ALERT,20260706,00
West Bengal,Kochbihar,9,12,9-12 h,0.46875,0.4180542781060552,0.19596294286221339,0.0,NO ALERT,NO ALERT,20260706,00
West Bengal,Kolkata,9,12,9-12 h,0.0,1.0,0.0,0.0,NO ALERT,NO ALERT,20260706,00
West Bengal,Maldah,9,12,9-12 h,0.7250000238418579,1.8447625989600538,1.3374529282286067,0.0,NO ALERT,NO ALERT,20260706,00
West Bengal,Murshidabad,9,12,9-12 h,1.3333333730697632,0.5481165988025845,0.7308221535169761,0.0,NO ALERT,NO ALERT,20260706,00
West Bengal,Nadia,9,12,9-12 h,0.3229166567325592,0.5519673667157511,0.17823945668532482,0.0,NO ALERT,NO ALERT,20260706,00
West Bengal,North 24 Parganas,9,12,9-12 h,0.3046875,0.5171853011924324,0.15757989645706927,0.0,NO ALERT,NO ALERT,20260706,00
West Bengal,Puruliya,9,12,9-12 h,1.1805555820465088,0.5083553982476996,0.6001418030647978,0.0,NO ALERT,NO ALERT,20260706,00
West Bengal,South 24 Parganas,9,12,9-12 h,0.28125,0.39550141013305273,0.11123477159992108,0.0,NO ALERT,NO ALERT,20260706,00
West Bengal,Uttar Dinajpur,9,12,9-12 h,1.1124999523162842,0.7118445881113709,0.791927070330505,0.0,NO ALERT,NO ALERT,20260706,00
West Bengal,West Midnapore,9,12,9-12 h,0.04374999925494194,1.4849613290035115,0.06496705703752122,0.0,NO ALERT,NO ALERT,20260706,00
Arunachal Pradesh,Papum Pare,12,15,12-15 h,0.0,0.9533183125255726,0.0,0.0,NO ALERT,NO ALERT,20260706,00
Arunachal Pradesh,Tawang,12,15,12-15 h,0.0,1.1388765971638852,0.0,0.0,NO ALERT,NO ALERT,20260706,00
Arunachal Pradesh,Tirap,12,15,12-15 h,0.0,0.3651383081547162,0.0,0.0,NO ALERT,NO ALERT,20260706,00
Arunachal Pradesh,Upper Dibang Valley,12,15,12-15 h,0.0,1.028310112978305,0.0,0.0,NO ALERT,NO ALERT,20260706,00
Arunachal Pradesh,Upper Siang,12,15,12-15 h,0.4513888955116272,1.2039424484099477,0.5434462520473305,0.0,NO ALERT,NO ALERT,20260706,00
Arunachal Pradesh,Upper Subansiri,12,15,12-15 h,0.5859375,0.5158400571515395,0.3022500334872302,0.0,NO ALERT,NO ALERT,20260706,00
Arunachal Pradesh,West Kameng,12,15,12-15 h,0.5454545617103577,0.6603703450016216,0.3602020170993772,0.0,NO ALERT,NO ALERT,20260706,00
Arunachal Pradesh,West Siang,12,15,12-15 h,0.005681818351149559,0.797134356200177,0.004529172613389955,0.0,NO ALERT,NO ALERT,20260706,00
Assam,Barpeta,12,15,12-15 h,0.8229166865348816,0.6024484372218926,0.49576487176675743,0.0,NO ALERT,NO ALERT,20260706,00
Assam,Bongaigaon,12,15,12-15 h,0.15625,0.46296589037388325,0.07233842037091925,0.0,NO ALERT,NO ALERT,20260706,00
Assam,Cachar,12,15,12-15 h,0.1041666641831398,0.5608794743553766,0.05842494385239248,0.0,NO ALERT,NO ALERT,20260706,00
Assam,Darrang,12,15,12-15 h,5.4375,0.3,1.6312499999999999,0.0,NO ALERT,NO ALERT,20260706,00
Assam,Dhemaji,12,15,12-15 h,2.078125,0.3,0.6234375,0.0,NO ALERT,NO ALERT,20260706,00
Assam,Dhuburi,12,15,12-15 h,3.03125,0.32508121737137274,0.9854024401569736,0.0,NO ALERT,NO ALERT,20260706,00
Assam,Dibrugarh,12,15,12-15 h,0.65625,0.3174379415214978,0.2083186491234829,0.0,NO ALERT,NO ALERT,20260706,00
Assam,Goalpara,12,15,12-15 h,0.9583333134651184,0.35666832552213257,0.34180713820568076,0.0,NO ALERT,NO ALERT,20260706,00
Assam,Golaghat,12,15,12-15 h,0.0,1.2381989938745952,0.0,0.0,NO ALERT,NO ALERT,20260706,00
Assam,Hailakandi,12,15,12-15 h,0.0,0.8229121215241156,0.0,0.0,NO ALERT,NO ALERT,20260706,00
Assam,Jorhat,12,15,12-15 h,1.0625,0.6894283364621259,0.7325176074910087,0.0,NO ALERT,NO ALERT,20260706,00
Assam,Kamrup,12,15,12-15 h,0.7395833134651184,0.3664044900075036,0.27098664678824635,0.0,NO ALERT,NO ALERT,20260706,00
Assam,Karbi Anglong,12,15,12-15 h,0.0,0.4270362077260787,0.0,0.0,NO ALERT,NO ALERT,20260706,00
Assam,Karimganj,12,15,12-15 h,0.0,0.6822626455335654,0.0,0.0,NO ALERT,NO ALERT,20260706,00
Assam,Kokrajhar,12,15,12-15 h,0.0,0.37030806257959376,0.0,0.0,NO ALERT,NO ALERT,20260706,00
Assam,Lakhimpur,12,15,12-15 h,2.9583332538604736,0.8540887789555129,2.5266792365331816,0.0,NO ALERT,NO ALERT,20260706,00
Assam,Marigaon,12,15,12-15 h,0.0,0.3,0.0,0.0,NO ALERT,NO ALERT,20260706,00
Assam,Nagaon,12,15,12-15 h,0.8333333134651184,0.38673451003625536,0.32227875067982176,0.0,NO ALERT,NO ALERT,20260706,00
Assam,Nalbari,12,15,12-15 h,0.2708333432674408,0.5554100332386462,0.150423556186303,0.0,NO ALERT,NO ALERT,20260706,00
Assam,North Cachar Hills,12,15,12-15 h,0.0535714291036129,1.1126078231817818,0.0596039911197079,0.0,NO ALERT,NO ALERT,20260706,00
Assam,Sibsagar,12,15,12-15 h,1.625,0.6339424569321858,1.030156492514802,0.0,NO ALERT,NO ALERT,20260706,00
Assam,Sonitpur,12,15,12-15 h,5.787499904632568,0.3,1.7362499713897706,0.0,NO ALERT,NO ALERT,20260706,00
Assam,Tinsukia,12,15,12-15 h,3.075000047683716,0.3,0.9225000143051147,0.0,NO ALERT,NO ALERT,20260706,00
Bihar,Araria,12,15,12-15 h,0.515625,0.5229429825116881,0.2696424753575892,0.0,NO ALERT,NO ALERT,20260706,00
Bihar,Aurangabad,12,15,12-15 h,0.0,0.35000296398043534,0.0,0.0,NO ALERT,NO ALERT,20260706,00
Bihar,Banka,12,15,12-15 h,0.0,0.7184756982670082,0.0,0.0,NO ALERT,NO ALERT,20260706,00
Bihar,Begusarai,12,15,12-15 h,0.40625,2.5062878804279856,1.0181794514238691,0.0,NO ALERT,NO ALERT,20260706,00
Bihar,Bhabua,12,15,12-15 h,0.4583333432674408,0.3407437709399486,0.1561742317324617,0.0,NO ALERT,NO ALERT,20260706,00
Bihar,Bhagalpur,12,15,12-15 h,0.0,1.0689963787452375,0.0,0.0,NO ALERT,NO ALERT,20260706,00
Bihar,Bhojpur,12,15,12-15 h,0.0,0.4776323743598687,0.0,0.0,NO ALERT,NO ALERT,20260706,00
Bihar,Buxar,12,15,12-15 h,0.0,0.8075695227139618,0.0,0.0,NO ALERT,NO ALERT,20260706,00
Bihar,Darbhanga,12,15,12-15 h,0.0,3.0,0.0,0.0,NO ALERT,NO ALERT,20260706,00
Bihar,Gaya,12,15,12-15 h,0.04374999925494194,0.363978205648116,0.01592404622592018,0.0,NO ALERT,NO ALERT,20260706,00
Bihar,Gopalganj,12,15,12-15 h,0.0,2.547002946333611,0.0,0.0,NO ALERT,NO ALERT,20260706,00
Bihar,Jamui,12,15,12-15 h,0.0,0.6349210991185491,0.0,0.0,NO ALERT,NO ALERT,20260706,00
Bihar,Jehanabad,12,15,12-15 h,0.0,0.5056413165810456,0.0,0.0,NO ALERT,NO ALERT,20260706,00
Bihar,Katihar,12,15,12-15 h,0.25,1.607854247376458,0.4019635618441145,0.0,NO ALERT,NO ALERT,20260706,00
Bihar,Khagaria,12,15,12-15 h,0.0,1.903639559935811,0.0,0.0,NO ALERT,NO ALERT,20260706,00
Bihar,Kishanganj,12,15,12-15 h,0.75,0.5333674240043547,0.400025568003266,0.0,NO ALERT,NO ALERT,20260706,00
Bihar,Lakhisarai,12,15,12-15 h,0.0,1.0458318462971934,0.0,0.0,NO ALERT,NO ALERT,20260706,00
Bihar,Madhepura,12,15,12-15 h,0.453125,1.1618894539535725,0.5264811588227125,0.0,NO ALERT,NO ALERT,20260706,00
Bihar,Madhubani,12,15,12-15 h,0.0,1.4408870594945968,0.0,0.0,NO ALERT,NO ALERT,20260706,00
Bihar,Munger,12,15,12-15 h,0.0,1.0672109647237193,0.0,0.0,NO ALERT,NO ALERT,20260706,00
Bihar,Muzaffarpur,12,15,12-15 h,0.0,2.179447337729882,0.0,0.0,NO ALERT,NO ALERT,20260706,00
Bihar,Nalanda,12,15,12-15 h,0.21875,1.0296407182961889,0.2252339071272913,0.0,NO ALERT,NO ALERT,20260706,00
Bihar,Nawada,12,15,12-15 h,0.0,0.4708261828175211,0.0,0.0,NO ALERT,NO ALERT,20260706,00
Bihar,Pashchim Champaran,12,15,12-15 h,0.6328125,2.3983339096854386,1.5176956772228165,0.0,NO ALERT,NO ALERT,20260706,00
Bihar,Patna,12,15,12-15 h,0.1875,0.8338239891381003,0.15634199796339382,0.0,NO ALERT,NO ALERT,20260706,00
Bihar,Purba Champaran,12,15,12-15 h,0.012500000186264515,3.0,0.037500000558793545,0.0,NO ALERT,NO ALERT,20260706,00
Bihar,Purnia,12,15,12-15 h,1.8333333730697632,0.5942910400177946,1.089533596980961,0.0,NO ALERT,NO ALERT,20260706,00
Bihar,Rohtas,12,15,12-15 h,0.0,0.33297800858631404,0.0,0.0,NO ALERT,NO ALERT,20260706,00
Bihar,Saharsa,12,15,12-15 h,0.125,2.0970945990316596,0.26213682487895745,0.0,NO ALERT,NO ALERT,20260706,00
Bihar,Samastipur,12,15,12-15 h,0.0,2.7195437456214746,0.0,0.0,NO ALERT,NO ALERT,20260706,00
Bihar,Saran,12,15,12-15 h,0.5625,0.9861629519125841,0.5547166604508286,0.0,NO ALERT,NO ALERT,20260706,00
Bihar,Sheikhpura,12,15,12-15 h,0.0,0.7062180227612795,0.0,0.0,NO ALERT,NO ALERT,20260706,00
Bihar,Sheohar,12,15,12-15 h,0.0,1.0,0.0,0.0,NO ALERT,NO ALERT,20260706,00
Madhya Pradesh,Tikamgarh,12,15,12-15 h,0.0,3.0,0.0,0.0,NO ALERT,NO ALERT,20260706,00
Madhya Pradesh,Ujjain,12,15,12-15 h,7.5714287757873535,0.3,2.271428632736206,0.0,NO ALERT,NO ALERT,20260706,00
Madhya Pradesh,Umaria,12,15,12-15 h,0.0,0.3,0.0,0.0,NO ALERT,NO ALERT,20260706,00
Madhya Pradesh,Vidisha,12,15,12-15 h,0.1597222238779068,0.41390940472058413,0.06611053060595228,0.0,NO ALERT,NO ALERT,20260706,00
Madhya Pradesh,West Nimar,12,15,12-15 h,0.0,0.44485233351497017,0.0,0.0,NO ALERT,NO ALERT,20260706,00
Maharashtra,Ahmednagar,12,15,12-15 h,0.4107142984867096,0.3,0.12321428954601288,0.0,NO ALERT,NO ALERT,20260706,00
Maharashtra,Akola,12,15,12-15 h,0.0,0.6882367881901188,0.0,0.0,NO ALERT,NO ALERT,20260706,00
Maharashtra,Amravati,12,15,12-15 h,0.87109375,0.9339314439149177,0.8135418437227603,0.0,NO ALERT,NO ALERT,20260706,00
Maharashtra,Aurangabad,12,15,12-15 h,0.0,0.5067375479619736,0.0,0.0,NO ALERT,NO ALERT,20260706,00
Maharashtra,Bhandara,12,15,12-15 h,0.1666666716337204,0.44561608275608444,0.07426934933941311,0.0,NO ALERT,NO ALERT,20260706,00
Maharashtra,Bid,12,15,12-15 h,0.0,0.6836711063440929,0.0,0.0,NO ALERT,NO ALERT,20260706,00
Maharashtra,Buldana,12,15,12-15 h,0.014423076994717121,1.3375042100354553,0.01929092620209967,0.0,NO ALERT,NO ALERT,20260706,00
Maharashtra,Chandrapur,12,15,12-15 h,0.0,1.3798679824200135,0.0,0.0,NO ALERT,NO ALERT,20260706,00
Maharashtra,Dhule,12,15,12-15 h,0.0,0.3092955395113148,0.0,0.0,NO ALERT,NO ALERT,20260706,00
Maharashtra,Garhchiroli,12,15,12-15 h,0.0,0.7873463730204786,0.0,0.0,NO ALERT,NO ALERT,20260706,00
Maharashtra,Gondiya,12,15,12-15 h,0.0,0.604748128777892,0.0,0.0,NO ALERT,NO ALERT,20260706,00
Maharashtra,Greater Bombay,12,15,12-15 h,0.0,0.3,0.0,0.0,NO ALERT,NO ALERT,20260706,00
Maharashtra,Hingoli,12,15,12-15 h,0.0,2.239290183539015,0.0,0.0,NO ALERT,NO ALERT,20260706,00
Maharashtra,Jalgaon,12,15,12-15 h,0.0,0.5762232307671074,0.0,0.0,NO ALERT,NO ALERT,20260706,00
Maharashtra,Jalna,12,15,12-15 h,0.0,3.0,0.0,0.0,NO ALERT,NO ALERT,20260706,00
Maharashtra,Kolhapur,12,15,12-15 h,0.0,0.41287151840747965,0.0,0.0,NO ALERT,NO ALERT,20260706,00
Maharashtra,Latur,12,15,12-15 h,0.0,1.50430828029553,0.0,0.0,NO ALERT,NO ALERT,20260706,00
Maharashtra,Nagpur,12,15,12-15 h,0.15416666865348816,0.5156920875720314,0.07950253119194298,0.0,NO ALERT,NO ALERT,20260706,00
Maharashtra,Nanded,12,15,12-15 h,0.0,1.9327884430663378,0.0,0.0,NO ALERT,NO ALERT,20260706,00
Maharashtra,Nandurbar,12,15,12-15 h,0.0,0.3,0.0,0.0,NO ALERT,NO ALERT,20260706,00
Maharashtra,Nashik,12,15,12-15 h,0.7228260636329651,0.3,0.2168478190898895,0.0,NO ALERT,NO ALERT,20260706,00
Maharashtra,Osmanabad,12,15,12-15 h,0.0,0.3793131751187402,0.0,0.0,NO ALERT,NO ALERT,20260706,00
Maharashtra,Parbhani,12,15,12-15 h,0.0,3.0,0.0,0.0,NO ALERT,NO ALERT,20260706,00
Madhya Pradesh,Balaghat,12,15,12-15 h,0.0,0.3,0.0,0.0,NO ALERT,NO ALERT,20260706,00
Madhya Pradesh,Barwani,12,15,12-15 h,0.0,0.336734408265465,0.0,0.0,NO ALERT,NO ALERT,20260706,00
Madhya Pradesh,Betul,12,15,12-15 h,0.12109375,0.3,0.036328124999999996,0.0,NO ALERT,NO ALERT,20260706,00
Madhya Pradesh,Bhind,12,15,12-15 h,0.0,3.0,0.0,0.0,NO ALERT,NO ALERT,20260706,00
Madhya Pradesh,Bhopal,12,15,12-15 h,0.012500000186264515,0.364615889459979,0.004557698686164739,0.0,NO ALERT,NO ALERT,20260706,00
Madhya Pradesh,Burhanpur,12,15,12-15 h,0.1041666641831398,1.2142310318773522,0.12648239613831547,0.0,NO ALERT,NO ALERT,20260706,00
Madhya Pradesh,Chhatarpur,12,15,12-15 h,0.028846153989434242,2.317805072305432,0.06685976203321427,0.0,NO ALERT,NO ALERT,20260706,00
Madhya Pradesh,Chhindwara,12,15,12-15 h,3.5916666984558105,0.3,1.077500009536743,0.0,NO ALERT,NO ALERT,20260706,00
Madhya Pradesh,Damoh,12,15,12-15 h,1.7999999523162842,0.36117172586835916,0.6501090893410365,0.0,NO ALERT,NO ALERT,20260706,00
Rajasthan,Karauli,12,15,12-15 h,0.1607142835855484,2.7439746691600675,0.4409959231309524,0.0,NO ALERT,NO ALERT,20260706,00
Rajasthan,Kota,12,15,12-15 h,0.0,2.9527826759430753,0.0,0.0,NO ALERT,NO ALERT,20260706,00
Rajasthan,Nagaur,12,15,12-15 h,0.024038461968302727,1.1882893373752281,0.02856464804383407,0.0,NO ALERT,NO ALERT,20260706,00
Rajasthan,Pali,12,15,12-15 h,0.716911792755127,0.3,0.21507353782653807,0.0,NO ALERT,NO ALERT,20260706,00
Rajasthan,Rajsamand,12,15,12-15 h,1.3660714626312256,0.3,0.40982143878936766,0.0,NO ALERT,NO ALERT,20260706,00
Rajasthan,Sawai Madhopur,12,15,12-15 h,0.0535714291036129,3.0,0.1607142873108387,0.0,NO ALERT,NO ALERT,20260706,00
Rajasthan,Sikar,12,15,12-15 h,0.0364583320915699,1.51752888887864,0.055326572189288534,0.0,NO ALERT,NO ALERT,20260706,00
Rajasthan,Sirohi,12,15,12-15 h,4.6875,0.3,1.40625,0.0,NO ALERT,NO ALERT,20260706,00
Tamil Nadu,Madurai,12,15,12-15 h,0.0,1.0,0.0,0.0,NO ALERT,NO ALERT,20260706,00
Tamil Nadu,Nagapattinam,12,15,12-15 h,0.1458333283662796,3.0,0.4374999850988388,0.0,NO ALERT,NO ALERT,20260706,00
Tamil Nadu,Namakkal,12,15,12-15 h,0.0,1.0,0.0,0.0,NO ALERT,NO ALERT,20260706,00
Tamil Nadu,Nilgiris,12,15,12-15 h,0.0,1.7038905536806261,0.0,0.0,NO ALERT,NO ALERT,20260706,00
Tamil Nadu,Perambalur,12,15,12-15 h,0.0,1.0,0.0,0.0,NO ALERT,NO ALERT,20260706,00
Tamil Nadu,Pudukkottai,12,15,12-15 h,0.0,1.0,0.0,0.0,NO ALERT,NO ALERT,20260706,00
Tamil Nadu,Ramanathapuram,12,15,12-15 h,0.0,1.0,0.0,0.0,NO ALERT,NO ALERT,20260706,00
Tamil Nadu,Salem,12,15,12-15 h,0.0,1.0,0.0,0.0,NO ALERT,NO ALERT,20260706,00
Andaman and Nicobar,Andaman Islands,12,15,12-15 h,0.0555555559694767,1.0,0.0555555559694767,0.0,NO ALERT,NO ALERT,20260706,00
Andaman and Nicobar,Nicobar Islands,12,15,12-15 h,0.0,1.0,0.0,0.0,NO ALERT,NO ALERT,20260706,00
Andhra Pradesh,Adilabad,12,15,12-15 h,0.0,3.0,0.0,0.0,NO ALERT,NO ALERT,20260706,00
Andhra Pradesh,Anantapur,12,15,12-15 h,0.0,1.0,0.0,0.0,NO ALERT,NO ALERT,20260706,00
Andhra Pradesh,Chittoor,12,15,12-15 h,0.0,1.0,0.0,0.0,NO ALERT,NO ALERT,20260706,00
Andhra Pradesh,Cuddapah,12,15,12-15 h,0.0,1.0,0.0,0.0,NO ALERT,NO ALERT,20260706,00
Andhra Pradesh,East Godavari,12,15,12-15 h,0.04411764815449715,3.0,0.13235294446349144,0.0,NO ALERT,NO ALERT,20260706,00
Andhra Pradesh,Guntur,12,15,12-15 h,0.008333333767950535,3.0,0.025000001303851604,0.0,NO ALERT,NO ALERT,20260706,00
Andhra Pradesh,Hyderabad,12,15,12-15 h,0.0,1.0,0.0,0.0,NO ALERT,NO ALERT,20260706,00
Andhra Pradesh,Karimnagar,12,15,12-15 h,0.0,2.1393520898236744,0.0,0.0,NO ALERT,NO ALERT,20260706,00
Andhra Pradesh,Khammam,12,15,12-15 h,0.0,3.0,0.0,0.0,NO ALERT,NO ALERT,20260706,00
Andhra Pradesh,Krishna,12,15,12-15 h,0.02083333395421505,3.0,0.06250000186264515,0.0,NO ALERT,NO ALERT,20260706,00
Andhra Pradesh,Kurnool,12,15,12-15 h,0.0027173913549631834,3.0,0.00815217406488955,0.0,NO ALERT,NO ALERT,20260706,00
Andhra Pradesh,Mahbubnagar,12,15,12-15 h,0.02083333395421505,3.0,0.06250000186264515,0.0,NO ALERT,NO ALERT,20260706,00
Andhra Pradesh,Medak,12,15,12-15 h,0.0,1.1350579038438837,0.0,0.0,NO ALERT,NO ALERT,20260706,00
Andhra Pradesh,Nalgonda,12,15,12-15 h,0.0,3.0,0.0,0.0,NO ALERT,NO ALERT,20260706,00
Andhra Pradesh,Nellore,12,15,12-15 h,0.0,1.0,0.0,0.0,NO ALERT,NO ALERT,20260706,00
Andhra Pradesh,Nizamabad,12,15,12-15 h,0.0,3.0,0.0,0.0,NO ALERT,NO ALERT,20260706,00
Andhra Pradesh,Prakasam,12,15,12-15 h,0.0052083334885537624,1.0,0.0052083334885537624,0.0,NO ALERT,NO ALERT,20260706,00
Andhra Pradesh,Rangareddi,12,15,12-15 h,0.0,2.274697750563405,0.0,0.0,NO ALERT,NO ALERT,20260706,00
Andhra Pradesh,Srikakulam,12,15,12-15 h,0.0,3.0,0.0,0.0,NO ALERT,NO ALERT,20260706,00
Andhra Pradesh,Vishakhapatnam,12,15,12-15 h,0.09583333134651184,3.0,0.2874999940395355,0.0,NO ALERT,NO ALERT,20260706,00
Andhra Pradesh,Vizianagaram,12,15,12-15 h,0.0,3.0,0.0,0.0,NO ALERT,NO ALERT,20260706,00
Andhra Pradesh,Warangal,12,15,12-15 h,0.0,3.0,0.0,0.0,NO ALERT,NO ALERT,20260706,00
Andhra Pradesh,West Godavari,12,15,12-15 h,0.02500000037252903,3.0,0.07500000111758709,0.0,NO ALERT,NO ALERT,20260706,00
Arunachal Pradesh,Changlang,12,15,12-15 h,0.0,0.3,0.0,0.0,NO ALERT,NO ALERT,20260706,00
Arunachal Pradesh,East Kameng,12,15,12-15 h,0.875,0.4269880196000505,0.3736145171500442,0.0,NO ALERT,NO ALERT,20260706,00
Arunachal Pradesh,East Siang,12,15,12-15 h,2.1160714626312256,0.45628493034155115,0.965531519924433,0.0,NO ALERT,NO ALERT,20260706,00
Arunachal Pradesh,Kurung Kumey,12,15,12-15 h,0.0,0.7126390600047544,0.0,0.0,NO ALERT,NO ALERT,20260706,00
Arunachal Pradesh,Lohit,12,15,12-15 h,0.0,0.3,0.0,0.0,NO ALERT,NO ALERT,20260706,00
Arunachal Pradesh,Lower Dibang Valley,12,15,12-15 h,0.3046875,0.3,0.09140625,0.0,NO ALERT,NO ALERT,20260706,00
Arunachal Pradesh,Lower Subansiri,12,15,12-15 h,0.862500011920929,0.6416184837284099,0.5533959498644418,0.0,NO ALERT,NO ALERT,20260706,00
Bihar,Sitamarhi,12,15,12-15 h,0.0,3.0,0.0,0.0,NO ALERT,NO ALERT,20260706,00
Bihar,Siwan,12,15,12-15 h,0.0416666679084301,1.4389760456555118,0.059957337022514164,0.0,NO ALERT,NO ALERT,20260706,00
Bihar,Supaul,12,15,12-15 h,0.0,0.890582586739991,0.0,0.0,NO ALERT,NO ALERT,20260706,00
Bihar,Vaishali,12,15,12-15 h,0.375,1.2193520432551004,0.4572570162206626,0.0,NO ALERT,NO ALERT,20260706,00
Chandigarh,Chandigarh,12,15,12-15 h,0.0,1.1884359977669912,0.0,0.0,NO ALERT,NO ALERT,20260706,00
Chhattisgarh,Bastar,12,15,12-15 h,0.0,0.5807237067170128,0.0,0.0,NO ALERT,NO ALERT,20260706,00
Chhattisgarh,Bilaspur,12,15,12-15 h,0.734375,0.3,0.2203125,0.0,NO ALERT,NO ALERT,20260706,00
Chhattisgarh,Dantewada,12,15,12-15 h,0.0,1.7403026932816885,0.0,0.0,NO ALERT,NO ALERT,20260706,00
Chhattisgarh,Dhamtari,12,15,12-15 h,0.0,0.3,0.0,0.0,NO ALERT,NO ALERT,20260706,00
Chhattisgarh,Durg,12,15,12-15 h,0.0,0.3,0.0,0.0,NO ALERT,NO ALERT,20260706,00
Chhattisgarh,Janjgir-Champa,12,15,12-15 h,0.2083333283662796,0.3,0.06249999850988388,0.0,NO ALERT,NO ALERT,20260706,00
Chhattisgarh,Jashpur,12,15,12-15 h,13.887499809265137,0.3,4.166249942779541,0.0,NO ALERT,NO ALERT,20260706,00
Chhattisgarh,Kanker,12,15,12-15 h,0.0,0.31181627116571115,0.0,0.0,NO ALERT,NO ALERT,20260706,00
Chhattisgarh,Kawardha,12,15,12-15 h,0.0,0.3,0.0,0.0,NO ALERT,NO ALERT,20260706,00
Chhattisgarh,Korba,12,15,12-15 h,4.298611164093018,0.3,1.2895833492279052,0.0,NO ALERT,NO ALERT,20260706,00
Chhattisgarh,Koriya,12,15,12-15 h,0.0,0.3,0.0,0.0,NO ALERT,NO ALERT,20260706,00
Chhattisgarh,Mahasamund,12,15,12-15 h,0.0,0.3,0.0,0.0,NO ALERT,NO ALERT,20260706,00
Chhattisgarh,Raigarh,12,15,12-15 h,0.07954545319080353,0.3,0.02386363595724106,0.0,NO ALERT,NO ALERT,20260706,00
Chhattisgarh,Raipur,12,15,12-15 h,0.0,0.3,0.0,0.0,NO ALERT,NO ALERT,20260706,00
Chhattisgarh,Raj Nandgaon,12,15,12-15 h,0.0,0.47455991292457994,0.0,0.0,NO ALERT,NO ALERT,20260706,00
Chhattisgarh,Surguja,12,15,12-15 h,2.8802082538604736,0.3,0.864062476158142,0.0,NO ALERT,NO ALERT,20260706,00
Dadra and Nagar Haveli,Dadra and Nagar Haveli,12,15,12-15 h,0.0,0.3,0.0,0.0,NO ALERT,NO ALERT,20260706,00
Daman and Diu,Daman,12,15,12-15 h,0.0,1.0,0.0,0.0,NO ALERT,NO ALERT,20260706,00
Daman and Diu,Junagadh,12,15,12-15 h,0.25,0.3,0.075,0.0,NO ALERT,NO ALERT,20260706,00
Delhi,Delhi,12,15,12-15 h,0.0833333358168602,0.7680284695981865,0.06400237437393488,0.0,NO ALERT,NO ALERT,20260706,00
Goa,North Goa,12,15,12-15 h,0.0,0.3,0.0,0.0,NO ALERT,NO ALERT,20260706,00
Goa,South Goa,12,15,12-15 h,0.0,0.3652758638408204,0.0,0.0,NO ALERT,NO ALERT,20260706,00
Gujarat,Ahmadabad,12,15,12-15 h,37.01250076293945,0.3,11.103750228881836,0.0,MODERATE,NO ALERT,20260706,00
Gujarat,Amreli,12,15,12-15 h,26.801136016845703,0.3,8.040340805053711,0.0,NO ALERT,NO ALERT,20260706,00
Gujarat,Anand,12,15,12-15 h,10.375,0.3,3.1125,0.0,NO ALERT,NO ALERT,20260706,00
Gujarat,Banas Kantha,12,15,12-15 h,9.352678298950195,0.3,2.8058034896850583,0.0,NO ALERT,NO ALERT,20260706,00
Gujarat,Bharuch,12,15,12-15 h,0.0,0.3,0.0,0.0,NO ALERT,NO ALERT,20260706,00
Gujarat,Bhavnagar,12,15,12-15 h,17.642045974731445,0.3,5.292613792419433,0.0,NO ALERT,NO ALERT,20260706,00
Gujarat,Dahod,12,15,12-15 h,0.0833333358168602,0.3,0.02500000074505806,0.0,NO ALERT,NO ALERT,20260706,00
Gujarat,Gandhinagar,12,15,12-15 h,55.78125,0.3,16.734375,0.0,MODERATE,NO ALERT,20260706,00
Gujarat,Jamnagar,12,15,12-15 h,0.41796875,1.0297514316198848,0.4304039186848737,0.0,NO ALERT,NO ALERT,20260706,00
Gujarat,Junagadh,12,15,12-15 h,0.6420454382896423,0.3,0.1926136314868927,0.0,NO ALERT,NO ALERT,20260706,00
Gujarat,Kachchh,12,15,12-15 h,0.26249998807907104,1.0429478032131136,0.27377378591053564,0.0,NO ALERT,NO ALERT,20260706,00
Gujarat,Kheda,12,15,12-15 h,3.21875,0.3,0.965625,0.0,NO ALERT,NO ALERT,20260706,00
Gujarat,Mahesana,12,15,12-15 h,11.473214149475098,0.3,3.4419642448425294,0.0,NO ALERT,NO ALERT,20260706,00
Gujarat,Narmada,12,15,12-15 h,0.0,0.33628631261391084,0.0,0.0,NO ALERT,NO ALERT,20260706,00
Gujarat,Navsari,12,15,12-15 h,0.0,0.3,0.0,0.0,NO ALERT,NO ALERT,20260706,00
Gujarat,Panch Mahals,12,15,12-15 h,0.5249999761581421,0.38515868720859836,0.20220830160161546,0.0,NO ALERT,NO ALERT,20260706,00
Gujarat,Patan,12,15,12-15 h,6.770833492279053,0.3,2.0312500476837156,0.0,NO ALERT,NO ALERT,20260706,00
Gujarat,Porbandar,12,15,12-15 h,0.0,3.0,0.0,0.0,NO ALERT,NO ALERT,20260706,00
Gujarat,Rajkot,12,15,12-15 h,0.9416666626930237,0.3,0.2824999988079071,0.0,NO ALERT,NO ALERT,20260706,00
Gujarat,Sabar Kantha,12,15,12-15 h,2.180555582046509,0.3,0.6541666746139526,0.0,NO ALERT,NO ALERT,20260706,00
Gujarat,Surat,12,15,12-15 h,0.0,0.32712919453700195,0.0,0.0,NO ALERT,NO ALERT,20260706,00
Gujarat,Surendranagar,12,15,12-15 h,9.375,0.3,2.8125,0.0,NO ALERT,NO ALERT,20260706,00
Gujarat,The Dangs,12,15,12-15 h,0.0,0.6236297049513208,0.0,0.0,NO ALERT,NO ALERT,20260706,00
Gujarat,Vadodara,12,15,12-15 h,0.0,0.3522998571050929,0.0,0.0,NO ALERT,NO ALERT,20260706,00
Gujarat,Valsad,12,15,12-15 h,0.0,0.3,0.0,0.0,NO ALERT,NO ALERT,20260706,00
Haryana,Ambala,12,15,12-15 h,0.0,0.6762277229722136,0.0,0.0,NO ALERT,NO ALERT,20260706,00
Haryana,Bhiwani,12,15,12-15 h,0.02678571455180645,1.7078232852568205,0.04574526702381752,0.0,NO ALERT,NO ALERT,20260706,00
Haryana,Faridabad,12,15,12-15 h,0.015625,0.8712532145408735,0.013613331477201148,0.0,NO ALERT,NO ALERT,20260706,00
Haryana,Fatehabad,12,15,12-15 h,0.0,1.0808056670009505,0.0,0.0,NO ALERT,NO ALERT,20260706,00
Haryana,Gurgaon,12,15,12-15 h,0.0,1.3004888747066055,0.0,0.0,NO ALERT,NO ALERT,20260706,00
Haryana,Hisar,12,15,12-15 h,0.0,0.9496809693817465,0.0,0.0,NO ALERT,NO ALERT,20260706,00
Haryana,Jhajjar,12,15,12-15 h,0.2083333283662796,1.6618096732806247,0.3462103403458322,0.0,NO ALERT,NO ALERT,20260706,00
Haryana,Jind,12,15,12-15 h,0.015625,0.7717056323525144,0.012057900505508038,0.0,NO ALERT,NO ALERT,20260706,00
Haryana,Kaithal,12,15,12-15 h,0.02083333395421505,0.6331763172108541,0.013191173668353725,0.0,NO ALERT,NO ALERT,20260706,00
Haryana,Karnal,12,15,12-15 h,0.0,0.5159404245146241,0.0,0.0,NO ALERT,NO ALERT,20260706,00
Haryana,Kurukshetra,12,15,12-15 h,0.0,0.6033338297736488,0.0,0.0,NO ALERT,NO ALERT,20260706,00
Haryana,Mahendragarh,12,15,12-15 h,0.46875,1.1386681831985863,0.5337507108743373,0.0,NO ALERT,NO ALERT,20260706,00
Haryana,Panchkula,12,15,12-15 h,0.0,0.6671410727647323,0.0,0.0,NO ALERT,NO ALERT,20260706,00
Haryana,Panipat,12,15,12-15 h,0.0,1.0415843239201417,0.0,0.0,NO ALERT,NO ALERT,20260706,00
Haryana,Rewari,12,15,12-15 h,0.375,1.1674745883169169,0.4378029706188438,0.0,NO ALERT,NO ALERT,20260706,00
Haryana,Rohtak,12,15,12-15 h,0.0,1.2603472433768046,0.0,0.0,NO ALERT,NO ALERT,20260706,00
Haryana,Sirsa,12,15,12-15 h,0.0,1.4831194250452018,0.0,0.0,NO ALERT,NO ALERT,20260706,00
Haryana,Sonepat,12,15,12-15 h,0.02083333395421505,0.7724164037051864,0.01609200889010394,0.0,NO ALERT,NO ALERT,20260706,00
Haryana,Yamuna Nagar,12,15,12-15 h,0.0,0.6918813868041921,0.0,0.0,NO ALERT,NO ALERT,20260706,00
Himachal Pradesh,Bilaspur,12,15,12-15 h,0.0,0.43793651979773524,0.0,0.0,NO ALERT,NO ALERT,20260706,00
Himachal Pradesh,Chamba,12,15,12-15 h,0.0,0.47998853587409984,0.0,0.0,NO ALERT,NO ALERT,20260706,00
Himachal Pradesh,Hamirpur,12,15,12-15 h,0.0,0.3222888511402842,0.0,0.0,NO ALERT,NO ALERT,20260706,00
Himachal Pradesh,Kangra,12,15,12-15 h,0.0,0.491764254011286,0.0,0.0,NO ALERT,NO ALERT,20260706,00
Himachal Pradesh,Kinnaur,12,15,12-15 h,0.028409091755747795,0.5900100248843969,0.01676164893375187,0.0,NO ALERT,NO ALERT,20260706,00
Himachal Pradesh,Kullu,12,15,12-15 h,0.0,0.48471900161399284,0.0,0.0,NO ALERT,NO ALERT,20260706,00
Himachal Pradesh,Lahul and Spiti,12,15,12-15 h,0.0069444444961845875,1.1034755877631228,0.007663024972115671,0.0,NO ALERT,NO ALERT,20260706,00
Himachal Pradesh,Mandi,12,15,12-15 h,0.0,0.41181400265740536,0.0,0.0,NO ALERT,NO ALERT,20260706,00
Himachal Pradesh,Shimla,12,15,12-15 h,0.0,0.38421361333609627,0.0,0.0,NO ALERT,NO ALERT,20260706,00
Himachal Pradesh,Sirmaur,12,15,12-15 h,0.0,0.5853734282891708,0.0,0.0,NO ALERT,NO ALERT,20260706,00
Himachal Pradesh,Solan,12,15,12-15 h,0.0,0.501145504684414,0.0,0.0,NO ALERT,NO ALERT,20260706,00
Himachal Pradesh,Una,12,15,12-15 h,0.0,0.5308169916656943,0.0,0.0,NO ALERT,NO ALERT,20260706,00
Jammu and Kashmir,Anantnag (Kashmir South),12,15,12-15 h,0.0,1.3868985192801786,0.0,0.0,NO ALERT,NO ALERT,20260706,00
Jammu and Kashmir,Bagdam,12,15,12-15 h,0.1666666716337204,1.7381670057123004,0.289694509585619,0.0,NO ALERT,NO ALERT,20260706,00
Jammu and Kashmir,Baramula (Kashmir North),12,15,12-15 h,0.4196428656578064,2.3802491119877285,0.9988545583339793,0.0,NO ALERT,NO ALERT,20260706,00
Jammu and Kashmir,Doda,12,15,12-15 h,0.040441177785396576,0.9310309851117253,0.037651989592616196,0.0,NO ALERT,NO ALERT,20260706,00
Jammu and Kashmir,Jammu,12,15,12-15 h,0.0,2.1214535699251704,0.0,0.0,NO ALERT,NO ALERT,20260706,00
Jammu and Kashmir,Kargil,12,15,12-15 h,0.0,3.0,0.0,0.0,NO ALERT,NO ALERT,20260706,00
Jammu and Kashmir,Kathua,12,15,12-15 h,0.0,0.7421973154339496,0.0,0.0,NO ALERT,NO ALERT,20260706,00
Jammu and Kashmir,Kupwara (Muzaffarabad),12,15,12-15 h,0.20000000298023224,2.805712758686526,0.5611425600989808,0.0,NO ALERT,NO ALERT,20260706,00
Jammu and Kashmir,Ladakh (Leh),12,15,12-15 h,0.019999999552965164,0.6253946944730077,0.012507893609886939,0.0,NO ALERT,NO ALERT,20260706,00
Jammu and Kashmir,Pulwama,12,15,12-15 h,0.0,3.0,0.0,0.0,NO ALERT,NO ALERT,20260706,00
Jammu and Kashmir,Punch,12,15,12-15 h,0.17499999701976776,0.9080148049822427,0.1589025881657975,0.0,NO ALERT,NO ALERT,20260706,00
Jammu and Kashmir,Rajauri,12,15,12-15 h,0.1041666641831398,1.6908137329342856,0.17612642631480677,0.0,NO ALERT,NO ALERT,20260706,00
Jammu and Kashmir,Srinagar,12,15,12-15 h,0.0,1.1768416745126433,0.0,0.0,NO ALERT,NO ALERT,20260706,00
Jammu and Kashmir,Udhampur,12,15,12-15 h,0.0,0.9046338825169598,0.0,0.0,NO ALERT,NO ALERT,20260706,00
Jharkhand,Bokaro,12,15,12-15 h,0.0,0.43038052424230994,0.0,0.0,NO ALERT,NO ALERT,20260706,00
Jharkhand,Chatra,12,15,12-15 h,0.0,0.47580298707457397,0.0,0.0,NO ALERT,NO ALERT,20260706,00
Jharkhand,Deoghar,12,15,12-15 h,0.0,0.43042539217912484,0.0,0.0,NO ALERT,NO ALERT,20260706,00
Jharkhand,Dhanbad,12,15,12-15 h,0.0,0.3,0.0,0.0,NO ALERT,NO ALERT,20260706,00
Jharkhand,Dumka,12,15,12-15 h,0.0,0.5747174401032172,0.0,0.0,NO ALERT,NO ALERT,20260706,00
Jharkhand,Garhwa,12,15,12-15 h,0.0,0.3,0.0,0.0,NO ALERT,NO ALERT,20260706,00
Jharkhand,Giridih,12,15,12-15 h,0.0,0.3,0.0,0.0,NO ALERT,NO ALERT,20260706,00
Jharkhand,Godda,12,15,12-15 h,0.0,1.241563229918693,0.0,0.0,NO ALERT,NO ALERT,20260706,00
Jharkhand,Gumla,12,15,12-15 h,15.770833015441895,0.3,4.731249904632568,0.0,NO ALERT,NO ALERT,20260706,00
Jharkhand,Hazaribag,12,15,12-15 h,0.0,0.42314411896564175,0.0,0.0,NO ALERT,NO ALERT,20260706,00
Jharkhand,Jamtara,12,15,12-15 h,0.0,0.46008470755189523,0.0,0.0,NO ALERT,NO ALERT,20260706,00
Jharkhand,Koderma,12,15,12-15 h,0.0,0.3039175085951896,0.0,0.0,NO ALERT,NO ALERT,20260706,00
Jharkhand,Latehar,12,15,12-15 h,0.0,0.3665391067324198,0.0,0.0,NO ALERT,NO ALERT,20260706,00
Jharkhand,Lohardaga,12,15,12-15 h,0.84375,0.39624014819091274,0.33432762503608265,0.0,NO ALERT,NO ALERT,20260706,00
Jharkhand,Pakur,12,15,12-15 h,0.0,0.6035076534919583,0.0,0.0,NO ALERT,NO ALERT,20260706,00
Jharkhand,Palamu,12,15,12-15 h,0.0,0.3737988343625059,0.0,0.0,NO ALERT,NO ALERT,20260706,00
Jharkhand,Pashchim Singhbhum,12,15,12-15 h,0.2734375,0.45311129700376257,0.12389762027446632,0.0,NO ALERT,NO ALERT,20260706,00
Jharkhand,Purba Singhbhum,12,15,12-15 h,0.0,0.9904194813681165,0.0,0.0,NO ALERT,NO ALERT,20260706,00
Jharkhand,Ranchi,12,15,12-15 h,0.0,0.43312750651481624,0.0,0.0,NO ALERT,NO ALERT,20260706,00
Jharkhand,Sahibganj,12,15,12-15 h,0.0,0.9271637311929378,0.0,0.0,NO ALERT,NO ALERT,20260706,00
Jharkhand,Saraikela Kharsawan,12,15,12-15 h,0.0,0.7038710866727816,0.0,0.0,NO ALERT,NO ALERT,20260706,00
Jharkhand,Simdega,12,15,12-15 h,0.1015625,0.3,0.03046875,0.0,NO ALERT,NO ALERT,20260706,00
Karnataka,Bagalkot,12,15,12-15 h,0.0,1.1632799061220045,0.0,0.0,NO ALERT,NO ALERT,20260706,00
Karnataka,Bangalore Rural,12,15,12-15 h,0.0,3.0,0.0,0.0,NO ALERT,NO ALERT,20260706,00
Karnataka,Bangalore Urban,12,15,12-15 h,0.0,3.0,0.0,0.0,NO ALERT,NO ALERT,20260706,00
Karnataka,Belgaum,12,15,12-15 h,0.06617647409439087,0.8973372374527518,0.0593826144482243,0.0,NO ALERT,NO ALERT,20260706,00
Karnataka,Bellary,12,15,12-15 h,0.0,2.70287473371527,0.0,0.0,NO ALERT,NO ALERT,20260706,00
Karnataka,Bidar,12,15,12-15 h,0.0,1.0018766190120068,0.0,0.0,NO ALERT,NO ALERT,20260706,00
Karnataka,Bijapur,12,15,12-15 h,0.0,3.0,0.0,0.0,NO ALERT,NO ALERT,20260706,00
Karnataka,Chamrajnagar,12,15,12-15 h,0.0,3.0,0.0,0.0,NO ALERT,NO ALERT,20260706,00
Karnataka,Chikmagalur,12,15,12-15 h,0.0,0.9744358301784026,0.0,0.0,NO ALERT,NO ALERT,20260706,00
Karnataka,Chitradurga,12,15,12-15 h,0.0,3.0,0.0,0.0,NO ALERT,NO ALERT,20260706,00
Karnataka,Dakshin Kannad,12,15,12-15 h,0.0,0.48296471969249655,0.0,0.0,NO ALERT,NO ALERT,20260706,00
Karnataka,Davanagere,12,15,12-15 h,0.0,1.0634182151425726,0.0,0.0,NO ALERT,NO ALERT,20260706,00
Karnataka,Dharwad,12,15,12-15 h,0.0,0.6005924706507083,0.0,0.0,NO ALERT,NO ALERT,20260706,00
Karnataka,Gadag,12,15,12-15 h,0.0,1.0104995631984701,0.0,0.0,NO ALERT,NO ALERT,20260706,00
Karnataka,Gulbarga,12,15,12-15 h,0.0,1.3275990324998463,0.0,0.0,NO ALERT,NO ALERT,20260706,00
Karnataka,Hassan,12,15,12-15 h,0.0062500000931322575,1.3953514149603434,0.008720946473454373,0.0,NO ALERT,NO ALERT,20260706,00
Karnataka,Haveri,12,15,12-15 h,0.0,0.8339001601670177,0.0,0.0,NO ALERT,NO ALERT,20260706,00
Karnataka,Kodagu,12,15,12-15 h,0.0,0.9891691490121184,0.0,0.0,NO ALERT,NO ALERT,20260706,00
Karnataka,Kolar,12,15,12-15 h,0.0,1.0,0.0,0.0,NO ALERT,NO ALERT,20260706,00
Karnataka,Koppal,12,15,12-15 h,0.0,1.3672411486472411,0.0,0.0,NO ALERT,NO ALERT,20260706,00
Karnataka,Mandya,12,15,12-15 h,0.0,3.0,0.0,0.0,NO ALERT,NO ALERT,20260706,00
Karnataka,Mysore,12,15,12-15 h,0.0,3.0,0.0,0.0,NO ALERT,NO ALERT,20260706,00
Karnataka,Raichur,12,15,12-15 h,0.0,1.9789763859973823,0.0,0.0,NO ALERT,NO ALERT,20260706,00
Karnataka,Shimoga,12,15,12-15 h,0.0,0.6521122332003625,0.0,0.0,NO ALERT,NO ALERT,20260706,00
Karnataka,Tumkur,12,15,12-15 h,0.0,3.0,0.0,0.0,NO ALERT,NO ALERT,20260706,00
Karnataka,Udupi,12,15,12-15 h,0.0,0.36293434267993313,0.0,0.0,NO ALERT,NO ALERT,20260706,00
Karnataka,Uttar Kannand,12,15,12-15 h,0.0,0.4136012505834986,0.0,0.0,NO ALERT,NO ALERT,20260706,00
Kerala,Alappuzha,12,15,12-15 h,1.0,2.864364265748771,2.864364265748771,0.0,NO ALERT,NO ALERT,20260706,00
Kerala,Ernakulam,12,15,12-15 h,1.046875,0.8273595857165152,0.8661420662969769,0.0,NO ALERT,NO ALERT,20260706,00
Kerala,Idukki,12,15,12-15 h,0.13750000298023224,1.1481059089541104,0.15786456590281242,0.0,NO ALERT,NO ALERT,20260706,00
Kerala,Kannur,12,15,12-15 h,0.0,0.39296054227725635,0.0,0.0,NO ALERT,NO ALERT,20260706,00
Kerala,Kasaragod,12,15,12-15 h,0.0,0.4895700959949935,0.0,0.0,NO ALERT,NO ALERT,20260706,00
Kerala,Kollam,12,15,12-15 h,0.75,0.9608015244614043,0.7206011433460533,0.0,NO ALERT,NO ALERT,20260706,00
Kerala,Kottayam,12,15,12-15 h,1.609375,0.9196575889749057,1.4800739322564889,0.0,NO ALERT,NO ALERT,20260706,00
Kerala,Kozhikode,12,15,12-15 h,0.0,0.37264617476151884,0.0,0.0,NO ALERT,NO ALERT,20260706,00
Kerala,Malappuram,12,15,12-15 h,0.0,0.44261788343885,0.0,0.0,NO ALERT,NO ALERT,20260706,00
Kerala,Palakkad,12,15,12-15 h,0.0,0.5302180666602749,0.0,0.0,NO ALERT,NO ALERT,20260706,00
Kerala,Pattanamtitta,12,15,12-15 h,1.0208333730697632,0.7477207744636957,0.7632983203101101,0.0,NO ALERT,NO ALERT,20260706,00
Kerala,Thiruvananthapuram,12,15,12-15 h,0.3541666567325592,1.3040197822546657,0.4618403265942548,0.0,NO ALERT,NO ALERT,20260706,00
Kerala,Thrissur,12,15,12-15 h,1.65625,0.842598859765623,1.395554361486813,0.0,NO ALERT,NO ALERT,20260706,00
Kerala,Wayanad,12,15,12-15 h,0.0,0.9148688962922525,0.0,0.0,NO ALERT,NO ALERT,20260706,00
Lakshadweep,Kavaratti,12,15,12-15 h,0.0,1.0,0.0,0.0,NO ALERT,NO ALERT,20260706,00
Madhya Pradesh,Anuppur,12,15,12-15 h,0.0,0.3,0.0,0.0,NO ALERT,NO ALERT,20260706,00
Madhya Pradesh,Ashoknagar,12,15,12-15 h,0.0,0.9519252256221402,0.0,0.0,NO ALERT,NO ALERT,20260706,00
Madhya Pradesh,Datia,12,15,12-15 h,0.0,1.0,0.0,0.0,NO ALERT,NO ALERT,20260706,00
Madhya Pradesh,Dewas,12,15,12-15 h,1.8333333730697632,0.3,0.550000011920929,0.0,NO ALERT,NO ALERT,20260706,00
Madhya Pradesh,Dhar,12,15,12-15 h,4.2102274894714355,0.3,1.2630682468414307,0.0,NO ALERT,NO ALERT,20260706,00
Madhya Pradesh,Dindori,12,15,12-15 h,0.0,0.3,0.0,0.0,NO ALERT,NO ALERT,20260706,00
Madhya Pradesh,East Nimar,12,15,12-15 h,1.0625,0.30123901134156544,0.3200664495504133,0.0,NO ALERT,NO ALERT,20260706,00
Madhya Pradesh,Guna,12,15,12-15 h,0.0,0.44732070879630687,0.0,0.0,NO ALERT,NO ALERT,20260706,00
Madhya Pradesh,Gwalior,12,15,12-15 h,0.01785714365541935,1.0,0.01785714365541935,0.0,NO ALERT,NO ALERT,20260706,00
Madhya Pradesh,Harda,12,15,12-15 h,0.0,0.3,0.0,0.0,NO ALERT,NO ALERT,20260706,00
Madhya Pradesh,Hoshangabad,12,15,12-15 h,0.0,0.3,0.0,0.0,NO ALERT,NO ALERT,20260706,00
Madhya Pradesh,Indore,12,15,12-15 h,17.089284896850586,0.3,5.126785469055176,0.0,NO ALERT,NO ALERT,20260706,00
Madhya Pradesh,Jabalpur,12,15,12-15 h,0.0625,0.3,0.01875,0.0,NO ALERT,NO ALERT,20260706,00
Madhya Pradesh,Jhabua,12,15,12-15 h,0.0,0.3,0.0,0.0,NO ALERT,NO ALERT,20260706,00
Madhya Pradesh,Katni,12,15,12-15 h,1.3680555820465088,0.32230547985936164,0.4409318108457783,0.0,NO ALERT,NO ALERT,20260706,00
Madhya Pradesh,Mandla,12,15,12-15 h,4.3984375,0.3,1.31953125,0.0,NO ALERT,NO ALERT,20260706,00
Madhya Pradesh,Mandsaur,12,15,12-15 h,2.2013888359069824,0.3805572499288874,0.837754481416916,0.0,NO ALERT,NO ALERT,20260706,00
Madhya Pradesh,Morena,12,15,12-15 h,0.3482142984867096,3.0,1.0446428954601288,0.0,NO ALERT,NO ALERT,20260706,00
Madhya Pradesh,Narsinghpur,12,15,12-15 h,0.3958333432674408,0.3,0.11875000298023224,0.0,NO ALERT,NO ALERT,20260706,00
Madhya Pradesh,Neemuch,12,15,12-15 h,1.1145833730697632,0.7317338523203192,0.8155783853085133,0.0,NO ALERT,NO ALERT,20260706,00
Madhya Pradesh,Panna,12,15,12-15 h,0.3194444477558136,0.4184968595164538,0.1336864981757759,0.0,NO ALERT,NO ALERT,20260706,00
Madhya Pradesh,Raisen,12,15,12-15 h,1.2395833730697632,0.3,0.3718750119209289,0.0,NO ALERT,NO ALERT,20260706,00
Madhya Pradesh,Rajgarh,12,15,12-15 h,0.6607142686843872,0.676433949885283,0.4469295625117462,0.0,NO ALERT,NO ALERT,20260706,00
Madhya Pradesh,Ratlam,12,15,12-15 h,6.8984375,0.3,2.06953125,0.0,NO ALERT,NO ALERT,20260706,00
Madhya Pradesh,Rewa,12,15,12-15 h,0.0,0.38712886212107545,0.0,0.0,NO ALERT,NO ALERT,20260706,00
Madhya Pradesh,Sagar,12,15,12-15 h,0.8500000238418579,0.3,0.2550000071525574,0.0,NO ALERT,NO ALERT,20260706,00
Madhya Pradesh,Satna,12,15,12-15 h,0.08522727340459824,0.4227753173004938,0.03603198755628496,0.0,NO ALERT,NO ALERT,20260706,00
Madhya Pradesh,Sehore,12,15,12-15 h,0.0625,0.3,0.01875,0.0,NO ALERT,NO ALERT,20260706,00
Madhya Pradesh,Seoni,12,15,12-15 h,2.350961446762085,0.3,0.7052884340286255,0.0,NO ALERT,NO ALERT,20260706,00
Madhya Pradesh,Shahdol,12,15,12-15 h,0.0,0.3,0.0,0.0,NO ALERT,NO ALERT,20260706,00
Madhya Pradesh,Shajapur,12,15,12-15 h,1.1136363744735718,0.3,0.3340909123420715,0.0,NO ALERT,NO ALERT,20260706,00
Madhya Pradesh,Sheopur,12,15,12-15 h,0.28125,3.0,0.84375,0.0,NO ALERT,NO ALERT,20260706,00
Madhya Pradesh,Shivpuri,12,15,12-15 h,0.01953125,3.0,0.05859375,0.0,NO ALERT,NO ALERT,20260706,00
Madhya Pradesh,Sidhi,12,15,12-15 h,0.0,0.399988705397733,0.0,0.0,NO ALERT,NO ALERT,20260706,00
Maharashtra,Pune,12,15,12-15 h,0.1381578892469406,0.3,0.04144736677408218,0.0,NO ALERT,NO ALERT,20260706,00
Maharashtra,Raigarh,12,15,12-15 h,0.0,0.3,0.0,0.0,NO ALERT,NO ALERT,20260706,00
Maharashtra,Ratnagiri,12,15,12-15 h,0.0,0.3,0.0,0.0,NO ALERT,NO ALERT,20260706,00
Maharashtra,Sangli,12,15,12-15 h,0.0,0.3,0.0,0.0,NO ALERT,NO ALERT,20260706,00
Maharashtra,Satara,12,15,12-15 h,0.0,0.3,0.0,0.0,NO ALERT,NO ALERT,20260706,00
Maharashtra,Sindhudurg,12,15,12-15 h,0.0,0.3,0.0,0.0,NO ALERT,NO ALERT,20260706,00
Maharashtra,Solapur,12,15,12-15 h,0.0,0.3,0.0,0.0,NO ALERT,NO ALERT,20260706,00
Maharashtra,Thane,12,15,12-15 h,0.4791666567325592,0.3,0.14374999701976776,0.0,NO ALERT,NO ALERT,20260706,00
Maharashtra,Wardha,12,15,12-15 h,0.8660714030265808,0.8277061142287497,0.7168525956437727,0.0,NO ALERT,NO ALERT,20260706,00
Maharashtra,Washim,12,15,12-15 h,0.0,0.6548512185328705,0.0,0.0,NO ALERT,NO ALERT,20260706,00
Maharashtra,Yavatmal,12,15,12-15 h,0.08437500149011612,1.1672216749493405,0.09848433056314644,0.0,NO ALERT,NO ALERT,20260706,00
Manipur,Bishnupur,12,15,12-15 h,0.0,0.44222804670987065,0.0,0.0,NO ALERT,NO ALERT,20260706,00
Manipur,Chandel,12,15,12-15 h,0.0,0.4353368800524707,0.0,0.0,NO ALERT,NO ALERT,20260706,00
Manipur,Churachandpur,12,15,12-15 h,0.0,0.350797188232678,0.0,0.0,NO ALERT,NO ALERT,20260706,00
Manipur,East Imphal,12,15,12-15 h,0.0,0.34679034457550556,0.0,0.0,NO ALERT,NO ALERT,20260706,00
Manipur,Senapati,12,15,12-15 h,0.0,0.40549794487557334,0.0,0.0,NO ALERT,NO ALERT,20260706,00
Manipur,Tamenglong,12,15,12-15 h,0.0,0.47901291702576343,0.0,0.0,NO ALERT,NO ALERT,20260706,00
Manipur,Thoubal,12,15,12-15 h,0.0,0.5006320786802736,0.0,0.0,NO ALERT,NO ALERT,20260706,00
Manipur,Ukhrul,12,15,12-15 h,0.0,0.5601360196084298,0.0,0.0,NO ALERT,NO ALERT,20260706,00
Manipur,West Imphal,12,15,12-15 h,0.0,1.0,0.0,0.0,NO ALERT,NO ALERT,20260706,00
Meghalaya,East Garo Hills,12,15,12-15 h,0.0,0.5096870049480084,0.0,0.0,NO ALERT,NO ALERT,20260706,00
Meghalaya,East Khasi Hills,12,15,12-15 h,0.15625,0.5445849739225571,0.08509140217539955,0.0,NO ALERT,NO ALERT,20260706,00
Meghalaya,Jaintia Hills,12,15,12-15 h,0.3229166567325592,0.3344285796853742,0.1079925588678193,0.0,NO ALERT,NO ALERT,20260706,00
Meghalaya,Ri-Bhoi,12,15,12-15 h,0.0,0.3754843171484303,0.0,0.0,NO ALERT,NO ALERT,20260706,00
Meghalaya,South Garo Hills,12,15,12-15 h,0.0,1.1985655828274717,0.0,0.0,NO ALERT,NO ALERT,20260706,00
Meghalaya,West Garo Hills,12,15,12-15 h,0.11249999701976776,1.4164832395577518,0.15935436022879806,0.0,NO ALERT,NO ALERT,20260706,00
Meghalaya,West Khasi Hills,12,15,12-15 h,0.0,0.7688290212309257,0.0,0.0,NO ALERT,NO ALERT,20260706,00
Mizoram,Aizawl,12,15,12-15 h,0.0,0.35958444336345213,0.0,0.0,NO ALERT,NO ALERT,20260706,00
Mizoram,Champhai,12,15,12-15 h,0.0,0.393379226133291,0.0,0.0,NO ALERT,NO ALERT,20260706,00
Mizoram,Kolasib,12,15,12-15 h,0.0,0.8142673026091504,0.0,0.0,NO ALERT,NO ALERT,20260706,00
Mizoram,Lawngtlai,12,15,12-15 h,0.0,0.3,0.0,0.0,NO ALERT,NO ALERT,20260706,00
Mizoram,Lunglei,12,15,12-15 h,0.0,0.34255624595576245,0.0,0.0,NO ALERT,NO ALERT,20260706,00
Mizoram,Mamit,12,15,12-15 h,0.0,0.6080090530356378,0.0,0.0,NO ALERT,NO ALERT,20260706,00
Mizoram,Saiha,12,15,12-15 h,0.0,0.3,0.0,0.0,NO ALERT,NO ALERT,20260706,00
Mizoram,Serchhip,12,15,12-15 h,0.0,0.3,0.0,0.0,NO ALERT,NO ALERT,20260706,00
Nagaland,Dimapur,12,15,12-15 h,0.0,0.6956002689591826,0.0,0.0,NO ALERT,NO ALERT,20260706,00
Nagaland,Kohima,12,15,12-15 h,0.0,0.42200076411911747,0.0,0.0,NO ALERT,NO ALERT,20260706,00
Nagaland,Mokokchung,12,15,12-15 h,0.0,0.6004559914526765,0.0,0.0,NO ALERT,NO ALERT,20260706,00
Nagaland,Mon,12,15,12-15 h,0.15625,0.35697456601861516,0.05577727594040862,0.0,NO ALERT,NO ALERT,20260706,00
Nagaland,Phek,12,15,12-15 h,0.0,0.4705958392700629,0.0,0.0,NO ALERT,NO ALERT,20260706,00
Nagaland,Tuensang,12,15,12-15 h,0.0892857164144516,0.307336347541769,0.027440745970467723,0.0,NO ALERT,NO ALERT,20260706,00
Nagaland,Wokha,12,15,12-15 h,0.0416666679084301,0.9768878268305281,0.04070366066433559,0.0,NO ALERT,NO ALERT,20260706,00
Nagaland,Zunheboto,12,15,12-15 h,0.25,0.3,0.075,0.0,NO ALERT,NO ALERT,20260706,00
Orissa,Angul,12,15,12-15 h,0.0,0.3,0.0,0.0,NO ALERT,NO ALERT,20260706,00
Orissa,Baleshwar,12,15,12-15 h,0.0,0.3,0.0,0.0,NO ALERT,NO ALERT,20260706,00
Orissa,Baragarh,12,15,12-15 h,0.0,0.3,0.0,0.0,NO ALERT,NO ALERT,20260706,00
Orissa,Bhadrak,12,15,12-15 h,0.0,0.7178511116268625,0.0,0.0,NO ALERT,NO ALERT,20260706,00
Orissa,Bolangir,12,15,12-15 h,0.0,0.3,0.0,0.0,NO ALERT,NO ALERT,20260706,00
Orissa,Boudh,12,15,12-15 h,0.0,0.46951847237716815,0.0,0.0,NO ALERT,NO ALERT,20260706,00
Orissa,Cuttack,12,15,12-15 h,0.01785714365541935,3.0,0.05357143096625805,0.0,NO ALERT,NO ALERT,20260706,00
Orissa,Deogarh,12,15,12-15 h,0.0,0.5670237411043358,0.0,0.0,NO ALERT,NO ALERT,20260706,00
Orissa,Dhenkanal,12,15,12-15 h,0.0,0.5066672121395331,0.0,0.0,NO ALERT,NO ALERT,20260706,00
Orissa,Gajapati,12,15,12-15 h,0.0,3.0,0.0,0.0,NO ALERT,NO ALERT,20260706,00
Orissa,Ganjam,12,15,12-15 h,0.0,3.0,0.0,0.0,NO ALERT,NO ALERT,20260706,00
Orissa,Jagatsinghpur,12,15,12-15 h,0.0625,1.2982877185824837,0.08114298241140523,0.0,NO ALERT,NO ALERT,20260706,00
Orissa,Jajpur,12,15,12-15 h,0.0,1.0825360884765436,0.0,0.0,NO ALERT,NO ALERT,20260706,00
Orissa,Jharsuguda,12,15,12-15 h,0.0,0.3,0.0,0.0,NO ALERT,NO ALERT,20260706,00
Orissa,Kalahandi,12,15,12-15 h,0.0,0.796623750187142,0.0,0.0,NO ALERT,NO ALERT,20260706,00
Orissa,Kandhamal,12,15,12-15 h,0.0,1.1397211880580418,0.0,0.0,NO ALERT,NO ALERT,20260706,00
Orissa,Kendrapara,12,15,12-15 h,0.296875,1.2406367579898423,0.36831403752823444,0.0,NO ALERT,NO ALERT,20260706,00
Orissa,Keonjhar,12,15,12-15 h,0.0,0.3,0.0,0.0,NO ALERT,NO ALERT,20260706,00
Orissa,Khordha,12,15,12-15 h,0.3333333432674408,3.0,1.0000000298023224,0.0,NO ALERT,NO ALERT,20260706,00
Orissa,Koraput,12,15,12-15 h,0.005681818351149559,3.0,0.017045455053448677,0.0,NO ALERT,NO ALERT,20260706,00
Orissa,Malkangiri,12,15,12-15 h,0.0390625,3.0,0.1171875,0.0,NO ALERT,NO ALERT,20260706,00
Orissa,Mayurbhanj,12,15,12-15 h,0.0,0.6410187849222774,0.0,0.0,NO ALERT,NO ALERT,20260706,00
Orissa,Nabarangpur,12,15,12-15 h,0.0,0.9520565250907196,0.0,0.0,NO ALERT,NO ALERT,20260706,00
Orissa,Nayagarh,12,15,12-15 h,0.0729166641831398,2.7627565849527578,0.2014509941247584,0.0,NO ALERT,NO ALERT,20260706,00
Orissa,Nuapada,12,15,12-15 h,0.0,0.3,0.0,0.0,NO ALERT,NO ALERT,20260706,00
Orissa,Puri,12,15,12-15 h,0.11249999701976776,1.1682139811417622,0.1314240693968993,0.0,NO ALERT,NO ALERT,20260706,00
Orissa,Rayagada,12,15,12-15 h,0.0,3.0,0.0,0.0,NO ALERT,NO ALERT,20260706,00
Orissa,Sambalpur,12,15,12-15 h,0.0,0.3,0.0,0.0,NO ALERT,NO ALERT,20260706,00
Orissa,Sonepur,12,15,12-15 h,0.0,0.3,0.0,0.0,NO ALERT,NO ALERT,20260706,00
Orissa,Sundargarh,12,15,12-15 h,0.125,0.4166264730089146,0.052078309126114324,0.0,NO ALERT,NO ALERT,20260706,00
Puducherry,Karaikal,12,15,12-15 h,0.0,1.0,0.0,0.0,NO ALERT,NO ALERT,20260706,00
Puducherry,Mahe,12,15,12-15 h,0.0,1.0,0.0,0.0,NO ALERT,NO ALERT,20260706,00
Puducherry,Puducherry,12,15,12-15 h,0.0,1.0,0.0,0.0,NO ALERT,NO ALERT,20260706,00
Puducherry,Yanam,12,15,12-15 h,0.0,1.0,0.0,0.0,NO ALERT,NO ALERT,20260706,00
Punjab,Amritsar,12,15,12-15 h,0.0,3.0,0.0,0.0,NO ALERT,NO ALERT,20260706,00
Punjab,Bathinda,12,15,12-15 h,0.0,1.0063742042286778,0.0,0.0,NO ALERT,NO ALERT,20260706,00
Punjab,Faridkot,12,15,12-15 h,0.0,1.8166795132507056,0.0,0.0,NO ALERT,NO ALERT,20260706,00
Punjab,Fatehgarh Sahib,12,15,12-15 h,0.375,0.7625669248111632,0.2859625968041862,0.0,NO ALERT,NO ALERT,20260706,00
Punjab,Firozpur,12,15,12-15 h,0.0,3.0,0.0,0.0,NO ALERT,NO ALERT,20260706,00
Punjab,Gurdaspur,12,15,12-15 h,0.0,1.0172791491901219,0.0,0.0,NO ALERT,NO ALERT,20260706,00
Punjab,Hoshiarpur,12,15,12-15 h,0.0,1.1158502745357433,0.0,0.0,NO ALERT,NO ALERT,20260706,00
Punjab,Jalandhar,12,15,12-15 h,0.0,0.6683787736223664,0.0,0.0,NO ALERT,NO ALERT,20260706,00
Punjab,Kapurthala,12,15,12-15 h,0.0,0.8043488797650564,0.0,0.0,NO ALERT,NO ALERT,20260706,00
Punjab,Ludhiana,12,15,12-15 h,0.0,0.6367384031963071,0.0,0.0,NO ALERT,NO ALERT,20260706,00
Punjab,Mansa,12,15,12-15 h,0.0,0.8554010609701591,0.0,0.0,NO ALERT,NO ALERT,20260706,00
Punjab,Moga,12,15,12-15 h,0.0,1.9260465396022144,0.0,0.0,NO ALERT,NO ALERT,20260706,00
Punjab,Muktsar,12,15,12-15 h,0.0,1.6273890495298178,0.0,0.0,NO ALERT,NO ALERT,20260706,00
Punjab,Nawan Shehar,12,15,12-15 h,0.0625,0.7376809676905092,0.04610506048065682,0.0,NO ALERT,NO ALERT,20260706,00
Punjab,Patiala,12,15,12-15 h,0.0,0.9906891001535867,0.0,0.0,NO ALERT,NO ALERT,20260706,00
Punjab,Rupnagar,12,15,12-15 h,0.0,0.596268251978758,0.0,0.0,NO ALERT,NO ALERT,20260706,00
Punjab,Sangrur,12,15,12-15 h,0.0078125,0.6431007768751102,0.005024224819336799,0.0,NO ALERT,NO ALERT,20260706,00
Rajasthan,Ajmer,12,15,12-15 h,0.0,0.5105660303364602,0.0,0.0,NO ALERT,NO ALERT,20260706,00
Rajasthan,Alwar,12,15,12-15 h,0.1875,1.763920291704763,0.33073505469464304,0.0,NO ALERT,NO ALERT,20260706,00
Rajasthan,Banswara,12,15,12-15 h,4.794642925262451,0.3,1.4383928775787354,0.0,NO ALERT,NO ALERT,20260706,00
Rajasthan,Baran,12,15,12-15 h,0.04374999925494194,1.9242101184358293,0.08418419124791927,0.0,NO ALERT,NO ALERT,20260706,00
Rajasthan,Barmer,12,15,12-15 h,0.528124988079071,0.9889290802263309,0.5222781587055777,0.0,NO ALERT,NO ALERT,20260706,00
Rajasthan,Bharatpur,12,15,12-15 h,0.010416666977107525,1.333984920453584,0.013895676668848257,0.0,NO ALERT,NO ALERT,20260706,00
Rajasthan,Bhilwara,12,15,12-15 h,1.3526785373687744,0.3633962326272162,0.4915582844355057,0.0,NO ALERT,NO ALERT,20260706,00
Rajasthan,Bikaner,12,15,12-15 h,0.04326923191547394,3.0,0.12980769574642181,0.0,NO ALERT,NO ALERT,20260706,00
Rajasthan,Bundi,12,15,12-15 h,0.0,3.0,0.0,0.0,NO ALERT,NO ALERT,20260706,00
Rajasthan,Chittaurgarh,12,15,12-15 h,4.473214149475098,0.3,1.3419642448425293,0.0,NO ALERT,NO ALERT,20260706,00
Rajasthan,Churu,12,15,12-15 h,0.10336538404226303,1.401563284200734,0.1448731271309443,0.0,NO ALERT,NO ALERT,20260706,00
Rajasthan,Dausa,12,15,12-15 h,0.1666666716337204,2.1134477396397804,0.3522413004375719,0.0,NO ALERT,NO ALERT,20260706,00
Rajasthan,Dhaulpur,12,15,12-15 h,0.36250001192092896,3.0,1.0875000357627869,0.0,NO ALERT,NO ALERT,20260706,00
Rajasthan,Dungarpur,12,15,12-15 h,5.9375,0.3,1.78125,0.0,NO ALERT,NO ALERT,20260706,00
Rajasthan,Ganganagar,12,15,12-15 h,0.0,1.0,0.0,0.0,NO ALERT,NO ALERT,20260706,00
Rajasthan,Hanumangarh,12,15,12-15 h,0.0,1.571559761267069,0.0,0.0,NO ALERT,NO ALERT,20260706,00
Rajasthan,Jaipur,12,15,12-15 h,0.07500000298023224,2.075984689161689,0.15569885787404317,0.0,NO ALERT,NO ALERT,20260706,00
Rajasthan,Jaisalmer,12,15,12-15 h,0.0022727272007614374,1.0,0.0022727272007614374,0.0,NO ALERT,NO ALERT,20260706,00
Rajasthan,Jalor,12,15,12-15 h,5.86328125,0.3,1.758984375,0.0,NO ALERT,NO ALERT,20260706,00
Rajasthan,Jhalawar,12,15,12-15 h,0.0,0.5632776631707748,0.0,0.0,NO ALERT,NO ALERT,20260706,00
Rajasthan,Jhunjhunun,12,15,12-15 h,0.03125,1.2604511264027094,0.03938909770008467,0.0,NO ALERT,NO ALERT,20260706,00
Rajasthan,Jodhpur,12,15,12-15 h,0.375,0.8001683993228174,0.3000631497460565,0.0,NO ALERT,NO ALERT,20260706,00
Rajasthan,Tonk,12,15,12-15 h,0.0694444477558136,3.0,0.2083333432674408,0.0,NO ALERT,NO ALERT,20260706,00
Rajasthan,Udaipur,12,15,12-15 h,14.059027671813965,0.3,4.21770830154419,0.0,NO ALERT,NO ALERT,20260706,00
Sikkim,East,12,15,12-15 h,0.0,2.23108818195037,0.0,0.0,NO ALERT,NO ALERT,20260706,00
Sikkim,North Sikkim,12,15,12-15 h,0.0,2.347754056512395,0.0,0.0,NO ALERT,NO ALERT,20260706,00
Sikkim,South Sikkim,12,15,12-15 h,0.0,1.0,0.0,0.0,NO ALERT,NO ALERT,20260706,00
Sikkim,West Sikkim,12,15,12-15 h,0.0,3.0,0.0,0.0,NO ALERT,NO ALERT,20260706,00
Tamil Nadu,Ariyalur,12,15,12-15 h,0.0,1.0,0.0,0.0,NO ALERT,NO ALERT,20260706,00
Tamil Nadu,Chennai,12,15,12-15 h,0.0,1.0,0.0,0.0,NO ALERT,NO ALERT,20260706,00
Tamil Nadu,Coimbatore,12,15,12-15 h,0.0,3.0,0.0,0.0,NO ALERT,NO ALERT,20260706,00
Tamil Nadu,Cuddalore,12,15,12-15 h,0.0,1.0,0.0,0.0,NO ALERT,NO ALERT,20260706,00
Tamil Nadu,Dharmapuri,12,15,12-15 h,0.0,1.0,0.0,0.0,NO ALERT,NO ALERT,20260706,00
Tamil Nadu,Dindigul,12,15,12-15 h,0.0,1.0,0.0,0.0,NO ALERT,NO ALERT,20260706,00
Tamil Nadu,Erode,12,15,12-15 h,0.0,1.0,0.0,0.0,NO ALERT,NO ALERT,20260706,00
Tamil Nadu,Kancheepuram,12,15,12-15 h,0.0,1.0,0.0,0.0,NO ALERT,NO ALERT,20260706,00
Tamil Nadu,Kanniyakumari,12,15,12-15 h,0.0,2.3327618361136246,0.0,0.0,NO ALERT,NO ALERT,20260706,00
Tamil Nadu,Karur,12,15,12-15 h,0.0,1.0,0.0,0.0,NO ALERT,NO ALERT,20260706,00
Tamil Nadu,Sivaganga,12,15,12-15 h,0.0,1.0,0.0,0.0,NO ALERT,NO ALERT,20260706,00
Tamil Nadu,Thanjavur,12,15,12-15 h,0.02500000037252903,1.0,0.02500000037252903,0.0,NO ALERT,NO ALERT,20260706,00
Tamil Nadu,Theni,12,15,12-15 h,0.0,3.0,0.0,0.0,NO ALERT,NO ALERT,20260706,00
Tamil Nadu,Thiruvallur,12,15,12-15 h,0.0,1.0,0.0,0.0,NO ALERT,NO ALERT,20260706,00
Tamil Nadu,Thiruvarur,12,15,12-15 h,0.2708333432674408,3.0,0.8125000298023224,0.0,NO ALERT,NO ALERT,20260706,00
Tamil Nadu,Thoothukudi,12,15,12-15 h,0.0,1.0,0.0,0.0,NO ALERT,NO ALERT,20260706,00
Tamil Nadu,Tiruchchirappalli,12,15,12-15 h,0.0,1.0,0.0,0.0,NO ALERT,NO ALERT,20260706,00
Tamil Nadu,Tirunelveli Kattabo,12,15,12-15 h,0.0833333358168602,3.0,0.2500000074505806,0.0,NO ALERT,NO ALERT,20260706,00
Tamil Nadu,Tiruvannamalai,12,15,12-15 h,0.0,1.0,0.0,0.0,NO ALERT,NO ALERT,20260706,00
Tamil Nadu,Vellore,12,15,12-15 h,0.0,1.0,0.0,0.0,NO ALERT,NO ALERT,20260706,00
Tamil Nadu,Villupuram,12,15,12-15 h,0.0,1.0,0.0,0.0,NO ALERT,NO ALERT,20260706,00
Tamil Nadu,Virudhunagar,12,15,12-15 h,0.0,1.0,0.0,0.0,NO ALERT,NO ALERT,20260706,00
Tripura,Dhalai,12,15,12-15 h,0.0,2.7728682543513306,0.0,0.0,NO ALERT,NO ALERT,20260706,00
Tripura,North Tripura,12,15,12-15 h,0.0,1.8373519402302907,0.0,0.0,NO ALERT,NO ALERT,20260706,00
Tripura,South Tripura,12,15,12-15 h,0.0,0.6883313005588784,0.0,0.0,NO ALERT,NO ALERT,20260706,00
Tripura,West Tripura,12,15,12-15 h,0.0,1.2952968876484479,0.0,0.0,NO ALERT,NO ALERT,20260706,00
Uttar Pradesh,Agra,12,15,12-15 h,0.078125,1.0983193107761748,0.08580619615438866,0.0,NO ALERT,NO ALERT,20260706,00
Uttar Pradesh,Aligarh,12,15,12-15 h,0.010416666977107525,0.8798559857902731,0.009165166791791926,0.0,NO ALERT,NO ALERT,20260706,00
Uttar Pradesh,Allahabad,12,15,12-15 h,0.0,0.3288936598778827,0.0,0.0,NO ALERT,NO ALERT,20260706,00
Uttar Pradesh,Ambedkar Nagar,12,15,12-15 h,0.1041666641831398,3.0,0.3124999925494194,0.0,NO ALERT,NO ALERT,20260706,00
Uttar Pradesh,Auraiya,12,15,12-15 h,0.0,3.0,0.0,0.0,NO ALERT,NO ALERT,20260706,00
Uttar Pradesh,Azamgarh,12,15,12-15 h,0.02500000037252903,3.0,0.07500000111758709,0.0,NO ALERT,NO ALERT,20260706,00
Uttar Pradesh,Badaun,12,15,12-15 h,0.0,2.287464070059984,0.0,0.0,NO ALERT,NO ALERT,20260706,00
Uttar Pradesh,Baghpat,12,15,12-15 h,0.0625,0.8822997668421744,0.0551437354276359,0.0,NO ALERT,NO ALERT,20260706,00
Uttar Pradesh,Bahraich,12,15,12-15 h,0.0,3.0,0.0,0.0,NO ALERT,NO ALERT,20260706,00
Uttar Pradesh,Ballia,12,15,12-15 h,0.234375,0.782997505218471,0.18351504028557913,0.0,NO ALERT,NO ALERT,20260706,00
Uttar Pradesh,Balrampur,12,15,12-15 h,0.0,2.137629415780145,0.0,0.0,NO ALERT,NO ALERT,20260706,00
Uttar Pradesh,Banda,12,15,12-15 h,0.0,2.6135166709781106,0.0,0.0,NO ALERT,NO ALERT,20260706,00
Uttar Pradesh,Bara Banki,12,15,12-15 h,0.0,3.0,0.0,0.0,NO ALERT,NO ALERT,20260706,00
Uttar Pradesh,Bareilly,12,15,12-15 h,0.2750000059604645,2.898412958300566,0.7970635808085431,0.0,NO ALERT,NO ALERT,20260706,00
Uttar Pradesh,Basti,12,15,12-15 h,0.1041666641831398,2.3821490387413156,0.2481405189527559,0.0,NO ALERT,NO ALERT,20260706,00
Uttar Pradesh,Bijnor,12,15,12-15 h,0.012500000186264515,3.0,0.037500000558793545,0.0,NO ALERT,NO ALERT,20260706,00
Uttar Pradesh,Bulandshahr,12,15,12-15 h,0.08749999850988388,1.5919798836936727,0.13929823745096148,0.0,NO ALERT,NO ALERT,20260706,00
Uttar Pradesh,Chandauli,12,15,12-15 h,0.234375,0.38773924304590257,0.09087638508888342,0.0,NO ALERT,NO ALERT,20260706,00
Uttar Pradesh,Chitrakoot,12,15,12-15 h,0.0,0.562270950669591,0.0,0.0,NO ALERT,NO ALERT,20260706,00
Uttar Pradesh,Deoria,12,15,12-15 h,0.03125,3.0,0.09375,0.0,NO ALERT,NO ALERT,20260706,00
Uttar Pradesh,Etah,12,15,12-15 h,0.0,2.067726013381379,0.0,0.0,NO ALERT,NO ALERT,20260706,00
Uttar Pradesh,Etawah,12,15,12-15 h,0.0,3.0,0.0,0.0,NO ALERT,NO ALERT,20260706,00
Uttar Pradesh,Faizabad,12,15,12-15 h,0.0,3.0,0.0,0.0,NO ALERT,NO ALERT,20260706,00
Uttar Pradesh,Farrukhabad,12,15,12-15 h,0.0,3.0,0.0,0.0,NO ALERT,NO ALERT,20260706,00
Uttar Pradesh,Fatehpur,12,15,12-15 h,0.0,1.2397823009215974,0.0,0.0,NO ALERT,NO ALERT,20260706,00
Uttar Pradesh,Firozabad,12,15,12-15 h,0.21875,1.3721040668065834,0.3001477646139401,0.0,NO ALERT,NO ALERT,20260706,00
Uttar Pradesh,Gautam Buddha Nagar,12,15,12-15 h,0.0,0.5126294703835742,0.0,0.0,NO ALERT,NO ALERT,20260706,00
Uttar Pradesh,Ghaziabad,12,15,12-15 h,0.0,0.6195152102740974,0.0,0.0,NO ALERT,NO ALERT,20260706,00
Uttar Pradesh,Ghazipur,12,15,12-15 h,0.02500000037252903,0.9133276607025872,0.022833191857805746,0.0,NO ALERT,NO ALERT,20260706,00
Uttar Pradesh,Gonda,12,15,12-15 h,0.0,3.0,0.0,0.0,NO ALERT,NO ALERT,20260706,00
Uttar Pradesh,Gorakhpur,12,15,12-15 h,0.078125,3.0,0.234375,0.0,NO ALERT,NO ALERT,20260706,00
Uttar Pradesh,Hamirpur,12,15,12-15 h,0.0,1.0,0.0,0.0,NO ALERT,NO ALERT,20260706,00
Uttar Pradesh,Hardoi,12,15,12-15 h,0.0,3.0,0.0,0.0,NO ALERT,NO ALERT,20260706,00
Uttar Pradesh,Hathras,12,15,12-15 h,0.0,0.6899235208352951,0.0,0.0,NO ALERT,NO ALERT,20260706,00
Uttar Pradesh,Jalaun,12,15,12-15 h,0.0,1.0,0.0,0.0,NO ALERT,NO ALERT,20260706,00
Uttar Pradesh,Jaunpur,12,15,12-15 h,0.109375,1.4820370115645944,0.1620977981398775,0.0,NO ALERT,NO ALERT,20260706,00
Uttar Pradesh,Jhansi,12,15,12-15 h,0.0,1.0,0.0,0.0,NO ALERT,NO ALERT,20260706,00
Uttar Pradesh,Jyotiba Phule Nagar,12,15,12-15 h,0.015625,2.7207409304746526,0.04251157703866645,0.0,NO ALERT,NO ALERT,20260706,00
Uttar Pradesh,Kannauj,12,15,12-15 h,0.0,1.0,0.0,0.0,NO ALERT,NO ALERT,20260706,00
Uttar Pradesh,Kanpur,12,15,12-15 h,0.0,3.0,0.0,0.0,NO ALERT,NO ALERT,20260706,00
Uttar Pradesh,Kanpur Dehat,12,15,12-15 h,0.0,1.0,0.0,0.0,NO ALERT,NO ALERT,20260706,00
Uttar Pradesh,Kaushambi,12,15,12-15 h,0.0,0.8478967173116988,0.0,0.0,NO ALERT,NO ALERT,20260706,00
Uttar Pradesh,Kushinagar,12,15,12-15 h,0.0,3.0,0.0,0.0,NO ALERT,NO ALERT,20260706,00
Uttar Pradesh,Lakhimpur Kheri,12,15,12-15 h,0.0,3.0,0.0,0.0,NO ALERT,NO ALERT,20260706,00
Uttar Pradesh,Lalitpur,12,15,12-15 h,0.0,2.6401848571460835,0.0,0.0,NO ALERT,NO ALERT,20260706,00
Uttar Pradesh,Lucknow,12,15,12-15 h,0.0,2.284626632442603,0.0,0.0,NO ALERT,NO ALERT,20260706,00
Uttar Pradesh,Maharajganj,12,15,12-15 h,0.03125,1.0,0.03125,0.0,NO ALERT,NO ALERT,20260706,00
Uttar Pradesh,Mahoba,12,15,12-15 h,0.0,1.0,0.0,0.0,NO ALERT,NO ALERT,20260706,00
Uttar Pradesh,Mainpuri,12,15,12-15 h,0.07500000298023224,2.6323788094303384,0.19742841855237558,0.0,NO ALERT,NO ALERT,20260706,00
Uttar Pradesh,Mathura,12,15,12-15 h,0.0,0.7910712809124609,0.0,0.0,NO ALERT,NO ALERT,20260706,00
Uttar Pradesh,Mau,12,15,12-15 h,0.02500000037252903,1.9114426031786989,0.04778606579153533,0.0,NO ALERT,NO ALERT,20260706,00
Uttar Pradesh,Meerut,12,15,12-15 h,0.015625,0.9643158928227719,0.01506743582535581,0.0,NO ALERT,NO ALERT,20260706,00
Uttar Pradesh,Mirzapur,12,15,12-15 h,0.0,0.35710016022873065,0.0,0.0,NO ALERT,NO ALERT,20260706,00
Uttar Pradesh,Moradabad,12,15,12-15 h,0.0,1.91329315618519,0.0,0.0,NO ALERT,NO ALERT,20260706,00
Uttar Pradesh,Muzaffarnagar,12,15,12-15 h,0.0,1.0943905970571934,0.0,0.0,NO ALERT,NO ALERT,20260706,00
Uttar Pradesh,Pilibhit,12,15,12-15 h,0.0,3.0,0.0,0.0,NO ALERT,NO ALERT,20260706,00
Uttar Pradesh,Pratapgarh,12,15,12-15 h,0.2291666716337204,1.7597048613363788,0.4032657061301354,0.0,NO ALERT,NO ALERT,20260706,00
Uttar Pradesh,Rae Bareli,12,15,12-15 h,0.0,1.1033504252204083,0.0,0.0,NO ALERT,NO ALERT,20260706,00
Uttar Pradesh,Rampur,12,15,12-15 h,0.109375,3.0,0.328125,0.0,NO ALERT,NO ALERT,20260706,00
Uttar Pradesh,Saharanpur,12,15,12-15 h,0.0,1.2072077539321737,0.0,0.0,NO ALERT,NO ALERT,20260706,00
Uttar Pradesh,Sant Kabir Nagar,12,15,12-15 h,0.15625,3.0,0.46875,0.0,NO ALERT,NO ALERT,20260706,00
Uttar Pradesh,Sant Ravi Das Nagar,12,15,12-15 h,0.0,0.7357740655714142,0.0,0.0,NO ALERT,NO ALERT,20260706,00
Uttar Pradesh,Shahjahanpur,12,15,12-15 h,0.0,3.0,0.0,0.0,NO ALERT,NO ALERT,20260706,00
Uttar Pradesh,Shravasti,12,15,12-15 h,0.0,3.0,0.0,0.0,NO ALERT,NO ALERT,20260706,00
Uttar Pradesh,Siddharth Nagar,12,15,12-15 h,0.010416666977107525,3.0,0.031250000931322575,0.0,NO ALERT,NO ALERT,20260706,00
Uttar Pradesh,Sitapur,12,15,12-15 h,0.0,3.0,0.0,0.0,NO ALERT,NO ALERT,20260706,00
Uttar Pradesh,Sonbhadra,12,15,12-15 h,0.0,0.36184466178439245,0.0,0.0,NO ALERT,NO ALERT,20260706,00
Uttar Pradesh,Sultanpur,12,15,12-15 h,0.0520833320915699,3.0,0.1562499962747097,0.0,NO ALERT,NO ALERT,20260706,00
Uttar Pradesh,Unnao,12,15,12-15 h,0.0,2.072396332849315,0.0,0.0,NO ALERT,NO ALERT,20260706,00
Uttar Pradesh,Varanasi,12,15,12-15 h,0.015625,0.7173701896151363,0.011208909212736505,0.0,NO ALERT,NO ALERT,20260706,00
Uttaranchal,Almora,12,15,12-15 h,0.0,0.9821425065093953,0.0,0.0,NO ALERT,NO ALERT,20260706,00
Uttaranchal,Bageshwar,12,15,12-15 h,0.0,1.1747002010493959,0.0,0.0,NO ALERT,NO ALERT,20260706,00
Uttaranchal,Chamoli,12,15,12-15 h,0.0,0.9639619688833851,0.0,0.0,NO ALERT,NO ALERT,20260706,00
Uttaranchal,Champawat,12,15,12-15 h,0.0,1.3345860907380185,0.0,0.0,NO ALERT,NO ALERT,20260706,00
Uttaranchal,Dehra Dun,12,15,12-15 h,0.0,0.6132870486378237,0.0,0.0,NO ALERT,NO ALERT,20260706,00
Uttaranchal,Haridwar,12,15,12-15 h,0.0,3.0,0.0,0.0,NO ALERT,NO ALERT,20260706,00
Uttaranchal,Naini Tal,12,15,12-15 h,0.0,3.0,0.0,0.0,NO ALERT,NO ALERT,20260706,00
Uttaranchal,Pauri Garhwal,12,15,12-15 h,0.0,0.6525376956382899,0.0,0.0,NO ALERT,NO ALERT,20260706,00
Uttaranchal,Pithoragarh,12,15,12-15 h,0.0,1.4492140668178521,0.0,0.0,NO ALERT,NO ALERT,20260706,00
Uttaranchal,Rudra Prayag,12,15,12-15 h,0.0,0.4569764664782921,0.0,0.0,NO ALERT,NO ALERT,20260706,00
Uttaranchal,Tehri Garhwal,12,15,12-15 h,0.0,0.43032490849803356,0.0,0.0,NO ALERT,NO ALERT,20260706,00
Uttaranchal,Udham Singh Nagar,12,15,12-15 h,0.0416666679084301,3.0,0.1250000037252903,0.0,NO ALERT,NO ALERT,20260706,00
Uttaranchal,Uttarkashi,12,15,12-15 h,0.010416666977107525,0.5922627381468989,0.006169403706226083,0.0,NO ALERT,NO ALERT,20260706,00
West Bengal,Bankura,12,15,12-15 h,0.0,0.8139789747747026,0.0,0.0,NO ALERT,NO ALERT,20260706,00
West Bengal,Barddhaman,12,15,12-15 h,0.0,0.574892656930282,0.0,0.0,NO ALERT,NO ALERT,20260706,00
West Bengal,Birbhum,12,15,12-15 h,0.0,0.5294498373329074,0.0,0.0,NO ALERT,NO ALERT,20260706,00
West Bengal,Dakshin Dinajpur,12,15,12-15 h,0.0,3.0,0.0,0.0,NO ALERT,NO ALERT,20260706,00
West Bengal,Darjiling,12,15,12-15 h,0.44999998807907104,0.7026692764985678,0.316201166047885,0.0,NO ALERT,NO ALERT,20260706,00
West Bengal,East Midnapore,12,15,12-15 h,0.0,0.8881573288438509,0.0,0.0,NO ALERT,NO ALERT,20260706,00
West Bengal,Haora,12,15,12-15 h,0.0,1.2481811405444279,0.0,0.0,NO ALERT,NO ALERT,20260706,00
West Bengal,Hugli,12,15,12-15 h,0.0,0.8639513302480973,0.0,0.0,NO ALERT,NO ALERT,20260706,00
West Bengal,Jalpaiguri,12,15,12-15 h,1.3194444179534912,0.4477323529410921,0.5907579538253064,0.0,NO ALERT,NO ALERT,20260706,00
West Bengal,Kochbihar,12,15,12-15 h,3.03125,0.4180542781060552,1.26722703050898,0.0,NO ALERT,NO ALERT,20260706,00
West Bengal,Kolkata,12,15,12-15 h,0.0,1.0,0.0,0.0,NO ALERT,NO ALERT,20260706,00
West Bengal,Maldah,12,15,12-15 h,0.0,1.8447625989600538,0.0,0.0,NO ALERT,NO ALERT,20260706,00
West Bengal,Murshidabad,12,15,12-15 h,0.0,0.5481165988025845,0.0,0.0,NO ALERT,NO ALERT,20260706,00
West Bengal,Nadia,12,15,12-15 h,0.0,0.5519673667157511,0.0,0.0,NO ALERT,NO ALERT,20260706,00
West Bengal,North 24 Parganas,12,15,12-15 h,0.0,0.5171853011924324,0.0,0.0,NO ALERT,NO ALERT,20260706,00
West Bengal,Puruliya,12,15,12-15 h,0.0,0.5083553982476996,0.0,0.0,NO ALERT,NO ALERT,20260706,00
West Bengal,South 24 Parganas,12,15,12-15 h,0.0,0.39550141013305273,0.0,0.0,NO ALERT,NO ALERT,20260706,00
West Bengal,Uttar Dinajpur,12,15,12-15 h,1.2000000476837158,0.7118445881113709,0.8542135396770401,0.0,NO ALERT,NO ALERT,20260706,00
West Bengal,West Midnapore,12,15,12-15 h,0.0062500000931322575,1.4849613290035115,0.009281008444569748,0.0,NO ALERT,NO ALERT,20260706,00
Arunachal Pradesh,Papum Pare,15,18,15-18 h,0.1875,0.9533183125255726,0.17874718359854486,0.0,NO ALERT,NO ALERT,20260706,00
Arunachal Pradesh,Tawang,15,18,15-18 h,0.3499999940395355,1.1388765971638852,0.3986068022191263,0.0,NO ALERT,NO ALERT,20260706,00
Arunachal Pradesh,Tirap,15,18,15-18 h,6.453125,0.3651383081547162,2.356283144810903,0.0,NO ALERT,NO ALERT,20260706,00
Arunachal Pradesh,Upper Dibang Valley,15,18,15-18 h,2.0,1.028310112978305,2.05662022595661,0.0,NO ALERT,NO ALERT,20260706,00
Arunachal Pradesh,Upper Siang,15,18,15-18 h,2.569444417953491,1.2039424484099477,3.093463203604199,0.0,NO ALERT,NO ALERT,20260706,00
Arunachal Pradesh,Upper Subansiri,15,18,15-18 h,2.203125,0.5158400571515395,1.1364601259119853,0.0,NO ALERT,NO ALERT,20260706,00
Arunachal Pradesh,West Kameng,15,18,15-18 h,1.107954502105713,0.6603703450016216,0.7316602968016496,0.0,NO ALERT,NO ALERT,20260706,00
Arunachal Pradesh,West Siang,15,18,15-18 h,2.3863637447357178,0.797134356200177,1.90225252731935,0.0,NO ALERT,NO ALERT,20260706,00
Assam,Barpeta,15,18,15-18 h,1.4166666269302368,0.6024484372218926,0.853468595458531,0.0,NO ALERT,NO ALERT,20260706,00
Assam,Bongaigaon,15,18,15-18 h,2.359375,0.46296589037388325,1.0923101476008807,0.0,NO ALERT,NO ALERT,20260706,00
Assam,Cachar,15,18,15-18 h,2.3125,0.5608794743553766,1.2970337844468083,0.0,NO ALERT,NO ALERT,20260706,00
Assam,Darrang,15,18,15-18 h,6.862500190734863,0.3,2.058750057220459,0.0,NO ALERT,NO ALERT,20260706,00
Assam,Dhemaji,15,18,15-18 h,7.796875,0.3,2.3390625,0.0,NO ALERT,NO ALERT,20260706,00
Assam,Dhuburi,15,18,15-18 h,8.734375,0.32508121737137274,2.8393812579780837,0.0,NO ALERT,NO ALERT,20260706,00
Assam,Dibrugarh,15,18,15-18 h,9.125,0.3174379415214978,2.8966212163836675,0.0,NO ALERT,NO ALERT,20260706,00
Assam,Goalpara,15,18,15-18 h,5.020833492279053,0.35666832552213257,1.7907722744166108,0.0,NO ALERT,NO ALERT,20260706,00
Assam,Golaghat,15,18,15-18 h,0.7124999761581421,1.2381989938745952,0.8822167536146847,0.0,NO ALERT,NO ALERT,20260706,00
Assam,Hailakandi,15,18,15-18 h,0.40625,0.8229121215241156,0.33430804936917197,0.0,NO ALERT,NO ALERT,20260706,00
Assam,Jorhat,15,18,15-18 h,1.2083333730697632,0.6894283364621259,0.8330592672871562,0.0,NO ALERT,NO ALERT,20260706,00
Assam,Kamrup,15,18,15-18 h,1.7916666269302368,0.3664044900075036,0.6564746967038376,0.0,NO ALERT,NO ALERT,20260706,00
Assam,Karbi Anglong,15,18,15-18 h,0.28125,0.4270362077260787,0.12010393342295964,0.0,NO ALERT,NO ALERT,20260706,00
Assam,Karimganj,15,18,15-18 h,0.25,0.6822626455335654,0.17056566138339135,0.0,NO ALERT,NO ALERT,20260706,00
Assam,Kokrajhar,15,18,15-18 h,4.65625,0.37030806257959376,1.7242469163862335,0.0,NO ALERT,NO ALERT,20260706,00
Assam,Lakhimpur,15,18,15-18 h,2.6041667461395264,0.8540887789555129,2.2241895964068594,0.0,NO ALERT,NO ALERT,20260706,00
Assam,Marigaon,15,18,15-18 h,5.4375,0.3,1.6312499999999999,0.0,NO ALERT,NO ALERT,20260706,00
Assam,Nagaon,15,18,15-18 h,3.0833332538604736,0.38673451003625536,1.1924313752102234,0.0,NO ALERT,NO ALERT,20260706,00
Assam,Nalbari,15,18,15-18 h,2.2083332538604736,0.5554100332386462,1.2265304459286535,0.0,NO ALERT,NO ALERT,20260706,00
Assam,North Cachar Hills,15,18,15-18 h,0.3482142984867096,1.1126078231817818,0.3874259526400692,0.0,NO ALERT,NO ALERT,20260706,00
Assam,Sibsagar,15,18,15-18 h,2.4583332538604736,0.6339424569321858,1.5584418229104033,0.0,NO ALERT,NO ALERT,20260706,00
Assam,Sonitpur,15,18,15-18 h,4.862500190734863,0.3,1.458750057220459,0.0,NO ALERT,NO ALERT,20260706,00
Assam,Tinsukia,15,18,15-18 h,8.1875,0.3,2.45625,0.0,NO ALERT,NO ALERT,20260706,00
Bihar,Araria,15,18,15-18 h,2.765625,0.5229429825116881,1.4462641860088874,0.0,NO ALERT,NO ALERT,20260706,00
Bihar,Aurangabad,15,18,15-18 h,2.375,0.35000296398043534,0.8312570394535339,0.0,NO ALERT,NO ALERT,20260706,00
Bihar,Banka,15,18,15-18 h,0.328125,0.7184756982670082,0.23574983849386205,0.0,NO ALERT,NO ALERT,20260706,00
Bihar,Begusarai,15,18,15-18 h,0.125,2.5062878804279856,0.3132859850534982,0.0,NO ALERT,NO ALERT,20260706,00
Bihar,Bhabua,15,18,15-18 h,2.3854167461395264,0.3407437709399486,0.8128158973428843,0.0,NO ALERT,NO ALERT,20260706,00
Bihar,Bhagalpur,15,18,15-18 h,0.2291666716337204,1.0689963787452375,0.24497834210554603,0.0,NO ALERT,NO ALERT,20260706,00
Bihar,Bhojpur,15,18,15-18 h,1.0625,0.4776323743598687,0.5074843977573605,0.0,NO ALERT,NO ALERT,20260706,00
Bihar,Buxar,15,18,15-18 h,1.5,0.8075695227139618,1.2113542840709426,0.0,NO ALERT,NO ALERT,20260706,00
Bihar,Darbhanga,15,18,15-18 h,0.34375,3.0,1.03125,0.0,NO ALERT,NO ALERT,20260706,00
Bihar,Gaya,15,18,15-18 h,1.631250023841858,0.363978205648116,0.5937394566414059,0.0,NO ALERT,NO ALERT,20260706,00
Bihar,Gopalganj,15,18,15-18 h,0.921875,2.547002946333611,2.3480183411512976,0.0,NO ALERT,NO ALERT,20260706,00
Bihar,Jamui,15,18,15-18 h,0.1458333283662796,0.6349210991185491,0.09259265713443453,0.0,NO ALERT,NO ALERT,20260706,00
Bihar,Jehanabad,15,18,15-18 h,1.5625,0.5056413165810456,0.7900645571578837,0.0,NO ALERT,NO ALERT,20260706,00
Bihar,Katihar,15,18,15-18 h,0.08749999850988388,1.607854247376458,0.14068724424955056,0.0,NO ALERT,NO ALERT,20260706,00
Bihar,Khagaria,15,18,15-18 h,0.0625,1.903639559935811,0.11897747249598818,0.0,NO ALERT,NO ALERT,20260706,00
Bihar,Kishanganj,15,18,15-18 h,5.5,0.5333674240043547,2.9335208320239508,0.0,NO ALERT,NO ALERT,20260706,00
Bihar,Lakhisarai,15,18,15-18 h,0.125,1.0458318462971934,0.13072898078714917,0.0,NO ALERT,NO ALERT,20260706,00
Bihar,Madhepura,15,18,15-18 h,0.5,1.1618894539535725,0.5809447269767862,0.0,NO ALERT,NO ALERT,20260706,00
Bihar,Madhubani,15,18,15-18 h,0.824999988079071,1.4408870594945968,1.1887318069063302,0.0,NO ALERT,NO ALERT,20260706,00
Bihar,Munger,15,18,15-18 h,0.15625,1.0672109647237193,0.16675171323808113,0.0,NO ALERT,NO ALERT,20260706,00
Bihar,Muzaffarpur,15,18,15-18 h,0.625,2.179447337729882,1.3621545860811763,0.0,NO ALERT,NO ALERT,20260706,00
Bihar,Nalanda,15,18,15-18 h,0.53125,1.0296407182961889,0.5469966315948503,0.0,NO ALERT,NO ALERT,20260706,00
Bihar,Nawada,15,18,15-18 h,1.6875,0.4708261828175211,0.7945191835045669,0.0,NO ALERT,NO ALERT,20260706,00
Bihar,Pashchim Champaran,15,18,15-18 h,0.1328125,2.3983339096854386,0.31852872238009733,0.0,NO ALERT,NO ALERT,20260706,00
Bihar,Patna,15,18,15-18 h,0.671875,0.8338239891381003,0.5602254927021612,0.0,NO ALERT,NO ALERT,20260706,00
Bihar,Purba Champaran,15,18,15-18 h,0.1875,3.0,0.5625,0.0,NO ALERT,NO ALERT,20260706,00
Bihar,Purnia,15,18,15-18 h,1.125,0.5942910400177946,0.668577420020019,0.0,NO ALERT,NO ALERT,20260706,00
Bihar,Rohtas,15,18,15-18 h,2.262500047683716,0.33297800858631404,0.7533627603041643,0.0,NO ALERT,NO ALERT,20260706,00
Bihar,Saharsa,15,18,15-18 h,0.1458333283662796,2.0970945990316596,0.30582628527573547,0.0,NO ALERT,NO ALERT,20260706,00
Bihar,Samastipur,15,18,15-18 h,0.21875,2.7195437456214746,0.5949001943546975,0.0,NO ALERT,NO ALERT,20260706,00
Bihar,Saran,15,18,15-18 h,1.3624999523162842,0.9861629519125841,1.343646974956982,0.0,NO ALERT,NO ALERT,20260706,00
Bihar,Sheikhpura,15,18,15-18 h,0.375,0.7062180227612795,0.2648317585354798,0.0,NO ALERT,NO ALERT,20260706,00
Bihar,Sheohar,15,18,15-18 h,0.0,1.0,0.0,0.0,NO ALERT,NO ALERT,20260706,00
Madhya Pradesh,Tikamgarh,15,18,15-18 h,0.0982142835855484,3.0,0.2946428507566452,0.0,NO ALERT,NO ALERT,20260706,00
Madhya Pradesh,Ujjain,15,18,15-18 h,2.017857074737549,0.3,0.6053571224212646,0.0,NO ALERT,NO ALERT,20260706,00
Madhya Pradesh,Umaria,15,18,15-18 h,2.3958332538604736,0.3,0.7187499761581421,0.0,NO ALERT,NO ALERT,20260706,00
Madhya Pradesh,Vidisha,15,18,15-18 h,2.5833332538604736,0.41390940472058413,1.0692659293002782,0.0,NO ALERT,NO ALERT,20260706,00
Madhya Pradesh,West Nimar,15,18,15-18 h,0.637499988079071,0.44485233351497017,0.28359335731274044,0.0,NO ALERT,NO ALERT,20260706,00
Maharashtra,Ahmednagar,15,18,15-18 h,0.7232142686843872,0.3,0.21696428060531617,0.0,NO ALERT,NO ALERT,20260706,00
Maharashtra,Akola,15,18,15-18 h,0.0,0.6882367881901188,0.0,0.0,NO ALERT,NO ALERT,20260706,00
Maharashtra,Amravati,15,18,15-18 h,0.109375,0.9339314439149177,0.10214875167819412,0.0,NO ALERT,NO ALERT,20260706,00
Maharashtra,Aurangabad,15,18,15-18 h,0.004166666883975267,0.5067375479619736,0.002111406559959984,0.0,NO ALERT,NO ALERT,20260706,00
Maharashtra,Bhandara,15,18,15-18 h,1.21875,0.44561608275608444,0.5430946008589779,0.0,NO ALERT,NO ALERT,20260706,00
Maharashtra,Bid,15,18,15-18 h,0.012500000186264515,0.6836711063440929,0.008545888956644827,0.0,NO ALERT,NO ALERT,20260706,00
Maharashtra,Buldana,15,18,15-18 h,0.0,1.3375042100354553,0.0,0.0,NO ALERT,NO ALERT,20260706,00
Maharashtra,Chandrapur,15,18,15-18 h,0.0758928582072258,1.3798679824200135,0.10472212513449283,0.0,NO ALERT,NO ALERT,20260706,00
Maharashtra,Dhule,15,18,15-18 h,0.013888888992369175,0.3092955395113148,0.004295771414107585,0.0,NO ALERT,NO ALERT,20260706,00
Maharashtra,Garhchiroli,15,18,15-18 h,0.05624999850988388,0.7873463730204786,0.0442882323091644,0.0,NO ALERT,NO ALERT,20260706,00
Maharashtra,Gondiya,15,18,15-18 h,1.2265625,0.604748128777892,0.7417613767041331,0.0,NO ALERT,NO ALERT,20260706,00
Maharashtra,Greater Bombay,15,18,15-18 h,11.875,0.3,3.5625,0.0,NO ALERT,NO ALERT,20260706,00
Maharashtra,Hingoli,15,18,15-18 h,0.0,2.239290183539015,0.0,0.0,NO ALERT,NO ALERT,20260706,00
Maharashtra,Jalgaon,15,18,15-18 h,0.0,0.5762232307671074,0.0,0.0,NO ALERT,NO ALERT,20260706,00
Maharashtra,Jalna,15,18,15-18 h,0.0,3.0,0.0,0.0,NO ALERT,NO ALERT,20260706,00
Maharashtra,Kolhapur,15,18,15-18 h,1.7777777910232544,0.41287151840747965,0.7339938159708661,0.0,NO ALERT,NO ALERT,20260706,00
Maharashtra,Latur,15,18,15-18 h,0.0069444444961845875,1.50430828029553,0.010446585357663195,0.0,NO ALERT,NO ALERT,20260706,00
Maharashtra,Nagpur,15,18,15-18 h,1.125,0.5156920875720314,0.5801535985185353,0.0,NO ALERT,NO ALERT,20260706,00
Maharashtra,Nanded,15,18,15-18 h,0.0,1.9327884430663378,0.0,0.0,NO ALERT,NO ALERT,20260706,00
Maharashtra,Nandurbar,15,18,15-18 h,0.4464285671710968,0.3,0.13392857015132903,0.0,NO ALERT,NO ALERT,20260706,00
Maharashtra,Nashik,15,18,15-18 h,8.08967399597168,0.3,2.426902198791504,0.0,NO ALERT,NO ALERT,20260706,00
Maharashtra,Osmanabad,15,18,15-18 h,0.0,0.3793131751187402,0.0,0.0,NO ALERT,NO ALERT,20260706,00
Maharashtra,Parbhani,15,18,15-18 h,0.0,3.0,0.0,0.0,NO ALERT,NO ALERT,20260706,00
Madhya Pradesh,Balaghat,15,18,15-18 h,1.115384578704834,0.3,0.33461537361145016,0.0,NO ALERT,NO ALERT,20260706,00
Madhya Pradesh,Barwani,15,18,15-18 h,0.3046875,0.336734408265465,0.10259876501838387,0.0,NO ALERT,NO ALERT,20260706,00
Madhya Pradesh,Betul,15,18,15-18 h,0.87109375,0.3,0.26132812499999997,0.0,NO ALERT,NO ALERT,20260706,00
Madhya Pradesh,Bhind,15,18,15-18 h,0.2410714328289032,3.0,0.7232142984867096,0.0,NO ALERT,NO ALERT,20260706,00
Madhya Pradesh,Bhopal,15,18,15-18 h,1.475000023841858,0.364615889459979,0.5378084456465893,0.0,NO ALERT,NO ALERT,20260706,00
Madhya Pradesh,Burhanpur,15,18,15-18 h,0.1875,1.2142310318773522,0.22766831847700353,0.0,NO ALERT,NO ALERT,20260706,00
Madhya Pradesh,Chhatarpur,15,18,15-18 h,0.5096153616905212,2.317805072305432,1.1811890702510575,0.0,NO ALERT,NO ALERT,20260706,00
Madhya Pradesh,Chhindwara,15,18,15-18 h,1.6458333730697632,0.3,0.49375001192092893,0.0,NO ALERT,NO ALERT,20260706,00
Madhya Pradesh,Damoh,15,18,15-18 h,3.3125,0.36117172586835916,1.1963813419389397,0.0,NO ALERT,NO ALERT,20260706,00
Rajasthan,Karauli,15,18,15-18 h,0.875,2.7439746691600675,2.400977835515059,0.0,NO ALERT,NO ALERT,20260706,00
Rajasthan,Kota,15,18,15-18 h,0.15625,2.9527826759430753,0.4613722931161055,0.0,NO ALERT,NO ALERT,20260706,00
Rajasthan,Nagaur,15,18,15-18 h,0.5336538553237915,1.1882893373752281,0.6341351861304441,0.0,NO ALERT,NO ALERT,20260706,00
Rajasthan,Pali,15,18,15-18 h,3.154411792755127,0.3,0.946323537826538,0.0,NO ALERT,NO ALERT,20260706,00
Rajasthan,Rajsamand,15,18,15-18 h,5.901785850524902,0.3,1.7705357551574707,0.0,NO ALERT,NO ALERT,20260706,00
Rajasthan,Sawai Madhopur,15,18,15-18 h,0.8571428656578064,3.0,2.571428596973419,0.0,NO ALERT,NO ALERT,20260706,00
Rajasthan,Sikar,15,18,15-18 h,0.1458333283662796,1.51752888887864,0.22130628875715413,0.0,NO ALERT,NO ALERT,20260706,00
Rajasthan,Sirohi,15,18,15-18 h,0.265625,0.3,0.0796875,0.0,NO ALERT,NO ALERT,20260706,00
Tamil Nadu,Madurai,15,18,15-18 h,0.0,1.0,0.0,0.0,NO ALERT,NO ALERT,20260706,00
Tamil Nadu,Nagapattinam,15,18,15-18 h,0.02083333395421505,3.0,0.06250000186264515,0.0,NO ALERT,NO ALERT,20260706,00
Tamil Nadu,Namakkal,15,18,15-18 h,0.0,1.0,0.0,0.0,NO ALERT,NO ALERT,20260706,00
Tamil Nadu,Nilgiris,15,18,15-18 h,0.515625,1.7038905536806261,0.8785685667415728,0.0,NO ALERT,NO ALERT,20260706,00
Tamil Nadu,Perambalur,15,18,15-18 h,0.0,1.0,0.0,0.0,NO ALERT,NO ALERT,20260706,00
Tamil Nadu,Pudukkottai,15,18,15-18 h,0.0,1.0,0.0,0.0,NO ALERT,NO ALERT,20260706,00
Tamil Nadu,Ramanathapuram,15,18,15-18 h,0.0,1.0,0.0,0.0,NO ALERT,NO ALERT,20260706,00
Tamil Nadu,Salem,15,18,15-18 h,0.0,1.0,0.0,0.0,NO ALERT,NO ALERT,20260706,00
Andaman and Nicobar,Andaman Islands,15,18,15-18 h,0.1111111119389534,1.0,0.1111111119389534,0.0,NO ALERT,NO ALERT,20260706,00
Andaman and Nicobar,Nicobar Islands,15,18,15-18 h,0.0,1.0,0.0,0.0,NO ALERT,NO ALERT,20260706,00
Andhra Pradesh,Adilabad,15,18,15-18 h,0.005434782709926367,3.0,0.0163043481297791,0.0,NO ALERT,NO ALERT,20260706,00
Andhra Pradesh,Anantapur,15,18,15-18 h,0.0,1.0,0.0,0.0,NO ALERT,NO ALERT,20260706,00
Andhra Pradesh,Chittoor,15,18,15-18 h,0.0,1.0,0.0,0.0,NO ALERT,NO ALERT,20260706,00
Andhra Pradesh,Cuddapah,15,18,15-18 h,0.0,1.0,0.0,0.0,NO ALERT,NO ALERT,20260706,00
Andhra Pradesh,East Godavari,15,18,15-18 h,0.07352941483259201,3.0,0.22058824449777603,0.0,NO ALERT,NO ALERT,20260706,00
Andhra Pradesh,Guntur,15,18,15-18 h,0.004166666883975267,3.0,0.012500000651925802,0.0,NO ALERT,NO ALERT,20260706,00
Andhra Pradesh,Hyderabad,15,18,15-18 h,0.0,1.0,0.0,0.0,NO ALERT,NO ALERT,20260706,00
Andhra Pradesh,Karimnagar,15,18,15-18 h,0.0034722222480922937,2.1393520898236744,0.007428305922788506,0.0,NO ALERT,NO ALERT,20260706,00
Andhra Pradesh,Khammam,15,18,15-18 h,0.016447369009256363,3.0,0.04934210702776909,0.0,NO ALERT,NO ALERT,20260706,00
Andhra Pradesh,Krishna,15,18,15-18 h,0.0,3.0,0.0,0.0,NO ALERT,NO ALERT,20260706,00
Andhra Pradesh,Kurnool,15,18,15-18 h,0.0,3.0,0.0,0.0,NO ALERT,NO ALERT,20260706,00
Andhra Pradesh,Mahbubnagar,15,18,15-18 h,0.025462962687015533,3.0,0.0763888880610466,0.0,NO ALERT,NO ALERT,20260706,00
Andhra Pradesh,Medak,15,18,15-18 h,0.0,1.1350579038438837,0.0,0.0,NO ALERT,NO ALERT,20260706,00
Andhra Pradesh,Nalgonda,15,18,15-18 h,0.0,3.0,0.0,0.0,NO ALERT,NO ALERT,20260706,00
Andhra Pradesh,Nellore,15,18,15-18 h,0.0,1.0,0.0,0.0,NO ALERT,NO ALERT,20260706,00
Andhra Pradesh,Nizamabad,15,18,15-18 h,0.0,3.0,0.0,0.0,NO ALERT,NO ALERT,20260706,00
Andhra Pradesh,Prakasam,15,18,15-18 h,0.0,1.0,0.0,0.0,NO ALERT,NO ALERT,20260706,00
Andhra Pradesh,Rangareddi,15,18,15-18 h,0.0347222238779068,2.274697750563405,0.07898256454963354,0.0,NO ALERT,NO ALERT,20260706,00
Andhra Pradesh,Srikakulam,15,18,15-18 h,0.0062500000931322575,3.0,0.018750000279396772,0.0,NO ALERT,NO ALERT,20260706,00
Andhra Pradesh,Vishakhapatnam,15,18,15-18 h,0.03750000149011612,3.0,0.11250000447034836,0.0,NO ALERT,NO ALERT,20260706,00
Andhra Pradesh,Vizianagaram,15,18,15-18 h,0.0,3.0,0.0,0.0,NO ALERT,NO ALERT,20260706,00
Andhra Pradesh,Warangal,15,18,15-18 h,0.0034722222480922937,3.0,0.010416666744276881,0.0,NO ALERT,NO ALERT,20260706,00
Andhra Pradesh,West Godavari,15,18,15-18 h,0.012500000186264515,3.0,0.037500000558793545,0.0,NO ALERT,NO ALERT,20260706,00
Arunachal Pradesh,Changlang,15,18,15-18 h,4.8671875,0.3,1.46015625,0.0,NO ALERT,NO ALERT,20260706,00
Arunachal Pradesh,East Kameng,15,18,15-18 h,1.8250000476837158,0.4269880196000505,0.7792531561304675,0.0,NO ALERT,NO ALERT,20260706,00
Arunachal Pradesh,East Siang,15,18,15-18 h,5.357142925262451,0.45628493034155115,2.444383586483111,0.0,NO ALERT,NO ALERT,20260706,00
Arunachal Pradesh,Kurung Kumey,15,18,15-18 h,1.7937500476837158,0.7126390600047544,1.2782963478648066,0.0,NO ALERT,NO ALERT,20260706,00
Arunachal Pradesh,Lohit,15,18,15-18 h,3.2916667461395264,0.3,0.9875000238418579,0.0,NO ALERT,NO ALERT,20260706,00
Arunachal Pradesh,Lower Dibang Valley,15,18,15-18 h,2.59375,0.3,0.778125,0.0,NO ALERT,NO ALERT,20260706,00
Arunachal Pradesh,Lower Subansiri,15,18,15-18 h,2.6500000953674316,0.6416184837284099,1.7002890430697932,0.0,NO ALERT,NO ALERT,20260706,00
Bihar,Sitamarhi,15,18,15-18 h,0.1041666641831398,3.0,0.3124999925494194,0.0,NO ALERT,NO ALERT,20260706,00
Bihar,Siwan,15,18,15-18 h,2.0833332538604736,1.4389760456555118,2.997866647422775,0.0,NO ALERT,NO ALERT,20260706,00
Bihar,Supaul,15,18,15-18 h,2.2916667461395264,0.890582586739991,2.0409184987229576,0.0,NO ALERT,NO ALERT,20260706,00
Bihar,Vaishali,15,18,15-18 h,0.484375,1.2193520432551004,0.5906236459516893,0.0,NO ALERT,NO ALERT,20260706,00
Chandigarh,Chandigarh,15,18,15-18 h,0.9375,1.1884359977669912,1.1141587479065542,0.0,NO ALERT,NO ALERT,20260706,00
Chhattisgarh,Bastar,15,18,15-18 h,0.059659089893102646,0.5807237067170128,0.03464544782208604,0.0,NO ALERT,NO ALERT,20260706,00
Chhattisgarh,Bilaspur,15,18,15-18 h,8.416666984558105,0.3,2.5250000953674316,0.0,NO ALERT,NO ALERT,20260706,00
Chhattisgarh,Dantewada,15,18,15-18 h,0.03532608598470688,1.7403026932816885,0.06147808258228589,0.0,NO ALERT,NO ALERT,20260706,00
Chhattisgarh,Dhamtari,15,18,15-18 h,0.375,0.3,0.11249999999999999,0.0,NO ALERT,NO ALERT,20260706,00
Chhattisgarh,Durg,15,18,15-18 h,0.875,0.3,0.2625,0.0,NO ALERT,NO ALERT,20260706,00
Chhattisgarh,Janjgir-Champa,15,18,15-18 h,2.8125,0.3,0.84375,0.0,NO ALERT,NO ALERT,20260706,00
Chhattisgarh,Jashpur,15,18,15-18 h,1.399999976158142,0.3,0.4199999928474426,0.0,NO ALERT,NO ALERT,20260706,00
Chhattisgarh,Kanker,15,18,15-18 h,0.1180555522441864,0.31181627116571115,0.036811642091191005,0.0,NO ALERT,NO ALERT,20260706,00
Chhattisgarh,Kawardha,15,18,15-18 h,1.03125,0.3,0.309375,0.0,NO ALERT,NO ALERT,20260706,00
Chhattisgarh,Korba,15,18,15-18 h,26.29166603088379,0.3,7.887499809265137,0.0,NO ALERT,NO ALERT,20260706,00
Chhattisgarh,Koriya,15,18,15-18 h,1.9147727489471436,0.3,0.574431824684143,0.0,NO ALERT,NO ALERT,20260706,00
Chhattisgarh,Mahasamund,15,18,15-18 h,0.4196428656578064,0.3,0.1258928596973419,0.0,NO ALERT,NO ALERT,20260706,00
Chhattisgarh,Raigarh,15,18,15-18 h,1.7443181276321411,0.3,0.5232954382896423,0.0,NO ALERT,NO ALERT,20260706,00
Chhattisgarh,Raipur,15,18,15-18 h,0.41796875,0.3,0.125390625,0.0,NO ALERT,NO ALERT,20260706,00
Chhattisgarh,Raj Nandgaon,15,18,15-18 h,0.4431818127632141,0.47455991292457994,0.2103163224746684,0.0,NO ALERT,NO ALERT,20260706,00
Chhattisgarh,Surguja,15,18,15-18 h,2.2161457538604736,0.3,0.664843726158142,0.0,NO ALERT,NO ALERT,20260706,00
Dadra and Nagar Haveli,Dadra and Nagar Haveli,15,18,15-18 h,9.5,0.3,2.85,0.0,NO ALERT,NO ALERT,20260706,00
Daman and Diu,Daman,15,18,15-18 h,0.0,1.0,0.0,0.0,NO ALERT,NO ALERT,20260706,00
Daman and Diu,Junagadh,15,18,15-18 h,5.125,0.3,1.5374999999999999,0.0,NO ALERT,NO ALERT,20260706,00
Delhi,Delhi,15,18,15-18 h,0.02083333395421505,0.7680284695981865,0.01600059359348372,0.0,NO ALERT,NO ALERT,20260706,00
Goa,North Goa,15,18,15-18 h,8.34375,0.3,2.503125,0.0,NO ALERT,NO ALERT,20260706,00
Goa,South Goa,15,18,15-18 h,7.375,0.3652758638408204,2.6939094958260505,0.0,NO ALERT,NO ALERT,20260706,00
Gujarat,Ahmadabad,15,18,15-18 h,7.599999904632568,0.3,2.2799999713897705,0.0,NO ALERT,NO ALERT,20260706,00
Gujarat,Amreli,15,18,15-18 h,50.369319915771484,0.3,15.110795974731445,0.0,MODERATE,NO ALERT,20260706,00
Gujarat,Anand,15,18,15-18 h,4.025000095367432,0.3,1.2075000286102295,0.0,NO ALERT,NO ALERT,20260706,00
Gujarat,Banas Kantha,15,18,15-18 h,1.6071428060531616,0.3,0.48214284181594846,0.0,NO ALERT,NO ALERT,20260706,00
Gujarat,Bharuch,15,18,15-18 h,0.3660714328289032,0.3,0.10982142984867095,0.0,NO ALERT,NO ALERT,20260706,00
Gujarat,Bhavnagar,15,18,15-18 h,24.522727966308594,0.3,7.356818389892577,0.0,NO ALERT,NO ALERT,20260706,00
Gujarat,Dahod,15,18,15-18 h,19.5,0.3,5.85,0.0,NO ALERT,NO ALERT,20260706,00
Gujarat,Gandhinagar,15,18,15-18 h,0.40625,0.3,0.121875,0.0,NO ALERT,NO ALERT,20260706,00
Gujarat,Jamnagar,15,18,15-18 h,0.5,1.0297514316198848,0.5148757158099424,0.0,NO ALERT,NO ALERT,20260706,00
Gujarat,Junagadh,15,18,15-18 h,4.721590995788574,0.3,1.4164772987365721,0.0,NO ALERT,NO ALERT,20260706,00
Gujarat,Kachchh,15,18,15-18 h,1.5187499523162842,1.0429478032131136,1.5839769263982897,0.0,NO ALERT,NO ALERT,20260706,00
Gujarat,Kheda,15,18,15-18 h,3.6666667461395264,0.3,1.100000023841858,0.0,NO ALERT,NO ALERT,20260706,00
Gujarat,Mahesana,15,18,15-18 h,1.4464285373687744,0.3,0.43392856121063234,0.0,NO ALERT,NO ALERT,20260706,00
Gujarat,Narmada,15,18,15-18 h,0.203125,0.33628631261391084,0.06830815724970064,0.0,NO ALERT,NO ALERT,20260706,00
Gujarat,Navsari,15,18,15-18 h,2.484375,0.3,0.7453124999999999,0.0,NO ALERT,NO ALERT,20260706,00
Gujarat,Panch Mahals,15,18,15-18 h,4.824999809265137,0.38515868720859836,1.8583905923182975,0.0,NO ALERT,NO ALERT,20260706,00
Gujarat,Patan,15,18,15-18 h,3.5138888359069824,0.3,1.0541666507720946,0.0,NO ALERT,NO ALERT,20260706,00
Gujarat,Porbandar,15,18,15-18 h,0.0833333358168602,3.0,0.2500000074505806,0.0,NO ALERT,NO ALERT,20260706,00
Gujarat,Rajkot,15,18,15-18 h,9.670833587646484,0.3,2.901250076293945,0.0,NO ALERT,NO ALERT,20260706,00
Gujarat,Sabar Kantha,15,18,15-18 h,1.8611111640930176,0.3,0.5583333492279052,0.0,NO ALERT,NO ALERT,20260706,00
Gujarat,Surat,15,18,15-18 h,0.3375000059604645,0.32712919453700195,0.11040610510608011,0.0,NO ALERT,NO ALERT,20260706,00
Gujarat,Surendranagar,15,18,15-18 h,22.266666412353516,0.3,6.679999923706054,0.0,NO ALERT,NO ALERT,20260706,00
Gujarat,The Dangs,15,18,15-18 h,1.3541666269302368,0.6236297049513208,0.8444985340074288,0.0,NO ALERT,NO ALERT,20260706,00
Gujarat,Vadodara,15,18,15-18 h,0.859375,0.3522998571050929,0.3027576896996892,0.0,NO ALERT,NO ALERT,20260706,00
Gujarat,Valsad,15,18,15-18 h,9.5625,0.3,2.86875,0.0,NO ALERT,NO ALERT,20260706,00
Haryana,Ambala,15,18,15-18 h,0.1458333283662796,0.6762277229722136,0.09861653957458838,0.0,NO ALERT,NO ALERT,20260706,00
Haryana,Bhiwani,15,18,15-18 h,0.1696428507566452,1.7078232852568205,0.2897200106995463,0.0,NO ALERT,NO ALERT,20260706,00
Haryana,Faridabad,15,18,15-18 h,0.046875,0.8712532145408735,0.040839994431603445,0.0,NO ALERT,NO ALERT,20260706,00
Haryana,Fatehabad,15,18,15-18 h,0.0,1.0808056670009505,0.0,0.0,NO ALERT,NO ALERT,20260706,00
Haryana,Gurgaon,15,18,15-18 h,0.0,1.3004888747066055,0.0,0.0,NO ALERT,NO ALERT,20260706,00
Haryana,Hisar,15,18,15-18 h,0.012500000186264515,0.9496809693817465,0.011871012294163697,0.0,NO ALERT,NO ALERT,20260706,00
Haryana,Jhajjar,15,18,15-18 h,0.0416666679084301,1.6618096732806247,0.0692420717836005,0.0,NO ALERT,NO ALERT,20260706,00
Haryana,Jind,15,18,15-18 h,0.28125,0.7717056323525144,0.21704220909914468,0.0,NO ALERT,NO ALERT,20260706,00
Haryana,Kaithal,15,18,15-18 h,0.0,0.6331763172108541,0.0,0.0,NO ALERT,NO ALERT,20260706,00
Haryana,Karnal,15,18,15-18 h,0.22499999403953552,0.5159404245146241,0.11608659244054584,0.0,NO ALERT,NO ALERT,20260706,00
Haryana,Kurukshetra,15,18,15-18 h,0.0625,0.6033338297736488,0.03770836436085305,0.0,NO ALERT,NO ALERT,20260706,00
Haryana,Mahendragarh,15,18,15-18 h,0.3125,1.1386681831985863,0.3558338072495582,0.0,NO ALERT,NO ALERT,20260706,00
Haryana,Panchkula,15,18,15-18 h,0.8125,0.6671410727647323,0.542052121621345,0.0,NO ALERT,NO ALERT,20260706,00
Haryana,Panipat,15,18,15-18 h,0.0,1.0415843239201417,0.0,0.0,NO ALERT,NO ALERT,20260706,00
Haryana,Rewari,15,18,15-18 h,0.03125,1.1674745883169169,0.03648358088490365,0.0,NO ALERT,NO ALERT,20260706,00
Haryana,Rohtak,15,18,15-18 h,0.4375,1.2603472433768046,0.551401918977352,0.0,NO ALERT,NO ALERT,20260706,00
Haryana,Sirsa,15,18,15-18 h,0.0,1.4831194250452018,0.0,0.0,NO ALERT,NO ALERT,20260706,00
Haryana,Sonepat,15,18,15-18 h,0.1666666716337204,0.7724164037051864,0.12873607112083152,0.0,NO ALERT,NO ALERT,20260706,00
Haryana,Yamuna Nagar,15,18,15-18 h,0.0,0.6918813868041921,0.0,0.0,NO ALERT,NO ALERT,20260706,00
Himachal Pradesh,Bilaspur,15,18,15-18 h,0.46875,0.43793651979773524,0.2052827436551884,0.0,NO ALERT,NO ALERT,20260706,00
Himachal Pradesh,Chamba,15,18,15-18 h,0.27272728085517883,0.47998853587409984,0.13090596823060172,0.0,NO ALERT,NO ALERT,20260706,00
Himachal Pradesh,Hamirpur,15,18,15-18 h,0.3125,0.3222888511402842,0.10071526598133881,0.0,NO ALERT,NO ALERT,20260706,00
Himachal Pradesh,Kangra,15,18,15-18 h,0.25,0.491764254011286,0.1229410635028215,0.0,NO ALERT,NO ALERT,20260706,00
Himachal Pradesh,Kinnaur,15,18,15-18 h,0.21590909361839294,0.5900100248843969,0.1273885296985556,0.0,NO ALERT,NO ALERT,20260706,00
Himachal Pradesh,Kullu,15,18,15-18 h,0.4609375,0.48471900161399284,0.22342516480644983,0.0,NO ALERT,NO ALERT,20260706,00
Himachal Pradesh,Lahul and Spiti,15,18,15-18 h,0.0555555559694767,1.1034755877631228,0.06130419977692537,0.0,NO ALERT,NO ALERT,20260706,00
Himachal Pradesh,Mandi,15,18,15-18 h,0.4124999940395355,0.41181400265740536,0.16987327364157698,0.0,NO ALERT,NO ALERT,20260706,00
Himachal Pradesh,Shimla,15,18,15-18 h,0.9375,0.38421361333609627,0.36020026250259024,0.0,NO ALERT,NO ALERT,20260706,00
Himachal Pradesh,Sirmaur,15,18,15-18 h,0.16249999403953552,0.5853734282891708,0.09512317860789274,0.0,NO ALERT,NO ALERT,20260706,00
Himachal Pradesh,Solan,15,18,15-18 h,0.46875,0.501145504684414,0.23491195532081904,0.0,NO ALERT,NO ALERT,20260706,00
Himachal Pradesh,Una,15,18,15-18 h,0.09375,0.5308169916656943,0.04976409296865884,0.0,NO ALERT,NO ALERT,20260706,00
Jammu and Kashmir,Anantnag (Kashmir South),15,18,15-18 h,0.2857142984867096,1.3868985192801786,0.3962567375083925,0.0,NO ALERT,NO ALERT,20260706,00
Jammu and Kashmir,Bagdam,15,18,15-18 h,0.1875,1.7381670057123004,0.3259063135710563,0.0,NO ALERT,NO ALERT,20260706,00
Jammu and Kashmir,Baramula (Kashmir North),15,18,15-18 h,0.0446428582072258,2.3802491119877285,0.10626112360434328,0.0,NO ALERT,NO ALERT,20260706,00
Jammu and Kashmir,Doda,15,18,15-18 h,0.2242647111415863,0.9310309851117253,0.20879739493994762,0.0,NO ALERT,NO ALERT,20260706,00
Jammu and Kashmir,Jammu,15,18,15-18 h,0.015625,2.1214535699251704,0.03314771203008079,0.0,NO ALERT,NO ALERT,20260706,00
Jammu and Kashmir,Kargil,15,18,15-18 h,0.010869565419852734,3.0,0.0326086962595582,0.0,NO ALERT,NO ALERT,20260706,00
Jammu and Kashmir,Kathua,15,18,15-18 h,0.203125,0.7421973154339496,0.15075882969752102,0.0,NO ALERT,NO ALERT,20260706,00
Jammu and Kashmir,Kupwara (Muzaffarabad),15,18,15-18 h,0.512499988079071,2.805712758686526,1.437927755380142,0.0,NO ALERT,NO ALERT,20260706,00
Jammu and Kashmir,Ladakh (Leh),15,18,15-18 h,0.1483333259820938,0.6253946944730077,0.09276687508273661,0.0,NO ALERT,NO ALERT,20260706,00
Jammu and Kashmir,Pulwama,15,18,15-18 h,0.0625,3.0,0.1875,0.0,NO ALERT,NO ALERT,20260706,00
Jammu and Kashmir,Punch,15,18,15-18 h,0.20000000298023224,0.9080148049822427,0.18160296370254353,0.0,NO ALERT,NO ALERT,20260706,00
Jammu and Kashmir,Rajauri,15,18,15-18 h,0.0625,1.6908137329342856,0.10567585830839285,0.0,NO ALERT,NO ALERT,20260706,00
Jammu and Kashmir,Srinagar,15,18,15-18 h,0.125,1.1768416745126433,0.14710520931408042,0.0,NO ALERT,NO ALERT,20260706,00
Jammu and Kashmir,Udhampur,15,18,15-18 h,0.7265625,0.9046338825169598,0.6572730552662286,0.0,NO ALERT,NO ALERT,20260706,00
Jharkhand,Bokaro,15,18,15-18 h,0.078125,0.43038052424230994,0.03362347845643046,0.0,NO ALERT,NO ALERT,20260706,00
Jharkhand,Chatra,15,18,15-18 h,0.21875,0.47580298707457397,0.10408190342256306,0.0,NO ALERT,NO ALERT,20260706,00
Jharkhand,Deoghar,15,18,15-18 h,0.171875,0.43042539217912484,0.07397936428078708,0.0,NO ALERT,NO ALERT,20260706,00
Jharkhand,Dhanbad,15,18,15-18 h,0.0625,0.3,0.01875,0.0,NO ALERT,NO ALERT,20260706,00
Jharkhand,Dumka,15,18,15-18 h,0.5,0.5747174401032172,0.2873587200516086,0.0,NO ALERT,NO ALERT,20260706,00
Jharkhand,Garhwa,15,18,15-18 h,2.34375,0.3,0.703125,0.0,NO ALERT,NO ALERT,20260706,00
Jharkhand,Giridih,15,18,15-18 h,0.2890625,0.3,0.08671875,0.0,NO ALERT,NO ALERT,20260706,00
Jharkhand,Godda,15,18,15-18 h,0.4375,1.241563229918693,0.5431839130894281,0.0,NO ALERT,NO ALERT,20260706,00
Jharkhand,Gumla,15,18,15-18 h,0.4791666567325592,0.3,0.14374999701976776,0.0,NO ALERT,NO ALERT,20260706,00
Jharkhand,Hazaribag,15,18,15-18 h,0.28125,0.42314411896564175,0.11900928345908673,0.0,NO ALERT,NO ALERT,20260706,00
Jharkhand,Jamtara,15,18,15-18 h,0.125,0.46008470755189523,0.057510588443986904,0.0,NO ALERT,NO ALERT,20260706,00
Jharkhand,Koderma,15,18,15-18 h,0.5416666865348816,0.3039175085951896,0.16462198986069276,0.0,NO ALERT,NO ALERT,20260706,00
Jharkhand,Latehar,15,18,15-18 h,0.9583333134651184,0.3665391067324198,0.35126663666942454,0.0,NO ALERT,NO ALERT,20260706,00
Jharkhand,Lohardaga,15,18,15-18 h,1.34375,0.39624014819091274,0.532447699131539,0.0,NO ALERT,NO ALERT,20260706,00
Jharkhand,Pakur,15,18,15-18 h,0.53125,0.6035076534919583,0.32061344091760285,0.0,NO ALERT,NO ALERT,20260706,00
Jharkhand,Palamu,15,18,15-18 h,1.4285714626312256,0.3737988343625059,0.5339983475350922,0.0,NO ALERT,NO ALERT,20260706,00
Jharkhand,Pashchim Singhbhum,15,18,15-18 h,0.1484375,0.45311129700376257,0.06725870814899601,0.0,NO ALERT,NO ALERT,20260706,00
Jharkhand,Purba Singhbhum,15,18,15-18 h,0.02500000037252903,0.9904194813681165,0.02476048740316292,0.0,NO ALERT,NO ALERT,20260706,00
Jharkhand,Ranchi,15,18,15-18 h,0.23863635957241058,0.43312750651481624,0.1033599713853713,0.0,NO ALERT,NO ALERT,20260706,00
Jharkhand,Sahibganj,15,18,15-18 h,0.375,0.9271637311929378,0.34768639919735167,0.0,NO ALERT,NO ALERT,20260706,00
Jharkhand,Saraikela Kharsawan,15,18,15-18 h,0.0625,0.7038710866727816,0.04399194291704885,0.0,NO ALERT,NO ALERT,20260706,00
Jharkhand,Simdega,15,18,15-18 h,0.3203125,0.3,0.09609374999999999,0.0,NO ALERT,NO ALERT,20260706,00
Karnataka,Bagalkot,15,18,15-18 h,0.11249999701976776,1.1632799061220045,0.13086898597188124,0.0,NO ALERT,NO ALERT,20260706,00
Karnataka,Bangalore Rural,15,18,15-18 h,0.02678571455180645,3.0,0.08035714365541935,0.0,NO ALERT,NO ALERT,20260706,00
Karnataka,Bangalore Urban,15,18,15-18 h,0.046875,3.0,0.140625,0.0,NO ALERT,NO ALERT,20260706,00
Karnataka,Belgaum,15,18,15-18 h,0.37132352590560913,0.8973372374527518,0.33320242693735463,0.0,NO ALERT,NO ALERT,20260706,00
Karnataka,Bellary,15,18,15-18 h,0.06818182021379471,2.70287473371527,0.18428691915458278,0.0,NO ALERT,NO ALERT,20260706,00
Karnataka,Bidar,15,18,15-18 h,0.0069444444961845875,1.0018766190120068,0.006957476572753953,0.0,NO ALERT,NO ALERT,20260706,00
Karnataka,Bijapur,15,18,15-18 h,0.0446428582072258,3.0,0.1339285746216774,0.0,NO ALERT,NO ALERT,20260706,00
Karnataka,Chamrajnagar,15,18,15-18 h,0.010416666977107525,3.0,0.031250000931322575,0.0,NO ALERT,NO ALERT,20260706,00
Karnataka,Chikmagalur,15,18,15-18 h,0.7124999761581421,0.9744358301784026,0.6942855057697512,0.0,NO ALERT,NO ALERT,20260706,00
Karnataka,Chitradurga,15,18,15-18 h,0.028409091755747795,3.0,0.08522727526724339,0.0,NO ALERT,NO ALERT,20260706,00
Karnataka,Dakshin Kannad,15,18,15-18 h,4.75,0.48296471969249655,2.2940824185393587,0.0,NO ALERT,NO ALERT,20260706,00
Karnataka,Davanagere,15,18,15-18 h,0.15625,1.0634182151425726,0.16615909611602697,0.0,NO ALERT,NO ALERT,20260706,00
Karnataka,Dharwad,15,18,15-18 h,0.25,0.6005924706507083,0.15014811766267708,0.0,NO ALERT,NO ALERT,20260706,00
Karnataka,Gadag,15,18,15-18 h,0.1953125,1.0104995631984701,0.1973631959372012,0.0,NO ALERT,NO ALERT,20260706,00
Karnataka,Gulbarga,15,18,15-18 h,0.014880952425301075,1.3275990324998463,0.01975593804250595,0.0,NO ALERT,NO ALERT,20260706,00
Karnataka,Hassan,15,18,15-18 h,0.4124999940395355,1.3953514149603434,0.5755824503541991,0.0,NO ALERT,NO ALERT,20260706,00
Karnataka,Haveri,15,18,15-18 h,0.23749999701976776,0.8339001601670177,0.19805128555445056,0.0,NO ALERT,NO ALERT,20260706,00
Karnataka,Kodagu,15,18,15-18 h,0.71875,0.9891691490121184,0.7109653258524601,0.0,NO ALERT,NO ALERT,20260706,00
Karnataka,Kolar,15,18,15-18 h,0.0,1.0,0.0,0.0,NO ALERT,NO ALERT,20260706,00
Karnataka,Koppal,15,18,15-18 h,0.0535714291036129,1.3672411486472411,0.07324506226229795,0.0,NO ALERT,NO ALERT,20260706,00
Karnataka,Mandya,15,18,15-18 h,0.078125,3.0,0.234375,0.0,NO ALERT,NO ALERT,20260706,00
Karnataka,Mysore,15,18,15-18 h,0.1875,3.0,0.5625,0.0,NO ALERT,NO ALERT,20260706,00
Karnataka,Raichur,15,18,15-18 h,0.0,1.9789763859973823,0.0,0.0,NO ALERT,NO ALERT,20260706,00
Karnataka,Shimoga,15,18,15-18 h,2.096590995788574,0.6521122332003625,1.367212636371459,0.0,NO ALERT,NO ALERT,20260706,00
Karnataka,Tumkur,15,18,15-18 h,0.011363636702299118,3.0,0.034090910106897354,0.0,NO ALERT,NO ALERT,20260706,00
Karnataka,Udupi,15,18,15-18 h,7.375,0.36293434267993313,2.676640777264507,0.0,NO ALERT,NO ALERT,20260706,00
Karnataka,Uttar Kannand,15,18,15-18 h,3.740384578704834,0.4136012505834986,1.5470277394155518,0.0,NO ALERT,NO ALERT,20260706,00
Kerala,Alappuzha,15,18,15-18 h,0.375,2.864364265748771,1.0741365996557892,0.0,NO ALERT,NO ALERT,20260706,00
Kerala,Ernakulam,15,18,15-18 h,3.8125,0.8273595857165152,3.1543084205442145,0.0,NO ALERT,NO ALERT,20260706,00
Kerala,Idukki,15,18,15-18 h,1.2000000476837158,1.1481059089541104,1.3777271454908884,0.0,NO ALERT,NO ALERT,20260706,00
Kerala,Kannur,15,18,15-18 h,4.78125,0.39296054227725635,1.878842592763132,0.0,NO ALERT,NO ALERT,20260706,00
Kerala,Kasaragod,15,18,15-18 h,4.854166507720947,0.4895700959949935,2.3764547631606265,0.0,NO ALERT,NO ALERT,20260706,00
Kerala,Kollam,15,18,15-18 h,2.375,0.9608015244614043,2.2819036205958354,0.0,NO ALERT,NO ALERT,20260706,00
Kerala,Kottayam,15,18,15-18 h,4.03125,0.9196575889749057,3.7073696555550884,0.0,NO ALERT,NO ALERT,20260706,00
Kerala,Kozhikode,15,18,15-18 h,4.458333492279053,0.37264617476151884,1.6613809217089526,0.0,NO ALERT,NO ALERT,20260706,00
Kerala,Malappuram,15,18,15-18 h,3.075000047683716,0.44261788343885,1.361050012680129,0.0,NO ALERT,NO ALERT,20260706,00
Kerala,Palakkad,15,18,15-18 h,2.7708332538604736,0.5302180666602749,1.4691458508998991,0.0,NO ALERT,NO ALERT,20260706,00
Kerala,Pattanamtitta,15,18,15-18 h,2.2708332538604736,0.7477207744636957,1.6979491992544673,0.0,NO ALERT,NO ALERT,20260706,00
Kerala,Thiruvananthapuram,15,18,15-18 h,0.75,1.3040197822546657,0.9780148366909993,0.0,NO ALERT,NO ALERT,20260706,00
Kerala,Thrissur,15,18,15-18 h,2.34375,0.842598859765623,1.9748410775756788,0.0,NO ALERT,NO ALERT,20260706,00
Kerala,Wayanad,15,18,15-18 h,0.9375,0.9148688962922525,0.8576895902739867,0.0,NO ALERT,NO ALERT,20260706,00
Lakshadweep,Kavaratti,15,18,15-18 h,0.0,1.0,0.0,0.0,NO ALERT,NO ALERT,20260706,00
Madhya Pradesh,Anuppur,15,18,15-18 h,3.65625,0.3,1.096875,0.0,NO ALERT,NO ALERT,20260706,00
Madhya Pradesh,Ashoknagar,15,18,15-18 h,0.1458333283662796,0.9519252256221402,0.13882242400829836,0.0,NO ALERT,NO ALERT,20260706,00
Madhya Pradesh,Datia,15,18,15-18 h,0.0,1.0,0.0,0.0,NO ALERT,NO ALERT,20260706,00
Madhya Pradesh,Dewas,15,18,15-18 h,1.375,0.3,0.4125,0.0,NO ALERT,NO ALERT,20260706,00
Madhya Pradesh,Dhar,15,18,15-18 h,5.3522725105285645,0.3,1.6056817531585692,0.0,NO ALERT,NO ALERT,20260706,00
Madhya Pradesh,Dindori,15,18,15-18 h,3.607142925262451,0.3,1.0821428775787354,0.0,NO ALERT,NO ALERT,20260706,00
Madhya Pradesh,East Nimar,15,18,15-18 h,3.174999952316284,0.30123901134156544,0.9564338466452749,0.0,NO ALERT,NO ALERT,20260706,00
Madhya Pradesh,Guna,15,18,15-18 h,0.6319444179534912,0.44732070879630687,0.28268182495882527,0.0,NO ALERT,NO ALERT,20260706,00
Madhya Pradesh,Gwalior,15,18,15-18 h,0.008928571827709675,1.0,0.008928571827709675,0.0,NO ALERT,NO ALERT,20260706,00
Madhya Pradesh,Harda,15,18,15-18 h,2.4479167461395264,0.3,0.7343750238418579,0.0,NO ALERT,NO ALERT,20260706,00
Madhya Pradesh,Hoshangabad,15,18,15-18 h,2.4236111640930176,0.3,0.7270833492279053,0.0,NO ALERT,NO ALERT,20260706,00
Madhya Pradesh,Indore,15,18,15-18 h,1.8214285373687744,0.3,0.5464285612106323,0.0,NO ALERT,NO ALERT,20260706,00
Madhya Pradesh,Jabalpur,15,18,15-18 h,5.489583492279053,0.3,1.6468750476837157,0.0,NO ALERT,NO ALERT,20260706,00
Madhya Pradesh,Jhabua,15,18,15-18 h,10.662500381469727,0.3,3.198750114440918,0.0,NO ALERT,NO ALERT,20260706,00
Madhya Pradesh,Katni,15,18,15-18 h,2.902777671813965,0.32230547985936164,0.9355811504390406,0.0,NO ALERT,NO ALERT,20260706,00
Madhya Pradesh,Mandla,15,18,15-18 h,14.7421875,0.3,4.42265625,0.0,NO ALERT,NO ALERT,20260706,00
Madhya Pradesh,Mandsaur,15,18,15-18 h,2.2916667461395264,0.3805572499288874,0.8721103946643399,0.0,NO ALERT,NO ALERT,20260706,00
Madhya Pradesh,Morena,15,18,15-18 h,0.2767857015132904,3.0,0.8303571045398712,0.0,NO ALERT,NO ALERT,20260706,00
Madhya Pradesh,Narsinghpur,15,18,15-18 h,9.590277671813965,0.3,2.8770833015441895,0.0,NO ALERT,NO ALERT,20260706,00
Madhya Pradesh,Neemuch,15,18,15-18 h,2.4166667461395264,0.7317338523203192,1.7683568679270865,0.0,NO ALERT,NO ALERT,20260706,00
Madhya Pradesh,Panna,15,18,15-18 h,1.6666666269302368,0.4184968595164538,0.6974947492311853,0.0,NO ALERT,NO ALERT,20260706,00
Madhya Pradesh,Raisen,15,18,15-18 h,5.104166507720947,0.3,1.5312499523162841,0.0,NO ALERT,NO ALERT,20260706,00
Madhya Pradesh,Rajgarh,15,18,15-18 h,1.1517857313156128,0.676433949885283,0.7791069716553293,0.0,NO ALERT,NO ALERT,20260706,00
Madhya Pradesh,Ratlam,15,18,15-18 h,14.8671875,0.3,4.46015625,0.0,NO ALERT,NO ALERT,20260706,00
Madhya Pradesh,Rewa,15,18,15-18 h,0.2152777761220932,0.38712886212107545,0.08334024051010157,0.0,NO ALERT,NO ALERT,20260706,00
Madhya Pradesh,Sagar,15,18,15-18 h,4.354166507720947,0.3,1.306249952316284,0.0,NO ALERT,NO ALERT,20260706,00
Madhya Pradesh,Satna,15,18,15-18 h,0.3068181872367859,0.4227753173004938,0.12971515646259446,0.0,NO ALERT,NO ALERT,20260706,00
Madhya Pradesh,Sehore,15,18,15-18 h,1.3359375,0.3,0.40078125,0.0,NO ALERT,NO ALERT,20260706,00
Madhya Pradesh,Seoni,15,18,15-18 h,12.53365421295166,0.3,3.760096263885498,0.0,NO ALERT,NO ALERT,20260706,00
Madhya Pradesh,Shahdol,15,18,15-18 h,2.4791667461395264,0.3,0.7437500238418578,0.0,NO ALERT,NO ALERT,20260706,00
Madhya Pradesh,Shajapur,15,18,15-18 h,0.8977272510528564,0.3,0.26931817531585694,0.0,NO ALERT,NO ALERT,20260706,00
Madhya Pradesh,Sheopur,15,18,15-18 h,0.640625,3.0,1.921875,0.0,NO ALERT,NO ALERT,20260706,00
Madhya Pradesh,Shivpuri,15,18,15-18 h,0.0390625,3.0,0.1171875,0.0,NO ALERT,NO ALERT,20260706,00
Madhya Pradesh,Sidhi,15,18,15-18 h,1.32421875,0.399988705397733,0.5296725434759043,0.0,NO ALERT,NO ALERT,20260706,00
Maharashtra,Pune,15,18,15-18 h,4.536184310913086,0.3,1.3608552932739257,0.0,NO ALERT,NO ALERT,20260706,00
Maharashtra,Raigarh,15,18,15-18 h,9.36111068725586,0.3,2.8083332061767576,0.0,NO ALERT,NO ALERT,20260706,00
Maharashtra,Ratnagiri,15,18,15-18 h,6.875,0.3,2.0625,0.0,NO ALERT,NO ALERT,20260706,00
Maharashtra,Sangli,15,18,15-18 h,0.6931818127632141,0.3,0.20795454382896422,0.0,NO ALERT,NO ALERT,20260706,00
Maharashtra,Satara,15,18,15-18 h,1.765625,0.3,0.5296875,0.0,NO ALERT,NO ALERT,20260706,00
Maharashtra,Sindhudurg,15,18,15-18 h,8.56944465637207,0.3,2.570833396911621,0.0,NO ALERT,NO ALERT,20260706,00
Maharashtra,Solapur,15,18,15-18 h,0.021739130839705467,0.3,0.00652173925191164,0.0,NO ALERT,NO ALERT,20260706,00
Maharashtra,Thane,15,18,15-18 h,14.322916984558105,0.3,4.296875095367431,0.0,NO ALERT,NO ALERT,20260706,00
Maharashtra,Wardha,15,18,15-18 h,0.5714285969734192,0.8277061142287497,0.4729749435600551,0.0,NO ALERT,NO ALERT,20260706,00
Maharashtra,Washim,15,18,15-18 h,0.0,0.6548512185328705,0.0,0.0,NO ALERT,NO ALERT,20260706,00
Maharashtra,Yavatmal,15,18,15-18 h,0.0031250000465661287,1.1672216749493405,0.003647567788569684,0.0,NO ALERT,NO ALERT,20260706,00
Manipur,Bishnupur,15,18,15-18 h,0.5625,0.44222804670987065,0.24875327627430224,0.0,NO ALERT,NO ALERT,20260706,00
Manipur,Chandel,15,18,15-18 h,1.875,0.4353368800524707,0.8162566500983826,0.0,NO ALERT,NO ALERT,20260706,00
Manipur,Churachandpur,15,18,15-18 h,1.1666666269302368,0.350797188232678,0.40926337233202986,0.0,NO ALERT,NO ALERT,20260706,00
Manipur,East Imphal,15,18,15-18 h,0.9375,0.34679034457550556,0.3251159480395365,0.0,NO ALERT,NO ALERT,20260706,00
Manipur,Senapati,15,18,15-18 h,0.675000011920929,0.40549794487557334,0.27371111762492417,0.0,NO ALERT,NO ALERT,20260706,00
Manipur,Tamenglong,15,18,15-18 h,1.3958333730697632,0.47901291702576343,0.668622215716058,0.0,NO ALERT,NO ALERT,20260706,00
Manipur,Thoubal,15,18,15-18 h,0.25,0.5006320786802736,0.1251580196700684,0.0,NO ALERT,NO ALERT,20260706,00
Manipur,Ukhrul,15,18,15-18 h,0.90625,0.5601360196084298,0.5076232677701396,0.0,NO ALERT,NO ALERT,20260706,00
Manipur,West Imphal,15,18,15-18 h,0.0,1.0,0.0,0.0,NO ALERT,NO ALERT,20260706,00
Meghalaya,East Garo Hills,15,18,15-18 h,2.21875,0.5096870049480084,1.1308680422283937,0.0,NO ALERT,NO ALERT,20260706,00
Meghalaya,East Khasi Hills,15,18,15-18 h,4.09375,0.5445849739225571,2.2293947369954683,0.0,NO ALERT,NO ALERT,20260706,00
Meghalaya,Jaintia Hills,15,18,15-18 h,2.9270832538604736,0.3344285796853742,0.9789002952094018,0.0,NO ALERT,NO ALERT,20260706,00
Meghalaya,Ri-Bhoi,15,18,15-18 h,0.6458333134651184,0.3754843171484303,0.2425002806981581,0.0,NO ALERT,NO ALERT,20260706,00
Meghalaya,South Garo Hills,15,18,15-18 h,1.75,1.1985655828274717,2.0974897699480755,0.0,NO ALERT,NO ALERT,20260706,00
Meghalaya,West Garo Hills,15,18,15-18 h,1.212499976158142,1.4164832395577518,1.717485894192182,0.0,NO ALERT,NO ALERT,20260706,00
Meghalaya,West Khasi Hills,15,18,15-18 h,1.3359375,0.7688290212309257,1.0271075205506897,0.0,NO ALERT,NO ALERT,20260706,00
Mizoram,Aizawl,15,18,15-18 h,0.9479166865348816,0.35958444336345213,0.34085609408257334,0.0,NO ALERT,NO ALERT,20260706,00
Mizoram,Champhai,15,18,15-18 h,1.015625,0.393379226133291,0.3995257765416237,0.0,NO ALERT,NO ALERT,20260706,00
Mizoram,Kolasib,15,18,15-18 h,0.25,0.8142673026091504,0.2035668256522876,0.0,NO ALERT,NO ALERT,20260706,00
Mizoram,Lawngtlai,15,18,15-18 h,1.8125,0.3,0.54375,0.0,NO ALERT,NO ALERT,20260706,00
Mizoram,Lunglei,15,18,15-18 h,2.03125,0.34255624595576245,0.6958173745976425,0.0,NO ALERT,NO ALERT,20260706,00
Mizoram,Mamit,15,18,15-18 h,0.5,0.6080090530356378,0.3040045265178189,0.0,NO ALERT,NO ALERT,20260706,00
Mizoram,Saiha,15,18,15-18 h,2.59375,0.3,0.778125,0.0,NO ALERT,NO ALERT,20260706,00
Mizoram,Serchhip,15,18,15-18 h,2.25,0.3,0.6749999999999999,0.0,NO ALERT,NO ALERT,20260706,00
Nagaland,Dimapur,15,18,15-18 h,0.1875,0.6956002689591826,0.13042505042984673,0.0,NO ALERT,NO ALERT,20260706,00
Nagaland,Kohima,15,18,15-18 h,1.600000023841858,0.42200076411911747,0.6752012326518702,0.0,NO ALERT,NO ALERT,20260706,00
Nagaland,Mokokchung,15,18,15-18 h,0.75,0.6004559914526765,0.45034199358950733,0.0,NO ALERT,NO ALERT,20260706,00
Nagaland,Mon,15,18,15-18 h,4.03125,0.35697456601861516,1.4390537192625423,0.0,NO ALERT,NO ALERT,20260706,00
Nagaland,Phek,15,18,15-18 h,2.609375,0.4705958392700629,1.2279610180953202,0.0,NO ALERT,NO ALERT,20260706,00
Nagaland,Tuensang,15,18,15-18 h,3.517857074737549,0.307336347541769,1.08116534452381,0.0,NO ALERT,NO ALERT,20260706,00
Nagaland,Wokha,15,18,15-18 h,0.4791666567325592,0.9768878268305281,0.4680920739851194,0.0,NO ALERT,NO ALERT,20260706,00
Nagaland,Zunheboto,15,18,15-18 h,4.71875,0.3,1.415625,0.0,NO ALERT,NO ALERT,20260706,00
Orissa,Angul,15,18,15-18 h,0.0486111119389534,0.3,0.01458333358168602,0.0,NO ALERT,NO ALERT,20260706,00
Orissa,Baleshwar,15,18,15-18 h,0.03750000149011612,0.3,0.011250000447034836,0.0,NO ALERT,NO ALERT,20260706,00
Orissa,Baragarh,15,18,15-18 h,0.5234375,0.3,0.15703124999999998,0.0,NO ALERT,NO ALERT,20260706,00
Orissa,Bhadrak,15,18,15-18 h,0.0625,0.7178511116268625,0.04486569447667891,0.0,NO ALERT,NO ALERT,20260706,00
Orissa,Bolangir,15,18,15-18 h,0.4236111044883728,0.3,0.12708333134651184,0.0,NO ALERT,NO ALERT,20260706,00
Orissa,Boudh,15,18,15-18 h,0.015625,0.46951847237716815,0.007336226130893252,0.0,NO ALERT,NO ALERT,20260706,00
Orissa,Cuttack,15,18,15-18 h,0.1071428582072258,3.0,0.3214285746216774,0.0,NO ALERT,NO ALERT,20260706,00
Orissa,Deogarh,15,18,15-18 h,0.02083333395421505,0.5670237411043358,0.011812994958395004,0.0,NO ALERT,NO ALERT,20260706,00
Orissa,Dhenkanal,15,18,15-18 h,0.3125,0.5066672121395331,0.1583335037936041,0.0,NO ALERT,NO ALERT,20260706,00
Orissa,Gajapati,15,18,15-18 h,0.015625,3.0,0.046875,0.0,NO ALERT,NO ALERT,20260706,00
Orissa,Ganjam,15,18,15-18 h,0.0625,3.0,0.1875,0.0,NO ALERT,NO ALERT,20260706,00
Orissa,Jagatsinghpur,15,18,15-18 h,0.09375,1.2982877185824837,0.12171447361710785,0.0,NO ALERT,NO ALERT,20260706,00
Orissa,Jajpur,15,18,15-18 h,0.125,1.0825360884765436,0.13531701105956795,0.0,NO ALERT,NO ALERT,20260706,00
Orissa,Jharsuguda,15,18,15-18 h,0.3125,0.3,0.09375,0.0,NO ALERT,NO ALERT,20260706,00
Orissa,Kalahandi,15,18,15-18 h,0.0,0.796623750187142,0.0,0.0,NO ALERT,NO ALERT,20260706,00
Orissa,Kandhamal,15,18,15-18 h,0.07386363297700882,1.1397211880580418,0.08418394753083965,0.0,NO ALERT,NO ALERT,20260706,00
Orissa,Kendrapara,15,18,15-18 h,0.515625,1.2406367579898423,0.6397033283385124,0.0,NO ALERT,NO ALERT,20260706,00
Orissa,Keonjhar,15,18,15-18 h,0.109375,0.3,0.0328125,0.0,NO ALERT,NO ALERT,20260706,00
Orissa,Khordha,15,18,15-18 h,0.02083333395421505,3.0,0.06250000186264515,0.0,NO ALERT,NO ALERT,20260706,00
Orissa,Koraput,15,18,15-18 h,0.05113636329770088,3.0,0.15340908989310265,0.0,NO ALERT,NO ALERT,20260706,00
Orissa,Malkangiri,15,18,15-18 h,0.046875,3.0,0.140625,0.0,NO ALERT,NO ALERT,20260706,00
Orissa,Mayurbhanj,15,18,15-18 h,0.05514705926179886,0.6410187849222774,0.035350300920035126,0.0,NO ALERT,NO ALERT,20260706,00
Orissa,Nabarangpur,15,18,15-18 h,0.0390625,0.9520565250907196,0.03718970801135624,0.0,NO ALERT,NO ALERT,20260706,00
Orissa,Nayagarh,15,18,15-18 h,0.0520833320915699,2.7627565849527578,0.14389356870226602,0.0,NO ALERT,NO ALERT,20260706,00
Orissa,Nuapada,15,18,15-18 h,0.21875,0.3,0.065625,0.0,NO ALERT,NO ALERT,20260706,00
Orissa,Puri,15,18,15-18 h,0.07500000298023224,1.1682139811417622,0.08761605206718114,0.0,NO ALERT,NO ALERT,20260706,00
Orissa,Rayagada,15,18,15-18 h,0.012500000186264515,3.0,0.037500000558793545,0.0,NO ALERT,NO ALERT,20260706,00
Orissa,Sambalpur,15,18,15-18 h,0.10795454680919647,0.3,0.03238636404275894,0.0,NO ALERT,NO ALERT,20260706,00
Orissa,Sonepur,15,18,15-18 h,0.1875,0.3,0.056249999999999994,0.0,NO ALERT,NO ALERT,20260706,00
Orissa,Sundargarh,15,18,15-18 h,0.4375,0.4166264730089146,0.18227408194140013,0.0,NO ALERT,NO ALERT,20260706,00
Puducherry,Karaikal,15,18,15-18 h,0.0,1.0,0.0,0.0,NO ALERT,NO ALERT,20260706,00
Puducherry,Mahe,15,18,15-18 h,0.0,1.0,0.0,0.0,NO ALERT,NO ALERT,20260706,00
Puducherry,Puducherry,15,18,15-18 h,0.0,1.0,0.0,0.0,NO ALERT,NO ALERT,20260706,00
Puducherry,Yanam,15,18,15-18 h,0.0,1.0,0.0,0.0,NO ALERT,NO ALERT,20260706,00
Punjab,Amritsar,15,18,15-18 h,0.008928571827709675,3.0,0.026785715483129025,0.0,NO ALERT,NO ALERT,20260706,00
Punjab,Bathinda,15,18,15-18 h,0.0,1.0063742042286778,0.0,0.0,NO ALERT,NO ALERT,20260706,00
Punjab,Faridkot,15,18,15-18 h,0.0,1.8166795132507056,0.0,0.0,NO ALERT,NO ALERT,20260706,00
Punjab,Fatehgarh Sahib,15,18,15-18 h,0.5625,0.7625669248111632,0.4289438952062793,0.0,NO ALERT,NO ALERT,20260706,00
Punjab,Firozpur,15,18,15-18 h,0.0,3.0,0.0,0.0,NO ALERT,NO ALERT,20260706,00
Punjab,Gurdaspur,15,18,15-18 h,0.02083333395421505,1.0172791491901219,0.021193316239737563,0.0,NO ALERT,NO ALERT,20260706,00
Punjab,Hoshiarpur,15,18,15-18 h,0.012500000186264515,1.1158502745357433,0.0139481286395401,0.0,NO ALERT,NO ALERT,20260706,00
Punjab,Jalandhar,15,18,15-18 h,0.0,0.6683787736223664,0.0,0.0,NO ALERT,NO ALERT,20260706,00
Punjab,Kapurthala,15,18,15-18 h,0.0,0.8043488797650564,0.0,0.0,NO ALERT,NO ALERT,20260706,00
Punjab,Ludhiana,15,18,15-18 h,0.012500000186264515,0.6367384031963071,0.007959230158555609,0.0,NO ALERT,NO ALERT,20260706,00
Punjab,Mansa,15,18,15-18 h,0.0,0.8554010609701591,0.0,0.0,NO ALERT,NO ALERT,20260706,00
Punjab,Moga,15,18,15-18 h,0.0,1.9260465396022144,0.0,0.0,NO ALERT,NO ALERT,20260706,00
Punjab,Muktsar,15,18,15-18 h,0.0,1.6273890495298178,0.0,0.0,NO ALERT,NO ALERT,20260706,00
Punjab,Nawan Shehar,15,18,15-18 h,0.046875,0.7376809676905092,0.03457879536049262,0.0,NO ALERT,NO ALERT,20260706,00
Punjab,Patiala,15,18,15-18 h,0.3541666567325592,0.9906891001535867,0.35086904646278333,0.0,NO ALERT,NO ALERT,20260706,00
Punjab,Rupnagar,15,18,15-18 h,0.0,0.596268251978758,0.0,0.0,NO ALERT,NO ALERT,20260706,00
Punjab,Sangrur,15,18,15-18 h,0.046875,0.6431007768751102,0.030145348916020793,0.0,NO ALERT,NO ALERT,20260706,00
Rajasthan,Ajmer,15,18,15-18 h,0.6333333253860474,0.5105660303364602,0.3233584818221439,0.0,NO ALERT,NO ALERT,20260706,00
Rajasthan,Alwar,15,18,15-18 h,0.2901785671710968,1.763920291704763,0.5118518628509112,0.0,NO ALERT,NO ALERT,20260706,00
Rajasthan,Banswara,15,18,15-18 h,31.223215103149414,0.3,9.366964530944824,0.0,NO ALERT,NO ALERT,20260706,00
Rajasthan,Baran,15,18,15-18 h,0.20624999701976776,1.9242101184358293,0.3968683311927968,0.0,NO ALERT,NO ALERT,20260706,00
Rajasthan,Barmer,15,18,15-18 h,0.504687488079071,0.9889290802263309,0.49910013338777304,0.0,NO ALERT,NO ALERT,20260706,00
Rajasthan,Bharatpur,15,18,15-18 h,0.7916666865348816,1.333984920453584,1.0560714218629865,0.0,NO ALERT,NO ALERT,20260706,00
Rajasthan,Bhilwara,15,18,15-18 h,5.151785850524902,0.3633962326272162,1.8721395693829483,0.0,NO ALERT,NO ALERT,20260706,00
Rajasthan,Bikaner,15,18,15-18 h,0.05128205195069313,3.0,0.1538461558520794,0.0,NO ALERT,NO ALERT,20260706,00
Rajasthan,Bundi,15,18,15-18 h,0.0714285746216774,3.0,0.2142857238650322,0.0,NO ALERT,NO ALERT,20260706,00
Rajasthan,Chittaurgarh,15,18,15-18 h,6.017857074737549,0.3,1.8053571224212646,0.0,NO ALERT,NO ALERT,20260706,00
Rajasthan,Churu,15,18,15-18 h,0.13942307233810425,1.401563284200734,0.1954102591595499,0.0,NO ALERT,NO ALERT,20260706,00
Rajasthan,Dausa,15,18,15-18 h,0.8645833134651184,2.1134477396397804,1.8272516495731261,0.0,NO ALERT,NO ALERT,20260706,00
Rajasthan,Dhaulpur,15,18,15-18 h,0.2750000059604645,3.0,0.8250000178813934,0.0,NO ALERT,NO ALERT,20260706,00
Rajasthan,Dungarpur,15,18,15-18 h,15.524999618530273,0.3,4.657499885559082,0.0,NO ALERT,NO ALERT,20260706,00
Rajasthan,Ganganagar,15,18,15-18 h,0.0078125,1.0,0.0078125,0.0,NO ALERT,NO ALERT,20260706,00
Rajasthan,Hanumangarh,15,18,15-18 h,0.02678571455180645,1.571559761267069,0.0420953511664048,0.0,NO ALERT,NO ALERT,20260706,00
Rajasthan,Jaipur,15,18,15-18 h,0.1666666716337204,2.075984689161689,0.34599745850514235,0.0,NO ALERT,NO ALERT,20260706,00
Rajasthan,Jaisalmer,15,18,15-18 h,0.00909090880304575,1.0,0.00909090880304575,0.0,NO ALERT,NO ALERT,20260706,00
Rajasthan,Jalor,15,18,15-18 h,1.45703125,0.3,0.43710937499999997,0.0,NO ALERT,NO ALERT,20260706,00
Rajasthan,Jhalawar,15,18,15-18 h,0.5972222089767456,0.5632776631707748,0.3364019302661094,0.0,NO ALERT,NO ALERT,20260706,00
Rajasthan,Jhunjhunun,15,18,15-18 h,0.2890625,1.2604511264027094,0.3643491537257832,0.0,NO ALERT,NO ALERT,20260706,00
Rajasthan,Jodhpur,15,18,15-18 h,0.810661792755127,0.8001683993228174,0.6486659491010355,0.0,NO ALERT,NO ALERT,20260706,00
Rajasthan,Tonk,15,18,15-18 h,0.0694444477558136,3.0,0.2083333432674408,0.0,NO ALERT,NO ALERT,20260706,00
Rajasthan,Udaipur,15,18,15-18 h,6.826388835906982,0.3,2.0479166507720947,0.0,NO ALERT,NO ALERT,20260706,00
Sikkim,East,15,18,15-18 h,0.40625,2.23108818195037,0.9063795739173378,0.0,NO ALERT,NO ALERT,20260706,00
Sikkim,North Sikkim,15,18,15-18 h,0.2142857164144516,2.347754056512395,0.5030901599646934,0.0,NO ALERT,NO ALERT,20260706,00
Sikkim,South Sikkim,15,18,15-18 h,0.0,1.0,0.0,0.0,NO ALERT,NO ALERT,20260706,00
Sikkim,West Sikkim,15,18,15-18 h,0.5,3.0,1.5,0.0,NO ALERT,NO ALERT,20260706,00
Tamil Nadu,Ariyalur,15,18,15-18 h,0.0,1.0,0.0,0.0,NO ALERT,NO ALERT,20260706,00
Tamil Nadu,Chennai,15,18,15-18 h,0.0,1.0,0.0,0.0,NO ALERT,NO ALERT,20260706,00
Tamil Nadu,Coimbatore,15,18,15-18 h,0.0989583358168602,3.0,0.2968750074505806,0.0,NO ALERT,NO ALERT,20260706,00
Tamil Nadu,Cuddalore,15,18,15-18 h,0.0,1.0,0.0,0.0,NO ALERT,NO ALERT,20260706,00
Tamil Nadu,Dharmapuri,15,18,15-18 h,0.0,1.0,0.0,0.0,NO ALERT,NO ALERT,20260706,00
Tamil Nadu,Dindigul,15,18,15-18 h,0.0,1.0,0.0,0.0,NO ALERT,NO ALERT,20260706,00
Tamil Nadu,Erode,15,18,15-18 h,0.0,1.0,0.0,0.0,NO ALERT,NO ALERT,20260706,00
Tamil Nadu,Kancheepuram,15,18,15-18 h,0.0,1.0,0.0,0.0,NO ALERT,NO ALERT,20260706,00
Tamil Nadu,Kanniyakumari,15,18,15-18 h,0.1041666641831398,2.3327618361136246,0.24299601880169255,0.0,NO ALERT,NO ALERT,20260706,00
Tamil Nadu,Karur,15,18,15-18 h,0.0,1.0,0.0,0.0,NO ALERT,NO ALERT,20260706,00
Tamil Nadu,Sivaganga,15,18,15-18 h,0.0,1.0,0.0,0.0,NO ALERT,NO ALERT,20260706,00
Tamil Nadu,Thanjavur,15,18,15-18 h,0.0,1.0,0.0,0.0,NO ALERT,NO ALERT,20260706,00
Tamil Nadu,Theni,15,18,15-18 h,0.109375,3.0,0.328125,0.0,NO ALERT,NO ALERT,20260706,00
Tamil Nadu,Thiruvallur,15,18,15-18 h,0.0,1.0,0.0,0.0,NO ALERT,NO ALERT,20260706,00
Tamil Nadu,Thiruvarur,15,18,15-18 h,0.0,3.0,0.0,0.0,NO ALERT,NO ALERT,20260706,00
Tamil Nadu,Thoothukudi,15,18,15-18 h,0.0,1.0,0.0,0.0,NO ALERT,NO ALERT,20260706,00
Tamil Nadu,Tiruchchirappalli,15,18,15-18 h,0.0,1.0,0.0,0.0,NO ALERT,NO ALERT,20260706,00
Tamil Nadu,Tirunelveli Kattabo,15,18,15-18 h,0.1805555522441864,3.0,0.5416666567325592,0.0,NO ALERT,NO ALERT,20260706,00
Tamil Nadu,Tiruvannamalai,15,18,15-18 h,0.0,1.0,0.0,0.0,NO ALERT,NO ALERT,20260706,00
Tamil Nadu,Vellore,15,18,15-18 h,0.0,1.0,0.0,0.0,NO ALERT,NO ALERT,20260706,00
Tamil Nadu,Villupuram,15,18,15-18 h,0.0,1.0,0.0,0.0,NO ALERT,NO ALERT,20260706,00
Tamil Nadu,Virudhunagar,15,18,15-18 h,0.0,1.0,0.0,0.0,NO ALERT,NO ALERT,20260706,00
Tripura,Dhalai,15,18,15-18 h,0.28125,2.7728682543513306,0.7798691965363117,0.0,NO ALERT,NO ALERT,20260706,00
Tripura,North Tripura,15,18,15-18 h,0.125,1.8373519402302907,0.22966899252878634,0.0,NO ALERT,NO ALERT,20260706,00
Tripura,South Tripura,15,18,15-18 h,0.640625,0.6883313005588784,0.4409622394205315,0.0,NO ALERT,NO ALERT,20260706,00
Tripura,West Tripura,15,18,15-18 h,0.4166666567325592,1.2952968876484479,0.5397070236525682,0.0,NO ALERT,NO ALERT,20260706,00
Uttar Pradesh,Agra,15,18,15-18 h,1.4375,1.0983193107761748,1.5788340092407513,0.0,NO ALERT,NO ALERT,20260706,00
Uttar Pradesh,Aligarh,15,18,15-18 h,0.4791666567325592,0.8798559857902731,0.4215976511172553,0.0,NO ALERT,NO ALERT,20260706,00
Uttar Pradesh,Allahabad,15,18,15-18 h,0.1517857164144516,0.3288936598778827,0.0499213597887354,0.0,NO ALERT,NO ALERT,20260706,00
Uttar Pradesh,Ambedkar Nagar,15,18,15-18 h,0.1458333283662796,3.0,0.4374999850988388,0.0,NO ALERT,NO ALERT,20260706,00
Uttar Pradesh,Auraiya,15,18,15-18 h,0.0,3.0,0.0,0.0,NO ALERT,NO ALERT,20260706,00
Uttar Pradesh,Azamgarh,15,18,15-18 h,0.11249999701976776,3.0,0.3374999910593033,0.0,NO ALERT,NO ALERT,20260706,00
Uttar Pradesh,Badaun,15,18,15-18 h,0.01785714365541935,2.287464070059984,0.040847574505671363,0.0,NO ALERT,NO ALERT,20260706,00
Uttar Pradesh,Baghpat,15,18,15-18 h,0.0,0.8822997668421744,0.0,0.0,NO ALERT,NO ALERT,20260706,00
Uttar Pradesh,Bahraich,15,18,15-18 h,0.0,3.0,0.0,0.0,NO ALERT,NO ALERT,20260706,00
Uttar Pradesh,Ballia,15,18,15-18 h,1.90625,0.782997505218471,1.4925889943227104,0.0,NO ALERT,NO ALERT,20260706,00
Uttar Pradesh,Balrampur,15,18,15-18 h,0.0,2.137629415780145,0.0,0.0,NO ALERT,NO ALERT,20260706,00
Uttar Pradesh,Banda,15,18,15-18 h,0.0,2.6135166709781106,0.0,0.0,NO ALERT,NO ALERT,20260706,00
Uttar Pradesh,Bara Banki,15,18,15-18 h,0.0,3.0,0.0,0.0,NO ALERT,NO ALERT,20260706,00
Uttar Pradesh,Bareilly,15,18,15-18 h,0.0,2.898412958300566,0.0,0.0,NO ALERT,NO ALERT,20260706,00
Uttar Pradesh,Basti,15,18,15-18 h,0.7083333134651184,2.3821490387413156,1.6873555217793827,0.0,NO ALERT,NO ALERT,20260706,00
Uttar Pradesh,Bijnor,15,18,15-18 h,0.0,3.0,0.0,0.0,NO ALERT,NO ALERT,20260706,00
Uttar Pradesh,Bulandshahr,15,18,15-18 h,0.0,1.5919798836936727,0.0,0.0,NO ALERT,NO ALERT,20260706,00
Uttar Pradesh,Chandauli,15,18,15-18 h,1.984375,0.38773924304590257,0.769420060419213,0.0,NO ALERT,NO ALERT,20260706,00
Uttar Pradesh,Chitrakoot,15,18,15-18 h,0.0,0.562270950669591,0.0,0.0,NO ALERT,NO ALERT,20260706,00
Uttar Pradesh,Deoria,15,18,15-18 h,0.625,3.0,1.875,0.0,NO ALERT,NO ALERT,20260706,00
Uttar Pradesh,Etah,15,18,15-18 h,0.5703125,2.067726013381379,1.1792499920065678,0.0,NO ALERT,NO ALERT,20260706,00
Uttar Pradesh,Etawah,15,18,15-18 h,0.15625,3.0,0.46875,0.0,NO ALERT,NO ALERT,20260706,00
Uttar Pradesh,Faizabad,15,18,15-18 h,0.0833333358168602,3.0,0.2500000074505806,0.0,NO ALERT,NO ALERT,20260706,00
Uttar Pradesh,Farrukhabad,15,18,15-18 h,0.0,3.0,0.0,0.0,NO ALERT,NO ALERT,20260706,00
Uttar Pradesh,Fatehpur,15,18,15-18 h,0.0,1.2397823009215974,0.0,0.0,NO ALERT,NO ALERT,20260706,00
Uttar Pradesh,Firozabad,15,18,15-18 h,1.359375,1.3721040668065834,1.8652039658151993,0.0,NO ALERT,NO ALERT,20260706,00
Uttar Pradesh,Gautam Buddha Nagar,15,18,15-18 h,0.0,0.5126294703835742,0.0,0.0,NO ALERT,NO ALERT,20260706,00
Uttar Pradesh,Ghaziabad,15,18,15-18 h,0.0,0.6195152102740974,0.0,0.0,NO ALERT,NO ALERT,20260706,00
Uttar Pradesh,Ghazipur,15,18,15-18 h,1.25,0.9133276607025872,1.141659575878234,0.0,NO ALERT,NO ALERT,20260706,00
Uttar Pradesh,Gonda,15,18,15-18 h,0.0803571417927742,3.0,0.2410714253783226,0.0,NO ALERT,NO ALERT,20260706,00
Uttar Pradesh,Gorakhpur,15,18,15-18 h,0.0,3.0,0.0,0.0,NO ALERT,NO ALERT,20260706,00
Uttar Pradesh,Hamirpur,15,18,15-18 h,0.0,1.0,0.0,0.0,NO ALERT,NO ALERT,20260706,00
Uttar Pradesh,Hardoi,15,18,15-18 h,0.0,3.0,0.0,0.0,NO ALERT,NO ALERT,20260706,00
Uttar Pradesh,Hathras,15,18,15-18 h,2.3125,0.6899235208352951,1.5954481419316198,0.0,NO ALERT,NO ALERT,20260706,00
Uttar Pradesh,Jalaun,15,18,15-18 h,0.0,1.0,0.0,0.0,NO ALERT,NO ALERT,20260706,00
Uttar Pradesh,Jaunpur,15,18,15-18 h,0.09375,1.4820370115645944,0.13894096983418072,0.0,NO ALERT,NO ALERT,20260706,00
Uttar Pradesh,Jhansi,15,18,15-18 h,0.0486111119389534,1.0,0.0486111119389534,0.0,NO ALERT,NO ALERT,20260706,00
Uttar Pradesh,Jyotiba Phule Nagar,15,18,15-18 h,0.0,2.7207409304746526,0.0,0.0,NO ALERT,NO ALERT,20260706,00
Uttar Pradesh,Kannauj,15,18,15-18 h,0.0,1.0,0.0,0.0,NO ALERT,NO ALERT,20260706,00
Uttar Pradesh,Kanpur,15,18,15-18 h,0.0,3.0,0.0,0.0,NO ALERT,NO ALERT,20260706,00
Uttar Pradesh,Kanpur Dehat,15,18,15-18 h,0.0,1.0,0.0,0.0,NO ALERT,NO ALERT,20260706,00
Uttar Pradesh,Kaushambi,15,18,15-18 h,0.0,0.8478967173116988,0.0,0.0,NO ALERT,NO ALERT,20260706,00
Uttar Pradesh,Kushinagar,15,18,15-18 h,0.0,3.0,0.0,0.0,NO ALERT,NO ALERT,20260706,00
Uttar Pradesh,Lakhimpur Kheri,15,18,15-18 h,0.0,3.0,0.0,0.0,NO ALERT,NO ALERT,20260706,00
Uttar Pradesh,Lalitpur,15,18,15-18 h,0.6640625,2.6401848571460835,1.7532477566985711,0.0,NO ALERT,NO ALERT,20260706,00
Uttar Pradesh,Lucknow,15,18,15-18 h,0.0,2.284626632442603,0.0,0.0,NO ALERT,NO ALERT,20260706,00
Uttar Pradesh,Maharajganj,15,18,15-18 h,0.0,1.0,0.0,0.0,NO ALERT,NO ALERT,20260706,00
Uttar Pradesh,Mahoba,15,18,15-18 h,0.0,1.0,0.0,0.0,NO ALERT,NO ALERT,20260706,00
Uttar Pradesh,Mainpuri,15,18,15-18 h,0.2874999940395355,2.6323788094303384,0.7568088920210219,0.0,NO ALERT,NO ALERT,20260706,00
Uttar Pradesh,Mathura,15,18,15-18 h,0.9125000238418579,0.7910712809124609,0.7218525626932297,0.0,NO ALERT,NO ALERT,20260706,00
Uttar Pradesh,Mau,15,18,15-18 h,0.7124999761581421,1.9114426031786989,1.36190280919248,0.0,NO ALERT,NO ALERT,20260706,00
Uttar Pradesh,Meerut,15,18,15-18 h,0.0,0.9643158928227719,0.0,0.0,NO ALERT,NO ALERT,20260706,00
Uttar Pradesh,Mirzapur,15,18,15-18 h,1.2916666269302368,0.35710016022873065,0.4612543594388916,0.0,NO ALERT,NO ALERT,20260706,00
Uttar Pradesh,Moradabad,15,18,15-18 h,0.010416666977107525,1.91329315618519,0.0199301376375601,0.0,NO ALERT,NO ALERT,20260706,00
Uttar Pradesh,Muzaffarnagar,15,18,15-18 h,0.0,1.0943905970571934,0.0,0.0,NO ALERT,NO ALERT,20260706,00
Uttar Pradesh,Pilibhit,15,18,15-18 h,0.0,3.0,0.0,0.0,NO ALERT,NO ALERT,20260706,00
Uttar Pradesh,Pratapgarh,15,18,15-18 h,0.0,1.7597048613363788,0.0,0.0,NO ALERT,NO ALERT,20260706,00
Uttar Pradesh,Rae Bareli,15,18,15-18 h,0.0,1.1033504252204083,0.0,0.0,NO ALERT,NO ALERT,20260706,00
Uttar Pradesh,Rampur,15,18,15-18 h,0.0,3.0,0.0,0.0,NO ALERT,NO ALERT,20260706,00
Uttar Pradesh,Saharanpur,15,18,15-18 h,0.012500000186264515,1.2072077539321737,0.015090097149012138,0.0,NO ALERT,NO ALERT,20260706,00
Uttar Pradesh,Sant Kabir Nagar,15,18,15-18 h,0.03125,3.0,0.09375,0.0,NO ALERT,NO ALERT,20260706,00
Uttar Pradesh,Sant Ravi Das Nagar,15,18,15-18 h,0.125,0.7357740655714142,0.09197175819642678,0.0,NO ALERT,NO ALERT,20260706,00
Uttar Pradesh,Shahjahanpur,15,18,15-18 h,0.0,3.0,0.0,0.0,NO ALERT,NO ALERT,20260706,00
Uttar Pradesh,Shravasti,15,18,15-18 h,0.0,3.0,0.0,0.0,NO ALERT,NO ALERT,20260706,00
Uttar Pradesh,Siddharth Nagar,15,18,15-18 h,0.02083333395421505,3.0,0.06250000186264515,0.0,NO ALERT,NO ALERT,20260706,00
Uttar Pradesh,Sitapur,15,18,15-18 h,0.0,3.0,0.0,0.0,NO ALERT,NO ALERT,20260706,00
Uttar Pradesh,Sonbhadra,15,18,15-18 h,2.4296875,0.36184466178439245,0.8791694516792661,0.0,NO ALERT,NO ALERT,20260706,00
Uttar Pradesh,Sultanpur,15,18,15-18 h,0.03125,3.0,0.09375,0.0,NO ALERT,NO ALERT,20260706,00
Uttar Pradesh,Unnao,15,18,15-18 h,0.0,2.072396332849315,0.0,0.0,NO ALERT,NO ALERT,20260706,00
Uttar Pradesh,Varanasi,15,18,15-18 h,0.34375,0.7173701896151363,0.2465960026802031,0.0,NO ALERT,NO ALERT,20260706,00
Uttaranchal,Almora,15,18,15-18 h,0.015625,0.9821425065093953,0.015345976664209301,0.0,NO ALERT,NO ALERT,20260706,00
Uttaranchal,Bageshwar,15,18,15-18 h,0.08749999850988388,1.1747002010493959,0.10278626584138244,0.0,NO ALERT,NO ALERT,20260706,00
Uttaranchal,Chamoli,15,18,15-18 h,0.0885416641831398,0.9639619688833851,0.08535079693419094,0.0,NO ALERT,NO ALERT,20260706,00
Uttaranchal,Champawat,15,18,15-18 h,0.0,1.3345860907380185,0.0,0.0,NO ALERT,NO ALERT,20260706,00
Uttaranchal,Dehra Dun,15,18,15-18 h,0.171875,0.6132870486378237,0.10540871148462594,0.0,NO ALERT,NO ALERT,20260706,00
Uttaranchal,Haridwar,15,18,15-18 h,0.0,3.0,0.0,0.0,NO ALERT,NO ALERT,20260706,00
Uttaranchal,Naini Tal,15,18,15-18 h,0.0,3.0,0.0,0.0,NO ALERT,NO ALERT,20260706,00
Uttaranchal,Pauri Garhwal,15,18,15-18 h,0.02083333395421505,0.6525376956382899,0.013594535730946431,0.0,NO ALERT,NO ALERT,20260706,00
Uttaranchal,Pithoragarh,15,18,15-18 h,0.005681818351149559,1.4492140668178521,0.008234171079589755,0.0,NO ALERT,NO ALERT,20260706,00
Uttaranchal,Rudra Prayag,15,18,15-18 h,0.40625,0.4569764664782921,0.18564668950680616,0.0,NO ALERT,NO ALERT,20260706,00
Uttaranchal,Tehri Garhwal,15,18,15-18 h,0.125,0.43032490849803356,0.053790613562254196,0.0,NO ALERT,NO ALERT,20260706,00
Uttaranchal,Udham Singh Nagar,15,18,15-18 h,0.0,3.0,0.0,0.0,NO ALERT,NO ALERT,20260706,00
Uttaranchal,Uttarkashi,15,18,15-18 h,0.5,0.5922627381468989,0.29613136907344945,0.0,NO ALERT,NO ALERT,20260706,00
West Bengal,Bankura,15,18,15-18 h,0.07386363297700882,0.8139789747747026,0.06012344424376055,0.0,NO ALERT,NO ALERT,20260706,00
West Bengal,Barddhaman,15,18,15-18 h,0.05681818351149559,0.574892656930282,0.03266435648087604,0.0,NO ALERT,NO ALERT,20260706,00
West Bengal,Birbhum,15,18,15-18 h,0.203125,0.5294498373329074,0.10754449820824681,0.0,NO ALERT,NO ALERT,20260706,00
West Bengal,Dakshin Dinajpur,15,18,15-18 h,0.1666666716337204,3.0,0.5000000149011612,0.0,NO ALERT,NO ALERT,20260706,00
West Bengal,Darjiling,15,18,15-18 h,4.012499809265137,0.7026692764985678,2.819460337926975,0.0,NO ALERT,NO ALERT,20260706,00
West Bengal,East Midnapore,15,18,15-18 h,0.71875,0.8881573288438509,0.6383630801065179,0.0,NO ALERT,NO ALERT,20260706,00
West Bengal,Haora,15,18,15-18 h,0.46875,1.2481811405444279,0.5850849096302005,0.0,NO ALERT,NO ALERT,20260706,00
West Bengal,Hugli,15,18,15-18 h,0.46875,0.8639513302480973,0.4049771860537956,0.0,NO ALERT,NO ALERT,20260706,00
West Bengal,Jalpaiguri,15,18,15-18 h,8.597222328186035,0.4477323529410921,3.849254581756427,0.0,NO ALERT,NO ALERT,20260706,00
West Bengal,Kochbihar,15,18,15-18 h,8.84375,0.4180542781060552,3.697167522000426,0.0,NO ALERT,NO ALERT,20260706,00
West Bengal,Kolkata,15,18,15-18 h,0.0,1.0,0.0,0.0,NO ALERT,NO ALERT,20260706,00
West Bengal,Maldah,15,18,15-18 h,0.10000000149011612,1.8447625989600538,0.18447626264491587,0.0,NO ALERT,NO ALERT,20260706,00
West Bengal,Murshidabad,15,18,15-18 h,0.2083333283662796,0.5481165988025845,0.11419095536134716,0.0,NO ALERT,NO ALERT,20260706,00
West Bengal,Nadia,15,18,15-18 h,0.1354166716337204,0.5519673667157511,0.0747455836510762,0.0,NO ALERT,NO ALERT,20260706,00
West Bengal,North 24 Parganas,15,18,15-18 h,1.3125,0.5171853011924324,0.6788057078150675,0.0,NO ALERT,NO ALERT,20260706,00
West Bengal,Puruliya,15,18,15-18 h,0.0416666679084301,0.5083553982476996,0.02118147555824463,0.0,NO ALERT,NO ALERT,20260706,00
West Bengal,South 24 Parganas,15,18,15-18 h,1.234375,0.39550141013305273,0.48819705313298695,0.0,NO ALERT,NO ALERT,20260706,00
West Bengal,Uttar Dinajpur,15,18,15-18 h,2.1500000953674316,0.7118445881113709,1.5304659323262375,0.0,NO ALERT,NO ALERT,20260706,00
West Bengal,West Midnapore,15,18,15-18 h,0.05624999850988388,1.4849613290035115,0.0835290725436827,0.0,NO ALERT,NO ALERT,20260706,00
Arunachal Pradesh,Papum Pare,18,21,18-21 h,0.20000000298023224,0.9533183125255726,0.1906636653462245,0.0,NO ALERT,NO ALERT,20260706,00
Arunachal Pradesh,Tawang,18,21,18-21 h,0.0,1.1388765971638852,0.0,0.0,NO ALERT,NO ALERT,20260706,00
Arunachal Pradesh,Tirap,18,21,18-21 h,0.0,0.3651383081547162,0.0,0.0,NO ALERT,NO ALERT,20260706,00
Arunachal Pradesh,Upper Dibang Valley,18,21,18-21 h,0.11363636702299118,1.028310112978305,0.1168534254118562,0.0,NO ALERT,NO ALERT,20260706,00
Arunachal Pradesh,Upper Siang,18,21,18-21 h,0.0347222238779068,1.2039424484099477,0.04180355922980546,0.0,NO ALERT,NO ALERT,20260706,00
Arunachal Pradesh,Upper Subansiri,18,21,18-21 h,0.0,0.5158400571515395,0.0,0.0,NO ALERT,NO ALERT,20260706,00
Arunachal Pradesh,West Kameng,18,21,18-21 h,0.0,0.6603703450016216,0.0,0.0,NO ALERT,NO ALERT,20260706,00
Arunachal Pradesh,West Siang,18,21,18-21 h,0.0,0.797134356200177,0.0,0.0,NO ALERT,NO ALERT,20260706,00
Assam,Barpeta,18,21,18-21 h,0.9166666865348816,0.6024484372218926,0.5522444127563099,0.0,NO ALERT,NO ALERT,20260706,00
Assam,Bongaigaon,18,21,18-21 h,2.234375,0.46296589037388325,1.0344394113041453,0.0,NO ALERT,NO ALERT,20260706,00
Assam,Cachar,18,21,18-21 h,0.0,0.5608794743553766,0.0,0.0,NO ALERT,NO ALERT,20260706,00
Assam,Darrang,18,21,18-21 h,0.0,0.3,0.0,0.0,NO ALERT,NO ALERT,20260706,00
Assam,Dhemaji,18,21,18-21 h,0.0,0.3,0.0,0.0,NO ALERT,NO ALERT,20260706,00
Assam,Dhuburi,18,21,18-21 h,0.0,0.32508121737137274,0.0,0.0,NO ALERT,NO ALERT,20260706,00
Assam,Dibrugarh,18,21,18-21 h,0.0,0.3174379415214978,0.0,0.0,NO ALERT,NO ALERT,20260706,00
Assam,Goalpara,18,21,18-21 h,0.0,0.35666832552213257,0.0,0.0,NO ALERT,NO ALERT,20260706,00
Assam,Golaghat,18,21,18-21 h,0.0,1.2381989938745952,0.0,0.0,NO ALERT,NO ALERT,20260706,00
Assam,Hailakandi,18,21,18-21 h,0.9375,0.8229121215241156,0.7714801139288584,0.0,NO ALERT,NO ALERT,20260706,00
Assam,Jorhat,18,21,18-21 h,0.0,0.6894283364621259,0.0,0.0,NO ALERT,NO ALERT,20260706,00
Assam,Kamrup,18,21,18-21 h,0.2395833283662796,0.3664044900075036,0.08778440724434694,0.0,NO ALERT,NO ALERT,20260706,00
Assam,Karbi Anglong,18,21,18-21 h,0.0451388880610466,0.4270362077260787,0.01927593957856131,0.0,NO ALERT,NO ALERT,20260706,00
Assam,Karimganj,18,21,18-21 h,0.2708333432674408,0.6822626455335654,0.1847794732763444,0.0,NO ALERT,NO ALERT,20260706,00
Assam,Kokrajhar,18,21,18-21 h,0.375,0.37030806257959376,0.13886552346734765,0.0,NO ALERT,NO ALERT,20260706,00
Assam,Lakhimpur,18,21,18-21 h,0.0416666679084301,0.8540887789555129,0.03558703351705592,0.0,NO ALERT,NO ALERT,20260706,00
Assam,Marigaon,18,21,18-21 h,0.0,0.3,0.0,0.0,NO ALERT,NO ALERT,20260706,00
Assam,Nagaon,18,21,18-21 h,0.0,0.38673451003625536,0.0,0.0,NO ALERT,NO ALERT,20260706,00
Assam,Nalbari,18,21,18-21 h,0.8125,0.5554100332386462,0.45127065200640004,0.0,NO ALERT,NO ALERT,20260706,00
Assam,North Cachar Hills,18,21,18-21 h,0.01785714365541935,1.1126078231817818,0.019867997730700488,0.0,NO ALERT,NO ALERT,20260706,00
Assam,Sibsagar,18,21,18-21 h,0.0,0.6339424569321858,0.0,0.0,NO ALERT,NO ALERT,20260706,00
Assam,Sonitpur,18,21,18-21 h,0.0,0.3,0.0,0.0,NO ALERT,NO ALERT,20260706,00
Assam,Tinsukia,18,21,18-21 h,0.0,0.3,0.0,0.0,NO ALERT,NO ALERT,20260706,00
Bihar,Araria,18,21,18-21 h,0.0,0.5229429825116881,0.0,0.0,NO ALERT,NO ALERT,20260706,00
Bihar,Aurangabad,18,21,18-21 h,0.0,0.35000296398043534,0.0,0.0,NO ALERT,NO ALERT,20260706,00
Bihar,Banka,18,21,18-21 h,0.0,0.7184756982670082,0.0,0.0,NO ALERT,NO ALERT,20260706,00
Bihar,Begusarai,18,21,18-21 h,0.0,2.5062878804279856,0.0,0.0,NO ALERT,NO ALERT,20260706,00
Bihar,Bhabua,18,21,18-21 h,0.0,0.3407437709399486,0.0,0.0,NO ALERT,NO ALERT,20260706,00
Bihar,Bhagalpur,18,21,18-21 h,0.0,1.0689963787452375,0.0,0.0,NO ALERT,NO ALERT,20260706,00
Bihar,Bhojpur,18,21,18-21 h,0.0,0.4776323743598687,0.0,0.0,NO ALERT,NO ALERT,20260706,00
Bihar,Buxar,18,21,18-21 h,0.0,0.8075695227139618,0.0,0.0,NO ALERT,NO ALERT,20260706,00
Bihar,Darbhanga,18,21,18-21 h,0.0,3.0,0.0,0.0,NO ALERT,NO ALERT,20260706,00
Bihar,Gaya,18,21,18-21 h,0.0,0.363978205648116,0.0,0.0,NO ALERT,NO ALERT,20260706,00
Bihar,Gopalganj,18,21,18-21 h,0.0,2.547002946333611,0.0,0.0,NO ALERT,NO ALERT,20260706,00
Bihar,Jamui,18,21,18-21 h,0.2083333283662796,0.6349210991185491,0.13227522582934384,0.0,NO ALERT,NO ALERT,20260706,00
Bihar,Jehanabad,18,21,18-21 h,0.0,0.5056413165810456,0.0,0.0,NO ALERT,NO ALERT,20260706,00
Bihar,Katihar,18,21,18-21 h,0.0,1.607854247376458,0.0,0.0,NO ALERT,NO ALERT,20260706,00
Bihar,Khagaria,18,21,18-21 h,0.0,1.903639559935811,0.0,0.0,NO ALERT,NO ALERT,20260706,00
Bihar,Kishanganj,18,21,18-21 h,0.0,0.5333674240043547,0.0,0.0,NO ALERT,NO ALERT,20260706,00
Bihar,Lakhisarai,18,21,18-21 h,0.1041666641831398,1.0458318462971934,0.10894081472527282,0.0,NO ALERT,NO ALERT,20260706,00
Bihar,Madhepura,18,21,18-21 h,0.0,1.1618894539535725,0.0,0.0,NO ALERT,NO ALERT,20260706,00
Bihar,Madhubani,18,21,18-21 h,0.0,1.4408870594945968,0.0,0.0,NO ALERT,NO ALERT,20260706,00
Bihar,Munger,18,21,18-21 h,0.0,1.0672109647237193,0.0,0.0,NO ALERT,NO ALERT,20260706,00
Bihar,Muzaffarpur,18,21,18-21 h,0.0,2.179447337729882,0.0,0.0,NO ALERT,NO ALERT,20260706,00
Bihar,Nalanda,18,21,18-21 h,0.0,1.0296407182961889,0.0,0.0,NO ALERT,NO ALERT,20260706,00
Bihar,Nawada,18,21,18-21 h,0.0,0.4708261828175211,0.0,0.0,NO ALERT,NO ALERT,20260706,00
Bihar,Pashchim Champaran,18,21,18-21 h,0.0,2.3983339096854386,0.0,0.0,NO ALERT,NO ALERT,20260706,00
Bihar,Patna,18,21,18-21 h,0.0,0.8338239891381003,0.0,0.0,NO ALERT,NO ALERT,20260706,00
Bihar,Purba Champaran,18,21,18-21 h,0.0,3.0,0.0,0.0,NO ALERT,NO ALERT,20260706,00
Bihar,Purnia,18,21,18-21 h,0.0,0.5942910400177946,0.0,0.0,NO ALERT,NO ALERT,20260706,00
Bihar,Rohtas,18,21,18-21 h,0.0,0.33297800858631404,0.0,0.0,NO ALERT,NO ALERT,20260706,00
Bihar,Saharsa,18,21,18-21 h,0.0,2.0970945990316596,0.0,0.0,NO ALERT,NO ALERT,20260706,00
Bihar,Samastipur,18,21,18-21 h,0.0,2.7195437456214746,0.0,0.0,NO ALERT,NO ALERT,20260706,00
Bihar,Saran,18,21,18-21 h,0.0,0.9861629519125841,0.0,0.0,NO ALERT,NO ALERT,20260706,00
Bihar,Sheikhpura,18,21,18-21 h,0.0,0.7062180227612795,0.0,0.0,NO ALERT,NO ALERT,20260706,00
Bihar,Sheohar,18,21,18-21 h,0.0,1.0,0.0,0.0,NO ALERT,NO ALERT,20260706,00
Madhya Pradesh,Tikamgarh,18,21,18-21 h,0.0,3.0,0.0,0.0,NO ALERT,NO ALERT,20260706,00
Madhya Pradesh,Ujjain,18,21,18-21 h,0.0,0.3,0.0,0.0,NO ALERT,NO ALERT,20260706,00
Madhya Pradesh,Umaria,18,21,18-21 h,0.0,0.3,0.0,0.0,NO ALERT,NO ALERT,20260706,00
Madhya Pradesh,Vidisha,18,21,18-21 h,0.3680555522441864,0.41390940472058413,0.15234165453349705,0.0,NO ALERT,NO ALERT,20260706,00
Madhya Pradesh,West Nimar,18,21,18-21 h,0.012500000186264515,0.44485233351497017,0.005560654251797331,0.0,NO ALERT,NO ALERT,20260706,00
Maharashtra,Ahmednagar,18,21,18-21 h,0.0714285746216774,0.3,0.021428572386503218,0.0,NO ALERT,NO ALERT,20260706,00
Maharashtra,Akola,18,21,18-21 h,0.0,0.6882367881901188,0.0,0.0,NO ALERT,NO ALERT,20260706,00
Maharashtra,Amravati,18,21,18-21 h,0.0,0.9339314439149177,0.0,0.0,NO ALERT,NO ALERT,20260706,00
Maharashtra,Aurangabad,18,21,18-21 h,0.4375,0.5067375479619736,0.22169767723336342,0.0,NO ALERT,NO ALERT,20260706,00
Maharashtra,Bhandara,18,21,18-21 h,0.0,0.44561608275608444,0.0,0.0,NO ALERT,NO ALERT,20260706,00
Maharashtra,Bid,18,21,18-21 h,0.05833333358168602,0.6836711063440929,0.03988081470653031,0.0,NO ALERT,NO ALERT,20260706,00
Maharashtra,Buldana,18,21,18-21 h,0.08653846383094788,1.3375042100354553,0.11574555970389376,0.0,NO ALERT,NO ALERT,20260706,00
Maharashtra,Chandrapur,18,21,18-21 h,0.0,1.3798679824200135,0.0,0.0,NO ALERT,NO ALERT,20260706,00
Maharashtra,Dhule,18,21,18-21 h,0.4583333432674408,0.3092955395113148,0.14176045868192774,0.0,NO ALERT,NO ALERT,20260706,00
Maharashtra,Garhchiroli,18,21,18-21 h,0.01875000074505806,0.7873463730204786,0.014762745080752735,0.0,NO ALERT,NO ALERT,20260706,00
Maharashtra,Gondiya,18,21,18-21 h,0.09375,0.604748128777892,0.05669513707292737,0.0,NO ALERT,NO ALERT,20260706,00
Maharashtra,Greater Bombay,18,21,18-21 h,0.0,0.3,0.0,0.0,NO ALERT,NO ALERT,20260706,00
Maharashtra,Hingoli,18,21,18-21 h,0.0,2.239290183539015,0.0,0.0,NO ALERT,NO ALERT,20260706,00
Maharashtra,Jalgaon,18,21,18-21 h,0.6208333373069763,0.5762232307671074,0.3577385913909512,0.0,NO ALERT,NO ALERT,20260706,00
Maharashtra,Jalna,18,21,18-21 h,0.05624999850988388,3.0,0.16874999552965164,0.0,NO ALERT,NO ALERT,20260706,00
Maharashtra,Kolhapur,18,21,18-21 h,0.0,0.41287151840747965,0.0,0.0,NO ALERT,NO ALERT,20260706,00
Maharashtra,Latur,18,21,18-21 h,0.0,1.50430828029553,0.0,0.0,NO ALERT,NO ALERT,20260706,00
Maharashtra,Nagpur,18,21,18-21 h,0.05416666716337204,0.5156920875720314,0.027933321666298735,0.0,NO ALERT,NO ALERT,20260706,00
Maharashtra,Nanded,18,21,18-21 h,0.0,1.9327884430663378,0.0,0.0,NO ALERT,NO ALERT,20260706,00
Maharashtra,Nandurbar,18,21,18-21 h,0.0,0.3,0.0,0.0,NO ALERT,NO ALERT,20260706,00
Maharashtra,Nashik,18,21,18-21 h,5.168478488922119,0.3,1.5505435466766357,0.0,NO ALERT,NO ALERT,20260706,00
Maharashtra,Osmanabad,18,21,18-21 h,0.0,0.3793131751187402,0.0,0.0,NO ALERT,NO ALERT,20260706,00
Maharashtra,Parbhani,18,21,18-21 h,0.012500000186264515,3.0,0.037500000558793545,0.0,NO ALERT,NO ALERT,20260706,00
Madhya Pradesh,Balaghat,18,21,18-21 h,0.0,0.3,0.0,0.0,NO ALERT,NO ALERT,20260706,00
Madhya Pradesh,Barwani,18,21,18-21 h,0.0078125,0.336734408265465,0.0026307375645739455,0.0,NO ALERT,NO ALERT,20260706,00
Madhya Pradesh,Betul,18,21,18-21 h,0.0,0.3,0.0,0.0,NO ALERT,NO ALERT,20260706,00
Madhya Pradesh,Bhind,18,21,18-21 h,0.008928571827709675,3.0,0.026785715483129025,0.0,NO ALERT,NO ALERT,20260706,00
Madhya Pradesh,Bhopal,18,21,18-21 h,0.03750000149011612,0.364615889459979,0.013673096398069228,0.0,NO ALERT,NO ALERT,20260706,00
Madhya Pradesh,Burhanpur,18,21,18-21 h,0.0,1.2142310318773522,0.0,0.0,NO ALERT,NO ALERT,20260706,00
Madhya Pradesh,Chhatarpur,18,21,18-21 h,0.2740384638309479,2.317805072305432,0.6351677414741597,0.0,NO ALERT,NO ALERT,20260706,00
Madhya Pradesh,Chhindwara,18,21,18-21 h,1.9416667222976685,0.3,0.5825000166893005,0.0,NO ALERT,NO ALERT,20260706,00
Madhya Pradesh,Damoh,18,21,18-21 h,0.16875000298023224,0.36117172586835916,0.06094772981666123,0.0,NO ALERT,NO ALERT,20260706,00
Rajasthan,Karauli,18,21,18-21 h,0.0,2.7439746691600675,0.0,0.0,NO ALERT,NO ALERT,20260706,00
Rajasthan,Kota,18,21,18-21 h,0.08124999701976776,2.9527826759430753,0.23991358362039675,0.0,NO ALERT,NO ALERT,20260706,00
Rajasthan,Nagaur,18,21,18-21 h,0.0,1.1882893373752281,0.0,0.0,NO ALERT,NO ALERT,20260706,00
Rajasthan,Pali,18,21,18-21 h,0.0,0.3,0.0,0.0,NO ALERT,NO ALERT,20260706,00
Rajasthan,Rajsamand,18,21,18-21 h,0.0,0.3,0.0,0.0,NO ALERT,NO ALERT,20260706,00
Rajasthan,Sawai Madhopur,18,21,18-21 h,0.0,3.0,0.0,0.0,NO ALERT,NO ALERT,20260706,00
Rajasthan,Sikar,18,21,18-21 h,0.0,1.51752888887864,0.0,0.0,NO ALERT,NO ALERT,20260706,00
Rajasthan,Sirohi,18,21,18-21 h,0.0,0.3,0.0,0.0,NO ALERT,NO ALERT,20260706,00
Tamil Nadu,Madurai,18,21,18-21 h,0.0,1.0,0.0,0.0,NO ALERT,NO ALERT,20260706,00
Tamil Nadu,Nagapattinam,18,21,18-21 h,0.0,3.0,0.0,0.0,NO ALERT,NO ALERT,20260706,00
Tamil Nadu,Namakkal,18,21,18-21 h,0.0,1.0,0.0,0.0,NO ALERT,NO ALERT,20260706,00
Tamil Nadu,Nilgiris,18,21,18-21 h,0.0,1.7038905536806261,0.0,0.0,NO ALERT,NO ALERT,20260706,00
Tamil Nadu,Perambalur,18,21,18-21 h,0.0,1.0,0.0,0.0,NO ALERT,NO ALERT,20260706,00
Tamil Nadu,Pudukkottai,18,21,18-21 h,0.0,1.0,0.0,0.0,NO ALERT,NO ALERT,20260706,00
Tamil Nadu,Ramanathapuram,18,21,18-21 h,0.0,1.0,0.0,0.0,NO ALERT,NO ALERT,20260706,00
Tamil Nadu,Salem,18,21,18-21 h,0.0,1.0,0.0,0.0,NO ALERT,NO ALERT,20260706,00
Andaman and Nicobar,Andaman Islands,18,21,18-21 h,0.0,1.0,0.0,0.0,NO ALERT,NO ALERT,20260706,00
Andaman and Nicobar,Nicobar Islands,18,21,18-21 h,0.0,1.0,0.0,0.0,NO ALERT,NO ALERT,20260706,00
Andhra Pradesh,Adilabad,18,21,18-21 h,0.03532608598470688,3.0,0.10597825795412064,0.0,NO ALERT,NO ALERT,20260706,00
Andhra Pradesh,Anantapur,18,21,18-21 h,0.0,1.0,0.0,0.0,NO ALERT,NO ALERT,20260706,00
Andhra Pradesh,Chittoor,18,21,18-21 h,0.0,1.0,0.0,0.0,NO ALERT,NO ALERT,20260706,00
Andhra Pradesh,Cuddapah,18,21,18-21 h,0.0,1.0,0.0,0.0,NO ALERT,NO ALERT,20260706,00
Andhra Pradesh,East Godavari,18,21,18-21 h,0.0,3.0,0.0,0.0,NO ALERT,NO ALERT,20260706,00
Andhra Pradesh,Guntur,18,21,18-21 h,0.0,3.0,0.0,0.0,NO ALERT,NO ALERT,20260706,00
Andhra Pradesh,Hyderabad,18,21,18-21 h,0.0,1.0,0.0,0.0,NO ALERT,NO ALERT,20260706,00
Andhra Pradesh,Karimnagar,18,21,18-21 h,0.0763888880610466,2.1393520898236744,0.16342272731270677,0.0,NO ALERT,NO ALERT,20260706,00
Andhra Pradesh,Khammam,18,21,18-21 h,0.01315789483487606,3.0,0.03947368450462818,0.0,NO ALERT,NO ALERT,20260706,00
Andhra Pradesh,Krishna,18,21,18-21 h,0.0,3.0,0.0,0.0,NO ALERT,NO ALERT,20260706,00
Andhra Pradesh,Kurnool,18,21,18-21 h,0.0,3.0,0.0,0.0,NO ALERT,NO ALERT,20260706,00
Andhra Pradesh,Mahbubnagar,18,21,18-21 h,0.002314814832061529,3.0,0.0069444444961845875,0.0,NO ALERT,NO ALERT,20260706,00
Andhra Pradesh,Medak,18,21,18-21 h,0.004807692486792803,1.1350579038438837,0.005457009356385027,0.0,NO ALERT,NO ALERT,20260706,00
Andhra Pradesh,Nalgonda,18,21,18-21 h,0.0,3.0,0.0,0.0,NO ALERT,NO ALERT,20260706,00
Andhra Pradesh,Nellore,18,21,18-21 h,0.0,1.0,0.0,0.0,NO ALERT,NO ALERT,20260706,00
Andhra Pradesh,Nizamabad,18,21,18-21 h,0.0,3.0,0.0,0.0,NO ALERT,NO ALERT,20260706,00
Andhra Pradesh,Prakasam,18,21,18-21 h,0.0,1.0,0.0,0.0,NO ALERT,NO ALERT,20260706,00
Andhra Pradesh,Rangareddi,18,21,18-21 h,0.0,2.274697750563405,0.0,0.0,NO ALERT,NO ALERT,20260706,00
Andhra Pradesh,Srikakulam,18,21,18-21 h,0.15000000596046448,3.0,0.45000001788139343,0.0,NO ALERT,NO ALERT,20260706,00
Andhra Pradesh,Vishakhapatnam,18,21,18-21 h,0.0,3.0,0.0,0.0,NO ALERT,NO ALERT,20260706,00
Andhra Pradesh,Vizianagaram,18,21,18-21 h,0.0,3.0,0.0,0.0,NO ALERT,NO ALERT,20260706,00
Andhra Pradesh,Warangal,18,21,18-21 h,0.0069444444961845875,3.0,0.020833333488553762,0.0,NO ALERT,NO ALERT,20260706,00
Andhra Pradesh,West Godavari,18,21,18-21 h,0.0,3.0,0.0,0.0,NO ALERT,NO ALERT,20260706,00
Arunachal Pradesh,Changlang,18,21,18-21 h,5.15625,0.3,1.546875,0.0,NO ALERT,NO ALERT,20260706,00
Arunachal Pradesh,East Kameng,18,21,18-21 h,0.0,0.4269880196000505,0.0,0.0,NO ALERT,NO ALERT,20260706,00
Arunachal Pradesh,East Siang,18,21,18-21 h,0.0,0.45628493034155115,0.0,0.0,NO ALERT,NO ALERT,20260706,00
Arunachal Pradesh,Kurung Kumey,18,21,18-21 h,0.0,0.7126390600047544,0.0,0.0,NO ALERT,NO ALERT,20260706,00
Arunachal Pradesh,Lohit,18,21,18-21 h,5.287499904632568,0.3,1.5862499713897704,0.0,NO ALERT,NO ALERT,20260706,00
Arunachal Pradesh,Lower Dibang Valley,18,21,18-21 h,0.640625,0.3,0.19218749999999998,0.0,NO ALERT,NO ALERT,20260706,00
Arunachal Pradesh,Lower Subansiri,18,21,18-21 h,0.0,0.6416184837284099,0.0,0.0,NO ALERT,NO ALERT,20260706,00
Bihar,Sitamarhi,18,21,18-21 h,0.0,3.0,0.0,0.0,NO ALERT,NO ALERT,20260706,00
Bihar,Siwan,18,21,18-21 h,0.0,1.4389760456555118,0.0,0.0,NO ALERT,NO ALERT,20260706,00
Bihar,Supaul,18,21,18-21 h,0.3333333432674408,0.890582586739991,0.2968608710938068,0.0,NO ALERT,NO ALERT,20260706,00
Bihar,Vaishali,18,21,18-21 h,0.0,1.2193520432551004,0.0,0.0,NO ALERT,NO ALERT,20260706,00
Chandigarh,Chandigarh,18,21,18-21 h,0.25,1.1884359977669912,0.2971089994417478,0.0,NO ALERT,NO ALERT,20260706,00
Chhattisgarh,Bastar,18,21,18-21 h,0.008522727526724339,0.5807237067170128,0.004949349920658476,0.0,NO ALERT,NO ALERT,20260706,00
Chhattisgarh,Bilaspur,18,21,18-21 h,3.5364582538604736,0.3,1.060937476158142,0.0,NO ALERT,NO ALERT,20260706,00
Chhattisgarh,Dantewada,18,21,18-21 h,0.06521739065647125,1.7403026932816885,0.11349800060826094,0.0,NO ALERT,NO ALERT,20260706,00
Chhattisgarh,Dhamtari,18,21,18-21 h,0.0729166641831398,0.3,0.021874999254941938,0.0,NO ALERT,NO ALERT,20260706,00
Chhattisgarh,Durg,18,21,18-21 h,0.3125,0.3,0.09375,0.0,NO ALERT,NO ALERT,20260706,00
Chhattisgarh,Janjgir-Champa,18,21,18-21 h,0.0520833320915699,0.3,0.01562499962747097,0.0,NO ALERT,NO ALERT,20260706,00
Chhattisgarh,Jashpur,18,21,18-21 h,0.0,0.3,0.0,0.0,NO ALERT,NO ALERT,20260706,00
Chhattisgarh,Kanker,18,21,18-21 h,0.0,0.31181627116571115,0.0,0.0,NO ALERT,NO ALERT,20260706,00
Chhattisgarh,Kawardha,18,21,18-21 h,0.0,0.3,0.0,0.0,NO ALERT,NO ALERT,20260706,00
Chhattisgarh,Korba,18,21,18-21 h,0.9861111044883728,0.3,0.29583333134651185,0.0,NO ALERT,NO ALERT,20260706,00
Chhattisgarh,Koriya,18,21,18-21 h,2.204545497894287,0.3,0.6613636493682861,0.0,NO ALERT,NO ALERT,20260706,00
Chhattisgarh,Mahasamund,18,21,18-21 h,0.5803571343421936,0.3,0.1741071403026581,0.0,NO ALERT,NO ALERT,20260706,00
Chhattisgarh,Raigarh,18,21,18-21 h,0.3693181872367859,0.3,0.11079545617103577,0.0,NO ALERT,NO ALERT,20260706,00
Chhattisgarh,Raipur,18,21,18-21 h,0.47265625,0.3,0.141796875,0.0,NO ALERT,NO ALERT,20260706,00
Chhattisgarh,Raj Nandgaon,18,21,18-21 h,0.04545454680919647,0.47455991292457994,0.02157090577579852,0.0,NO ALERT,NO ALERT,20260706,00
Chhattisgarh,Surguja,18,21,18-21 h,0.6901041865348816,0.3,0.20703125596046448,0.0,NO ALERT,NO ALERT,20260706,00
Dadra and Nagar Haveli,Dadra and Nagar Haveli,18,21,18-21 h,0.0,0.3,0.0,0.0,NO ALERT,NO ALERT,20260706,00
Daman and Diu,Daman,18,21,18-21 h,0.0,1.0,0.0,0.0,NO ALERT,NO ALERT,20260706,00
Daman and Diu,Junagadh,18,21,18-21 h,0.0,0.3,0.0,0.0,NO ALERT,NO ALERT,20260706,00
Delhi,Delhi,18,21,18-21 h,0.4583333432674408,0.7680284695981865,0.3520130561955128,0.0,NO ALERT,NO ALERT,20260706,00
Goa,North Goa,18,21,18-21 h,0.0,0.3,0.0,0.0,NO ALERT,NO ALERT,20260706,00
Goa,South Goa,18,21,18-21 h,0.0,0.3652758638408204,0.0,0.0,NO ALERT,NO ALERT,20260706,00
Gujarat,Ahmadabad,18,21,18-21 h,0.0,0.3,0.0,0.0,NO ALERT,NO ALERT,20260706,00
Gujarat,Amreli,18,21,18-21 h,2.034090995788574,0.3,0.6102272987365722,0.0,NO ALERT,NO ALERT,20260706,00
Gujarat,Anand,18,21,18-21 h,0.0,0.3,0.0,0.0,NO ALERT,NO ALERT,20260706,00
Gujarat,Banas Kantha,18,21,18-21 h,0.0,0.3,0.0,0.0,NO ALERT,NO ALERT,20260706,00
Gujarat,Bharuch,18,21,18-21 h,0.1696428507566452,0.3,0.05089285522699356,0.0,NO ALERT,NO ALERT,20260706,00
Gujarat,Bhavnagar,18,21,18-21 h,0.0,0.3,0.0,0.0,NO ALERT,NO ALERT,20260706,00
Gujarat,Dahod,18,21,18-21 h,0.0,0.3,0.0,0.0,NO ALERT,NO ALERT,20260706,00
Gujarat,Gandhinagar,18,21,18-21 h,0.0,0.3,0.0,0.0,NO ALERT,NO ALERT,20260706,00
Gujarat,Jamnagar,18,21,18-21 h,0.48828125,1.0297514316198848,0.5028083162206469,0.0,NO ALERT,NO ALERT,20260706,00
Gujarat,Junagadh,18,21,18-21 h,4.221590995788574,0.3,1.2664772987365722,0.0,NO ALERT,NO ALERT,20260706,00
Gujarat,Kachchh,18,21,18-21 h,0.04062499850988388,1.0429478032131136,0.042369752951419405,0.0,NO ALERT,NO ALERT,20260706,00
Gujarat,Kheda,18,21,18-21 h,0.0,0.3,0.0,0.0,NO ALERT,NO ALERT,20260706,00
Gujarat,Mahesana,18,21,18-21 h,0.0,0.3,0.0,0.0,NO ALERT,NO ALERT,20260706,00
Gujarat,Narmada,18,21,18-21 h,0.0,0.33628631261391084,0.0,0.0,NO ALERT,NO ALERT,20260706,00
Gujarat,Navsari,18,21,18-21 h,0.96875,0.3,0.29062499999999997,0.0,NO ALERT,NO ALERT,20260706,00
Gujarat,Panch Mahals,18,21,18-21 h,0.675000011920929,0.38515868720859836,0.2599821184572532,0.0,NO ALERT,NO ALERT,20260706,00
Gujarat,Patan,18,21,18-21 h,0.0,0.3,0.0,0.0,NO ALERT,NO ALERT,20260706,00
Gujarat,Porbandar,18,21,18-21 h,0.1979166716337204,3.0,0.5937500149011612,0.0,NO ALERT,NO ALERT,20260706,00
Gujarat,Rajkot,18,21,18-21 h,14.829166412353516,0.3,4.448749923706054,0.0,NO ALERT,NO ALERT,20260706,00
Gujarat,Sabar Kantha,18,21,18-21 h,0.0,0.3,0.0,0.0,NO ALERT,NO ALERT,20260706,00
Gujarat,Surat,18,21,18-21 h,1.274999976158142,0.32712919453700195,0.41708971523530974,0.0,NO ALERT,NO ALERT,20260706,00
Gujarat,Surendranagar,18,21,18-21 h,0.0,0.3,0.0,0.0,NO ALERT,NO ALERT,20260706,00
Gujarat,The Dangs,18,21,18-21 h,1.5625,0.6236297049513208,0.9744214139864387,0.0,NO ALERT,NO ALERT,20260706,00
Gujarat,Vadodara,18,21,18-21 h,0.046875,0.3522998571050929,0.01651405580180123,0.0,NO ALERT,NO ALERT,20260706,00
Gujarat,Valsad,18,21,18-21 h,0.015625,0.3,0.0046875,0.0,NO ALERT,NO ALERT,20260706,00
Haryana,Ambala,18,21,18-21 h,0.5416666865348816,0.6762277229722136,0.36629003004538674,0.0,NO ALERT,NO ALERT,20260706,00
Haryana,Bhiwani,18,21,18-21 h,0.0357142873108387,1.7078232852568205,0.060993691485802526,0.0,NO ALERT,NO ALERT,20260706,00
Haryana,Faridabad,18,21,18-21 h,0.6875,0.8712532145408735,0.5989865849968505,0.0,NO ALERT,NO ALERT,20260706,00
Haryana,Fatehabad,18,21,18-21 h,0.0833333358168602,1.0808056670009505,0.09006714160095579,0.0,NO ALERT,NO ALERT,20260706,00
Haryana,Gurgaon,18,21,18-21 h,0.609375,1.3004888747066055,0.7924854080243378,0.0,NO ALERT,NO ALERT,20260706,00
Haryana,Hisar,18,21,18-21 h,0.375,0.9496809693817465,0.35613036351815497,0.0,NO ALERT,NO ALERT,20260706,00
Haryana,Jhajjar,18,21,18-21 h,0.0,1.6618096732806247,0.0,0.0,NO ALERT,NO ALERT,20260706,00
Haryana,Jind,18,21,18-21 h,0.28125,0.7717056323525144,0.21704220909914468,0.0,NO ALERT,NO ALERT,20260706,00
Haryana,Kaithal,18,21,18-21 h,1.0625,0.6331763172108541,0.6727498370365325,0.0,NO ALERT,NO ALERT,20260706,00
Haryana,Karnal,18,21,18-21 h,0.10000000149011612,0.5159404245146241,0.05159404322027355,0.0,NO ALERT,NO ALERT,20260706,00
Haryana,Kurukshetra,18,21,18-21 h,0.21875,0.6033338297736488,0.13197927526298567,0.0,NO ALERT,NO ALERT,20260706,00
Haryana,Mahendragarh,18,21,18-21 h,0.0,1.1386681831985863,0.0,0.0,NO ALERT,NO ALERT,20260706,00
Haryana,Panchkula,18,21,18-21 h,0.75,0.6671410727647323,0.5003558045735492,0.0,NO ALERT,NO ALERT,20260706,00
Haryana,Panipat,18,21,18-21 h,0.6875,1.0415843239201417,0.7160892226950974,0.0,NO ALERT,NO ALERT,20260706,00
Haryana,Rewari,18,21,18-21 h,0.0,1.1674745883169169,0.0,0.0,NO ALERT,NO ALERT,20260706,00
Haryana,Rohtak,18,21,18-21 h,0.0,1.2603472433768046,0.0,0.0,NO ALERT,NO ALERT,20260706,00
Haryana,Sirsa,18,21,18-21 h,0.0,1.4831194250452018,0.0,0.0,NO ALERT,NO ALERT,20260706,00
Haryana,Sonepat,18,21,18-21 h,0.5,0.7724164037051864,0.3862082018525932,0.0,NO ALERT,NO ALERT,20260706,00
Haryana,Yamuna Nagar,18,21,18-21 h,0.15625,0.6918813868041921,0.10810646668815502,0.0,NO ALERT,NO ALERT,20260706,00
Himachal Pradesh,Bilaspur,18,21,18-21 h,2.28125,0.43793651979773524,0.9990426857885835,0.0,NO ALERT,NO ALERT,20260706,00
Himachal Pradesh,Chamba,18,21,18-21 h,0.4829545319080353,0.47998853587409984,0.23181263866429908,0.0,NO ALERT,NO ALERT,20260706,00
Himachal Pradesh,Hamirpur,18,21,18-21 h,4.71875,0.3222888511402842,1.5208005163182161,0.0,NO ALERT,NO ALERT,20260706,00
Himachal Pradesh,Kangra,18,21,18-21 h,3.6484375,0.491764254011286,1.7941711454943012,0.0,NO ALERT,NO ALERT,20260706,00
Himachal Pradesh,Kinnaur,18,21,18-21 h,0.0,0.5900100248843969,0.0,0.0,NO ALERT,NO ALERT,20260706,00
Himachal Pradesh,Kullu,18,21,18-21 h,0.0,0.48471900161399284,0.0,0.0,NO ALERT,NO ALERT,20260706,00
Himachal Pradesh,Lahul and Spiti,18,21,18-21 h,0.0590277761220932,1.1034755877631228,0.06513570995067682,0.0,NO ALERT,NO ALERT,20260706,00
Himachal Pradesh,Mandi,18,21,18-21 h,1.75,0.41181400265740536,0.7206745046504593,0.0,NO ALERT,NO ALERT,20260706,00
Himachal Pradesh,Shimla,18,21,18-21 h,0.0,0.38421361333609627,0.0,0.0,NO ALERT,NO ALERT,20260706,00
Himachal Pradesh,Sirmaur,18,21,18-21 h,0.550000011920929,0.5853734282891708,0.321955392537239,0.0,NO ALERT,NO ALERT,20260706,00
Himachal Pradesh,Solan,18,21,18-21 h,1.34375,0.501145504684414,0.6734142719196813,0.0,NO ALERT,NO ALERT,20260706,00
Himachal Pradesh,Una,18,21,18-21 h,2.46875,0.5308169916656943,1.3104544481746827,0.0,NO ALERT,NO ALERT,20260706,00
Jammu and Kashmir,Anantnag (Kashmir South),18,21,18-21 h,0.1696428507566452,1.3868985192801786,0.23527741852085957,0.0,NO ALERT,NO ALERT,20260706,00
Jammu and Kashmir,Bagdam,18,21,18-21 h,0.0,1.7381670057123004,0.0,0.0,NO ALERT,NO ALERT,20260706,00
Jammu and Kashmir,Baramula (Kashmir North),18,21,18-21 h,0.1339285671710968,2.3802491119877285,0.318783353078792,0.0,NO ALERT,NO ALERT,20260706,00
Jammu and Kashmir,Doda,18,21,18-21 h,0.0,0.9310309851117253,0.0,0.0,NO ALERT,NO ALERT,20260706,00
Jammu and Kashmir,Jammu,18,21,18-21 h,0.40625,2.1214535699251704,0.8618405127821005,0.0,NO ALERT,NO ALERT,20260706,00
Jammu and Kashmir,Kargil,18,21,18-21 h,0.016304347664117813,3.0,0.04891304299235344,0.0,NO ALERT,NO ALERT,20260706,00
Jammu and Kashmir,Kathua,18,21,18-21 h,1.609375,0.7421973154339496,1.1944738045265126,0.0,NO ALERT,NO ALERT,20260706,00
Jammu and Kashmir,Kupwara (Muzaffarabad),18,21,18-21 h,0.0,2.805712758686526,0.0,0.0,NO ALERT,NO ALERT,20260706,00
Jammu and Kashmir,Ladakh (Leh),18,21,18-21 h,0.06499999761581421,0.6253946944730077,0.040650653649688354,0.0,NO ALERT,NO ALERT,20260706,00
Jammu and Kashmir,Pulwama,18,21,18-21 h,0.0625,3.0,0.1875,0.0,NO ALERT,NO ALERT,20260706,00
Jammu and Kashmir,Punch,18,21,18-21 h,0.0,0.9080148049822427,0.0,0.0,NO ALERT,NO ALERT,20260706,00
Jammu and Kashmir,Rajauri,18,21,18-21 h,0.3020833432674408,1.6908137329342856,0.5107666652872908,0.0,NO ALERT,NO ALERT,20260706,00
Jammu and Kashmir,Srinagar,18,21,18-21 h,0.6875,1.1768416745126433,0.8090786512274423,0.0,NO ALERT,NO ALERT,20260706,00
Jammu and Kashmir,Udhampur,18,21,18-21 h,1.1875,0.9046338825169598,1.0742527354888898,0.0,NO ALERT,NO ALERT,20260706,00
Jharkhand,Bokaro,18,21,18-21 h,0.25,0.43038052424230994,0.10759513106057748,0.0,NO ALERT,NO ALERT,20260706,00
Jharkhand,Chatra,18,21,18-21 h,0.0,0.47580298707457397,0.0,0.0,NO ALERT,NO ALERT,20260706,00
Jharkhand,Deoghar,18,21,18-21 h,0.03125,0.43042539217912484,0.013450793505597651,0.0,NO ALERT,NO ALERT,20260706,00
Jharkhand,Dhanbad,18,21,18-21 h,0.5,0.3,0.15,0.0,NO ALERT,NO ALERT,20260706,00
Jharkhand,Dumka,18,21,18-21 h,0.1875,0.5747174401032172,0.10775952001935324,0.0,NO ALERT,NO ALERT,20260706,00
Jharkhand,Garhwa,18,21,18-21 h,0.0,0.3,0.0,0.0,NO ALERT,NO ALERT,20260706,00
Jharkhand,Giridih,18,21,18-21 h,0.046875,0.3,0.014062499999999999,0.0,NO ALERT,NO ALERT,20260706,00
Jharkhand,Godda,18,21,18-21 h,0.0,1.241563229918693,0.0,0.0,NO ALERT,NO ALERT,20260706,00
Jharkhand,Gumla,18,21,18-21 h,0.0,0.3,0.0,0.0,NO ALERT,NO ALERT,20260706,00
Jharkhand,Hazaribag,18,21,18-21 h,0.0,0.42314411896564175,0.0,0.0,NO ALERT,NO ALERT,20260706,00
Jharkhand,Jamtara,18,21,18-21 h,0.0,0.46008470755189523,0.0,0.0,NO ALERT,NO ALERT,20260706,00
Jharkhand,Koderma,18,21,18-21 h,0.0,0.3039175085951896,0.0,0.0,NO ALERT,NO ALERT,20260706,00
Jharkhand,Latehar,18,21,18-21 h,0.0,0.3665391067324198,0.0,0.0,NO ALERT,NO ALERT,20260706,00
Jharkhand,Lohardaga,18,21,18-21 h,0.0,0.39624014819091274,0.0,0.0,NO ALERT,NO ALERT,20260706,00
Jharkhand,Pakur,18,21,18-21 h,0.0,0.6035076534919583,0.0,0.0,NO ALERT,NO ALERT,20260706,00
Jharkhand,Palamu,18,21,18-21 h,0.0,0.3737988343625059,0.0,0.0,NO ALERT,NO ALERT,20260706,00
Jharkhand,Pashchim Singhbhum,18,21,18-21 h,0.0703125,0.45311129700376257,0.031859388070577054,0.0,NO ALERT,NO ALERT,20260706,00
Jharkhand,Purba Singhbhum,18,21,18-21 h,0.08749999850988388,0.9904194813681165,0.08666170314387016,0.0,NO ALERT,NO ALERT,20260706,00
Jharkhand,Ranchi,18,21,18-21 h,0.16477273404598236,0.43312750651481624,0.07136760343896531,0.0,NO ALERT,NO ALERT,20260706,00
Jharkhand,Sahibganj,18,21,18-21 h,0.0,0.9271637311929378,0.0,0.0,NO ALERT,NO ALERT,20260706,00
Jharkhand,Saraikela Kharsawan,18,21,18-21 h,0.3333333432674408,0.7038710866727816,0.2346237025499249,0.0,NO ALERT,NO ALERT,20260706,00
Jharkhand,Simdega,18,21,18-21 h,0.5390625,0.3,0.16171875,0.0,NO ALERT,NO ALERT,20260706,00
Karnataka,Bagalkot,18,21,18-21 h,0.0,1.1632799061220045,0.0,0.0,NO ALERT,NO ALERT,20260706,00
Karnataka,Bangalore Rural,18,21,18-21 h,0.0,3.0,0.0,0.0,NO ALERT,NO ALERT,20260706,00
Karnataka,Bangalore Urban,18,21,18-21 h,0.0,3.0,0.0,0.0,NO ALERT,NO ALERT,20260706,00
Karnataka,Belgaum,18,21,18-21 h,0.0,0.8973372374527518,0.0,0.0,NO ALERT,NO ALERT,20260706,00
Karnataka,Bellary,18,21,18-21 h,0.0,2.70287473371527,0.0,0.0,NO ALERT,NO ALERT,20260706,00
Karnataka,Bidar,18,21,18-21 h,0.0,1.0018766190120068,0.0,0.0,NO ALERT,NO ALERT,20260706,00
Karnataka,Bijapur,18,21,18-21 h,0.0,3.0,0.0,0.0,NO ALERT,NO ALERT,20260706,00
Karnataka,Chamrajnagar,18,21,18-21 h,0.0,3.0,0.0,0.0,NO ALERT,NO ALERT,20260706,00
Karnataka,Chikmagalur,18,21,18-21 h,0.012500000186264515,0.9744358301784026,0.01218044805873285,0.0,NO ALERT,NO ALERT,20260706,00
Karnataka,Chitradurga,18,21,18-21 h,0.0,3.0,0.0,0.0,NO ALERT,NO ALERT,20260706,00
Karnataka,Dakshin Kannad,18,21,18-21 h,0.0,0.48296471969249655,0.0,0.0,NO ALERT,NO ALERT,20260706,00
Karnataka,Davanagere,18,21,18-21 h,0.0,1.0634182151425726,0.0,0.0,NO ALERT,NO ALERT,20260706,00
Karnataka,Dharwad,18,21,18-21 h,0.0,0.6005924706507083,0.0,0.0,NO ALERT,NO ALERT,20260706,00
Karnataka,Gadag,18,21,18-21 h,0.0,1.0104995631984701,0.0,0.0,NO ALERT,NO ALERT,20260706,00
Karnataka,Gulbarga,18,21,18-21 h,0.0,1.3275990324998463,0.0,0.0,NO ALERT,NO ALERT,20260706,00
Karnataka,Hassan,18,21,18-21 h,0.0,1.3953514149603434,0.0,0.0,NO ALERT,NO ALERT,20260706,00
Karnataka,Haveri,18,21,18-21 h,0.0,0.8339001601670177,0.0,0.0,NO ALERT,NO ALERT,20260706,00
Karnataka,Kodagu,18,21,18-21 h,0.0,0.9891691490121184,0.0,0.0,NO ALERT,NO ALERT,20260706,00
Karnataka,Kolar,18,21,18-21 h,0.0,1.0,0.0,0.0,NO ALERT,NO ALERT,20260706,00
Karnataka,Koppal,18,21,18-21 h,0.0,1.3672411486472411,0.0,0.0,NO ALERT,NO ALERT,20260706,00
Karnataka,Mandya,18,21,18-21 h,0.0,3.0,0.0,0.0,NO ALERT,NO ALERT,20260706,00
Karnataka,Mysore,18,21,18-21 h,0.0,3.0,0.0,0.0,NO ALERT,NO ALERT,20260706,00
Karnataka,Raichur,18,21,18-21 h,0.0,1.9789763859973823,0.0,0.0,NO ALERT,NO ALERT,20260706,00
Karnataka,Shimoga,18,21,18-21 h,0.0,0.6521122332003625,0.0,0.0,NO ALERT,NO ALERT,20260706,00
Karnataka,Tumkur,18,21,18-21 h,0.0,3.0,0.0,0.0,NO ALERT,NO ALERT,20260706,00
Karnataka,Udupi,18,21,18-21 h,0.0,0.36293434267993313,0.0,0.0,NO ALERT,NO ALERT,20260706,00
Karnataka,Uttar Kannand,18,21,18-21 h,0.0,0.4136012505834986,0.0,0.0,NO ALERT,NO ALERT,20260706,00
Kerala,Alappuzha,18,21,18-21 h,0.0,2.864364265748771,0.0,0.0,NO ALERT,NO ALERT,20260706,00
Kerala,Ernakulam,18,21,18-21 h,0.0,0.8273595857165152,0.0,0.0,NO ALERT,NO ALERT,20260706,00
Kerala,Idukki,18,21,18-21 h,0.0,1.1481059089541104,0.0,0.0,NO ALERT,NO ALERT,20260706,00
Kerala,Kannur,18,21,18-21 h,0.0,0.39296054227725635,0.0,0.0,NO ALERT,NO ALERT,20260706,00
Kerala,Kasaragod,18,21,18-21 h,0.0,0.4895700959949935,0.0,0.0,NO ALERT,NO ALERT,20260706,00
Kerala,Kollam,18,21,18-21 h,0.0,0.9608015244614043,0.0,0.0,NO ALERT,NO ALERT,20260706,00
Kerala,Kottayam,18,21,18-21 h,0.0,0.9196575889749057,0.0,0.0,NO ALERT,NO ALERT,20260706,00
Kerala,Kozhikode,18,21,18-21 h,0.0,0.37264617476151884,0.0,0.0,NO ALERT,NO ALERT,20260706,00
Kerala,Malappuram,18,21,18-21 h,0.0,0.44261788343885,0.0,0.0,NO ALERT,NO ALERT,20260706,00
Kerala,Palakkad,18,21,18-21 h,0.0,0.5302180666602749,0.0,0.0,NO ALERT,NO ALERT,20260706,00
Kerala,Pattanamtitta,18,21,18-21 h,0.0,0.7477207744636957,0.0,0.0,NO ALERT,NO ALERT,20260706,00
Kerala,Thiruvananthapuram,18,21,18-21 h,0.0,1.3040197822546657,0.0,0.0,NO ALERT,NO ALERT,20260706,00
Kerala,Thrissur,18,21,18-21 h,0.0,0.842598859765623,0.0,0.0,NO ALERT,NO ALERT,20260706,00
Kerala,Wayanad,18,21,18-21 h,0.0,0.9148688962922525,0.0,0.0,NO ALERT,NO ALERT,20260706,00
Lakshadweep,Kavaratti,18,21,18-21 h,0.0,1.0,0.0,0.0,NO ALERT,NO ALERT,20260706,00
Madhya Pradesh,Anuppur,18,21,18-21 h,0.0,0.3,0.0,0.0,NO ALERT,NO ALERT,20260706,00
Madhya Pradesh,Ashoknagar,18,21,18-21 h,0.8541666865348816,0.9519252256221402,0.8131028157986331,0.0,NO ALERT,NO ALERT,20260706,00
Madhya Pradesh,Datia,18,21,18-21 h,0.0,1.0,0.0,0.0,NO ALERT,NO ALERT,20260706,00
Madhya Pradesh,Dewas,18,21,18-21 h,0.0,0.3,0.0,0.0,NO ALERT,NO ALERT,20260706,00
Madhya Pradesh,Dhar,18,21,18-21 h,0.0,0.3,0.0,0.0,NO ALERT,NO ALERT,20260706,00
Madhya Pradesh,Dindori,18,21,18-21 h,0.0,0.3,0.0,0.0,NO ALERT,NO ALERT,20260706,00
Madhya Pradesh,East Nimar,18,21,18-21 h,0.0,0.30123901134156544,0.0,0.0,NO ALERT,NO ALERT,20260706,00
Madhya Pradesh,Guna,18,21,18-21 h,1.0138888359069824,0.44732070879630687,0.45353347271857386,0.0,NO ALERT,NO ALERT,20260706,00
Madhya Pradesh,Gwalior,18,21,18-21 h,0.0,1.0,0.0,0.0,NO ALERT,NO ALERT,20260706,00
Madhya Pradesh,Harda,18,21,18-21 h,0.0,0.3,0.0,0.0,NO ALERT,NO ALERT,20260706,00
Madhya Pradesh,Hoshangabad,18,21,18-21 h,10.027777671813965,0.3,3.0083333015441895,0.0,NO ALERT,NO ALERT,20260706,00
Madhya Pradesh,Indore,18,21,18-21 h,0.0,0.3,0.0,0.0,NO ALERT,NO ALERT,20260706,00
Madhya Pradesh,Jabalpur,18,21,18-21 h,0.0,0.3,0.0,0.0,NO ALERT,NO ALERT,20260706,00
Madhya Pradesh,Jhabua,18,21,18-21 h,0.0,0.3,0.0,0.0,NO ALERT,NO ALERT,20260706,00
Madhya Pradesh,Katni,18,21,18-21 h,0.0,0.32230547985936164,0.0,0.0,NO ALERT,NO ALERT,20260706,00
Madhya Pradesh,Mandla,18,21,18-21 h,0.0,0.3,0.0,0.0,NO ALERT,NO ALERT,20260706,00
Madhya Pradesh,Mandsaur,18,21,18-21 h,0.0,0.3805572499288874,0.0,0.0,NO ALERT,NO ALERT,20260706,00
Madhya Pradesh,Morena,18,21,18-21 h,0.0357142873108387,3.0,0.1071428619325161,0.0,NO ALERT,NO ALERT,20260706,00
Madhya Pradesh,Narsinghpur,18,21,18-21 h,16.40277862548828,0.3,4.920833587646484,0.0,NO ALERT,NO ALERT,20260706,00
Madhya Pradesh,Neemuch,18,21,18-21 h,0.0,0.7317338523203192,0.0,0.0,NO ALERT,NO ALERT,20260706,00
Madhya Pradesh,Panna,18,21,18-21 h,0.2708333432674408,0.4184968595164538,0.11334290360976569,0.0,NO ALERT,NO ALERT,20260706,00
Madhya Pradesh,Raisen,18,21,18-21 h,1.015625,0.3,0.3046875,0.0,NO ALERT,NO ALERT,20260706,00
Madhya Pradesh,Rajgarh,18,21,18-21 h,0.9732142686843872,0.676433949885283,0.6583151718508972,0.0,NO ALERT,NO ALERT,20260706,00
Madhya Pradesh,Ratlam,18,21,18-21 h,0.0,0.3,0.0,0.0,NO ALERT,NO ALERT,20260706,00
Madhya Pradesh,Rewa,18,21,18-21 h,1.5902777910232544,0.38712886212107545,0.6156424316952499,0.0,NO ALERT,NO ALERT,20260706,00
Madhya Pradesh,Sagar,18,21,18-21 h,0.0625,0.3,0.01875,0.0,NO ALERT,NO ALERT,20260706,00
Madhya Pradesh,Satna,18,21,18-21 h,1.0909091234207153,0.4227753173004938,0.46120945080019643,0.0,NO ALERT,NO ALERT,20260706,00
Madhya Pradesh,Sehore,18,21,18-21 h,0.53125,0.3,0.159375,0.0,NO ALERT,NO ALERT,20260706,00
Madhya Pradesh,Seoni,18,21,18-21 h,0.1875,0.3,0.056249999999999994,0.0,NO ALERT,NO ALERT,20260706,00
Madhya Pradesh,Shahdol,18,21,18-21 h,0.6041666865348816,0.3,0.18125000596046448,0.0,NO ALERT,NO ALERT,20260706,00
Madhya Pradesh,Shajapur,18,21,18-21 h,0.2613636255264282,0.3,0.07840908765792846,0.0,NO ALERT,NO ALERT,20260706,00
Madhya Pradesh,Sheopur,18,21,18-21 h,0.0,3.0,0.0,0.0,NO ALERT,NO ALERT,20260706,00
Madhya Pradesh,Shivpuri,18,21,18-21 h,0.00390625,3.0,0.01171875,0.0,NO ALERT,NO ALERT,20260706,00
Madhya Pradesh,Sidhi,18,21,18-21 h,0.796875,0.399988705397733,0.3187409996138185,0.0,NO ALERT,NO ALERT,20260706,00
Maharashtra,Pune,18,21,18-21 h,0.04934210702776909,0.3,0.014802632108330726,0.0,NO ALERT,NO ALERT,20260706,00
Maharashtra,Raigarh,18,21,18-21 h,0.0,0.3,0.0,0.0,NO ALERT,NO ALERT,20260706,00
Maharashtra,Ratnagiri,18,21,18-21 h,0.0,0.3,0.0,0.0,NO ALERT,NO ALERT,20260706,00
Maharashtra,Sangli,18,21,18-21 h,0.0,0.3,0.0,0.0,NO ALERT,NO ALERT,20260706,00
Maharashtra,Satara,18,21,18-21 h,0.01171875,0.3,0.0035156249999999997,0.0,NO ALERT,NO ALERT,20260706,00
Maharashtra,Sindhudurg,18,21,18-21 h,0.0,0.3,0.0,0.0,NO ALERT,NO ALERT,20260706,00
Maharashtra,Solapur,18,21,18-21 h,0.019021738320589066,0.3,0.0057065214961767195,0.0,NO ALERT,NO ALERT,20260706,00
Maharashtra,Thane,18,21,18-21 h,0.21875,0.3,0.065625,0.0,NO ALERT,NO ALERT,20260706,00
Maharashtra,Wardha,18,21,18-21 h,0.008928571827709675,0.8277061142287497,0.007390233493125861,0.0,NO ALERT,NO ALERT,20260706,00
Maharashtra,Washim,18,21,18-21 h,0.0,0.6548512185328705,0.0,0.0,NO ALERT,NO ALERT,20260706,00
Maharashtra,Yavatmal,18,21,18-21 h,0.0,1.1672216749493405,0.0,0.0,NO ALERT,NO ALERT,20260706,00
Manipur,Bishnupur,18,21,18-21 h,0.125,0.44222804670987065,0.05527850583873383,0.0,NO ALERT,NO ALERT,20260706,00
Manipur,Chandel,18,21,18-21 h,0.15625,0.4353368800524707,0.06802138750819854,0.0,NO ALERT,NO ALERT,20260706,00
Manipur,Churachandpur,18,21,18-21 h,0.2604166567325592,0.350797188232678,0.09135343095073627,0.0,NO ALERT,NO ALERT,20260706,00
Manipur,East Imphal,18,21,18-21 h,0.0,0.34679034457550556,0.0,0.0,NO ALERT,NO ALERT,20260706,00
Manipur,Senapati,18,21,18-21 h,0.0,0.40549794487557334,0.0,0.0,NO ALERT,NO ALERT,20260706,00
Manipur,Tamenglong,18,21,18-21 h,0.09375,0.47901291702576343,0.044907460971165325,0.0,NO ALERT,NO ALERT,20260706,00
Manipur,Thoubal,18,21,18-21 h,0.0,0.5006320786802736,0.0,0.0,NO ALERT,NO ALERT,20260706,00
Manipur,Ukhrul,18,21,18-21 h,0.4270833432674408,0.5601360196084298,0.239224763938885,0.0,NO ALERT,NO ALERT,20260706,00
Manipur,West Imphal,18,21,18-21 h,0.0,1.0,0.0,0.0,NO ALERT,NO ALERT,20260706,00
Meghalaya,East Garo Hills,18,21,18-21 h,0.578125,0.5096870049480084,0.29466279973556736,0.0,NO ALERT,NO ALERT,20260706,00
Meghalaya,East Khasi Hills,18,21,18-21 h,0.625,0.5445849739225571,0.3403656087015982,0.0,NO ALERT,NO ALERT,20260706,00
Meghalaya,Jaintia Hills,18,21,18-21 h,0.0,0.3344285796853742,0.0,0.0,NO ALERT,NO ALERT,20260706,00
Meghalaya,Ri-Bhoi,18,21,18-21 h,0.1875,0.3754843171484303,0.07040330946533067,0.0,NO ALERT,NO ALERT,20260706,00
Meghalaya,South Garo Hills,18,21,18-21 h,0.0,1.1985655828274717,0.0,0.0,NO ALERT,NO ALERT,20260706,00
Meghalaya,West Garo Hills,18,21,18-21 h,0.4749999940395355,1.4164832395577518,0.6728295303470341,0.0,NO ALERT,NO ALERT,20260706,00
Meghalaya,West Khasi Hills,18,21,18-21 h,1.109375,0.7688290212309257,0.8529196954280581,0.0,NO ALERT,NO ALERT,20260706,00
Mizoram,Aizawl,18,21,18-21 h,0.0729166641831398,0.35958444336345213,0.02621969810221409,0.0,NO ALERT,NO ALERT,20260706,00
Mizoram,Champhai,18,21,18-21 h,0.328125,0.393379226133291,0.12907755857498612,0.0,NO ALERT,NO ALERT,20260706,00
Mizoram,Kolasib,18,21,18-21 h,0.875,0.8142673026091504,0.7124838897830066,0.0,NO ALERT,NO ALERT,20260706,00
Mizoram,Lawngtlai,18,21,18-21 h,0.0,0.3,0.0,0.0,NO ALERT,NO ALERT,20260706,00
Mizoram,Lunglei,18,21,18-21 h,0.0,0.34255624595576245,0.0,0.0,NO ALERT,NO ALERT,20260706,00
Mizoram,Mamit,18,21,18-21 h,0.0,0.6080090530356378,0.0,0.0,NO ALERT,NO ALERT,20260706,00
Mizoram,Saiha,18,21,18-21 h,0.0,0.3,0.0,0.0,NO ALERT,NO ALERT,20260706,00
Mizoram,Serchhip,18,21,18-21 h,0.0,0.3,0.0,0.0,NO ALERT,NO ALERT,20260706,00
Nagaland,Dimapur,18,21,18-21 h,0.0,0.6956002689591826,0.0,0.0,NO ALERT,NO ALERT,20260706,00
Nagaland,Kohima,18,21,18-21 h,0.11249999701976776,0.42200076411911747,0.04747508470574043,0.0,NO ALERT,NO ALERT,20260706,00
Nagaland,Mokokchung,18,21,18-21 h,0.0,0.6004559914526765,0.0,0.0,NO ALERT,NO ALERT,20260706,00
Nagaland,Mon,18,21,18-21 h,0.0,0.35697456601861516,0.0,0.0,NO ALERT,NO ALERT,20260706,00
Nagaland,Phek,18,21,18-21 h,0.0,0.4705958392700629,0.0,0.0,NO ALERT,NO ALERT,20260706,00
Nagaland,Tuensang,18,21,18-21 h,2.6339285373687744,0.307336347541769,0.8095019763609529,0.0,NO ALERT,NO ALERT,20260706,00
Nagaland,Wokha,18,21,18-21 h,0.0,0.9768878268305281,0.0,0.0,NO ALERT,NO ALERT,20260706,00
Nagaland,Zunheboto,18,21,18-21 h,5.0625,0.3,1.51875,0.0,NO ALERT,NO ALERT,20260706,00
Orissa,Angul,18,21,18-21 h,0.0486111119389534,0.3,0.01458333358168602,0.0,NO ALERT,NO ALERT,20260706,00
Orissa,Baleshwar,18,21,18-21 h,0.0,0.3,0.0,0.0,NO ALERT,NO ALERT,20260706,00
Orissa,Baragarh,18,21,18-21 h,0.8515625,0.3,0.25546874999999997,0.0,NO ALERT,NO ALERT,20260706,00
Orissa,Bhadrak,18,21,18-21 h,0.0,0.7178511116268625,0.0,0.0,NO ALERT,NO ALERT,20260706,00
Orissa,Bolangir,18,21,18-21 h,0.3541666567325592,0.3,0.10624999701976776,0.0,NO ALERT,NO ALERT,20260706,00
Orissa,Boudh,18,21,18-21 h,0.09375,0.46951847237716815,0.044017356785359514,0.0,NO ALERT,NO ALERT,20260706,00
Orissa,Cuttack,18,21,18-21 h,0.1428571492433548,3.0,0.4285714477300644,0.0,NO ALERT,NO ALERT,20260706,00
Orissa,Deogarh,18,21,18-21 h,0.1458333283662796,0.5670237411043358,0.08269095942794492,0.0,NO ALERT,NO ALERT,20260706,00
Orissa,Dhenkanal,18,21,18-21 h,0.0,0.5066672121395331,0.0,0.0,NO ALERT,NO ALERT,20260706,00
Orissa,Gajapati,18,21,18-21 h,0.015625,3.0,0.046875,0.0,NO ALERT,NO ALERT,20260706,00
Orissa,Ganjam,18,21,18-21 h,0.0,3.0,0.0,0.0,NO ALERT,NO ALERT,20260706,00
Orissa,Jagatsinghpur,18,21,18-21 h,0.46875,1.2982877185824837,0.6085723680855393,0.0,NO ALERT,NO ALERT,20260706,00
Orissa,Jajpur,18,21,18-21 h,0.03750000149011612,1.0825360884765436,0.04059510493097486,0.0,NO ALERT,NO ALERT,20260706,00
Orissa,Jharsuguda,18,21,18-21 h,0.875,0.3,0.2625,0.0,NO ALERT,NO ALERT,20260706,00
Orissa,Kalahandi,18,21,18-21 h,0.005681818351149559,0.796623750187142,0.0045262714427748854,0.0,NO ALERT,NO ALERT,20260706,00
Orissa,Kandhamal,18,21,18-21 h,0.005681818351149559,1.1397211880580418,0.006475688761502159,0.0,NO ALERT,NO ALERT,20260706,00
Orissa,Kendrapara,18,21,18-21 h,0.046875,1.2406367579898423,0.05815484803077386,0.0,NO ALERT,NO ALERT,20260706,00
Orissa,Keonjhar,18,21,18-21 h,0.0,0.3,0.0,0.0,NO ALERT,NO ALERT,20260706,00
Orissa,Khordha,18,21,18-21 h,0.0,3.0,0.0,0.0,NO ALERT,NO ALERT,20260706,00
Orissa,Koraput,18,21,18-21 h,0.0,3.0,0.0,0.0,NO ALERT,NO ALERT,20260706,00
Orissa,Malkangiri,18,21,18-21 h,0.0,3.0,0.0,0.0,NO ALERT,NO ALERT,20260706,00
Orissa,Mayurbhanj,18,21,18-21 h,0.011029412038624287,0.6410187849222774,0.0070700603034060784,0.0,NO ALERT,NO ALERT,20260706,00
Orissa,Nabarangpur,18,21,18-21 h,0.015625,0.9520565250907196,0.014875883204542494,0.0,NO ALERT,NO ALERT,20260706,00
Orissa,Nayagarh,18,21,18-21 h,0.0,2.7627565849527578,0.0,0.0,NO ALERT,NO ALERT,20260706,00
Orissa,Nuapada,18,21,18-21 h,0.03125,0.3,0.009375,0.0,NO ALERT,NO ALERT,20260706,00
Orissa,Puri,18,21,18-21 h,0.9125000238418579,1.1682139811417622,1.0659952856442498,0.0,NO ALERT,NO ALERT,20260706,00
Orissa,Rayagada,18,21,18-21 h,0.0,3.0,0.0,0.0,NO ALERT,NO ALERT,20260706,00
Orissa,Sambalpur,18,21,18-21 h,0.1931818127632141,0.3,0.05795454382896423,0.0,NO ALERT,NO ALERT,20260706,00
Orissa,Sonepur,18,21,18-21 h,0.359375,0.3,0.10781249999999999,0.0,NO ALERT,NO ALERT,20260706,00
Orissa,Sundargarh,18,21,18-21 h,0.26923078298568726,0.4166264730089146,0.11216867154075537,0.0,NO ALERT,NO ALERT,20260706,00
Puducherry,Karaikal,18,21,18-21 h,0.0,1.0,0.0,0.0,NO ALERT,NO ALERT,20260706,00
Puducherry,Mahe,18,21,18-21 h,0.0,1.0,0.0,0.0,NO ALERT,NO ALERT,20260706,00
Puducherry,Puducherry,18,21,18-21 h,0.0,1.0,0.0,0.0,NO ALERT,NO ALERT,20260706,00
Puducherry,Yanam,18,21,18-21 h,0.0,1.0,0.0,0.0,NO ALERT,NO ALERT,20260706,00
Punjab,Amritsar,18,21,18-21 h,0.0803571417927742,3.0,0.2410714253783226,0.0,NO ALERT,NO ALERT,20260706,00
Punjab,Bathinda,18,21,18-21 h,0.0,1.0063742042286778,0.0,0.0,NO ALERT,NO ALERT,20260706,00
Punjab,Faridkot,18,21,18-21 h,0.0,1.8166795132507056,0.0,0.0,NO ALERT,NO ALERT,20260706,00
Punjab,Fatehgarh Sahib,18,21,18-21 h,0.25,0.7625669248111632,0.1906417312027908,0.0,NO ALERT,NO ALERT,20260706,00
Punjab,Firozpur,18,21,18-21 h,0.0,3.0,0.0,0.0,NO ALERT,NO ALERT,20260706,00
Punjab,Gurdaspur,18,21,18-21 h,0.5520833134651184,1.0172791491901219,0.561622843403859,0.0,NO ALERT,NO ALERT,20260706,00
Punjab,Hoshiarpur,18,21,18-21 h,1.225000023841858,1.1158502745357433,1.3669166129102293,0.0,NO ALERT,NO ALERT,20260706,00
Punjab,Jalandhar,18,21,18-21 h,0.4375,0.6683787736223664,0.2924157134597853,0.0,NO ALERT,NO ALERT,20260706,00
Punjab,Kapurthala,18,21,18-21 h,0.625,0.8043488797650564,0.5027180498531603,0.0,NO ALERT,NO ALERT,20260706,00
Punjab,Ludhiana,18,21,18-21 h,0.574999988079071,0.6367384031963071,0.36612457424736333,0.0,NO ALERT,NO ALERT,20260706,00
Punjab,Mansa,18,21,18-21 h,0.0,0.8554010609701591,0.0,0.0,NO ALERT,NO ALERT,20260706,00
Punjab,Moga,18,21,18-21 h,0.015625,1.9260465396022144,0.0300944771812846,0.0,NO ALERT,NO ALERT,20260706,00
Punjab,Muktsar,18,21,18-21 h,0.0,1.6273890495298178,0.0,0.0,NO ALERT,NO ALERT,20260706,00
Punjab,Nawan Shehar,18,21,18-21 h,0.984375,0.7376809676905092,0.726154702570345,0.0,NO ALERT,NO ALERT,20260706,00
Punjab,Patiala,18,21,18-21 h,0.3645833432674408,0.9906891001535867,0.3611887442726071,0.0,NO ALERT,NO ALERT,20260706,00
Punjab,Rupnagar,18,21,18-21 h,2.5625,0.596268251978758,1.5279373956955673,0.0,NO ALERT,NO ALERT,20260706,00
Punjab,Sangrur,18,21,18-21 h,0.5234375,0.6431007768751102,0.33662306289556554,0.0,NO ALERT,NO ALERT,20260706,00
Rajasthan,Ajmer,18,21,18-21 h,0.02916666679084301,0.5105660303364602,0.014891509281546979,0.0,NO ALERT,NO ALERT,20260706,00
Rajasthan,Alwar,18,21,18-21 h,0.21875,1.763920291704763,0.3858575638104169,0.0,NO ALERT,NO ALERT,20260706,00
Rajasthan,Banswara,18,21,18-21 h,0.0,0.3,0.0,0.0,NO ALERT,NO ALERT,20260706,00
Rajasthan,Baran,18,21,18-21 h,0.6000000238418579,1.9242101184358293,1.154526116938242,0.0,NO ALERT,NO ALERT,20260706,00
Rajasthan,Barmer,18,21,18-21 h,0.09687499701976776,0.9889290802263309,0.09580250169968747,0.0,NO ALERT,NO ALERT,20260706,00
Rajasthan,Bharatpur,18,21,18-21 h,0.5416666865348816,1.333984920453584,0.7225751917495905,0.0,NO ALERT,NO ALERT,20260706,00
Rajasthan,Bhilwara,18,21,18-21 h,0.0,0.3633962326272162,0.0,0.0,NO ALERT,NO ALERT,20260706,00
Rajasthan,Bikaner,18,21,18-21 h,0.0,3.0,0.0,0.0,NO ALERT,NO ALERT,20260706,00
Rajasthan,Bundi,18,21,18-21 h,0.0625,3.0,0.1875,0.0,NO ALERT,NO ALERT,20260706,00
Rajasthan,Chittaurgarh,18,21,18-21 h,0.0,0.3,0.0,0.0,NO ALERT,NO ALERT,20260706,00
Rajasthan,Churu,18,21,18-21 h,0.016826923936605453,1.401563284200734,0.02358399877558468,0.0,NO ALERT,NO ALERT,20260706,00
Rajasthan,Dausa,18,21,18-21 h,0.4270833432674408,2.1134477396397804,0.9026183264663732,0.0,NO ALERT,NO ALERT,20260706,00
Rajasthan,Dhaulpur,18,21,18-21 h,0.07500000298023224,3.0,0.22500000894069672,0.0,NO ALERT,NO ALERT,20260706,00
Rajasthan,Dungarpur,18,21,18-21 h,0.0,0.3,0.0,0.0,NO ALERT,NO ALERT,20260706,00
Rajasthan,Ganganagar,18,21,18-21 h,0.0,1.0,0.0,0.0,NO ALERT,NO ALERT,20260706,00
Rajasthan,Hanumangarh,18,21,18-21 h,0.008928571827709675,1.571559761267069,0.014031784210011295,0.0,NO ALERT,NO ALERT,20260706,00
Rajasthan,Jaipur,18,21,18-21 h,0.1458333283662796,2.075984689161689,0.3027477568578855,0.0,NO ALERT,NO ALERT,20260706,00
Rajasthan,Jaisalmer,18,21,18-21 h,0.0011363636003807187,1.0,0.0011363636003807187,0.0,NO ALERT,NO ALERT,20260706,00
Rajasthan,Jalor,18,21,18-21 h,0.0,0.3,0.0,0.0,NO ALERT,NO ALERT,20260706,00
Rajasthan,Jhalawar,18,21,18-21 h,1.3402777910232544,0.5632776631707748,0.7549485421272667,0.0,NO ALERT,NO ALERT,20260706,00
Rajasthan,Jhunjhunun,18,21,18-21 h,0.0234375,1.2604511264027094,0.0295418232750635,0.0,NO ALERT,NO ALERT,20260706,00
Rajasthan,Jodhpur,18,21,18-21 h,0.17830882966518402,0.8001683993228174,0.1426770908183152,0.0,NO ALERT,NO ALERT,20260706,00
Rajasthan,Tonk,18,21,18-21 h,0.013888888992369175,3.0,0.041666666977107525,0.0,NO ALERT,NO ALERT,20260706,00
Rajasthan,Udaipur,18,21,18-21 h,0.0,0.3,0.0,0.0,NO ALERT,NO ALERT,20260706,00
Sikkim,East,18,21,18-21 h,0.0,2.23108818195037,0.0,0.0,NO ALERT,NO ALERT,20260706,00
Sikkim,North Sikkim,18,21,18-21 h,0.0,2.347754056512395,0.0,0.0,NO ALERT,NO ALERT,20260706,00
Sikkim,South Sikkim,18,21,18-21 h,0.0,1.0,0.0,0.0,NO ALERT,NO ALERT,20260706,00
Sikkim,West Sikkim,18,21,18-21 h,0.03125,3.0,0.09375,0.0,NO ALERT,NO ALERT,20260706,00
Tamil Nadu,Ariyalur,18,21,18-21 h,0.0,1.0,0.0,0.0,NO ALERT,NO ALERT,20260706,00
Tamil Nadu,Chennai,18,21,18-21 h,0.0,1.0,0.0,0.0,NO ALERT,NO ALERT,20260706,00
Tamil Nadu,Coimbatore,18,21,18-21 h,0.0052083334885537624,3.0,0.015625000465661287,0.0,NO ALERT,NO ALERT,20260706,00
Tamil Nadu,Cuddalore,18,21,18-21 h,0.0,1.0,0.0,0.0,NO ALERT,NO ALERT,20260706,00
Tamil Nadu,Dharmapuri,18,21,18-21 h,0.0,1.0,0.0,0.0,NO ALERT,NO ALERT,20260706,00
Tamil Nadu,Dindigul,18,21,18-21 h,0.0,1.0,0.0,0.0,NO ALERT,NO ALERT,20260706,00
Tamil Nadu,Erode,18,21,18-21 h,0.0,1.0,0.0,0.0,NO ALERT,NO ALERT,20260706,00
Tamil Nadu,Kancheepuram,18,21,18-21 h,0.0,1.0,0.0,0.0,NO ALERT,NO ALERT,20260706,00
Tamil Nadu,Kanniyakumari,18,21,18-21 h,0.1666666716337204,2.3327618361136246,0.38879365093922413,0.0,NO ALERT,NO ALERT,20260706,00
Tamil Nadu,Karur,18,21,18-21 h,0.0,1.0,0.0,0.0,NO ALERT,NO ALERT,20260706,00
Tamil Nadu,Sivaganga,18,21,18-21 h,0.0,1.0,0.0,0.0,NO ALERT,NO ALERT,20260706,00
Tamil Nadu,Thanjavur,18,21,18-21 h,0.0,1.0,0.0,0.0,NO ALERT,NO ALERT,20260706,00
Tamil Nadu,Theni,18,21,18-21 h,0.0,3.0,0.0,0.0,NO ALERT,NO ALERT,20260706,00
Tamil Nadu,Thiruvallur,18,21,18-21 h,0.0,1.0,0.0,0.0,NO ALERT,NO ALERT,20260706,00
Tamil Nadu,Thiruvarur,18,21,18-21 h,0.0,3.0,0.0,0.0,NO ALERT,NO ALERT,20260706,00
Tamil Nadu,Thoothukudi,18,21,18-21 h,0.0,1.0,0.0,0.0,NO ALERT,NO ALERT,20260706,00
Tamil Nadu,Tiruchchirappalli,18,21,18-21 h,0.0,1.0,0.0,0.0,NO ALERT,NO ALERT,20260706,00
Tamil Nadu,Tirunelveli Kattabo,18,21,18-21 h,0.0069444444961845875,3.0,0.020833333488553762,0.0,NO ALERT,NO ALERT,20260706,00
Tamil Nadu,Tiruvannamalai,18,21,18-21 h,0.0,1.0,0.0,0.0,NO ALERT,NO ALERT,20260706,00
Tamil Nadu,Vellore,18,21,18-21 h,0.0,1.0,0.0,0.0,NO ALERT,NO ALERT,20260706,00
Tamil Nadu,Villupuram,18,21,18-21 h,0.0,1.0,0.0,0.0,NO ALERT,NO ALERT,20260706,00
Tamil Nadu,Virudhunagar,18,21,18-21 h,0.0,1.0,0.0,0.0,NO ALERT,NO ALERT,20260706,00
Tripura,Dhalai,18,21,18-21 h,0.0,2.7728682543513306,0.0,0.0,NO ALERT,NO ALERT,20260706,00
Tripura,North Tripura,18,21,18-21 h,0.015625,1.8373519402302907,0.028708624066098292,0.0,NO ALERT,NO ALERT,20260706,00
Tripura,South Tripura,18,21,18-21 h,0.0,0.6883313005588784,0.0,0.0,NO ALERT,NO ALERT,20260706,00
Tripura,West Tripura,18,21,18-21 h,0.1041666641831398,1.2952968876484479,0.13492675591314204,0.0,NO ALERT,NO ALERT,20260706,00
Uttar Pradesh,Agra,18,21,18-21 h,0.109375,1.0983193107761748,0.12012867461614413,0.0,NO ALERT,NO ALERT,20260706,00
Uttar Pradesh,Aligarh,18,21,18-21 h,0.625,0.8798559857902731,0.5499099911189207,0.0,NO ALERT,NO ALERT,20260706,00
Uttar Pradesh,Allahabad,18,21,18-21 h,0.3928571343421936,0.3288936598778827,0.1292082207229411,0.0,NO ALERT,NO ALERT,20260706,00
Uttar Pradesh,Ambedkar Nagar,18,21,18-21 h,0.0,3.0,0.0,0.0,NO ALERT,NO ALERT,20260706,00
Uttar Pradesh,Auraiya,18,21,18-21 h,0.0,3.0,0.0,0.0,NO ALERT,NO ALERT,20260706,00
Uttar Pradesh,Azamgarh,18,21,18-21 h,0.0,3.0,0.0,0.0,NO ALERT,NO ALERT,20260706,00
Uttar Pradesh,Badaun,18,21,18-21 h,0.4107142984867096,2.287464070059984,0.9394942008482399,0.0,NO ALERT,NO ALERT,20260706,00
Uttar Pradesh,Baghpat,18,21,18-21 h,1.09375,0.8822997668421744,0.9650153699836282,0.0,NO ALERT,NO ALERT,20260706,00
Uttar Pradesh,Bahraich,18,21,18-21 h,0.0,3.0,0.0,0.0,NO ALERT,NO ALERT,20260706,00
Uttar Pradesh,Ballia,18,21,18-21 h,0.0,0.782997505218471,0.0,0.0,NO ALERT,NO ALERT,20260706,00
Uttar Pradesh,Balrampur,18,21,18-21 h,0.0,2.137629415780145,0.0,0.0,NO ALERT,NO ALERT,20260706,00
Uttar Pradesh,Banda,18,21,18-21 h,0.0,2.6135166709781106,0.0,0.0,NO ALERT,NO ALERT,20260706,00
Uttar Pradesh,Bara Banki,18,21,18-21 h,0.010416666977107525,3.0,0.031250000931322575,0.0,NO ALERT,NO ALERT,20260706,00
Uttar Pradesh,Bareilly,18,21,18-21 h,0.30000001192092896,2.898412958300566,0.8695239220419447,0.0,NO ALERT,NO ALERT,20260706,00
Uttar Pradesh,Basti,18,21,18-21 h,0.0,2.3821490387413156,0.0,0.0,NO ALERT,NO ALERT,20260706,00
Uttar Pradesh,Bijnor,18,21,18-21 h,0.05000000074505806,3.0,0.15000000223517418,0.0,NO ALERT,NO ALERT,20260706,00
Uttar Pradesh,Bulandshahr,18,21,18-21 h,0.5375000238418579,1.5919798836936727,0.8556892254411073,0.0,NO ALERT,NO ALERT,20260706,00
Uttar Pradesh,Chandauli,18,21,18-21 h,0.0,0.38773924304590257,0.0,0.0,NO ALERT,NO ALERT,20260706,00
Uttar Pradesh,Chitrakoot,18,21,18-21 h,0.10000000149011612,0.562270950669591,0.05622709590480811,0.0,NO ALERT,NO ALERT,20260706,00
Uttar Pradesh,Deoria,18,21,18-21 h,0.0,3.0,0.0,0.0,NO ALERT,NO ALERT,20260706,00
Uttar Pradesh,Etah,18,21,18-21 h,0.1328125,2.067726013381379,0.27461986115221443,0.0,NO ALERT,NO ALERT,20260706,00
Uttar Pradesh,Etawah,18,21,18-21 h,0.0,3.0,0.0,0.0,NO ALERT,NO ALERT,20260706,00
Uttar Pradesh,Faizabad,18,21,18-21 h,0.0,3.0,0.0,0.0,NO ALERT,NO ALERT,20260706,00
Uttar Pradesh,Farrukhabad,18,21,18-21 h,0.0,3.0,0.0,0.0,NO ALERT,NO ALERT,20260706,00
Uttar Pradesh,Fatehpur,18,21,18-21 h,0.0,1.2397823009215974,0.0,0.0,NO ALERT,NO ALERT,20260706,00
Uttar Pradesh,Firozabad,18,21,18-21 h,0.09375,1.3721040668065834,0.12863475626311718,0.0,NO ALERT,NO ALERT,20260706,00
Uttar Pradesh,Gautam Buddha Nagar,18,21,18-21 h,0.5625,0.5126294703835742,0.2883540770907605,0.0,NO ALERT,NO ALERT,20260706,00
Uttar Pradesh,Ghaziabad,18,21,18-21 h,0.5625,0.6195152102740974,0.3484773057791798,0.0,NO ALERT,NO ALERT,20260706,00
Uttar Pradesh,Ghazipur,18,21,18-21 h,0.0,0.9133276607025872,0.0,0.0,NO ALERT,NO ALERT,20260706,00
Uttar Pradesh,Gonda,18,21,18-21 h,0.0,3.0,0.0,0.0,NO ALERT,NO ALERT,20260706,00
Uttar Pradesh,Gorakhpur,18,21,18-21 h,0.0,3.0,0.0,0.0,NO ALERT,NO ALERT,20260706,00
Uttar Pradesh,Hamirpur,18,21,18-21 h,0.0,1.0,0.0,0.0,NO ALERT,NO ALERT,20260706,00
Uttar Pradesh,Hardoi,18,21,18-21 h,0.0069444444961845875,3.0,0.020833333488553762,0.0,NO ALERT,NO ALERT,20260706,00
Uttar Pradesh,Hathras,18,21,18-21 h,0.0,0.6899235208352951,0.0,0.0,NO ALERT,NO ALERT,20260706,00
Uttar Pradesh,Jalaun,18,21,18-21 h,0.0,1.0,0.0,0.0,NO ALERT,NO ALERT,20260706,00
Uttar Pradesh,Jaunpur,18,21,18-21 h,0.03125,1.4820370115645944,0.046313656611393576,0.0,NO ALERT,NO ALERT,20260706,00
Uttar Pradesh,Jhansi,18,21,18-21 h,0.0069444444961845875,1.0,0.0069444444961845875,0.0,NO ALERT,NO ALERT,20260706,00
Uttar Pradesh,Jyotiba Phule Nagar,18,21,18-21 h,0.765625,2.7207409304746526,2.0830672748946557,0.0,NO ALERT,NO ALERT,20260706,00
Uttar Pradesh,Kannauj,18,21,18-21 h,0.0,1.0,0.0,0.0,NO ALERT,NO ALERT,20260706,00
Uttar Pradesh,Kanpur,18,21,18-21 h,0.03125,3.0,0.09375,0.0,NO ALERT,NO ALERT,20260706,00
Uttar Pradesh,Kanpur Dehat,18,21,18-21 h,0.0,1.0,0.0,0.0,NO ALERT,NO ALERT,20260706,00
Uttar Pradesh,Kaushambi,18,21,18-21 h,0.03125,0.8478967173116988,0.026496772415990587,0.0,NO ALERT,NO ALERT,20260706,00
Uttar Pradesh,Kushinagar,18,21,18-21 h,0.0,3.0,0.0,0.0,NO ALERT,NO ALERT,20260706,00
Uttar Pradesh,Lakhimpur Kheri,18,21,18-21 h,0.005681818351149559,3.0,0.017045455053448677,0.0,NO ALERT,NO ALERT,20260706,00
Uttar Pradesh,Lalitpur,18,21,18-21 h,0.1953125,2.6401848571460835,0.5156611049113444,0.0,NO ALERT,NO ALERT,20260706,00
Uttar Pradesh,Lucknow,18,21,18-21 h,0.390625,2.284626632442603,0.8924322782978918,0.0,NO ALERT,NO ALERT,20260706,00
Uttar Pradesh,Maharajganj,18,21,18-21 h,0.0,1.0,0.0,0.0,NO ALERT,NO ALERT,20260706,00
Uttar Pradesh,Mahoba,18,21,18-21 h,0.0,1.0,0.0,0.0,NO ALERT,NO ALERT,20260706,00
Uttar Pradesh,Mainpuri,18,21,18-21 h,0.0625,2.6323788094303384,0.16452367558939615,0.0,NO ALERT,NO ALERT,20260706,00
Uttar Pradesh,Mathura,18,21,18-21 h,0.6499999761581421,0.7910712809124609,0.5141963137324905,0.0,NO ALERT,NO ALERT,20260706,00
Uttar Pradesh,Mau,18,21,18-21 h,0.0,1.9114426031786989,0.0,0.0,NO ALERT,NO ALERT,20260706,00
Uttar Pradesh,Meerut,18,21,18-21 h,0.8125,0.9643158928227719,0.7835066629185021,0.0,NO ALERT,NO ALERT,20260706,00
Uttar Pradesh,Mirzapur,18,21,18-21 h,1.0104166269302368,0.35710016022873065,0.36081993937456114,0.0,NO ALERT,NO ALERT,20260706,00
Uttar Pradesh,Moradabad,18,21,18-21 h,0.7291666865348816,1.91329315618519,1.3951096310654207,0.0,NO ALERT,NO ALERT,20260706,00
Uttar Pradesh,Muzaffarnagar,18,21,18-21 h,0.7749999761581421,1.0943905970571934,0.8481526866270198,0.0,NO ALERT,NO ALERT,20260706,00
Uttar Pradesh,Pilibhit,18,21,18-21 h,0.09375,3.0,0.28125,0.0,NO ALERT,NO ALERT,20260706,00
Uttar Pradesh,Pratapgarh,18,21,18-21 h,0.2083333283662796,1.7597048613363788,0.3666051707045303,0.0,NO ALERT,NO ALERT,20260706,00
Uttar Pradesh,Rae Bareli,18,21,18-21 h,0.1640625,1.1033504252204083,0.18101842913772323,0.0,NO ALERT,NO ALERT,20260706,00
Uttar Pradesh,Rampur,18,21,18-21 h,0.03125,3.0,0.09375,0.0,NO ALERT,NO ALERT,20260706,00
Uttar Pradesh,Saharanpur,18,21,18-21 h,0.08749999850988388,1.2072077539321737,0.10563067667018547,0.0,NO ALERT,NO ALERT,20260706,00
Uttar Pradesh,Sant Kabir Nagar,18,21,18-21 h,0.0,3.0,0.0,0.0,NO ALERT,NO ALERT,20260706,00
Uttar Pradesh,Sant Ravi Das Nagar,18,21,18-21 h,0.4375,0.7357740655714142,0.3219011536874937,0.0,NO ALERT,NO ALERT,20260706,00
Uttar Pradesh,Shahjahanpur,18,21,18-21 h,0.421875,3.0,1.265625,0.0,NO ALERT,NO ALERT,20260706,00
Uttar Pradesh,Shravasti,18,21,18-21 h,0.015625,3.0,0.046875,0.0,NO ALERT,NO ALERT,20260706,00
Uttar Pradesh,Siddharth Nagar,18,21,18-21 h,0.0,3.0,0.0,0.0,NO ALERT,NO ALERT,20260706,00
Uttar Pradesh,Sitapur,18,21,18-21 h,0.0,3.0,0.0,0.0,NO ALERT,NO ALERT,20260706,00
Uttar Pradesh,Sonbhadra,18,21,18-21 h,0.125,0.36184466178439245,0.045230582723049056,0.0,NO ALERT,NO ALERT,20260706,00
Uttar Pradesh,Sultanpur,18,21,18-21 h,0.03125,3.0,0.09375,0.0,NO ALERT,NO ALERT,20260706,00
Uttar Pradesh,Unnao,18,21,18-21 h,0.2083333283662796,2.072396332849315,0.43174922571657004,0.0,NO ALERT,NO ALERT,20260706,00
Uttar Pradesh,Varanasi,18,21,18-21 h,0.125,0.7173701896151363,0.08967127370189204,0.0,NO ALERT,NO ALERT,20260706,00
Uttaranchal,Almora,18,21,18-21 h,0.546875,0.9821425065093953,0.5371091832473256,0.0,NO ALERT,NO ALERT,20260706,00
Uttaranchal,Bageshwar,18,21,18-21 h,0.16249999403953552,1.1747002010493959,0.190888775668768,0.0,NO ALERT,NO ALERT,20260706,00
Uttaranchal,Chamoli,18,21,18-21 h,0.1354166716337204,0.9639619688833851,0.13053652140767597,0.0,NO ALERT,NO ALERT,20260706,00
Uttaranchal,Champawat,18,21,18-21 h,0.0,1.3345860907380185,0.0,0.0,NO ALERT,NO ALERT,20260706,00
Uttaranchal,Dehra Dun,18,21,18-21 h,0.15625,0.6132870486378237,0.09582610134965995,0.0,NO ALERT,NO ALERT,20260706,00
Uttaranchal,Haridwar,18,21,18-21 h,0.125,3.0,0.375,0.0,NO ALERT,NO ALERT,20260706,00
Uttaranchal,Naini Tal,18,21,18-21 h,0.2708333432674408,3.0,0.8125000298023224,0.0,NO ALERT,NO ALERT,20260706,00
Uttaranchal,Pauri Garhwal,18,21,18-21 h,0.7013888955116272,0.6525376956382899,0.4576826936234425,0.0,NO ALERT,NO ALERT,20260706,00
Uttaranchal,Pithoragarh,18,21,18-21 h,0.0,1.4492140668178521,0.0,0.0,NO ALERT,NO ALERT,20260706,00
Uttaranchal,Rudra Prayag,18,21,18-21 h,0.0,0.4569764664782921,0.0,0.0,NO ALERT,NO ALERT,20260706,00
Uttaranchal,Tehri Garhwal,18,21,18-21 h,0.125,0.43032490849803356,0.053790613562254196,0.0,NO ALERT,NO ALERT,20260706,00
Uttaranchal,Udham Singh Nagar,18,21,18-21 h,0.0416666679084301,3.0,0.1250000037252903,0.0,NO ALERT,NO ALERT,20260706,00
Uttaranchal,Uttarkashi,18,21,18-21 h,0.010416666977107525,0.5922627381468989,0.006169403706226083,0.0,NO ALERT,NO ALERT,20260706,00
West Bengal,Bankura,18,21,18-21 h,0.3181818127632141,0.8139789747747026,0.2589933057449574,0.0,NO ALERT,NO ALERT,20260706,00
West Bengal,Barddhaman,18,21,18-21 h,0.11931817978620529,0.574892656930282,0.06859514539737663,0.0,NO ALERT,NO ALERT,20260706,00
West Bengal,Birbhum,18,21,18-21 h,0.4453125,0.5294498373329074,0.23577063068731033,0.0,NO ALERT,NO ALERT,20260706,00
West Bengal,Dakshin Dinajpur,18,21,18-21 h,0.125,3.0,0.375,0.0,NO ALERT,NO ALERT,20260706,00
West Bengal,Darjiling,18,21,18-21 h,0.125,0.7026692764985678,0.08783365956232098,0.0,NO ALERT,NO ALERT,20260706,00
West Bengal,East Midnapore,18,21,18-21 h,0.0,0.8881573288438509,0.0,0.0,NO ALERT,NO ALERT,20260706,00
West Bengal,Haora,18,21,18-21 h,0.125,1.2481811405444279,0.15602264256805348,0.0,NO ALERT,NO ALERT,20260706,00
West Bengal,Hugli,18,21,18-21 h,0.0,0.8639513302480973,0.0,0.0,NO ALERT,NO ALERT,20260706,00
West Bengal,Jalpaiguri,18,21,18-21 h,0.0,0.4477323529410921,0.0,0.0,NO ALERT,NO ALERT,20260706,00
West Bengal,Kochbihar,18,21,18-21 h,0.0,0.4180542781060552,0.0,0.0,NO ALERT,NO ALERT,20260706,00
West Bengal,Kolkata,18,21,18-21 h,0.0,1.0,0.0,0.0,NO ALERT,NO ALERT,20260706,00
West Bengal,Maldah,18,21,18-21 h,0.0,1.8447625989600538,0.0,0.0,NO ALERT,NO ALERT,20260706,00
West Bengal,Murshidabad,18,21,18-21 h,0.02083333395421505,0.5481165988025845,0.011419096148702752,0.0,NO ALERT,NO ALERT,20260706,00
West Bengal,Nadia,18,21,18-21 h,0.3125,0.5519673667157511,0.1724898020986722,0.0,NO ALERT,NO ALERT,20260706,00
West Bengal,North 24 Parganas,18,21,18-21 h,0.0,0.5171853011924324,0.0,0.0,NO ALERT,NO ALERT,20260706,00
West Bengal,Puruliya,18,21,18-21 h,0.8263888955116272,0.5083553982476996,0.42009925608528986,0.0,NO ALERT,NO ALERT,20260706,00
West Bengal,South 24 Parganas,18,21,18-21 h,0.0,0.39550141013305273,0.0,0.0,NO ALERT,NO ALERT,20260706,00
West Bengal,Uttar Dinajpur,18,21,18-21 h,0.0,0.7118445881113709,0.0,0.0,NO ALERT,NO ALERT,20260706,00
West Bengal,West Midnapore,18,21,18-21 h,0.09375,1.4849613290035115,0.1392151245940792,0.0,NO ALERT,NO ALERT,20260706,00
Arunachal Pradesh,Papum Pare,21,24,21-24 h,0.875,0.9533183125255726,0.834153523459876,0.0,NO ALERT,NO ALERT,20260706,00
Arunachal Pradesh,Tawang,21,24,21-24 h,0.02500000037252903,1.1388765971638852,0.028471915353361726,0.0,NO ALERT,NO ALERT,20260706,00
Arunachal Pradesh,Tirap,21,24,21-24 h,1.078125,0.3651383081547162,0.3936647384793034,0.0,NO ALERT,NO ALERT,20260706,00
Arunachal Pradesh,Upper Dibang Valley,21,24,21-24 h,0.2670454680919647,1.028310112978305,0.27460555546399257,0.0,NO ALERT,NO ALERT,20260706,00
Arunachal Pradesh,Upper Siang,21,24,21-24 h,0.8125,1.2039424484099477,0.9782032393330825,0.0,NO ALERT,NO ALERT,20260706,00
Arunachal Pradesh,Upper Subansiri,21,24,21-24 h,0.6328125,0.5158400571515395,0.3264300361662086,0.0,NO ALERT,NO ALERT,20260706,00
Arunachal Pradesh,West Kameng,21,24,21-24 h,0.35227271914482117,0.6603703450016216,0.2326304570763249,0.0,NO ALERT,NO ALERT,20260706,00
Arunachal Pradesh,West Siang,21,24,21-24 h,0.5511363744735718,0.797134356200177,0.4393297390444903,0.0,NO ALERT,NO ALERT,20260706,00
Assam,Barpeta,21,24,21-24 h,1.9791666269302368,0.6024484372218926,1.1923458413958457,0.0,NO ALERT,NO ALERT,20260706,00
Assam,Bongaigaon,21,24,21-24 h,3.28125,0.46296589037388325,1.5191068277893045,0.0,NO ALERT,NO ALERT,20260706,00
Assam,Cachar,21,24,21-24 h,4.020833492279053,0.5608794743553766,2.255202975619968,0.0,NO ALERT,NO ALERT,20260706,00
Assam,Darrang,21,24,21-24 h,1.1749999523162842,0.3,0.3524999856948852,0.0,NO ALERT,NO ALERT,20260706,00
Assam,Dhemaji,21,24,21-24 h,3.203125,0.3,0.9609375,0.0,NO ALERT,NO ALERT,20260706,00
Assam,Dhuburi,21,24,21-24 h,4.375,0.32508121737137274,1.4222303259997557,0.0,NO ALERT,NO ALERT,20260706,00
Assam,Dibrugarh,21,24,21-24 h,1.65625,0.3174379415214978,0.5257565906449807,0.0,NO ALERT,NO ALERT,20260706,00
Assam,Goalpara,21,24,21-24 h,1.6875,0.35666832552213257,0.6018777993185987,0.0,NO ALERT,NO ALERT,20260706,00
Assam,Golaghat,21,24,21-24 h,0.21250000596046448,1.2381989938745952,0.2631172935785926,0.0,NO ALERT,NO ALERT,20260706,00
Assam,Hailakandi,21,24,21-24 h,1.875,0.8229121215241156,1.5429602278577168,0.0,NO ALERT,NO ALERT,20260706,00
Assam,Jorhat,21,24,21-24 h,0.1041666641831398,0.6894283364621259,0.07181545000259099,0.0,NO ALERT,NO ALERT,20260706,00
Assam,Kamrup,21,24,21-24 h,1.7708333730697632,0.3664044900075036,0.6488412989478939,0.0,NO ALERT,NO ALERT,20260706,00
Assam,Karbi Anglong,21,24,21-24 h,0.3194444477558136,0.4270362077260787,0.1364143455487941,0.0,NO ALERT,NO ALERT,20260706,00
Assam,Karimganj,21,24,21-24 h,1.2083333730697632,0.6822626455335654,0.8244007237970733,0.0,NO ALERT,NO ALERT,20260706,00
Assam,Kokrajhar,21,24,21-24 h,7.859375,0.37030806257959376,2.9103899293364948,0.0,NO ALERT,NO ALERT,20260706,00
Assam,Lakhimpur,21,24,21-24 h,0.4375,0.8540887789555129,0.37366384079303694,0.0,NO ALERT,NO ALERT,20260706,00
Assam,Marigaon,21,24,21-24 h,3.28125,0.3,0.984375,0.0,NO ALERT,NO ALERT,20260706,00
Assam,Nagaon,21,24,21-24 h,1.2395833730697632,0.38673451003625536,0.4793896684332236,0.0,NO ALERT,NO ALERT,20260706,00
Assam,Nalbari,21,24,21-24 h,1.8333333730697632,0.5554100332386462,1.0182517496741965,0.0,NO ALERT,NO ALERT,20260706,00
Assam,North Cachar Hills,21,24,21-24 h,0.5535714030265808,1.1126078231817818,0.6159078736970889,0.0,NO ALERT,NO ALERT,20260706,00
Assam,Sibsagar,21,24,21-24 h,0.2083333283662796,0.6339424569321858,0.13207134204537913,0.0,NO ALERT,NO ALERT,20260706,00
Assam,Sonitpur,21,24,21-24 h,0.612500011920929,0.3,0.1837500035762787,0.0,NO ALERT,NO ALERT,20260706,00
Assam,Tinsukia,21,24,21-24 h,5.925000190734863,0.3,1.777500057220459,0.0,NO ALERT,NO ALERT,20260706,00
Bihar,Araria,21,24,21-24 h,1.921875,0.5229429825116881,1.0050310445146506,0.0,NO ALERT,NO ALERT,20260706,00
Bihar,Aurangabad,21,24,21-24 h,0.0,0.35000296398043534,0.0,0.0,NO ALERT,NO ALERT,20260706,00
Bihar,Banka,21,24,21-24 h,0.078125,0.7184756982670082,0.05613091392711002,0.0,NO ALERT,NO ALERT,20260706,00
Bihar,Begusarai,21,24,21-24 h,0.03125,2.5062878804279856,0.07832149626337455,0.0,NO ALERT,NO ALERT,20260706,00
Bihar,Bhabua,21,24,21-24 h,0.7291666865348816,0.3407437709399486,0.24845900641368301,0.0,NO ALERT,NO ALERT,20260706,00
Bihar,Bhagalpur,21,24,21-24 h,0.02083333395421505,1.0689963787452375,0.022270758554246088,0.0,NO ALERT,NO ALERT,20260706,00
Bihar,Bhojpur,21,24,21-24 h,0.0,0.4776323743598687,0.0,0.0,NO ALERT,NO ALERT,20260706,00
Bihar,Buxar,21,24,21-24 h,0.0,0.8075695227139618,0.0,0.0,NO ALERT,NO ALERT,20260706,00
Bihar,Darbhanga,21,24,21-24 h,0.03125,3.0,0.09375,0.0,NO ALERT,NO ALERT,20260706,00
Bihar,Gaya,21,24,21-24 h,0.40625,0.363978205648116,0.14786614604454712,0.0,NO ALERT,NO ALERT,20260706,00
Bihar,Gopalganj,21,24,21-24 h,0.0,2.547002946333611,0.0,0.0,NO ALERT,NO ALERT,20260706,00
Bihar,Jamui,21,24,21-24 h,0.2708333432674408,0.6349210991185491,0.17195780398531482,0.0,NO ALERT,NO ALERT,20260706,00
Bihar,Jehanabad,21,24,21-24 h,0.3125,0.5056413165810456,0.15801291143157675,0.0,NO ALERT,NO ALERT,20260706,00
Bihar,Katihar,21,24,21-24 h,0.05000000074505806,1.607854247376458,0.08039271356676767,0.0,NO ALERT,NO ALERT,20260706,00
Bihar,Khagaria,21,24,21-24 h,0.0,1.903639559935811,0.0,0.0,NO ALERT,NO ALERT,20260706,00
Bihar,Kishanganj,21,24,21-24 h,3.4375,0.5333674240043547,1.833450520014969,0.0,NO ALERT,NO ALERT,20260706,00
Bihar,Lakhisarai,21,24,21-24 h,0.25,1.0458318462971934,0.26145796157429835,0.0,NO ALERT,NO ALERT,20260706,00
Bihar,Madhepura,21,24,21-24 h,0.5625,1.1618894539535725,0.6535628178488845,0.0,NO ALERT,NO ALERT,20260706,00
Bihar,Madhubani,21,24,21-24 h,0.5625,1.4408870594945968,0.8104989709657107,0.0,NO ALERT,NO ALERT,20260706,00
Bihar,Munger,21,24,21-24 h,0.03125,1.0672109647237193,0.03335034264761623,0.0,NO ALERT,NO ALERT,20260706,00
Bihar,Muzaffarpur,21,24,21-24 h,0.0,2.179447337729882,0.0,0.0,NO ALERT,NO ALERT,20260706,00
Bihar,Nalanda,21,24,21-24 h,0.21875,1.0296407182961889,0.2252339071272913,0.0,NO ALERT,NO ALERT,20260706,00
Bihar,Nawada,21,24,21-24 h,0.15625,0.4708261828175211,0.07356659106523766,0.0,NO ALERT,NO ALERT,20260706,00
Bihar,Pashchim Champaran,21,24,21-24 h,0.0,2.3983339096854386,0.0,0.0,NO ALERT,NO ALERT,20260706,00
Bihar,Patna,21,24,21-24 h,0.0,0.8338239891381003,0.0,0.0,NO ALERT,NO ALERT,20260706,00
Bihar,Purba Champaran,21,24,21-24 h,0.012500000186264515,3.0,0.037500000558793545,0.0,NO ALERT,NO ALERT,20260706,00
Bihar,Purnia,21,24,21-24 h,0.7916666865348816,0.5942910400177946,0.4704804184882562,0.0,NO ALERT,NO ALERT,20260706,00
Bihar,Rohtas,21,24,21-24 h,0.08749999850988388,0.33297800858631404,0.02913557525512658,0.0,NO ALERT,NO ALERT,20260706,00
Bihar,Saharsa,21,24,21-24 h,0.1041666641831398,2.0970945990316596,0.2184473488576071,0.0,NO ALERT,NO ALERT,20260706,00
Bihar,Samastipur,21,24,21-24 h,0.015625,2.7195437456214746,0.04249287102533554,0.0,NO ALERT,NO ALERT,20260706,00
Bihar,Saran,21,24,21-24 h,0.0,0.9861629519125841,0.0,0.0,NO ALERT,NO ALERT,20260706,00
Bihar,Sheikhpura,21,24,21-24 h,0.28125,0.7062180227612795,0.19862381890160988,0.0,NO ALERT,NO ALERT,20260706,00
Bihar,Sheohar,21,24,21-24 h,0.0,1.0,0.0,0.0,NO ALERT,NO ALERT,20260706,00
Madhya Pradesh,Tikamgarh,21,24,21-24 h,0.0446428582072258,3.0,0.1339285746216774,0.0,NO ALERT,NO ALERT,20260706,00
Madhya Pradesh,Ujjain,21,24,21-24 h,0.25,0.3,0.075,0.0,NO ALERT,NO ALERT,20260706,00
Madhya Pradesh,Umaria,21,24,21-24 h,2.09375,0.3,0.6281249999999999,0.0,NO ALERT,NO ALERT,20260706,00
Madhya Pradesh,Vidisha,21,24,21-24 h,1.9097222089767456,0.41390940472058413,0.7904519826992438,0.0,NO ALERT,NO ALERT,20260706,00
Madhya Pradesh,West Nimar,21,24,21-24 h,0.05000000074505806,0.44485233351497017,0.022242617007189325,0.0,NO ALERT,NO ALERT,20260706,00
Maharashtra,Ahmednagar,21,24,21-24 h,1.0654761791229248,0.3,0.31964285373687745,0.0,NO ALERT,NO ALERT,20260706,00
Maharashtra,Akola,21,24,21-24 h,0.109375,0.6882367881901188,0.07527589870829424,0.0,NO ALERT,NO ALERT,20260706,00
Maharashtra,Amravati,21,24,21-24 h,0.0625,0.9339314439149177,0.058370715244682354,0.0,NO ALERT,NO ALERT,20260706,00
Maharashtra,Aurangabad,21,24,21-24 h,2.674999952316284,0.5067375479619736,1.3555229166351501,0.0,NO ALERT,NO ALERT,20260706,00
Maharashtra,Bhandara,21,24,21-24 h,0.6145833134651184,0.44561608275608444,0.2738682086735808,0.0,NO ALERT,NO ALERT,20260706,00
Maharashtra,Bid,21,24,21-24 h,0.24583333730697632,0.6836711063440929,0.16806914969292105,0.0,NO ALERT,NO ALERT,20260706,00
Maharashtra,Buldana,21,24,21-24 h,0.13942307233810425,1.3375042100354553,0.18647894622829225,0.0,NO ALERT,NO ALERT,20260706,00
Maharashtra,Chandrapur,21,24,21-24 h,0.0,1.3798679824200135,0.0,0.0,NO ALERT,NO ALERT,20260706,00
Maharashtra,Dhule,21,24,21-24 h,0.2777777910232544,0.3092955395113148,0.08591543173879872,0.0,NO ALERT,NO ALERT,20260706,00
Maharashtra,Garhchiroli,21,24,21-24 h,0.15000000596046448,0.7873463730204786,0.11810196064602188,0.0,NO ALERT,NO ALERT,20260706,00
Maharashtra,Gondiya,21,24,21-24 h,0.203125,0.604748128777892,0.12283946365800931,0.0,NO ALERT,NO ALERT,20260706,00
Maharashtra,Greater Bombay,21,24,21-24 h,5.25,0.3,1.575,0.0,NO ALERT,NO ALERT,20260706,00
Maharashtra,Hingoli,21,24,21-24 h,0.0416666679084301,2.239290183539015,0.09330376042812763,0.0,NO ALERT,NO ALERT,20260706,00
Maharashtra,Jalgaon,21,24,21-24 h,0.925000011920929,0.5762232307671074,0.5330064953286905,0.0,NO ALERT,NO ALERT,20260706,00
Maharashtra,Jalna,21,24,21-24 h,0.23749999701976776,3.0,0.7124999910593033,0.0,NO ALERT,NO ALERT,20260706,00
Maharashtra,Kolhapur,21,24,21-24 h,1.5833333730697632,0.41287151840747965,0.6537132538845496,0.0,NO ALERT,NO ALERT,20260706,00
Maharashtra,Latur,21,24,21-24 h,0.02083333395421505,1.50430828029553,0.031339756773487715,0.0,NO ALERT,NO ALERT,20260706,00
Maharashtra,Nagpur,21,24,21-24 h,0.44583332538604736,0.5156920875720314,0.22991271827751153,0.0,NO ALERT,NO ALERT,20260706,00
Maharashtra,Nanded,21,24,21-24 h,0.0,1.9327884430663378,0.0,0.0,NO ALERT,NO ALERT,20260706,00
Maharashtra,Nandurbar,21,24,21-24 h,0.0714285746216774,0.3,0.021428572386503218,0.0,NO ALERT,NO ALERT,20260706,00
Maharashtra,Nashik,21,24,21-24 h,20.557065963745117,0.3,6.167119789123535,0.0,NO ALERT,NO ALERT,20260706,00
Maharashtra,Osmanabad,21,24,21-24 h,0.09659090638160706,0.3793131751187402,0.03663820338720435,0.0,NO ALERT,NO ALERT,20260706,00
Maharashtra,Parbhani,21,24,21-24 h,0.08124999701976776,3.0,0.24374999105930328,0.0,NO ALERT,NO ALERT,20260706,00
Madhya Pradesh,Balaghat,21,24,21-24 h,2.365384578704834,0.3,0.7096153736114502,0.0,NO ALERT,NO ALERT,20260706,00
Madhya Pradesh,Barwani,21,24,21-24 h,0.0546875,0.336734408265465,0.01841516295201762,0.0,NO ALERT,NO ALERT,20260706,00
Madhya Pradesh,Betul,21,24,21-24 h,0.578125,0.3,0.1734375,0.0,NO ALERT,NO ALERT,20260706,00
Madhya Pradesh,Bhind,21,24,21-24 h,0.0,3.0,0.0,0.0,NO ALERT,NO ALERT,20260706,00
Madhya Pradesh,Bhopal,21,24,21-24 h,3.799999952316284,0.364615889459979,1.3855403625616798,0.0,NO ALERT,NO ALERT,20260706,00
Madhya Pradesh,Burhanpur,21,24,21-24 h,0.03125,1.2142310318773522,0.037944719746167255,0.0,NO ALERT,NO ALERT,20260706,00
Madhya Pradesh,Chhatarpur,21,24,21-24 h,0.45673078298568726,2.317805072305432,1.0586129254822576,0.0,NO ALERT,NO ALERT,20260706,00
Madhya Pradesh,Chhindwara,21,24,21-24 h,5.25,0.3,1.575,0.0,NO ALERT,NO ALERT,20260706,00
Madhya Pradesh,Damoh,21,24,21-24 h,1.368749976158142,0.36117172586835916,0.4943537911713116,0.0,NO ALERT,NO ALERT,20260706,00
Rajasthan,Karauli,21,24,21-24 h,0.0,2.7439746691600675,0.0,0.0,NO ALERT,NO ALERT,20260706,00
Rajasthan,Kota,21,24,21-24 h,0.0,2.9527826759430753,0.0,0.0,NO ALERT,NO ALERT,20260706,00
Rajasthan,Nagaur,21,24,21-24 h,0.06971153616905212,1.1882893373752281,0.0828374751217322,0.0,NO ALERT,NO ALERT,20260706,00
Rajasthan,Pali,21,24,21-24 h,1.1875,0.3,0.35625,0.0,NO ALERT,NO ALERT,20260706,00
Rajasthan,Rajsamand,21,24,21-24 h,1.5178571939468384,0.3,0.4553571581840515,0.0,NO ALERT,NO ALERT,20260706,00
Rajasthan,Sawai Madhopur,21,24,21-24 h,0.0,3.0,0.0,0.0,NO ALERT,NO ALERT,20260706,00
Rajasthan,Sikar,21,24,21-24 h,0.3020833432674408,1.51752888887864,0.4584202002573842,0.0,NO ALERT,NO ALERT,20260706,00
Rajasthan,Sirohi,21,24,21-24 h,0.0546875,0.3,0.01640625,0.0,NO ALERT,NO ALERT,20260706,00
Tamil Nadu,Madurai,21,24,21-24 h,0.0,1.0,0.0,0.0,NO ALERT,NO ALERT,20260706,00
Tamil Nadu,Nagapattinam,21,24,21-24 h,0.0,3.0,0.0,0.0,NO ALERT,NO ALERT,20260706,00
Tamil Nadu,Namakkal,21,24,21-24 h,0.0,1.0,0.0,0.0,NO ALERT,NO ALERT,20260706,00
Tamil Nadu,Nilgiris,21,24,21-24 h,0.515625,1.7038905536806261,0.8785685667415728,0.0,NO ALERT,NO ALERT,20260706,00
Tamil Nadu,Perambalur,21,24,21-24 h,0.0,1.0,0.0,0.0,NO ALERT,NO ALERT,20260706,00
Tamil Nadu,Pudukkottai,21,24,21-24 h,0.0,1.0,0.0,0.0,NO ALERT,NO ALERT,20260706,00
Tamil Nadu,Ramanathapuram,21,24,21-24 h,0.0,1.0,0.0,0.0,NO ALERT,NO ALERT,20260706,00
Tamil Nadu,Salem,21,24,21-24 h,0.0,1.0,0.0,0.0,NO ALERT,NO ALERT,20260706,00
Andaman and Nicobar,Andaman Islands,21,24,21-24 h,0.02777777798473835,1.0,0.02777777798473835,0.0,NO ALERT,NO ALERT,20260706,00
Andaman and Nicobar,Nicobar Islands,21,24,21-24 h,0.0,1.0,0.0,0.0,NO ALERT,NO ALERT,20260706,00
Andhra Pradesh,Adilabad,21,24,21-24 h,0.016304347664117813,3.0,0.04891304299235344,0.0,NO ALERT,NO ALERT,20260706,00
Andhra Pradesh,Anantapur,21,24,21-24 h,0.0,1.0,0.0,0.0,NO ALERT,NO ALERT,20260706,00
Andhra Pradesh,Chittoor,21,24,21-24 h,0.0,1.0,0.0,0.0,NO ALERT,NO ALERT,20260706,00
Andhra Pradesh,Cuddapah,21,24,21-24 h,0.0,1.0,0.0,0.0,NO ALERT,NO ALERT,20260706,00
Andhra Pradesh,East Godavari,21,24,21-24 h,0.011029412038624287,3.0,0.03308823611587286,0.0,NO ALERT,NO ALERT,20260706,00
Andhra Pradesh,Guntur,21,24,21-24 h,0.0,3.0,0.0,0.0,NO ALERT,NO ALERT,20260706,00
Andhra Pradesh,Hyderabad,21,24,21-24 h,0.0,1.0,0.0,0.0,NO ALERT,NO ALERT,20260706,00
Andhra Pradesh,Karimnagar,21,24,21-24 h,0.02777777798473835,2.1393520898236744,0.05942644738230805,0.0,NO ALERT,NO ALERT,20260706,00
Andhra Pradesh,Khammam,21,24,21-24 h,0.003289473708719015,3.0,0.009868421126157045,0.0,NO ALERT,NO ALERT,20260706,00
Andhra Pradesh,Krishna,21,24,21-24 h,0.0,3.0,0.0,0.0,NO ALERT,NO ALERT,20260706,00
Andhra Pradesh,Kurnool,21,24,21-24 h,0.013586956076323986,3.0,0.04076086822897196,0.0,NO ALERT,NO ALERT,20260706,00
Andhra Pradesh,Mahbubnagar,21,24,21-24 h,0.023148147389292717,3.0,0.06944444216787815,0.0,NO ALERT,NO ALERT,20260706,00
Andhra Pradesh,Medak,21,24,21-24 h,0.004807692486792803,1.1350579038438837,0.005457009356385027,0.0,NO ALERT,NO ALERT,20260706,00
Andhra Pradesh,Nalgonda,21,24,21-24 h,0.0,3.0,0.0,0.0,NO ALERT,NO ALERT,20260706,00
Andhra Pradesh,Nellore,21,24,21-24 h,0.0,1.0,0.0,0.0,NO ALERT,NO ALERT,20260706,00
Andhra Pradesh,Nizamabad,21,24,21-24 h,0.0,3.0,0.0,0.0,NO ALERT,NO ALERT,20260706,00
Andhra Pradesh,Prakasam,21,24,21-24 h,0.0,1.0,0.0,0.0,NO ALERT,NO ALERT,20260706,00
Andhra Pradesh,Rangareddi,21,24,21-24 h,0.0347222238779068,2.274697750563405,0.07898256454963354,0.0,NO ALERT,NO ALERT,20260706,00
Andhra Pradesh,Srikakulam,21,24,21-24 h,0.03750000149011612,3.0,0.11250000447034836,0.0,NO ALERT,NO ALERT,20260706,00
Andhra Pradesh,Vishakhapatnam,21,24,21-24 h,0.07916666567325592,3.0,0.23749999701976776,0.0,NO ALERT,NO ALERT,20260706,00
Andhra Pradesh,Vizianagaram,21,24,21-24 h,0.0069444444961845875,3.0,0.020833333488553762,0.0,NO ALERT,NO ALERT,20260706,00
Andhra Pradesh,Warangal,21,24,21-24 h,0.0,3.0,0.0,0.0,NO ALERT,NO ALERT,20260706,00
Andhra Pradesh,West Godavari,21,24,21-24 h,0.0,3.0,0.0,0.0,NO ALERT,NO ALERT,20260706,00
Arunachal Pradesh,Changlang,21,24,21-24 h,37.1640625,0.3,11.14921875,0.0,MODERATE,NO ALERT,20260706,00
Arunachal Pradesh,East Kameng,21,24,21-24 h,1.125,0.4269880196000505,0.48036152205005683,0.0,NO ALERT,NO ALERT,20260706,00
Arunachal Pradesh,East Siang,21,24,21-24 h,2.3125,0.45628493034155115,1.055158901414837,0.0,NO ALERT,NO ALERT,20260706,00
Arunachal Pradesh,Kurung Kumey,21,24,21-24 h,0.11874999850988388,0.7126390600047544,0.08462588731364963,0.0,NO ALERT,NO ALERT,20260706,00
Arunachal Pradesh,Lohit,21,24,21-24 h,13.016666412353516,0.3,3.9049999237060544,0.0,NO ALERT,NO ALERT,20260706,00
Arunachal Pradesh,Lower Dibang Valley,21,24,21-24 h,7.15625,0.3,2.146875,0.0,NO ALERT,NO ALERT,20260706,00
Arunachal Pradesh,Lower Subansiri,21,24,21-24 h,0.20000000298023224,0.6416184837284099,0.12832369865785406,0.0,NO ALERT,NO ALERT,20260706,00
Bihar,Sitamarhi,21,24,21-24 h,0.1041666641831398,3.0,0.3124999925494194,0.0,NO ALERT,NO ALERT,20260706,00
Bihar,Siwan,21,24,21-24 h,0.0,1.4389760456555118,0.0,0.0,NO ALERT,NO ALERT,20260706,00
Bihar,Supaul,21,24,21-24 h,1.3333333730697632,0.890582586739991,1.1874434843752273,0.0,NO ALERT,NO ALERT,20260706,00
Bihar,Vaishali,21,24,21-24 h,0.0,1.2193520432551004,0.0,0.0,NO ALERT,NO ALERT,20260706,00
Chandigarh,Chandigarh,21,24,21-24 h,0.6875,1.1884359977669912,0.8170497484648064,0.0,NO ALERT,NO ALERT,20260706,00
Chhattisgarh,Bastar,21,24,21-24 h,0.08238636702299118,0.5807237067170128,0.0478437164405397,0.0,NO ALERT,NO ALERT,20260706,00
Chhattisgarh,Bilaspur,21,24,21-24 h,18.94270896911621,0.3,5.682812690734863,0.0,NO ALERT,NO ALERT,20260706,00
Chhattisgarh,Dantewada,21,24,21-24 h,0.15489129722118378,1.7403026932816885,0.26955774171992064,0.0,NO ALERT,NO ALERT,20260706,00
Chhattisgarh,Dhamtari,21,24,21-24 h,0.125,0.3,0.0375,0.0,NO ALERT,NO ALERT,20260706,00
Chhattisgarh,Durg,21,24,21-24 h,0.765625,0.3,0.2296875,0.0,NO ALERT,NO ALERT,20260706,00
Chhattisgarh,Janjgir-Champa,21,24,21-24 h,2.8125,0.3,0.84375,0.0,NO ALERT,NO ALERT,20260706,00
Chhattisgarh,Jashpur,21,24,21-24 h,2.674999952316284,0.3,0.8024999856948852,0.0,NO ALERT,NO ALERT,20260706,00
Chhattisgarh,Kanker,21,24,21-24 h,0.0347222238779068,0.31181627116571115,0.010826954376189918,0.0,NO ALERT,NO ALERT,20260706,00
Chhattisgarh,Kawardha,21,24,21-24 h,1.1770833730697632,0.3,0.35312501192092893,0.0,NO ALERT,NO ALERT,20260706,00
Chhattisgarh,Korba,21,24,21-24 h,5.50694465637207,0.3,1.652083396911621,0.0,NO ALERT,NO ALERT,20260706,00
Chhattisgarh,Koriya,21,24,21-24 h,20.596590042114258,0.3,6.178977012634277,0.0,NO ALERT,NO ALERT,20260706,00
Chhattisgarh,Mahasamund,21,24,21-24 h,1.1160714626312256,0.3,0.33482143878936765,0.0,NO ALERT,NO ALERT,20260706,00
Chhattisgarh,Raigarh,21,24,21-24 h,2.4261362552642822,0.3,0.7278408765792846,0.0,NO ALERT,NO ALERT,20260706,00
Chhattisgarh,Raipur,21,24,21-24 h,1.6171875,0.3,0.48515624999999996,0.0,NO ALERT,NO ALERT,20260706,00
Chhattisgarh,Raj Nandgaon,21,24,21-24 h,0.1931818127632141,0.47455991292457994,0.09167634424352339,0.0,NO ALERT,NO ALERT,20260706,00
Chhattisgarh,Surguja,21,24,21-24 h,3.7161457538604736,0.3,1.114843726158142,0.0,NO ALERT,NO ALERT,20260706,00
Dadra and Nagar Haveli,Dadra and Nagar Haveli,21,24,21-24 h,44.1875,0.3,13.25625,0.0,MODERATE,NO ALERT,20260706,00
Daman and Diu,Daman,21,24,21-24 h,0.0,1.0,0.0,0.0,NO ALERT,NO ALERT,20260706,00
Daman and Diu,Junagadh,21,24,21-24 h,8.6875,0.3,2.6062499999999997,0.0,NO ALERT,NO ALERT,20260706,00
Delhi,Delhi,21,24,21-24 h,1.3958333730697632,0.7680284695981865,1.0720397693328447,0.0,NO ALERT,NO ALERT,20260706,00
Goa,North Goa,21,24,21-24 h,8.875,0.3,2.6625,0.0,NO ALERT,NO ALERT,20260706,00
Goa,South Goa,21,24,21-24 h,8.520833015441895,0.3652758638408204,3.1124546403589206,0.0,NO ALERT,NO ALERT,20260706,00
Gujarat,Ahmadabad,21,24,21-24 h,0.03750000149011612,0.3,0.011250000447034836,0.0,NO ALERT,NO ALERT,20260706,00
Gujarat,Amreli,21,24,21-24 h,2.375,0.3,0.7125,0.0,NO ALERT,NO ALERT,20260706,00
Gujarat,Anand,21,24,21-24 h,0.012500000186264515,0.3,0.0037500000558793544,0.0,NO ALERT,NO ALERT,20260706,00
Gujarat,Banas Kantha,21,24,21-24 h,0.013392857275903225,0.3,0.004017857182770967,0.0,NO ALERT,NO ALERT,20260706,00
Gujarat,Bharuch,21,24,21-24 h,0.0,0.3,0.0,0.0,NO ALERT,NO ALERT,20260706,00
Gujarat,Bhavnagar,21,24,21-24 h,0.11363636702299118,0.3,0.034090910106897354,0.0,NO ALERT,NO ALERT,20260706,00
Gujarat,Dahod,21,24,21-24 h,0.09375,0.3,0.028124999999999997,0.0,NO ALERT,NO ALERT,20260706,00
Gujarat,Gandhinagar,21,24,21-24 h,0.0,0.3,0.0,0.0,NO ALERT,NO ALERT,20260706,00
Gujarat,Jamnagar,21,24,21-24 h,0.89453125,1.0297514316198848,0.921144835316225,0.0,NO ALERT,NO ALERT,20260706,00
Gujarat,Junagadh,21,24,21-24 h,4.301136493682861,0.3,1.2903409481048584,0.0,NO ALERT,NO ALERT,20260706,00
Gujarat,Kachchh,21,24,21-24 h,0.0989583358168602,1.0429478032131136,0.10320837894981992,0.0,NO ALERT,NO ALERT,20260706,00
Gujarat,Kheda,21,24,21-24 h,0.02083333395421505,0.3,0.006250000186264515,0.0,NO ALERT,NO ALERT,20260706,00
Gujarat,Mahesana,21,24,21-24 h,0.008928571827709675,0.3,0.0026785715483129023,0.0,NO ALERT,NO ALERT,20260706,00
Gujarat,Narmada,21,24,21-24 h,0.015625,0.33628631261391084,0.005254473634592357,0.0,NO ALERT,NO ALERT,20260706,00
Gujarat,Navsari,21,24,21-24 h,2.1875,0.3,0.65625,0.0,NO ALERT,NO ALERT,20260706,00
Gujarat,Panch Mahals,21,24,21-24 h,0.05000000074505806,0.38515868720859836,0.019257934647395503,0.0,NO ALERT,NO ALERT,20260706,00
Gujarat,Patan,21,24,21-24 h,0.02083333395421505,0.3,0.006250000186264515,0.0,NO ALERT,NO ALERT,20260706,00
Gujarat,Porbandar,21,24,21-24 h,0.46875,3.0,1.40625,0.0,NO ALERT,NO ALERT,20260706,00
Gujarat,Rajkot,21,24,21-24 h,5.849999904632568,0.3,1.7549999713897704,0.0,NO ALERT,NO ALERT,20260706,00
Gujarat,Sabar Kantha,21,24,21-24 h,0.0,0.3,0.0,0.0,NO ALERT,NO ALERT,20260706,00
Gujarat,Surat,21,24,21-24 h,0.08749999850988388,0.32712919453700195,0.028623804034527186,0.0,NO ALERT,NO ALERT,20260706,00
Gujarat,Surendranagar,21,24,21-24 h,0.8583333492279053,0.3,0.2575000047683716,0.0,NO ALERT,NO ALERT,20260706,00
Gujarat,The Dangs,21,24,21-24 h,0.9791666865348816,0.6236297049513208,0.6106374318219105,0.0,NO ALERT,NO ALERT,20260706,00
Gujarat,Vadodara,21,24,21-24 h,0.02083333395421505,0.3522998571050929,0.007339580575092641,0.0,NO ALERT,NO ALERT,20260706,00
Gujarat,Valsad,21,24,21-24 h,29.59375,0.3,8.878124999999999,0.0,NO ALERT,NO ALERT,20260706,00
Haryana,Ambala,21,24,21-24 h,2.6666667461395264,0.6762277229722136,1.8032739816676537,0.0,NO ALERT,NO ALERT,20260706,00
Haryana,Bhiwani,21,24,21-24 h,0.1428571492433548,1.7078232852568205,0.2439747659432101,0.0,NO ALERT,NO ALERT,20260706,00
Haryana,Faridabad,21,24,21-24 h,1.203125,0.8712532145408735,1.0482265237444883,0.0,NO ALERT,NO ALERT,20260706,00
Haryana,Fatehabad,21,24,21-24 h,0.6041666865348816,1.0808056670009505,0.6529867786200869,0.0,NO ALERT,NO ALERT,20260706,00
Haryana,Gurgaon,21,24,21-24 h,1.0,1.3004888747066055,1.3004888747066055,0.0,NO ALERT,NO ALERT,20260706,00
Haryana,Hisar,21,24,21-24 h,0.15000000596046448,0.9496809693817465,0.14245215106780165,0.0,NO ALERT,NO ALERT,20260706,00
Haryana,Jhajjar,21,24,21-24 h,0.375,1.6618096732806247,0.6231786274802342,0.0,NO ALERT,NO ALERT,20260706,00
Haryana,Jind,21,24,21-24 h,0.140625,0.7717056323525144,0.10852110454957234,0.0,NO ALERT,NO ALERT,20260706,00
Haryana,Kaithal,21,24,21-24 h,0.4166666567325592,0.6331763172108541,0.26382345921448097,0.0,NO ALERT,NO ALERT,20260706,00
Haryana,Karnal,21,24,21-24 h,2.1875,0.5159404245146241,1.12861967862574,0.0,NO ALERT,NO ALERT,20260706,00
Haryana,Kurukshetra,21,24,21-24 h,3.6875,0.6033338297736488,2.22479349729033,0.0,NO ALERT,NO ALERT,20260706,00
Haryana,Mahendragarh,21,24,21-24 h,0.46875,1.1386681831985863,0.5337507108743373,0.0,NO ALERT,NO ALERT,20260706,00
Haryana,Panchkula,21,24,21-24 h,2.6875,0.6671410727647323,1.7929416330552181,0.0,NO ALERT,NO ALERT,20260706,00
Haryana,Panipat,21,24,21-24 h,0.8125,1.0415843239201417,0.846287263185115,0.0,NO ALERT,NO ALERT,20260706,00
Haryana,Rewari,21,24,21-24 h,0.78125,1.1674745883169169,0.9120895221225913,0.0,NO ALERT,NO ALERT,20260706,00
Haryana,Rohtak,21,24,21-24 h,0.4375,1.2603472433768046,0.551401918977352,0.0,NO ALERT,NO ALERT,20260706,00
Haryana,Sirsa,21,24,21-24 h,0.625,1.4831194250452018,0.9269496406532511,0.0,NO ALERT,NO ALERT,20260706,00
Haryana,Sonepat,21,24,21-24 h,0.6041666865348816,0.7724164037051864,0.46666825925175187,0.0,NO ALERT,NO ALERT,20260706,00
Haryana,Yamuna Nagar,21,24,21-24 h,4.5625,0.6918813868041921,3.1567088272941266,0.0,NO ALERT,NO ALERT,20260706,00
Himachal Pradesh,Bilaspur,21,24,21-24 h,3.625,0.43793651979773524,1.5875198842667901,0.0,NO ALERT,NO ALERT,20260706,00
Himachal Pradesh,Chamba,21,24,21-24 h,1.2443181276321411,0.47998853587409984,0.5972584362437527,0.0,NO ALERT,NO ALERT,20260706,00
Himachal Pradesh,Hamirpur,21,24,21-24 h,4.75,0.3222888511402842,1.53087204291635,0.0,NO ALERT,NO ALERT,20260706,00
Himachal Pradesh,Kangra,21,24,21-24 h,4.0234375,0.491764254011286,1.9785827407485335,0.0,NO ALERT,NO ALERT,20260706,00
Himachal Pradesh,Kinnaur,21,24,21-24 h,0.6875,0.5900100248843969,0.40563189210802286,0.0,NO ALERT,NO ALERT,20260706,00
Himachal Pradesh,Kullu,21,24,21-24 h,1.8515625,0.48471900161399284,0.8974875264259086,0.0,NO ALERT,NO ALERT,20260706,00
Himachal Pradesh,Lahul and Spiti,21,24,21-24 h,0.3888888955116272,1.1034755877631228,0.4291294025492445,0.0,NO ALERT,NO ALERT,20260706,00
Himachal Pradesh,Mandi,21,24,21-24 h,4.362500190734863,0.41181400265740536,1.7965386651402184,0.0,NO ALERT,NO ALERT,20260706,00
Himachal Pradesh,Shimla,21,24,21-24 h,2.256944417953491,0.38421361333609627,0.8671487699206435,0.0,NO ALERT,NO ALERT,20260706,00
Himachal Pradesh,Sirmaur,21,24,21-24 h,3.6500000953674316,0.5853734282891708,2.136613069081034,0.0,NO ALERT,NO ALERT,20260706,00
Himachal Pradesh,Solan,21,24,21-24 h,2.1875,0.501145504684414,1.0962557914971556,0.0,NO ALERT,NO ALERT,20260706,00
Himachal Pradesh,Una,21,24,21-24 h,0.75,0.5308169916656943,0.39811274374927075,0.0,NO ALERT,NO ALERT,20260706,00
Jammu and Kashmir,Anantnag (Kashmir South),21,24,21-24 h,0.2678571343421936,1.3868985192801786,0.3714906629978202,0.0,NO ALERT,NO ALERT,20260706,00
Jammu and Kashmir,Bagdam,21,24,21-24 h,0.0,1.7381670057123004,0.0,0.0,NO ALERT,NO ALERT,20260706,00
Jammu and Kashmir,Baramula (Kashmir North),21,24,21-24 h,0.0714285746216774,2.3802491119877285,0.17001780131379682,0.0,NO ALERT,NO ALERT,20260706,00
Jammu and Kashmir,Doda,21,24,21-24 h,0.34558823704719543,0.9310309851117253,0.3217533567810748,0.0,NO ALERT,NO ALERT,20260706,00
Jammu and Kashmir,Jammu,21,24,21-24 h,1.875,2.1214535699251704,3.9777254436096947,0.0,NO ALERT,NO ALERT,20260706,00
Jammu and Kashmir,Kargil,21,24,21-24 h,0.029891304671764374,3.0,0.08967391401529312,0.0,NO ALERT,NO ALERT,20260706,00
Jammu and Kashmir,Kathua,21,24,21-24 h,3.96875,0.7421973154339496,2.9455955956284874,0.0,NO ALERT,NO ALERT,20260706,00
Jammu and Kashmir,Kupwara (Muzaffarabad),21,24,21-24 h,0.02500000037252903,2.805712758686526,0.0701428200123726,0.0,NO ALERT,NO ALERT,20260706,00
Jammu and Kashmir,Ladakh (Leh),21,24,21-24 h,0.3841666579246521,0.6253946944730077,0.24025578965950425,0.0,NO ALERT,NO ALERT,20260706,00
Jammu and Kashmir,Pulwama,21,24,21-24 h,0.0,3.0,0.0,0.0,NO ALERT,NO ALERT,20260706,00
Jammu and Kashmir,Punch,21,24,21-24 h,1.037500023841858,0.9080148049822427,0.9420653818178368,0.0,NO ALERT,NO ALERT,20260706,00
Jammu and Kashmir,Rajauri,21,24,21-24 h,1.8125,1.6908137329342856,3.0645998909433927,0.0,NO ALERT,NO ALERT,20260706,00
Jammu and Kashmir,Srinagar,21,24,21-24 h,0.15625,1.1768416745126433,0.18388151164260053,0.0,NO ALERT,NO ALERT,20260706,00
Jammu and Kashmir,Udhampur,21,24,21-24 h,3.21875,0.9046338825169598,2.9117903093514643,0.0,NO ALERT,NO ALERT,20260706,00
Jharkhand,Bokaro,21,24,21-24 h,1.6875,0.43038052424230994,0.726267134658898,0.0,NO ALERT,NO ALERT,20260706,00
Jharkhand,Chatra,21,24,21-24 h,0.1770833283662796,0.47580298707457397,0.08425677659778347,0.0,NO ALERT,NO ALERT,20260706,00
Jharkhand,Deoghar,21,24,21-24 h,0.375,0.43042539217912484,0.16140952206717182,0.0,NO ALERT,NO ALERT,20260706,00
Jharkhand,Dhanbad,21,24,21-24 h,4.796875,0.3,1.4390625,0.0,NO ALERT,NO ALERT,20260706,00
Jharkhand,Dumka,21,24,21-24 h,0.16249999403953552,0.5747174401032172,0.09339158059118992,0.0,NO ALERT,NO ALERT,20260706,00
Jharkhand,Garhwa,21,24,21-24 h,2.8645832538604736,0.3,0.8593749761581421,0.0,NO ALERT,NO ALERT,20260706,00
Jharkhand,Giridih,21,24,21-24 h,1.53125,0.3,0.459375,0.0,NO ALERT,NO ALERT,20260706,00
Jharkhand,Godda,21,24,21-24 h,0.0625,1.241563229918693,0.07759770186991831,0.0,NO ALERT,NO ALERT,20260706,00
Jharkhand,Gumla,21,24,21-24 h,1.25,0.3,0.375,0.0,NO ALERT,NO ALERT,20260706,00
Jharkhand,Hazaribag,21,24,21-24 h,0.140625,0.42314411896564175,0.05950464172954337,0.0,NO ALERT,NO ALERT,20260706,00
Jharkhand,Jamtara,21,24,21-24 h,1.1875,0.46008470755189523,0.5463505902178756,0.0,NO ALERT,NO ALERT,20260706,00
Jharkhand,Koderma,21,24,21-24 h,0.1041666641831398,0.3039175085951896,0.03165807305721162,0.0,NO ALERT,NO ALERT,20260706,00
Jharkhand,Latehar,21,24,21-24 h,0.21875,0.3665391067324198,0.08018042959771683,0.0,NO ALERT,NO ALERT,20260706,00
Jharkhand,Lohardaga,21,24,21-24 h,0.03125,0.39624014819091274,0.012382504630966023,0.0,NO ALERT,NO ALERT,20260706,00
Jharkhand,Pakur,21,24,21-24 h,0.03125,0.6035076534919583,0.018859614171623698,0.0,NO ALERT,NO ALERT,20260706,00
Jharkhand,Palamu,21,24,21-24 h,1.0267857313156128,0.3737988343625059,0.3838113095058292,0.0,NO ALERT,NO ALERT,20260706,00
Jharkhand,Pashchim Singhbhum,21,24,21-24 h,0.8984375,0.45311129700376257,0.4070921809018179,0.0,NO ALERT,NO ALERT,20260706,00
Jharkhand,Purba Singhbhum,21,24,21-24 h,0.0,0.9904194813681165,0.0,0.0,NO ALERT,NO ALERT,20260706,00
Jharkhand,Ranchi,21,24,21-24 h,1.3522727489471436,0.43312750651481624,0.5857065238794124,0.0,NO ALERT,NO ALERT,20260706,00
Jharkhand,Sahibganj,21,24,21-24 h,0.0,0.9271637311929378,0.0,0.0,NO ALERT,NO ALERT,20260706,00
Jharkhand,Saraikela Kharsawan,21,24,21-24 h,0.2708333432674408,0.7038710866727816,0.19063175963287604,0.0,NO ALERT,NO ALERT,20260706,00
Jharkhand,Simdega,21,24,21-24 h,2.8984375,0.3,0.86953125,0.0,NO ALERT,NO ALERT,20260706,00
Karnataka,Bagalkot,21,24,21-24 h,0.09375,1.1632799061220045,0.10905749119893793,0.0,NO ALERT,NO ALERT,20260706,00
Karnataka,Bangalore Rural,21,24,21-24 h,0.02678571455180645,3.0,0.08035714365541935,0.0,NO ALERT,NO ALERT,20260706,00
Karnataka,Bangalore Urban,21,24,21-24 h,0.0,3.0,0.0,0.0,NO ALERT,NO ALERT,20260706,00
Karnataka,Belgaum,21,24,21-24 h,0.28308823704719543,0.8973372374527518,0.2540256165873001,0.0,NO ALERT,NO ALERT,20260706,00
Karnataka,Bellary,21,24,21-24 h,0.10795454680919647,2.70287473371527,0.29178761696025957,0.0,NO ALERT,NO ALERT,20260706,00
Karnataka,Bidar,21,24,21-24 h,0.0069444444961845875,1.0018766190120068,0.006957476572753953,0.0,NO ALERT,NO ALERT,20260706,00
Karnataka,Bijapur,21,24,21-24 h,0.004464285913854837,3.0,0.013392857741564512,0.0,NO ALERT,NO ALERT,20260706,00
Karnataka,Chamrajnagar,21,24,21-24 h,0.010416666977107525,3.0,0.031250000931322575,0.0,NO ALERT,NO ALERT,20260706,00
Karnataka,Chikmagalur,21,24,21-24 h,0.831250011920929,0.9744358301784026,0.8099997954519775,0.0,NO ALERT,NO ALERT,20260706,00
Karnataka,Chitradurga,21,24,21-24 h,0.09659090638160706,3.0,0.28977271914482117,0.0,NO ALERT,NO ALERT,20260706,00
Karnataka,Dakshin Kannad,21,24,21-24 h,4.15625,0.48296471969249655,2.0073221162219386,0.0,NO ALERT,NO ALERT,20260706,00
Karnataka,Davanagere,21,24,21-24 h,0.34375,1.0634182151425726,0.36555001145525934,0.0,NO ALERT,NO ALERT,20260706,00
Karnataka,Dharwad,21,24,21-24 h,0.578125,0.6005924706507083,0.3472175220949407,0.0,NO ALERT,NO ALERT,20260706,00
Karnataka,Gadag,21,24,21-24 h,0.359375,1.0104995631984701,0.3631482805244502,0.0,NO ALERT,NO ALERT,20260706,00
Karnataka,Gulbarga,21,24,21-24 h,0.011904762126505375,1.3275990324998463,0.01580475068128935,0.0,NO ALERT,NO ALERT,20260706,00
Karnataka,Hassan,21,24,21-24 h,0.34375,1.3953514149603434,0.47965204889261803,0.0,NO ALERT,NO ALERT,20260706,00
Karnataka,Haveri,21,24,21-24 h,0.42500001192092896,0.8339001601670177,0.3544075780118471,0.0,NO ALERT,NO ALERT,20260706,00
Karnataka,Kodagu,21,24,21-24 h,0.453125,0.9891691490121184,0.44821727064611616,0.0,NO ALERT,NO ALERT,20260706,00
Karnataka,Kolar,21,24,21-24 h,0.0,1.0,0.0,0.0,NO ALERT,NO ALERT,20260706,00
Karnataka,Koppal,21,24,21-24 h,0.125,1.3672411486472411,0.17090514358090514,0.0,NO ALERT,NO ALERT,20260706,00
Karnataka,Mandya,21,24,21-24 h,0.03125,3.0,0.09375,0.0,NO ALERT,NO ALERT,20260706,00
Karnataka,Mysore,21,24,21-24 h,0.0390625,3.0,0.1171875,0.0,NO ALERT,NO ALERT,20260706,00
Karnataka,Raichur,21,24,21-24 h,0.0,1.9789763859973823,0.0,0.0,NO ALERT,NO ALERT,20260706,00
Karnataka,Shimoga,21,24,21-24 h,1.607954502105713,0.6521122332003625,1.0485668012527334,0.0,NO ALERT,NO ALERT,20260706,00
Karnataka,Tumkur,21,24,21-24 h,0.028409091755747795,3.0,0.08522727526724339,0.0,NO ALERT,NO ALERT,20260706,00
Karnataka,Udupi,21,24,21-24 h,5.927083492279053,0.36293434267993313,2.1511421512793807,0.0,NO ALERT,NO ALERT,20260706,00
Karnataka,Uttar Kannand,21,24,21-24 h,3.096153736114502,0.4136012505834986,1.2805730572557297,0.0,NO ALERT,NO ALERT,20260706,00
Kerala,Alappuzha,21,24,21-24 h,0.875,2.864364265748771,2.5063187325301746,0.0,NO ALERT,NO ALERT,20260706,00
Kerala,Ernakulam,21,24,21-24 h,2.625,0.8273595857165152,2.1718189125058527,0.0,NO ALERT,NO ALERT,20260706,00
Kerala,Idukki,21,24,21-24 h,0.862500011920929,1.1481059089541104,0.9902413601594091,0.0,NO ALERT,NO ALERT,20260706,00
Kerala,Kannur,21,24,21-24 h,4.09375,0.39296054227725635,1.6086822199475181,0.0,NO ALERT,NO ALERT,20260706,00
Kerala,Kasaragod,21,24,21-24 h,5.0,0.4895700959949935,2.4478504799749676,0.0,NO ALERT,NO ALERT,20260706,00
Kerala,Kollam,21,24,21-24 h,3.0,0.9608015244614043,2.882404573384213,0.0,NO ALERT,NO ALERT,20260706,00
Kerala,Kottayam,21,24,21-24 h,3.3125,0.9196575889749057,3.046365763479375,0.0,NO ALERT,NO ALERT,20260706,00
Kerala,Kozhikode,21,24,21-24 h,3.6458332538604736,0.37264617476151884,1.358605815869447,0.0,NO ALERT,NO ALERT,20260706,00
Kerala,Malappuram,21,24,21-24 h,2.625,0.44261788343885,1.1618719440269814,0.0,NO ALERT,NO ALERT,20260706,00
Kerala,Palakkad,21,24,21-24 h,2.0208332538604736,0.5302180666602749,1.071482300904693,0.0,NO ALERT,NO ALERT,20260706,00
Kerala,Pattanamtitta,21,24,21-24 h,2.4583332538604736,0.7477207744636957,1.8381468444664104,0.0,NO ALERT,NO ALERT,20260706,00
Kerala,Thiruvananthapuram,21,24,21-24 h,1.9583333730697632,1.3040197822546657,2.5537054587324777,0.0,NO ALERT,NO ALERT,20260706,00
Kerala,Thrissur,21,24,21-24 h,1.78125,0.842598859765623,1.500879218957516,0.0,NO ALERT,NO ALERT,20260706,00
Kerala,Wayanad,21,24,21-24 h,0.6875,0.9148688962922525,0.6289723662009237,0.0,NO ALERT,NO ALERT,20260706,00
Lakshadweep,Kavaratti,21,24,21-24 h,0.0,1.0,0.0,0.0,NO ALERT,NO ALERT,20260706,00
Madhya Pradesh,Anuppur,21,24,21-24 h,31.875,0.3,9.5625,0.0,NO ALERT,NO ALERT,20260706,00
Madhya Pradesh,Ashoknagar,21,24,21-24 h,0.3020833432674408,0.9519252256221402,0.287560754696549,0.0,NO ALERT,NO ALERT,20260706,00
Madhya Pradesh,Datia,21,24,21-24 h,0.0,1.0,0.0,0.0,NO ALERT,NO ALERT,20260706,00
Madhya Pradesh,Dewas,21,24,21-24 h,1.5208333730697632,0.3,0.45625001192092896,0.0,NO ALERT,NO ALERT,20260706,00
Madhya Pradesh,Dhar,21,24,21-24 h,0.017045455053448677,0.3,0.005113636516034603,0.0,NO ALERT,NO ALERT,20260706,00
Madhya Pradesh,Dindori,21,24,21-24 h,18.70535659790039,0.3,5.611606979370117,0.0,NO ALERT,NO ALERT,20260706,00
Madhya Pradesh,East Nimar,21,24,21-24 h,0.03125,0.30123901134156544,0.00941371910442392,0.0,NO ALERT,NO ALERT,20260706,00
Madhya Pradesh,Guna,21,24,21-24 h,0.5138888955116272,0.44732070879630687,0.22987314498281236,0.0,NO ALERT,NO ALERT,20260706,00
Madhya Pradesh,Gwalior,21,24,21-24 h,0.0,1.0,0.0,0.0,NO ALERT,NO ALERT,20260706,00
Madhya Pradesh,Harda,21,24,21-24 h,0.3125,0.3,0.09375,0.0,NO ALERT,NO ALERT,20260706,00
Madhya Pradesh,Hoshangabad,21,24,21-24 h,25.56944465637207,0.3,7.670833396911621,0.0,NO ALERT,NO ALERT,20260706,00
Madhya Pradesh,Indore,21,24,21-24 h,0.008928571827709675,0.3,0.0026785715483129023,0.0,NO ALERT,NO ALERT,20260706,00
Madhya Pradesh,Jabalpur,21,24,21-24 h,2.8645832538604736,0.3,0.8593749761581421,0.0,NO ALERT,NO ALERT,20260706,00
Madhya Pradesh,Jhabua,21,24,21-24 h,0.02500000037252903,0.3,0.007500000111758709,0.0,NO ALERT,NO ALERT,20260706,00
Madhya Pradesh,Katni,21,24,21-24 h,1.6388888359069824,0.32230547985936164,0.5282228526931506,0.0,NO ALERT,NO ALERT,20260706,00
Madhya Pradesh,Mandla,21,24,21-24 h,2.6796875,0.3,0.8039062499999999,0.0,NO ALERT,NO ALERT,20260706,00
Madhya Pradesh,Mandsaur,21,24,21-24 h,0.0069444444961845875,0.3805572499288874,0.0026427586997518045,0.0,NO ALERT,NO ALERT,20260706,00
Madhya Pradesh,Morena,21,24,21-24 h,0.0,3.0,0.0,0.0,NO ALERT,NO ALERT,20260706,00
Madhya Pradesh,Narsinghpur,21,24,21-24 h,20.6875,0.3,6.20625,0.0,NO ALERT,NO ALERT,20260706,00
Madhya Pradesh,Neemuch,21,24,21-24 h,0.0,0.7317338523203192,0.0,0.0,NO ALERT,NO ALERT,20260706,00
Madhya Pradesh,Panna,21,24,21-24 h,2.8125,0.4184968595164538,1.1770224173900263,0.0,NO ALERT,NO ALERT,20260706,00
Madhya Pradesh,Raisen,21,24,21-24 h,6.078125,0.3,1.8234374999999998,0.0,NO ALERT,NO ALERT,20260706,00
Madhya Pradesh,Rajgarh,21,24,21-24 h,1.4107142686843872,0.676433949885283,0.9542550249257085,0.0,NO ALERT,NO ALERT,20260706,00
Madhya Pradesh,Ratlam,21,24,21-24 h,0.0078125,0.3,0.00234375,0.0,NO ALERT,NO ALERT,20260706,00
Madhya Pradesh,Rewa,21,24,21-24 h,5.340277671813965,0.38712886212107545,2.067375618499926,0.0,NO ALERT,NO ALERT,20260706,00
Madhya Pradesh,Sagar,21,24,21-24 h,2.7791666984558105,0.3,0.8337500095367432,0.0,NO ALERT,NO ALERT,20260706,00
Madhya Pradesh,Satna,21,24,21-24 h,4.4772725105285645,0.4227753173004938,1.892880306279492,0.0,NO ALERT,NO ALERT,20260706,00
Madhya Pradesh,Sehore,21,24,21-24 h,10.265625,0.3,3.0796875,0.0,NO ALERT,NO ALERT,20260706,00
Madhya Pradesh,Seoni,21,24,21-24 h,6.1875,0.3,1.85625,0.0,NO ALERT,NO ALERT,20260706,00
Madhya Pradesh,Shahdol,21,24,21-24 h,9.927083015441895,0.3,2.978124904632568,0.0,NO ALERT,NO ALERT,20260706,00
Madhya Pradesh,Shajapur,21,24,21-24 h,2.6931817531585693,0.3,0.8079545259475708,0.0,NO ALERT,NO ALERT,20260706,00
Madhya Pradesh,Sheopur,21,24,21-24 h,0.0390625,3.0,0.1171875,0.0,NO ALERT,NO ALERT,20260706,00
Madhya Pradesh,Shivpuri,21,24,21-24 h,0.02734375,3.0,0.08203125,0.0,NO ALERT,NO ALERT,20260706,00
Madhya Pradesh,Sidhi,21,24,21-24 h,2.28125,0.399988705397733,0.9124742341885784,0.0,NO ALERT,NO ALERT,20260706,00
Maharashtra,Pune,21,24,21-24 h,3.39802622795105,0.3,1.019407868385315,0.0,NO ALERT,NO ALERT,20260706,00
Maharashtra,Raigarh,21,24,21-24 h,9.222222328186035,0.3,2.7666666984558104,0.0,NO ALERT,NO ALERT,20260706,00
Maharashtra,Ratnagiri,21,24,21-24 h,7.0227274894714355,0.3,2.1068182468414305,0.0,NO ALERT,NO ALERT,20260706,00
Maharashtra,Sangli,21,24,21-24 h,0.9261363744735718,0.3,0.27784091234207153,0.0,NO ALERT,NO ALERT,20260706,00
Maharashtra,Satara,21,24,21-24 h,3.625,0.3,1.0875,0.0,NO ALERT,NO ALERT,20260706,00
Maharashtra,Sindhudurg,21,24,21-24 h,8.895833015441895,0.3,2.6687499046325684,0.0,NO ALERT,NO ALERT,20260706,00
Maharashtra,Solapur,21,24,21-24 h,0.027173912152647972,0.3,0.00815217364579439,0.0,NO ALERT,NO ALERT,20260706,00
Maharashtra,Thane,21,24,21-24 h,15.1875,0.3,4.5562499999999995,0.0,NO ALERT,NO ALERT,20260706,00
Maharashtra,Wardha,21,24,21-24 h,0.0,0.8277061142287497,0.0,0.0,NO ALERT,NO ALERT,20260706,00
Maharashtra,Washim,21,24,21-24 h,0.0,0.6548512185328705,0.0,0.0,NO ALERT,NO ALERT,20260706,00
Maharashtra,Yavatmal,21,24,21-24 h,0.0,1.1672216749493405,0.0,0.0,NO ALERT,NO ALERT,20260706,00
Manipur,Bishnupur,21,24,21-24 h,1.9375,0.44222804670987065,0.8568168405003744,0.0,NO ALERT,NO ALERT,20260706,00
Manipur,Chandel,21,24,21-24 h,2.640625,0.4353368800524707,1.1495614488885553,0.0,NO ALERT,NO ALERT,20260706,00
Manipur,Churachandpur,21,24,21-24 h,1.8645833730697632,0.350797188232678,0.6540906044982754,0.0,NO ALERT,NO ALERT,20260706,00
Manipur,East Imphal,21,24,21-24 h,2.25,0.34679034457550556,0.7802782752948875,0.0,NO ALERT,NO ALERT,20260706,00
Manipur,Senapati,21,24,21-24 h,0.925000011920929,0.40549794487557334,0.3750856038438175,0.0,NO ALERT,NO ALERT,20260706,00
Manipur,Tamenglong,21,24,21-24 h,1.9791666269302368,0.47901291702576343,0.9480463792458936,0.0,NO ALERT,NO ALERT,20260706,00
Manipur,Thoubal,21,24,21-24 h,1.1875,0.5006320786802736,0.5945005934328249,0.0,NO ALERT,NO ALERT,20260706,00
Manipur,Ukhrul,21,24,21-24 h,0.3645833432674408,0.5601360196084298,0.20421626271335813,0.0,NO ALERT,NO ALERT,20260706,00
Manipur,West Imphal,21,24,21-24 h,0.0,1.0,0.0,0.0,NO ALERT,NO ALERT,20260706,00
Meghalaya,East Garo Hills,21,24,21-24 h,1.046875,0.5096870049480084,0.5335785833049463,0.0,NO ALERT,NO ALERT,20260706,00
Meghalaya,East Khasi Hills,21,24,21-24 h,5.8125,0.5445849739225571,3.165400160924863,0.0,NO ALERT,NO ALERT,20260706,00
Meghalaya,Jaintia Hills,21,24,21-24 h,6.96875,0.3344285796853742,2.3305491646824517,0.0,NO ALERT,NO ALERT,20260706,00
Meghalaya,Ri-Bhoi,21,24,21-24 h,1.4166666269302368,0.3754843171484303,0.53193610103987,0.0,NO ALERT,NO ALERT,20260706,00
Meghalaya,South Garo Hills,21,24,21-24 h,2.8125,1.1985655828274717,3.3709657017022643,0.0,NO ALERT,NO ALERT,20260706,00
Meghalaya,West Garo Hills,21,24,21-24 h,0.5874999761581421,1.4164832395577518,0.832183869468587,0.0,NO ALERT,NO ALERT,20260706,00
Meghalaya,West Khasi Hills,21,24,21-24 h,3.703125,0.7688290212309257,2.8470699692457715,0.0,NO ALERT,NO ALERT,20260706,00
Mizoram,Aizawl,21,24,21-24 h,1.6666666269302368,0.35958444336345213,0.5993073913171515,0.0,NO ALERT,NO ALERT,20260706,00
Mizoram,Champhai,21,24,21-24 h,1.5,0.393379226133291,0.5900688391999365,0.0,NO ALERT,NO ALERT,20260706,00
Mizoram,Kolasib,21,24,21-24 h,0.5625,0.8142673026091504,0.4580253577176471,0.0,NO ALERT,NO ALERT,20260706,00
Mizoram,Lawngtlai,21,24,21-24 h,1.09375,0.3,0.328125,0.0,NO ALERT,NO ALERT,20260706,00
Mizoram,Lunglei,21,24,21-24 h,0.4791666567325592,0.34255624595576245,0.16414153111747895,0.0,NO ALERT,NO ALERT,20260706,00
Mizoram,Mamit,21,24,21-24 h,0.1875,0.6080090530356378,0.11400169744418209,0.0,NO ALERT,NO ALERT,20260706,00
Mizoram,Saiha,21,24,21-24 h,1.3125,0.3,0.39375,0.0,NO ALERT,NO ALERT,20260706,00
Mizoram,Serchhip,21,24,21-24 h,1.65625,0.3,0.49687499999999996,0.0,NO ALERT,NO ALERT,20260706,00
Nagaland,Dimapur,21,24,21-24 h,0.125,0.6956002689591826,0.08695003361989782,0.0,NO ALERT,NO ALERT,20260706,00
Nagaland,Kohima,21,24,21-24 h,0.612500011920929,0.42200076411911747,0.2584754730536006,0.0,NO ALERT,NO ALERT,20260706,00
Nagaland,Mokokchung,21,24,21-24 h,0.375,0.6004559914526765,0.22517099679475366,0.0,NO ALERT,NO ALERT,20260706,00
Nagaland,Mon,21,24,21-24 h,1.3125,0.35697456601861516,0.4685291178994324,0.0,NO ALERT,NO ALERT,20260706,00
Nagaland,Phek,21,24,21-24 h,0.515625,0.4705958392700629,0.24265097962362617,0.0,NO ALERT,NO ALERT,20260706,00
Nagaland,Tuensang,21,24,21-24 h,4.5535712242126465,0.307336347541769,1.3994779483208164,0.0,NO ALERT,NO ALERT,20260706,00
Nagaland,Wokha,21,24,21-24 h,0.3333333432674408,0.9768878268305281,0.3256292853146847,0.0,NO ALERT,NO ALERT,20260706,00
Nagaland,Zunheboto,21,24,21-24 h,1.59375,0.3,0.47812499999999997,0.0,NO ALERT,NO ALERT,20260706,00
Orissa,Angul,21,24,21-24 h,0.4652777910232544,0.3,0.1395833373069763,0.0,NO ALERT,NO ALERT,20260706,00
Orissa,Baleshwar,21,24,21-24 h,0.05000000074505806,0.3,0.015000000223517418,0.0,NO ALERT,NO ALERT,20260706,00
Orissa,Baragarh,21,24,21-24 h,1.5625,0.3,0.46875,0.0,NO ALERT,NO ALERT,20260706,00
Orissa,Bhadrak,21,24,21-24 h,0.0625,0.7178511116268625,0.04486569447667891,0.0,NO ALERT,NO ALERT,20260706,00
Orissa,Bolangir,21,24,21-24 h,0.02777777798473835,0.3,0.008333333395421505,0.0,NO ALERT,NO ALERT,20260706,00
Orissa,Boudh,21,24,21-24 h,0.078125,0.46951847237716815,0.036681130654466265,0.0,NO ALERT,NO ALERT,20260706,00
Orissa,Cuttack,21,24,21-24 h,0.2678571343421936,3.0,0.8035714030265808,0.0,NO ALERT,NO ALERT,20260706,00
Orissa,Deogarh,21,24,21-24 h,1.0416666269302368,0.5670237411043358,0.5906497077855174,0.0,NO ALERT,NO ALERT,20260706,00
Orissa,Dhenkanal,21,24,21-24 h,0.1875,0.5066672121395331,0.09500010227616246,0.0,NO ALERT,NO ALERT,20260706,00
Orissa,Gajapati,21,24,21-24 h,0.0,3.0,0.0,0.0,NO ALERT,NO ALERT,20260706,00
Orissa,Ganjam,21,24,21-24 h,0.015625,3.0,0.046875,0.0,NO ALERT,NO ALERT,20260706,00
Orissa,Jagatsinghpur,21,24,21-24 h,1.21875,1.2982877185824837,1.582288157022402,0.0,NO ALERT,NO ALERT,20260706,00
Orissa,Jajpur,21,24,21-24 h,0.21250000596046448,1.0825360884765436,0.2300389252536834,0.0,NO ALERT,NO ALERT,20260706,00
Orissa,Jharsuguda,21,24,21-24 h,6.9375,0.3,2.08125,0.0,NO ALERT,NO ALERT,20260706,00
Orissa,Kalahandi,21,24,21-24 h,0.005681818351149559,0.796623750187142,0.0045262714427748854,0.0,NO ALERT,NO ALERT,20260706,00
Orissa,Kandhamal,21,24,21-24 h,0.039772726595401764,1.1397211880580418,0.04532981920761897,0.0,NO ALERT,NO ALERT,20260706,00
Orissa,Kendrapara,21,24,21-24 h,1.578125,1.2406367579898423,1.9578798837027198,0.0,NO ALERT,NO ALERT,20260706,00
Orissa,Keonjhar,21,24,21-24 h,0.1979166716337204,0.3,0.05937500149011612,0.0,NO ALERT,NO ALERT,20260706,00
Orissa,Khordha,21,24,21-24 h,0.02083333395421505,3.0,0.06250000186264515,0.0,NO ALERT,NO ALERT,20260706,00
Orissa,Koraput,21,24,21-24 h,0.16477273404598236,3.0,0.4943182021379471,0.0,NO ALERT,NO ALERT,20260706,00
Orissa,Malkangiri,21,24,21-24 h,0.1484375,3.0,0.4453125,0.0,NO ALERT,NO ALERT,20260706,00
Orissa,Mayurbhanj,21,24,21-24 h,0.011029412038624287,0.6410187849222774,0.0070700603034060784,0.0,NO ALERT,NO ALERT,20260706,00
Orissa,Nabarangpur,21,24,21-24 h,0.03125,0.9520565250907196,0.029751766409084987,0.0,NO ALERT,NO ALERT,20260706,00
Orissa,Nayagarh,21,24,21-24 h,0.02083333395421505,2.7627565849527578,0.0575574305685275,0.0,NO ALERT,NO ALERT,20260706,00
Orissa,Nuapada,21,24,21-24 h,0.03125,0.3,0.009375,0.0,NO ALERT,NO ALERT,20260706,00
Orissa,Puri,21,24,21-24 h,0.737500011920929,1.1682139811417622,0.8615578250182455,0.0,NO ALERT,NO ALERT,20260706,00
Orissa,Rayagada,21,24,21-24 h,0.012500000186264515,3.0,0.037500000558793545,0.0,NO ALERT,NO ALERT,20260706,00
Orissa,Sambalpur,21,24,21-24 h,1.1875,0.3,0.35625,0.0,NO ALERT,NO ALERT,20260706,00
Orissa,Sonepur,21,24,21-24 h,0.140625,0.3,0.042187499999999996,0.0,NO ALERT,NO ALERT,20260706,00
Orissa,Sundargarh,21,24,21-24 h,1.75,0.4166264730089146,0.7290963277656005,0.0,NO ALERT,NO ALERT,20260706,00
Puducherry,Karaikal,21,24,21-24 h,0.0,1.0,0.0,0.0,NO ALERT,NO ALERT,20260706,00
Puducherry,Mahe,21,24,21-24 h,0.0,1.0,0.0,0.0,NO ALERT,NO ALERT,20260706,00
Puducherry,Puducherry,21,24,21-24 h,0.0,1.0,0.0,0.0,NO ALERT,NO ALERT,20260706,00
Puducherry,Yanam,21,24,21-24 h,0.0,1.0,0.0,0.0,NO ALERT,NO ALERT,20260706,00
Punjab,Amritsar,21,24,21-24 h,0.5178571343421936,3.0,1.5535714030265808,0.0,NO ALERT,NO ALERT,20260706,00
Punjab,Bathinda,21,24,21-24 h,0.8839285969734192,1.0063742042286778,0.8895629383740964,0.0,NO ALERT,NO ALERT,20260706,00
Punjab,Faridkot,21,24,21-24 h,0.7291666865348816,1.8166795132507056,1.3246621811728185,0.0,NO ALERT,NO ALERT,20260706,00
Punjab,Fatehgarh Sahib,21,24,21-24 h,0.375,0.7625669248111632,0.2859625968041862,0.0,NO ALERT,NO ALERT,20260706,00
Punjab,Firozpur,21,24,21-24 h,0.359375,3.0,1.078125,0.0,NO ALERT,NO ALERT,20260706,00
Punjab,Gurdaspur,21,24,21-24 h,2.1770832538604736,1.0172791491901219,2.2147014002032446,0.0,NO ALERT,NO ALERT,20260706,00
Punjab,Hoshiarpur,21,24,21-24 h,0.8125,1.1158502745357433,0.9066283480602914,0.0,NO ALERT,NO ALERT,20260706,00
Punjab,Jalandhar,21,24,21-24 h,1.75,0.6683787736223664,1.1696628538391411,0.0,NO ALERT,NO ALERT,20260706,00
Punjab,Kapurthala,21,24,21-24 h,1.6875,0.8043488797650564,1.3573387346035326,0.0,NO ALERT,NO ALERT,20260706,00
Punjab,Ludhiana,21,24,21-24 h,2.3375000953674316,0.6367384031963071,1.488376078195474,0.0,NO ALERT,NO ALERT,20260706,00
Punjab,Mansa,21,24,21-24 h,0.59375,0.8554010609701591,0.5078943799510319,0.0,NO ALERT,NO ALERT,20260706,00
Punjab,Moga,21,24,21-24 h,1.0625,1.9260465396022144,2.0464244483273526,0.0,NO ALERT,NO ALERT,20260706,00
Punjab,Muktsar,21,24,21-24 h,0.7083333134651184,1.6273890495298178,1.1527338777503056,0.0,NO ALERT,NO ALERT,20260706,00
Punjab,Nawan Shehar,21,24,21-24 h,0.8125,0.7376809676905092,0.5993657862485386,0.0,NO ALERT,NO ALERT,20260706,00
Punjab,Patiala,21,24,21-24 h,1.1354166269302368,0.9906891001535867,1.1248448764329368,0.0,NO ALERT,NO ALERT,20260706,00
Punjab,Rupnagar,21,24,21-24 h,0.625,0.596268251978758,0.37266765748672376,0.0,NO ALERT,NO ALERT,20260706,00
Punjab,Sangrur,21,24,21-24 h,1.390625,0.6431007768751102,0.8943120178419501,0.0,NO ALERT,NO ALERT,20260706,00
Rajasthan,Ajmer,21,24,21-24 h,0.10000000149011612,0.5105660303364602,0.05105660379444869,0.0,NO ALERT,NO ALERT,20260706,00
Rajasthan,Alwar,21,24,21-24 h,0.4196428656578064,1.763920291704763,0.7402165660029405,0.0,NO ALERT,NO ALERT,20260706,00
Rajasthan,Banswara,21,24,21-24 h,0.2857142984867096,0.3,0.08571428954601287,0.0,NO ALERT,NO ALERT,20260706,00
Rajasthan,Baran,21,24,21-24 h,0.02500000037252903,1.9242101184358293,0.04810525367771986,0.0,NO ALERT,NO ALERT,20260706,00
Rajasthan,Barmer,21,24,21-24 h,0.109375,0.9889290802263309,0.10816411814975493,0.0,NO ALERT,NO ALERT,20260706,00
Rajasthan,Bharatpur,21,24,21-24 h,0.1666666716337204,1.333984920453584,0.22233082670157212,0.0,NO ALERT,NO ALERT,20260706,00
Rajasthan,Bhilwara,21,24,21-24 h,0.1205357164144516,0.3633962326272162,0.04380222524203422,0.0,NO ALERT,NO ALERT,20260706,00
Rajasthan,Bikaner,21,24,21-24 h,0.0,3.0,0.0,0.0,NO ALERT,NO ALERT,20260706,00
Rajasthan,Bundi,21,24,21-24 h,0.0,3.0,0.0,0.0,NO ALERT,NO ALERT,20260706,00
Rajasthan,Chittaurgarh,21,24,21-24 h,0.03125,0.3,0.009375,0.0,NO ALERT,NO ALERT,20260706,00
Rajasthan,Churu,21,24,21-24 h,0.07451923191547394,1.401563284200734,0.1044434194195678,0.0,NO ALERT,NO ALERT,20260706,00
Rajasthan,Dausa,21,24,21-24 h,0.0,2.1134477396397804,0.0,0.0,NO ALERT,NO ALERT,20260706,00
Rajasthan,Dhaulpur,21,24,21-24 h,0.1875,3.0,0.5625,0.0,NO ALERT,NO ALERT,20260706,00
Rajasthan,Dungarpur,21,24,21-24 h,0.0,0.3,0.0,0.0,NO ALERT,NO ALERT,20260706,00
Rajasthan,Ganganagar,21,24,21-24 h,0.00390625,1.0,0.00390625,0.0,NO ALERT,NO ALERT,20260706,00
Rajasthan,Hanumangarh,21,24,21-24 h,0.0491071417927742,1.571559761267069,0.07717480803236033,0.0,NO ALERT,NO ALERT,20260706,00
Rajasthan,Jaipur,21,24,21-24 h,0.07500000298023224,2.075984689161689,0.15569885787404317,0.0,NO ALERT,NO ALERT,20260706,00
Rajasthan,Jaisalmer,21,24,21-24 h,0.0011363636003807187,1.0,0.0011363636003807187,0.0,NO ALERT,NO ALERT,20260706,00
Rajasthan,Jalor,21,24,21-24 h,0.4140625,0.3,0.12421874999999999,0.0,NO ALERT,NO ALERT,20260706,00
Rajasthan,Jhalawar,21,24,21-24 h,0.0069444444961845875,0.5632776631707748,0.003911650467830003,0.0,NO ALERT,NO ALERT,20260706,00
Rajasthan,Jhunjhunun,21,24,21-24 h,0.1953125,1.2604511264027094,0.2461818606255292,0.0,NO ALERT,NO ALERT,20260706,00
Rajasthan,Jodhpur,21,24,21-24 h,0.04779411852359772,0.8001683993228174,0.0382433433160722,0.0,NO ALERT,NO ALERT,20260706,00
Rajasthan,Tonk,21,24,21-24 h,0.0,3.0,0.0,0.0,NO ALERT,NO ALERT,20260706,00
Rajasthan,Udaipur,21,24,21-24 h,0.4201388955116272,0.3,0.12604166865348815,0.0,NO ALERT,NO ALERT,20260706,00
Sikkim,East,21,24,21-24 h,1.09375,2.23108818195037,2.440252699008217,0.0,NO ALERT,NO ALERT,20260706,00
Sikkim,North Sikkim,21,24,21-24 h,0.0535714291036129,2.347754056512395,0.12577253999117335,0.0,NO ALERT,NO ALERT,20260706,00
Sikkim,South Sikkim,21,24,21-24 h,0.0,1.0,0.0,0.0,NO ALERT,NO ALERT,20260706,00
Sikkim,West Sikkim,21,24,21-24 h,0.03125,3.0,0.09375,0.0,NO ALERT,NO ALERT,20260706,00
Tamil Nadu,Ariyalur,21,24,21-24 h,0.0,1.0,0.0,0.0,NO ALERT,NO ALERT,20260706,00
Tamil Nadu,Chennai,21,24,21-24 h,0.0,1.0,0.0,0.0,NO ALERT,NO ALERT,20260706,00
Tamil Nadu,Coimbatore,21,24,21-24 h,0.0625,3.0,0.1875,0.0,NO ALERT,NO ALERT,20260706,00
Tamil Nadu,Cuddalore,21,24,21-24 h,0.0,1.0,0.0,0.0,NO ALERT,NO ALERT,20260706,00
Tamil Nadu,Dharmapuri,21,24,21-24 h,0.0,1.0,0.0,0.0,NO ALERT,NO ALERT,20260706,00
Tamil Nadu,Dindigul,21,24,21-24 h,0.0,1.0,0.0,0.0,NO ALERT,NO ALERT,20260706,00
Tamil Nadu,Erode,21,24,21-24 h,0.0,1.0,0.0,0.0,NO ALERT,NO ALERT,20260706,00
Tamil Nadu,Kancheepuram,21,24,21-24 h,0.0,1.0,0.0,0.0,NO ALERT,NO ALERT,20260706,00
Tamil Nadu,Kanniyakumari,21,24,21-24 h,0.2708333432674408,2.3327618361136246,0.6317896871213468,0.0,NO ALERT,NO ALERT,20260706,00
Tamil Nadu,Karur,21,24,21-24 h,0.0,1.0,0.0,0.0,NO ALERT,NO ALERT,20260706,00
Tamil Nadu,Sivaganga,21,24,21-24 h,0.0,1.0,0.0,0.0,NO ALERT,NO ALERT,20260706,00
Tamil Nadu,Thanjavur,21,24,21-24 h,0.0,1.0,0.0,0.0,NO ALERT,NO ALERT,20260706,00
Tamil Nadu,Theni,21,24,21-24 h,0.03125,3.0,0.09375,0.0,NO ALERT,NO ALERT,20260706,00
Tamil Nadu,Thiruvallur,21,24,21-24 h,0.0,1.0,0.0,0.0,NO ALERT,NO ALERT,20260706,00
Tamil Nadu,Thiruvarur,21,24,21-24 h,0.0,3.0,0.0,0.0,NO ALERT,NO ALERT,20260706,00
Tamil Nadu,Thoothukudi,21,24,21-24 h,0.0,1.0,0.0,0.0,NO ALERT,NO ALERT,20260706,00
Tamil Nadu,Tiruchchirappalli,21,24,21-24 h,0.0,1.0,0.0,0.0,NO ALERT,NO ALERT,20260706,00
Tamil Nadu,Tirunelveli Kattabo,21,24,21-24 h,0.1180555522441864,3.0,0.3541666567325592,0.0,NO ALERT,NO ALERT,20260706,00
Tamil Nadu,Tiruvannamalai,21,24,21-24 h,0.0,1.0,0.0,0.0,NO ALERT,NO ALERT,20260706,00
Tamil Nadu,Vellore,21,24,21-24 h,0.0,1.0,0.0,0.0,NO ALERT,NO ALERT,20260706,00
Tamil Nadu,Villupuram,21,24,21-24 h,0.0,1.0,0.0,0.0,NO ALERT,NO ALERT,20260706,00
Tamil Nadu,Virudhunagar,21,24,21-24 h,0.0,1.0,0.0,0.0,NO ALERT,NO ALERT,20260706,00
Tripura,Dhalai,21,24,21-24 h,0.15625,2.7728682543513306,0.4332606647423954,0.0,NO ALERT,NO ALERT,20260706,00
Tripura,North Tripura,21,24,21-24 h,0.109375,1.8373519402302907,0.20096036846268805,0.0,NO ALERT,NO ALERT,20260706,00
Tripura,South Tripura,21,24,21-24 h,2.28125,0.6883313005588784,1.5702557793999412,0.0,NO ALERT,NO ALERT,20260706,00
Tripura,West Tripura,21,24,21-24 h,1.6041666269302368,1.2952968876484479,2.0778720391322447,0.0,NO ALERT,NO ALERT,20260706,00
Uttar Pradesh,Agra,21,24,21-24 h,0.296875,1.0983193107761748,0.3260635453866769,0.0,NO ALERT,NO ALERT,20260706,00
Uttar Pradesh,Aligarh,21,24,21-24 h,1.5208333730697632,0.8798559857902731,1.3381143466850427,0.0,NO ALERT,NO ALERT,20260706,00
Uttar Pradesh,Allahabad,21,24,21-24 h,3.4464285373687744,0.3288936598778827,1.1335084951627945,0.0,NO ALERT,NO ALERT,20260706,00
Uttar Pradesh,Ambedkar Nagar,21,24,21-24 h,0.0,3.0,0.0,0.0,NO ALERT,NO ALERT,20260706,00
Uttar Pradesh,Auraiya,21,24,21-24 h,0.0,3.0,0.0,0.0,NO ALERT,NO ALERT,20260706,00
Uttar Pradesh,Azamgarh,21,24,21-24 h,0.0,3.0,0.0,0.0,NO ALERT,NO ALERT,20260706,00
Uttar Pradesh,Badaun,21,24,21-24 h,0.0446428582072258,2.287464070059984,0.10211893413381148,0.0,NO ALERT,NO ALERT,20260706,00
Uttar Pradesh,Baghpat,21,24,21-24 h,1.53125,0.8822997668421744,1.3510215179770795,0.0,NO ALERT,NO ALERT,20260706,00
Uttar Pradesh,Bahraich,21,24,21-24 h,0.010416666977107525,3.0,0.031250000931322575,0.0,NO ALERT,NO ALERT,20260706,00
Uttar Pradesh,Ballia,21,24,21-24 h,0.0,0.782997505218471,0.0,0.0,NO ALERT,NO ALERT,20260706,00
Uttar Pradesh,Balrampur,21,24,21-24 h,0.1458333283662796,2.137629415780145,0.3117376125168843,0.0,NO ALERT,NO ALERT,20260706,00
Uttar Pradesh,Banda,21,24,21-24 h,0.84375,2.6135166709781106,2.2051546911377806,0.0,NO ALERT,NO ALERT,20260706,00
Uttar Pradesh,Bara Banki,21,24,21-24 h,0.25,3.0,0.75,0.0,NO ALERT,NO ALERT,20260706,00
Uttar Pradesh,Bareilly,21,24,21-24 h,0.012500000186264515,2.898412958300566,0.03623016251862856,0.0,NO ALERT,NO ALERT,20260706,00
Uttar Pradesh,Basti,21,24,21-24 h,0.02083333395421505,2.3821490387413156,0.04962810645281019,0.0,NO ALERT,NO ALERT,20260706,00
Uttar Pradesh,Bijnor,21,24,21-24 h,0.03750000149011612,3.0,0.11250000447034836,0.0,NO ALERT,NO ALERT,20260706,00
Uttar Pradesh,Bulandshahr,21,24,21-24 h,0.887499988079071,1.5919798836936727,1.4128821278002555,0.0,NO ALERT,NO ALERT,20260706,00
Uttar Pradesh,Chandauli,21,24,21-24 h,0.515625,0.38773924304590257,0.19992804719554352,0.0,NO ALERT,NO ALERT,20260706,00
Uttar Pradesh,Chitrakoot,21,24,21-24 h,3.8375000953674316,0.562270950669591,2.1577148268168918,0.0,NO ALERT,NO ALERT,20260706,00
Uttar Pradesh,Deoria,21,24,21-24 h,0.03125,3.0,0.09375,0.0,NO ALERT,NO ALERT,20260706,00
Uttar Pradesh,Etah,21,24,21-24 h,0.203125,2.067726013381379,0.4200068464680926,0.0,NO ALERT,NO ALERT,20260706,00
Uttar Pradesh,Etawah,21,24,21-24 h,0.0,3.0,0.0,0.0,NO ALERT,NO ALERT,20260706,00
Uttar Pradesh,Faizabad,21,24,21-24 h,0.5416666865348816,3.0,1.6250000596046448,0.0,NO ALERT,NO ALERT,20260706,00
Uttar Pradesh,Farrukhabad,21,24,21-24 h,0.0,3.0,0.0,0.0,NO ALERT,NO ALERT,20260706,00
Uttar Pradesh,Fatehpur,21,24,21-24 h,0.8303571343421936,1.2397823009215974,1.0294620786014288,0.0,NO ALERT,NO ALERT,20260706,00
Uttar Pradesh,Firozabad,21,24,21-24 h,0.078125,1.3721040668065834,0.10719563021926433,0.0,NO ALERT,NO ALERT,20260706,00
Uttar Pradesh,Gautam Buddha Nagar,21,24,21-24 h,2.3125,0.5126294703835742,1.1854556502620153,0.0,NO ALERT,NO ALERT,20260706,00
Uttar Pradesh,Ghaziabad,21,24,21-24 h,1.7916666269302368,0.6195152102740974,1.1099647271237685,0.0,NO ALERT,NO ALERT,20260706,00
Uttar Pradesh,Ghazipur,21,24,21-24 h,0.0,0.9133276607025872,0.0,0.0,NO ALERT,NO ALERT,20260706,00
Uttar Pradesh,Gonda,21,24,21-24 h,0.02678571455180645,3.0,0.08035714365541935,0.0,NO ALERT,NO ALERT,20260706,00
Uttar Pradesh,Gorakhpur,21,24,21-24 h,0.0625,3.0,0.1875,0.0,NO ALERT,NO ALERT,20260706,00
Uttar Pradesh,Hamirpur,21,24,21-24 h,0.0,1.0,0.0,0.0,NO ALERT,NO ALERT,20260706,00
Uttar Pradesh,Hardoi,21,24,21-24 h,0.02777777798473835,3.0,0.08333333395421505,0.0,NO ALERT,NO ALERT,20260706,00
Uttar Pradesh,Hathras,21,24,21-24 h,1.0,0.6899235208352951,0.6899235208352951,0.0,NO ALERT,NO ALERT,20260706,00
Uttar Pradesh,Jalaun,21,24,21-24 h,0.0,1.0,0.0,0.0,NO ALERT,NO ALERT,20260706,00
Uttar Pradesh,Jaunpur,21,24,21-24 h,0.09375,1.4820370115645944,0.13894096983418072,0.0,NO ALERT,NO ALERT,20260706,00
Uttar Pradesh,Jhansi,21,24,21-24 h,0.0,1.0,0.0,0.0,NO ALERT,NO ALERT,20260706,00
Uttar Pradesh,Jyotiba Phule Nagar,21,24,21-24 h,0.171875,2.7207409304746526,0.4676273474253309,0.0,NO ALERT,NO ALERT,20260706,00
Uttar Pradesh,Kannauj,21,24,21-24 h,0.0,1.0,0.0,0.0,NO ALERT,NO ALERT,20260706,00
Uttar Pradesh,Kanpur,21,24,21-24 h,0.15625,3.0,0.46875,0.0,NO ALERT,NO ALERT,20260706,00
Uttar Pradesh,Kanpur Dehat,21,24,21-24 h,0.0625,1.0,0.0625,0.0,NO ALERT,NO ALERT,20260706,00
Uttar Pradesh,Kaushambi,21,24,21-24 h,2.375,0.8478967173116988,2.0137547036152847,0.0,NO ALERT,NO ALERT,20260706,00
Uttar Pradesh,Kushinagar,21,24,21-24 h,0.02083333395421505,3.0,0.06250000186264515,0.0,NO ALERT,NO ALERT,20260706,00
Uttar Pradesh,Lakhimpur Kheri,21,24,21-24 h,0.0,3.0,0.0,0.0,NO ALERT,NO ALERT,20260706,00
Uttar Pradesh,Lalitpur,21,24,21-24 h,0.1640625,2.6401848571460835,0.4331553281255293,0.0,NO ALERT,NO ALERT,20260706,00
Uttar Pradesh,Lucknow,21,24,21-24 h,0.390625,2.284626632442603,0.8924322782978918,0.0,NO ALERT,NO ALERT,20260706,00
Uttar Pradesh,Maharajganj,21,24,21-24 h,0.0,1.0,0.0,0.0,NO ALERT,NO ALERT,20260706,00
Uttar Pradesh,Mahoba,21,24,21-24 h,0.0,1.0,0.0,0.0,NO ALERT,NO ALERT,20260706,00
Uttar Pradesh,Mainpuri,21,24,21-24 h,0.0,2.6323788094303384,0.0,0.0,NO ALERT,NO ALERT,20260706,00
Uttar Pradesh,Mathura,21,24,21-24 h,0.8999999761581421,0.7910712809124609,0.7119641339606058,0.0,NO ALERT,NO ALERT,20260706,00
Uttar Pradesh,Mau,21,24,21-24 h,0.0,1.9114426031786989,0.0,0.0,NO ALERT,NO ALERT,20260706,00
Uttar Pradesh,Meerut,21,24,21-24 h,2.15625,0.9643158928227719,2.079306143899102,0.0,NO ALERT,NO ALERT,20260706,00
Uttar Pradesh,Mirzapur,21,24,21-24 h,1.6666666269302368,0.35710016022873065,0.5951669195246656,0.0,NO ALERT,NO ALERT,20260706,00
Uttar Pradesh,Moradabad,21,24,21-24 h,0.3645833432674408,1.91329315618519,0.6975548155327104,0.0,NO ALERT,NO ALERT,20260706,00
Uttar Pradesh,Muzaffarnagar,21,24,21-24 h,1.212499976158142,1.0943905970571934,1.326948572839542,0.0,NO ALERT,NO ALERT,20260706,00
Uttar Pradesh,Pilibhit,21,24,21-24 h,0.02083333395421505,3.0,0.06250000186264515,0.0,NO ALERT,NO ALERT,20260706,00
Uttar Pradesh,Pratapgarh,21,24,21-24 h,0.6041666865348816,1.7597048613363788,1.0631550553529232,0.0,NO ALERT,NO ALERT,20260706,00
Uttar Pradesh,Rae Bareli,21,24,21-24 h,1.4375,1.1033504252204083,1.586066236254337,0.0,NO ALERT,NO ALERT,20260706,00
Uttar Pradesh,Rampur,21,24,21-24 h,0.515625,3.0,1.546875,0.0,NO ALERT,NO ALERT,20260706,00
Uttar Pradesh,Saharanpur,21,24,21-24 h,2.700000047683716,1.2072077539321737,3.2594609931810203,0.0,NO ALERT,NO ALERT,20260706,00
Uttar Pradesh,Sant Kabir Nagar,21,24,21-24 h,0.0,3.0,0.0,0.0,NO ALERT,NO ALERT,20260706,00
Uttar Pradesh,Sant Ravi Das Nagar,21,24,21-24 h,1.0,0.7357740655714142,0.7357740655714142,0.0,NO ALERT,NO ALERT,20260706,00
Uttar Pradesh,Shahjahanpur,21,24,21-24 h,0.0625,3.0,0.1875,0.0,NO ALERT,NO ALERT,20260706,00
Uttar Pradesh,Shravasti,21,24,21-24 h,0.0,3.0,0.0,0.0,NO ALERT,NO ALERT,20260706,00
Uttar Pradesh,Siddharth Nagar,21,24,21-24 h,0.125,3.0,0.375,0.0,NO ALERT,NO ALERT,20260706,00
Uttar Pradesh,Sitapur,21,24,21-24 h,0.013888888992369175,3.0,0.041666666977107525,0.0,NO ALERT,NO ALERT,20260706,00
Uttar Pradesh,Sonbhadra,21,24,21-24 h,1.7734375,0.36184466178439245,0.6417088923832585,0.0,NO ALERT,NO ALERT,20260706,00
Uttar Pradesh,Sultanpur,21,24,21-24 h,0.3645833432674408,3.0,1.0937500298023224,0.0,NO ALERT,NO ALERT,20260706,00
Uttar Pradesh,Unnao,21,24,21-24 h,0.4583333432674408,2.072396332849315,0.9498483398100106,0.0,NO ALERT,NO ALERT,20260706,00
Uttar Pradesh,Varanasi,21,24,21-24 h,0.0625,0.7173701896151363,0.04483563685094602,0.0,NO ALERT,NO ALERT,20260706,00
Uttaranchal,Almora,21,24,21-24 h,0.234375,0.9821425065093953,0.2301896499631395,0.0,NO ALERT,NO ALERT,20260706,00
Uttaranchal,Bageshwar,21,24,21-24 h,0.4124999940395355,1.1747002010493959,0.48456382593111696,0.0,NO ALERT,NO ALERT,20260706,00
Uttaranchal,Chamoli,21,24,21-24 h,1.0052083730697632,0.9639619688833851,0.9689826424423933,0.0,NO ALERT,NO ALERT,20260706,00
Uttaranchal,Champawat,21,24,21-24 h,0.03125,1.3345860907380185,0.04170581533556308,0.0,NO ALERT,NO ALERT,20260706,00
Uttaranchal,Dehra Dun,21,24,21-24 h,2.96875,0.6132870486378237,1.820695925643539,0.0,NO ALERT,NO ALERT,20260706,00
Uttaranchal,Haridwar,21,24,21-24 h,1.28125,3.0,3.84375,0.0,NO ALERT,NO ALERT,20260706,00
Uttaranchal,Naini Tal,21,24,21-24 h,0.010416666977107525,3.0,0.031250000931322575,0.0,NO ALERT,NO ALERT,20260706,00
Uttaranchal,Pauri Garhwal,21,24,21-24 h,0.7569444179534912,0.6525376956382899,0.49393476621763777,0.0,NO ALERT,NO ALERT,20260706,00
Uttaranchal,Pithoragarh,21,24,21-24 h,0.028409091755747795,1.4492140668178521,0.04117085539794878,0.0,NO ALERT,NO ALERT,20260706,00
Uttaranchal,Rudra Prayag,21,24,21-24 h,2.59375,0.4569764664782921,1.18528270992807,0.0,NO ALERT,NO ALERT,20260706,00
Uttaranchal,Tehri Garhwal,21,24,21-24 h,2.375,0.43032490849803356,1.0220216576828298,0.0,NO ALERT,NO ALERT,20260706,00
Uttaranchal,Udham Singh Nagar,21,24,21-24 h,0.1041666641831398,3.0,0.3124999925494194,0.0,NO ALERT,NO ALERT,20260706,00
Uttaranchal,Uttarkashi,21,24,21-24 h,1.3489583730697632,0.5922627381468989,0.7989377796804839,0.0,NO ALERT,NO ALERT,20260706,00
West Bengal,Bankura,21,24,21-24 h,0.5625,0.8139789747747026,0.4578631733107702,0.0,NO ALERT,NO ALERT,20260706,00
West Bengal,Barddhaman,21,24,21-24 h,0.2613636255264282,0.574892656930282,0.1502560291038196,0.0,NO ALERT,NO ALERT,20260706,00
West Bengal,Birbhum,21,24,21-24 h,0.5234375,0.5294498373329074,0.2771338992289437,0.0,NO ALERT,NO ALERT,20260706,00
West Bengal,Dakshin Dinajpur,21,24,21-24 h,0.0625,3.0,0.1875,0.0,NO ALERT,NO ALERT,20260706,00
West Bengal,Darjiling,21,24,21-24 h,6.525000095367432,0.7026692764985678,4.5849170961649195,0.0,NO ALERT,NO ALERT,20260706,00
West Bengal,East Midnapore,21,24,21-24 h,0.0729166641831398,0.8881573288438509,0.06476146968910154,0.0,NO ALERT,NO ALERT,20260706,00
West Bengal,Haora,21,24,21-24 h,0.0,1.2481811405444279,0.0,0.0,NO ALERT,NO ALERT,20260706,00
West Bengal,Hugli,21,24,21-24 h,0.0,0.8639513302480973,0.0,0.0,NO ALERT,NO ALERT,20260706,00
West Bengal,Jalpaiguri,21,24,21-24 h,8.541666984558105,0.4477323529410921,3.8243806570354435,0.0,NO ALERT,NO ALERT,20260706,00
West Bengal,Kochbihar,21,24,21-24 h,6.890625,0.4180542781060552,2.880655260074537,0.0,NO ALERT,NO ALERT,20260706,00
West Bengal,Kolkata,21,24,21-24 h,0.0,1.0,0.0,0.0,NO ALERT,NO ALERT,20260706,00
West Bengal,Maldah,21,24,21-24 h,0.012500000186264515,1.8447625989600538,0.023059532830614484,0.0,NO ALERT,NO ALERT,20260706,00
West Bengal,Murshidabad,21,24,21-24 h,0.0,0.5481165988025845,0.0,0.0,NO ALERT,NO ALERT,20260706,00
West Bengal,Nadia,21,24,21-24 h,0.09375,0.5519673667157511,0.05174694062960167,0.0,NO ALERT,NO ALERT,20260706,00
West Bengal,North 24 Parganas,21,24,21-24 h,0.359375,0.5171853011924324,0.1858634676160304,0.0,NO ALERT,NO ALERT,20260706,00
West Bengal,Puruliya,21,24,21-24 h,1.8055555820465088,0.5083553982476996,0.9178639269696101,0.0,NO ALERT,NO ALERT,20260706,00
West Bengal,South 24 Parganas,21,24,21-24 h,0.328125,0.39550141013305273,0.12977390019990792,0.0,NO ALERT,NO ALERT,20260706,00
West Bengal,Uttar Dinajpur,21,24,21-24 h,1.4500000476837158,0.7118445881113709,1.0321746867048829,0.0,NO ALERT,NO ALERT,20260706,00
West Bengal,West Midnapore,21,24,21-24 h,0.04374999925494194,1.4849613290035115,0.06496705703752122,0.0,NO ALERT,NO ALERT,20260706,00
Arunachal Pradesh,Papum Pare,24,27,24-27 h,0.375,0.9533183125255726,0.3574943671970897,0.0,NO ALERT,NO ALERT,20260706,00
Arunachal Pradesh,Tawang,24,27,24-27 h,0.012500000186264515,1.1388765971638852,0.014235957676680863,0.0,NO ALERT,NO ALERT,20260706,00
Arunachal Pradesh,Tirap,24,27,24-27 h,0.0,0.3651383081547162,0.0,0.0,NO ALERT,NO ALERT,20260706,00
Arunachal Pradesh,Upper Dibang Valley,24,27,24-27 h,0.034090910106897354,1.028310112978305,0.035056027623556855,0.0,NO ALERT,NO ALERT,20260706,00
Arunachal Pradesh,Upper Siang,24,27,24-27 h,0.013888888992369175,1.2039424484099477,0.016721423019166917,0.0,NO ALERT,NO ALERT,20260706,00
Arunachal Pradesh,Upper Subansiri,24,27,24-27 h,0.109375,0.5158400571515395,0.05642000625094963,0.0,NO ALERT,NO ALERT,20260706,00
Arunachal Pradesh,West Kameng,24,27,24-27 h,0.40340909361839294,0.6603703450016216,0.2663994023295696,0.0,NO ALERT,NO ALERT,20260706,00
Arunachal Pradesh,West Siang,24,27,24-27 h,0.3579545319080353,0.797134356200177,0.28533785534144745,0.0,NO ALERT,NO ALERT,20260706,00
Assam,Barpeta,24,27,24-27 h,0.0,0.6024484372218926,0.0,0.0,NO ALERT,NO ALERT,20260706,00
Assam,Bongaigaon,24,27,24-27 h,0.0,0.46296589037388325,0.0,0.0,NO ALERT,NO ALERT,20260706,00
Assam,Cachar,24,27,24-27 h,0.0,0.5608794743553766,0.0,0.0,NO ALERT,NO ALERT,20260706,00
Assam,Darrang,24,27,24-27 h,0.0,0.3,0.0,0.0,NO ALERT,NO ALERT,20260706,00
Assam,Dhemaji,24,27,24-27 h,0.0,0.3,0.0,0.0,NO ALERT,NO ALERT,20260706,00
Assam,Dhuburi,24,27,24-27 h,0.0,0.32508121737137274,0.0,0.0,NO ALERT,NO ALERT,20260706,00
Assam,Dibrugarh,24,27,24-27 h,0.0,0.3174379415214978,0.0,0.0,NO ALERT,NO ALERT,20260706,00
Assam,Goalpara,24,27,24-27 h,0.0,0.35666832552213257,0.0,0.0,NO ALERT,NO ALERT,20260706,00
Assam,Golaghat,24,27,24-27 h,0.23749999701976776,1.2381989938745952,0.2940722573550958,0.0,NO ALERT,NO ALERT,20260706,00
Assam,Hailakandi,24,27,24-27 h,0.0,0.8229121215241156,0.0,0.0,NO ALERT,NO ALERT,20260706,00
Assam,Jorhat,24,27,24-27 h,0.0,0.6894283364621259,0.0,0.0,NO ALERT,NO ALERT,20260706,00
Assam,Kamrup,24,27,24-27 h,0.0,0.3664044900075036,0.0,0.0,NO ALERT,NO ALERT,20260706,00
Assam,Karbi Anglong,24,27,24-27 h,0.3055555522441864,0.4270362077260787,0.13048328428000508,0.0,NO ALERT,NO ALERT,20260706,00
Assam,Karimganj,24,27,24-27 h,0.0625,0.6822626455335654,0.04264141534584784,0.0,NO ALERT,NO ALERT,20260706,00
Assam,Kokrajhar,24,27,24-27 h,0.0,0.37030806257959376,0.0,0.0,NO ALERT,NO ALERT,20260706,00
Assam,Lakhimpur,24,27,24-27 h,0.02083333395421505,0.8540887789555129,0.01779351675852796,0.0,NO ALERT,NO ALERT,20260706,00
Assam,Marigaon,24,27,24-27 h,0.0,0.3,0.0,0.0,NO ALERT,NO ALERT,20260706,00
Assam,Nagaon,24,27,24-27 h,0.2395833283662796,0.38673451003625536,0.09265514110858843,0.0,NO ALERT,NO ALERT,20260706,00
Assam,Nalbari,24,27,24-27 h,0.0,0.5554100332386462,0.0,0.0,NO ALERT,NO ALERT,20260706,00
Assam,North Cachar Hills,24,27,24-27 h,0.3303571343421936,1.1126078231817818,0.36755793211303944,0.0,NO ALERT,NO ALERT,20260706,00
Assam,Sibsagar,24,27,24-27 h,0.0,0.6339424569321858,0.0,0.0,NO ALERT,NO ALERT,20260706,00
Assam,Sonitpur,24,27,24-27 h,0.0625,0.3,0.01875,0.0,NO ALERT,NO ALERT,20260706,00
Assam,Tinsukia,24,27,24-27 h,0.0,0.3,0.0,0.0,NO ALERT,NO ALERT,20260706,00
Bihar,Araria,24,27,24-27 h,0.390625,0.5229429825116881,0.20427460254362817,0.0,NO ALERT,NO ALERT,20260706,00
Bihar,Aurangabad,24,27,24-27 h,0.0625,0.35000296398043534,0.02187518524877721,0.0,NO ALERT,NO ALERT,20260706,00
Bihar,Banka,24,27,24-27 h,0.0,0.7184756982670082,0.0,0.0,NO ALERT,NO ALERT,20260706,00
Bihar,Begusarai,24,27,24-27 h,0.0,2.5062878804279856,0.0,0.0,NO ALERT,NO ALERT,20260706,00
Bihar,Bhabua,24,27,24-27 h,0.3541666567325592,0.3407437709399486,0.12068008215624657,0.0,NO ALERT,NO ALERT,20260706,00
Bihar,Bhagalpur,24,27,24-27 h,0.7708333134651184,1.0689963787452375,0.8240180207104041,0.0,NO ALERT,NO ALERT,20260706,00
Bihar,Bhojpur,24,27,24-27 h,0.0,0.4776323743598687,0.0,0.0,NO ALERT,NO ALERT,20260706,00
Bihar,Buxar,24,27,24-27 h,0.09375,0.8075695227139618,0.07570964275443391,0.0,NO ALERT,NO ALERT,20260706,00
Bihar,Darbhanga,24,27,24-27 h,0.328125,3.0,0.984375,0.0,NO ALERT,NO ALERT,20260706,00
Bihar,Gaya,24,27,24-27 h,0.04374999925494194,0.363978205648116,0.01592404622592018,0.0,NO ALERT,NO ALERT,20260706,00
Bihar,Gopalganj,24,27,24-27 h,0.0,2.547002946333611,0.0,0.0,NO ALERT,NO ALERT,20260706,00
Bihar,Jamui,24,27,24-27 h,0.0,0.6349210991185491,0.0,0.0,NO ALERT,NO ALERT,20260706,00
Bihar,Jehanabad,24,27,24-27 h,0.0,0.5056413165810456,0.0,0.0,NO ALERT,NO ALERT,20260706,00
Bihar,Katihar,24,27,24-27 h,0.612500011920929,1.607854247376458,0.9848107456851969,0.0,NO ALERT,NO ALERT,20260706,00
Bihar,Khagaria,24,27,24-27 h,0.0,1.903639559935811,0.0,0.0,NO ALERT,NO ALERT,20260706,00
Bihar,Kishanganj,24,27,24-27 h,0.0,0.5333674240043547,0.0,0.0,NO ALERT,NO ALERT,20260706,00
Bihar,Lakhisarai,24,27,24-27 h,0.0,1.0458318462971934,0.0,0.0,NO ALERT,NO ALERT,20260706,00
Bihar,Madhepura,24,27,24-27 h,0.5,1.1618894539535725,0.5809447269767862,0.0,NO ALERT,NO ALERT,20260706,00
Bihar,Madhubani,24,27,24-27 h,0.0,1.4408870594945968,0.0,0.0,NO ALERT,NO ALERT,20260706,00
Bihar,Munger,24,27,24-27 h,0.0,1.0672109647237193,0.0,0.0,NO ALERT,NO ALERT,20260706,00
Bihar,Muzaffarpur,24,27,24-27 h,0.109375,2.179447337729882,0.23837705256420583,0.0,NO ALERT,NO ALERT,20260706,00
Bihar,Nalanda,24,27,24-27 h,0.125,1.0296407182961889,0.1287050897870236,0.0,NO ALERT,NO ALERT,20260706,00
Bihar,Nawada,24,27,24-27 h,0.0,0.4708261828175211,0.0,0.0,NO ALERT,NO ALERT,20260706,00
Bihar,Pashchim Champaran,24,27,24-27 h,0.046875,2.3983339096854386,0.11242190201650493,0.0,NO ALERT,NO ALERT,20260706,00
Bihar,Patna,24,27,24-27 h,0.203125,0.8338239891381003,0.16937049779367663,0.0,NO ALERT,NO ALERT,20260706,00
Bihar,Purba Champaran,24,27,24-27 h,0.012500000186264515,3.0,0.037500000558793545,0.0,NO ALERT,NO ALERT,20260706,00
Bihar,Purnia,24,27,24-27 h,0.9791666865348816,0.5942910400177946,0.5819099884915927,0.0,NO ALERT,NO ALERT,20260706,00
Bihar,Rohtas,24,27,24-27 h,0.02500000037252903,0.33297800858631404,0.008324450338701826,0.0,NO ALERT,NO ALERT,20260706,00
Bihar,Saharsa,24,27,24-27 h,0.3333333432674408,2.0970945990316596,0.6990315538433163,0.0,NO ALERT,NO ALERT,20260706,00
Bihar,Samastipur,24,27,24-27 h,0.125,2.7195437456214746,0.3399429682026843,0.0,NO ALERT,NO ALERT,20260706,00
Bihar,Saran,24,27,24-27 h,0.20000000298023224,0.9861629519125841,0.19723259332151144,0.0,NO ALERT,NO ALERT,20260706,00
Bihar,Sheikhpura,24,27,24-27 h,0.0,0.7062180227612795,0.0,0.0,NO ALERT,NO ALERT,20260706,00
Bihar,Sheohar,24,27,24-27 h,0.0,1.0,0.0,0.0,NO ALERT,NO ALERT,20260706,00
Madhya Pradesh,Tikamgarh,24,27,24-27 h,0.0803571417927742,3.0,0.2410714253783226,0.0,NO ALERT,NO ALERT,20260706,00
Madhya Pradesh,Ujjain,24,27,24-27 h,0.008928571827709675,0.3,0.0026785715483129023,0.0,NO ALERT,NO ALERT,20260706,00
Madhya Pradesh,Umaria,24,27,24-27 h,0.5104166865348816,0.3,0.15312500596046447,0.0,NO ALERT,NO ALERT,20260706,00
Madhya Pradesh,Vidisha,24,27,24-27 h,0.0,0.41390940472058413,0.0,0.0,NO ALERT,NO ALERT,20260706,00
Madhya Pradesh,West Nimar,24,27,24-27 h,0.01875000074505806,0.44485233351497017,0.008340981584846507,0.0,NO ALERT,NO ALERT,20260706,00
Maharashtra,Ahmednagar,24,27,24-27 h,0.836309552192688,0.3,0.2508928656578064,0.0,NO ALERT,NO ALERT,20260706,00
Maharashtra,Akola,24,27,24-27 h,0.25,0.6882367881901188,0.1720591970475297,0.0,NO ALERT,NO ALERT,20260706,00
Maharashtra,Amravati,24,27,24-27 h,0.0,0.9339314439149177,0.0,0.0,NO ALERT,NO ALERT,20260706,00
Maharashtra,Aurangabad,24,27,24-27 h,2.575000047683716,0.5067375479619736,1.3048492101652112,0.0,NO ALERT,NO ALERT,20260706,00
Maharashtra,Bhandara,24,27,24-27 h,0.0,0.44561608275608444,0.0,0.0,NO ALERT,NO ALERT,20260706,00
Maharashtra,Bid,24,27,24-27 h,0.0,0.6836711063440929,0.0,0.0,NO ALERT,NO ALERT,20260706,00
Maharashtra,Buldana,24,27,24-27 h,0.25,1.3375042100354553,0.3343760525088638,0.0,NO ALERT,NO ALERT,20260706,00
Maharashtra,Chandrapur,24,27,24-27 h,0.0,1.3798679824200135,0.0,0.0,NO ALERT,NO ALERT,20260706,00
Maharashtra,Dhule,24,27,24-27 h,1.125,0.3092955395113148,0.34795748195022913,0.0,NO ALERT,NO ALERT,20260706,00
Maharashtra,Garhchiroli,24,27,24-27 h,0.00937500037252903,0.7873463730204786,0.0073813725403763675,0.0,NO ALERT,NO ALERT,20260706,00
Maharashtra,Gondiya,24,27,24-27 h,0.0,0.604748128777892,0.0,0.0,NO ALERT,NO ALERT,20260706,00
Maharashtra,Greater Bombay,24,27,24-27 h,0.0,0.3,0.0,0.0,NO ALERT,NO ALERT,20260706,00
Maharashtra,Hingoli,24,27,24-27 h,0.0416666679084301,2.239290183539015,0.09330376042812763,0.0,NO ALERT,NO ALERT,20260706,00
Maharashtra,Jalgaon,24,27,24-27 h,0.28333333134651184,0.5762232307671074,0.16326324757249439,0.0,NO ALERT,NO ALERT,20260706,00
Maharashtra,Jalna,24,27,24-27 h,0.5687500238418579,3.0,1.7062500715255737,0.0,NO ALERT,NO ALERT,20260706,00
Maharashtra,Kolhapur,24,27,24-27 h,0.1875,0.41287151840747965,0.07741340970140244,0.0,NO ALERT,NO ALERT,20260706,00
Maharashtra,Latur,24,27,24-27 h,0.0,1.50430828029553,0.0,0.0,NO ALERT,NO ALERT,20260706,00
Maharashtra,Nagpur,24,27,24-27 h,0.0,0.5156920875720314,0.0,0.0,NO ALERT,NO ALERT,20260706,00
Maharashtra,Nanded,24,27,24-27 h,0.0,1.9327884430663378,0.0,0.0,NO ALERT,NO ALERT,20260706,00
Maharashtra,Nandurbar,24,27,24-27 h,0.25,0.3,0.075,0.0,NO ALERT,NO ALERT,20260706,00
Maharashtra,Nashik,24,27,24-27 h,1.0706521272659302,0.3,0.32119563817977903,0.0,NO ALERT,NO ALERT,20260706,00
Maharashtra,Osmanabad,24,27,24-27 h,0.005681818351149559,0.3793131751187402,0.0021551885592224645,0.0,NO ALERT,NO ALERT,20260706,00
Maharashtra,Parbhani,24,27,24-27 h,0.04374999925494194,3.0,0.13124999776482582,0.0,NO ALERT,NO ALERT,20260706,00
Madhya Pradesh,Balaghat,24,27,24-27 h,3.336538553237915,0.3,1.0009615659713744,0.0,NO ALERT,NO ALERT,20260706,00
Madhya Pradesh,Barwani,24,27,24-27 h,0.015625,0.336734408265465,0.005261475129147891,0.0,NO ALERT,NO ALERT,20260706,00
Madhya Pradesh,Betul,24,27,24-27 h,0.04296875,0.3,0.012890625,0.0,NO ALERT,NO ALERT,20260706,00
Madhya Pradesh,Bhind,24,27,24-27 h,0.0,3.0,0.0,0.0,NO ALERT,NO ALERT,20260706,00
Madhya Pradesh,Bhopal,24,27,24-27 h,0.0,0.364615889459979,0.0,0.0,NO ALERT,NO ALERT,20260706,00
Madhya Pradesh,Burhanpur,24,27,24-27 h,0.1145833358168602,1.2142310318773522,0.13913064208485532,0.0,NO ALERT,NO ALERT,20260706,00
Madhya Pradesh,Chhatarpur,24,27,24-27 h,1.3413461446762085,2.317805072305432,3.108978897847852,0.0,NO ALERT,NO ALERT,20260706,00
Madhya Pradesh,Chhindwara,24,27,24-27 h,0.0,0.3,0.0,0.0,NO ALERT,NO ALERT,20260706,00
Madhya Pradesh,Damoh,24,27,24-27 h,0.625,0.36117172586835916,0.22573232866772447,0.0,NO ALERT,NO ALERT,20260706,00
Rajasthan,Karauli,24,27,24-27 h,0.0,2.7439746691600675,0.0,0.0,NO ALERT,NO ALERT,20260706,00
Rajasthan,Kota,24,27,24-27 h,0.03750000149011612,2.9527826759430753,0.11072935474785439,0.0,NO ALERT,NO ALERT,20260706,00
Rajasthan,Nagaur,24,27,24-27 h,0.8149038553237915,1.1882893373752281,0.968341562267227,0.0,NO ALERT,NO ALERT,20260706,00
Rajasthan,Pali,24,27,24-27 h,0.533088207244873,0.3,0.1599264621734619,0.0,NO ALERT,NO ALERT,20260706,00
Rajasthan,Rajsamand,24,27,24-27 h,2.0982143878936768,0.3,0.629464316368103,0.0,NO ALERT,NO ALERT,20260706,00
Rajasthan,Sawai Madhopur,24,27,24-27 h,0.0,3.0,0.0,0.0,NO ALERT,NO ALERT,20260706,00
Rajasthan,Sikar,24,27,24-27 h,0.6041666865348816,1.51752888887864,0.9168404005147684,0.0,NO ALERT,NO ALERT,20260706,00
Rajasthan,Sirohi,24,27,24-27 h,1.328125,0.3,0.3984375,0.0,NO ALERT,NO ALERT,20260706,00
Tamil Nadu,Madurai,24,27,24-27 h,0.0,1.0,0.0,0.0,NO ALERT,NO ALERT,20260706,00
Tamil Nadu,Nagapattinam,24,27,24-27 h,0.0,3.0,0.0,0.0,NO ALERT,NO ALERT,20260706,00
Tamil Nadu,Namakkal,24,27,24-27 h,0.0,1.0,0.0,0.0,NO ALERT,NO ALERT,20260706,00
Tamil Nadu,Nilgiris,24,27,24-27 h,0.0,1.7038905536806261,0.0,0.0,NO ALERT,NO ALERT,20260706,00
Tamil Nadu,Perambalur,24,27,24-27 h,0.0,1.0,0.0,0.0,NO ALERT,NO ALERT,20260706,00
Tamil Nadu,Pudukkottai,24,27,24-27 h,0.0,1.0,0.0,0.0,NO ALERT,NO ALERT,20260706,00
Tamil Nadu,Ramanathapuram,24,27,24-27 h,0.0,1.0,0.0,0.0,NO ALERT,NO ALERT,20260706,00
Tamil Nadu,Salem,24,27,24-27 h,0.0,1.0,0.0,0.0,NO ALERT,NO ALERT,20260706,00
Andaman and Nicobar,Andaman Islands,24,27,24-27 h,0.0,1.0,0.0,0.0,NO ALERT,NO ALERT,20260706,00
Andaman and Nicobar,Nicobar Islands,24,27,24-27 h,0.0,1.0,0.0,0.0,NO ALERT,NO ALERT,20260706,00
Andhra Pradesh,Adilabad,24,27,24-27 h,0.0,3.0,0.0,0.0,NO ALERT,NO ALERT,20260706,00
Andhra Pradesh,Anantapur,24,27,24-27 h,0.002314814832061529,1.0,0.002314814832061529,0.0,NO ALERT,NO ALERT,20260706,00
Andhra Pradesh,Chittoor,24,27,24-27 h,0.0,1.0,0.0,0.0,NO ALERT,NO ALERT,20260706,00
Andhra Pradesh,Cuddapah,24,27,24-27 h,0.0,1.0,0.0,0.0,NO ALERT,NO ALERT,20260706,00
Andhra Pradesh,East Godavari,24,27,24-27 h,0.0036764706019312143,3.0,0.011029411805793643,0.0,NO ALERT,NO ALERT,20260706,00
Andhra Pradesh,Guntur,24,27,24-27 h,0.0,3.0,0.0,0.0,NO ALERT,NO ALERT,20260706,00
Andhra Pradesh,Hyderabad,24,27,24-27 h,0.0,1.0,0.0,0.0,NO ALERT,NO ALERT,20260706,00
Andhra Pradesh,Karimnagar,24,27,24-27 h,0.0,2.1393520898236744,0.0,0.0,NO ALERT,NO ALERT,20260706,00
Andhra Pradesh,Khammam,24,27,24-27 h,0.0,3.0,0.0,0.0,NO ALERT,NO ALERT,20260706,00
Andhra Pradesh,Krishna,24,27,24-27 h,0.0,3.0,0.0,0.0,NO ALERT,NO ALERT,20260706,00
Andhra Pradesh,Kurnool,24,27,24-27 h,0.0,3.0,0.0,0.0,NO ALERT,NO ALERT,20260706,00
Andhra Pradesh,Mahbubnagar,24,27,24-27 h,0.0,3.0,0.0,0.0,NO ALERT,NO ALERT,20260706,00
Andhra Pradesh,Medak,24,27,24-27 h,0.0,1.1350579038438837,0.0,0.0,NO ALERT,NO ALERT,20260706,00
Andhra Pradesh,Nalgonda,24,27,24-27 h,0.0,3.0,0.0,0.0,NO ALERT,NO ALERT,20260706,00
Andhra Pradesh,Nellore,24,27,24-27 h,0.0,1.0,0.0,0.0,NO ALERT,NO ALERT,20260706,00
Andhra Pradesh,Nizamabad,24,27,24-27 h,0.0,3.0,0.0,0.0,NO ALERT,NO ALERT,20260706,00
Andhra Pradesh,Prakasam,24,27,24-27 h,0.0,1.0,0.0,0.0,NO ALERT,NO ALERT,20260706,00
Andhra Pradesh,Rangareddi,24,27,24-27 h,0.0,2.274697750563405,0.0,0.0,NO ALERT,NO ALERT,20260706,00
Andhra Pradesh,Srikakulam,24,27,24-27 h,0.012500000186264515,3.0,0.037500000558793545,0.0,NO ALERT,NO ALERT,20260706,00
Andhra Pradesh,Vishakhapatnam,24,27,24-27 h,0.0,3.0,0.0,0.0,NO ALERT,NO ALERT,20260706,00
Andhra Pradesh,Vizianagaram,24,27,24-27 h,0.013888888992369175,3.0,0.041666666977107525,0.0,NO ALERT,NO ALERT,20260706,00
Andhra Pradesh,Warangal,24,27,24-27 h,0.0,3.0,0.0,0.0,NO ALERT,NO ALERT,20260706,00
Andhra Pradesh,West Godavari,24,27,24-27 h,0.0,3.0,0.0,0.0,NO ALERT,NO ALERT,20260706,00
Arunachal Pradesh,Changlang,24,27,24-27 h,0.0,0.3,0.0,0.0,NO ALERT,NO ALERT,20260706,00
Arunachal Pradesh,East Kameng,24,27,24-27 h,0.4375,0.4269880196000505,0.1868072585750221,0.0,NO ALERT,NO ALERT,20260706,00
Arunachal Pradesh,East Siang,24,27,24-27 h,0.1607142835855484,0.45628493034155115,0.07333150569072425,0.0,NO ALERT,NO ALERT,20260706,00
Arunachal Pradesh,Kurung Kumey,24,27,24-27 h,0.16875000298023224,0.7126390600047544,0.12025784349963221,0.0,NO ALERT,NO ALERT,20260706,00
Arunachal Pradesh,Lohit,24,27,24-27 h,0.21250000596046448,0.3,0.06375000178813935,0.0,NO ALERT,NO ALERT,20260706,00
Arunachal Pradesh,Lower Dibang Valley,24,27,24-27 h,0.640625,0.3,0.19218749999999998,0.0,NO ALERT,NO ALERT,20260706,00
Arunachal Pradesh,Lower Subansiri,24,27,24-27 h,0.5,0.6416184837284099,0.32080924186420495,0.0,NO ALERT,NO ALERT,20260706,00
Bihar,Sitamarhi,24,27,24-27 h,0.0,3.0,0.0,0.0,NO ALERT,NO ALERT,20260706,00
Bihar,Siwan,24,27,24-27 h,0.0416666679084301,1.4389760456555118,0.059957337022514164,0.0,NO ALERT,NO ALERT,20260706,00
Bihar,Supaul,24,27,24-27 h,0.0,0.890582586739991,0.0,0.0,NO ALERT,NO ALERT,20260706,00
Bihar,Vaishali,24,27,24-27 h,0.34375,1.2193520432551004,0.41915226486894075,0.0,NO ALERT,NO ALERT,20260706,00
Chandigarh,Chandigarh,24,27,24-27 h,0.0,1.1884359977669912,0.0,0.0,NO ALERT,NO ALERT,20260706,00
Chhattisgarh,Bastar,24,27,24-27 h,0.0028409091755747795,0.5807237067170128,0.0016497833068861588,0.0,NO ALERT,NO ALERT,20260706,00
Chhattisgarh,Bilaspur,24,27,24-27 h,0.0,0.3,0.0,0.0,NO ALERT,NO ALERT,20260706,00
Chhattisgarh,Dantewada,24,27,24-27 h,0.0,1.7403026932816885,0.0,0.0,NO ALERT,NO ALERT,20260706,00
Chhattisgarh,Dhamtari,24,27,24-27 h,0.0,0.3,0.0,0.0,NO ALERT,NO ALERT,20260706,00
Chhattisgarh,Durg,24,27,24-27 h,0.09375,0.3,0.028124999999999997,0.0,NO ALERT,NO ALERT,20260706,00
Chhattisgarh,Janjgir-Champa,24,27,24-27 h,0.0,0.3,0.0,0.0,NO ALERT,NO ALERT,20260706,00
Chhattisgarh,Jashpur,24,27,24-27 h,0.0,0.3,0.0,0.0,NO ALERT,NO ALERT,20260706,00
Chhattisgarh,Kanker,24,27,24-27 h,0.013888888992369175,0.31181627116571115,0.004330781576235047,0.0,NO ALERT,NO ALERT,20260706,00
Chhattisgarh,Kawardha,24,27,24-27 h,5.364583492279053,0.3,1.6093750476837159,0.0,NO ALERT,NO ALERT,20260706,00
Chhattisgarh,Korba,24,27,24-27 h,0.0,0.3,0.0,0.0,NO ALERT,NO ALERT,20260706,00
Chhattisgarh,Koriya,24,27,24-27 h,1.079545497894287,0.3,0.3238636493682861,0.0,NO ALERT,NO ALERT,20260706,00
Chhattisgarh,Mahasamund,24,27,24-27 h,0.0,0.3,0.0,0.0,NO ALERT,NO ALERT,20260706,00
Chhattisgarh,Raigarh,24,27,24-27 h,0.0,0.3,0.0,0.0,NO ALERT,NO ALERT,20260706,00
Chhattisgarh,Raipur,24,27,24-27 h,0.0,0.3,0.0,0.0,NO ALERT,NO ALERT,20260706,00
Chhattisgarh,Raj Nandgaon,24,27,24-27 h,0.011363636702299118,0.47455991292457994,0.00539272644394963,0.0,NO ALERT,NO ALERT,20260706,00
Chhattisgarh,Surguja,24,27,24-27 h,0.0078125,0.3,0.00234375,0.0,NO ALERT,NO ALERT,20260706,00
Dadra and Nagar Haveli,Dadra and Nagar Haveli,24,27,24-27 h,21.1875,0.3,6.35625,0.0,NO ALERT,NO ALERT,20260706,00
Daman and Diu,Daman,24,27,24-27 h,0.0,1.0,0.0,0.0,NO ALERT,NO ALERT,20260706,00
Daman and Diu,Junagadh,24,27,24-27 h,0.0,0.3,0.0,0.0,NO ALERT,NO ALERT,20260706,00
Delhi,Delhi,24,27,24-27 h,0.0,0.7680284695981865,0.0,0.0,NO ALERT,NO ALERT,20260706,00
Goa,North Goa,24,27,24-27 h,0.0,0.3,0.0,0.0,NO ALERT,NO ALERT,20260706,00
Goa,South Goa,24,27,24-27 h,0.0,0.3652758638408204,0.0,0.0,NO ALERT,NO ALERT,20260706,00
Gujarat,Ahmadabad,24,27,24-27 h,0.0,0.3,0.0,0.0,NO ALERT,NO ALERT,20260706,00
Gujarat,Amreli,24,27,24-27 h,0.0,0.3,0.0,0.0,NO ALERT,NO ALERT,20260706,00
Gujarat,Anand,24,27,24-27 h,0.0,0.3,0.0,0.0,NO ALERT,NO ALERT,20260706,00
Gujarat,Banas Kantha,24,27,24-27 h,0.0,0.3,0.0,0.0,NO ALERT,NO ALERT,20260706,00
Gujarat,Bharuch,24,27,24-27 h,0.0,0.3,0.0,0.0,NO ALERT,NO ALERT,20260706,00
Gujarat,Bhavnagar,24,27,24-27 h,0.011363636702299118,0.3,0.0034090910106897355,0.0,NO ALERT,NO ALERT,20260706,00
Gujarat,Dahod,24,27,24-27 h,0.0,0.3,0.0,0.0,NO ALERT,NO ALERT,20260706,00
Gujarat,Gandhinagar,24,27,24-27 h,0.0,0.3,0.0,0.0,NO ALERT,NO ALERT,20260706,00
Gujarat,Jamnagar,24,27,24-27 h,0.0,1.0297514316198848,0.0,0.0,NO ALERT,NO ALERT,20260706,00
Gujarat,Junagadh,24,27,24-27 h,0.0,0.3,0.0,0.0,NO ALERT,NO ALERT,20260706,00
Gujarat,Kachchh,24,27,24-27 h,0.0020833334419876337,1.0429478032131136,0.0021728080366814175,0.0,NO ALERT,NO ALERT,20260706,00
Gujarat,Kheda,24,27,24-27 h,0.0,0.3,0.0,0.0,NO ALERT,NO ALERT,20260706,00
Gujarat,Mahesana,24,27,24-27 h,0.01785714365541935,0.3,0.0053571430966258046,0.0,NO ALERT,NO ALERT,20260706,00
Gujarat,Narmada,24,27,24-27 h,0.078125,0.33628631261391084,0.026272368172961785,0.0,NO ALERT,NO ALERT,20260706,00
Gujarat,Navsari,24,27,24-27 h,0.109375,0.3,0.0328125,0.0,NO ALERT,NO ALERT,20260706,00
Gujarat,Panch Mahals,24,27,24-27 h,0.0,0.38515868720859836,0.0,0.0,NO ALERT,NO ALERT,20260706,00
Gujarat,Patan,24,27,24-27 h,0.0625,0.3,0.01875,0.0,NO ALERT,NO ALERT,20260706,00
Gujarat,Porbandar,24,27,24-27 h,0.0,3.0,0.0,0.0,NO ALERT,NO ALERT,20260706,00
Gujarat,Rajkot,24,27,24-27 h,0.0,0.3,0.0,0.0,NO ALERT,NO ALERT,20260706,00
Gujarat,Sabar Kantha,24,27,24-27 h,0.013888888992369175,0.3,0.004166666697710752,0.0,NO ALERT,NO ALERT,20260706,00
Gujarat,Surat,24,27,24-27 h,0.06875000149011612,0.32712919453700195,0.02249013261187937,0.0,NO ALERT,NO ALERT,20260706,00
Gujarat,Surendranagar,24,27,24-27 h,0.004166666883975267,0.3,0.00125000006519258,0.0,NO ALERT,NO ALERT,20260706,00
Gujarat,The Dangs,24,27,24-27 h,0.0,0.6236297049513208,0.0,0.0,NO ALERT,NO ALERT,20260706,00
Gujarat,Vadodara,24,27,24-27 h,0.015625,0.3522998571050929,0.005504685267267076,0.0,NO ALERT,NO ALERT,20260706,00
Gujarat,Valsad,24,27,24-27 h,4.140625,0.3,1.2421875,0.0,NO ALERT,NO ALERT,20260706,00
Haryana,Ambala,24,27,24-27 h,0.0,0.6762277229722136,0.0,0.0,NO ALERT,NO ALERT,20260706,00
Haryana,Bhiwani,24,27,24-27 h,0.4732142984867096,1.7078232852568205,0.808166397872074,0.0,NO ALERT,NO ALERT,20260706,00
Haryana,Faridabad,24,27,24-27 h,0.0,0.8712532145408735,0.0,0.0,NO ALERT,NO ALERT,20260706,00
Haryana,Fatehabad,24,27,24-27 h,0.0,1.0808056670009505,0.0,0.0,NO ALERT,NO ALERT,20260706,00
Haryana,Gurgaon,24,27,24-27 h,0.0,1.3004888747066055,0.0,0.0,NO ALERT,NO ALERT,20260706,00
Haryana,Hisar,24,27,24-27 h,0.7749999761581421,0.9496809693817465,0.7360027286286948,0.0,NO ALERT,NO ALERT,20260706,00
Haryana,Jhajjar,24,27,24-27 h,0.0,1.6618096732806247,0.0,0.0,NO ALERT,NO ALERT,20260706,00
Haryana,Jind,24,27,24-27 h,0.609375,0.7717056323525144,0.47025811971481346,0.0,NO ALERT,NO ALERT,20260706,00
Haryana,Kaithal,24,27,24-27 h,0.0,0.6331763172108541,0.0,0.0,NO ALERT,NO ALERT,20260706,00
Haryana,Karnal,24,27,24-27 h,0.0,0.5159404245146241,0.0,0.0,NO ALERT,NO ALERT,20260706,00
Haryana,Kurukshetra,24,27,24-27 h,0.0,0.6033338297736488,0.0,0.0,NO ALERT,NO ALERT,20260706,00
Haryana,Mahendragarh,24,27,24-27 h,0.0,1.1386681831985863,0.0,0.0,NO ALERT,NO ALERT,20260706,00
Haryana,Panchkula,24,27,24-27 h,0.0,0.6671410727647323,0.0,0.0,NO ALERT,NO ALERT,20260706,00
Haryana,Panipat,24,27,24-27 h,0.0,1.0415843239201417,0.0,0.0,NO ALERT,NO ALERT,20260706,00
Haryana,Rewari,24,27,24-27 h,0.0,1.1674745883169169,0.0,0.0,NO ALERT,NO ALERT,20260706,00
Haryana,Rohtak,24,27,24-27 h,0.3333333432674408,1.2603472433768046,0.42011576031269315,0.0,NO ALERT,NO ALERT,20260706,00
Haryana,Sirsa,24,27,24-27 h,0.1770833283662796,1.4831194250452018,0.2626357241516873,0.0,NO ALERT,NO ALERT,20260706,00
Haryana,Sonepat,24,27,24-27 h,0.0,0.7724164037051864,0.0,0.0,NO ALERT,NO ALERT,20260706,00
Haryana,Yamuna Nagar,24,27,24-27 h,0.34375,0.6918813868041921,0.23783422671394103,0.0,NO ALERT,NO ALERT,20260706,00
Himachal Pradesh,Bilaspur,24,27,24-27 h,0.0,0.43793651979773524,0.0,0.0,NO ALERT,NO ALERT,20260706,00
Himachal Pradesh,Chamba,24,27,24-27 h,0.0,0.47998853587409984,0.0,0.0,NO ALERT,NO ALERT,20260706,00
Himachal Pradesh,Hamirpur,24,27,24-27 h,0.0,0.3222888511402842,0.0,0.0,NO ALERT,NO ALERT,20260706,00
Himachal Pradesh,Kangra,24,27,24-27 h,0.03125,0.491764254011286,0.015367632937852687,0.0,NO ALERT,NO ALERT,20260706,00
Himachal Pradesh,Kinnaur,24,27,24-27 h,0.08522727340459824,0.5900100248843969,0.050284945702276304,0.0,NO ALERT,NO ALERT,20260706,00
Himachal Pradesh,Kullu,24,27,24-27 h,2.5,0.48471900161399284,1.211797504034982,0.0,NO ALERT,NO ALERT,20260706,00
Himachal Pradesh,Lahul and Spiti,24,27,24-27 h,0.1111111119389534,1.1034755877631228,0.12260839955385074,0.0,NO ALERT,NO ALERT,20260706,00
Himachal Pradesh,Mandi,24,27,24-27 h,0.17499999701976776,0.41181400265740536,0.07206744923774457,0.0,NO ALERT,NO ALERT,20260706,00
Himachal Pradesh,Shimla,24,27,24-27 h,0.0,0.38421361333609627,0.0,0.0,NO ALERT,NO ALERT,20260706,00
Himachal Pradesh,Sirmaur,24,27,24-27 h,0.0,0.5853734282891708,0.0,0.0,NO ALERT,NO ALERT,20260706,00
Himachal Pradesh,Solan,24,27,24-27 h,0.0,0.501145504684414,0.0,0.0,NO ALERT,NO ALERT,20260706,00
Himachal Pradesh,Una,24,27,24-27 h,0.0,0.5308169916656943,0.0,0.0,NO ALERT,NO ALERT,20260706,00
Jammu and Kashmir,Anantnag (Kashmir South),24,27,24-27 h,0.01785714365541935,1.3868985192801786,0.024766046094274533,0.0,NO ALERT,NO ALERT,20260706,00
Jammu and Kashmir,Bagdam,24,27,24-27 h,0.0,1.7381670057123004,0.0,0.0,NO ALERT,NO ALERT,20260706,00
Jammu and Kashmir,Baramula (Kashmir North),24,27,24-27 h,0.1875,2.3802491119877285,0.4462967084976991,0.0,NO ALERT,NO ALERT,20260706,00
Jammu and Kashmir,Doda,24,27,24-27 h,0.018382353708148003,0.9310309851117253,0.01711454088156921,0.0,NO ALERT,NO ALERT,20260706,00
Jammu and Kashmir,Jammu,24,27,24-27 h,0.828125,2.1214535699251704,1.7568287375942817,0.0,NO ALERT,NO ALERT,20260706,00
Jammu and Kashmir,Kargil,24,27,24-27 h,0.0027173913549631834,3.0,0.00815217406488955,0.0,NO ALERT,NO ALERT,20260706,00
Jammu and Kashmir,Kathua,24,27,24-27 h,0.0,0.7421973154339496,0.0,0.0,NO ALERT,NO ALERT,20260706,00
Jammu and Kashmir,Kupwara (Muzaffarabad),24,27,24-27 h,0.15000000596046448,2.805712758686526,0.4208569305263301,0.0,NO ALERT,NO ALERT,20260706,00
Jammu and Kashmir,Ladakh (Leh),24,27,24-27 h,0.02916666679084301,0.6253946944730077,0.018240678666455283,0.0,NO ALERT,NO ALERT,20260706,00
Jammu and Kashmir,Pulwama,24,27,24-27 h,0.0,3.0,0.0,0.0,NO ALERT,NO ALERT,20260706,00
Jammu and Kashmir,Punch,24,27,24-27 h,0.02500000037252903,0.9080148049822427,0.02270037046281794,0.0,NO ALERT,NO ALERT,20260706,00
Jammu and Kashmir,Rajauri,24,27,24-27 h,0.0,1.6908137329342856,0.0,0.0,NO ALERT,NO ALERT,20260706,00
Jammu and Kashmir,Srinagar,24,27,24-27 h,0.0,1.1768416745126433,0.0,0.0,NO ALERT,NO ALERT,20260706,00
Jammu and Kashmir,Udhampur,24,27,24-27 h,0.0,0.9046338825169598,0.0,0.0,NO ALERT,NO ALERT,20260706,00
Jharkhand,Bokaro,24,27,24-27 h,1.546875,0.43038052424230994,0.6657448734373231,0.0,NO ALERT,NO ALERT,20260706,00
Jharkhand,Chatra,24,27,24-27 h,0.0,0.47580298707457397,0.0,0.0,NO ALERT,NO ALERT,20260706,00
Jharkhand,Deoghar,24,27,24-27 h,0.0,0.43042539217912484,0.0,0.0,NO ALERT,NO ALERT,20260706,00
Jharkhand,Dhanbad,24,27,24-27 h,0.125,0.3,0.0375,0.0,NO ALERT,NO ALERT,20260706,00
Jharkhand,Dumka,24,27,24-27 h,0.0625,0.5747174401032172,0.03591984000645108,0.0,NO ALERT,NO ALERT,20260706,00
Jharkhand,Garhwa,24,27,24-27 h,0.0,0.3,0.0,0.0,NO ALERT,NO ALERT,20260706,00
Jharkhand,Giridih,24,27,24-27 h,0.015625,0.3,0.0046875,0.0,NO ALERT,NO ALERT,20260706,00
Jharkhand,Godda,24,27,24-27 h,0.5,1.241563229918693,0.6207816149593465,0.0,NO ALERT,NO ALERT,20260706,00
Jharkhand,Gumla,24,27,24-27 h,0.46875,0.3,0.140625,0.0,NO ALERT,NO ALERT,20260706,00
Jharkhand,Hazaribag,24,27,24-27 h,1.234375,0.42314411896564175,0.522318521848214,0.0,NO ALERT,NO ALERT,20260706,00
Jharkhand,Jamtara,24,27,24-27 h,0.0,0.46008470755189523,0.0,0.0,NO ALERT,NO ALERT,20260706,00
Jharkhand,Koderma,24,27,24-27 h,0.0,0.3039175085951896,0.0,0.0,NO ALERT,NO ALERT,20260706,00
Jharkhand,Latehar,24,27,24-27 h,0.0,0.3665391067324198,0.0,0.0,NO ALERT,NO ALERT,20260706,00
Jharkhand,Lohardaga,24,27,24-27 h,0.03125,0.39624014819091274,0.012382504630966023,0.0,NO ALERT,NO ALERT,20260706,00
Jharkhand,Pakur,24,27,24-27 h,0.28125,0.6035076534919583,0.16973652754461327,0.0,NO ALERT,NO ALERT,20260706,00
Jharkhand,Palamu,24,27,24-27 h,0.008928571827709675,0.3737988343625059,0.0033374897417197853,0.0,NO ALERT,NO ALERT,20260706,00
Jharkhand,Pashchim Singhbhum,24,27,24-27 h,0.2265625,0.45311129700376257,0.10265802822741496,0.0,NO ALERT,NO ALERT,20260706,00
Jharkhand,Purba Singhbhum,24,27,24-27 h,0.0625,0.9904194813681165,0.06190121758550728,0.0,NO ALERT,NO ALERT,20260706,00
Jharkhand,Ranchi,24,27,24-27 h,1.4886363744735718,0.43312750651481624,0.6447693609829944,0.0,NO ALERT,NO ALERT,20260706,00
Jharkhand,Sahibganj,24,27,24-27 h,0.23749999701976776,0.9271637311929378,0.2202013833951595,0.0,NO ALERT,NO ALERT,20260706,00
Jharkhand,Saraikela Kharsawan,24,27,24-27 h,0.02083333395421505,0.7038710866727816,0.014663981409370306,0.0,NO ALERT,NO ALERT,20260706,00
Jharkhand,Simdega,24,27,24-27 h,2.015625,0.3,0.6046874999999999,0.0,NO ALERT,NO ALERT,20260706,00
Karnataka,Bagalkot,24,27,24-27 h,0.0,1.1632799061220045,0.0,0.0,NO ALERT,NO ALERT,20260706,00
Karnataka,Bangalore Rural,24,27,24-27 h,0.0,3.0,0.0,0.0,NO ALERT,NO ALERT,20260706,00
Karnataka,Bangalore Urban,24,27,24-27 h,0.0,3.0,0.0,0.0,NO ALERT,NO ALERT,20260706,00
Karnataka,Belgaum,24,27,24-27 h,0.014705882407724857,0.8973372374527518,0.013196135894052847,0.0,NO ALERT,NO ALERT,20260706,00
Karnataka,Bellary,24,27,24-27 h,0.0,2.70287473371527,0.0,0.0,NO ALERT,NO ALERT,20260706,00
Karnataka,Bidar,24,27,24-27 h,0.0,1.0018766190120068,0.0,0.0,NO ALERT,NO ALERT,20260706,00
Karnataka,Bijapur,24,27,24-27 h,0.013392857275903225,3.0,0.040178571827709675,0.0,NO ALERT,NO ALERT,20260706,00
Karnataka,Chamrajnagar,24,27,24-27 h,0.0,3.0,0.0,0.0,NO ALERT,NO ALERT,20260706,00
Karnataka,Chikmagalur,24,27,24-27 h,0.0,0.9744358301784026,0.0,0.0,NO ALERT,NO ALERT,20260706,00
Karnataka,Chitradurga,24,27,24-27 h,0.0,3.0,0.0,0.0,NO ALERT,NO ALERT,20260706,00
Karnataka,Dakshin Kannad,24,27,24-27 h,0.0,0.48296471969249655,0.0,0.0,NO ALERT,NO ALERT,20260706,00
Karnataka,Davanagere,24,27,24-27 h,0.0,1.0634182151425726,0.0,0.0,NO ALERT,NO ALERT,20260706,00
Karnataka,Dharwad,24,27,24-27 h,0.0,0.6005924706507083,0.0,0.0,NO ALERT,NO ALERT,20260706,00
Karnataka,Gadag,24,27,24-27 h,0.0,1.0104995631984701,0.0,0.0,NO ALERT,NO ALERT,20260706,00
Karnataka,Gulbarga,24,27,24-27 h,0.0,1.3275990324998463,0.0,0.0,NO ALERT,NO ALERT,20260706,00
Karnataka,Hassan,24,27,24-27 h,0.03125,1.3953514149603434,0.04360473171751073,0.0,NO ALERT,NO ALERT,20260706,00
Karnataka,Haveri,24,27,24-27 h,0.05000000074505806,0.8339001601670177,0.041695008629654924,0.0,NO ALERT,NO ALERT,20260706,00
Karnataka,Kodagu,24,27,24-27 h,0.0,0.9891691490121184,0.0,0.0,NO ALERT,NO ALERT,20260706,00
Karnataka,Kolar,24,27,24-27 h,0.0,1.0,0.0,0.0,NO ALERT,NO ALERT,20260706,00
Karnataka,Koppal,24,27,24-27 h,0.008928571827709675,1.3672411486472411,0.012207510801497172,0.0,NO ALERT,NO ALERT,20260706,00
Karnataka,Mandya,24,27,24-27 h,0.0,3.0,0.0,0.0,NO ALERT,NO ALERT,20260706,00
Karnataka,Mysore,24,27,24-27 h,0.0,3.0,0.0,0.0,NO ALERT,NO ALERT,20260706,00
Karnataka,Raichur,24,27,24-27 h,0.0,1.9789763859973823,0.0,0.0,NO ALERT,NO ALERT,20260706,00
Karnataka,Shimoga,24,27,24-27 h,0.039772726595401764,0.6521122332003625,0.025936281560594895,0.0,NO ALERT,NO ALERT,20260706,00
Karnataka,Tumkur,24,27,24-27 h,0.028409091755747795,3.0,0.08522727526724339,0.0,NO ALERT,NO ALERT,20260706,00
Karnataka,Udupi,24,27,24-27 h,0.0,0.36293434267993313,0.0,0.0,NO ALERT,NO ALERT,20260706,00
Karnataka,Uttar Kannand,24,27,24-27 h,0.09134615212678909,0.4136012505834986,0.037780882755630484,0.0,NO ALERT,NO ALERT,20260706,00
Kerala,Alappuzha,24,27,24-27 h,0.0,2.864364265748771,0.0,0.0,NO ALERT,NO ALERT,20260706,00
Kerala,Ernakulam,24,27,24-27 h,0.0,0.8273595857165152,0.0,0.0,NO ALERT,NO ALERT,20260706,00
Kerala,Idukki,24,27,24-27 h,0.0,1.1481059089541104,0.0,0.0,NO ALERT,NO ALERT,20260706,00
Kerala,Kannur,24,27,24-27 h,0.0,0.39296054227725635,0.0,0.0,NO ALERT,NO ALERT,20260706,00
Kerala,Kasaragod,24,27,24-27 h,0.0,0.4895700959949935,0.0,0.0,NO ALERT,NO ALERT,20260706,00
Kerala,Kollam,24,27,24-27 h,0.0,0.9608015244614043,0.0,0.0,NO ALERT,NO ALERT,20260706,00
Kerala,Kottayam,24,27,24-27 h,0.0,0.9196575889749057,0.0,0.0,NO ALERT,NO ALERT,20260706,00
Kerala,Kozhikode,24,27,24-27 h,0.0,0.37264617476151884,0.0,0.0,NO ALERT,NO ALERT,20260706,00
Kerala,Malappuram,24,27,24-27 h,0.0,0.44261788343885,0.0,0.0,NO ALERT,NO ALERT,20260706,00
Kerala,Palakkad,24,27,24-27 h,0.0,0.5302180666602749,0.0,0.0,NO ALERT,NO ALERT,20260706,00
Kerala,Pattanamtitta,24,27,24-27 h,0.0,0.7477207744636957,0.0,0.0,NO ALERT,NO ALERT,20260706,00
Kerala,Thiruvananthapuram,24,27,24-27 h,0.0,1.3040197822546657,0.0,0.0,NO ALERT,NO ALERT,20260706,00
Kerala,Thrissur,24,27,24-27 h,0.09375,0.842598859765623,0.07899364310302716,0.0,NO ALERT,NO ALERT,20260706,00
Kerala,Wayanad,24,27,24-27 h,0.0,0.9148688962922525,0.0,0.0,NO ALERT,NO ALERT,20260706,00
Lakshadweep,Kavaratti,24,27,24-27 h,0.0,1.0,0.0,0.0,NO ALERT,NO ALERT,20260706,00
Madhya Pradesh,Anuppur,24,27,24-27 h,5.5,0.3,1.65,0.0,NO ALERT,NO ALERT,20260706,00
Madhya Pradesh,Ashoknagar,24,27,24-27 h,0.0,0.9519252256221402,0.0,0.0,NO ALERT,NO ALERT,20260706,00
Madhya Pradesh,Datia,24,27,24-27 h,0.0,1.0,0.0,0.0,NO ALERT,NO ALERT,20260706,00
Madhya Pradesh,Dewas,24,27,24-27 h,0.0972222238779068,0.3,0.02916666716337204,0.0,NO ALERT,NO ALERT,20260706,00
Madhya Pradesh,Dhar,24,27,24-27 h,0.1875,0.3,0.056249999999999994,0.0,NO ALERT,NO ALERT,20260706,00
Madhya Pradesh,Dindori,24,27,24-27 h,0.0714285746216774,0.3,0.021428572386503218,0.0,NO ALERT,NO ALERT,20260706,00
Madhya Pradesh,East Nimar,24,27,24-27 h,0.01875000074505806,0.30123901134156544,0.005648231687094905,0.0,NO ALERT,NO ALERT,20260706,00
Madhya Pradesh,Guna,24,27,24-27 h,0.0,0.44732070879630687,0.0,0.0,NO ALERT,NO ALERT,20260706,00
Madhya Pradesh,Gwalior,24,27,24-27 h,0.0,1.0,0.0,0.0,NO ALERT,NO ALERT,20260706,00
Madhya Pradesh,Harda,24,27,24-27 h,0.3958333432674408,0.3,0.11875000298023224,0.0,NO ALERT,NO ALERT,20260706,00
Madhya Pradesh,Hoshangabad,24,27,24-27 h,0.0,0.3,0.0,0.0,NO ALERT,NO ALERT,20260706,00
Madhya Pradesh,Indore,24,27,24-27 h,0.3482142984867096,0.3,0.10446428954601288,0.0,NO ALERT,NO ALERT,20260706,00
Madhya Pradesh,Jabalpur,24,27,24-27 h,0.25,0.3,0.075,0.0,NO ALERT,NO ALERT,20260706,00
Madhya Pradesh,Jhabua,24,27,24-27 h,0.06875000149011612,0.3,0.020625000447034834,0.0,NO ALERT,NO ALERT,20260706,00
Madhya Pradesh,Katni,24,27,24-27 h,4.36805534362793,0.32230547985936164,1.4078481735802486,0.0,NO ALERT,NO ALERT,20260706,00
Madhya Pradesh,Mandla,24,27,24-27 h,0.65625,0.3,0.196875,0.0,NO ALERT,NO ALERT,20260706,00
Madhya Pradesh,Mandsaur,24,27,24-27 h,0.4583333432674408,0.3805572499288874,0.17442207666457002,0.0,NO ALERT,NO ALERT,20260706,00
Madhya Pradesh,Morena,24,27,24-27 h,0.0,3.0,0.0,0.0,NO ALERT,NO ALERT,20260706,00
Madhya Pradesh,Narsinghpur,24,27,24-27 h,0.0,0.3,0.0,0.0,NO ALERT,NO ALERT,20260706,00
Madhya Pradesh,Neemuch,24,27,24-27 h,0.1979166716337204,0.7317338523203192,0.14482232857295788,0.0,NO ALERT,NO ALERT,20260706,00
Madhya Pradesh,Panna,24,27,24-27 h,3.8888888359069824,0.4184968595164538,1.62748776483567,0.0,NO ALERT,NO ALERT,20260706,00
Madhya Pradesh,Raisen,24,27,24-27 h,0.0,0.3,0.0,0.0,NO ALERT,NO ALERT,20260706,00
Madhya Pradesh,Rajgarh,24,27,24-27 h,0.0,0.676433949885283,0.0,0.0,NO ALERT,NO ALERT,20260706,00
Madhya Pradesh,Ratlam,24,27,24-27 h,0.21875,0.3,0.065625,0.0,NO ALERT,NO ALERT,20260706,00
Madhya Pradesh,Rewa,24,27,24-27 h,0.1527777761220932,0.38712886212107545,0.05914468662753435,0.0,NO ALERT,NO ALERT,20260706,00
Madhya Pradesh,Sagar,24,27,24-27 h,0.0,0.3,0.0,0.0,NO ALERT,NO ALERT,20260706,00
Madhya Pradesh,Satna,24,27,24-27 h,0.46022728085517883,0.4227753173004938,0.1945727346938917,0.0,NO ALERT,NO ALERT,20260706,00
Madhya Pradesh,Sehore,24,27,24-27 h,0.3515625,0.3,0.10546875,0.0,NO ALERT,NO ALERT,20260706,00
Madhya Pradesh,Seoni,24,27,24-27 h,7.899038314819336,0.3,2.369711494445801,0.0,NO ALERT,NO ALERT,20260706,00
Madhya Pradesh,Shahdol,24,27,24-27 h,1.9375,0.3,0.5812499999999999,0.0,NO ALERT,NO ALERT,20260706,00
Madhya Pradesh,Shajapur,24,27,24-27 h,0.2670454680919647,0.3,0.08011364042758941,0.0,NO ALERT,NO ALERT,20260706,00
Madhya Pradesh,Sheopur,24,27,24-27 h,0.0,3.0,0.0,0.0,NO ALERT,NO ALERT,20260706,00
Madhya Pradesh,Shivpuri,24,27,24-27 h,0.0,3.0,0.0,0.0,NO ALERT,NO ALERT,20260706,00
Madhya Pradesh,Sidhi,24,27,24-27 h,0.23046875,0.399988705397733,0.09218489694713378,0.0,NO ALERT,NO ALERT,20260706,00
Maharashtra,Pune,24,27,24-27 h,0.0,0.3,0.0,0.0,NO ALERT,NO ALERT,20260706,00
Maharashtra,Raigarh,24,27,24-27 h,0.0,0.3,0.0,0.0,NO ALERT,NO ALERT,20260706,00
Maharashtra,Ratnagiri,24,27,24-27 h,0.0,0.3,0.0,0.0,NO ALERT,NO ALERT,20260706,00
Maharashtra,Sangli,24,27,24-27 h,0.0,0.3,0.0,0.0,NO ALERT,NO ALERT,20260706,00
Maharashtra,Satara,24,27,24-27 h,0.0,0.3,0.0,0.0,NO ALERT,NO ALERT,20260706,00
Maharashtra,Sindhudurg,24,27,24-27 h,0.0,0.3,0.0,0.0,NO ALERT,NO ALERT,20260706,00
Maharashtra,Solapur,24,27,24-27 h,0.0,0.3,0.0,0.0,NO ALERT,NO ALERT,20260706,00
Maharashtra,Thane,24,27,24-27 h,1.734375,0.3,0.5203125,0.0,NO ALERT,NO ALERT,20260706,00
Maharashtra,Wardha,24,27,24-27 h,0.0,0.8277061142287497,0.0,0.0,NO ALERT,NO ALERT,20260706,00
Maharashtra,Washim,24,27,24-27 h,0.02083333395421505,0.6548512185328705,0.013642734126019952,0.0,NO ALERT,NO ALERT,20260706,00
Maharashtra,Yavatmal,24,27,24-27 h,0.0,1.1672216749493405,0.0,0.0,NO ALERT,NO ALERT,20260706,00
Manipur,Bishnupur,24,27,24-27 h,0.0,0.44222804670987065,0.0,0.0,NO ALERT,NO ALERT,20260706,00
Manipur,Chandel,24,27,24-27 h,0.0,0.4353368800524707,0.0,0.0,NO ALERT,NO ALERT,20260706,00
Manipur,Churachandpur,24,27,24-27 h,0.0,0.350797188232678,0.0,0.0,NO ALERT,NO ALERT,20260706,00
Manipur,East Imphal,24,27,24-27 h,0.0,0.34679034457550556,0.0,0.0,NO ALERT,NO ALERT,20260706,00
Manipur,Senapati,24,27,24-27 h,0.03750000149011612,0.40549794487557334,0.015206173537073025,0.0,NO ALERT,NO ALERT,20260706,00
Manipur,Tamenglong,24,27,24-27 h,0.2916666567325592,0.47901291702576343,0.1397120960406152,0.0,NO ALERT,NO ALERT,20260706,00
Manipur,Thoubal,24,27,24-27 h,0.0,0.5006320786802736,0.0,0.0,NO ALERT,NO ALERT,20260706,00
Manipur,Ukhrul,24,27,24-27 h,0.1666666716337204,0.5601360196084298,0.09335600605029734,0.0,NO ALERT,NO ALERT,20260706,00
Manipur,West Imphal,24,27,24-27 h,0.0,1.0,0.0,0.0,NO ALERT,NO ALERT,20260706,00
Meghalaya,East Garo Hills,24,27,24-27 h,0.0,0.5096870049480084,0.0,0.0,NO ALERT,NO ALERT,20260706,00
Meghalaya,East Khasi Hills,24,27,24-27 h,0.0,0.5445849739225571,0.0,0.0,NO ALERT,NO ALERT,20260706,00
Meghalaya,Jaintia Hills,24,27,24-27 h,0.28125,0.3344285796853742,0.0940580380365115,0.0,NO ALERT,NO ALERT,20260706,00
Meghalaya,Ri-Bhoi,24,27,24-27 h,0.0,0.3754843171484303,0.0,0.0,NO ALERT,NO ALERT,20260706,00
Meghalaya,South Garo Hills,24,27,24-27 h,0.0,1.1985655828274717,0.0,0.0,NO ALERT,NO ALERT,20260706,00
Meghalaya,West Garo Hills,24,27,24-27 h,0.05000000074505806,1.4164832395577518,0.07082416303324984,0.0,NO ALERT,NO ALERT,20260706,00
Meghalaya,West Khasi Hills,24,27,24-27 h,0.0,0.7688290212309257,0.0,0.0,NO ALERT,NO ALERT,20260706,00
Mizoram,Aizawl,24,27,24-27 h,0.0,0.35958444336345213,0.0,0.0,NO ALERT,NO ALERT,20260706,00
Mizoram,Champhai,24,27,24-27 h,0.0,0.393379226133291,0.0,0.0,NO ALERT,NO ALERT,20260706,00
Mizoram,Kolasib,24,27,24-27 h,0.0,0.8142673026091504,0.0,0.0,NO ALERT,NO ALERT,20260706,00
Mizoram,Lawngtlai,24,27,24-27 h,0.0,0.3,0.0,0.0,NO ALERT,NO ALERT,20260706,00
Mizoram,Lunglei,24,27,24-27 h,0.0,0.34255624595576245,0.0,0.0,NO ALERT,NO ALERT,20260706,00
Mizoram,Mamit,24,27,24-27 h,0.0,0.6080090530356378,0.0,0.0,NO ALERT,NO ALERT,20260706,00
Mizoram,Saiha,24,27,24-27 h,0.0,0.3,0.0,0.0,NO ALERT,NO ALERT,20260706,00
Mizoram,Serchhip,24,27,24-27 h,0.0,0.3,0.0,0.0,NO ALERT,NO ALERT,20260706,00
Nagaland,Dimapur,24,27,24-27 h,0.0,0.6956002689591826,0.0,0.0,NO ALERT,NO ALERT,20260706,00
Nagaland,Kohima,24,27,24-27 h,0.22499999403953552,0.42200076411911747,0.09495016941148086,0.0,NO ALERT,NO ALERT,20260706,00
Nagaland,Mokokchung,24,27,24-27 h,0.0,0.6004559914526765,0.0,0.0,NO ALERT,NO ALERT,20260706,00
Nagaland,Mon,24,27,24-27 h,0.0,0.35697456601861516,0.0,0.0,NO ALERT,NO ALERT,20260706,00
Nagaland,Phek,24,27,24-27 h,0.125,0.4705958392700629,0.05882447990875786,0.0,NO ALERT,NO ALERT,20260706,00
Nagaland,Tuensang,24,27,24-27 h,0.0,0.307336347541769,0.0,0.0,NO ALERT,NO ALERT,20260706,00
Nagaland,Wokha,24,27,24-27 h,0.02083333395421505,0.9768878268305281,0.020351830332167795,0.0,NO ALERT,NO ALERT,20260706,00
Nagaland,Zunheboto,24,27,24-27 h,0.0,0.3,0.0,0.0,NO ALERT,NO ALERT,20260706,00
Orissa,Angul,24,27,24-27 h,0.0,0.3,0.0,0.0,NO ALERT,NO ALERT,20260706,00
Orissa,Baleshwar,24,27,24-27 h,0.012500000186264515,0.3,0.0037500000558793544,0.0,NO ALERT,NO ALERT,20260706,00
Orissa,Baragarh,24,27,24-27 h,0.0,0.3,0.0,0.0,NO ALERT,NO ALERT,20260706,00
Orissa,Bhadrak,24,27,24-27 h,0.03125,0.7178511116268625,0.022432847238339455,0.0,NO ALERT,NO ALERT,20260706,00
Orissa,Bolangir,24,27,24-27 h,0.0,0.3,0.0,0.0,NO ALERT,NO ALERT,20260706,00
Orissa,Boudh,24,27,24-27 h,0.0,0.46951847237716815,0.0,0.0,NO ALERT,NO ALERT,20260706,00
Orissa,Cuttack,24,27,24-27 h,0.0,3.0,0.0,0.0,NO ALERT,NO ALERT,20260706,00
Orissa,Deogarh,24,27,24-27 h,0.0,0.5670237411043358,0.0,0.0,NO ALERT,NO ALERT,20260706,00
Orissa,Dhenkanal,24,27,24-27 h,0.0,0.5066672121395331,0.0,0.0,NO ALERT,NO ALERT,20260706,00
Orissa,Gajapati,24,27,24-27 h,0.046875,3.0,0.140625,0.0,NO ALERT,NO ALERT,20260706,00
Orissa,Ganjam,24,27,24-27 h,0.010416666977107525,3.0,0.031250000931322575,0.0,NO ALERT,NO ALERT,20260706,00
Orissa,Jagatsinghpur,24,27,24-27 h,0.0,1.2982877185824837,0.0,0.0,NO ALERT,NO ALERT,20260706,00
Orissa,Jajpur,24,27,24-27 h,0.012500000186264515,1.0825360884765436,0.013531701307594854,0.0,NO ALERT,NO ALERT,20260706,00
Orissa,Jharsuguda,24,27,24-27 h,0.0,0.3,0.0,0.0,NO ALERT,NO ALERT,20260706,00
Orissa,Kalahandi,24,27,24-27 h,0.0,0.796623750187142,0.0,0.0,NO ALERT,NO ALERT,20260706,00
Orissa,Kandhamal,24,27,24-27 h,0.022727273404598236,1.1397211880580418,0.025902755046008637,0.0,NO ALERT,NO ALERT,20260706,00
Orissa,Kendrapara,24,27,24-27 h,0.0,1.2406367579898423,0.0,0.0,NO ALERT,NO ALERT,20260706,00
Orissa,Keonjhar,24,27,24-27 h,0.2708333432674408,0.3,0.08125000298023223,0.0,NO ALERT,NO ALERT,20260706,00
Orissa,Khordha,24,27,24-27 h,0.0,3.0,0.0,0.0,NO ALERT,NO ALERT,20260706,00
Orissa,Koraput,24,27,24-27 h,0.028409091755747795,3.0,0.08522727526724339,0.0,NO ALERT,NO ALERT,20260706,00
Orissa,Malkangiri,24,27,24-27 h,0.0,3.0,0.0,0.0,NO ALERT,NO ALERT,20260706,00
Orissa,Mayurbhanj,24,27,24-27 h,0.13970588147640228,0.6410187849222774,0.08955409439049909,0.0,NO ALERT,NO ALERT,20260706,00
Orissa,Nabarangpur,24,27,24-27 h,0.015625,0.9520565250907196,0.014875883204542494,0.0,NO ALERT,NO ALERT,20260706,00
Orissa,Nayagarh,24,27,24-27 h,0.0,2.7627565849527578,0.0,0.0,NO ALERT,NO ALERT,20260706,00
Orissa,Nuapada,24,27,24-27 h,0.0,0.3,0.0,0.0,NO ALERT,NO ALERT,20260706,00
Orissa,Puri,24,27,24-27 h,0.0,1.1682139811417622,0.0,0.0,NO ALERT,NO ALERT,20260706,00
Orissa,Rayagada,24,27,24-27 h,0.02500000037252903,3.0,0.07500000111758709,0.0,NO ALERT,NO ALERT,20260706,00
Orissa,Sambalpur,24,27,24-27 h,0.20454545319080353,0.3,0.06136363595724106,0.0,NO ALERT,NO ALERT,20260706,00
Orissa,Sonepur,24,27,24-27 h,0.0,0.3,0.0,0.0,NO ALERT,NO ALERT,20260706,00
Orissa,Sundargarh,24,27,24-27 h,1.447115421295166,0.4166264730089146,0.6029065940110145,0.0,NO ALERT,NO ALERT,20260706,00
Puducherry,Karaikal,24,27,24-27 h,0.0,1.0,0.0,0.0,NO ALERT,NO ALERT,20260706,00
Puducherry,Mahe,24,27,24-27 h,0.0,1.0,0.0,0.0,NO ALERT,NO ALERT,20260706,00
Puducherry,Puducherry,24,27,24-27 h,0.0,1.0,0.0,0.0,NO ALERT,NO ALERT,20260706,00
Puducherry,Yanam,24,27,24-27 h,0.0,1.0,0.0,0.0,NO ALERT,NO ALERT,20260706,00
Punjab,Amritsar,24,27,24-27 h,1.6428571939468384,3.0,4.928571581840515,0.0,NO ALERT,NO ALERT,20260706,00
Punjab,Bathinda,24,27,24-27 h,0.0892857164144516,1.0063742042286778,0.08985484180558113,0.0,NO ALERT,NO ALERT,20260706,00
Punjab,Faridkot,24,27,24-27 h,0.9375,1.8166795132507056,1.7031370436725366,0.0,NO ALERT,NO ALERT,20260706,00
Punjab,Fatehgarh Sahib,24,27,24-27 h,0.0,0.7625669248111632,0.0,0.0,NO ALERT,NO ALERT,20260706,00
Punjab,Firozpur,24,27,24-27 h,0.3515625,3.0,1.0546875,0.0,NO ALERT,NO ALERT,20260706,00
Punjab,Gurdaspur,24,27,24-27 h,0.28125,1.0172791491901219,0.28610976070972177,0.0,NO ALERT,NO ALERT,20260706,00
Punjab,Hoshiarpur,24,27,24-27 h,0.0,1.1158502745357433,0.0,0.0,NO ALERT,NO ALERT,20260706,00
Punjab,Jalandhar,24,27,24-27 h,0.0,0.6683787736223664,0.0,0.0,NO ALERT,NO ALERT,20260706,00
Punjab,Kapurthala,24,27,24-27 h,0.3125,0.8043488797650564,0.25135902492658013,0.0,NO ALERT,NO ALERT,20260706,00
Punjab,Ludhiana,24,27,24-27 h,0.0,0.6367384031963071,0.0,0.0,NO ALERT,NO ALERT,20260706,00
Punjab,Mansa,24,27,24-27 h,0.0,0.8554010609701591,0.0,0.0,NO ALERT,NO ALERT,20260706,00
Punjab,Moga,24,27,24-27 h,0.578125,1.9260465396022144,1.1134956557075302,0.0,NO ALERT,NO ALERT,20260706,00
Punjab,Muktsar,24,27,24-27 h,0.3333333432674408,1.6273890495298178,0.542463032676597,0.0,NO ALERT,NO ALERT,20260706,00
Punjab,Nawan Shehar,24,27,24-27 h,0.0,0.7376809676905092,0.0,0.0,NO ALERT,NO ALERT,20260706,00
Punjab,Patiala,24,27,24-27 h,0.0520833320915699,0.9906891001535867,0.05159838940279781,0.0,NO ALERT,NO ALERT,20260706,00
Punjab,Rupnagar,24,27,24-27 h,0.0,0.596268251978758,0.0,0.0,NO ALERT,NO ALERT,20260706,00
Punjab,Sangrur,24,27,24-27 h,0.0,0.6431007768751102,0.0,0.0,NO ALERT,NO ALERT,20260706,00
Rajasthan,Ajmer,24,27,24-27 h,1.5458333492279053,0.5105660303364602,0.7892499966770066,0.0,NO ALERT,NO ALERT,20260706,00
Rajasthan,Alwar,24,27,24-27 h,0.0,1.763920291704763,0.0,0.0,NO ALERT,NO ALERT,20260706,00
Rajasthan,Banswara,24,27,24-27 h,0.4017857015132904,0.3,0.12053571045398712,0.0,NO ALERT,NO ALERT,20260706,00
Rajasthan,Baran,24,27,24-27 h,0.0,1.9242101184358293,0.0,0.0,NO ALERT,NO ALERT,20260706,00
Rajasthan,Barmer,24,27,24-27 h,0.0,0.9889290802263309,0.0,0.0,NO ALERT,NO ALERT,20260706,00
Rajasthan,Bharatpur,24,27,24-27 h,0.0,1.333984920453584,0.0,0.0,NO ALERT,NO ALERT,20260706,00
Rajasthan,Bhilwara,24,27,24-27 h,0.3660714328289032,0.3633962326272162,0.13302897956247045,0.0,NO ALERT,NO ALERT,20260706,00
Rajasthan,Bikaner,24,27,24-27 h,0.03205128386616707,3.0,0.0961538515985012,0.0,NO ALERT,NO ALERT,20260706,00
Rajasthan,Bundi,24,27,24-27 h,0.0,3.0,0.0,0.0,NO ALERT,NO ALERT,20260706,00
Rajasthan,Chittaurgarh,24,27,24-27 h,0.4910714328289032,0.3,0.14732142984867094,0.0,NO ALERT,NO ALERT,20260706,00
Rajasthan,Churu,24,27,24-27 h,0.932692289352417,1.401563284200734,1.307227268213475,0.0,NO ALERT,NO ALERT,20260706,00
Rajasthan,Dausa,24,27,24-27 h,0.0,2.1134477396397804,0.0,0.0,NO ALERT,NO ALERT,20260706,00
Rajasthan,Dhaulpur,24,27,24-27 h,0.0,3.0,0.0,0.0,NO ALERT,NO ALERT,20260706,00
Rajasthan,Dungarpur,24,27,24-27 h,0.02500000037252903,0.3,0.007500000111758709,0.0,NO ALERT,NO ALERT,20260706,00
Rajasthan,Ganganagar,24,27,24-27 h,0.0625,1.0,0.0625,0.0,NO ALERT,NO ALERT,20260706,00
Rajasthan,Hanumangarh,24,27,24-27 h,1.0669642686843872,1.571559761267069,1.6767981113741286,0.0,NO ALERT,NO ALERT,20260706,00
Rajasthan,Jaipur,24,27,24-27 h,0.03750000149011612,2.075984689161689,0.07784942893702158,0.0,NO ALERT,NO ALERT,20260706,00
Rajasthan,Jaisalmer,24,27,24-27 h,0.0,1.0,0.0,0.0,NO ALERT,NO ALERT,20260706,00
Rajasthan,Jalor,24,27,24-27 h,0.0,0.3,0.0,0.0,NO ALERT,NO ALERT,20260706,00
Rajasthan,Jhalawar,24,27,24-27 h,0.0,0.5632776631707748,0.0,0.0,NO ALERT,NO ALERT,20260706,00
Rajasthan,Jhunjhunun,24,27,24-27 h,0.328125,1.2604511264027094,0.41358552585088904,0.0,NO ALERT,NO ALERT,20260706,00
Rajasthan,Jodhpur,24,27,24-27 h,0.056985292583703995,0.8001683993228174,0.04559783035164484,0.0,NO ALERT,NO ALERT,20260706,00
Rajasthan,Tonk,24,27,24-27 h,0.0069444444961845875,3.0,0.020833333488553762,0.0,NO ALERT,NO ALERT,20260706,00
Rajasthan,Udaipur,24,27,24-27 h,0.6631944179534912,0.3,0.19895832538604735,0.0,NO ALERT,NO ALERT,20260706,00
Sikkim,East,24,27,24-27 h,3.3125,2.23108818195037,7.390479602710601,0.0,NO ALERT,NO ALERT,20260706,00
Sikkim,North Sikkim,24,27,24-27 h,0.0,2.347754056512395,0.0,0.0,NO ALERT,NO ALERT,20260706,00
Sikkim,South Sikkim,24,27,24-27 h,0.0,1.0,0.0,0.0,NO ALERT,NO ALERT,20260706,00
Sikkim,West Sikkim,24,27,24-27 h,0.03125,3.0,0.09375,0.0,NO ALERT,NO ALERT,20260706,00
Tamil Nadu,Ariyalur,24,27,24-27 h,0.0,1.0,0.0,0.0,NO ALERT,NO ALERT,20260706,00
Tamil Nadu,Chennai,24,27,24-27 h,0.0,1.0,0.0,0.0,NO ALERT,NO ALERT,20260706,00
Tamil Nadu,Coimbatore,24,27,24-27 h,0.02604166604578495,3.0,0.07812499813735485,0.0,NO ALERT,NO ALERT,20260706,00
Tamil Nadu,Cuddalore,24,27,24-27 h,0.0,1.0,0.0,0.0,NO ALERT,NO ALERT,20260706,00
Tamil Nadu,Dharmapuri,24,27,24-27 h,0.0,1.0,0.0,0.0,NO ALERT,NO ALERT,20260706,00
Tamil Nadu,Dindigul,24,27,24-27 h,0.0,1.0,0.0,0.0,NO ALERT,NO ALERT,20260706,00
Tamil Nadu,Erode,24,27,24-27 h,0.0,1.0,0.0,0.0,NO ALERT,NO ALERT,20260706,00
Tamil Nadu,Kancheepuram,24,27,24-27 h,0.0,1.0,0.0,0.0,NO ALERT,NO ALERT,20260706,00
Tamil Nadu,Kanniyakumari,24,27,24-27 h,0.0,2.3327618361136246,0.0,0.0,NO ALERT,NO ALERT,20260706,00
Tamil Nadu,Karur,24,27,24-27 h,0.0,1.0,0.0,0.0,NO ALERT,NO ALERT,20260706,00
Tamil Nadu,Sivaganga,24,27,24-27 h,0.0,1.0,0.0,0.0,NO ALERT,NO ALERT,20260706,00
Tamil Nadu,Thanjavur,24,27,24-27 h,0.0,1.0,0.0,0.0,NO ALERT,NO ALERT,20260706,00
Tamil Nadu,Theni,24,27,24-27 h,0.0,3.0,0.0,0.0,NO ALERT,NO ALERT,20260706,00
Tamil Nadu,Thiruvallur,24,27,24-27 h,0.0,1.0,0.0,0.0,NO ALERT,NO ALERT,20260706,00
Tamil Nadu,Thiruvarur,24,27,24-27 h,0.0,3.0,0.0,0.0,NO ALERT,NO ALERT,20260706,00
Tamil Nadu,Thoothukudi,24,27,24-27 h,0.0,1.0,0.0,0.0,NO ALERT,NO ALERT,20260706,00
Tamil Nadu,Tiruchchirappalli,24,27,24-27 h,0.0,1.0,0.0,0.0,NO ALERT,NO ALERT,20260706,00
Tamil Nadu,Tirunelveli Kattabo,24,27,24-27 h,0.0,3.0,0.0,0.0,NO ALERT,NO ALERT,20260706,00
Tamil Nadu,Tiruvannamalai,24,27,24-27 h,0.0,1.0,0.0,0.0,NO ALERT,NO ALERT,20260706,00
Tamil Nadu,Vellore,24,27,24-27 h,0.0,1.0,0.0,0.0,NO ALERT,NO ALERT,20260706,00
Tamil Nadu,Villupuram,24,27,24-27 h,0.0,1.0,0.0,0.0,NO ALERT,NO ALERT,20260706,00
Tamil Nadu,Virudhunagar,24,27,24-27 h,0.0,1.0,0.0,0.0,NO ALERT,NO ALERT,20260706,00
Tripura,Dhalai,24,27,24-27 h,0.21875,2.7728682543513306,0.6065649306393536,0.0,NO ALERT,NO ALERT,20260706,00
Tripura,North Tripura,24,27,24-27 h,0.203125,1.8373519402302907,0.3732121128592778,0.0,NO ALERT,NO ALERT,20260706,00
Tripura,South Tripura,24,27,24-27 h,0.0,0.6883313005588784,0.0,0.0,NO ALERT,NO ALERT,20260706,00
Tripura,West Tripura,24,27,24-27 h,0.1041666641831398,1.2952968876484479,0.13492675591314204,0.0,NO ALERT,NO ALERT,20260706,00
Uttar Pradesh,Agra,24,27,24-27 h,0.0,1.0983193107761748,0.0,0.0,NO ALERT,NO ALERT,20260706,00
Uttar Pradesh,Aligarh,24,27,24-27 h,0.0,0.8798559857902731,0.0,0.0,NO ALERT,NO ALERT,20260706,00
Uttar Pradesh,Allahabad,24,27,24-27 h,0.0,0.3288936598778827,0.0,0.0,NO ALERT,NO ALERT,20260706,00
Uttar Pradesh,Ambedkar Nagar,24,27,24-27 h,0.02083333395421505,3.0,0.06250000186264515,0.0,NO ALERT,NO ALERT,20260706,00
Uttar Pradesh,Auraiya,24,27,24-27 h,0.0,3.0,0.0,0.0,NO ALERT,NO ALERT,20260706,00
Uttar Pradesh,Azamgarh,24,27,24-27 h,0.05000000074505806,3.0,0.15000000223517418,0.0,NO ALERT,NO ALERT,20260706,00
Uttar Pradesh,Badaun,24,27,24-27 h,0.0,2.287464070059984,0.0,0.0,NO ALERT,NO ALERT,20260706,00
Uttar Pradesh,Baghpat,24,27,24-27 h,0.0,0.8822997668421744,0.0,0.0,NO ALERT,NO ALERT,20260706,00
Uttar Pradesh,Bahraich,24,27,24-27 h,0.0,3.0,0.0,0.0,NO ALERT,NO ALERT,20260706,00
Uttar Pradesh,Ballia,24,27,24-27 h,0.171875,0.782997505218471,0.1345776962094247,0.0,NO ALERT,NO ALERT,20260706,00
Uttar Pradesh,Balrampur,24,27,24-27 h,0.3125,2.137629415780145,0.6680091924312953,0.0,NO ALERT,NO ALERT,20260706,00
Uttar Pradesh,Banda,24,27,24-27 h,0.46875,2.6135166709781106,1.2250859395209894,0.0,NO ALERT,NO ALERT,20260706,00
Uttar Pradesh,Bara Banki,24,27,24-27 h,0.0,3.0,0.0,0.0,NO ALERT,NO ALERT,20260706,00
Uttar Pradesh,Bareilly,24,27,24-27 h,0.0,2.898412958300566,0.0,0.0,NO ALERT,NO ALERT,20260706,00
Uttar Pradesh,Basti,24,27,24-27 h,0.0,2.3821490387413156,0.0,0.0,NO ALERT,NO ALERT,20260706,00
Uttar Pradesh,Bijnor,24,27,24-27 h,1.6375000476837158,3.0,4.9125001430511475,0.0,NO ALERT,NO ALERT,20260706,00
Uttar Pradesh,Bulandshahr,24,27,24-27 h,0.0,1.5919798836936727,0.0,0.0,NO ALERT,NO ALERT,20260706,00
Uttar Pradesh,Chandauli,24,27,24-27 h,0.25,0.38773924304590257,0.09693481076147564,0.0,NO ALERT,NO ALERT,20260706,00
Uttar Pradesh,Chitrakoot,24,27,24-27 h,0.4375,0.562270950669591,0.24599354091794606,0.0,NO ALERT,NO ALERT,20260706,00
Uttar Pradesh,Deoria,24,27,24-27 h,0.0,3.0,0.0,0.0,NO ALERT,NO ALERT,20260706,00
Uttar Pradesh,Etah,24,27,24-27 h,0.0,2.067726013381379,0.0,0.0,NO ALERT,NO ALERT,20260706,00
Uttar Pradesh,Etawah,24,27,24-27 h,0.0,3.0,0.0,0.0,NO ALERT,NO ALERT,20260706,00
Uttar Pradesh,Faizabad,24,27,24-27 h,0.0,3.0,0.0,0.0,NO ALERT,NO ALERT,20260706,00
Uttar Pradesh,Farrukhabad,24,27,24-27 h,0.0,3.0,0.0,0.0,NO ALERT,NO ALERT,20260706,00
Uttar Pradesh,Fatehpur,24,27,24-27 h,0.0535714291036129,1.2397823009215974,0.06641690963773543,0.0,NO ALERT,NO ALERT,20260706,00
Uttar Pradesh,Firozabad,24,27,24-27 h,0.0,1.3721040668065834,0.0,0.0,NO ALERT,NO ALERT,20260706,00
Uttar Pradesh,Gautam Buddha Nagar,24,27,24-27 h,0.0,0.5126294703835742,0.0,0.0,NO ALERT,NO ALERT,20260706,00
Uttar Pradesh,Ghaziabad,24,27,24-27 h,0.0,0.6195152102740974,0.0,0.0,NO ALERT,NO ALERT,20260706,00
Uttar Pradesh,Ghazipur,24,27,24-27 h,0.02500000037252903,0.9133276607025872,0.022833191857805746,0.0,NO ALERT,NO ALERT,20260706,00
Uttar Pradesh,Gonda,24,27,24-27 h,0.0,3.0,0.0,0.0,NO ALERT,NO ALERT,20260706,00
Uttar Pradesh,Gorakhpur,24,27,24-27 h,0.0,3.0,0.0,0.0,NO ALERT,NO ALERT,20260706,00
Uttar Pradesh,Hamirpur,24,27,24-27 h,0.3392857015132904,1.0,0.3392857015132904,0.0,NO ALERT,NO ALERT,20260706,00
Uttar Pradesh,Hardoi,24,27,24-27 h,0.0,3.0,0.0,0.0,NO ALERT,NO ALERT,20260706,00
Uttar Pradesh,Hathras,24,27,24-27 h,0.0,0.6899235208352951,0.0,0.0,NO ALERT,NO ALERT,20260706,00
Uttar Pradesh,Jalaun,24,27,24-27 h,0.0416666679084301,1.0,0.0416666679084301,0.0,NO ALERT,NO ALERT,20260706,00
Uttar Pradesh,Jaunpur,24,27,24-27 h,0.015625,1.4820370115645944,0.023156828305696788,0.0,NO ALERT,NO ALERT,20260706,00
Uttar Pradesh,Jhansi,24,27,24-27 h,0.0069444444961845875,1.0,0.0069444444961845875,0.0,NO ALERT,NO ALERT,20260706,00
Uttar Pradesh,Jyotiba Phule Nagar,24,27,24-27 h,0.0,2.7207409304746526,0.0,0.0,NO ALERT,NO ALERT,20260706,00
Uttar Pradesh,Kannauj,24,27,24-27 h,0.0,1.0,0.0,0.0,NO ALERT,NO ALERT,20260706,00
Uttar Pradesh,Kanpur,24,27,24-27 h,0.4375,3.0,1.3125,0.0,NO ALERT,NO ALERT,20260706,00
Uttar Pradesh,Kanpur Dehat,24,27,24-27 h,0.1428571492433548,1.0,0.1428571492433548,0.0,NO ALERT,NO ALERT,20260706,00
Uttar Pradesh,Kaushambi,24,27,24-27 h,0.0,0.8478967173116988,0.0,0.0,NO ALERT,NO ALERT,20260706,00
Uttar Pradesh,Kushinagar,24,27,24-27 h,0.02083333395421505,3.0,0.06250000186264515,0.0,NO ALERT,NO ALERT,20260706,00
Uttar Pradesh,Lakhimpur Kheri,24,27,24-27 h,0.0,3.0,0.0,0.0,NO ALERT,NO ALERT,20260706,00
Uttar Pradesh,Lalitpur,24,27,24-27 h,0.0,2.6401848571460835,0.0,0.0,NO ALERT,NO ALERT,20260706,00
Uttar Pradesh,Lucknow,24,27,24-27 h,0.0,2.284626632442603,0.0,0.0,NO ALERT,NO ALERT,20260706,00
Uttar Pradesh,Maharajganj,24,27,24-27 h,0.0,1.0,0.0,0.0,NO ALERT,NO ALERT,20260706,00
Uttar Pradesh,Mahoba,24,27,24-27 h,0.25,1.0,0.25,0.0,NO ALERT,NO ALERT,20260706,00
Uttar Pradesh,Mainpuri,24,27,24-27 h,0.0,2.6323788094303384,0.0,0.0,NO ALERT,NO ALERT,20260706,00
Uttar Pradesh,Mathura,24,27,24-27 h,0.0,0.7910712809124609,0.0,0.0,NO ALERT,NO ALERT,20260706,00
Uttar Pradesh,Mau,24,27,24-27 h,0.03750000149011612,1.9114426031786989,0.07167910046747264,0.0,NO ALERT,NO ALERT,20260706,00
Uttar Pradesh,Meerut,24,27,24-27 h,0.0,0.9643158928227719,0.0,0.0,NO ALERT,NO ALERT,20260706,00
Uttar Pradesh,Mirzapur,24,27,24-27 h,0.02083333395421505,0.35710016022873065,0.007439586893148849,0.0,NO ALERT,NO ALERT,20260706,00
Uttar Pradesh,Moradabad,24,27,24-27 h,0.0,1.91329315618519,0.0,0.0,NO ALERT,NO ALERT,20260706,00
Uttar Pradesh,Muzaffarnagar,24,27,24-27 h,1.162500023841858,1.0943905970571934,1.2722290951712925,0.0,NO ALERT,NO ALERT,20260706,00
Uttar Pradesh,Pilibhit,24,27,24-27 h,0.02083333395421505,3.0,0.06250000186264515,0.0,NO ALERT,NO ALERT,20260706,00
Uttar Pradesh,Pratapgarh,24,27,24-27 h,0.03125,1.7597048613363788,0.05499077691676184,0.0,NO ALERT,NO ALERT,20260706,00
Uttar Pradesh,Rae Bareli,24,27,24-27 h,0.0,1.1033504252204083,0.0,0.0,NO ALERT,NO ALERT,20260706,00
Uttar Pradesh,Rampur,24,27,24-27 h,0.0,3.0,0.0,0.0,NO ALERT,NO ALERT,20260706,00
Uttar Pradesh,Saharanpur,24,27,24-27 h,2.0,1.2072077539321737,2.4144155078643474,0.0,NO ALERT,NO ALERT,20260706,00
Uttar Pradesh,Sant Kabir Nagar,24,27,24-27 h,0.03125,3.0,0.09375,0.0,NO ALERT,NO ALERT,20260706,00
Uttar Pradesh,Sant Ravi Das Nagar,24,27,24-27 h,0.0,0.7357740655714142,0.0,0.0,NO ALERT,NO ALERT,20260706,00
Uttar Pradesh,Shahjahanpur,24,27,24-27 h,0.0,3.0,0.0,0.0,NO ALERT,NO ALERT,20260706,00
Uttar Pradesh,Shravasti,24,27,24-27 h,0.078125,3.0,0.234375,0.0,NO ALERT,NO ALERT,20260706,00
Uttar Pradesh,Siddharth Nagar,24,27,24-27 h,0.0,3.0,0.0,0.0,NO ALERT,NO ALERT,20260706,00
Uttar Pradesh,Sitapur,24,27,24-27 h,0.0,3.0,0.0,0.0,NO ALERT,NO ALERT,20260706,00
Uttar Pradesh,Sonbhadra,24,27,24-27 h,0.0,0.36184466178439245,0.0,0.0,NO ALERT,NO ALERT,20260706,00
Uttar Pradesh,Sultanpur,24,27,24-27 h,0.010416666977107525,3.0,0.031250000931322575,0.0,NO ALERT,NO ALERT,20260706,00
Uttar Pradesh,Unnao,24,27,24-27 h,0.2604166567325592,2.072396332849315,0.5396865244254346,0.0,NO ALERT,NO ALERT,20260706,00
Uttar Pradesh,Varanasi,24,27,24-27 h,0.0625,0.7173701896151363,0.04483563685094602,0.0,NO ALERT,NO ALERT,20260706,00
Uttaranchal,Almora,24,27,24-27 h,0.0,0.9821425065093953,0.0,0.0,NO ALERT,NO ALERT,20260706,00
Uttaranchal,Bageshwar,24,27,24-27 h,0.0,1.1747002010493959,0.0,0.0,NO ALERT,NO ALERT,20260706,00
Uttaranchal,Chamoli,24,27,24-27 h,0.0416666679084301,0.9639619688833851,0.04016508323382044,0.0,NO ALERT,NO ALERT,20260706,00
Uttaranchal,Champawat,24,27,24-27 h,0.0625,1.3345860907380185,0.08341163067112616,0.0,NO ALERT,NO ALERT,20260706,00
Uttaranchal,Dehra Dun,24,27,24-27 h,0.0,0.6132870486378237,0.0,0.0,NO ALERT,NO ALERT,20260706,00
Uttaranchal,Haridwar,24,27,24-27 h,2.65625,3.0,7.96875,0.0,NO ALERT,NO ALERT,20260706,00
Uttaranchal,Naini Tal,24,27,24-27 h,0.0729166641831398,3.0,0.2187499925494194,0.0,NO ALERT,NO ALERT,20260706,00
Uttaranchal,Pauri Garhwal,24,27,24-27 h,0.1597222238779068,0.6525376956382899,0.10422477191151235,0.0,NO ALERT,NO ALERT,20260706,00
Uttaranchal,Pithoragarh,24,27,24-27 h,0.028409091755747795,1.4492140668178521,0.04117085539794878,0.0,NO ALERT,NO ALERT,20260706,00
Uttaranchal,Rudra Prayag,24,27,24-27 h,0.0,0.4569764664782921,0.0,0.0,NO ALERT,NO ALERT,20260706,00
Uttaranchal,Tehri Garhwal,24,27,24-27 h,0.0,0.43032490849803356,0.0,0.0,NO ALERT,NO ALERT,20260706,00
Uttaranchal,Udham Singh Nagar,24,27,24-27 h,0.03125,3.0,0.09375,0.0,NO ALERT,NO ALERT,20260706,00
Uttaranchal,Uttarkashi,24,27,24-27 h,0.109375,0.5922627381468989,0.06477873698481706,0.0,NO ALERT,NO ALERT,20260706,00
West Bengal,Bankura,24,27,24-27 h,0.0,0.8139789747747026,0.0,0.0,NO ALERT,NO ALERT,20260706,00
West Bengal,Barddhaman,24,27,24-27 h,0.125,0.574892656930282,0.07186158211628525,0.0,NO ALERT,NO ALERT,20260706,00
West Bengal,Birbhum,24,27,24-27 h,0.21875,0.5294498373329074,0.11581715191657349,0.0,NO ALERT,NO ALERT,20260706,00
West Bengal,Dakshin Dinajpur,24,27,24-27 h,0.6666666865348816,3.0,2.0000000596046448,0.0,NO ALERT,NO ALERT,20260706,00
West Bengal,Darjiling,24,27,24-27 h,0.5375000238418579,0.7026692764985678,0.37768475287092124,0.0,NO ALERT,NO ALERT,20260706,00
West Bengal,East Midnapore,24,27,24-27 h,0.0,0.8881573288438509,0.0,0.0,NO ALERT,NO ALERT,20260706,00
West Bengal,Haora,24,27,24-27 h,0.0,1.2481811405444279,0.0,0.0,NO ALERT,NO ALERT,20260706,00
West Bengal,Hugli,24,27,24-27 h,0.0,0.8639513302480973,0.0,0.0,NO ALERT,NO ALERT,20260706,00
West Bengal,Jalpaiguri,24,27,24-27 h,0.02083333395421505,0.4477323529410921,0.00932775763092825,0.0,NO ALERT,NO ALERT,20260706,00
West Bengal,Kochbihar,24,27,24-27 h,0.0,0.4180542781060552,0.0,0.0,NO ALERT,NO ALERT,20260706,00
West Bengal,Kolkata,24,27,24-27 h,0.0,1.0,0.0,0.0,NO ALERT,NO ALERT,20260706,00
West Bengal,Maldah,24,27,24-27 h,0.30000001192092896,1.8447625989600538,0.5534288016793,0.0,NO ALERT,NO ALERT,20260706,00
West Bengal,Murshidabad,24,27,24-27 h,0.0833333358168602,0.5481165988025845,0.045676384594811006,0.0,NO ALERT,NO ALERT,20260706,00
West Bengal,Nadia,24,27,24-27 h,0.0,0.5519673667157511,0.0,0.0,NO ALERT,NO ALERT,20260706,00
West Bengal,North 24 Parganas,24,27,24-27 h,0.0,0.5171853011924324,0.0,0.0,NO ALERT,NO ALERT,20260706,00
West Bengal,Puruliya,24,27,24-27 h,0.0,0.5083553982476996,0.0,0.0,NO ALERT,NO ALERT,20260706,00
West Bengal,South 24 Parganas,24,27,24-27 h,0.0,0.39550141013305273,0.0,0.0,NO ALERT,NO ALERT,20260706,00
West Bengal,Uttar Dinajpur,24,27,24-27 h,1.087499976158142,0.7118445881113709,0.7741309725994183,0.0,NO ALERT,NO ALERT,20260706,00
West Bengal,West Midnapore,24,27,24-27 h,0.0,1.4849613290035115,0.0,0.0,NO ALERT,NO ALERT,20260706,00
Arunachal Pradesh,Papum Pare,27,30,27-30 h,1.6749999523162842,0.9533183125255726,1.5968081280225748,0.0,NO ALERT,NO ALERT,20260706,00
Arunachal Pradesh,Tawang,27,30,27-30 h,0.762499988079071,1.1388765971638852,0.8683933917609955,0.0,NO ALERT,NO ALERT,20260706,00
Arunachal Pradesh,Tirap,27,30,27-30 h,2.15625,0.3651383081547162,0.7873294769586068,0.0,NO ALERT,NO ALERT,20260706,00
Arunachal Pradesh,Upper Dibang Valley,27,30,27-30 h,1.4772727489471436,1.028310112978305,1.5190945073696083,0.0,NO ALERT,NO ALERT,20260706,00
Arunachal Pradesh,Upper Siang,27,30,27-30 h,2.465277671813965,1.2039424484099477,2.96805243621408,0.0,NO ALERT,NO ALERT,20260706,00
Arunachal Pradesh,Upper Subansiri,27,30,27-30 h,1.375,0.5158400571515395,0.7092800785833667,0.0,NO ALERT,NO ALERT,20260706,00
Arunachal Pradesh,West Kameng,27,30,27-30 h,1.9034091234207153,0.6603703450016216,1.2569549395125719,0.0,NO ALERT,NO ALERT,20260706,00
Arunachal Pradesh,West Siang,27,30,27-30 h,2.653409004211426,0.797134356200177,2.1151234783078277,0.0,NO ALERT,NO ALERT,20260706,00
Assam,Barpeta,27,30,27-30 h,0.8229166865348816,0.6024484372218926,0.49576487176675743,0.0,NO ALERT,NO ALERT,20260706,00
Assam,Bongaigaon,27,30,27-30 h,3.9375,0.46296589037388325,1.8229281933471653,0.0,NO ALERT,NO ALERT,20260706,00
Assam,Cachar,27,30,27-30 h,1.09375,0.5608794743553766,0.6134619250761931,0.0,NO ALERT,NO ALERT,20260706,00
Assam,Darrang,27,30,27-30 h,1.725000023841858,0.3,0.5175000071525574,0.0,NO ALERT,NO ALERT,20260706,00
Assam,Dhemaji,27,30,27-30 h,4.765625,0.3,1.4296875,0.0,NO ALERT,NO ALERT,20260706,00
Assam,Dhuburi,27,30,27-30 h,2.71875,0.32508121737137274,0.8838145597284196,0.0,NO ALERT,NO ALERT,20260706,00
Assam,Dibrugarh,27,30,27-30 h,3.5,0.3174379415214978,1.1110327953252424,0.0,NO ALERT,NO ALERT,20260706,00
Assam,Goalpara,27,30,27-30 h,0.875,0.35666832552213257,0.31208478483186597,0.0,NO ALERT,NO ALERT,20260706,00
Assam,Golaghat,27,30,27-30 h,1.2999999523162842,1.2381989938745952,1.6096586329950449,0.0,NO ALERT,NO ALERT,20260706,00
Assam,Hailakandi,27,30,27-30 h,1.15625,0.8229121215241156,0.9514921405122587,0.0,NO ALERT,NO ALERT,20260706,00
Assam,Jorhat,27,30,27-30 h,0.5833333134651184,0.6894283364621259,0.40216651590519636,0.0,NO ALERT,NO ALERT,20260706,00
Assam,Kamrup,27,30,27-30 h,0.9479166865348816,0.3664044900075036,0.34732093009941595,0.0,NO ALERT,NO ALERT,20260706,00
Assam,Karbi Anglong,27,30,27-30 h,0.6875,0.4270362077260787,0.2935873928116791,0.0,NO ALERT,NO ALERT,20260706,00
Assam,Karimganj,27,30,27-30 h,0.8541666865348816,0.6822626455335654,0.582766023281928,0.0,NO ALERT,NO ALERT,20260706,00
Assam,Kokrajhar,27,30,27-30 h,2.734375,0.37030806257959376,1.0125611086160766,0.0,NO ALERT,NO ALERT,20260706,00
Assam,Lakhimpur,27,30,27-30 h,1.40625,0.8540887789555129,1.2010623454061902,0.0,NO ALERT,NO ALERT,20260706,00
Assam,Marigaon,27,30,27-30 h,5.53125,0.3,1.659375,0.0,NO ALERT,NO ALERT,20260706,00
Assam,Nagaon,27,30,27-30 h,2.6666667461395264,0.38673451003625536,1.0312920574982452,0.0,NO ALERT,NO ALERT,20260706,00
Assam,Nalbari,27,30,27-30 h,0.2708333432674408,0.5554100332386462,0.150423556186303,0.0,NO ALERT,NO ALERT,20260706,00
Assam,North Cachar Hills,27,30,27-30 h,0.3660714328289032,1.1126078231817818,0.4072939400088018,0.0,NO ALERT,NO ALERT,20260706,00
Assam,Sibsagar,27,30,27-30 h,1.125,0.6339424569321858,0.713185264048709,0.0,NO ALERT,NO ALERT,20260706,00
Assam,Sonitpur,27,30,27-30 h,2.7874999046325684,0.3,0.8362499713897705,0.0,NO ALERT,NO ALERT,20260706,00
Assam,Tinsukia,27,30,27-30 h,5.25,0.3,1.575,0.0,NO ALERT,NO ALERT,20260706,00
Bihar,Araria,27,30,27-30 h,2.8125,0.5229429825116881,1.4707771383141228,0.0,NO ALERT,NO ALERT,20260706,00
Bihar,Aurangabad,27,30,27-30 h,0.7916666865348816,0.35000296398043534,0.27708568677177875,0.0,NO ALERT,NO ALERT,20260706,00
Bihar,Banka,27,30,27-30 h,0.125,0.7184756982670082,0.08980946228337602,0.0,NO ALERT,NO ALERT,20260706,00
Bihar,Begusarai,27,30,27-30 h,1.28125,2.5062878804279856,3.2111813467983565,0.0,NO ALERT,NO ALERT,20260706,00
Bihar,Bhabua,27,30,27-30 h,2.2916667461395264,0.3407437709399486,0.7808711688172641,0.0,NO ALERT,NO ALERT,20260706,00
Bihar,Bhagalpur,27,30,27-30 h,1.75,1.0689963787452375,1.8707436628041656,0.0,NO ALERT,NO ALERT,20260706,00
Bihar,Bhojpur,27,30,27-30 h,0.5625,0.4776323743598687,0.2686682105774262,0.0,NO ALERT,NO ALERT,20260706,00
Bihar,Buxar,27,30,27-30 h,1.21875,0.8075695227139618,0.9842253558076409,0.0,NO ALERT,NO ALERT,20260706,00
Bihar,Darbhanga,27,30,27-30 h,0.6875,3.0,2.0625,0.0,NO ALERT,NO ALERT,20260706,00
Bihar,Gaya,27,30,27-30 h,1.03125,0.363978205648116,0.37535252457461965,0.0,NO ALERT,NO ALERT,20260706,00
Bihar,Gopalganj,27,30,27-30 h,0.265625,2.547002946333611,0.6765476576198655,0.0,NO ALERT,NO ALERT,20260706,00
Bihar,Jamui,27,30,27-30 h,0.2916666567325592,0.6349210991185491,0.18518531426886906,0.0,NO ALERT,NO ALERT,20260706,00
Bihar,Jehanabad,27,30,27-30 h,0.25,0.5056413165810456,0.1264103291452614,0.0,NO ALERT,NO ALERT,20260706,00
Bihar,Katihar,27,30,27-30 h,0.6000000238418579,1.607854247376458,0.9647125867601074,0.0,NO ALERT,NO ALERT,20260706,00
Bihar,Khagaria,27,30,27-30 h,0.84375,1.903639559935811,1.6061958786958404,0.0,NO ALERT,NO ALERT,20260706,00
Bihar,Kishanganj,27,30,27-30 h,2.375,0.5333674240043547,1.2667476320103424,0.0,NO ALERT,NO ALERT,20260706,00
Bihar,Lakhisarai,27,30,27-30 h,0.875,1.0458318462971934,0.9151028655100442,0.0,NO ALERT,NO ALERT,20260706,00
Bihar,Madhepura,27,30,27-30 h,1.1875,1.1618894539535725,1.3797437265698673,0.0,NO ALERT,NO ALERT,20260706,00
Bihar,Madhubani,27,30,27-30 h,0.375,1.4408870594945968,0.5403326473104738,0.0,NO ALERT,NO ALERT,20260706,00
Bihar,Munger,27,30,27-30 h,0.5625,1.0672109647237193,0.6003061676570921,0.0,NO ALERT,NO ALERT,20260706,00
Bihar,Muzaffarpur,27,30,27-30 h,0.625,2.179447337729882,1.3621545860811763,0.0,NO ALERT,NO ALERT,20260706,00
Bihar,Nalanda,27,30,27-30 h,0.4375,1.0296407182961889,0.4504678142545826,0.0,NO ALERT,NO ALERT,20260706,00
Bihar,Nawada,27,30,27-30 h,1.78125,0.4708261828175211,0.8386591381437094,0.0,NO ALERT,NO ALERT,20260706,00
Bihar,Pashchim Champaran,27,30,27-30 h,0.03125,2.3983339096854386,0.07494793467766996,0.0,NO ALERT,NO ALERT,20260706,00
Bihar,Patna,27,30,27-30 h,0.625,0.8338239891381003,0.5211399932113127,0.0,NO ALERT,NO ALERT,20260706,00
Bihar,Purba Champaran,27,30,27-30 h,0.0625,3.0,0.1875,0.0,NO ALERT,NO ALERT,20260706,00
Bihar,Purnia,27,30,27-30 h,1.7708333730697632,0.5942910400177946,1.0523904069798489,0.0,NO ALERT,NO ALERT,20260706,00
Bihar,Rohtas,27,30,27-30 h,1.1749999523162842,0.33297800858631404,0.39124914421129026,0.0,NO ALERT,NO ALERT,20260706,00
Bihar,Saharsa,27,30,27-30 h,0.875,2.0970945990316596,1.8349577741527021,0.0,NO ALERT,NO ALERT,20260706,00
Bihar,Samastipur,27,30,27-30 h,0.90625,2.7195437456214746,2.4645865194694614,0.0,NO ALERT,NO ALERT,20260706,00
Bihar,Saran,27,30,27-30 h,0.7749999761581421,0.9861629519125841,0.7642762642202957,0.0,NO ALERT,NO ALERT,20260706,00
Bihar,Sheikhpura,27,30,27-30 h,0.65625,0.7062180227612795,0.4634555774370897,0.0,NO ALERT,NO ALERT,20260706,00
Bihar,Sheohar,27,30,27-30 h,0.0625,1.0,0.0625,0.0,NO ALERT,NO ALERT,20260706,00
Madhya Pradesh,Tikamgarh,27,30,27-30 h,0.4196428656578064,3.0,1.2589285969734192,0.0,NO ALERT,NO ALERT,20260706,00
Madhya Pradesh,Ujjain,27,30,27-30 h,0.1785714328289032,0.3,0.05357142984867096,0.0,NO ALERT,NO ALERT,20260706,00
Madhya Pradesh,Umaria,27,30,27-30 h,3.65625,0.3,1.096875,0.0,NO ALERT,NO ALERT,20260706,00
Madhya Pradesh,Vidisha,27,30,27-30 h,2.597222328186035,0.41390940472058413,1.0750147477864913,0.0,NO ALERT,NO ALERT,20260706,00
Madhya Pradesh,West Nimar,27,30,27-30 h,1.818750023841858,0.44485233351497017,0.8090751921864581,0.0,NO ALERT,NO ALERT,20260706,00
Maharashtra,Ahmednagar,27,30,27-30 h,1.9702380895614624,0.3,0.5910714268684387,0.0,NO ALERT,NO ALERT,20260706,00
Maharashtra,Akola,27,30,27-30 h,1.0859375,0.6882367881901188,0.7473821371752072,0.0,NO ALERT,NO ALERT,20260706,00
Maharashtra,Amravati,27,30,27-30 h,0.5078125,0.9339314439149177,0.4742620613630441,0.0,NO ALERT,NO ALERT,20260706,00
Maharashtra,Aurangabad,27,30,27-30 h,4.4666666984558105,0.5067375479619736,2.2634277303389014,0.0,NO ALERT,NO ALERT,20260706,00
Maharashtra,Bhandara,27,30,27-30 h,0.125,0.44561608275608444,0.055702010344510555,0.0,NO ALERT,NO ALERT,20260706,00
Maharashtra,Bid,27,30,27-30 h,0.9958333373069763,0.6836711063440929,0.6808224794509907,0.0,NO ALERT,NO ALERT,20260706,00
Maharashtra,Buldana,27,30,27-30 h,1.365384578704834,1.3375042100354553,1.826207622335202,0.0,NO ALERT,NO ALERT,20260706,00
Maharashtra,Chandrapur,27,30,27-30 h,0.3392857015132904,1.3798679824200135,0.46816947641110296,0.0,NO ALERT,NO ALERT,20260706,00
Maharashtra,Dhule,27,30,27-30 h,1.3055555820465088,0.3092955395113148,0.40380251811108353,0.0,NO ALERT,NO ALERT,20260706,00
Maharashtra,Garhchiroli,27,30,27-30 h,0.18437500298023224,0.7873463730204786,0.14516698987212578,0.0,NO ALERT,NO ALERT,20260706,00
Maharashtra,Gondiya,27,30,27-30 h,0.171875,0.604748128777892,0.10394108463370018,0.0,NO ALERT,NO ALERT,20260706,00
Maharashtra,Greater Bombay,27,30,27-30 h,9.75,0.3,2.925,0.0,NO ALERT,NO ALERT,20260706,00
Maharashtra,Hingoli,27,30,27-30 h,1.0416666269302368,2.239290183539015,2.332593852205077,0.0,NO ALERT,NO ALERT,20260706,00
Maharashtra,Jalgaon,27,30,27-30 h,2.4583332538604736,0.5762232307671074,1.4165487298416977,0.0,NO ALERT,NO ALERT,20260706,00
Maharashtra,Jalna,27,30,27-30 h,6.25,3.0,18.75,0.0,MODERATE,NO ALERT,20260706,00
Maharashtra,Kolhapur,27,30,27-30 h,1.7152777910232544,0.41287151840747965,0.7081893460703986,0.0,NO ALERT,NO ALERT,20260706,00
Maharashtra,Latur,27,30,27-30 h,0.2638888955116272,1.50430828029553,0.39697025059618274,0.0,NO ALERT,NO ALERT,20260706,00
Maharashtra,Nagpur,27,30,27-30 h,0.17083333432674408,0.5156920875720314,0.08809739880584944,0.0,NO ALERT,NO ALERT,20260706,00
Maharashtra,Nanded,27,30,27-30 h,0.13750000298023224,1.9327884430663378,0.26575841668177985,0.0,NO ALERT,NO ALERT,20260706,00
Maharashtra,Nandurbar,27,30,27-30 h,0.5892857313156128,0.3,0.17678571939468382,0.0,NO ALERT,NO ALERT,20260706,00
Maharashtra,Nashik,27,30,27-30 h,12.519021987915039,0.3,3.7557065963745115,0.0,NO ALERT,NO ALERT,20260706,00
Maharashtra,Osmanabad,27,30,27-30 h,0.9204545617103577,0.3793131751187402,0.3491405423548841,0.0,NO ALERT,NO ALERT,20260706,00
Maharashtra,Parbhani,27,30,27-30 h,1.193750023841858,3.0,3.5812500715255737,0.0,NO ALERT,NO ALERT,20260706,00
Madhya Pradesh,Balaghat,27,30,27-30 h,1.375,0.3,0.4125,0.0,NO ALERT,NO ALERT,20260706,00
Madhya Pradesh,Barwani,27,30,27-30 h,2.421875,0.336734408265465,0.8155286450179231,0.0,NO ALERT,NO ALERT,20260706,00
Madhya Pradesh,Betul,27,30,27-30 h,0.43359375,0.3,0.130078125,0.0,NO ALERT,NO ALERT,20260706,00
Madhya Pradesh,Bhind,27,30,27-30 h,0.008928571827709675,3.0,0.026785715483129025,0.0,NO ALERT,NO ALERT,20260706,00
Madhya Pradesh,Bhopal,27,30,27-30 h,1.2625000476837158,0.364615889459979,0.460327577829464,0.0,NO ALERT,NO ALERT,20260706,00
Madhya Pradesh,Burhanpur,27,30,27-30 h,0.7083333134651184,1.2142310318773522,0.8600802901218547,0.0,NO ALERT,NO ALERT,20260706,00
Madhya Pradesh,Chhatarpur,27,30,27-30 h,2.927884578704834,2.317805072305432,6.786265727646918,0.0,NO ALERT,NO ALERT,20260706,00
Madhya Pradesh,Chhindwara,27,30,27-30 h,1.0666667222976685,0.3,0.3200000166893005,0.0,NO ALERT,NO ALERT,20260706,00
Madhya Pradesh,Damoh,27,30,27-30 h,10.362500190734863,0.36117172586835916,3.7426420781989114,0.0,NO ALERT,NO ALERT,20260706,00
Rajasthan,Karauli,27,30,27-30 h,0.0,2.7439746691600675,0.0,0.0,NO ALERT,NO ALERT,20260706,00
Rajasthan,Kota,27,30,27-30 h,0.01875000074505806,2.9527826759430753,0.055364677373927196,0.0,NO ALERT,NO ALERT,20260706,00
Rajasthan,Nagaur,27,30,27-30 h,0.4663461446762085,1.1882893373752281,0.5541541512447841,0.0,NO ALERT,NO ALERT,20260706,00
Rajasthan,Pali,27,30,27-30 h,0.4779411852359772,0.3,0.14338235557079315,0.0,NO ALERT,NO ALERT,20260706,00
Rajasthan,Rajsamand,27,30,27-30 h,0.3839285671710968,0.3,0.11517857015132904,0.0,NO ALERT,NO ALERT,20260706,00
Rajasthan,Sawai Madhopur,27,30,27-30 h,0.0,3.0,0.0,0.0,NO ALERT,NO ALERT,20260706,00
Rajasthan,Sikar,27,30,27-30 h,0.1302083283662796,1.51752888887864,0.19759489986842538,0.0,NO ALERT,NO ALERT,20260706,00
Rajasthan,Sirohi,27,30,27-30 h,0.46875,0.3,0.140625,0.0,NO ALERT,NO ALERT,20260706,00
Tamil Nadu,Madurai,27,30,27-30 h,0.0,1.0,0.0,0.0,NO ALERT,NO ALERT,20260706,00
Tamil Nadu,Nagapattinam,27,30,27-30 h,0.0,3.0,0.0,0.0,NO ALERT,NO ALERT,20260706,00
Tamil Nadu,Namakkal,27,30,27-30 h,0.0,1.0,0.0,0.0,NO ALERT,NO ALERT,20260706,00
Tamil Nadu,Nilgiris,27,30,27-30 h,1.03125,1.7038905536806261,1.7571371334831456,0.0,NO ALERT,NO ALERT,20260706,00
Tamil Nadu,Perambalur,27,30,27-30 h,0.0,1.0,0.0,0.0,NO ALERT,NO ALERT,20260706,00
Tamil Nadu,Pudukkottai,27,30,27-30 h,0.0,1.0,0.0,0.0,NO ALERT,NO ALERT,20260706,00
Tamil Nadu,Ramanathapuram,27,30,27-30 h,0.0,1.0,0.0,0.0,NO ALERT,NO ALERT,20260706,00
Tamil Nadu,Salem,27,30,27-30 h,0.0,1.0,0.0,0.0,NO ALERT,NO ALERT,20260706,00
Andaman and Nicobar,Andaman Islands,27,30,27-30 h,0.0,1.0,0.0,0.0,NO ALERT,NO ALERT,20260706,00
Andaman and Nicobar,Nicobar Islands,27,30,27-30 h,0.03125,1.0,0.03125,0.0,NO ALERT,NO ALERT,20260706,00
Andhra Pradesh,Adilabad,27,30,27-30 h,0.09782608598470688,3.0,0.29347825795412064,0.0,NO ALERT,NO ALERT,20260706,00
Andhra Pradesh,Anantapur,27,30,27-30 h,0.025462962687015533,1.0,0.025462962687015533,0.0,NO ALERT,NO ALERT,20260706,00
Andhra Pradesh,Chittoor,27,30,27-30 h,0.0,1.0,0.0,0.0,NO ALERT,NO ALERT,20260706,00
Andhra Pradesh,Cuddapah,27,30,27-30 h,0.0,1.0,0.0,0.0,NO ALERT,NO ALERT,20260706,00
Andhra Pradesh,East Godavari,27,30,27-30 h,0.11029411852359772,3.0,0.33088235557079315,0.0,NO ALERT,NO ALERT,20260706,00
Andhra Pradesh,Guntur,27,30,27-30 h,0.0,3.0,0.0,0.0,NO ALERT,NO ALERT,20260706,00
Andhra Pradesh,Hyderabad,27,30,27-30 h,0.0,1.0,0.0,0.0,NO ALERT,NO ALERT,20260706,00
Andhra Pradesh,Karimnagar,27,30,27-30 h,0.0590277761220932,2.1393520898236744,0.12628119620444408,0.0,NO ALERT,NO ALERT,20260706,00
Andhra Pradesh,Khammam,27,30,27-30 h,0.019736841320991516,3.0,0.05921052396297455,0.0,NO ALERT,NO ALERT,20260706,00
Andhra Pradesh,Krishna,27,30,27-30 h,0.0,3.0,0.0,0.0,NO ALERT,NO ALERT,20260706,00
Andhra Pradesh,Kurnool,27,30,27-30 h,0.029891304671764374,3.0,0.08967391401529312,0.0,NO ALERT,NO ALERT,20260706,00
Andhra Pradesh,Mahbubnagar,27,30,27-30 h,0.0416666679084301,3.0,0.1250000037252903,0.0,NO ALERT,NO ALERT,20260706,00
Andhra Pradesh,Medak,27,30,27-30 h,0.048076923936605453,1.1350579038438837,0.05457009250674522,0.0,NO ALERT,NO ALERT,20260706,00
Andhra Pradesh,Nalgonda,27,30,27-30 h,0.0,3.0,0.0,0.0,NO ALERT,NO ALERT,20260706,00
Andhra Pradesh,Nellore,27,30,27-30 h,0.0,1.0,0.0,0.0,NO ALERT,NO ALERT,20260706,00
Andhra Pradesh,Nizamabad,27,30,27-30 h,0.04545454680919647,3.0,0.13636364042758942,0.0,NO ALERT,NO ALERT,20260706,00
Andhra Pradesh,Prakasam,27,30,27-30 h,0.0,1.0,0.0,0.0,NO ALERT,NO ALERT,20260706,00
Andhra Pradesh,Rangareddi,27,30,27-30 h,0.0902777761220932,2.274697750563405,0.20535465427079208,0.0,NO ALERT,NO ALERT,20260706,00
Andhra Pradesh,Srikakulam,27,30,27-30 h,0.0,3.0,0.0,0.0,NO ALERT,NO ALERT,20260706,00
Andhra Pradesh,Vishakhapatnam,27,30,27-30 h,0.24166665971279144,3.0,0.7249999791383743,0.0,NO ALERT,NO ALERT,20260706,00
Andhra Pradesh,Vizianagaram,27,30,27-30 h,0.02083333395421505,3.0,0.06250000186264515,0.0,NO ALERT,NO ALERT,20260706,00
Andhra Pradesh,Warangal,27,30,27-30 h,0.0,3.0,0.0,0.0,NO ALERT,NO ALERT,20260706,00
Andhra Pradesh,West Godavari,27,30,27-30 h,0.0,3.0,0.0,0.0,NO ALERT,NO ALERT,20260706,00
Arunachal Pradesh,Changlang,27,30,27-30 h,11.46875,0.3,3.440625,0.0,NO ALERT,NO ALERT,20260706,00
Arunachal Pradesh,East Kameng,27,30,27-30 h,2.3375000953674316,0.4269880196000505,0.9980845365358688,0.0,NO ALERT,NO ALERT,20260706,00
Arunachal Pradesh,East Siang,27,30,27-30 h,7.848214149475098,0.45628493034155115,3.581021846498821,0.0,NO ALERT,NO ALERT,20260706,00
Arunachal Pradesh,Kurung Kumey,27,30,27-30 h,2.331249952316284,0.7126390600047544,1.6613397746548053,0.0,NO ALERT,NO ALERT,20260706,00
Arunachal Pradesh,Lohit,27,30,27-30 h,15.550000190734863,0.3,4.665000057220459,0.0,NO ALERT,NO ALERT,20260706,00
Arunachal Pradesh,Lower Dibang Valley,27,30,27-30 h,13.3046875,0.3,3.99140625,0.0,NO ALERT,NO ALERT,20260706,00
Arunachal Pradesh,Lower Subansiri,27,30,27-30 h,3.012500047683716,0.6416184837284099,1.9328757128265883,0.0,NO ALERT,NO ALERT,20260706,00
Bihar,Sitamarhi,27,30,27-30 h,0.02083333395421505,3.0,0.06250000186264515,0.0,NO ALERT,NO ALERT,20260706,00
Bihar,Siwan,27,30,27-30 h,0.25,1.4389760456555118,0.35974401141387796,0.0,NO ALERT,NO ALERT,20260706,00
Bihar,Supaul,27,30,27-30 h,1.125,0.890582586739991,1.00190541008249,0.0,NO ALERT,NO ALERT,20260706,00
Bihar,Vaishali,27,30,27-30 h,1.234375,1.2193520432551004,1.5051376783930146,0.0,NO ALERT,NO ALERT,20260706,00
Chandigarh,Chandigarh,27,30,27-30 h,0.25,1.1884359977669912,0.2971089994417478,0.0,NO ALERT,NO ALERT,20260706,00
Chhattisgarh,Bastar,27,30,27-30 h,0.1931818127632141,0.5807237067170128,0.11218525837816563,0.0,NO ALERT,NO ALERT,20260706,00
Chhattisgarh,Bilaspur,27,30,27-30 h,3.3177082538604736,0.3,0.995312476158142,0.0,NO ALERT,NO ALERT,20260706,00
Chhattisgarh,Dantewada,27,30,27-30 h,0.22282609343528748,1.7403026932816885,0.38778485053886796,0.0,NO ALERT,NO ALERT,20260706,00
Chhattisgarh,Dhamtari,27,30,27-30 h,0.1458333283662796,0.3,0.043749998509883876,0.0,NO ALERT,NO ALERT,20260706,00
Chhattisgarh,Durg,27,30,27-30 h,0.1145833358168602,0.3,0.03437500074505806,0.0,NO ALERT,NO ALERT,20260706,00
Chhattisgarh,Janjgir-Champa,27,30,27-30 h,0.0416666679084301,0.3,0.01250000037252903,0.0,NO ALERT,NO ALERT,20260706,00
Chhattisgarh,Jashpur,27,30,27-30 h,0.625,0.3,0.1875,0.0,NO ALERT,NO ALERT,20260706,00
Chhattisgarh,Kanker,27,30,27-30 h,0.1458333283662796,0.31181627116571115,0.045473204662858036,0.0,NO ALERT,NO ALERT,20260706,00
Chhattisgarh,Kawardha,27,30,27-30 h,3.7291667461395264,0.3,1.118750023841858,0.0,NO ALERT,NO ALERT,20260706,00
Chhattisgarh,Korba,27,30,27-30 h,0.3611111044883728,0.3,0.10833333134651184,0.0,NO ALERT,NO ALERT,20260706,00
Chhattisgarh,Koriya,27,30,27-30 h,6.5227274894714355,0.3,1.9568182468414306,0.0,NO ALERT,NO ALERT,20260706,00
Chhattisgarh,Mahasamund,27,30,27-30 h,0.125,0.3,0.0375,0.0,NO ALERT,NO ALERT,20260706,00
Chhattisgarh,Raigarh,27,30,27-30 h,0.22727273404598236,0.3,0.06818182021379471,0.0,NO ALERT,NO ALERT,20260706,00
Chhattisgarh,Raipur,27,30,27-30 h,0.140625,0.3,0.042187499999999996,0.0,NO ALERT,NO ALERT,20260706,00
Chhattisgarh,Raj Nandgaon,27,30,27-30 h,0.10227272659540176,0.47455991292457994,0.04853453622767323,0.0,NO ALERT,NO ALERT,20260706,00
Chhattisgarh,Surguja,27,30,27-30 h,0.2005208283662796,0.3,0.06015624850988388,0.0,NO ALERT,NO ALERT,20260706,00
Dadra and Nagar Haveli,Dadra and Nagar Haveli,27,30,27-30 h,24.375,0.3,7.3125,0.0,NO ALERT,NO ALERT,20260706,00
Daman and Diu,Daman,27,30,27-30 h,0.0,1.0,0.0,0.0,NO ALERT,NO ALERT,20260706,00
Daman and Diu,Junagadh,27,30,27-30 h,9.1875,0.3,2.75625,0.0,NO ALERT,NO ALERT,20260706,00
Delhi,Delhi,27,30,27-30 h,0.0,0.7680284695981865,0.0,0.0,NO ALERT,NO ALERT,20260706,00
Goa,North Goa,27,30,27-30 h,10.40625,0.3,3.1218749999999997,0.0,NO ALERT,NO ALERT,20260706,00
Goa,South Goa,27,30,27-30 h,8.875,0.3652758638408204,3.241823291587281,0.0,NO ALERT,NO ALERT,20260706,00
Gujarat,Ahmadabad,27,30,27-30 h,0.03750000149011612,0.3,0.011250000447034836,0.0,NO ALERT,NO ALERT,20260706,00
Gujarat,Amreli,27,30,27-30 h,3.4886362552642822,0.3,1.0465908765792846,0.0,NO ALERT,NO ALERT,20260706,00
Gujarat,Anand,27,30,27-30 h,0.5249999761581421,0.3,0.15749999284744262,0.0,NO ALERT,NO ALERT,20260706,00
Gujarat,Banas Kantha,27,30,27-30 h,0.013392857275903225,0.3,0.004017857182770967,0.0,NO ALERT,NO ALERT,20260706,00
Gujarat,Bharuch,27,30,27-30 h,0.0982142835855484,0.3,0.02946428507566452,0.0,NO ALERT,NO ALERT,20260706,00
Gujarat,Bhavnagar,27,30,27-30 h,1.9090908765792847,0.3,0.5727272629737854,0.0,NO ALERT,NO ALERT,20260706,00
Gujarat,Dahod,27,30,27-30 h,2.4375,0.3,0.73125,0.0,NO ALERT,NO ALERT,20260706,00
Gujarat,Gandhinagar,27,30,27-30 h,0.1875,0.3,0.056249999999999994,0.0,NO ALERT,NO ALERT,20260706,00
Gujarat,Jamnagar,27,30,27-30 h,2.18359375,1.0297514316198848,2.2485587901387327,0.0,NO ALERT,NO ALERT,20260706,00
Gujarat,Junagadh,27,30,27-30 h,4.136363506317139,0.3,1.2409090518951416,0.0,NO ALERT,NO ALERT,20260706,00
Gujarat,Kachchh,27,30,27-30 h,0.012500000186264515,1.0429478032131136,0.013036847734428087,0.0,NO ALERT,NO ALERT,20260706,00
Gujarat,Kheda,27,30,27-30 h,0.1666666716337204,0.3,0.05000000149011612,0.0,NO ALERT,NO ALERT,20260706,00
Gujarat,Mahesana,27,30,27-30 h,0.1339285671710968,0.3,0.040178570151329036,0.0,NO ALERT,NO ALERT,20260706,00
Gujarat,Narmada,27,30,27-30 h,0.25,0.33628631261391084,0.08407157815347771,0.0,NO ALERT,NO ALERT,20260706,00
Gujarat,Navsari,27,30,27-30 h,1.703125,0.3,0.5109374999999999,0.0,NO ALERT,NO ALERT,20260706,00
Gujarat,Panch Mahals,27,30,27-30 h,1.1749999523162842,0.38515868720859836,0.4525614391043057,0.0,NO ALERT,NO ALERT,20260706,00
Gujarat,Patan,27,30,27-30 h,0.0,0.3,0.0,0.0,NO ALERT,NO ALERT,20260706,00
Gujarat,Porbandar,27,30,27-30 h,3.0833332538604736,3.0,9.249999761581421,0.0,NO ALERT,NO ALERT,20260706,00
Gujarat,Rajkot,27,30,27-30 h,0.07916666567325592,0.3,0.023749999701976776,0.0,NO ALERT,NO ALERT,20260706,00
Gujarat,Sabar Kantha,27,30,27-30 h,0.02083333395421505,0.3,0.006250000186264515,0.0,NO ALERT,NO ALERT,20260706,00
Gujarat,Surat,27,30,27-30 h,1.2374999523162842,0.32712919453700195,0.40482236264080435,0.0,NO ALERT,NO ALERT,20260706,00
Gujarat,Surendranagar,27,30,27-30 h,0.004166666883975267,0.3,0.00125000006519258,0.0,NO ALERT,NO ALERT,20260706,00
Gujarat,The Dangs,27,30,27-30 h,1.2083333730697632,0.6236297049513208,0.7535525849303306,0.0,NO ALERT,NO ALERT,20260706,00
Gujarat,Vadodara,27,30,27-30 h,1.9114583730697632,0.3522998571050929,0.6734065116948109,0.0,NO ALERT,NO ALERT,20260706,00
Gujarat,Valsad,27,30,27-30 h,16.375,0.3,4.9125,0.0,NO ALERT,NO ALERT,20260706,00
Haryana,Ambala,27,30,27-30 h,0.0625,0.6762277229722136,0.04226423268576335,0.0,NO ALERT,NO ALERT,20260706,00
Haryana,Bhiwani,27,30,27-30 h,0.0,1.7078232852568205,0.0,0.0,NO ALERT,NO ALERT,20260706,00
Haryana,Faridabad,27,30,27-30 h,0.0,0.8712532145408735,0.0,0.0,NO ALERT,NO ALERT,20260706,00
Haryana,Fatehabad,27,30,27-30 h,0.0625,1.0808056670009505,0.0675503541875594,0.0,NO ALERT,NO ALERT,20260706,00
Haryana,Gurgaon,27,30,27-30 h,0.0,1.3004888747066055,0.0,0.0,NO ALERT,NO ALERT,20260706,00
Haryana,Hisar,27,30,27-30 h,0.11249999701976776,0.9496809693817465,0.10683910622517664,0.0,NO ALERT,NO ALERT,20260706,00
Haryana,Jhajjar,27,30,27-30 h,0.0,1.6618096732806247,0.0,0.0,NO ALERT,NO ALERT,20260706,00
Haryana,Jind,27,30,27-30 h,0.0,0.7717056323525144,0.0,0.0,NO ALERT,NO ALERT,20260706,00
Haryana,Kaithal,27,30,27-30 h,0.02083333395421505,0.6331763172108541,0.013191173668353725,0.0,NO ALERT,NO ALERT,20260706,00
Haryana,Karnal,27,30,27-30 h,0.0,0.5159404245146241,0.0,0.0,NO ALERT,NO ALERT,20260706,00
Haryana,Kurukshetra,27,30,27-30 h,0.015625,0.6033338297736488,0.009427091090213262,0.0,NO ALERT,NO ALERT,20260706,00
Haryana,Mahendragarh,27,30,27-30 h,0.0,1.1386681831985863,0.0,0.0,NO ALERT,NO ALERT,20260706,00
Haryana,Panchkula,27,30,27-30 h,3.1875,0.6671410727647323,2.1265121694375844,0.0,NO ALERT,NO ALERT,20260706,00
Haryana,Panipat,27,30,27-30 h,0.0,1.0415843239201417,0.0,0.0,NO ALERT,NO ALERT,20260706,00
Haryana,Rewari,27,30,27-30 h,0.0,1.1674745883169169,0.0,0.0,NO ALERT,NO ALERT,20260706,00
Haryana,Rohtak,27,30,27-30 h,0.0,1.2603472433768046,0.0,0.0,NO ALERT,NO ALERT,20260706,00
Haryana,Sirsa,27,30,27-30 h,0.2604166567325592,1.4831194250452018,0.38622900220538686,0.0,NO ALERT,NO ALERT,20260706,00
Haryana,Sonepat,27,30,27-30 h,0.0,0.7724164037051864,0.0,0.0,NO ALERT,NO ALERT,20260706,00
Haryana,Yamuna Nagar,27,30,27-30 h,0.28125,0.6918813868041921,0.19459164003867901,0.0,NO ALERT,NO ALERT,20260706,00
Himachal Pradesh,Bilaspur,27,30,27-30 h,1.6875,0.43793651979773524,0.7390178771586782,0.0,NO ALERT,NO ALERT,20260706,00
Himachal Pradesh,Chamba,27,30,27-30 h,1.4147727489471436,0.47998853587409984,0.6790747003617149,0.0,NO ALERT,NO ALERT,20260706,00
Himachal Pradesh,Hamirpur,27,30,27-30 h,0.28125,0.3222888511402842,0.09064373938320494,0.0,NO ALERT,NO ALERT,20260706,00
Himachal Pradesh,Kangra,27,30,27-30 h,1.078125,0.491764254011286,0.5301833363559177,0.0,NO ALERT,NO ALERT,20260706,00
Himachal Pradesh,Kinnaur,27,30,27-30 h,0.6761363744735718,0.5900100248843969,0.398927239128398,0.0,NO ALERT,NO ALERT,20260706,00
Himachal Pradesh,Kullu,27,30,27-30 h,3.9453125,0.48471900161399284,1.9123679360552062,0.0,NO ALERT,NO ALERT,20260706,00
Himachal Pradesh,Lahul and Spiti,27,30,27-30 h,1.1284722089767456,1.1034755877631228,1.2452415340749639,0.0,NO ALERT,NO ALERT,20260706,00
Himachal Pradesh,Mandi,27,30,27-30 h,2.487499952316284,0.41181400265740536,1.0243873119734739,0.0,NO ALERT,NO ALERT,20260706,00
Himachal Pradesh,Shimla,27,30,27-30 h,2.3888888359069824,0.38421361333609627,0.9178436115020825,0.0,NO ALERT,NO ALERT,20260706,00
Himachal Pradesh,Sirmaur,27,30,27-30 h,2.5875000953674316,0.5853734282891708,1.51465380152379,0.0,NO ALERT,NO ALERT,20260706,00
Himachal Pradesh,Solan,27,30,27-30 h,2.5625,0.501145504684414,1.2841853557538108,0.0,NO ALERT,NO ALERT,20260706,00
Himachal Pradesh,Una,27,30,27-30 h,0.03125,0.5308169916656943,0.016588030989552947,0.0,NO ALERT,NO ALERT,20260706,00
Jammu and Kashmir,Anantnag (Kashmir South),27,30,27-30 h,0.2053571492433548,1.3868985192801786,0.2848095262092074,0.0,NO ALERT,NO ALERT,20260706,00
Jammu and Kashmir,Bagdam,27,30,27-30 h,0.2083333283662796,1.7381670057123004,0.3621181175564937,0.0,NO ALERT,NO ALERT,20260706,00
Jammu and Kashmir,Baramula (Kashmir North),27,30,27-30 h,0.2142857164144516,2.3802491119877285,0.5100533862071527,0.0,NO ALERT,NO ALERT,20260706,00
Jammu and Kashmir,Doda,27,30,27-30 h,0.33088234066963196,0.9310309851117253,0.30806171158972095,0.0,NO ALERT,NO ALERT,20260706,00
Jammu and Kashmir,Jammu,27,30,27-30 h,0.0,2.1214535699251704,0.0,0.0,NO ALERT,NO ALERT,20260706,00
Jammu and Kashmir,Kargil,27,30,27-30 h,0.08967391401529312,3.0,0.26902174204587936,0.0,NO ALERT,NO ALERT,20260706,00
Jammu and Kashmir,Kathua,27,30,27-30 h,0.5625,0.7421973154339496,0.4174859899315967,0.0,NO ALERT,NO ALERT,20260706,00
Jammu and Kashmir,Kupwara (Muzaffarabad),27,30,27-30 h,0.08749999850988388,2.805712758686526,0.2454998622042332,0.0,NO ALERT,NO ALERT,20260706,00
Jammu and Kashmir,Ladakh (Leh),27,30,27-30 h,0.36666667461395264,0.6253946944730077,0.22931139294362662,0.0,NO ALERT,NO ALERT,20260706,00
Jammu and Kashmir,Pulwama,27,30,27-30 h,0.0,3.0,0.0,0.0,NO ALERT,NO ALERT,20260706,00
Jammu and Kashmir,Punch,27,30,27-30 h,0.6625000238418579,0.9080148049822427,0.6015598299494958,0.0,NO ALERT,NO ALERT,20260706,00
Jammu and Kashmir,Rajauri,27,30,27-30 h,1.1770833730697632,1.6908137329342856,1.9902287319949667,0.0,NO ALERT,NO ALERT,20260706,00
Jammu and Kashmir,Srinagar,27,30,27-30 h,0.21875,1.1768416745126433,0.25743411629964075,0.0,NO ALERT,NO ALERT,20260706,00
Jammu and Kashmir,Udhampur,27,30,27-30 h,0.390625,0.9046338825169598,0.3533726103581874,0.0,NO ALERT,NO ALERT,20260706,00
Jharkhand,Bokaro,27,30,27-30 h,2.9375,0.43038052424230994,1.2642427899617854,0.0,NO ALERT,NO ALERT,20260706,00
Jharkhand,Chatra,27,30,27-30 h,0.375,0.47580298707457397,0.17842612015296525,0.0,NO ALERT,NO ALERT,20260706,00
Jharkhand,Deoghar,27,30,27-30 h,0.140625,0.43042539217912484,0.06052857077518943,0.0,NO ALERT,NO ALERT,20260706,00
Jharkhand,Dhanbad,27,30,27-30 h,1.0,0.3,0.3,0.0,NO ALERT,NO ALERT,20260706,00
Jharkhand,Dumka,27,30,27-30 h,0.44999998807907104,0.5747174401032172,0.258622841195282,0.0,NO ALERT,NO ALERT,20260706,00
Jharkhand,Garhwa,27,30,27-30 h,1.1770833730697632,0.3,0.35312501192092893,0.0,NO ALERT,NO ALERT,20260706,00
Jharkhand,Giridih,27,30,27-30 h,0.796875,0.3,0.23906249999999998,0.0,NO ALERT,NO ALERT,20260706,00
Jharkhand,Godda,27,30,27-30 h,1.4375,1.241563229918693,1.7847471430081212,0.0,NO ALERT,NO ALERT,20260706,00
Jharkhand,Gumla,27,30,27-30 h,0.6666666865348816,0.3,0.20000000596046447,0.0,NO ALERT,NO ALERT,20260706,00
Jharkhand,Hazaribag,27,30,27-30 h,0.6953125,0.42314411896564175,0.29421739521829776,0.0,NO ALERT,NO ALERT,20260706,00
Jharkhand,Jamtara,27,30,27-30 h,0.8125,0.46008470755189523,0.3738188248859149,0.0,NO ALERT,NO ALERT,20260706,00
Jharkhand,Koderma,27,30,27-30 h,1.0208333730697632,0.3039175085951896,0.31024913543418614,0.0,NO ALERT,NO ALERT,20260706,00
Jharkhand,Latehar,27,30,27-30 h,0.0520833320915699,0.3665391067324198,0.019090578020492004,0.0,NO ALERT,NO ALERT,20260706,00
Jharkhand,Lohardaga,27,30,27-30 h,0.1875,0.39624014819091274,0.07429502778579614,0.0,NO ALERT,NO ALERT,20260706,00
Jharkhand,Pakur,27,30,27-30 h,2.1875,0.6035076534919583,1.320172992013659,0.0,NO ALERT,NO ALERT,20260706,00
Jharkhand,Palamu,27,30,27-30 h,0.1071428582072258,0.3737988343625059,0.04004987550812825,0.0,NO ALERT,NO ALERT,20260706,00
Jharkhand,Pashchim Singhbhum,27,30,27-30 h,0.8203125,0.45311129700376257,0.371692860823399,0.0,NO ALERT,NO ALERT,20260706,00
Jharkhand,Purba Singhbhum,27,30,27-30 h,0.23749999701976776,0.9904194813681165,0.2352246238732476,0.0,NO ALERT,NO ALERT,20260706,00
Jharkhand,Ranchi,27,30,27-30 h,1.0852272510528564,0.43312750651481624,0.4700417732504522,0.0,NO ALERT,NO ALERT,20260706,00
Jharkhand,Sahibganj,27,30,27-30 h,1.6124999523162842,0.9271637311929378,1.4950514723380004,0.0,NO ALERT,NO ALERT,20260706,00
Jharkhand,Saraikela Kharsawan,27,30,27-30 h,0.25,0.7038710866727816,0.1759677716681954,0.0,NO ALERT,NO ALERT,20260706,00
Jharkhand,Simdega,27,30,27-30 h,2.328125,0.3,0.6984374999999999,0.0,NO ALERT,NO ALERT,20260706,00
Karnataka,Bagalkot,27,30,27-30 h,0.11874999850988388,1.1632799061220045,0.13813948711856588,0.0,NO ALERT,NO ALERT,20260706,00
Karnataka,Bangalore Rural,27,30,27-30 h,0.0535714291036129,3.0,0.1607142873108387,0.0,NO ALERT,NO ALERT,20260706,00
Karnataka,Bangalore Urban,27,30,27-30 h,0.03125,3.0,0.09375,0.0,NO ALERT,NO ALERT,20260706,00
Karnataka,Belgaum,27,30,27-30 h,0.40441176295280457,0.8973372374527518,0.3628937341614668,0.0,NO ALERT,NO ALERT,20260706,00
Karnataka,Bellary,27,30,27-30 h,0.16477273404598236,2.70287473371527,0.44536005965807157,0.0,NO ALERT,NO ALERT,20260706,00
Karnataka,Bidar,27,30,27-30 h,0.2013888955116272,1.0018766190120068,0.20176682574175137,0.0,NO ALERT,NO ALERT,20260706,00
Karnataka,Bijapur,27,30,27-30 h,0.0848214253783226,3.0,0.2544642761349678,0.0,NO ALERT,NO ALERT,20260706,00
Karnataka,Chamrajnagar,27,30,27-30 h,0.02083333395421505,3.0,0.06250000186264515,0.0,NO ALERT,NO ALERT,20260706,00
Karnataka,Chikmagalur,27,30,27-30 h,0.768750011920929,0.9744358301784026,0.7490975560658273,0.0,NO ALERT,NO ALERT,20260706,00
Karnataka,Chitradurga,27,30,27-30 h,0.17045454680919647,3.0,0.5113636404275894,0.0,NO ALERT,NO ALERT,20260706,00
Karnataka,Dakshin Kannad,27,30,27-30 h,4.5,0.48296471969249655,2.1733412386162345,0.0,NO ALERT,NO ALERT,20260706,00
Karnataka,Davanagere,27,30,27-30 h,0.5,1.0634182151425726,0.5317091075712863,0.0,NO ALERT,NO ALERT,20260706,00
Karnataka,Dharwad,27,30,27-30 h,0.28125,0.6005924706507083,0.16891663237051172,0.0,NO ALERT,NO ALERT,20260706,00
Karnataka,Gadag,27,30,27-30 h,0.09375,1.0104995631984701,0.09473433404985657,0.0,NO ALERT,NO ALERT,20260706,00
Karnataka,Gulbarga,27,30,27-30 h,0.2589285671710968,1.3275990324998463,0.3437533152629196,0.0,NO ALERT,NO ALERT,20260706,00
Karnataka,Hassan,27,30,27-30 h,0.45625001192092896,1.3953514149603434,0.6366290997095417,0.0,NO ALERT,NO ALERT,20260706,00
Karnataka,Haveri,27,30,27-30 h,0.5874999761581421,0.8339001601670177,0.4899163242163938,0.0,NO ALERT,NO ALERT,20260706,00
Karnataka,Kodagu,27,30,27-30 h,0.859375,0.9891691490121184,0.8500672374322893,0.0,NO ALERT,NO ALERT,20260706,00
Karnataka,Kolar,27,30,27-30 h,0.017045455053448677,1.0,0.017045455053448677,0.0,NO ALERT,NO ALERT,20260706,00
Karnataka,Koppal,27,30,27-30 h,0.0714285746216774,1.3672411486472411,0.09766008641197738,0.0,NO ALERT,NO ALERT,20260706,00
Karnataka,Mandya,27,30,27-30 h,0.1484375,3.0,0.4453125,0.0,NO ALERT,NO ALERT,20260706,00
Karnataka,Mysore,27,30,27-30 h,0.234375,3.0,0.703125,0.0,NO ALERT,NO ALERT,20260706,00
Karnataka,Raichur,27,30,27-30 h,0.078125,1.9789763859973823,0.1546075301560455,0.0,NO ALERT,NO ALERT,20260706,00
Karnataka,Shimoga,27,30,27-30 h,2.4886362552642822,0.6521122332003625,1.6228701460437784,0.0,NO ALERT,NO ALERT,20260706,00
Karnataka,Tumkur,27,30,27-30 h,0.17613635957241058,3.0,0.5284090787172318,0.0,NO ALERT,NO ALERT,20260706,00
Karnataka,Udupi,27,30,27-30 h,7.541666507720947,0.36293434267993313,2.737129776690969,0.0,NO ALERT,NO ALERT,20260706,00
Karnataka,Uttar Kannand,27,30,27-30 h,3.903846263885498,0.4136012505834986,1.6146356968287607,0.0,NO ALERT,NO ALERT,20260706,00
Kerala,Alappuzha,27,30,27-30 h,2.0,2.864364265748771,5.728728531497542,0.0,NO ALERT,NO ALERT,20260706,00
Kerala,Ernakulam,27,30,27-30 h,2.6875,0.8273595857165152,2.223528886613135,0.0,NO ALERT,NO ALERT,20260706,00
Kerala,Idukki,27,30,27-30 h,1.125,1.1481059089541104,1.2916191475733743,0.0,NO ALERT,NO ALERT,20260706,00
Kerala,Kannur,27,30,27-30 h,5.15625,0.39296054227725635,2.026202796117103,0.0,NO ALERT,NO ALERT,20260706,00
Kerala,Kasaragod,27,30,27-30 h,6.395833492279053,0.4895700959949935,3.1312088167830505,0.0,NO ALERT,NO ALERT,20260706,00
Kerala,Kollam,27,30,27-30 h,1.46875,0.9608015244614043,1.4111772390526875,0.0,NO ALERT,NO ALERT,20260706,00
Kerala,Kottayam,27,30,27-30 h,2.21875,0.9196575889749057,2.040490275538072,0.0,NO ALERT,NO ALERT,20260706,00
Kerala,Kozhikode,27,30,27-30 h,6.125,0.37264617476151884,2.282457820414303,0.0,NO ALERT,NO ALERT,20260706,00
Kerala,Malappuram,27,30,27-30 h,4.824999809265137,0.44261788343885,2.13563120316979,0.0,NO ALERT,NO ALERT,20260706,00
Kerala,Palakkad,27,30,27-30 h,2.4375,0.5302180666602749,1.2924065374844202,0.0,NO ALERT,NO ALERT,20260706,00
Kerala,Pattanamtitta,27,30,27-30 h,1.1875,0.7477207744636957,0.8879184196756386,0.0,NO ALERT,NO ALERT,20260706,00
Kerala,Thiruvananthapuram,27,30,27-30 h,1.125,1.3040197822546657,1.467022255036499,0.0,NO ALERT,NO ALERT,20260706,00
Kerala,Thrissur,27,30,27-30 h,2.25,0.842598859765623,1.8958474344726517,0.0,NO ALERT,NO ALERT,20260706,00
Kerala,Wayanad,27,30,27-30 h,1.03125,0.9148688962922525,0.9434585493013854,0.0,NO ALERT,NO ALERT,20260706,00
Lakshadweep,Kavaratti,27,30,27-30 h,0.0,1.0,0.0,0.0,NO ALERT,NO ALERT,20260706,00
Madhya Pradesh,Anuppur,27,30,27-30 h,10.03125,0.3,3.009375,0.0,NO ALERT,NO ALERT,20260706,00
Madhya Pradesh,Ashoknagar,27,30,27-30 h,1.3020833730697632,0.9519252256221402,1.2394860086882717,0.0,NO ALERT,NO ALERT,20260706,00
Madhya Pradesh,Datia,27,30,27-30 h,0.1041666641831398,1.0,0.1041666641831398,0.0,NO ALERT,NO ALERT,20260706,00
Madhya Pradesh,Dewas,27,30,27-30 h,0.5902777910232544,0.3,0.1770833373069763,0.0,NO ALERT,NO ALERT,20260706,00
Madhya Pradesh,Dhar,27,30,27-30 h,0.9488636255264282,0.3,0.28465908765792847,0.0,NO ALERT,NO ALERT,20260706,00
Madhya Pradesh,Dindori,27,30,27-30 h,2.2767856121063232,0.3,0.6830356836318969,0.0,NO ALERT,NO ALERT,20260706,00
Madhya Pradesh,East Nimar,27,30,27-30 h,0.53125,0.30123901134156544,0.16003322477520665,0.0,NO ALERT,NO ALERT,20260706,00
Madhya Pradesh,Guna,27,30,27-30 h,0.3125,0.44732070879630687,0.13978772149884588,0.0,NO ALERT,NO ALERT,20260706,00
Madhya Pradesh,Gwalior,27,30,27-30 h,0.008928571827709675,1.0,0.008928571827709675,0.0,NO ALERT,NO ALERT,20260706,00
Madhya Pradesh,Harda,27,30,27-30 h,0.9895833134651184,0.3,0.2968749940395355,0.0,NO ALERT,NO ALERT,20260706,00
Madhya Pradesh,Hoshangabad,27,30,27-30 h,3.006944417953491,0.3,0.9020833253860473,0.0,NO ALERT,NO ALERT,20260706,00
Madhya Pradesh,Indore,27,30,27-30 h,0.3125,0.3,0.09375,0.0,NO ALERT,NO ALERT,20260706,00
Madhya Pradesh,Jabalpur,27,30,27-30 h,5.0625,0.3,1.51875,0.0,NO ALERT,NO ALERT,20260706,00
Madhya Pradesh,Jhabua,27,30,27-30 h,3.2750000953674316,0.3,0.9825000286102294,0.0,NO ALERT,NO ALERT,20260706,00
Madhya Pradesh,Katni,27,30,27-30 h,23.09027862548828,0.32230547985936164,7.442123332474362,0.0,NO ALERT,NO ALERT,20260706,00
Madhya Pradesh,Mandla,27,30,27-30 h,3.546875,0.3,1.0640625,0.0,NO ALERT,NO ALERT,20260706,00
Madhya Pradesh,Mandsaur,27,30,27-30 h,1.5,0.3805572499288874,0.5708358748933311,0.0,NO ALERT,NO ALERT,20260706,00
Madhya Pradesh,Morena,27,30,27-30 h,0.0,3.0,0.0,0.0,NO ALERT,NO ALERT,20260706,00
Madhya Pradesh,Narsinghpur,27,30,27-30 h,4.486111164093018,0.3,1.3458333492279053,0.0,NO ALERT,NO ALERT,20260706,00
Madhya Pradesh,Neemuch,27,30,27-30 h,1.1979166269302368,0.7317338523203192,0.8765561481822248,0.0,NO ALERT,NO ALERT,20260706,00
Madhya Pradesh,Panna,27,30,27-30 h,22.6875,0.4184968595164538,9.494647500279546,0.0,NO ALERT,NO ALERT,20260706,00
Madhya Pradesh,Raisen,27,30,27-30 h,1.5833333730697632,0.3,0.47500001192092894,0.0,NO ALERT,NO ALERT,20260706,00
Madhya Pradesh,Rajgarh,27,30,27-30 h,1.1071428060531616,0.676433949885283,0.748908981385616,0.0,NO ALERT,NO ALERT,20260706,00
Madhya Pradesh,Ratlam,27,30,27-30 h,0.3359375,0.3,0.10078125,0.0,NO ALERT,NO ALERT,20260706,00
Madhya Pradesh,Rewa,27,30,27-30 h,2.006944417953491,0.38712886212107545,0.7769461088625791,0.0,NO ALERT,NO ALERT,20260706,00
Madhya Pradesh,Sagar,27,30,27-30 h,5.754166603088379,0.3,1.7262499809265137,0.0,NO ALERT,NO ALERT,20260706,00
Madhya Pradesh,Satna,27,30,27-30 h,4.9375,0.4227753173004938,2.087453129171188,0.0,NO ALERT,NO ALERT,20260706,00
Madhya Pradesh,Sehore,27,30,27-30 h,1.9375,0.3,0.5812499999999999,0.0,NO ALERT,NO ALERT,20260706,00
Madhya Pradesh,Seoni,27,30,27-30 h,4.653846263885498,0.3,1.3961538791656494,0.0,NO ALERT,NO ALERT,20260706,00
Madhya Pradesh,Shahdol,27,30,27-30 h,5.338541507720947,0.3,1.6015624523162841,0.0,NO ALERT,NO ALERT,20260706,00
Madhya Pradesh,Shajapur,27,30,27-30 h,0.5909090638160706,0.3,0.17727271914482115,0.0,NO ALERT,NO ALERT,20260706,00
Madhya Pradesh,Sheopur,27,30,27-30 h,0.0,3.0,0.0,0.0,NO ALERT,NO ALERT,20260706,00
Madhya Pradesh,Shivpuri,27,30,27-30 h,0.01953125,3.0,0.05859375,0.0,NO ALERT,NO ALERT,20260706,00
Madhya Pradesh,Sidhi,27,30,27-30 h,1.44140625,0.399988705397733,0.5765462198897011,0.0,NO ALERT,NO ALERT,20260706,00
Maharashtra,Pune,27,30,27-30 h,2.4177632331848145,0.3,0.7253289699554443,0.0,NO ALERT,NO ALERT,20260706,00
Maharashtra,Raigarh,27,30,27-30 h,8.63888931274414,0.3,2.5916667938232423,0.0,NO ALERT,NO ALERT,20260706,00
Maharashtra,Ratnagiri,27,30,27-30 h,10.596590995788574,0.3,3.178977298736572,0.0,NO ALERT,NO ALERT,20260706,00
Maharashtra,Sangli,27,30,27-30 h,0.9829545617103577,0.3,0.2948863685131073,0.0,NO ALERT,NO ALERT,20260706,00
Maharashtra,Satara,27,30,27-30 h,2.3515625,0.3,0.70546875,0.0,NO ALERT,NO ALERT,20260706,00
Maharashtra,Sindhudurg,27,30,27-30 h,10.215277671813965,0.3,3.0645833015441895,0.0,NO ALERT,NO ALERT,20260706,00
Maharashtra,Solapur,27,30,27-30 h,0.4375,0.3,0.13125,0.0,NO ALERT,NO ALERT,20260706,00
Maharashtra,Thane,27,30,27-30 h,28.328125,0.3,8.4984375,0.0,NO ALERT,NO ALERT,20260706,00
Maharashtra,Wardha,27,30,27-30 h,0.125,0.8277061142287497,0.10346326427859372,0.0,NO ALERT,NO ALERT,20260706,00
Maharashtra,Washim,27,30,27-30 h,0.4166666567325592,0.6548512185328705,0.2728546678833337,0.0,NO ALERT,NO ALERT,20260706,00
Maharashtra,Yavatmal,27,30,27-30 h,0.16249999403953552,1.1672216749493405,0.1896735152220845,0.0,NO ALERT,NO ALERT,20260706,00
Manipur,Bishnupur,27,30,27-30 h,2.125,0.44222804670987065,0.9397345992584751,0.0,NO ALERT,NO ALERT,20260706,00
Manipur,Chandel,27,30,27-30 h,1.28125,0.4353368800524707,0.5577753775672281,0.0,NO ALERT,NO ALERT,20260706,00
Manipur,Churachandpur,27,30,27-30 h,1.9270833730697632,0.350797188232678,0.6760154287628178,0.0,NO ALERT,NO ALERT,20260706,00
Manipur,East Imphal,27,30,27-30 h,1.75,0.34679034457550556,0.6068831030071348,0.0,NO ALERT,NO ALERT,20260706,00
Manipur,Senapati,27,30,27-30 h,1.25,0.40549794487557334,0.5068724310944667,0.0,NO ALERT,NO ALERT,20260706,00
Manipur,Tamenglong,27,30,27-30 h,0.9895833134651184,0.47901291702576343,0.4740231896229468,0.0,NO ALERT,NO ALERT,20260706,00
Manipur,Thoubal,27,30,27-30 h,1.875,0.5006320786802736,0.938685147525513,0.0,NO ALERT,NO ALERT,20260706,00
Manipur,Ukhrul,27,30,27-30 h,1.5625,0.5601360196084298,0.8752125306381716,0.0,NO ALERT,NO ALERT,20260706,00
Manipur,West Imphal,27,30,27-30 h,0.0,1.0,0.0,0.0,NO ALERT,NO ALERT,20260706,00
Meghalaya,East Garo Hills,27,30,27-30 h,0.765625,0.5096870049480084,0.390229113163319,0.0,NO ALERT,NO ALERT,20260706,00
Meghalaya,East Khasi Hills,27,30,27-30 h,3.296875,0.5445849739225571,1.7954285859009305,0.0,NO ALERT,NO ALERT,20260706,00
Meghalaya,Jaintia Hills,27,30,27-30 h,4.208333492279053,0.3344285796853742,1.4073869926652742,0.0,NO ALERT,NO ALERT,20260706,00
Meghalaya,Ri-Bhoi,27,30,27-30 h,3.4791667461395264,0.3754843171484303,1.306372549919726,0.0,NO ALERT,NO ALERT,20260706,00
Meghalaya,South Garo Hills,27,30,27-30 h,1.9583333730697632,1.1985655828274717,2.347190980663849,0.0,NO ALERT,NO ALERT,20260706,00
Meghalaya,West Garo Hills,27,30,27-30 h,1.8875000476837158,1.4164832395577518,2.6736121822084407,0.0,NO ALERT,NO ALERT,20260706,00
Meghalaya,West Khasi Hills,27,30,27-30 h,0.96875,0.7688290212309257,0.7448031143174593,0.0,NO ALERT,NO ALERT,20260706,00
Mizoram,Aizawl,27,30,27-30 h,0.6770833134651184,0.35958444336345213,0.24346862638303637,0.0,NO ALERT,NO ALERT,20260706,00
Mizoram,Champhai,27,30,27-30 h,0.96875,0.393379226133291,0.38108612531662567,0.0,NO ALERT,NO ALERT,20260706,00
Mizoram,Kolasib,27,30,27-30 h,1.15625,0.8142673026091504,0.9414965686418301,0.0,NO ALERT,NO ALERT,20260706,00
Mizoram,Lawngtlai,27,30,27-30 h,1.09375,0.3,0.328125,0.0,NO ALERT,NO ALERT,20260706,00
Mizoram,Lunglei,27,30,27-30 h,0.5,0.34255624595576245,0.17127812297788123,0.0,NO ALERT,NO ALERT,20260706,00
Mizoram,Mamit,27,30,27-30 h,0.3333333432674408,0.6080090530356378,0.20266969038523988,0.0,NO ALERT,NO ALERT,20260706,00
Mizoram,Saiha,27,30,27-30 h,0.890625,0.3,0.26718749999999997,0.0,NO ALERT,NO ALERT,20260706,00
Mizoram,Serchhip,27,30,27-30 h,0.5,0.3,0.15,0.0,NO ALERT,NO ALERT,20260706,00
Nagaland,Dimapur,27,30,27-30 h,0.375,0.6956002689591826,0.26085010085969346,0.0,NO ALERT,NO ALERT,20260706,00
Nagaland,Kohima,27,30,27-30 h,1.350000023841858,0.42200076411911747,0.5697010416220908,0.0,NO ALERT,NO ALERT,20260706,00
Nagaland,Mokokchung,27,30,27-30 h,1.0,0.6004559914526765,0.6004559914526765,0.0,NO ALERT,NO ALERT,20260706,00
Nagaland,Mon,27,30,27-30 h,1.5,0.35697456601861516,0.5354618490279227,0.0,NO ALERT,NO ALERT,20260706,00
Nagaland,Phek,27,30,27-30 h,1.375,0.4705958392700629,0.6470692789963365,0.0,NO ALERT,NO ALERT,20260706,00
Nagaland,Tuensang,27,30,27-30 h,1.5,0.307336347541769,0.46100452131265346,0.0,NO ALERT,NO ALERT,20260706,00
Nagaland,Wokha,27,30,27-30 h,1.0625,0.9768878268305281,1.037943316007436,0.0,NO ALERT,NO ALERT,20260706,00
Nagaland,Zunheboto,27,30,27-30 h,1.65625,0.3,0.49687499999999996,0.0,NO ALERT,NO ALERT,20260706,00
Orissa,Angul,27,30,27-30 h,0.3263888955116272,0.3,0.09791666865348815,0.0,NO ALERT,NO ALERT,20260706,00
Orissa,Baleshwar,27,30,27-30 h,0.03750000149011612,0.3,0.011250000447034836,0.0,NO ALERT,NO ALERT,20260706,00
Orissa,Baragarh,27,30,27-30 h,0.2890625,0.3,0.08671875,0.0,NO ALERT,NO ALERT,20260706,00
Orissa,Bhadrak,27,30,27-30 h,0.0,0.7178511116268625,0.0,0.0,NO ALERT,NO ALERT,20260706,00
Orissa,Bolangir,27,30,27-30 h,0.1875,0.3,0.056249999999999994,0.0,NO ALERT,NO ALERT,20260706,00
Orissa,Boudh,27,30,27-30 h,0.125,0.46951847237716815,0.05868980904714602,0.0,NO ALERT,NO ALERT,20260706,00
Orissa,Cuttack,27,30,27-30 h,0.008928571827709675,3.0,0.026785715483129025,0.0,NO ALERT,NO ALERT,20260706,00
Orissa,Deogarh,27,30,27-30 h,0.4166666567325592,0.5670237411043358,0.23625988649393181,0.0,NO ALERT,NO ALERT,20260706,00
Orissa,Dhenkanal,27,30,27-30 h,0.09375,0.5066672121395331,0.04750005113808123,0.0,NO ALERT,NO ALERT,20260706,00
Orissa,Gajapati,27,30,27-30 h,0.046875,3.0,0.140625,0.0,NO ALERT,NO ALERT,20260706,00
Orissa,Ganjam,27,30,27-30 h,0.010416666977107525,3.0,0.031250000931322575,0.0,NO ALERT,NO ALERT,20260706,00
Orissa,Jagatsinghpur,27,30,27-30 h,0.03125,1.2982877185824837,0.040571491205702616,0.0,NO ALERT,NO ALERT,20260706,00
Orissa,Jajpur,27,30,27-30 h,0.012500000186264515,1.0825360884765436,0.013531701307594854,0.0,NO ALERT,NO ALERT,20260706,00
Orissa,Jharsuguda,27,30,27-30 h,0.125,0.3,0.0375,0.0,NO ALERT,NO ALERT,20260706,00
Orissa,Kalahandi,27,30,27-30 h,0.14204545319080353,0.796623750187142,0.11315678161789004,0.0,NO ALERT,NO ALERT,20260706,00
Orissa,Kandhamal,27,30,27-30 h,0.28409090638160706,1.1397211880580418,0.3237844253377311,0.0,NO ALERT,NO ALERT,20260706,00
Orissa,Kendrapara,27,30,27-30 h,0.625,1.2406367579898423,0.7753979737436514,0.0,NO ALERT,NO ALERT,20260706,00
Orissa,Keonjhar,27,30,27-30 h,0.1875,0.3,0.056249999999999994,0.0,NO ALERT,NO ALERT,20260706,00
Orissa,Khordha,27,30,27-30 h,0.0,3.0,0.0,0.0,NO ALERT,NO ALERT,20260706,00
Orissa,Koraput,27,30,27-30 h,0.3068181872367859,3.0,0.9204545617103577,0.0,NO ALERT,NO ALERT,20260706,00
Orissa,Malkangiri,27,30,27-30 h,0.65625,3.0,1.96875,0.0,NO ALERT,NO ALERT,20260706,00
Orissa,Mayurbhanj,27,30,27-30 h,0.08455882221460342,0.6410187849222774,0.05420379347046396,0.0,NO ALERT,NO ALERT,20260706,00
Orissa,Nabarangpur,27,30,27-30 h,0.15625,0.9520565250907196,0.14875883204542495,0.0,NO ALERT,NO ALERT,20260706,00
Orissa,Nayagarh,27,30,27-30 h,0.02083333395421505,2.7627565849527578,0.0575574305685275,0.0,NO ALERT,NO ALERT,20260706,00
Orissa,Nuapada,27,30,27-30 h,0.09375,0.3,0.028124999999999997,0.0,NO ALERT,NO ALERT,20260706,00
Orissa,Puri,27,30,27-30 h,0.26249998807907104,1.1682139811417622,0.3066561561235167,0.0,NO ALERT,NO ALERT,20260706,00
Orissa,Rayagada,27,30,27-30 h,0.05624999850988388,3.0,0.16874999552965164,0.0,NO ALERT,NO ALERT,20260706,00
Orissa,Sambalpur,27,30,27-30 h,0.2443181872367859,0.3,0.07329545617103576,0.0,NO ALERT,NO ALERT,20260706,00
Orissa,Sonepur,27,30,27-30 h,0.28125,0.3,0.08437499999999999,0.0,NO ALERT,NO ALERT,20260706,00
Orissa,Sundargarh,27,30,27-30 h,0.24519230425357819,0.4166264730089146,0.10215360493009697,0.0,NO ALERT,NO ALERT,20260706,00
Puducherry,Karaikal,27,30,27-30 h,0.0,1.0,0.0,0.0,NO ALERT,NO ALERT,20260706,00
Puducherry,Mahe,27,30,27-30 h,0.0,1.0,0.0,0.0,NO ALERT,NO ALERT,20260706,00
Puducherry,Puducherry,27,30,27-30 h,0.0,1.0,0.0,0.0,NO ALERT,NO ALERT,20260706,00
Puducherry,Yanam,27,30,27-30 h,0.0,1.0,0.0,0.0,NO ALERT,NO ALERT,20260706,00
Punjab,Amritsar,27,30,27-30 h,0.0892857164144516,3.0,0.2678571492433548,0.0,NO ALERT,NO ALERT,20260706,00
Punjab,Bathinda,27,30,27-30 h,0.25,1.0063742042286778,0.25159355105716946,0.0,NO ALERT,NO ALERT,20260706,00
Punjab,Faridkot,27,30,27-30 h,0.3333333432674408,1.8166795132507056,0.6055598557973247,0.0,NO ALERT,NO ALERT,20260706,00
Punjab,Fatehgarh Sahib,27,30,27-30 h,0.0,0.7625669248111632,0.0,0.0,NO ALERT,NO ALERT,20260706,00
Punjab,Firozpur,27,30,27-30 h,0.1015625,3.0,0.3046875,0.0,NO ALERT,NO ALERT,20260706,00
Punjab,Gurdaspur,27,30,27-30 h,0.0,1.0172791491901219,0.0,0.0,NO ALERT,NO ALERT,20260706,00
Punjab,Hoshiarpur,27,30,27-30 h,0.0,1.1158502745357433,0.0,0.0,NO ALERT,NO ALERT,20260706,00
Punjab,Jalandhar,27,30,27-30 h,0.0,0.6683787736223664,0.0,0.0,NO ALERT,NO ALERT,20260706,00
Punjab,Kapurthala,27,30,27-30 h,0.0,0.8043488797650564,0.0,0.0,NO ALERT,NO ALERT,20260706,00
Punjab,Ludhiana,27,30,27-30 h,0.0,0.6367384031963071,0.0,0.0,NO ALERT,NO ALERT,20260706,00
Punjab,Mansa,27,30,27-30 h,0.0,0.8554010609701591,0.0,0.0,NO ALERT,NO ALERT,20260706,00
Punjab,Moga,27,30,27-30 h,0.046875,1.9260465396022144,0.09028343154385379,0.0,NO ALERT,NO ALERT,20260706,00
Punjab,Muktsar,27,30,27-30 h,0.2916666567325592,1.6273890495298178,0.4746551232795391,0.0,NO ALERT,NO ALERT,20260706,00
Punjab,Nawan Shehar,27,30,27-30 h,0.0,0.7376809676905092,0.0,0.0,NO ALERT,NO ALERT,20260706,00
Punjab,Patiala,27,30,27-30 h,0.0,0.9906891001535867,0.0,0.0,NO ALERT,NO ALERT,20260706,00
Punjab,Rupnagar,27,30,27-30 h,0.0,0.596268251978758,0.0,0.0,NO ALERT,NO ALERT,20260706,00
Punjab,Sangrur,27,30,27-30 h,0.0,0.6431007768751102,0.0,0.0,NO ALERT,NO ALERT,20260706,00
Rajasthan,Ajmer,27,30,27-30 h,1.2208333015441895,0.5105660303364602,0.6233160124719714,0.0,NO ALERT,NO ALERT,20260706,00
Rajasthan,Alwar,27,30,27-30 h,0.0,1.763920291704763,0.0,0.0,NO ALERT,NO ALERT,20260706,00
Rajasthan,Banswara,27,30,27-30 h,0.4821428656578064,0.3,0.14464285969734192,0.0,NO ALERT,NO ALERT,20260706,00
Rajasthan,Baran,27,30,27-30 h,0.012500000186264515,1.9242101184358293,0.02405262683885993,0.0,NO ALERT,NO ALERT,20260706,00
Rajasthan,Barmer,27,30,27-30 h,0.0,0.9889290802263309,0.0,0.0,NO ALERT,NO ALERT,20260706,00
Rajasthan,Bharatpur,27,30,27-30 h,0.0,1.333984920453584,0.0,0.0,NO ALERT,NO ALERT,20260706,00
Rajasthan,Bhilwara,27,30,27-30 h,0.5625,0.3633962326272162,0.2044103808528091,0.0,NO ALERT,NO ALERT,20260706,00
Rajasthan,Bikaner,27,30,27-30 h,0.0016025641234591603,3.0,0.004807692370377481,0.0,NO ALERT,NO ALERT,20260706,00
Rajasthan,Bundi,27,30,27-30 h,0.1339285671710968,3.0,0.4017857015132904,0.0,NO ALERT,NO ALERT,20260706,00
Rajasthan,Chittaurgarh,27,30,27-30 h,0.25,0.3,0.075,0.0,NO ALERT,NO ALERT,20260706,00
Rajasthan,Churu,27,30,27-30 h,0.05288461595773697,1.401563284200734,0.07412113602542036,0.0,NO ALERT,NO ALERT,20260706,00
Rajasthan,Dausa,27,30,27-30 h,0.0,2.1134477396397804,0.0,0.0,NO ALERT,NO ALERT,20260706,00
Rajasthan,Dhaulpur,27,30,27-30 h,0.0,3.0,0.0,0.0,NO ALERT,NO ALERT,20260706,00
Rajasthan,Dungarpur,27,30,27-30 h,0.0625,0.3,0.01875,0.0,NO ALERT,NO ALERT,20260706,00
Rajasthan,Ganganagar,27,30,27-30 h,0.0,1.0,0.0,0.0,NO ALERT,NO ALERT,20260706,00
Rajasthan,Hanumangarh,27,30,27-30 h,0.0892857164144516,1.571559761267069,0.14031783917285479,0.0,NO ALERT,NO ALERT,20260706,00
Rajasthan,Jaipur,27,30,27-30 h,0.11666666716337204,2.075984689161689,0.24219821476668316,0.0,NO ALERT,NO ALERT,20260706,00
Rajasthan,Jaisalmer,27,30,27-30 h,0.0,1.0,0.0,0.0,NO ALERT,NO ALERT,20260706,00
Rajasthan,Jalor,27,30,27-30 h,0.0390625,0.3,0.01171875,0.0,NO ALERT,NO ALERT,20260706,00
Rajasthan,Jhalawar,27,30,27-30 h,0.2708333432674408,0.5632776631707748,0.15255437270441233,0.0,NO ALERT,NO ALERT,20260706,00
Rajasthan,Jhunjhunun,27,30,27-30 h,0.109375,1.2604511264027094,0.13786184195029633,0.0,NO ALERT,NO ALERT,20260706,00
Rajasthan,Jodhpur,27,30,27-30 h,0.029411764815449715,0.8001683993228174,0.023534364773637555,0.0,NO ALERT,NO ALERT,20260706,00
Rajasthan,Tonk,27,30,27-30 h,0.1180555522441864,3.0,0.3541666567325592,0.0,NO ALERT,NO ALERT,20260706,00
Rajasthan,Udaipur,27,30,27-30 h,0.4583333432674408,0.3,0.13750000298023224,0.0,NO ALERT,NO ALERT,20260706,00
Sikkim,East,27,30,27-30 h,5.21875,2.23108818195037,11.643491449553494,0.0,MODERATE,NO ALERT,20260706,00
Sikkim,North Sikkim,27,30,27-30 h,0.6517857313156128,2.347754056512395,1.5302325946731279,0.0,NO ALERT,NO ALERT,20260706,00
Sikkim,South Sikkim,27,30,27-30 h,0.0,1.0,0.0,0.0,NO ALERT,NO ALERT,20260706,00
Sikkim,West Sikkim,27,30,27-30 h,1.3125,3.0,3.9375,0.0,NO ALERT,NO ALERT,20260706,00
Tamil Nadu,Ariyalur,27,30,27-30 h,0.0,1.0,0.0,0.0,NO ALERT,NO ALERT,20260706,00
Tamil Nadu,Chennai,27,30,27-30 h,0.0,1.0,0.0,0.0,NO ALERT,NO ALERT,20260706,00
Tamil Nadu,Coimbatore,27,30,27-30 h,0.1979166716337204,3.0,0.5937500149011612,0.0,NO ALERT,NO ALERT,20260706,00
Tamil Nadu,Cuddalore,27,30,27-30 h,0.0,1.0,0.0,0.0,NO ALERT,NO ALERT,20260706,00
Tamil Nadu,Dharmapuri,27,30,27-30 h,0.0,1.0,0.0,0.0,NO ALERT,NO ALERT,20260706,00
Tamil Nadu,Dindigul,27,30,27-30 h,0.0,1.0,0.0,0.0,NO ALERT,NO ALERT,20260706,00
Tamil Nadu,Erode,27,30,27-30 h,0.0,1.0,0.0,0.0,NO ALERT,NO ALERT,20260706,00
Tamil Nadu,Kancheepuram,27,30,27-30 h,0.0,1.0,0.0,0.0,NO ALERT,NO ALERT,20260706,00
Tamil Nadu,Kanniyakumari,27,30,27-30 h,0.0625,2.3327618361136246,0.14579761475710154,0.0,NO ALERT,NO ALERT,20260706,00
Tamil Nadu,Karur,27,30,27-30 h,0.0,1.0,0.0,0.0,NO ALERT,NO ALERT,20260706,00
Tamil Nadu,Sivaganga,27,30,27-30 h,0.0,1.0,0.0,0.0,NO ALERT,NO ALERT,20260706,00
Tamil Nadu,Thanjavur,27,30,27-30 h,0.0,1.0,0.0,0.0,NO ALERT,NO ALERT,20260706,00
Tamil Nadu,Theni,27,30,27-30 h,0.046875,3.0,0.140625,0.0,NO ALERT,NO ALERT,20260706,00
Tamil Nadu,Thiruvallur,27,30,27-30 h,0.0,1.0,0.0,0.0,NO ALERT,NO ALERT,20260706,00
Tamil Nadu,Thiruvarur,27,30,27-30 h,0.0,3.0,0.0,0.0,NO ALERT,NO ALERT,20260706,00
Tamil Nadu,Thoothukudi,27,30,27-30 h,0.0,1.0,0.0,0.0,NO ALERT,NO ALERT,20260706,00
Tamil Nadu,Tiruchchirappalli,27,30,27-30 h,0.0,1.0,0.0,0.0,NO ALERT,NO ALERT,20260706,00
Tamil Nadu,Tirunelveli Kattabo,27,30,27-30 h,0.1666666716337204,3.0,0.5000000149011612,0.0,NO ALERT,NO ALERT,20260706,00
Tamil Nadu,Tiruvannamalai,27,30,27-30 h,0.0,1.0,0.0,0.0,NO ALERT,NO ALERT,20260706,00
Tamil Nadu,Vellore,27,30,27-30 h,0.0,1.0,0.0,0.0,NO ALERT,NO ALERT,20260706,00
Tamil Nadu,Villupuram,27,30,27-30 h,0.0,1.0,0.0,0.0,NO ALERT,NO ALERT,20260706,00
Tamil Nadu,Virudhunagar,27,30,27-30 h,0.0,1.0,0.0,0.0,NO ALERT,NO ALERT,20260706,00
Tripura,Dhalai,27,30,27-30 h,0.09375,2.7728682543513306,0.25995639884543725,0.0,NO ALERT,NO ALERT,20260706,00
Tripura,North Tripura,27,30,27-30 h,0.1875,1.8373519402302907,0.3445034887931795,0.0,NO ALERT,NO ALERT,20260706,00
Tripura,South Tripura,27,30,27-30 h,0.140625,0.6883313005588784,0.09679658914109227,0.0,NO ALERT,NO ALERT,20260706,00
Tripura,West Tripura,27,30,27-30 h,0.4479166567325592,1.2952968876484479,0.5801850513915822,0.0,NO ALERT,NO ALERT,20260706,00
Uttar Pradesh,Agra,27,30,27-30 h,0.0,1.0983193107761748,0.0,0.0,NO ALERT,NO ALERT,20260706,00
Uttar Pradesh,Aligarh,27,30,27-30 h,0.0,0.8798559857902731,0.0,0.0,NO ALERT,NO ALERT,20260706,00
Uttar Pradesh,Allahabad,27,30,27-30 h,1.4375,0.3288936598778827,0.4727846360744564,0.0,NO ALERT,NO ALERT,20260706,00
Uttar Pradesh,Ambedkar Nagar,27,30,27-30 h,0.4791666567325592,3.0,1.4374999701976776,0.0,NO ALERT,NO ALERT,20260706,00
Uttar Pradesh,Auraiya,27,30,27-30 h,0.02083333395421505,3.0,0.06250000186264515,0.0,NO ALERT,NO ALERT,20260706,00
Uttar Pradesh,Azamgarh,27,30,27-30 h,0.3375000059604645,3.0,1.0125000178813934,0.0,NO ALERT,NO ALERT,20260706,00
Uttar Pradesh,Badaun,27,30,27-30 h,0.0,2.287464070059984,0.0,0.0,NO ALERT,NO ALERT,20260706,00
Uttar Pradesh,Baghpat,27,30,27-30 h,0.0,0.8822997668421744,0.0,0.0,NO ALERT,NO ALERT,20260706,00
Uttar Pradesh,Bahraich,27,30,27-30 h,0.03125,3.0,0.09375,0.0,NO ALERT,NO ALERT,20260706,00
Uttar Pradesh,Ballia,27,30,27-30 h,0.328125,0.782997505218471,0.2569210563998108,0.0,NO ALERT,NO ALERT,20260706,00
Uttar Pradesh,Balrampur,27,30,27-30 h,0.0,2.137629415780145,0.0,0.0,NO ALERT,NO ALERT,20260706,00
Uttar Pradesh,Banda,27,30,27-30 h,1.15625,2.6135166709781106,3.0218786508184405,0.0,NO ALERT,NO ALERT,20260706,00
Uttar Pradesh,Bara Banki,27,30,27-30 h,0.0,3.0,0.0,0.0,NO ALERT,NO ALERT,20260706,00
Uttar Pradesh,Bareilly,27,30,27-30 h,0.012500000186264515,2.898412958300566,0.03623016251862856,0.0,NO ALERT,NO ALERT,20260706,00
Uttar Pradesh,Basti,27,30,27-30 h,0.02083333395421505,2.3821490387413156,0.04962810645281019,0.0,NO ALERT,NO ALERT,20260706,00
Uttar Pradesh,Bijnor,27,30,27-30 h,0.4625000059604645,3.0,1.3875000178813934,0.0,NO ALERT,NO ALERT,20260706,00
Uttar Pradesh,Bulandshahr,27,30,27-30 h,0.0,1.5919798836936727,0.0,0.0,NO ALERT,NO ALERT,20260706,00
Uttar Pradesh,Chandauli,27,30,27-30 h,2.15625,0.38773924304590257,0.8360627428177274,0.0,NO ALERT,NO ALERT,20260706,00
Uttar Pradesh,Chitrakoot,27,30,27-30 h,2.2874999046325684,0.562270950669591,1.286194746034353,0.0,NO ALERT,NO ALERT,20260706,00
Uttar Pradesh,Deoria,27,30,27-30 h,0.15625,3.0,0.46875,0.0,NO ALERT,NO ALERT,20260706,00
Uttar Pradesh,Etah,27,30,27-30 h,0.0234375,2.067726013381379,0.04846232843862607,0.0,NO ALERT,NO ALERT,20260706,00
Uttar Pradesh,Etawah,27,30,27-30 h,0.0625,3.0,0.1875,0.0,NO ALERT,NO ALERT,20260706,00
Uttar Pradesh,Faizabad,27,30,27-30 h,0.3958333432674408,3.0,1.1875000298023224,0.0,NO ALERT,NO ALERT,20260706,00
Uttar Pradesh,Farrukhabad,27,30,27-30 h,0.0,3.0,0.0,0.0,NO ALERT,NO ALERT,20260706,00
Uttar Pradesh,Fatehpur,27,30,27-30 h,0.3303571343421936,1.2397823009215974,0.40957092814063,0.0,NO ALERT,NO ALERT,20260706,00
Uttar Pradesh,Firozabad,27,30,27-30 h,0.078125,1.3721040668065834,0.10719563021926433,0.0,NO ALERT,NO ALERT,20260706,00
Uttar Pradesh,Gautam Buddha Nagar,27,30,27-30 h,0.0,0.5126294703835742,0.0,0.0,NO ALERT,NO ALERT,20260706,00
Uttar Pradesh,Ghaziabad,27,30,27-30 h,0.0,0.6195152102740974,0.0,0.0,NO ALERT,NO ALERT,20260706,00
Uttar Pradesh,Ghazipur,27,30,27-30 h,1.0625,0.9133276607025872,0.9704106394964989,0.0,NO ALERT,NO ALERT,20260706,00
Uttar Pradesh,Gonda,27,30,27-30 h,0.0,3.0,0.0,0.0,NO ALERT,NO ALERT,20260706,00
Uttar Pradesh,Gorakhpur,27,30,27-30 h,0.046875,3.0,0.140625,0.0,NO ALERT,NO ALERT,20260706,00
Uttar Pradesh,Hamirpur,27,30,27-30 h,0.1428571492433548,1.0,0.1428571492433548,0.0,NO ALERT,NO ALERT,20260706,00
Uttar Pradesh,Hardoi,27,30,27-30 h,0.0,3.0,0.0,0.0,NO ALERT,NO ALERT,20260706,00
Uttar Pradesh,Hathras,27,30,27-30 h,0.0,0.6899235208352951,0.0,0.0,NO ALERT,NO ALERT,20260706,00
Uttar Pradesh,Jalaun,27,30,27-30 h,0.0833333358168602,1.0,0.0833333358168602,0.0,NO ALERT,NO ALERT,20260706,00
Uttar Pradesh,Jaunpur,27,30,27-30 h,0.9375,1.4820370115645944,1.3894096983418074,0.0,NO ALERT,NO ALERT,20260706,00
Uttar Pradesh,Jhansi,27,30,27-30 h,0.1180555522441864,1.0,0.1180555522441864,0.0,NO ALERT,NO ALERT,20260706,00
Uttar Pradesh,Jyotiba Phule Nagar,27,30,27-30 h,0.0625,2.7207409304746526,0.1700463081546658,0.0,NO ALERT,NO ALERT,20260706,00
Uttar Pradesh,Kannauj,27,30,27-30 h,0.03125,1.0,0.03125,0.0,NO ALERT,NO ALERT,20260706,00
Uttar Pradesh,Kanpur,27,30,27-30 h,0.0,3.0,0.0,0.0,NO ALERT,NO ALERT,20260706,00
Uttar Pradesh,Kanpur Dehat,27,30,27-30 h,0.0625,1.0,0.0625,0.0,NO ALERT,NO ALERT,20260706,00
Uttar Pradesh,Kaushambi,27,30,27-30 h,1.03125,0.8478967173116988,0.8743934897276894,0.0,NO ALERT,NO ALERT,20260706,00
Uttar Pradesh,Kushinagar,27,30,27-30 h,0.0625,3.0,0.1875,0.0,NO ALERT,NO ALERT,20260706,00
Uttar Pradesh,Lakhimpur Kheri,27,30,27-30 h,0.05681818351149559,3.0,0.17045455053448677,0.0,NO ALERT,NO ALERT,20260706,00
Uttar Pradesh,Lalitpur,27,30,27-30 h,3.234375,2.6401848571460835,8.539347897331863,0.0,NO ALERT,NO ALERT,20260706,00
Uttar Pradesh,Lucknow,27,30,27-30 h,0.0,2.284626632442603,0.0,0.0,NO ALERT,NO ALERT,20260706,00
Uttar Pradesh,Maharajganj,27,30,27-30 h,0.010416666977107525,1.0,0.010416666977107525,0.0,NO ALERT,NO ALERT,20260706,00
Uttar Pradesh,Mahoba,27,30,27-30 h,0.1875,1.0,0.1875,0.0,NO ALERT,NO ALERT,20260706,00
Uttar Pradesh,Mainpuri,27,30,27-30 h,0.0625,2.6323788094303384,0.16452367558939615,0.0,NO ALERT,NO ALERT,20260706,00
Uttar Pradesh,Mathura,27,30,27-30 h,0.0,0.7910712809124609,0.0,0.0,NO ALERT,NO ALERT,20260706,00
Uttar Pradesh,Mau,27,30,27-30 h,0.125,1.9114426031786989,0.23893032539733736,0.0,NO ALERT,NO ALERT,20260706,00
Uttar Pradesh,Meerut,27,30,27-30 h,0.03125,0.9643158928227719,0.03013487165071162,0.0,NO ALERT,NO ALERT,20260706,00
Uttar Pradesh,Mirzapur,27,30,27-30 h,1.3645833730697632,0.35710016022873065,0.48729294116867417,0.0,NO ALERT,NO ALERT,20260706,00
Uttar Pradesh,Moradabad,27,30,27-30 h,0.1458333283662796,1.91329315618519,0.2790219091069103,0.0,NO ALERT,NO ALERT,20260706,00
Uttar Pradesh,Muzaffarnagar,27,30,27-30 h,0.32499998807907104,1.0943905970571934,0.3556769309974353,0.0,NO ALERT,NO ALERT,20260706,00
Uttar Pradesh,Pilibhit,27,30,27-30 h,0.09375,3.0,0.28125,0.0,NO ALERT,NO ALERT,20260706,00
Uttar Pradesh,Pratapgarh,27,30,27-30 h,0.5520833134651184,1.7597048613363788,0.9715036905672647,0.0,NO ALERT,NO ALERT,20260706,00
Uttar Pradesh,Rae Bareli,27,30,27-30 h,0.171875,1.1033504252204083,0.18963835433475768,0.0,NO ALERT,NO ALERT,20260706,00
Uttar Pradesh,Rampur,27,30,27-30 h,0.078125,3.0,0.234375,0.0,NO ALERT,NO ALERT,20260706,00
Uttar Pradesh,Saharanpur,27,30,27-30 h,0.5874999761581421,1.2072077539321737,0.7092345266530763,0.0,NO ALERT,NO ALERT,20260706,00
Uttar Pradesh,Sant Kabir Nagar,27,30,27-30 h,0.03125,3.0,0.09375,0.0,NO ALERT,NO ALERT,20260706,00
Uttar Pradesh,Sant Ravi Das Nagar,27,30,27-30 h,2.75,0.7357740655714142,2.023378680321389,0.0,NO ALERT,NO ALERT,20260706,00
Uttar Pradesh,Shahjahanpur,27,30,27-30 h,0.0,3.0,0.0,0.0,NO ALERT,NO ALERT,20260706,00
Uttar Pradesh,Shravasti,27,30,27-30 h,0.0,3.0,0.0,0.0,NO ALERT,NO ALERT,20260706,00
Uttar Pradesh,Siddharth Nagar,27,30,27-30 h,0.0,3.0,0.0,0.0,NO ALERT,NO ALERT,20260706,00
Uttar Pradesh,Sitapur,27,30,27-30 h,0.0,3.0,0.0,0.0,NO ALERT,NO ALERT,20260706,00
Uttar Pradesh,Sonbhadra,27,30,27-30 h,0.1640625,0.36184466178439245,0.059365139824001885,0.0,NO ALERT,NO ALERT,20260706,00
Uttar Pradesh,Sultanpur,27,30,27-30 h,0.65625,3.0,1.96875,0.0,NO ALERT,NO ALERT,20260706,00
Uttar Pradesh,Unnao,27,30,27-30 h,0.0,2.072396332849315,0.0,0.0,NO ALERT,NO ALERT,20260706,00
Uttar Pradesh,Varanasi,27,30,27-30 h,2.828125,0.7173701896151363,2.0288125675053075,0.0,NO ALERT,NO ALERT,20260706,00
Uttaranchal,Almora,27,30,27-30 h,0.65625,0.9821425065093953,0.6445310198967906,0.0,NO ALERT,NO ALERT,20260706,00
Uttaranchal,Bageshwar,27,30,27-30 h,0.5874999761581421,1.1747002010493959,0.6901363401094848,0.0,NO ALERT,NO ALERT,20260706,00
Uttaranchal,Chamoli,27,30,27-30 h,1.4479166269302368,0.9639619688833851,1.395736562474661,0.0,NO ALERT,NO ALERT,20260706,00
Uttaranchal,Champawat,27,30,27-30 h,0.625,1.3345860907380185,0.8341163067112616,0.0,NO ALERT,NO ALERT,20260706,00
Uttaranchal,Dehra Dun,27,30,27-30 h,3.046875,0.6132870486378237,1.868608976318369,0.0,NO ALERT,NO ALERT,20260706,00
Uttaranchal,Haridwar,27,30,27-30 h,0.578125,3.0,1.734375,0.0,NO ALERT,NO ALERT,20260706,00
Uttaranchal,Naini Tal,27,30,27-30 h,1.5520833730697632,3.0,4.6562501192092896,0.0,NO ALERT,NO ALERT,20260706,00
Uttaranchal,Pauri Garhwal,27,30,27-30 h,2.625,0.6525376956382899,1.712911451050511,0.0,NO ALERT,NO ALERT,20260706,00
Uttaranchal,Pithoragarh,27,30,27-30 h,0.3636363744735718,1.4492140668178521,0.5269869490937443,0.0,NO ALERT,NO ALERT,20260706,00
Uttaranchal,Rudra Prayag,27,30,27-30 h,1.4375,0.4569764664782921,0.6569036705625448,0.0,NO ALERT,NO ALERT,20260706,00
Uttaranchal,Tehri Garhwal,27,30,27-30 h,3.7708332538604736,0.43032490849803356,1.6226834749288506,0.0,NO ALERT,NO ALERT,20260706,00
Uttaranchal,Udham Singh Nagar,27,30,27-30 h,0.25,3.0,0.75,0.0,NO ALERT,NO ALERT,20260706,00
Uttaranchal,Uttarkashi,27,30,27-30 h,1.6197916269302368,0.5922627381468989,0.9593422241931222,0.0,NO ALERT,NO ALERT,20260706,00
West Bengal,Bankura,27,30,27-30 h,0.22159090638160706,0.8139789747747026,0.18037033879589762,0.0,NO ALERT,NO ALERT,20260706,00
West Bengal,Barddhaman,27,30,27-30 h,0.2954545319080353,0.574892656930282,0.16985464085070318,0.0,NO ALERT,NO ALERT,20260706,00
West Bengal,Birbhum,27,30,27-30 h,1.046875,0.5294498373329074,0.5542677984578874,0.0,NO ALERT,NO ALERT,20260706,00
West Bengal,Dakshin Dinajpur,27,30,27-30 h,2.25,3.0,6.75,0.0,NO ALERT,NO ALERT,20260706,00
West Bengal,Darjiling,27,30,27-30 h,1.8875000476837158,0.7026692764985678,1.3262882928969288,0.0,NO ALERT,NO ALERT,20260706,00
West Bengal,East Midnapore,27,30,27-30 h,0.65625,0.8881573288438509,0.5828532470537772,0.0,NO ALERT,NO ALERT,20260706,00
West Bengal,Haora,27,30,27-30 h,0.78125,1.2481811405444279,0.9751415160503343,0.0,NO ALERT,NO ALERT,20260706,00
West Bengal,Hugli,27,30,27-30 h,0.328125,0.8639513302480973,0.28348403023765695,0.0,NO ALERT,NO ALERT,20260706,00
West Bengal,Jalpaiguri,27,30,27-30 h,1.2638888359069824,0.4477323529410921,0.5658839223566111,0.0,NO ALERT,NO ALERT,20260706,00
West Bengal,Kochbihar,27,30,27-30 h,3.328125,0.4180542781060552,1.391336894321715,0.0,NO ALERT,NO ALERT,20260706,00
West Bengal,Kolkata,27,30,27-30 h,0.0,1.0,0.0,0.0,NO ALERT,NO ALERT,20260706,00
West Bengal,Maldah,27,30,27-30 h,1.287500023841858,1.8447625989600538,2.375131890143637,0.0,NO ALERT,NO ALERT,20260706,00
West Bengal,Murshidabad,27,30,27-30 h,1.03125,0.5481165988025845,0.5652452425151652,0.0,NO ALERT,NO ALERT,20260706,00
West Bengal,Nadia,27,30,27-30 h,1.1041666269302368,0.5519673667157511,0.6094639454820959,0.0,NO ALERT,NO ALERT,20260706,00
West Bengal,North 24 Parganas,27,30,27-30 h,2.2734375,0.5171853011924324,1.1757884581796707,0.0,NO ALERT,NO ALERT,20260706,00
West Bengal,Puruliya,27,30,27-30 h,0.8680555820465088,0.5083553982476996,0.44128074111239163,0.0,NO ALERT,NO ALERT,20260706,00
West Bengal,South 24 Parganas,27,30,27-30 h,0.8125,0.39550141013305273,0.3213448957331053,0.0,NO ALERT,NO ALERT,20260706,00
West Bengal,Uttar Dinajpur,27,30,27-30 h,2.2125000953674316,0.7118445881113709,1.574956219083198,0.0,NO ALERT,NO ALERT,20260706,00
West Bengal,West Midnapore,27,30,27-30 h,0.03750000149011612,1.4849613290035115,0.05568605205039649,0.0,NO ALERT,NO ALERT,20260706,00
Arunachal Pradesh,Papum Pare,30,33,30-33 h,0.20000000298023224,0.9533183125255726,0.1906636653462245,0.0,NO ALERT,NO ALERT,20260706,00
Arunachal Pradesh,Tawang,30,33,30-33 h,0.4625000059604645,1.1388765971638852,0.5267304329765304,0.0,NO ALERT,NO ALERT,20260706,00
Arunachal Pradesh,Tirap,30,33,30-33 h,0.0,0.3651383081547162,0.0,0.0,NO ALERT,NO ALERT,20260706,00
Arunachal Pradesh,Upper Dibang Valley,30,33,30-33 h,0.20454545319080353,1.028310112978305,0.21033615807983377,0.0,NO ALERT,NO ALERT,20260706,00
Arunachal Pradesh,Upper Siang,30,33,30-33 h,0.0902777761220932,1.2039424484099477,0.108689246821438,0.0,NO ALERT,NO ALERT,20260706,00
Arunachal Pradesh,Upper Subansiri,30,33,30-33 h,0.1953125,0.5158400571515395,0.10075001116241006,0.0,NO ALERT,NO ALERT,20260706,00
Arunachal Pradesh,West Kameng,30,33,30-33 h,0.034090910106897354,0.6603703450016216,0.022512626068711076,0.0,NO ALERT,NO ALERT,20260706,00
Arunachal Pradesh,West Siang,30,33,30-33 h,0.0,0.797134356200177,0.0,0.0,NO ALERT,NO ALERT,20260706,00
Assam,Barpeta,30,33,30-33 h,0.0,0.6024484372218926,0.0,0.0,NO ALERT,NO ALERT,20260706,00
Assam,Bongaigaon,30,33,30-33 h,0.0,0.46296589037388325,0.0,0.0,NO ALERT,NO ALERT,20260706,00
Assam,Cachar,30,33,30-33 h,0.34375,0.5608794743553766,0.19280231930966069,0.0,NO ALERT,NO ALERT,20260706,00
Assam,Darrang,30,33,30-33 h,0.0,0.3,0.0,0.0,NO ALERT,NO ALERT,20260706,00
Assam,Dhemaji,30,33,30-33 h,2.75,0.3,0.825,0.0,NO ALERT,NO ALERT,20260706,00
Assam,Dhuburi,30,33,30-33 h,0.28125,0.32508121737137274,0.09142909238569859,0.0,NO ALERT,NO ALERT,20260706,00
Assam,Dibrugarh,30,33,30-33 h,0.0,0.3174379415214978,0.0,0.0,NO ALERT,NO ALERT,20260706,00
Assam,Goalpara,30,33,30-33 h,0.0416666679084301,0.35666832552213257,0.014861180672986541,0.0,NO ALERT,NO ALERT,20260706,00
Assam,Golaghat,30,33,30-33 h,0.30000001192092896,1.2381989938745952,0.3714597129228608,0.0,NO ALERT,NO ALERT,20260706,00
Assam,Hailakandi,30,33,30-33 h,0.5,0.8229121215241156,0.4114560607620578,0.0,NO ALERT,NO ALERT,20260706,00
Assam,Jorhat,30,33,30-33 h,0.7291666865348816,0.6894283364621259,0.5027081757013439,0.0,NO ALERT,NO ALERT,20260706,00
Assam,Kamrup,30,33,30-33 h,0.2604166567325592,0.3664044900075036,0.09541783229955247,0.0,NO ALERT,NO ALERT,20260706,00
Assam,Karbi Anglong,30,33,30-33 h,0.0,0.4270362077260787,0.0,0.0,NO ALERT,NO ALERT,20260706,00
Assam,Karimganj,30,33,30-33 h,0.3333333432674408,0.6822626455335654,0.22742088862219223,0.0,NO ALERT,NO ALERT,20260706,00
Assam,Kokrajhar,30,33,30-33 h,0.0,0.37030806257959376,0.0,0.0,NO ALERT,NO ALERT,20260706,00
Assam,Lakhimpur,30,33,30-33 h,0.0729166641831398,0.8540887789555129,0.06227730467768706,0.0,NO ALERT,NO ALERT,20260706,00
Assam,Marigaon,30,33,30-33 h,0.0,0.3,0.0,0.0,NO ALERT,NO ALERT,20260706,00
Assam,Nagaon,30,33,30-33 h,0.0,0.38673451003625536,0.0,0.0,NO ALERT,NO ALERT,20260706,00
Assam,Nalbari,30,33,30-33 h,0.0,0.5554100332386462,0.0,0.0,NO ALERT,NO ALERT,20260706,00
Assam,North Cachar Hills,30,33,30-33 h,0.0,1.1126078231817818,0.0,0.0,NO ALERT,NO ALERT,20260706,00
Assam,Sibsagar,30,33,30-33 h,0.0,0.6339424569321858,0.0,0.0,NO ALERT,NO ALERT,20260706,00
Assam,Sonitpur,30,33,30-33 h,0.762499988079071,0.3,0.2287499964237213,0.0,NO ALERT,NO ALERT,20260706,00
Assam,Tinsukia,30,33,30-33 h,1.9375,0.3,0.5812499999999999,0.0,NO ALERT,NO ALERT,20260706,00
Bihar,Araria,30,33,30-33 h,0.0,0.5229429825116881,0.0,0.0,NO ALERT,NO ALERT,20260706,00
Bihar,Aurangabad,30,33,30-33 h,1.6458333730697632,0.35000296398043534,0.5760465587923347,0.0,NO ALERT,NO ALERT,20260706,00
Bihar,Banka,30,33,30-33 h,0.0,0.7184756982670082,0.0,0.0,NO ALERT,NO ALERT,20260706,00
Bihar,Begusarai,30,33,30-33 h,0.0,2.5062878804279856,0.0,0.0,NO ALERT,NO ALERT,20260706,00
Bihar,Bhabua,30,33,30-33 h,1.3125,0.3407437709399486,0.4472261993586826,0.0,NO ALERT,NO ALERT,20260706,00
Bihar,Bhagalpur,30,33,30-33 h,0.0,1.0689963787452375,0.0,0.0,NO ALERT,NO ALERT,20260706,00
Bihar,Bhojpur,30,33,30-33 h,0.0,0.4776323743598687,0.0,0.0,NO ALERT,NO ALERT,20260706,00
Bihar,Buxar,30,33,30-33 h,0.0,0.8075695227139618,0.0,0.0,NO ALERT,NO ALERT,20260706,00
Bihar,Darbhanga,30,33,30-33 h,0.0,3.0,0.0,0.0,NO ALERT,NO ALERT,20260706,00
Bihar,Gaya,30,33,30-33 h,0.4375,0.363978205648116,0.15924046497105077,0.0,NO ALERT,NO ALERT,20260706,00
Bihar,Gopalganj,30,33,30-33 h,0.0,2.547002946333611,0.0,0.0,NO ALERT,NO ALERT,20260706,00
Bihar,Jamui,30,33,30-33 h,0.0,0.6349210991185491,0.0,0.0,NO ALERT,NO ALERT,20260706,00
Bihar,Jehanabad,30,33,30-33 h,0.0,0.5056413165810456,0.0,0.0,NO ALERT,NO ALERT,20260706,00
Bihar,Katihar,30,33,30-33 h,0.26249998807907104,1.607854247376458,0.422061720769204,0.0,NO ALERT,NO ALERT,20260706,00
Bihar,Khagaria,30,33,30-33 h,0.0,1.903639559935811,0.0,0.0,NO ALERT,NO ALERT,20260706,00
Bihar,Kishanganj,30,33,30-33 h,0.1875,0.5333674240043547,0.1000063920008165,0.0,NO ALERT,NO ALERT,20260706,00
Bihar,Lakhisarai,30,33,30-33 h,0.0,1.0458318462971934,0.0,0.0,NO ALERT,NO ALERT,20260706,00
Bihar,Madhepura,30,33,30-33 h,0.0,1.1618894539535725,0.0,0.0,NO ALERT,NO ALERT,20260706,00
Bihar,Madhubani,30,33,30-33 h,0.0,1.4408870594945968,0.0,0.0,NO ALERT,NO ALERT,20260706,00
Bihar,Munger,30,33,30-33 h,0.0,1.0672109647237193,0.0,0.0,NO ALERT,NO ALERT,20260706,00
Bihar,Muzaffarpur,30,33,30-33 h,0.015625,2.179447337729882,0.034053864652029406,0.0,NO ALERT,NO ALERT,20260706,00
Bihar,Nalanda,30,33,30-33 h,0.3125,1.0296407182961889,0.32176272446755905,0.0,NO ALERT,NO ALERT,20260706,00
Bihar,Nawada,30,33,30-33 h,0.0,0.4708261828175211,0.0,0.0,NO ALERT,NO ALERT,20260706,00
Bihar,Pashchim Champaran,30,33,30-33 h,0.0234375,2.3983339096854386,0.05621095100825246,0.0,NO ALERT,NO ALERT,20260706,00
Bihar,Patna,30,33,30-33 h,0.0,0.8338239891381003,0.0,0.0,NO ALERT,NO ALERT,20260706,00
Bihar,Purba Champaran,30,33,30-33 h,0.0625,3.0,0.1875,0.0,NO ALERT,NO ALERT,20260706,00
Bihar,Purnia,30,33,30-33 h,0.0,0.5942910400177946,0.0,0.0,NO ALERT,NO ALERT,20260706,00
Bihar,Rohtas,30,33,30-33 h,0.5375000238418579,0.33297800858631404,0.17897568755395818,0.0,NO ALERT,NO ALERT,20260706,00
Bihar,Saharsa,30,33,30-33 h,0.0,2.0970945990316596,0.0,0.0,NO ALERT,NO ALERT,20260706,00
Bihar,Samastipur,30,33,30-33 h,0.0,2.7195437456214746,0.0,0.0,NO ALERT,NO ALERT,20260706,00
Bihar,Saran,30,33,30-33 h,0.0,0.9861629519125841,0.0,0.0,NO ALERT,NO ALERT,20260706,00
Bihar,Sheikhpura,30,33,30-33 h,0.1875,0.7062180227612795,0.1324158792677399,0.0,NO ALERT,NO ALERT,20260706,00
Bihar,Sheohar,30,33,30-33 h,0.0625,1.0,0.0625,0.0,NO ALERT,NO ALERT,20260706,00
Madhya Pradesh,Tikamgarh,30,33,30-33 h,0.4821428656578064,3.0,1.4464285969734192,0.0,NO ALERT,NO ALERT,20260706,00
Madhya Pradesh,Ujjain,30,33,30-33 h,6.0625,0.3,1.8187499999999999,0.0,NO ALERT,NO ALERT,20260706,00
Madhya Pradesh,Umaria,30,33,30-33 h,0.0,0.3,0.0,0.0,NO ALERT,NO ALERT,20260706,00
Madhya Pradesh,Vidisha,30,33,30-33 h,7.472222328186035,0.41390940472058413,3.0928230957993392,0.0,NO ALERT,NO ALERT,20260706,00
Madhya Pradesh,West Nimar,30,33,30-33 h,1.256250023841858,0.44485233351497017,0.5588457545842874,0.0,NO ALERT,NO ALERT,20260706,00
Maharashtra,Ahmednagar,30,33,30-33 h,0.0,0.3,0.0,0.0,NO ALERT,NO ALERT,20260706,00
Maharashtra,Akola,30,33,30-33 h,0.0,0.6882367881901188,0.0,0.0,NO ALERT,NO ALERT,20260706,00
Maharashtra,Amravati,30,33,30-33 h,0.23046875,0.9339314439149177,0.21524201246476618,0.0,NO ALERT,NO ALERT,20260706,00
Maharashtra,Aurangabad,30,33,30-33 h,0.3166666626930237,0.5067375479619736,0.1604668881743642,0.0,NO ALERT,NO ALERT,20260706,00
Maharashtra,Bhandara,30,33,30-33 h,0.375,0.44561608275608444,0.16710603103353167,0.0,NO ALERT,NO ALERT,20260706,00
Maharashtra,Bid,30,33,30-33 h,0.7708333134651184,0.6836711063440929,0.5269964642235805,0.0,NO ALERT,NO ALERT,20260706,00
Maharashtra,Buldana,30,33,30-33 h,0.0,1.3375042100354553,0.0,0.0,NO ALERT,NO ALERT,20260706,00
Maharashtra,Chandrapur,30,33,30-33 h,1.0848214626312256,1.3798679824200135,1.4969104029268774,0.0,NO ALERT,NO ALERT,20260706,00
Maharashtra,Dhule,30,33,30-33 h,0.6458333134651184,0.3092955395113148,0.19975336312257388,0.0,NO ALERT,NO ALERT,20260706,00
Maharashtra,Garhchiroli,30,33,30-33 h,1.462499976158142,0.7873463730204786,1.1514940517706496,0.0,NO ALERT,NO ALERT,20260706,00
Maharashtra,Gondiya,30,33,30-33 h,0.78125,0.604748128777892,0.4724594756077281,0.0,NO ALERT,NO ALERT,20260706,00
Maharashtra,Greater Bombay,30,33,30-33 h,0.0,0.3,0.0,0.0,NO ALERT,NO ALERT,20260706,00
Maharashtra,Hingoli,30,33,30-33 h,0.4479166567325592,2.239290183539015,1.0030153724648345,0.0,NO ALERT,NO ALERT,20260706,00
Maharashtra,Jalgaon,30,33,30-33 h,0.15000000596046448,0.5762232307671074,0.0864334880496242,0.0,NO ALERT,NO ALERT,20260706,00
Maharashtra,Jalna,30,33,30-33 h,0.0,3.0,0.0,0.0,NO ALERT,NO ALERT,20260706,00
Maharashtra,Kolhapur,30,33,30-33 h,0.02083333395421505,0.41287151840747965,0.00860149022316687,0.0,NO ALERT,NO ALERT,20260706,00
Maharashtra,Latur,30,33,30-33 h,1.4930555820465088,1.50430828029553,2.2460158750140256,0.0,NO ALERT,NO ALERT,20260706,00
Maharashtra,Nagpur,30,33,30-33 h,0.30416667461395264,0.5156920875720314,0.15685634740151205,0.0,NO ALERT,NO ALERT,20260706,00
Maharashtra,Nanded,30,33,30-33 h,1.5791666507720947,1.9327884430663378,3.0521950522880803,0.0,NO ALERT,NO ALERT,20260706,00
Maharashtra,Nandurbar,30,33,30-33 h,1.5089285373687744,0.3,0.4526785612106323,0.0,NO ALERT,NO ALERT,20260706,00
Maharashtra,Nashik,30,33,30-33 h,0.0,0.3,0.0,0.0,NO ALERT,NO ALERT,20260706,00
Maharashtra,Osmanabad,30,33,30-33 h,1.2897727489471436,0.3793131751187402,0.4892277965847668,0.0,NO ALERT,NO ALERT,20260706,00
Maharashtra,Parbhani,30,33,30-33 h,1.2374999523162842,3.0,3.7124998569488525,0.0,NO ALERT,NO ALERT,20260706,00
Madhya Pradesh,Balaghat,30,33,30-33 h,0.0625,0.3,0.01875,0.0,NO ALERT,NO ALERT,20260706,00
Madhya Pradesh,Barwani,30,33,30-33 h,1.8203125,0.336734408265465,0.6129618525457293,0.0,NO ALERT,NO ALERT,20260706,00
Madhya Pradesh,Betul,30,33,30-33 h,0.0078125,0.3,0.00234375,0.0,NO ALERT,NO ALERT,20260706,00
Madhya Pradesh,Bhind,30,33,30-33 h,0.2142857164144516,3.0,0.6428571492433548,0.0,NO ALERT,NO ALERT,20260706,00
Madhya Pradesh,Bhopal,30,33,30-33 h,4.224999904632568,0.364615889459979,1.5405020981959305,0.0,NO ALERT,NO ALERT,20260706,00
Madhya Pradesh,Burhanpur,30,33,30-33 h,1.40625,1.2142310318773522,1.7075123885775265,0.0,NO ALERT,NO ALERT,20260706,00
Madhya Pradesh,Chhatarpur,30,33,30-33 h,1.4134615659713745,2.317805072305432,3.276128387117231,0.0,NO ALERT,NO ALERT,20260706,00
Madhya Pradesh,Chhindwara,30,33,30-33 h,0.012500000186264515,0.3,0.0037500000558793544,0.0,NO ALERT,NO ALERT,20260706,00
Madhya Pradesh,Damoh,30,33,30-33 h,4.587500095367432,0.36117172586835916,1.6568753268651175,0.0,NO ALERT,NO ALERT,20260706,00
Rajasthan,Karauli,30,33,30-33 h,1.3571428060531616,2.7439746691600675,3.72396548224269,0.0,NO ALERT,NO ALERT,20260706,00
Rajasthan,Kota,30,33,30-33 h,0.3499999940395355,2.9527826759430753,1.03347391898012,0.0,NO ALERT,NO ALERT,20260706,00
Rajasthan,Nagaur,30,33,30-33 h,0.0,1.1882893373752281,0.0,0.0,NO ALERT,NO ALERT,20260706,00
Rajasthan,Pali,30,33,30-33 h,0.21691176295280457,0.3,0.06507352888584136,0.0,NO ALERT,NO ALERT,20260706,00
Rajasthan,Rajsamand,30,33,30-33 h,0.0,0.3,0.0,0.0,NO ALERT,NO ALERT,20260706,00
Rajasthan,Sawai Madhopur,30,33,30-33 h,0.8660714030265808,3.0,2.5982142090797424,0.0,NO ALERT,NO ALERT,20260706,00
Rajasthan,Sikar,30,33,30-33 h,0.0833333358168602,1.51752888887864,0.12646074450871042,0.0,NO ALERT,NO ALERT,20260706,00
Rajasthan,Sirohi,30,33,30-33 h,0.0,0.3,0.0,0.0,NO ALERT,NO ALERT,20260706,00
Tamil Nadu,Madurai,30,33,30-33 h,0.0,1.0,0.0,0.0,NO ALERT,NO ALERT,20260706,00
Tamil Nadu,Nagapattinam,30,33,30-33 h,0.0,3.0,0.0,0.0,NO ALERT,NO ALERT,20260706,00
Tamil Nadu,Namakkal,30,33,30-33 h,0.0,1.0,0.0,0.0,NO ALERT,NO ALERT,20260706,00
Tamil Nadu,Nilgiris,30,33,30-33 h,0.328125,1.7038905536806261,0.5590890879264554,0.0,NO ALERT,NO ALERT,20260706,00
Tamil Nadu,Perambalur,30,33,30-33 h,0.0,1.0,0.0,0.0,NO ALERT,NO ALERT,20260706,00
Tamil Nadu,Pudukkottai,30,33,30-33 h,0.0,1.0,0.0,0.0,NO ALERT,NO ALERT,20260706,00
Tamil Nadu,Ramanathapuram,30,33,30-33 h,0.0,1.0,0.0,0.0,NO ALERT,NO ALERT,20260706,00
Tamil Nadu,Salem,30,33,30-33 h,0.0,1.0,0.0,0.0,NO ALERT,NO ALERT,20260706,00
Andaman and Nicobar,Andaman Islands,30,33,30-33 h,0.0,1.0,0.0,0.0,NO ALERT,NO ALERT,20260706,00
Andaman and Nicobar,Nicobar Islands,30,33,30-33 h,0.15625,1.0,0.15625,0.0,NO ALERT,NO ALERT,20260706,00
Andhra Pradesh,Adilabad,30,33,30-33 h,0.948369562625885,3.0,2.845108687877655,0.0,NO ALERT,NO ALERT,20260706,00
Andhra Pradesh,Anantapur,30,33,30-33 h,0.02083333395421505,1.0,0.02083333395421505,0.0,NO ALERT,NO ALERT,20260706,00
Andhra Pradesh,Chittoor,30,33,30-33 h,0.0,1.0,0.0,0.0,NO ALERT,NO ALERT,20260706,00
Andhra Pradesh,Cuddapah,30,33,30-33 h,0.0,1.0,0.0,0.0,NO ALERT,NO ALERT,20260706,00
Andhra Pradesh,East Godavari,30,33,30-33 h,0.040441177785396576,3.0,0.12132353335618973,0.0,NO ALERT,NO ALERT,20260706,00
Andhra Pradesh,Guntur,30,33,30-33 h,0.0,3.0,0.0,0.0,NO ALERT,NO ALERT,20260706,00
Andhra Pradesh,Hyderabad,30,33,30-33 h,0.0,1.0,0.0,0.0,NO ALERT,NO ALERT,20260706,00
Andhra Pradesh,Karimnagar,30,33,30-33 h,0.34375,2.1393520898236744,0.7354022808768881,0.0,NO ALERT,NO ALERT,20260706,00
Andhra Pradesh,Khammam,30,33,30-33 h,0.1381578892469406,3.0,0.41447366774082184,0.0,NO ALERT,NO ALERT,20260706,00
Andhra Pradesh,Krishna,30,33,30-33 h,0.0,3.0,0.0,0.0,NO ALERT,NO ALERT,20260706,00
Andhra Pradesh,Kurnool,30,33,30-33 h,0.0,3.0,0.0,0.0,NO ALERT,NO ALERT,20260706,00
Andhra Pradesh,Mahbubnagar,30,33,30-33 h,0.21296297013759613,3.0,0.6388889104127884,0.0,NO ALERT,NO ALERT,20260706,00
Andhra Pradesh,Medak,30,33,30-33 h,0.25,1.1350579038438837,0.28376447596097093,0.0,NO ALERT,NO ALERT,20260706,00
Andhra Pradesh,Nalgonda,30,33,30-33 h,0.0,3.0,0.0,0.0,NO ALERT,NO ALERT,20260706,00
Andhra Pradesh,Nellore,30,33,30-33 h,0.0,1.0,0.0,0.0,NO ALERT,NO ALERT,20260706,00
Andhra Pradesh,Nizamabad,30,33,30-33 h,0.5397727489471436,3.0,1.6193182468414307,0.0,NO ALERT,NO ALERT,20260706,00
Andhra Pradesh,Prakasam,30,33,30-33 h,0.0,1.0,0.0,0.0,NO ALERT,NO ALERT,20260706,00
Andhra Pradesh,Rangareddi,30,33,30-33 h,0.3263888955116272,2.274697750563405,0.7424360864291726,0.0,NO ALERT,NO ALERT,20260706,00
Andhra Pradesh,Srikakulam,30,33,30-33 h,0.0,3.0,0.0,0.0,NO ALERT,NO ALERT,20260706,00
Andhra Pradesh,Vishakhapatnam,30,33,30-33 h,0.02916666679084301,3.0,0.08750000037252903,0.0,NO ALERT,NO ALERT,20260706,00
Andhra Pradesh,Vizianagaram,30,33,30-33 h,0.02083333395421505,3.0,0.06250000186264515,0.0,NO ALERT,NO ALERT,20260706,00
Andhra Pradesh,Warangal,30,33,30-33 h,0.0798611119389534,3.0,0.2395833358168602,0.0,NO ALERT,NO ALERT,20260706,00
Andhra Pradesh,West Godavari,30,33,30-33 h,0.0,3.0,0.0,0.0,NO ALERT,NO ALERT,20260706,00
Arunachal Pradesh,Changlang,30,33,30-33 h,0.0,0.3,0.0,0.0,NO ALERT,NO ALERT,20260706,00
Arunachal Pradesh,East Kameng,30,33,30-33 h,0.10000000149011612,0.4269880196000505,0.04269880259626678,0.0,NO ALERT,NO ALERT,20260706,00
Arunachal Pradesh,East Siang,30,33,30-33 h,5.714285850524902,0.45628493034155115,2.6073425212584667,0.0,NO ALERT,NO ALERT,20260706,00
Arunachal Pradesh,Kurung Kumey,30,33,30-33 h,0.42500001192092896,0.7126390600047544,0.3028716089973402,0.0,NO ALERT,NO ALERT,20260706,00
Arunachal Pradesh,Lohit,30,33,30-33 h,0.0,0.3,0.0,0.0,NO ALERT,NO ALERT,20260706,00
Arunachal Pradesh,Lower Dibang Valley,30,33,30-33 h,0.0,0.3,0.0,0.0,NO ALERT,NO ALERT,20260706,00
Arunachal Pradesh,Lower Subansiri,30,33,30-33 h,0.2874999940395355,0.6416184837284099,0.18446531024757368,0.0,NO ALERT,NO ALERT,20260706,00
Bihar,Sitamarhi,30,33,30-33 h,0.0,3.0,0.0,0.0,NO ALERT,NO ALERT,20260706,00
Bihar,Siwan,30,33,30-33 h,0.0833333358168602,1.4389760456555118,0.11991467404502833,0.0,NO ALERT,NO ALERT,20260706,00
Bihar,Supaul,30,33,30-33 h,0.1666666716337204,0.890582586739991,0.1484304355469034,0.0,NO ALERT,NO ALERT,20260706,00
Bihar,Vaishali,30,33,30-33 h,0.0,1.2193520432551004,0.0,0.0,NO ALERT,NO ALERT,20260706,00
Chandigarh,Chandigarh,30,33,30-33 h,0.0,1.1884359977669912,0.0,0.0,NO ALERT,NO ALERT,20260706,00
Chhattisgarh,Bastar,30,33,30-33 h,0.49147728085517883,0.5807237067170128,0.2854125083054178,0.0,NO ALERT,NO ALERT,20260706,00
Chhattisgarh,Bilaspur,30,33,30-33 h,0.0416666679084301,0.3,0.01250000037252903,0.0,NO ALERT,NO ALERT,20260706,00
Chhattisgarh,Dantewada,30,33,30-33 h,0.54076087474823,1.7403026932816885,0.9410876067457065,0.0,NO ALERT,NO ALERT,20260706,00
Chhattisgarh,Dhamtari,30,33,30-33 h,0.2291666716337204,0.3,0.06875000149011612,0.0,NO ALERT,NO ALERT,20260706,00
Chhattisgarh,Durg,30,33,30-33 h,0.1614583283662796,0.3,0.04843749850988388,0.0,NO ALERT,NO ALERT,20260706,00
Chhattisgarh,Janjgir-Champa,30,33,30-33 h,0.1145833358168602,0.3,0.03437500074505806,0.0,NO ALERT,NO ALERT,20260706,00
Chhattisgarh,Jashpur,30,33,30-33 h,0.0,0.3,0.0,0.0,NO ALERT,NO ALERT,20260706,00
Chhattisgarh,Kanker,30,33,30-33 h,0.3263888955116272,0.31181627116571115,0.1017733683483305,0.0,NO ALERT,NO ALERT,20260706,00
Chhattisgarh,Kawardha,30,33,30-33 h,0.0,0.3,0.0,0.0,NO ALERT,NO ALERT,20260706,00
Chhattisgarh,Korba,30,33,30-33 h,0.0069444444961845875,0.3,0.002083333348855376,0.0,NO ALERT,NO ALERT,20260706,00
Chhattisgarh,Koriya,30,33,30-33 h,0.0,0.3,0.0,0.0,NO ALERT,NO ALERT,20260706,00
Chhattisgarh,Mahasamund,30,33,30-33 h,0.1339285671710968,0.3,0.040178570151329036,0.0,NO ALERT,NO ALERT,20260706,00
Chhattisgarh,Raigarh,30,33,30-33 h,0.13636364042758942,0.3,0.04090909212827682,0.0,NO ALERT,NO ALERT,20260706,00
Chhattisgarh,Raipur,30,33,30-33 h,0.09765625,0.3,0.029296875,0.0,NO ALERT,NO ALERT,20260706,00
Chhattisgarh,Raj Nandgaon,30,33,30-33 h,0.3920454680919647,0.47455991292457994,0.18604906320019896,0.0,NO ALERT,NO ALERT,20260706,00
Chhattisgarh,Surguja,30,33,30-33 h,0.0598958320915699,0.3,0.01796874962747097,0.0,NO ALERT,NO ALERT,20260706,00
Dadra and Nagar Haveli,Dadra and Nagar Haveli,30,33,30-33 h,0.0,0.3,0.0,0.0,NO ALERT,NO ALERT,20260706,00
Daman and Diu,Daman,30,33,30-33 h,0.0,1.0,0.0,0.0,NO ALERT,NO ALERT,20260706,00
Daman and Diu,Junagadh,30,33,30-33 h,0.0,0.3,0.0,0.0,NO ALERT,NO ALERT,20260706,00
Delhi,Delhi,30,33,30-33 h,0.1875,0.7680284695981865,0.14400533804965998,0.0,NO ALERT,NO ALERT,20260706,00
Goa,North Goa,30,33,30-33 h,0.0,0.3,0.0,0.0,NO ALERT,NO ALERT,20260706,00
Goa,South Goa,30,33,30-33 h,0.0,0.3652758638408204,0.0,0.0,NO ALERT,NO ALERT,20260706,00
Gujarat,Ahmadabad,30,33,30-33 h,1.524999976158142,0.3,0.4574999928474426,0.0,NO ALERT,NO ALERT,20260706,00
Gujarat,Amreli,30,33,30-33 h,0.6988636255264282,0.3,0.20965908765792846,0.0,NO ALERT,NO ALERT,20260706,00
Gujarat,Anand,30,33,30-33 h,0.637499988079071,0.3,0.1912499964237213,0.0,NO ALERT,NO ALERT,20260706,00
Gujarat,Banas Kantha,30,33,30-33 h,0.0,0.3,0.0,0.0,NO ALERT,NO ALERT,20260706,00
Gujarat,Bharuch,30,33,30-33 h,2.9375,0.3,0.88125,0.0,NO ALERT,NO ALERT,20260706,00
Gujarat,Bhavnagar,30,33,30-33 h,2.0738637447357178,0.3,0.6221591234207153,0.0,NO ALERT,NO ALERT,20260706,00
Gujarat,Dahod,30,33,30-33 h,0.6145833134651184,0.3,0.18437499403953553,0.0,NO ALERT,NO ALERT,20260706,00
Gujarat,Gandhinagar,30,33,30-33 h,0.09375,0.3,0.028124999999999997,0.0,NO ALERT,NO ALERT,20260706,00
Gujarat,Jamnagar,30,33,30-33 h,0.0234375,1.0297514316198848,0.02413479917859105,0.0,NO ALERT,NO ALERT,20260706,00
Gujarat,Junagadh,30,33,30-33 h,0.0,0.3,0.0,0.0,NO ALERT,NO ALERT,20260706,00
Gujarat,Kachchh,30,33,30-33 h,0.03229166567325592,1.0429478032131136,0.033678521776014575,0.0,NO ALERT,NO ALERT,20260706,00
Gujarat,Kheda,30,33,30-33 h,0.3958333432674408,0.3,0.11875000298023224,0.0,NO ALERT,NO ALERT,20260706,00
Gujarat,Mahesana,30,33,30-33 h,0.02678571455180645,0.3,0.008035714365541935,0.0,NO ALERT,NO ALERT,20260706,00
Gujarat,Narmada,30,33,30-33 h,2.484375,0.33628631261391084,0.8354613079001848,0.0,NO ALERT,NO ALERT,20260706,00
Gujarat,Navsari,30,33,30-33 h,1.5625,0.3,0.46875,0.0,NO ALERT,NO ALERT,20260706,00
Gujarat,Panch Mahals,30,33,30-33 h,0.7749999761581421,0.38515868720859836,0.29849797340376505,0.0,NO ALERT,NO ALERT,20260706,00
Gujarat,Patan,30,33,30-33 h,0.0,0.3,0.0,0.0,NO ALERT,NO ALERT,20260706,00
Gujarat,Porbandar,30,33,30-33 h,0.010416666977107525,3.0,0.031250000931322575,0.0,NO ALERT,NO ALERT,20260706,00
Gujarat,Rajkot,30,33,30-33 h,0.1666666716337204,0.3,0.05000000149011612,0.0,NO ALERT,NO ALERT,20260706,00
Gujarat,Sabar Kantha,30,33,30-33 h,0.9375,0.3,0.28125,0.0,NO ALERT,NO ALERT,20260706,00
Gujarat,Surat,30,33,30-33 h,2.7437500953674316,0.32712919453700195,0.8975607587083703,0.0,NO ALERT,NO ALERT,20260706,00
Gujarat,Surendranagar,30,33,30-33 h,0.17083333432674408,0.3,0.05125000029802322,0.0,NO ALERT,NO ALERT,20260706,00
Gujarat,The Dangs,30,33,30-33 h,0.1458333283662796,0.6236297049513208,0.09094599554113203,0.0,NO ALERT,NO ALERT,20260706,00
Gujarat,Vadodara,30,33,30-33 h,0.7291666865348816,0.3522998571050929,0.25688531947203286,0.0,NO ALERT,NO ALERT,20260706,00
Gujarat,Valsad,30,33,30-33 h,0.0,0.3,0.0,0.0,NO ALERT,NO ALERT,20260706,00
Haryana,Ambala,30,33,30-33 h,0.0,0.6762277229722136,0.0,0.0,NO ALERT,NO ALERT,20260706,00
Haryana,Bhiwani,30,33,30-33 h,0.0,1.7078232852568205,0.0,0.0,NO ALERT,NO ALERT,20260706,00
Haryana,Faridabad,30,33,30-33 h,0.03125,0.8712532145408735,0.027226662954402295,0.0,NO ALERT,NO ALERT,20260706,00
Haryana,Fatehabad,30,33,30-33 h,0.0,1.0808056670009505,0.0,0.0,NO ALERT,NO ALERT,20260706,00
Haryana,Gurgaon,30,33,30-33 h,0.0,1.3004888747066055,0.0,0.0,NO ALERT,NO ALERT,20260706,00
Haryana,Hisar,30,33,30-33 h,0.0,0.9496809693817465,0.0,0.0,NO ALERT,NO ALERT,20260706,00
Haryana,Jhajjar,30,33,30-33 h,0.0,1.6618096732806247,0.0,0.0,NO ALERT,NO ALERT,20260706,00
Haryana,Jind,30,33,30-33 h,0.0,0.7717056323525144,0.0,0.0,NO ALERT,NO ALERT,20260706,00
Haryana,Kaithal,30,33,30-33 h,0.0,0.6331763172108541,0.0,0.0,NO ALERT,NO ALERT,20260706,00
Haryana,Karnal,30,33,30-33 h,0.0,0.5159404245146241,0.0,0.0,NO ALERT,NO ALERT,20260706,00
Haryana,Kurukshetra,30,33,30-33 h,0.0,0.6033338297736488,0.0,0.0,NO ALERT,NO ALERT,20260706,00
Haryana,Mahendragarh,30,33,30-33 h,0.03125,1.1386681831985863,0.03558338072495582,0.0,NO ALERT,NO ALERT,20260706,00
Haryana,Panchkula,30,33,30-33 h,0.0,0.6671410727647323,0.0,0.0,NO ALERT,NO ALERT,20260706,00
Haryana,Panipat,30,33,30-33 h,0.0,1.0415843239201417,0.0,0.0,NO ALERT,NO ALERT,20260706,00
Haryana,Rewari,30,33,30-33 h,0.25,1.1674745883169169,0.2918686470792292,0.0,NO ALERT,NO ALERT,20260706,00
Haryana,Rohtak,30,33,30-33 h,0.0,1.2603472433768046,0.0,0.0,NO ALERT,NO ALERT,20260706,00
Haryana,Sirsa,30,33,30-33 h,0.0,1.4831194250452018,0.0,0.0,NO ALERT,NO ALERT,20260706,00
Haryana,Sonepat,30,33,30-33 h,0.0625,0.7724164037051864,0.04827602523157415,0.0,NO ALERT,NO ALERT,20260706,00
Haryana,Yamuna Nagar,30,33,30-33 h,0.0,0.6918813868041921,0.0,0.0,NO ALERT,NO ALERT,20260706,00
Himachal Pradesh,Bilaspur,30,33,30-33 h,0.0,0.43793651979773524,0.0,0.0,NO ALERT,NO ALERT,20260706,00
Himachal Pradesh,Chamba,30,33,30-33 h,0.375,0.47998853587409984,0.17999570095278744,0.0,NO ALERT,NO ALERT,20260706,00
Himachal Pradesh,Hamirpur,30,33,30-33 h,0.0,0.3222888511402842,0.0,0.0,NO ALERT,NO ALERT,20260706,00
Himachal Pradesh,Kangra,30,33,30-33 h,0.0,0.491764254011286,0.0,0.0,NO ALERT,NO ALERT,20260706,00
Himachal Pradesh,Kinnaur,30,33,30-33 h,0.21022726595401764,0.5900100248843969,0.12403619441690868,0.0,NO ALERT,NO ALERT,20260706,00
Himachal Pradesh,Kullu,30,33,30-33 h,0.609375,0.48471900161399284,0.29537564160852686,0.0,NO ALERT,NO ALERT,20260706,00
Himachal Pradesh,Lahul and Spiti,30,33,30-33 h,0.7326388955116272,1.1034755877631228,0.808449135842818,0.0,NO ALERT,NO ALERT,20260706,00
Himachal Pradesh,Mandi,30,33,30-33 h,0.08749999850988388,0.41181400265740536,0.03603372461887228,0.0,NO ALERT,NO ALERT,20260706,00
Himachal Pradesh,Shimla,30,33,30-33 h,0.0416666679084301,0.38421361333609627,0.016008901032773092,0.0,NO ALERT,NO ALERT,20260706,00
Himachal Pradesh,Sirmaur,30,33,30-33 h,0.0,0.5853734282891708,0.0,0.0,NO ALERT,NO ALERT,20260706,00
Himachal Pradesh,Solan,30,33,30-33 h,0.0,0.501145504684414,0.0,0.0,NO ALERT,NO ALERT,20260706,00
Himachal Pradesh,Una,30,33,30-33 h,0.0,0.5308169916656943,0.0,0.0,NO ALERT,NO ALERT,20260706,00
Jammu and Kashmir,Anantnag (Kashmir South),30,33,30-33 h,0.1964285671710968,1.3868985192801786,0.27242648895392124,0.0,NO ALERT,NO ALERT,20260706,00
Jammu and Kashmir,Bagdam,30,33,30-33 h,0.3333333432674408,1.7381670057123004,0.579389019171238,0.0,NO ALERT,NO ALERT,20260706,00
Jammu and Kashmir,Baramula (Kashmir North),30,33,30-33 h,0.1785714328289032,2.3802491119877285,0.42504449441737313,0.0,NO ALERT,NO ALERT,20260706,00
Jammu and Kashmir,Doda,30,33,30-33 h,0.5477941036224365,0.9310309851117253,0.5100132839339916,0.0,NO ALERT,NO ALERT,20260706,00
Jammu and Kashmir,Jammu,30,33,30-33 h,0.0,2.1214535699251704,0.0,0.0,NO ALERT,NO ALERT,20260706,00
Jammu and Kashmir,Kargil,30,33,30-33 h,0.20652173459529877,3.0,0.6195652037858963,0.0,NO ALERT,NO ALERT,20260706,00
Jammu and Kashmir,Kathua,30,33,30-33 h,0.0,0.7421973154339496,0.0,0.0,NO ALERT,NO ALERT,20260706,00
Jammu and Kashmir,Kupwara (Muzaffarabad),30,33,30-33 h,0.0,2.805712758686526,0.0,0.0,NO ALERT,NO ALERT,20260706,00
Jammu and Kashmir,Ladakh (Leh),30,33,30-33 h,0.18583333492279053,0.6253946944730077,0.11621918171693868,0.0,NO ALERT,NO ALERT,20260706,00
Jammu and Kashmir,Pulwama,30,33,30-33 h,0.0625,3.0,0.1875,0.0,NO ALERT,NO ALERT,20260706,00
Jammu and Kashmir,Punch,30,33,30-33 h,2.4625000953674316,0.9080148049822427,2.2359865438638127,0.0,NO ALERT,NO ALERT,20260706,00
Jammu and Kashmir,Rajauri,30,33,30-33 h,4.15625,1.6908137329342856,7.027444577508125,0.0,NO ALERT,NO ALERT,20260706,00
Jammu and Kashmir,Srinagar,30,33,30-33 h,0.3125,1.1768416745126433,0.36776302328520105,0.0,NO ALERT,NO ALERT,20260706,00
Jammu and Kashmir,Udhampur,30,33,30-33 h,0.0,0.9046338825169598,0.0,0.0,NO ALERT,NO ALERT,20260706,00
Jharkhand,Bokaro,30,33,30-33 h,0.03125,0.43038052424230994,0.013449391382572186,0.0,NO ALERT,NO ALERT,20260706,00
Jharkhand,Chatra,30,33,30-33 h,0.02083333395421505,0.47580298707457397,0.009912562526137666,0.0,NO ALERT,NO ALERT,20260706,00
Jharkhand,Deoghar,30,33,30-33 h,0.0,0.43042539217912484,0.0,0.0,NO ALERT,NO ALERT,20260706,00
Jharkhand,Dhanbad,30,33,30-33 h,0.0,0.3,0.0,0.0,NO ALERT,NO ALERT,20260706,00
Jharkhand,Dumka,30,33,30-33 h,0.0625,0.5747174401032172,0.03591984000645108,0.0,NO ALERT,NO ALERT,20260706,00
Jharkhand,Garhwa,30,33,30-33 h,2.0625,0.3,0.61875,0.0,NO ALERT,NO ALERT,20260706,00
Jharkhand,Giridih,30,33,30-33 h,0.0,0.3,0.0,0.0,NO ALERT,NO ALERT,20260706,00
Jharkhand,Godda,30,33,30-33 h,0.0,1.241563229918693,0.0,0.0,NO ALERT,NO ALERT,20260706,00
Jharkhand,Gumla,30,33,30-33 h,0.0,0.3,0.0,0.0,NO ALERT,NO ALERT,20260706,00
Jharkhand,Hazaribag,30,33,30-33 h,0.0,0.42314411896564175,0.0,0.0,NO ALERT,NO ALERT,20260706,00
Jharkhand,Jamtara,30,33,30-33 h,0.0,0.46008470755189523,0.0,0.0,NO ALERT,NO ALERT,20260706,00
Jharkhand,Koderma,30,33,30-33 h,0.0,0.3039175085951896,0.0,0.0,NO ALERT,NO ALERT,20260706,00
Jharkhand,Latehar,30,33,30-33 h,0.125,0.3665391067324198,0.045817388341552474,0.0,NO ALERT,NO ALERT,20260706,00
Jharkhand,Lohardaga,30,33,30-33 h,0.0,0.39624014819091274,0.0,0.0,NO ALERT,NO ALERT,20260706,00
Jharkhand,Pakur,30,33,30-33 h,0.0,0.6035076534919583,0.0,0.0,NO ALERT,NO ALERT,20260706,00
Jharkhand,Palamu,30,33,30-33 h,0.75,0.3737988343625059,0.2803491257718794,0.0,NO ALERT,NO ALERT,20260706,00
Jharkhand,Pashchim Singhbhum,30,33,30-33 h,0.0,0.45311129700376257,0.0,0.0,NO ALERT,NO ALERT,20260706,00
Jharkhand,Purba Singhbhum,30,33,30-33 h,0.699999988079071,0.9904194813681165,0.6932936251509613,0.0,NO ALERT,NO ALERT,20260706,00
Jharkhand,Ranchi,30,33,30-33 h,0.0,0.43312750651481624,0.0,0.0,NO ALERT,NO ALERT,20260706,00
Jharkhand,Sahibganj,30,33,30-33 h,0.2750000059604645,0.9271637311929378,0.25497003160438436,0.0,NO ALERT,NO ALERT,20260706,00
Jharkhand,Saraikela Kharsawan,30,33,30-33 h,0.0,0.7038710866727816,0.0,0.0,NO ALERT,NO ALERT,20260706,00
Jharkhand,Simdega,30,33,30-33 h,0.0,0.3,0.0,0.0,NO ALERT,NO ALERT,20260706,00
Karnataka,Bagalkot,30,33,30-33 h,0.06875000149011612,1.1632799061220045,0.07997549527930994,0.0,NO ALERT,NO ALERT,20260706,00
Karnataka,Bangalore Rural,30,33,30-33 h,0.0535714291036129,3.0,0.1607142873108387,0.0,NO ALERT,NO ALERT,20260706,00
Karnataka,Bangalore Urban,30,33,30-33 h,0.0625,3.0,0.1875,0.0,NO ALERT,NO ALERT,20260706,00
Karnataka,Belgaum,30,33,30-33 h,0.018382353708148003,0.8973372374527518,0.016495170494348878,0.0,NO ALERT,NO ALERT,20260706,00
Karnataka,Bellary,30,33,30-33 h,0.0,2.70287473371527,0.0,0.0,NO ALERT,NO ALERT,20260706,00
Karnataka,Bidar,30,33,30-33 h,0.1111111119389534,1.0018766190120068,0.11131962516406325,0.0,NO ALERT,NO ALERT,20260706,00
Karnataka,Bijapur,30,33,30-33 h,0.09375,3.0,0.28125,0.0,NO ALERT,NO ALERT,20260706,00
Karnataka,Chamrajnagar,30,33,30-33 h,0.0416666679084301,3.0,0.1250000037252903,0.0,NO ALERT,NO ALERT,20260706,00
Karnataka,Chikmagalur,30,33,30-33 h,0.02500000037252903,0.9744358301784026,0.0243608961174657,0.0,NO ALERT,NO ALERT,20260706,00
Karnataka,Chitradurga,30,33,30-33 h,0.028409091755747795,3.0,0.08522727526724339,0.0,NO ALERT,NO ALERT,20260706,00
Karnataka,Dakshin Kannad,30,33,30-33 h,0.1145833358168602,0.48296471969249655,0.05533970866422109,0.0,NO ALERT,NO ALERT,20260706,00
Karnataka,Davanagere,30,33,30-33 h,0.03125,1.0634182151425726,0.033231819223205394,0.0,NO ALERT,NO ALERT,20260706,00
Karnataka,Dharwad,30,33,30-33 h,0.328125,0.6005924706507083,0.19706940443226367,0.0,NO ALERT,NO ALERT,20260706,00
Karnataka,Gadag,30,33,30-33 h,0.125,1.0104995631984701,0.12631244539980876,0.0,NO ALERT,NO ALERT,20260706,00
Karnataka,Gulbarga,30,33,30-33 h,0.7202380895614624,1.3275990324998463,0.9561873908713352,0.0,NO ALERT,NO ALERT,20260706,00
Karnataka,Hassan,30,33,30-33 h,0.03750000149011612,1.3953514149603434,0.052325680140248514,0.0,NO ALERT,NO ALERT,20260706,00
Karnataka,Haveri,30,33,30-33 h,0.0,0.8339001601670177,0.0,0.0,NO ALERT,NO ALERT,20260706,00
Karnataka,Kodagu,30,33,30-33 h,0.3125,0.9891691490121184,0.309115359066287,0.0,NO ALERT,NO ALERT,20260706,00
Karnataka,Kolar,30,33,30-33 h,0.005681818351149559,1.0,0.005681818351149559,0.0,NO ALERT,NO ALERT,20260706,00
Karnataka,Koppal,30,33,30-33 h,0.0,1.3672411486472411,0.0,0.0,NO ALERT,NO ALERT,20260706,00
Karnataka,Mandya,30,33,30-33 h,0.09375,3.0,0.28125,0.0,NO ALERT,NO ALERT,20260706,00
Karnataka,Mysore,30,33,30-33 h,0.1171875,3.0,0.3515625,0.0,NO ALERT,NO ALERT,20260706,00
Karnataka,Raichur,30,33,30-33 h,0.0729166641831398,1.9789763859973823,0.14430035656413479,0.0,NO ALERT,NO ALERT,20260706,00
Karnataka,Shimoga,30,33,30-33 h,0.0,0.6521122332003625,0.0,0.0,NO ALERT,NO ALERT,20260706,00
Karnataka,Tumkur,30,33,30-33 h,0.07386363297700882,3.0,0.22159089893102646,0.0,NO ALERT,NO ALERT,20260706,00
Karnataka,Udupi,30,33,30-33 h,0.0,0.36293434267993313,0.0,0.0,NO ALERT,NO ALERT,20260706,00
Karnataka,Uttar Kannand,30,33,30-33 h,0.14423076808452606,0.4136012505834986,0.05965402605237854,0.0,NO ALERT,NO ALERT,20260706,00
Kerala,Alappuzha,30,33,30-33 h,0.0,2.864364265748771,0.0,0.0,NO ALERT,NO ALERT,20260706,00
Kerala,Ernakulam,30,33,30-33 h,0.0,0.8273595857165152,0.0,0.0,NO ALERT,NO ALERT,20260706,00
Kerala,Idukki,30,33,30-33 h,0.13750000298023224,1.1481059089541104,0.15786456590281242,0.0,NO ALERT,NO ALERT,20260706,00
Kerala,Kannur,30,33,30-33 h,0.0,0.39296054227725635,0.0,0.0,NO ALERT,NO ALERT,20260706,00
Kerala,Kasaragod,30,33,30-33 h,0.0,0.4895700959949935,0.0,0.0,NO ALERT,NO ALERT,20260706,00
Kerala,Kollam,30,33,30-33 h,0.0,0.9608015244614043,0.0,0.0,NO ALERT,NO ALERT,20260706,00
Kerala,Kottayam,30,33,30-33 h,0.0,0.9196575889749057,0.0,0.0,NO ALERT,NO ALERT,20260706,00
Kerala,Kozhikode,30,33,30-33 h,0.0,0.37264617476151884,0.0,0.0,NO ALERT,NO ALERT,20260706,00
Kerala,Malappuram,30,33,30-33 h,0.0,0.44261788343885,0.0,0.0,NO ALERT,NO ALERT,20260706,00
Kerala,Palakkad,30,33,30-33 h,0.0,0.5302180666602749,0.0,0.0,NO ALERT,NO ALERT,20260706,00
Kerala,Pattanamtitta,30,33,30-33 h,0.0,0.7477207744636957,0.0,0.0,NO ALERT,NO ALERT,20260706,00
Kerala,Thiruvananthapuram,30,33,30-33 h,0.0,1.3040197822546657,0.0,0.0,NO ALERT,NO ALERT,20260706,00
Kerala,Thrissur,30,33,30-33 h,0.0,0.842598859765623,0.0,0.0,NO ALERT,NO ALERT,20260706,00
Kerala,Wayanad,30,33,30-33 h,0.46875,0.9148688962922525,0.42884479513699336,0.0,NO ALERT,NO ALERT,20260706,00
Lakshadweep,Kavaratti,30,33,30-33 h,0.0,1.0,0.0,0.0,NO ALERT,NO ALERT,20260706,00
Madhya Pradesh,Anuppur,30,33,30-33 h,0.0,0.3,0.0,0.0,NO ALERT,NO ALERT,20260706,00
Madhya Pradesh,Ashoknagar,30,33,30-33 h,0.5,0.9519252256221402,0.4759626128110701,0.0,NO ALERT,NO ALERT,20260706,00
Madhya Pradesh,Datia,30,33,30-33 h,0.3333333432674408,1.0,0.3333333432674408,0.0,NO ALERT,NO ALERT,20260706,00
Madhya Pradesh,Dewas,30,33,30-33 h,0.3680555522441864,0.3,0.11041666567325592,0.0,NO ALERT,NO ALERT,20260706,00
Madhya Pradesh,Dhar,30,33,30-33 h,0.4261363744735718,0.3,0.12784091234207154,0.0,NO ALERT,NO ALERT,20260706,00
Madhya Pradesh,Dindori,30,33,30-33 h,0.0,0.3,0.0,0.0,NO ALERT,NO ALERT,20260706,00
Madhya Pradesh,East Nimar,30,33,30-33 h,0.8687499761581421,0.30123901134156544,0.26170138392088726,0.0,NO ALERT,NO ALERT,20260706,00
Madhya Pradesh,Guna,30,33,30-33 h,2.2916667461395264,0.44732070879630687,1.0251099932080592,0.0,NO ALERT,NO ALERT,20260706,00
Madhya Pradesh,Gwalior,30,33,30-33 h,0.3125,1.0,0.3125,0.0,NO ALERT,NO ALERT,20260706,00
Madhya Pradesh,Harda,30,33,30-33 h,0.0,0.3,0.0,0.0,NO ALERT,NO ALERT,20260706,00
Madhya Pradesh,Hoshangabad,30,33,30-33 h,0.0,0.3,0.0,0.0,NO ALERT,NO ALERT,20260706,00
Madhya Pradesh,Indore,30,33,30-33 h,1.8035714626312256,0.3,0.5410714387893677,0.0,NO ALERT,NO ALERT,20260706,00
Madhya Pradesh,Jabalpur,30,33,30-33 h,0.0,0.3,0.0,0.0,NO ALERT,NO ALERT,20260706,00
Madhya Pradesh,Jhabua,30,33,30-33 h,0.0625,0.3,0.01875,0.0,NO ALERT,NO ALERT,20260706,00
Madhya Pradesh,Katni,30,33,30-33 h,0.0,0.32230547985936164,0.0,0.0,NO ALERT,NO ALERT,20260706,00
Madhya Pradesh,Mandla,30,33,30-33 h,0.0,0.3,0.0,0.0,NO ALERT,NO ALERT,20260706,00
Madhya Pradesh,Mandsaur,30,33,30-33 h,0.5,0.3805572499288874,0.1902786249644437,0.0,NO ALERT,NO ALERT,20260706,00
Madhya Pradesh,Morena,30,33,30-33 h,0.3035714328289032,3.0,0.9107142984867096,0.0,NO ALERT,NO ALERT,20260706,00
Madhya Pradesh,Narsinghpur,30,33,30-33 h,0.0,0.3,0.0,0.0,NO ALERT,NO ALERT,20260706,00
Madhya Pradesh,Neemuch,30,33,30-33 h,0.9166666865348816,0.7317338523203192,0.6707560458318713,0.0,NO ALERT,NO ALERT,20260706,00
Madhya Pradesh,Panna,30,33,30-33 h,0.5902777910232544,0.4184968595164538,0.24702940178554159,0.0,NO ALERT,NO ALERT,20260706,00
Madhya Pradesh,Raisen,30,33,30-33 h,0.8020833134651184,0.3,0.24062499403953552,0.0,NO ALERT,NO ALERT,20260706,00
Madhya Pradesh,Rajgarh,30,33,30-33 h,7.035714149475098,0.676433949885283,4.759195912393215,0.0,NO ALERT,NO ALERT,20260706,00
Madhya Pradesh,Ratlam,30,33,30-33 h,0.125,0.3,0.0375,0.0,NO ALERT,NO ALERT,20260706,00
Madhya Pradesh,Rewa,30,33,30-33 h,0.0,0.38712886212107545,0.0,0.0,NO ALERT,NO ALERT,20260706,00
Madhya Pradesh,Sagar,30,33,30-33 h,11.345833778381348,0.3,3.403750133514404,0.0,NO ALERT,NO ALERT,20260706,00
Madhya Pradesh,Satna,30,33,30-33 h,0.10795454680919647,0.4227753173004938,0.045640517781289046,0.0,NO ALERT,NO ALERT,20260706,00
Madhya Pradesh,Sehore,30,33,30-33 h,0.3671875,0.3,0.11015625,0.0,NO ALERT,NO ALERT,20260706,00
Madhya Pradesh,Seoni,30,33,30-33 h,0.0,0.3,0.0,0.0,NO ALERT,NO ALERT,20260706,00
Madhya Pradesh,Shahdol,30,33,30-33 h,0.0,0.3,0.0,0.0,NO ALERT,NO ALERT,20260706,00
Madhya Pradesh,Shajapur,30,33,30-33 h,2.596590995788574,0.3,0.7789772987365723,0.0,NO ALERT,NO ALERT,20260706,00
Madhya Pradesh,Sheopur,30,33,30-33 h,0.7734375,3.0,2.3203125,0.0,NO ALERT,NO ALERT,20260706,00
Madhya Pradesh,Shivpuri,30,33,30-33 h,0.32421875,3.0,0.97265625,0.0,NO ALERT,NO ALERT,20260706,00
Madhya Pradesh,Sidhi,30,33,30-33 h,0.6953125,0.399988705397733,0.2781171467218612,0.0,NO ALERT,NO ALERT,20260706,00
Maharashtra,Pune,30,33,30-33 h,0.08552631735801697,0.3,0.02565789520740509,0.0,NO ALERT,NO ALERT,20260706,00
Maharashtra,Raigarh,30,33,30-33 h,0.0,0.3,0.0,0.0,NO ALERT,NO ALERT,20260706,00
Maharashtra,Ratnagiri,30,33,30-33 h,0.0,0.3,0.0,0.0,NO ALERT,NO ALERT,20260706,00
Maharashtra,Sangli,30,33,30-33 h,0.15909090638160706,0.3,0.04772727191448212,0.0,NO ALERT,NO ALERT,20260706,00
Maharashtra,Satara,30,33,30-33 h,0.10546875,0.3,0.031640625,0.0,NO ALERT,NO ALERT,20260706,00
Maharashtra,Sindhudurg,30,33,30-33 h,0.0,0.3,0.0,0.0,NO ALERT,NO ALERT,20260706,00
Maharashtra,Solapur,30,33,30-33 h,0.91847825050354,0.3,0.275543475151062,0.0,NO ALERT,NO ALERT,20260706,00
Maharashtra,Thane,30,33,30-33 h,0.0,0.3,0.0,0.0,NO ALERT,NO ALERT,20260706,00
Maharashtra,Wardha,30,33,30-33 h,0.3571428656578064,0.8277061142287497,0.29560933355814334,0.0,NO ALERT,NO ALERT,20260706,00
Maharashtra,Washim,30,33,30-33 h,0.1666666716337204,0.6548512185328705,0.10914187300815961,0.0,NO ALERT,NO ALERT,20260706,00
Maharashtra,Yavatmal,30,33,30-33 h,0.40625,1.1672216749493405,0.47418380544816957,0.0,NO ALERT,NO ALERT,20260706,00
Manipur,Bishnupur,30,33,30-33 h,0.0,0.44222804670987065,0.0,0.0,NO ALERT,NO ALERT,20260706,00
Manipur,Chandel,30,33,30-33 h,0.0,0.4353368800524707,0.0,0.0,NO ALERT,NO ALERT,20260706,00
Manipur,Churachandpur,30,33,30-33 h,0.0,0.350797188232678,0.0,0.0,NO ALERT,NO ALERT,20260706,00
Manipur,East Imphal,30,33,30-33 h,0.0,0.34679034457550556,0.0,0.0,NO ALERT,NO ALERT,20260706,00
Manipur,Senapati,30,33,30-33 h,0.0,0.40549794487557334,0.0,0.0,NO ALERT,NO ALERT,20260706,00
Manipur,Tamenglong,30,33,30-33 h,0.0,0.47901291702576343,0.0,0.0,NO ALERT,NO ALERT,20260706,00
Manipur,Thoubal,30,33,30-33 h,0.0,0.5006320786802736,0.0,0.0,NO ALERT,NO ALERT,20260706,00
Manipur,Ukhrul,30,33,30-33 h,0.0520833320915699,0.5601360196084298,0.029173750325715963,0.0,NO ALERT,NO ALERT,20260706,00
Manipur,West Imphal,30,33,30-33 h,0.0,1.0,0.0,0.0,NO ALERT,NO ALERT,20260706,00
Meghalaya,East Garo Hills,30,33,30-33 h,0.015625,0.5096870049480084,0.007963859452312632,0.0,NO ALERT,NO ALERT,20260706,00
Meghalaya,East Khasi Hills,30,33,30-33 h,0.0,0.5445849739225571,0.0,0.0,NO ALERT,NO ALERT,20260706,00
Meghalaya,Jaintia Hills,30,33,30-33 h,0.0,0.3344285796853742,0.0,0.0,NO ALERT,NO ALERT,20260706,00
Meghalaya,Ri-Bhoi,30,33,30-33 h,0.0,0.3754843171484303,0.0,0.0,NO ALERT,NO ALERT,20260706,00
Meghalaya,South Garo Hills,30,33,30-33 h,0.0,1.1985655828274717,0.0,0.0,NO ALERT,NO ALERT,20260706,00
Meghalaya,West Garo Hills,30,33,30-33 h,0.0,1.4164832395577518,0.0,0.0,NO ALERT,NO ALERT,20260706,00
Meghalaya,West Khasi Hills,30,33,30-33 h,0.0,0.7688290212309257,0.0,0.0,NO ALERT,NO ALERT,20260706,00
Mizoram,Aizawl,30,33,30-33 h,0.1666666716337204,0.35958444336345213,0.059930742346650606,0.0,NO ALERT,NO ALERT,20260706,00
Mizoram,Champhai,30,33,30-33 h,0.15625,0.393379226133291,0.061465504083326725,0.0,NO ALERT,NO ALERT,20260706,00
Mizoram,Kolasib,30,33,30-33 h,0.09375,0.8142673026091504,0.07633755961960785,0.0,NO ALERT,NO ALERT,20260706,00
Mizoram,Lawngtlai,30,33,30-33 h,0.0,0.3,0.0,0.0,NO ALERT,NO ALERT,20260706,00
Mizoram,Lunglei,30,33,30-33 h,0.09375,0.34255624595576245,0.03211464805835273,0.0,NO ALERT,NO ALERT,20260706,00
Mizoram,Mamit,30,33,30-33 h,0.0,0.6080090530356378,0.0,0.0,NO ALERT,NO ALERT,20260706,00
Mizoram,Saiha,30,33,30-33 h,0.9375,0.3,0.28125,0.0,NO ALERT,NO ALERT,20260706,00
Mizoram,Serchhip,30,33,30-33 h,0.0,0.3,0.0,0.0,NO ALERT,NO ALERT,20260706,00
Nagaland,Dimapur,30,33,30-33 h,0.0,0.6956002689591826,0.0,0.0,NO ALERT,NO ALERT,20260706,00
Nagaland,Kohima,30,33,30-33 h,0.0,0.42200076411911747,0.0,0.0,NO ALERT,NO ALERT,20260706,00
Nagaland,Mokokchung,30,33,30-33 h,0.0,0.6004559914526765,0.0,0.0,NO ALERT,NO ALERT,20260706,00
Nagaland,Mon,30,33,30-33 h,0.0,0.35697456601861516,0.0,0.0,NO ALERT,NO ALERT,20260706,00
Nagaland,Phek,30,33,30-33 h,0.25,0.4705958392700629,0.11764895981751572,0.0,NO ALERT,NO ALERT,20260706,00
Nagaland,Tuensang,30,33,30-33 h,0.0803571417927742,0.307336347541769,0.02469667045748726,0.0,NO ALERT,NO ALERT,20260706,00
Nagaland,Wokha,30,33,30-33 h,0.0,0.9768878268305281,0.0,0.0,NO ALERT,NO ALERT,20260706,00
Nagaland,Zunheboto,30,33,30-33 h,0.0,0.3,0.0,0.0,NO ALERT,NO ALERT,20260706,00
Orissa,Angul,30,33,30-33 h,0.6041666865348816,0.3,0.18125000596046448,0.0,NO ALERT,NO ALERT,20260706,00
Orissa,Baleshwar,30,33,30-33 h,0.0,0.3,0.0,0.0,NO ALERT,NO ALERT,20260706,00
Orissa,Baragarh,30,33,30-33 h,0.171875,0.3,0.0515625,0.0,NO ALERT,NO ALERT,20260706,00
Orissa,Bhadrak,30,33,30-33 h,0.03125,0.7178511116268625,0.022432847238339455,0.0,NO ALERT,NO ALERT,20260706,00
Orissa,Bolangir,30,33,30-33 h,0.0555555559694767,0.3,0.01666666679084301,0.0,NO ALERT,NO ALERT,20260706,00
Orissa,Boudh,30,33,30-33 h,0.609375,0.46951847237716815,0.2861128191048368,0.0,NO ALERT,NO ALERT,20260706,00
Orissa,Cuttack,30,33,30-33 h,0.0803571417927742,3.0,0.2410714253783226,0.0,NO ALERT,NO ALERT,20260706,00
Orissa,Deogarh,30,33,30-33 h,1.5833333730697632,0.5670237411043358,0.8977876126133641,0.0,NO ALERT,NO ALERT,20260706,00
Orissa,Dhenkanal,30,33,30-33 h,0.010416666977107525,0.5066672121395331,0.005277783617077008,0.0,NO ALERT,NO ALERT,20260706,00
Orissa,Gajapati,30,33,30-33 h,0.140625,3.0,0.421875,0.0,NO ALERT,NO ALERT,20260706,00
Orissa,Ganjam,30,33,30-33 h,0.02604166604578495,3.0,0.07812499813735485,0.0,NO ALERT,NO ALERT,20260706,00
Orissa,Jagatsinghpur,30,33,30-33 h,0.0,1.2982877185824837,0.0,0.0,NO ALERT,NO ALERT,20260706,00
Orissa,Jajpur,30,33,30-33 h,0.0,1.0825360884765436,0.0,0.0,NO ALERT,NO ALERT,20260706,00
Orissa,Jharsuguda,30,33,30-33 h,0.09375,0.3,0.028124999999999997,0.0,NO ALERT,NO ALERT,20260706,00
Orissa,Kalahandi,30,33,30-33 h,0.15909090638160706,0.796623750187142,0.12673559446238733,0.0,NO ALERT,NO ALERT,20260706,00
Orissa,Kandhamal,30,33,30-33 h,0.125,1.1397211880580418,0.14246514850725522,0.0,NO ALERT,NO ALERT,20260706,00
Orissa,Kendrapara,30,33,30-33 h,0.546875,1.2406367579898423,0.678473227025695,0.0,NO ALERT,NO ALERT,20260706,00
Orissa,Keonjhar,30,33,30-33 h,0.015625,0.3,0.0046875,0.0,NO ALERT,NO ALERT,20260706,00
Orissa,Khordha,30,33,30-33 h,0.02083333395421505,3.0,0.06250000186264515,0.0,NO ALERT,NO ALERT,20260706,00
Orissa,Koraput,30,33,30-33 h,0.0625,3.0,0.1875,0.0,NO ALERT,NO ALERT,20260706,00
Orissa,Malkangiri,30,33,30-33 h,0.0625,3.0,0.1875,0.0,NO ALERT,NO ALERT,20260706,00
Orissa,Mayurbhanj,30,33,30-33 h,0.28308823704719543,0.6410187849222774,0.18146487773778283,0.0,NO ALERT,NO ALERT,20260706,00
Orissa,Nabarangpur,30,33,30-33 h,0.109375,0.9520565250907196,0.10413118243179745,0.0,NO ALERT,NO ALERT,20260706,00
Orissa,Nayagarh,30,33,30-33 h,0.25,2.7627565849527578,0.6906891462381894,0.0,NO ALERT,NO ALERT,20260706,00
Orissa,Nuapada,30,33,30-33 h,0.140625,0.3,0.042187499999999996,0.0,NO ALERT,NO ALERT,20260706,00
Orissa,Puri,30,33,30-33 h,0.012500000186264515,1.1682139811417622,0.014602674981868837,0.0,NO ALERT,NO ALERT,20260706,00
Orissa,Rayagada,30,33,30-33 h,0.5562499761581421,3.0,1.6687499284744263,0.0,NO ALERT,NO ALERT,20260706,00
Orissa,Sambalpur,30,33,30-33 h,0.5909090638160706,0.3,0.17727271914482115,0.0,NO ALERT,NO ALERT,20260706,00
Orissa,Sonepur,30,33,30-33 h,0.0,0.3,0.0,0.0,NO ALERT,NO ALERT,20260706,00
Orissa,Sundargarh,30,33,30-33 h,0.2740384638309479,0.4166264730089146,0.11417167865466882,0.0,NO ALERT,NO ALERT,20260706,00
Puducherry,Karaikal,30,33,30-33 h,0.0,1.0,0.0,0.0,NO ALERT,NO ALERT,20260706,00
Puducherry,Mahe,30,33,30-33 h,0.0,1.0,0.0,0.0,NO ALERT,NO ALERT,20260706,00
Puducherry,Puducherry,30,33,30-33 h,0.0,1.0,0.0,0.0,NO ALERT,NO ALERT,20260706,00
Puducherry,Yanam,30,33,30-33 h,0.0,1.0,0.0,0.0,NO ALERT,NO ALERT,20260706,00
Punjab,Amritsar,30,33,30-33 h,0.0,3.0,0.0,0.0,NO ALERT,NO ALERT,20260706,00
Punjab,Bathinda,30,33,30-33 h,0.0,1.0063742042286778,0.0,0.0,NO ALERT,NO ALERT,20260706,00
Punjab,Faridkot,30,33,30-33 h,0.0,1.8166795132507056,0.0,0.0,NO ALERT,NO ALERT,20260706,00
Punjab,Fatehgarh Sahib,30,33,30-33 h,0.0,0.7625669248111632,0.0,0.0,NO ALERT,NO ALERT,20260706,00
Punjab,Firozpur,30,33,30-33 h,0.0078125,3.0,0.0234375,0.0,NO ALERT,NO ALERT,20260706,00
Punjab,Gurdaspur,30,33,30-33 h,0.0,1.0172791491901219,0.0,0.0,NO ALERT,NO ALERT,20260706,00
Punjab,Hoshiarpur,30,33,30-33 h,0.0,1.1158502745357433,0.0,0.0,NO ALERT,NO ALERT,20260706,00
Punjab,Jalandhar,30,33,30-33 h,0.0,0.6683787736223664,0.0,0.0,NO ALERT,NO ALERT,20260706,00
Punjab,Kapurthala,30,33,30-33 h,0.0,0.8043488797650564,0.0,0.0,NO ALERT,NO ALERT,20260706,00
Punjab,Ludhiana,30,33,30-33 h,0.0,0.6367384031963071,0.0,0.0,NO ALERT,NO ALERT,20260706,00
Punjab,Mansa,30,33,30-33 h,0.0,0.8554010609701591,0.0,0.0,NO ALERT,NO ALERT,20260706,00
Punjab,Moga,30,33,30-33 h,0.0,1.9260465396022144,0.0,0.0,NO ALERT,NO ALERT,20260706,00
Punjab,Muktsar,30,33,30-33 h,0.0,1.6273890495298178,0.0,0.0,NO ALERT,NO ALERT,20260706,00
Punjab,Nawan Shehar,30,33,30-33 h,0.0,0.7376809676905092,0.0,0.0,NO ALERT,NO ALERT,20260706,00
Punjab,Patiala,30,33,30-33 h,0.0,0.9906891001535867,0.0,0.0,NO ALERT,NO ALERT,20260706,00
Punjab,Rupnagar,30,33,30-33 h,0.0,0.596268251978758,0.0,0.0,NO ALERT,NO ALERT,20260706,00
Punjab,Sangrur,30,33,30-33 h,0.0,0.6431007768751102,0.0,0.0,NO ALERT,NO ALERT,20260706,00
Rajasthan,Ajmer,30,33,30-33 h,0.11249999701976776,0.5105660303364602,0.05743867689124643,0.0,NO ALERT,NO ALERT,20260706,00
Rajasthan,Alwar,30,33,30-33 h,0.3482142984867096,1.763920291704763,0.6142222669624462,0.0,NO ALERT,NO ALERT,20260706,00
Rajasthan,Banswara,30,33,30-33 h,0.0,0.3,0.0,0.0,NO ALERT,NO ALERT,20260706,00
Rajasthan,Baran,30,33,30-33 h,1.068750023841858,1.9242101184358293,2.056499609955037,0.0,NO ALERT,NO ALERT,20260706,00
Rajasthan,Barmer,30,33,30-33 h,0.0,0.9889290802263309,0.0,0.0,NO ALERT,NO ALERT,20260706,00
Rajasthan,Bharatpur,30,33,30-33 h,1.03125,1.333984920453584,1.3756719492177585,0.0,NO ALERT,NO ALERT,20260706,00
Rajasthan,Bhilwara,30,33,30-33 h,0.0,0.3633962326272162,0.0,0.0,NO ALERT,NO ALERT,20260706,00
Rajasthan,Bikaner,30,33,30-33 h,0.0,3.0,0.0,0.0,NO ALERT,NO ALERT,20260706,00
Rajasthan,Bundi,30,33,30-33 h,0.008928571827709675,3.0,0.026785715483129025,0.0,NO ALERT,NO ALERT,20260706,00
Rajasthan,Chittaurgarh,30,33,30-33 h,0.3125,0.3,0.09375,0.0,NO ALERT,NO ALERT,20260706,00
Rajasthan,Churu,30,33,30-33 h,0.0,1.401563284200734,0.0,0.0,NO ALERT,NO ALERT,20260706,00
Rajasthan,Dausa,30,33,30-33 h,0.28125,2.1134477396397804,0.5944071767736883,0.0,NO ALERT,NO ALERT,20260706,00
Rajasthan,Dhaulpur,30,33,30-33 h,0.949999988079071,3.0,2.849999964237213,0.0,NO ALERT,NO ALERT,20260706,00
Rajasthan,Dungarpur,30,33,30-33 h,0.012500000186264515,0.3,0.0037500000558793544,0.0,NO ALERT,NO ALERT,20260706,00
Rajasthan,Ganganagar,30,33,30-33 h,0.0,1.0,0.0,0.0,NO ALERT,NO ALERT,20260706,00
Rajasthan,Hanumangarh,30,33,30-33 h,0.0,1.571559761267069,0.0,0.0,NO ALERT,NO ALERT,20260706,00
Rajasthan,Jaipur,30,33,30-33 h,0.22083333134651184,2.075984689161689,0.45844661473192866,0.0,NO ALERT,NO ALERT,20260706,00
Rajasthan,Jaisalmer,30,33,30-33 h,0.0,1.0,0.0,0.0,NO ALERT,NO ALERT,20260706,00
Rajasthan,Jalor,30,33,30-33 h,0.01953125,0.3,0.005859375,0.0,NO ALERT,NO ALERT,20260706,00
Rajasthan,Jhalawar,30,33,30-33 h,1.3263888359069824,0.5632776631707748,0.7471252039454893,0.0,NO ALERT,NO ALERT,20260706,00
Rajasthan,Jhunjhunun,30,33,30-33 h,0.0,1.2604511264027094,0.0,0.0,NO ALERT,NO ALERT,20260706,00
Rajasthan,Jodhpur,30,33,30-33 h,0.0,0.8001683993228174,0.0,0.0,NO ALERT,NO ALERT,20260706,00
Rajasthan,Tonk,30,33,30-33 h,0.1944444477558136,3.0,0.5833333432674408,0.0,NO ALERT,NO ALERT,20260706,00
Rajasthan,Udaipur,30,33,30-33 h,0.0729166641831398,0.3,0.021874999254941938,0.0,NO ALERT,NO ALERT,20260706,00
Sikkim,East,30,33,30-33 h,0.0,2.23108818195037,0.0,0.0,NO ALERT,NO ALERT,20260706,00
Sikkim,North Sikkim,30,33,30-33 h,0.1696428507566452,2.347754056512395,0.3982796910222406,0.0,NO ALERT,NO ALERT,20260706,00
Sikkim,South Sikkim,30,33,30-33 h,0.0,1.0,0.0,0.0,NO ALERT,NO ALERT,20260706,00
Sikkim,West Sikkim,30,33,30-33 h,0.09375,3.0,0.28125,0.0,NO ALERT,NO ALERT,20260706,00
Tamil Nadu,Ariyalur,30,33,30-33 h,0.0,1.0,0.0,0.0,NO ALERT,NO ALERT,20260706,00
Tamil Nadu,Chennai,30,33,30-33 h,0.0,1.0,0.0,0.0,NO ALERT,NO ALERT,20260706,00
Tamil Nadu,Coimbatore,30,33,30-33 h,0.0572916679084301,3.0,0.1718750037252903,0.0,NO ALERT,NO ALERT,20260706,00
Tamil Nadu,Cuddalore,30,33,30-33 h,0.0,1.0,0.0,0.0,NO ALERT,NO ALERT,20260706,00
Tamil Nadu,Dharmapuri,30,33,30-33 h,0.0,1.0,0.0,0.0,NO ALERT,NO ALERT,20260706,00
Tamil Nadu,Dindigul,30,33,30-33 h,0.0,1.0,0.0,0.0,NO ALERT,NO ALERT,20260706,00
Tamil Nadu,Erode,30,33,30-33 h,0.0,1.0,0.0,0.0,NO ALERT,NO ALERT,20260706,00
Tamil Nadu,Kancheepuram,30,33,30-33 h,0.0,1.0,0.0,0.0,NO ALERT,NO ALERT,20260706,00
Tamil Nadu,Kanniyakumari,30,33,30-33 h,0.0,2.3327618361136246,0.0,0.0,NO ALERT,NO ALERT,20260706,00
Tamil Nadu,Karur,30,33,30-33 h,0.0,1.0,0.0,0.0,NO ALERT,NO ALERT,20260706,00
Tamil Nadu,Sivaganga,30,33,30-33 h,0.0,1.0,0.0,0.0,NO ALERT,NO ALERT,20260706,00
Tamil Nadu,Thanjavur,30,33,30-33 h,0.0,1.0,0.0,0.0,NO ALERT,NO ALERT,20260706,00
Tamil Nadu,Theni,30,33,30-33 h,0.0,3.0,0.0,0.0,NO ALERT,NO ALERT,20260706,00
Tamil Nadu,Thiruvallur,30,33,30-33 h,0.0,1.0,0.0,0.0,NO ALERT,NO ALERT,20260706,00
Tamil Nadu,Thiruvarur,30,33,30-33 h,0.0,3.0,0.0,0.0,NO ALERT,NO ALERT,20260706,00
Tamil Nadu,Thoothukudi,30,33,30-33 h,0.0,1.0,0.0,0.0,NO ALERT,NO ALERT,20260706,00
Tamil Nadu,Tiruchchirappalli,30,33,30-33 h,0.0,1.0,0.0,0.0,NO ALERT,NO ALERT,20260706,00
Tamil Nadu,Tirunelveli Kattabo,30,33,30-33 h,0.0,3.0,0.0,0.0,NO ALERT,NO ALERT,20260706,00
Tamil Nadu,Tiruvannamalai,30,33,30-33 h,0.0,1.0,0.0,0.0,NO ALERT,NO ALERT,20260706,00
Tamil Nadu,Vellore,30,33,30-33 h,0.0,1.0,0.0,0.0,NO ALERT,NO ALERT,20260706,00
Tamil Nadu,Villupuram,30,33,30-33 h,0.0,1.0,0.0,0.0,NO ALERT,NO ALERT,20260706,00
Tamil Nadu,Virudhunagar,30,33,30-33 h,0.0,1.0,0.0,0.0,NO ALERT,NO ALERT,20260706,00
Tripura,Dhalai,30,33,30-33 h,0.125,2.7728682543513306,0.3466085317939163,0.0,NO ALERT,NO ALERT,20260706,00
Tripura,North Tripura,30,33,30-33 h,0.03125,1.8373519402302907,0.057417248132196584,0.0,NO ALERT,NO ALERT,20260706,00
Tripura,South Tripura,30,33,30-33 h,0.0,0.6883313005588784,0.0,0.0,NO ALERT,NO ALERT,20260706,00
Tripura,West Tripura,30,33,30-33 h,0.010416666977107525,1.2952968876484479,0.013492676315117743,0.0,NO ALERT,NO ALERT,20260706,00
Uttar Pradesh,Agra,30,33,30-33 h,1.28125,1.0983193107761748,1.407221616931974,0.0,NO ALERT,NO ALERT,20260706,00
Uttar Pradesh,Aligarh,30,33,30-33 h,0.1041666641831398,0.8798559857902731,0.09165166300134081,0.0,NO ALERT,NO ALERT,20260706,00
Uttar Pradesh,Allahabad,30,33,30-33 h,0.0,0.3288936598778827,0.0,0.0,NO ALERT,NO ALERT,20260706,00
Uttar Pradesh,Ambedkar Nagar,30,33,30-33 h,0.0,3.0,0.0,0.0,NO ALERT,NO ALERT,20260706,00
Uttar Pradesh,Auraiya,30,33,30-33 h,0.1458333283662796,3.0,0.4374999850988388,0.0,NO ALERT,NO ALERT,20260706,00
Uttar Pradesh,Azamgarh,30,33,30-33 h,0.30000001192092896,3.0,0.9000000357627869,0.0,NO ALERT,NO ALERT,20260706,00
Uttar Pradesh,Badaun,30,33,30-33 h,0.2321428507566452,2.287464070059984,0.531018430227123,0.0,NO ALERT,NO ALERT,20260706,00
Uttar Pradesh,Baghpat,30,33,30-33 h,0.25,0.8822997668421744,0.2205749417105436,0.0,NO ALERT,NO ALERT,20260706,00
Uttar Pradesh,Bahraich,30,33,30-33 h,0.0520833320915699,3.0,0.1562499962747097,0.0,NO ALERT,NO ALERT,20260706,00
Uttar Pradesh,Ballia,30,33,30-33 h,0.0,0.782997505218471,0.0,0.0,NO ALERT,NO ALERT,20260706,00
Uttar Pradesh,Balrampur,30,33,30-33 h,0.0,2.137629415780145,0.0,0.0,NO ALERT,NO ALERT,20260706,00
Uttar Pradesh,Banda,30,33,30-33 h,0.3958333432674408,2.6135166709781106,1.0345170415584575,0.0,NO ALERT,NO ALERT,20260706,00
Uttar Pradesh,Bara Banki,30,33,30-33 h,0.1979166716337204,3.0,0.5937500149011612,0.0,NO ALERT,NO ALERT,20260706,00
Uttar Pradesh,Bareilly,30,33,30-33 h,0.13750000298023224,2.898412958300566,0.39853179040427156,0.0,NO ALERT,NO ALERT,20260706,00
Uttar Pradesh,Basti,30,33,30-33 h,0.0,2.3821490387413156,0.0,0.0,NO ALERT,NO ALERT,20260706,00
Uttar Pradesh,Bijnor,30,33,30-33 h,0.02500000037252903,3.0,0.07500000111758709,0.0,NO ALERT,NO ALERT,20260706,00
Uttar Pradesh,Bulandshahr,30,33,30-33 h,0.05000000074505806,1.5919798836936727,0.07959899537080108,0.0,NO ALERT,NO ALERT,20260706,00
Uttar Pradesh,Chandauli,30,33,30-33 h,1.03125,0.38773924304590257,0.39985609439108705,0.0,NO ALERT,NO ALERT,20260706,00
Uttar Pradesh,Chitrakoot,30,33,30-33 h,0.0,0.562270950669591,0.0,0.0,NO ALERT,NO ALERT,20260706,00
Uttar Pradesh,Deoria,30,33,30-33 h,0.0,3.0,0.0,0.0,NO ALERT,NO ALERT,20260706,00
Uttar Pradesh,Etah,30,33,30-33 h,0.234375,2.067726013381379,0.48462328438626073,0.0,NO ALERT,NO ALERT,20260706,00
Uttar Pradesh,Etawah,30,33,30-33 h,0.15625,3.0,0.46875,0.0,NO ALERT,NO ALERT,20260706,00
Uttar Pradesh,Faizabad,30,33,30-33 h,0.0,3.0,0.0,0.0,NO ALERT,NO ALERT,20260706,00
Uttar Pradesh,Farrukhabad,30,33,30-33 h,0.0,3.0,0.0,0.0,NO ALERT,NO ALERT,20260706,00
Uttar Pradesh,Fatehpur,30,33,30-33 h,0.2142857164144516,1.2397823009215974,0.2656676385509417,0.0,NO ALERT,NO ALERT,20260706,00
Uttar Pradesh,Firozabad,30,33,30-33 h,0.828125,1.3721040668065834,1.136273680324202,0.0,NO ALERT,NO ALERT,20260706,00
Uttar Pradesh,Gautam Buddha Nagar,30,33,30-33 h,0.0,0.5126294703835742,0.0,0.0,NO ALERT,NO ALERT,20260706,00
Uttar Pradesh,Ghaziabad,30,33,30-33 h,0.0,0.6195152102740974,0.0,0.0,NO ALERT,NO ALERT,20260706,00
Uttar Pradesh,Ghazipur,30,33,30-33 h,0.012500000186264515,0.9133276607025872,0.011416595928902873,0.0,NO ALERT,NO ALERT,20260706,00
Uttar Pradesh,Gonda,30,33,30-33 h,0.0535714291036129,3.0,0.1607142873108387,0.0,NO ALERT,NO ALERT,20260706,00
Uttar Pradesh,Gorakhpur,30,33,30-33 h,0.0,3.0,0.0,0.0,NO ALERT,NO ALERT,20260706,00
Uttar Pradesh,Hamirpur,30,33,30-33 h,0.3571428656578064,1.0,0.3571428656578064,0.0,NO ALERT,NO ALERT,20260706,00
Uttar Pradesh,Hardoi,30,33,30-33 h,0.2222222238779068,3.0,0.6666666716337204,0.0,NO ALERT,NO ALERT,20260706,00
Uttar Pradesh,Hathras,30,33,30-33 h,0.125,0.6899235208352951,0.08624044010441188,0.0,NO ALERT,NO ALERT,20260706,00
Uttar Pradesh,Jalaun,30,33,30-33 h,0.010416666977107525,1.0,0.010416666977107525,0.0,NO ALERT,NO ALERT,20260706,00
Uttar Pradesh,Jaunpur,30,33,30-33 h,0.0,1.4820370115645944,0.0,0.0,NO ALERT,NO ALERT,20260706,00
Uttar Pradesh,Jhansi,30,33,30-33 h,0.0833333358168602,1.0,0.0833333358168602,0.0,NO ALERT,NO ALERT,20260706,00
Uttar Pradesh,Jyotiba Phule Nagar,30,33,30-33 h,0.078125,2.7207409304746526,0.21255788519333224,0.0,NO ALERT,NO ALERT,20260706,00
Uttar Pradesh,Kannauj,30,33,30-33 h,0.0,1.0,0.0,0.0,NO ALERT,NO ALERT,20260706,00
Uttar Pradesh,Kanpur,30,33,30-33 h,0.0625,3.0,0.1875,0.0,NO ALERT,NO ALERT,20260706,00
Uttar Pradesh,Kanpur Dehat,30,33,30-33 h,0.02678571455180645,1.0,0.02678571455180645,0.0,NO ALERT,NO ALERT,20260706,00
Uttar Pradesh,Kaushambi,30,33,30-33 h,0.0,0.8478967173116988,0.0,0.0,NO ALERT,NO ALERT,20260706,00
Uttar Pradesh,Kushinagar,30,33,30-33 h,0.0,3.0,0.0,0.0,NO ALERT,NO ALERT,20260706,00
Uttar Pradesh,Lakhimpur Kheri,30,33,30-33 h,0.028409091755747795,3.0,0.08522727526724339,0.0,NO ALERT,NO ALERT,20260706,00
Uttar Pradesh,Lalitpur,30,33,30-33 h,0.8046875,2.6401848571460835,2.124523752234739,0.0,NO ALERT,NO ALERT,20260706,00
Uttar Pradesh,Lucknow,30,33,30-33 h,0.28125,2.284626632442603,0.6425512403744821,0.0,NO ALERT,NO ALERT,20260706,00
Uttar Pradesh,Maharajganj,30,33,30-33 h,0.03125,1.0,0.03125,0.0,NO ALERT,NO ALERT,20260706,00
Uttar Pradesh,Mahoba,30,33,30-33 h,2.0625,1.0,2.0625,0.0,NO ALERT,NO ALERT,20260706,00
Uttar Pradesh,Mainpuri,30,33,30-33 h,0.16249999403953552,2.6323788094303384,0.4277615408422296,0.0,NO ALERT,NO ALERT,20260706,00
Uttar Pradesh,Mathura,30,33,30-33 h,0.574999988079071,0.7910712809124609,0.4548659770943605,0.0,NO ALERT,NO ALERT,20260706,00
Uttar Pradesh,Mau,30,33,30-33 h,0.0625,1.9114426031786989,0.11946516269866868,0.0,NO ALERT,NO ALERT,20260706,00
Uttar Pradesh,Meerut,30,33,30-33 h,0.09375,0.9643158928227719,0.09040461495213487,0.0,NO ALERT,NO ALERT,20260706,00
Uttar Pradesh,Mirzapur,30,33,30-33 h,0.125,0.35710016022873065,0.04463752002859133,0.0,NO ALERT,NO ALERT,20260706,00
Uttar Pradesh,Moradabad,30,33,30-33 h,0.2708333432674408,1.91329315618519,0.5181835821403488,0.0,NO ALERT,NO ALERT,20260706,00
Uttar Pradesh,Muzaffarnagar,30,33,30-33 h,0.0,1.0943905970571934,0.0,0.0,NO ALERT,NO ALERT,20260706,00
Uttar Pradesh,Pilibhit,30,33,30-33 h,0.1666666716337204,3.0,0.5000000149011612,0.0,NO ALERT,NO ALERT,20260706,00
Uttar Pradesh,Pratapgarh,30,33,30-33 h,0.2395833283662796,1.7597048613363788,0.42159594762129216,0.0,NO ALERT,NO ALERT,20260706,00
Uttar Pradesh,Rae Bareli,30,33,30-33 h,0.4921875,1.1033504252204083,0.5430552874131697,0.0,NO ALERT,NO ALERT,20260706,00
Uttar Pradesh,Rampur,30,33,30-33 h,0.4375,3.0,1.3125,0.0,NO ALERT,NO ALERT,20260706,00
Uttar Pradesh,Saharanpur,30,33,30-33 h,0.0,1.2072077539321737,0.0,0.0,NO ALERT,NO ALERT,20260706,00
Uttar Pradesh,Sant Kabir Nagar,30,33,30-33 h,0.03125,3.0,0.09375,0.0,NO ALERT,NO ALERT,20260706,00
Uttar Pradesh,Sant Ravi Das Nagar,30,33,30-33 h,0.0,0.7357740655714142,0.0,0.0,NO ALERT,NO ALERT,20260706,00
Uttar Pradesh,Shahjahanpur,30,33,30-33 h,0.09375,3.0,0.28125,0.0,NO ALERT,NO ALERT,20260706,00
Uttar Pradesh,Shravasti,30,33,30-33 h,0.0,3.0,0.0,0.0,NO ALERT,NO ALERT,20260706,00
Uttar Pradesh,Siddharth Nagar,30,33,30-33 h,0.010416666977107525,3.0,0.031250000931322575,0.0,NO ALERT,NO ALERT,20260706,00
Uttar Pradesh,Sitapur,30,33,30-33 h,0.1805555522441864,3.0,0.5416666567325592,0.0,NO ALERT,NO ALERT,20260706,00
Uttar Pradesh,Sonbhadra,30,33,30-33 h,0.4609375,0.36184466178439245,0.1667877737912434,0.0,NO ALERT,NO ALERT,20260706,00
Uttar Pradesh,Sultanpur,30,33,30-33 h,0.3645833432674408,3.0,1.0937500298023224,0.0,NO ALERT,NO ALERT,20260706,00
Uttar Pradesh,Unnao,30,33,30-33 h,0.09375,2.072396332849315,0.19428715620462328,0.0,NO ALERT,NO ALERT,20260706,00
Uttar Pradesh,Varanasi,30,33,30-33 h,0.0,0.7173701896151363,0.0,0.0,NO ALERT,NO ALERT,20260706,00
Uttaranchal,Almora,30,33,30-33 h,2.203125,0.9821425065093953,2.1637827096535114,0.0,NO ALERT,NO ALERT,20260706,00
Uttaranchal,Bageshwar,30,33,30-33 h,1.100000023841858,1.1747002010493959,1.2921702491613707,0.0,NO ALERT,NO ALERT,20260706,00
Uttaranchal,Chamoli,30,33,30-33 h,1.1822916269302368,0.9639619688833851,1.1396841644900118,0.0,NO ALERT,NO ALERT,20260706,00
Uttaranchal,Champawat,30,33,30-33 h,1.9375,1.3345860907380185,2.5857605508049106,0.0,NO ALERT,NO ALERT,20260706,00
Uttaranchal,Dehra Dun,30,33,30-33 h,0.65625,0.6132870486378237,0.4024696256685718,0.0,NO ALERT,NO ALERT,20260706,00
Uttaranchal,Haridwar,30,33,30-33 h,0.0,3.0,0.0,0.0,NO ALERT,NO ALERT,20260706,00
Uttaranchal,Naini Tal,30,33,30-33 h,1.4479166269302368,3.0,4.3437498807907104,0.0,NO ALERT,NO ALERT,20260706,00
Uttaranchal,Pauri Garhwal,30,33,30-33 h,0.9583333134651184,0.6525376956382899,0.6253486120219353,0.0,NO ALERT,NO ALERT,20260706,00
Uttaranchal,Pithoragarh,30,33,30-33 h,0.5909090638160706,1.4492140668178521,0.8563537274924173,0.0,NO ALERT,NO ALERT,20260706,00
Uttaranchal,Rudra Prayag,30,33,30-33 h,0.0,0.4569764664782921,0.0,0.0,NO ALERT,NO ALERT,20260706,00
Uttaranchal,Tehri Garhwal,30,33,30-33 h,0.3645833432674408,0.43032490849803356,0.15688929383146863,0.0,NO ALERT,NO ALERT,20260706,00
Uttaranchal,Udham Singh Nagar,30,33,30-33 h,0.0729166641831398,3.0,0.2187499925494194,0.0,NO ALERT,NO ALERT,20260706,00
Uttaranchal,Uttarkashi,30,33,30-33 h,0.2604166567325592,0.5922627381468989,0.15423508217548657,0.0,NO ALERT,NO ALERT,20260706,00
West Bengal,Bankura,30,33,30-33 h,0.5113636255264282,0.8139789747747026,0.41623923964307696,0.0,NO ALERT,NO ALERT,20260706,00
West Bengal,Barddhaman,30,33,30-33 h,0.10227272659540176,0.574892656930282,0.058795839523934836,0.0,NO ALERT,NO ALERT,20260706,00
West Bengal,Birbhum,30,33,30-33 h,0.0,0.5294498373329074,0.0,0.0,NO ALERT,NO ALERT,20260706,00
West Bengal,Dakshin Dinajpur,30,33,30-33 h,0.8333333134651184,3.0,2.4999999403953552,0.0,NO ALERT,NO ALERT,20260706,00
West Bengal,Darjiling,30,33,30-33 h,0.05000000074505806,0.7026692764985678,0.0351334643484578,0.0,NO ALERT,NO ALERT,20260706,00
West Bengal,East Midnapore,30,33,30-33 h,0.2916666567325592,0.8881573288438509,0.25904587875640617,0.0,NO ALERT,NO ALERT,20260706,00
West Bengal,Haora,30,33,30-33 h,1.0,1.2481811405444279,1.2481811405444279,0.0,NO ALERT,NO ALERT,20260706,00
West Bengal,Hugli,30,33,30-33 h,0.453125,0.8639513302480973,0.39147794651866913,0.0,NO ALERT,NO ALERT,20260706,00
West Bengal,Jalpaiguri,30,33,30-33 h,0.0,0.4477323529410921,0.0,0.0,NO ALERT,NO ALERT,20260706,00
West Bengal,Kochbihar,30,33,30-33 h,0.0,0.4180542781060552,0.0,0.0,NO ALERT,NO ALERT,20260706,00
West Bengal,Kolkata,30,33,30-33 h,0.0,1.0,0.0,0.0,NO ALERT,NO ALERT,20260706,00
West Bengal,Maldah,30,33,30-33 h,0.03750000149011612,1.8447625989600538,0.0691786002099125,0.0,NO ALERT,NO ALERT,20260706,00
West Bengal,Murshidabad,30,33,30-33 h,1.1458333730697632,0.5481165988025845,0.6280502912414915,0.0,NO ALERT,NO ALERT,20260706,00
West Bengal,Nadia,30,33,30-33 h,1.0729166269302368,0.5519673667157511,0.5922149652722287,0.0,NO ALERT,NO ALERT,20260706,00
West Bengal,North 24 Parganas,30,33,30-33 h,0.0,0.5171853011924324,0.0,0.0,NO ALERT,NO ALERT,20260706,00
West Bengal,Puruliya,30,33,30-33 h,0.2083333283662796,0.5083553982476996,0.10590737210990883,0.0,NO ALERT,NO ALERT,20260706,00
West Bengal,South 24 Parganas,30,33,30-33 h,0.1953125,0.39550141013305273,0.07724636916661186,0.0,NO ALERT,NO ALERT,20260706,00
West Bengal,Uttar Dinajpur,30,33,30-33 h,0.0625,0.7118445881113709,0.04449028675696068,0.0,NO ALERT,NO ALERT,20260706,00
West Bengal,West Midnapore,30,33,30-33 h,0.34375,1.4849613290035115,0.5104554568449571,0.0,NO ALERT,NO ALERT,20260706,00
Arunachal Pradesh,Papum Pare,33,36,33-36 h,1.8125,0.9533183125255726,1.7278894414526005,0.0,NO ALERT,NO ALERT,20260706,00
Arunachal Pradesh,Tawang,33,36,33-36 h,0.9125000238418579,1.1388765971638852,1.0392249220649792,0.0,NO ALERT,NO ALERT,20260706,00
Arunachal Pradesh,Tirap,33,36,33-36 h,1.015625,0.3651383081547162,0.37084359421963364,0.0,NO ALERT,NO ALERT,20260706,00
Arunachal Pradesh,Upper Dibang Valley,33,36,33-36 h,0.9488636255264282,1.028310112978305,0.9757260619660855,0.0,NO ALERT,NO ALERT,20260706,00
Arunachal Pradesh,Upper Siang,33,36,33-36 h,3.152777671813965,1.2039424484099477,3.795762869495919,0.0,NO ALERT,NO ALERT,20260706,00
Arunachal Pradesh,Upper Subansiri,33,36,33-36 h,2.8046875,0.5158400571515395,1.4467701602922083,0.0,NO ALERT,NO ALERT,20260706,00
Arunachal Pradesh,West Kameng,33,36,33-36 h,1.7727272510528564,0.6603703450016216,1.170656506371551,0.0,NO ALERT,NO ALERT,20260706,00
Arunachal Pradesh,West Siang,33,36,33-36 h,2.8522727489471436,0.797134356200177,2.2736446014392904,0.0,NO ALERT,NO ALERT,20260706,00
Assam,Barpeta,33,36,33-36 h,2.7604167461395264,0.6024484372218926,1.6630087547928993,0.0,NO ALERT,NO ALERT,20260706,00
Assam,Bongaigaon,33,36,33-36 h,3.09375,0.46296589037388325,1.4323007233442013,0.0,NO ALERT,NO ALERT,20260706,00
Assam,Cachar,33,36,33-36 h,1.21875,0.5608794743553766,0.6835718593706152,0.0,NO ALERT,NO ALERT,20260706,00
Assam,Darrang,33,36,33-36 h,1.412500023841858,0.3,0.42375000715255734,0.0,NO ALERT,NO ALERT,20260706,00
Assam,Dhemaji,33,36,33-36 h,12.234375,0.3,3.6703124999999996,0.0,NO ALERT,NO ALERT,20260706,00
Assam,Dhuburi,33,36,33-36 h,4.359375,0.32508121737137274,1.417150931978328,0.0,NO ALERT,NO ALERT,20260706,00
Assam,Dibrugarh,33,36,33-36 h,3.5625,0.3174379415214978,1.130872666670336,0.0,NO ALERT,NO ALERT,20260706,00
Assam,Goalpara,33,36,33-36 h,2.6041667461395264,0.35666832552213257,0.9288237927260053,0.0,NO ALERT,NO ALERT,20260706,00
Assam,Golaghat,33,36,33-36 h,2.0,1.2381989938745952,2.4763979877491904,0.0,NO ALERT,NO ALERT,20260706,00
Assam,Hailakandi,33,36,33-36 h,0.75,0.8229121215241156,0.6171840911430867,0.0,NO ALERT,NO ALERT,20260706,00
Assam,Jorhat,33,36,33-36 h,1.125,0.6894283364621259,0.7756068785198916,0.0,NO ALERT,NO ALERT,20260706,00
Assam,Kamrup,33,36,33-36 h,1.875,0.3664044900075036,0.6870084187640693,0.0,NO ALERT,NO ALERT,20260706,00
Assam,Karbi Anglong,33,36,33-36 h,0.5729166865348816,0.4270362077260787,0.2446561691608464,0.0,NO ALERT,NO ALERT,20260706,00
Assam,Karimganj,33,36,33-36 h,0.5625,0.6822626455335654,0.3837727381126306,0.0,NO ALERT,NO ALERT,20260706,00
Assam,Kokrajhar,33,36,33-36 h,2.359375,0.37030806257959376,0.873695585148729,0.0,NO ALERT,NO ALERT,20260706,00
Assam,Lakhimpur,33,36,33-36 h,1.9583333730697632,0.8540887789555129,1.672590559392985,0.0,NO ALERT,NO ALERT,20260706,00
Assam,Marigaon,33,36,33-36 h,2.71875,0.3,0.8156249999999999,0.0,NO ALERT,NO ALERT,20260706,00
Assam,Nagaon,33,36,33-36 h,2.46875,0.38673451003625536,0.9547508216520054,0.0,NO ALERT,NO ALERT,20260706,00
Assam,Nalbari,33,36,33-36 h,1.2291666269302368,0.5554100332386462,0.6826914771191576,0.0,NO ALERT,NO ALERT,20260706,00
Assam,North Cachar Hills,33,36,33-36 h,0.1696428507566452,1.1126078231817818,0.1887459628987029,0.0,NO ALERT,NO ALERT,20260706,00
Assam,Sibsagar,33,36,33-36 h,1.2916666269302368,0.6339424569321858,0.8188423150134633,0.0,NO ALERT,NO ALERT,20260706,00
Assam,Sonitpur,33,36,33-36 h,4.287499904632568,0.3,1.2862499713897704,0.0,NO ALERT,NO ALERT,20260706,00
Assam,Tinsukia,33,36,33-36 h,11.100000381469727,0.3,3.3300001144409177,0.0,NO ALERT,NO ALERT,20260706,00
Bihar,Araria,33,36,33-36 h,3.015625,0.5229429825116881,1.5769999316368095,0.0,NO ALERT,NO ALERT,20260706,00
Bihar,Aurangabad,33,36,33-36 h,0.3125,0.35000296398043534,0.10937592624388605,0.0,NO ALERT,NO ALERT,20260706,00
Bihar,Banka,33,36,33-36 h,0.03125,0.7184756982670082,0.022452365570844006,0.0,NO ALERT,NO ALERT,20260706,00
Bihar,Begusarai,33,36,33-36 h,0.09375,2.5062878804279856,0.23496448879012366,0.0,NO ALERT,NO ALERT,20260706,00
Bihar,Bhabua,33,36,33-36 h,1.5833333730697632,0.3407437709399486,0.5395109841948597,0.0,NO ALERT,NO ALERT,20260706,00
Bihar,Bhagalpur,33,36,33-36 h,0.125,1.0689963787452375,0.13362454734315468,0.0,NO ALERT,NO ALERT,20260706,00
Bihar,Bhojpur,33,36,33-36 h,1.09375,0.4776323743598687,0.5224104094561064,0.0,NO ALERT,NO ALERT,20260706,00
Bihar,Buxar,33,36,33-36 h,1.21875,0.8075695227139618,0.9842253558076409,0.0,NO ALERT,NO ALERT,20260706,00
Bihar,Darbhanga,33,36,33-36 h,0.03125,3.0,0.09375,0.0,NO ALERT,NO ALERT,20260706,00
Bihar,Gaya,33,36,33-36 h,0.2874999940395355,0.363978205648116,0.10464373195435418,0.0,NO ALERT,NO ALERT,20260706,00
Bihar,Gopalganj,33,36,33-36 h,0.34375,2.547002946333611,0.8755322628021788,0.0,NO ALERT,NO ALERT,20260706,00
Bihar,Jamui,33,36,33-36 h,0.0,0.6349210991185491,0.0,0.0,NO ALERT,NO ALERT,20260706,00
Bihar,Jehanabad,33,36,33-36 h,1.0,0.5056413165810456,0.5056413165810456,0.0,NO ALERT,NO ALERT,20260706,00
Bihar,Katihar,33,36,33-36 h,0.625,1.607854247376458,1.0049089046102864,0.0,NO ALERT,NO ALERT,20260706,00
Bihar,Khagaria,33,36,33-36 h,0.03125,1.903639559935811,0.05948873624799409,0.0,NO ALERT,NO ALERT,20260706,00
Bihar,Kishanganj,33,36,33-36 h,4.625,0.5333674240043547,2.4668243360201405,0.0,NO ALERT,NO ALERT,20260706,00
Bihar,Lakhisarai,33,36,33-36 h,0.0833333358168602,1.0458318462971934,0.08715265645545094,0.0,NO ALERT,NO ALERT,20260706,00
Bihar,Madhepura,33,36,33-36 h,0.453125,1.1618894539535725,0.5264811588227125,0.0,NO ALERT,NO ALERT,20260706,00
Bihar,Madhubani,33,36,33-36 h,0.2874999940395355,1.4408870594945968,0.41425502101634043,0.0,NO ALERT,NO ALERT,20260706,00
Bihar,Munger,33,36,33-36 h,0.03125,1.0672109647237193,0.03335034264761623,0.0,NO ALERT,NO ALERT,20260706,00
Bihar,Muzaffarpur,33,36,33-36 h,0.171875,2.179447337729882,0.37459251117232345,0.0,NO ALERT,NO ALERT,20260706,00
Bihar,Nalanda,33,36,33-36 h,1.21875,1.0296407182961889,1.2548746254234802,0.0,NO ALERT,NO ALERT,20260706,00
Bihar,Nawada,33,36,33-36 h,0.59375,0.4708261828175211,0.27955304604790315,0.0,NO ALERT,NO ALERT,20260706,00
Bihar,Pashchim Champaran,33,36,33-36 h,0.0234375,2.3983339096854386,0.05621095100825246,0.0,NO ALERT,NO ALERT,20260706,00
Bihar,Patna,33,36,33-36 h,0.609375,0.8338239891381003,0.5081114933810299,0.0,NO ALERT,NO ALERT,20260706,00
Bihar,Purba Champaran,33,36,33-36 h,0.08749999850988388,3.0,0.26249999552965164,0.0,NO ALERT,NO ALERT,20260706,00
Bihar,Purnia,33,36,33-36 h,2.0208332538604736,0.5942910400177946,1.200963096139285,0.0,NO ALERT,NO ALERT,20260706,00
Bihar,Rohtas,33,36,33-36 h,0.7875000238418579,0.33297800858631404,0.2622201897005367,0.0,NO ALERT,NO ALERT,20260706,00
Bihar,Saharsa,33,36,33-36 h,0.1041666641831398,2.0970945990316596,0.2184473488576071,0.0,NO ALERT,NO ALERT,20260706,00
Bihar,Samastipur,33,36,33-36 h,0.015625,2.7195437456214746,0.04249287102533554,0.0,NO ALERT,NO ALERT,20260706,00
Bihar,Saran,33,36,33-36 h,0.25,0.9861629519125841,0.24654073797814602,0.0,NO ALERT,NO ALERT,20260706,00
Bihar,Sheikhpura,33,36,33-36 h,0.28125,0.7062180227612795,0.19862381890160988,0.0,NO ALERT,NO ALERT,20260706,00
Bihar,Sheohar,33,36,33-36 h,0.125,1.0,0.125,0.0,NO ALERT,NO ALERT,20260706,00
Madhya Pradesh,Tikamgarh,33,36,33-36 h,3.9375,3.0,11.8125,0.0,MODERATE,NO ALERT,20260706,00
Madhya Pradesh,Ujjain,33,36,33-36 h,8.160714149475098,0.3,2.448214244842529,0.0,NO ALERT,NO ALERT,20260706,00
Madhya Pradesh,Umaria,33,36,33-36 h,0.96875,0.3,0.29062499999999997,0.0,NO ALERT,NO ALERT,20260706,00
Madhya Pradesh,Vidisha,33,36,33-36 h,5.4375,0.41390940472058413,2.2506323881681762,0.0,NO ALERT,NO ALERT,20260706,00
Madhya Pradesh,West Nimar,33,36,33-36 h,2.237499952316284,0.44485233351497017,0.9953570750275335,0.0,NO ALERT,NO ALERT,20260706,00
Maharashtra,Ahmednagar,33,36,33-36 h,0.184523805975914,0.3,0.0553571417927742,0.0,NO ALERT,NO ALERT,20260706,00
Maharashtra,Akola,33,36,33-36 h,0.4375,0.6882367881901188,0.30110359483317695,0.0,NO ALERT,NO ALERT,20260706,00
Maharashtra,Amravati,33,36,33-36 h,0.39453125,0.9339314439149177,0.3684651399820574,0.0,NO ALERT,NO ALERT,20260706,00
Maharashtra,Aurangabad,33,36,33-36 h,0.6541666388511658,0.5067375479619736,0.33149079852996566,0.0,NO ALERT,NO ALERT,20260706,00
Maharashtra,Bhandara,33,36,33-36 h,1.9270833730697632,0.44561608275608444,0.8587393438517299,0.0,NO ALERT,NO ALERT,20260706,00
Maharashtra,Bid,33,36,33-36 h,0.21666666865348816,0.6836711063440929,0.14812874106621923,0.0,NO ALERT,NO ALERT,20260706,00
Maharashtra,Buldana,33,36,33-36 h,0.6009615659713745,1.3375042100354553,0.8037886245562134,0.0,NO ALERT,NO ALERT,20260706,00
Maharashtra,Chandrapur,33,36,33-36 h,1.9553571939468384,1.3798679824200135,2.6981347861218827,0.0,NO ALERT,NO ALERT,20260706,00
Maharashtra,Dhule,33,36,33-36 h,2.7638888359069824,0.3092955395113148,0.8548584886511499,0.0,NO ALERT,NO ALERT,20260706,00
Maharashtra,Garhchiroli,33,36,33-36 h,3.0250000953674316,0.7873463730204786,2.381722853474149,0.0,NO ALERT,NO ALERT,20260706,00
Maharashtra,Gondiya,33,36,33-36 h,1.984375,0.604748128777892,1.2000470680436295,0.0,NO ALERT,NO ALERT,20260706,00
Maharashtra,Greater Bombay,33,36,33-36 h,5.875,0.3,1.7625,0.0,NO ALERT,NO ALERT,20260706,00
Maharashtra,Hingoli,33,36,33-36 h,0.6770833134651184,2.239290183539015,1.5161860172805095,0.0,NO ALERT,NO ALERT,20260706,00
Maharashtra,Jalgaon,33,36,33-36 h,0.9750000238418579,0.5762232307671074,0.561817663736162,0.0,NO ALERT,NO ALERT,20260706,00
Maharashtra,Jalna,33,36,33-36 h,0.856249988079071,3.0,2.568749964237213,0.0,NO ALERT,NO ALERT,20260706,00
Maharashtra,Kolhapur,33,36,33-36 h,1.5625,0.41287151840747965,0.645111747511687,0.0,NO ALERT,NO ALERT,20260706,00
Maharashtra,Latur,33,36,33-36 h,2.0833332538604736,1.50430828029553,3.13397546439734,0.0,NO ALERT,NO ALERT,20260706,00
Maharashtra,Nagpur,33,36,33-36 h,0.5083333253860474,0.5156920875720314,0.26214347375076347,0.0,NO ALERT,NO ALERT,20260706,00
Maharashtra,Nanded,33,36,33-36 h,1.7416666746139526,1.9327884430663378,3.3662732203676273,0.0,NO ALERT,NO ALERT,20260706,00
Maharashtra,Nandurbar,33,36,33-36 h,4.3125,0.3,1.29375,0.0,NO ALERT,NO ALERT,20260706,00
Maharashtra,Nashik,33,36,33-36 h,0.9864130616188049,0.3,0.2959239184856415,0.0,NO ALERT,NO ALERT,20260706,00
Maharashtra,Osmanabad,33,36,33-36 h,1.357954502105713,0.3793131751187402,0.5150900338605059,0.0,NO ALERT,NO ALERT,20260706,00
Maharashtra,Parbhani,33,36,33-36 h,1.0750000476837158,3.0,3.2250001430511475,0.0,NO ALERT,NO ALERT,20260706,00
Madhya Pradesh,Balaghat,33,36,33-36 h,1.302884578704834,0.3,0.3908653736114502,0.0,NO ALERT,NO ALERT,20260706,00
Madhya Pradesh,Barwani,33,36,33-36 h,5.140625,0.336734408265465,1.7310253174896562,0.0,NO ALERT,NO ALERT,20260706,00
Madhya Pradesh,Betul,33,36,33-36 h,0.59375,0.3,0.178125,0.0,NO ALERT,NO ALERT,20260706,00
Madhya Pradesh,Bhind,33,36,33-36 h,1.0714285373687744,3.0,3.2142856121063232,0.0,NO ALERT,NO ALERT,20260706,00
Madhya Pradesh,Bhopal,33,36,33-36 h,10.087499618530273,0.364615889459979,3.6780626458376147,0.0,NO ALERT,NO ALERT,20260706,00
Madhya Pradesh,Burhanpur,33,36,33-36 h,1.9583333730697632,1.2142310318773522,2.3778691523423543,0.0,NO ALERT,NO ALERT,20260706,00
Madhya Pradesh,Chhatarpur,33,36,33-36 h,6.980769157409668,2.317805072305432,16.180062161637448,0.0,MODERATE,NO ALERT,20260706,00
Madhya Pradesh,Chhindwara,33,36,33-36 h,1.024999976158142,0.3,0.3074999928474426,0.0,NO ALERT,NO ALERT,20260706,00
Madhya Pradesh,Damoh,33,36,33-36 h,12.606249809265137,0.36117172586835916,4.553021000339963,0.0,NO ALERT,NO ALERT,20260706,00
Rajasthan,Karauli,33,36,33-36 h,1.4285714626312256,2.7439746691600675,3.919963906545031,0.0,NO ALERT,NO ALERT,20260706,00
Rajasthan,Kota,33,36,33-36 h,4.0,2.9527826759430753,11.811130703772301,0.0,MODERATE,NO ALERT,20260706,00
Rajasthan,Nagaur,33,36,33-36 h,1.646634578704834,1.1882893373752281,1.9566783124283051,0.0,NO ALERT,NO ALERT,20260706,00
Rajasthan,Pali,33,36,33-36 h,0.39338234066963196,0.3,0.11801470220088958,0.0,NO ALERT,NO ALERT,20260706,00
Rajasthan,Rajsamand,33,36,33-36 h,0.1517857164144516,0.3,0.04553571492433548,0.0,NO ALERT,NO ALERT,20260706,00
Rajasthan,Sawai Madhopur,33,36,33-36 h,3.1339285373687744,3.0,9.401785612106323,0.0,NO ALERT,NO ALERT,20260706,00
Rajasthan,Sikar,33,36,33-36 h,0.90625,1.51752888887864,1.3752605555462676,0.0,NO ALERT,NO ALERT,20260706,00
Rajasthan,Sirohi,33,36,33-36 h,0.9140625,0.3,0.27421875,0.0,NO ALERT,NO ALERT,20260706,00
Tamil Nadu,Madurai,33,36,33-36 h,0.0,1.0,0.0,0.0,NO ALERT,NO ALERT,20260706,00
Tamil Nadu,Nagapattinam,33,36,33-36 h,0.0,3.0,0.0,0.0,NO ALERT,NO ALERT,20260706,00
Tamil Nadu,Namakkal,33,36,33-36 h,0.0,1.0,0.0,0.0,NO ALERT,NO ALERT,20260706,00
Tamil Nadu,Nilgiris,33,36,33-36 h,1.375,1.7038905536806261,2.342849511310861,0.0,NO ALERT,NO ALERT,20260706,00
Tamil Nadu,Perambalur,33,36,33-36 h,0.0,1.0,0.0,0.0,NO ALERT,NO ALERT,20260706,00
Tamil Nadu,Pudukkottai,33,36,33-36 h,0.0,1.0,0.0,0.0,NO ALERT,NO ALERT,20260706,00
Tamil Nadu,Ramanathapuram,33,36,33-36 h,0.0,1.0,0.0,0.0,NO ALERT,NO ALERT,20260706,00
Tamil Nadu,Salem,33,36,33-36 h,0.0,1.0,0.0,0.0,NO ALERT,NO ALERT,20260706,00
Andaman and Nicobar,Andaman Islands,33,36,33-36 h,0.0347222238779068,1.0,0.0347222238779068,0.0,NO ALERT,NO ALERT,20260706,00
Andaman and Nicobar,Nicobar Islands,33,36,33-36 h,0.25,1.0,0.25,0.0,NO ALERT,NO ALERT,20260706,00
Andhra Pradesh,Adilabad,33,36,33-36 h,1.48369562625885,3.0,4.45108687877655,0.0,NO ALERT,NO ALERT,20260706,00
Andhra Pradesh,Anantapur,33,36,33-36 h,0.04398148134350777,1.0,0.04398148134350777,0.0,NO ALERT,NO ALERT,20260706,00
Andhra Pradesh,Chittoor,33,36,33-36 h,0.0,1.0,0.0,0.0,NO ALERT,NO ALERT,20260706,00
Andhra Pradesh,Cuddapah,33,36,33-36 h,0.0,1.0,0.0,0.0,NO ALERT,NO ALERT,20260706,00
Andhra Pradesh,East Godavari,33,36,33-36 h,0.13970588147640228,3.0,0.41911764442920685,0.0,NO ALERT,NO ALERT,20260706,00
Andhra Pradesh,Guntur,33,36,33-36 h,0.0,3.0,0.0,0.0,NO ALERT,NO ALERT,20260706,00
Andhra Pradesh,Hyderabad,33,36,33-36 h,0.0,1.0,0.0,0.0,NO ALERT,NO ALERT,20260706,00
Andhra Pradesh,Karimnagar,33,36,33-36 h,0.6458333134651184,2.1393520898236744,1.3816648488393493,0.0,NO ALERT,NO ALERT,20260706,00
Andhra Pradesh,Khammam,33,36,33-36 h,0.0625,3.0,0.1875,0.0,NO ALERT,NO ALERT,20260706,00
Andhra Pradesh,Krishna,33,36,33-36 h,0.0,3.0,0.0,0.0,NO ALERT,NO ALERT,20260706,00
Andhra Pradesh,Kurnool,33,36,33-36 h,0.013586956076323986,3.0,0.04076086822897196,0.0,NO ALERT,NO ALERT,20260706,00
Andhra Pradesh,Mahbubnagar,33,36,33-36 h,0.37268519401550293,3.0,1.1180555820465088,0.0,NO ALERT,NO ALERT,20260706,00
Andhra Pradesh,Medak,33,36,33-36 h,0.4759615361690521,1.1350579038438837,0.5402439035543591,0.0,NO ALERT,NO ALERT,20260706,00
Andhra Pradesh,Nalgonda,33,36,33-36 h,0.2083333283662796,3.0,0.6249999850988388,0.0,NO ALERT,NO ALERT,20260706,00
Andhra Pradesh,Nellore,33,36,33-36 h,0.0,1.0,0.0,0.0,NO ALERT,NO ALERT,20260706,00
Andhra Pradesh,Nizamabad,33,36,33-36 h,1.875,3.0,5.625,0.0,NO ALERT,NO ALERT,20260706,00
Andhra Pradesh,Prakasam,33,36,33-36 h,0.0,1.0,0.0,0.0,NO ALERT,NO ALERT,20260706,00
Andhra Pradesh,Rangareddi,33,36,33-36 h,1.3541666269302368,2.274697750563405,3.0803197801662434,0.0,NO ALERT,NO ALERT,20260706,00
Andhra Pradesh,Srikakulam,33,36,33-36 h,0.09375,3.0,0.28125,0.0,NO ALERT,NO ALERT,20260706,00
Andhra Pradesh,Vishakhapatnam,33,36,33-36 h,0.36250001192092896,3.0,1.0875000357627869,0.0,NO ALERT,NO ALERT,20260706,00
Andhra Pradesh,Vizianagaram,33,36,33-36 h,0.0625,3.0,0.1875,0.0,NO ALERT,NO ALERT,20260706,00
Andhra Pradesh,Warangal,33,36,33-36 h,0.1111111119389534,3.0,0.3333333358168602,0.0,NO ALERT,NO ALERT,20260706,00
Andhra Pradesh,West Godavari,33,36,33-36 h,0.0,3.0,0.0,0.0,NO ALERT,NO ALERT,20260706,00
Arunachal Pradesh,Changlang,33,36,33-36 h,1.75,0.3,0.525,0.0,NO ALERT,NO ALERT,20260706,00
Arunachal Pradesh,East Kameng,33,36,33-36 h,2.700000047683716,0.4269880196000505,1.1528676732805117,0.0,NO ALERT,NO ALERT,20260706,00
Arunachal Pradesh,East Siang,33,36,33-36 h,15.714285850524902,0.45628493034155115,7.170191824673978,0.0,NO ALERT,NO ALERT,20260706,00
Arunachal Pradesh,Kurung Kumey,33,36,33-36 h,2.7562499046325684,0.7126390600047544,1.9642113411755475,0.0,NO ALERT,NO ALERT,20260706,00
Arunachal Pradesh,Lohit,33,36,33-36 h,7.016666889190674,0.3,2.105000066757202,0.0,NO ALERT,NO ALERT,20260706,00
Arunachal Pradesh,Lower Dibang Valley,33,36,33-36 h,11.59375,0.3,3.478125,0.0,NO ALERT,NO ALERT,20260706,00
Arunachal Pradesh,Lower Subansiri,33,36,33-36 h,2.987499952316284,0.6416184837284099,1.916835189543871,0.0,NO ALERT,NO ALERT,20260706,00
Bihar,Sitamarhi,33,36,33-36 h,0.02083333395421505,3.0,0.06250000186264515,0.0,NO ALERT,NO ALERT,20260706,00
Bihar,Siwan,33,36,33-36 h,0.25,1.4389760456555118,0.35974401141387796,0.0,NO ALERT,NO ALERT,20260706,00
Bihar,Supaul,33,36,33-36 h,3.0416667461395264,0.890582586739991,2.708855438777951,0.0,NO ALERT,NO ALERT,20260706,00
Bihar,Vaishali,33,36,33-36 h,0.265625,1.2193520432551004,0.32389038648963603,0.0,NO ALERT,NO ALERT,20260706,00
Chandigarh,Chandigarh,33,36,33-36 h,0.0,1.1884359977669912,0.0,0.0,NO ALERT,NO ALERT,20260706,00
Chhattisgarh,Bastar,33,36,33-36 h,1.0710227489471436,0.5807237067170128,0.6219683007468298,0.0,NO ALERT,NO ALERT,20260706,00
Chhattisgarh,Bilaspur,33,36,33-36 h,0.28125,0.3,0.08437499999999999,0.0,NO ALERT,NO ALERT,20260706,00
Chhattisgarh,Dantewada,33,36,33-36 h,0.97826087474823,1.7403026932816885,1.7024700350564452,0.0,NO ALERT,NO ALERT,20260706,00
Chhattisgarh,Dhamtari,33,36,33-36 h,1.1354166269302368,0.3,0.34062498807907104,0.0,NO ALERT,NO ALERT,20260706,00
Chhattisgarh,Durg,33,36,33-36 h,1.1666666269302368,0.3,0.349999988079071,0.0,NO ALERT,NO ALERT,20260706,00
Chhattisgarh,Janjgir-Champa,33,36,33-36 h,0.5729166865348816,0.3,0.17187500596046448,0.0,NO ALERT,NO ALERT,20260706,00
Chhattisgarh,Jashpur,33,36,33-36 h,0.9624999761581421,0.3,0.2887499928474426,0.0,NO ALERT,NO ALERT,20260706,00
Chhattisgarh,Kanker,33,36,33-36 h,1.2222222089767456,0.31181627116571115,0.3811087717390474,0.0,NO ALERT,NO ALERT,20260706,00
Chhattisgarh,Kawardha,33,36,33-36 h,0.3958333432674408,0.3,0.11875000298023224,0.0,NO ALERT,NO ALERT,20260706,00
Chhattisgarh,Korba,33,36,33-36 h,0.1319444477558136,0.3,0.03958333432674408,0.0,NO ALERT,NO ALERT,20260706,00
Chhattisgarh,Koriya,33,36,33-36 h,0.6761363744735718,0.3,0.20284091234207152,0.0,NO ALERT,NO ALERT,20260706,00
Chhattisgarh,Mahasamund,33,36,33-36 h,1.4375,0.3,0.43124999999999997,0.0,NO ALERT,NO ALERT,20260706,00
Chhattisgarh,Raigarh,33,36,33-36 h,0.9772727489471436,0.3,0.29318182468414306,0.0,NO ALERT,NO ALERT,20260706,00
Chhattisgarh,Raipur,33,36,33-36 h,1.41796875,0.3,0.42539062499999997,0.0,NO ALERT,NO ALERT,20260706,00
Chhattisgarh,Raj Nandgaon,33,36,33-36 h,1.8352272510528564,0.47455991292457994,0.8709252844564598,0.0,NO ALERT,NO ALERT,20260706,00
Chhattisgarh,Surguja,33,36,33-36 h,0.2760416567325592,0.3,0.08281249701976776,0.0,NO ALERT,NO ALERT,20260706,00
Dadra and Nagar Haveli,Dadra and Nagar Haveli,33,36,33-36 h,2.0,0.3,0.6,0.0,NO ALERT,NO ALERT,20260706,00
Daman and Diu,Daman,33,36,33-36 h,0.0,1.0,0.0,0.0,NO ALERT,NO ALERT,20260706,00
Daman and Diu,Junagadh,33,36,33-36 h,3.8125,0.3,1.14375,0.0,NO ALERT,NO ALERT,20260706,00
Delhi,Delhi,33,36,33-36 h,0.0416666679084301,0.7680284695981865,0.03200118718696744,0.0,NO ALERT,NO ALERT,20260706,00
Goa,North Goa,33,36,33-36 h,7.90625,0.3,2.3718749999999997,0.0,NO ALERT,NO ALERT,20260706,00
Goa,South Goa,33,36,33-36 h,7.958333492279053,0.3652758638408204,2.906987141125564,0.0,NO ALERT,NO ALERT,20260706,00
Gujarat,Ahmadabad,33,36,33-36 h,0.824999988079071,0.3,0.2474999964237213,0.0,NO ALERT,NO ALERT,20260706,00
Gujarat,Amreli,33,36,33-36 h,1.4715908765792847,0.3,0.44147726297378537,0.0,NO ALERT,NO ALERT,20260706,00
Gujarat,Anand,33,36,33-36 h,0.30000001192092896,0.3,0.09000000357627869,0.0,NO ALERT,NO ALERT,20260706,00
Gujarat,Banas Kantha,33,36,33-36 h,0.0223214291036129,0.3,0.00669642873108387,0.0,NO ALERT,NO ALERT,20260706,00
Gujarat,Bharuch,33,36,33-36 h,2.6517856121063232,0.3,0.795535683631897,0.0,NO ALERT,NO ALERT,20260706,00
Gujarat,Bhavnagar,33,36,33-36 h,3.232954502105713,0.3,0.9698863506317138,0.0,NO ALERT,NO ALERT,20260706,00
Gujarat,Dahod,33,36,33-36 h,1.1770833730697632,0.3,0.35312501192092893,0.0,NO ALERT,NO ALERT,20260706,00
Gujarat,Gandhinagar,33,36,33-36 h,0.125,0.3,0.0375,0.0,NO ALERT,NO ALERT,20260706,00
Gujarat,Jamnagar,33,36,33-36 h,0.40234375,1.0297514316198848,0.41431405256581305,0.0,NO ALERT,NO ALERT,20260706,00
Gujarat,Junagadh,33,36,33-36 h,1.9943181276321411,0.3,0.5982954382896423,0.0,NO ALERT,NO ALERT,20260706,00
Gujarat,Kachchh,33,36,33-36 h,0.008333333767950535,1.0429478032131136,0.00869123214672567,0.0,NO ALERT,NO ALERT,20260706,00
Gujarat,Kheda,33,36,33-36 h,0.28125,0.3,0.08437499999999999,0.0,NO ALERT,NO ALERT,20260706,00
Gujarat,Mahesana,33,36,33-36 h,0.0357142873108387,0.3,0.010714286193251609,0.0,NO ALERT,NO ALERT,20260706,00
Gujarat,Narmada,33,36,33-36 h,2.859375,0.33628631261391084,0.9615686751304013,0.0,NO ALERT,NO ALERT,20260706,00
Gujarat,Navsari,33,36,33-36 h,4.4375,0.3,1.33125,0.0,NO ALERT,NO ALERT,20260706,00
Gujarat,Panch Mahals,33,36,33-36 h,1.4500000476837158,0.38515868720859836,0.558480114818265,0.0,NO ALERT,NO ALERT,20260706,00
Gujarat,Patan,33,36,33-36 h,0.0,0.3,0.0,0.0,NO ALERT,NO ALERT,20260706,00
Gujarat,Porbandar,33,36,33-36 h,0.4479166567325592,3.0,1.3437499701976776,0.0,NO ALERT,NO ALERT,20260706,00
Gujarat,Rajkot,33,36,33-36 h,0.75,0.3,0.22499999999999998,0.0,NO ALERT,NO ALERT,20260706,00
Gujarat,Sabar Kantha,33,36,33-36 h,0.2291666716337204,0.3,0.06875000149011612,0.0,NO ALERT,NO ALERT,20260706,00
Gujarat,Surat,33,36,33-36 h,2.25,0.32712919453700195,0.7360406877082544,0.0,NO ALERT,NO ALERT,20260706,00
Gujarat,Surendranagar,33,36,33-36 h,0.10000000149011612,0.3,0.030000000447034835,0.0,NO ALERT,NO ALERT,20260706,00
Gujarat,The Dangs,33,36,33-36 h,1.3958333730697632,0.6236297049513208,0.8704831546087033,0.0,NO ALERT,NO ALERT,20260706,00
Gujarat,Vadodara,33,36,33-36 h,1.3697916269302368,0.3522998571050929,0.4825773944312751,0.0,NO ALERT,NO ALERT,20260706,00
Gujarat,Valsad,33,36,33-36 h,3.125,0.3,0.9375,0.0,NO ALERT,NO ALERT,20260706,00
Haryana,Ambala,33,36,33-36 h,0.02083333395421505,0.6762277229722136,0.014088077981778545,0.0,NO ALERT,NO ALERT,20260706,00
Haryana,Bhiwani,33,36,33-36 h,0.1517857164144516,1.7078232852568205,0.2592231808619888,0.0,NO ALERT,NO ALERT,20260706,00
Haryana,Faridabad,33,36,33-36 h,1.578125,0.8712532145408735,1.3749464791973158,0.0,NO ALERT,NO ALERT,20260706,00
Haryana,Fatehabad,33,36,33-36 h,0.0,1.0808056670009505,0.0,0.0,NO ALERT,NO ALERT,20260706,00
Haryana,Gurgaon,33,36,33-36 h,0.03125,1.3004888747066055,0.04064027733458142,0.0,NO ALERT,NO ALERT,20260706,00
Haryana,Hisar,33,36,33-36 h,0.26249998807907104,0.9496809693817465,0.2492912431416291,0.0,NO ALERT,NO ALERT,20260706,00
Haryana,Jhajjar,33,36,33-36 h,0.0,1.6618096732806247,0.0,0.0,NO ALERT,NO ALERT,20260706,00
Haryana,Jind,33,36,33-36 h,0.03125,0.7717056323525144,0.024115801011016076,0.0,NO ALERT,NO ALERT,20260706,00
Haryana,Kaithal,33,36,33-36 h,0.0,0.6331763172108541,0.0,0.0,NO ALERT,NO ALERT,20260706,00
Haryana,Karnal,33,36,33-36 h,0.125,0.5159404245146241,0.06449255306432801,0.0,NO ALERT,NO ALERT,20260706,00
Haryana,Kurukshetra,33,36,33-36 h,0.0,0.6033338297736488,0.0,0.0,NO ALERT,NO ALERT,20260706,00
Haryana,Mahendragarh,33,36,33-36 h,0.3125,1.1386681831985863,0.3558338072495582,0.0,NO ALERT,NO ALERT,20260706,00
Haryana,Panchkula,33,36,33-36 h,0.75,0.6671410727647323,0.5003558045735492,0.0,NO ALERT,NO ALERT,20260706,00
Haryana,Panipat,33,36,33-36 h,0.3125,1.0415843239201417,0.32549510122504427,0.0,NO ALERT,NO ALERT,20260706,00
Haryana,Rewari,33,36,33-36 h,0.0,1.1674745883169169,0.0,0.0,NO ALERT,NO ALERT,20260706,00
Haryana,Rohtak,33,36,33-36 h,0.0416666679084301,1.2603472433768046,0.052514470039086644,0.0,NO ALERT,NO ALERT,20260706,00
Haryana,Sirsa,33,36,33-36 h,2.8125,1.4831194250452018,4.17127338293963,0.0,NO ALERT,NO ALERT,20260706,00
Haryana,Sonepat,33,36,33-36 h,0.0625,0.7724164037051864,0.04827602523157415,0.0,NO ALERT,NO ALERT,20260706,00
Haryana,Yamuna Nagar,33,36,33-36 h,0.03125,0.6918813868041921,0.021621293337631003,0.0,NO ALERT,NO ALERT,20260706,00
Himachal Pradesh,Bilaspur,33,36,33-36 h,0.15625,0.43793651979773524,0.06842758121839614,0.0,NO ALERT,NO ALERT,20260706,00
Himachal Pradesh,Chamba,33,36,33-36 h,1.5397727489471436,0.47998853587409984,0.7390732673459773,0.0,NO ALERT,NO ALERT,20260706,00
Himachal Pradesh,Hamirpur,33,36,33-36 h,0.0,0.3222888511402842,0.0,0.0,NO ALERT,NO ALERT,20260706,00
Himachal Pradesh,Kangra,33,36,33-36 h,0.25,0.491764254011286,0.1229410635028215,0.0,NO ALERT,NO ALERT,20260706,00
Himachal Pradesh,Kinnaur,33,36,33-36 h,1.3693181276321411,0.5900100248843969,0.8079114225588954,0.0,NO ALERT,NO ALERT,20260706,00
Himachal Pradesh,Kullu,33,36,33-36 h,0.921875,0.48471900161399284,0.44685032961289967,0.0,NO ALERT,NO ALERT,20260706,00
Himachal Pradesh,Lahul and Spiti,33,36,33-36 h,1.4097222089767456,1.1034755877631228,1.5555940431333422,0.0,NO ALERT,NO ALERT,20260706,00
Himachal Pradesh,Mandi,33,36,33-36 h,0.5375000238418579,0.41181400265740536,0.22135003624676633,0.0,NO ALERT,NO ALERT,20260706,00
Himachal Pradesh,Shimla,33,36,33-36 h,2.0486111640930176,0.38421361333609627,0.7871042976768448,0.0,NO ALERT,NO ALERT,20260706,00
Himachal Pradesh,Sirmaur,33,36,33-36 h,1.0,0.5853734282891708,0.5853734282891708,0.0,NO ALERT,NO ALERT,20260706,00
Himachal Pradesh,Solan,33,36,33-36 h,1.34375,0.501145504684414,0.6734142719196813,0.0,NO ALERT,NO ALERT,20260706,00
Himachal Pradesh,Una,33,36,33-36 h,0.0,0.5308169916656943,0.0,0.0,NO ALERT,NO ALERT,20260706,00
Jammu and Kashmir,Anantnag (Kashmir South),33,36,33-36 h,1.875,1.3868985192801786,2.6004347236503347,0.0,NO ALERT,NO ALERT,20260706,00
Jammu and Kashmir,Bagdam,33,36,33-36 h,5.5625,1.7381670057123004,9.66855396927467,0.0,NO ALERT,NO ALERT,20260706,00
Jammu and Kashmir,Baramula (Kashmir North),33,36,33-36 h,0.6071428656578064,2.3802491119877285,1.4451512668316784,0.0,NO ALERT,NO ALERT,20260706,00
Jammu and Kashmir,Doda,33,36,33-36 h,1.1985293626785278,0.9310309851117253,1.1158679732199182,0.0,NO ALERT,NO ALERT,20260706,00
Jammu and Kashmir,Jammu,33,36,33-36 h,0.015625,2.1214535699251704,0.03314771203008079,0.0,NO ALERT,NO ALERT,20260706,00
Jammu and Kashmir,Kargil,33,36,33-36 h,0.70652174949646,3.0,2.11956524848938,0.0,NO ALERT,NO ALERT,20260706,00
Jammu and Kashmir,Kathua,33,36,33-36 h,0.859375,0.7421973154339496,0.6378258179510504,0.0,NO ALERT,NO ALERT,20260706,00
Jammu and Kashmir,Kupwara (Muzaffarabad),33,36,33-36 h,0.15000000596046448,2.805712758686526,0.4208569305263301,0.0,NO ALERT,NO ALERT,20260706,00
Jammu and Kashmir,Ladakh (Leh),33,36,33-36 h,0.5208333134651184,0.6253946944730077,0.32572639094588196,0.0,NO ALERT,NO ALERT,20260706,00
Jammu and Kashmir,Pulwama,33,36,33-36 h,2.4375,3.0,7.3125,0.0,NO ALERT,NO ALERT,20260706,00
Jammu and Kashmir,Punch,33,36,33-36 h,6.737500190734863,0.9080148049822427,6.11774992175794,0.0,NO ALERT,NO ALERT,20260706,00
Jammu and Kashmir,Rajauri,33,36,33-36 h,8.041666984558105,1.6908137329342856,13.59696097317509,0.0,MODERATE,NO ALERT,20260706,00
Jammu and Kashmir,Srinagar,33,36,33-36 h,1.59375,1.1768416745126433,1.8755914187545253,0.0,NO ALERT,NO ALERT,20260706,00
Jammu and Kashmir,Udhampur,33,36,33-36 h,1.6171875,0.9046338825169598,1.4629626068828958,0.0,NO ALERT,NO ALERT,20260706,00
Jharkhand,Bokaro,33,36,33-36 h,0.0,0.43038052424230994,0.0,0.0,NO ALERT,NO ALERT,20260706,00
Jharkhand,Chatra,33,36,33-36 h,0.010416666977107525,0.47580298707457397,0.004956281263068833,0.0,NO ALERT,NO ALERT,20260706,00
Jharkhand,Deoghar,33,36,33-36 h,0.0,0.43042539217912484,0.0,0.0,NO ALERT,NO ALERT,20260706,00
Jharkhand,Dhanbad,33,36,33-36 h,0.125,0.3,0.0375,0.0,NO ALERT,NO ALERT,20260706,00
Jharkhand,Dumka,33,36,33-36 h,0.02500000037252903,0.5747174401032172,0.014367936216679362,0.0,NO ALERT,NO ALERT,20260706,00
Jharkhand,Garhwa,33,36,33-36 h,1.9270833730697632,0.3,0.5781250119209289,0.0,NO ALERT,NO ALERT,20260706,00
Jharkhand,Giridih,33,36,33-36 h,0.0234375,0.3,0.007031249999999999,0.0,NO ALERT,NO ALERT,20260706,00
Jharkhand,Godda,33,36,33-36 h,0.03125,1.241563229918693,0.038798850934959155,0.0,NO ALERT,NO ALERT,20260706,00
Jharkhand,Gumla,33,36,33-36 h,0.15625,0.3,0.046875,0.0,NO ALERT,NO ALERT,20260706,00
Jharkhand,Hazaribag,33,36,33-36 h,0.0234375,0.42314411896564175,0.009917440288257228,0.0,NO ALERT,NO ALERT,20260706,00
Jharkhand,Jamtara,33,36,33-36 h,0.03125,0.46008470755189523,0.014377647110996726,0.0,NO ALERT,NO ALERT,20260706,00
Jharkhand,Koderma,33,36,33-36 h,0.0,0.3039175085951896,0.0,0.0,NO ALERT,NO ALERT,20260706,00
Jharkhand,Latehar,33,36,33-36 h,0.010416666977107525,0.3665391067324198,0.003818115808918088,0.0,NO ALERT,NO ALERT,20260706,00
Jharkhand,Lohardaga,33,36,33-36 h,0.0625,0.39624014819091274,0.024765009261932047,0.0,NO ALERT,NO ALERT,20260706,00
Jharkhand,Pakur,33,36,33-36 h,0.3125,0.6035076534919583,0.18859614171623698,0.0,NO ALERT,NO ALERT,20260706,00
Jharkhand,Palamu,33,36,33-36 h,1.0267857313156128,0.3737988343625059,0.3838113095058292,0.0,NO ALERT,NO ALERT,20260706,00
Jharkhand,Pashchim Singhbhum,33,36,33-36 h,1.5703125,0.45311129700376257,0.7115263335762209,0.0,NO ALERT,NO ALERT,20260706,00
Jharkhand,Purba Singhbhum,33,36,33-36 h,2.3125,0.9904194813681165,2.2903450506637695,0.0,NO ALERT,NO ALERT,20260706,00
Jharkhand,Ranchi,33,36,33-36 h,0.0625,0.43312750651481624,0.027070469157176015,0.0,NO ALERT,NO ALERT,20260706,00
Jharkhand,Sahibganj,33,36,33-36 h,0.20000000298023224,0.9271637311929378,0.1854327490017508,0.0,NO ALERT,NO ALERT,20260706,00
Jharkhand,Saraikela Kharsawan,33,36,33-36 h,0.0833333358168602,0.7038710866727816,0.058655925637481225,0.0,NO ALERT,NO ALERT,20260706,00
Jharkhand,Simdega,33,36,33-36 h,1.1640625,0.3,0.34921874999999997,0.0,NO ALERT,NO ALERT,20260706,00
Karnataka,Bagalkot,33,36,33-36 h,0.26875001192092896,1.1632799061220045,0.3126314886376658,0.0,NO ALERT,NO ALERT,20260706,00
Karnataka,Bangalore Rural,33,36,33-36 h,0.0535714291036129,3.0,0.1607142873108387,0.0,NO ALERT,NO ALERT,20260706,00
Karnataka,Bangalore Urban,33,36,33-36 h,0.0625,3.0,0.1875,0.0,NO ALERT,NO ALERT,20260706,00
Karnataka,Belgaum,33,36,33-36 h,0.4595588147640228,0.8973372374527518,0.41237923728740916,0.0,NO ALERT,NO ALERT,20260706,00
Karnataka,Bellary,33,36,33-36 h,0.2613636255264282,2.70287473371527,0.7064331397476022,0.0,NO ALERT,NO ALERT,20260706,00
Karnataka,Bidar,33,36,33-36 h,1.1944444179534912,1.0018766190120068,1.196685935057008,0.0,NO ALERT,NO ALERT,20260706,00
Karnataka,Bijapur,33,36,33-36 h,0.1607142835855484,3.0,0.4821428507566452,0.0,NO ALERT,NO ALERT,20260706,00
Karnataka,Chamrajnagar,33,36,33-36 h,0.0520833320915699,3.0,0.1562499962747097,0.0,NO ALERT,NO ALERT,20260706,00
Karnataka,Chikmagalur,33,36,33-36 h,1.5437500476837158,0.9744358301784026,1.5042853593026302,0.0,NO ALERT,NO ALERT,20260706,00
Karnataka,Chitradurga,33,36,33-36 h,0.21590909361839294,3.0,0.6477272808551788,0.0,NO ALERT,NO ALERT,20260706,00
Karnataka,Dakshin Kannad,33,36,33-36 h,5.333333492279053,0.48296471969249655,2.5758119151251564,0.0,NO ALERT,NO ALERT,20260706,00
Karnataka,Davanagere,33,36,33-36 h,0.6484375,1.0634182151425726,0.6895602488815119,0.0,NO ALERT,NO ALERT,20260706,00
Karnataka,Dharwad,33,36,33-36 h,1.015625,0.6005924706507083,0.6099767280046257,0.0,NO ALERT,NO ALERT,20260706,00
Karnataka,Gadag,33,36,33-36 h,0.4375,1.0104995631984701,0.44209355889933066,0.0,NO ALERT,NO ALERT,20260706,00
Karnataka,Gulbarga,33,36,33-36 h,1.452380895614624,1.3275990324998463,1.928179471839235,0.0,NO ALERT,NO ALERT,20260706,00
Karnataka,Hassan,33,36,33-36 h,0.5874999761581421,1.3953514149603434,0.8197689230214316,0.0,NO ALERT,NO ALERT,20260706,00
Karnataka,Haveri,33,36,33-36 h,0.7124999761581421,0.8339001601670177,0.594153844237271,0.0,NO ALERT,NO ALERT,20260706,00
Karnataka,Kodagu,33,36,33-36 h,1.8125,0.9891691490121184,1.7928690825844646,0.0,NO ALERT,NO ALERT,20260706,00
Karnataka,Kolar,33,36,33-36 h,0.0,1.0,0.0,0.0,NO ALERT,NO ALERT,20260706,00
Karnataka,Koppal,33,36,33-36 h,0.1964285671710968,1.3672411486472411,0.2685652198061422,0.0,NO ALERT,NO ALERT,20260706,00
Karnataka,Mandya,33,36,33-36 h,0.0703125,3.0,0.2109375,0.0,NO ALERT,NO ALERT,20260706,00
Karnataka,Mysore,33,36,33-36 h,0.1953125,3.0,0.5859375,0.0,NO ALERT,NO ALERT,20260706,00
Karnataka,Raichur,33,36,33-36 h,0.1041666641831398,1.9789763859973823,0.20614336862655297,0.0,NO ALERT,NO ALERT,20260706,00
Karnataka,Shimoga,33,36,33-36 h,2.3693182468414307,0.6521122332003625,1.545061413110133,0.0,NO ALERT,NO ALERT,20260706,00
Karnataka,Tumkur,33,36,33-36 h,0.17045454680919647,3.0,0.5113636404275894,0.0,NO ALERT,NO ALERT,20260706,00
Karnataka,Udupi,33,36,33-36 h,7.604166507720947,0.36293434267993313,2.7598131731084647,0.0,NO ALERT,NO ALERT,20260706,00
Karnataka,Uttar Kannand,33,36,33-36 h,4.288461685180664,0.4136012505834986,1.7737131160701405,0.0,NO ALERT,NO ALERT,20260706,00
Kerala,Alappuzha,33,36,33-36 h,0.1875,2.864364265748771,0.5370682998278946,0.0,NO ALERT,NO ALERT,20260706,00
Kerala,Ernakulam,33,36,33-36 h,2.21875,0.8273595857165152,1.835704080808518,0.0,NO ALERT,NO ALERT,20260706,00
Kerala,Idukki,33,36,33-36 h,1.287500023841858,1.1481059089541104,1.478186385151395,0.0,NO ALERT,NO ALERT,20260706,00
Kerala,Kannur,33,36,33-36 h,6.234375,0.39296054227725635,2.44986338075977,0.0,NO ALERT,NO ALERT,20260706,00
Kerala,Kasaragod,33,36,33-36 h,5.458333492279053,0.4895700959949935,2.672236851787744,0.0,NO ALERT,NO ALERT,20260706,00
Kerala,Kollam,33,36,33-36 h,1.0,0.9608015244614043,0.9608015244614043,0.0,NO ALERT,NO ALERT,20260706,00
Kerala,Kottayam,33,36,33-36 h,1.671875,0.9196575889749057,1.5375525315674203,0.0,NO ALERT,NO ALERT,20260706,00
Kerala,Kozhikode,33,36,33-36 h,7.0,0.37264617476151884,2.608523223330632,0.0,NO ALERT,NO ALERT,20260706,00
Kerala,Malappuram,33,36,33-36 h,3.612499952316284,0.44261788343885,1.5989570828171802,0.0,NO ALERT,NO ALERT,20260706,00
Kerala,Palakkad,33,36,33-36 h,2.03125,0.5302180666602749,1.0770054479036835,0.0,NO ALERT,NO ALERT,20260706,00
Kerala,Pattanamtitta,33,36,33-36 h,0.7291666865348816,0.7477207744636957,0.5452130795689885,0.0,NO ALERT,NO ALERT,20260706,00
Kerala,Thiruvananthapuram,33,36,33-36 h,0.6666666865348816,1.3040197822546657,0.8693465474116558,0.0,NO ALERT,NO ALERT,20260706,00
Kerala,Thrissur,33,36,33-36 h,1.59375,0.842598859765623,1.3428919327514617,0.0,NO ALERT,NO ALERT,20260706,00
Kerala,Wayanad,33,36,33-36 h,2.09375,0.9148688962922525,1.9155067516119038,0.0,NO ALERT,NO ALERT,20260706,00
Lakshadweep,Kavaratti,33,36,33-36 h,0.0,1.0,0.0,0.0,NO ALERT,NO ALERT,20260706,00
Madhya Pradesh,Anuppur,33,36,33-36 h,0.65625,0.3,0.196875,0.0,NO ALERT,NO ALERT,20260706,00
Madhya Pradesh,Ashoknagar,33,36,33-36 h,0.0833333358168602,0.9519252256221402,0.07932710449931023,0.0,NO ALERT,NO ALERT,20260706,00
Madhya Pradesh,Datia,33,36,33-36 h,0.4375,1.0,0.4375,0.0,NO ALERT,NO ALERT,20260706,00
Madhya Pradesh,Dewas,33,36,33-36 h,4.847222328186035,0.3,1.4541666984558106,0.0,NO ALERT,NO ALERT,20260706,00
Madhya Pradesh,Dhar,33,36,33-36 h,2.8522727489471436,0.3,0.855681824684143,0.0,NO ALERT,NO ALERT,20260706,00
Madhya Pradesh,Dindori,33,36,33-36 h,0.5535714030265808,0.3,0.16607142090797425,0.0,NO ALERT,NO ALERT,20260706,00
Madhya Pradesh,East Nimar,33,36,33-36 h,2.424999952316284,0.30123901134156544,0.7305045881391008,0.0,NO ALERT,NO ALERT,20260706,00
Madhya Pradesh,Guna,33,36,33-36 h,0.7222222089767456,0.44732070879630687,0.3230649504279123,0.0,NO ALERT,NO ALERT,20260706,00
Madhya Pradesh,Gwalior,33,36,33-36 h,0.5446428656578064,1.0,0.5446428656578064,0.0,NO ALERT,NO ALERT,20260706,00
Madhya Pradesh,Harda,33,36,33-36 h,1.2916666269302368,0.3,0.38749998807907104,0.0,NO ALERT,NO ALERT,20260706,00
Madhya Pradesh,Hoshangabad,33,36,33-36 h,1.4722222089767456,0.3,0.4416666626930237,0.0,NO ALERT,NO ALERT,20260706,00
Madhya Pradesh,Indore,33,36,33-36 h,3.8839285373687744,0.3,1.1651785612106322,0.0,NO ALERT,NO ALERT,20260706,00
Madhya Pradesh,Jabalpur,33,36,33-36 h,1.8333333730697632,0.3,0.550000011920929,0.0,NO ALERT,NO ALERT,20260706,00
Madhya Pradesh,Jhabua,33,36,33-36 h,2.081249952316284,0.3,0.6243749856948853,0.0,NO ALERT,NO ALERT,20260706,00
Madhya Pradesh,Katni,33,36,33-36 h,1.0277777910232544,0.32230547985936164,0.3312584141245447,0.0,NO ALERT,NO ALERT,20260706,00
Madhya Pradesh,Mandla,33,36,33-36 h,1.5234375,0.3,0.45703125,0.0,NO ALERT,NO ALERT,20260706,00
Madhya Pradesh,Mandsaur,33,36,33-36 h,12.625,0.3805572499288874,4.804535280352203,0.0,NO ALERT,NO ALERT,20260706,00
Madhya Pradesh,Morena,33,36,33-36 h,1.0357142686843872,3.0,3.1071428060531616,0.0,NO ALERT,NO ALERT,20260706,00
Madhya Pradesh,Narsinghpur,33,36,33-36 h,2.4513888359069824,0.3,0.7354166507720947,0.0,NO ALERT,NO ALERT,20260706,00
Madhya Pradesh,Neemuch,33,36,33-36 h,10.302083015441895,0.7317338523203192,7.538382891813027,0.0,NO ALERT,NO ALERT,20260706,00
Madhya Pradesh,Panna,33,36,33-36 h,5.583333492279053,0.4184968595164538,2.336607532151818,0.0,NO ALERT,NO ALERT,20260706,00
Madhya Pradesh,Raisen,33,36,33-36 h,9.973958015441895,0.3,2.9921874046325683,0.0,NO ALERT,NO ALERT,20260706,00
Madhya Pradesh,Rajgarh,33,36,33-36 h,16.196428298950195,0.676433949885283,10.955813968292656,0.0,MODERATE,NO ALERT,20260706,00
Madhya Pradesh,Ratlam,33,36,33-36 h,2.3125,0.3,0.69375,0.0,NO ALERT,NO ALERT,20260706,00
Madhya Pradesh,Rewa,33,36,33-36 h,3.0208332538604736,0.38712886212107545,1.169451740224511,0.0,NO ALERT,NO ALERT,20260706,00
Madhya Pradesh,Sagar,33,36,33-36 h,17.399999618530273,0.3,5.219999885559082,0.0,NO ALERT,NO ALERT,20260706,00
Madhya Pradesh,Satna,33,36,33-36 h,3.403409004211426,0.4227753173004938,1.438877321658843,0.0,NO ALERT,NO ALERT,20260706,00
Madhya Pradesh,Sehore,33,36,33-36 h,7.21875,0.3,2.165625,0.0,NO ALERT,NO ALERT,20260706,00
Madhya Pradesh,Seoni,33,36,33-36 h,1.807692289352417,0.3,0.542307686805725,0.0,NO ALERT,NO ALERT,20260706,00
Madhya Pradesh,Shahdol,33,36,33-36 h,0.21875,0.3,0.065625,0.0,NO ALERT,NO ALERT,20260706,00
Madhya Pradesh,Shajapur,33,36,33-36 h,14.926136016845703,0.3,4.47784080505371,0.0,NO ALERT,NO ALERT,20260706,00
Madhya Pradesh,Sheopur,33,36,33-36 h,2.1484375,3.0,6.4453125,0.0,NO ALERT,NO ALERT,20260706,00
Madhya Pradesh,Shivpuri,33,36,33-36 h,0.2890625,3.0,0.8671875,0.0,NO ALERT,NO ALERT,20260706,00
Madhya Pradesh,Sidhi,33,36,33-36 h,0.328125,0.399988705397733,0.13124629395863113,0.0,NO ALERT,NO ALERT,20260706,00
Maharashtra,Pune,33,36,33-36 h,0.4243420958518982,0.3,0.12730262875556944,0.0,NO ALERT,NO ALERT,20260706,00
Maharashtra,Raigarh,33,36,33-36 h,6.340277671813965,0.3,1.9020833015441894,0.0,NO ALERT,NO ALERT,20260706,00
Maharashtra,Ratnagiri,33,36,33-36 h,7.051136493682861,0.3,2.1153409481048584,0.0,NO ALERT,NO ALERT,20260706,00
Maharashtra,Sangli,33,36,33-36 h,0.7102272510528564,0.3,0.21306817531585692,0.0,NO ALERT,NO ALERT,20260706,00
Maharashtra,Satara,33,36,33-36 h,0.41015625,0.3,0.123046875,0.0,NO ALERT,NO ALERT,20260706,00
Maharashtra,Sindhudurg,33,36,33-36 h,7.625,0.3,2.2875,0.0,NO ALERT,NO ALERT,20260706,00
Maharashtra,Solapur,33,36,33-36 h,0.679347813129425,0.3,0.20380434393882751,0.0,NO ALERT,NO ALERT,20260706,00
Maharashtra,Thane,33,36,33-36 h,5.947916507720947,0.3,1.7843749523162842,0.0,NO ALERT,NO ALERT,20260706,00
Maharashtra,Wardha,33,36,33-36 h,0.2589285671710968,0.8277061142287497,0.21431675819600635,0.0,NO ALERT,NO ALERT,20260706,00
Maharashtra,Washim,33,36,33-36 h,0.15625,0.6548512185328705,0.10232050289576103,0.0,NO ALERT,NO ALERT,20260706,00
Maharashtra,Yavatmal,33,36,33-36 h,0.484375,1.1672216749493405,0.5653729988035868,0.0,NO ALERT,NO ALERT,20260706,00
Manipur,Bishnupur,33,36,33-36 h,1.9375,0.44222804670987065,0.8568168405003744,0.0,NO ALERT,NO ALERT,20260706,00
Manipur,Chandel,33,36,33-36 h,1.671875,0.4353368800524707,0.7278288463377244,0.0,NO ALERT,NO ALERT,20260706,00
Manipur,Churachandpur,33,36,33-36 h,1.90625,0.350797188232678,0.6687071400685425,0.0,NO ALERT,NO ALERT,20260706,00
Manipur,East Imphal,33,36,33-36 h,2.25,0.34679034457550556,0.7802782752948875,0.0,NO ALERT,NO ALERT,20260706,00
Manipur,Senapati,33,36,33-36 h,0.3125,0.40549794487557334,0.12671810777361667,0.0,NO ALERT,NO ALERT,20260706,00
Manipur,Tamenglong,33,36,33-36 h,0.5208333134651184,0.47901291702576343,0.2494858847671202,0.0,NO ALERT,NO ALERT,20260706,00
Manipur,Thoubal,33,36,33-36 h,2.8125,0.5006320786802736,1.4080277212882695,0.0,NO ALERT,NO ALERT,20260706,00
Manipur,Ukhrul,33,36,33-36 h,0.8020833134651184,0.5601360196084298,0.44927575459869196,0.0,NO ALERT,NO ALERT,20260706,00
Manipur,West Imphal,33,36,33-36 h,0.0,1.0,0.0,0.0,NO ALERT,NO ALERT,20260706,00
Meghalaya,East Garo Hills,33,36,33-36 h,0.96875,0.5096870049480084,0.4937592860433832,0.0,NO ALERT,NO ALERT,20260706,00
Meghalaya,East Khasi Hills,33,36,33-36 h,4.03125,0.5445849739225571,2.1953581761253083,0.0,NO ALERT,NO ALERT,20260706,00
Meghalaya,Jaintia Hills,33,36,33-36 h,2.78125,0.3344285796853742,0.930129487249947,0.0,NO ALERT,NO ALERT,20260706,00
Meghalaya,Ri-Bhoi,33,36,33-36 h,1.7916666269302368,0.3754843171484303,0.6727427199705314,0.0,NO ALERT,NO ALERT,20260706,00
Meghalaya,South Garo Hills,33,36,33-36 h,1.8333333730697632,1.1985655828274717,2.1973702828104154,0.0,NO ALERT,NO ALERT,20260706,00
Meghalaya,West Garo Hills,33,36,33-36 h,1.5125000476837158,1.4164832395577518,2.142430967374284,0.0,NO ALERT,NO ALERT,20260706,00
Meghalaya,West Khasi Hills,33,36,33-36 h,1.59375,0.7688290212309257,1.2253212525867878,0.0,NO ALERT,NO ALERT,20260706,00
Mizoram,Aizawl,33,36,33-36 h,0.4375,0.35958444336345213,0.1573181939715103,0.0,NO ALERT,NO ALERT,20260706,00
Mizoram,Champhai,33,36,33-36 h,0.796875,0.393379226133291,0.31347407082496626,0.0,NO ALERT,NO ALERT,20260706,00
Mizoram,Kolasib,33,36,33-36 h,0.5,0.8142673026091504,0.4071336513045752,0.0,NO ALERT,NO ALERT,20260706,00
Mizoram,Lawngtlai,33,36,33-36 h,2.46875,0.3,0.740625,0.0,NO ALERT,NO ALERT,20260706,00
Mizoram,Lunglei,33,36,33-36 h,1.1041666269302368,0.34255624595576245,0.3782391746308588,0.0,NO ALERT,NO ALERT,20260706,00
Mizoram,Mamit,33,36,33-36 h,0.0833333358168602,0.6080090530356378,0.05066742259630997,0.0,NO ALERT,NO ALERT,20260706,00
Mizoram,Saiha,33,36,33-36 h,0.75,0.3,0.22499999999999998,0.0,NO ALERT,NO ALERT,20260706,00
Mizoram,Serchhip,33,36,33-36 h,0.40625,0.3,0.121875,0.0,NO ALERT,NO ALERT,20260706,00
Nagaland,Dimapur,33,36,33-36 h,0.25,0.6956002689591826,0.17390006723979565,0.0,NO ALERT,NO ALERT,20260706,00
Nagaland,Kohima,33,36,33-36 h,0.625,0.42200076411911747,0.2637504775744484,0.0,NO ALERT,NO ALERT,20260706,00
Nagaland,Mokokchung,33,36,33-36 h,0.8125,0.6004559914526765,0.4878704930552996,0.0,NO ALERT,NO ALERT,20260706,00
Nagaland,Mon,33,36,33-36 h,1.46875,0.35697456601861516,0.524306393839841,0.0,NO ALERT,NO ALERT,20260706,00
Nagaland,Phek,33,36,33-36 h,0.734375,0.4705958392700629,0.3455938194639524,0.0,NO ALERT,NO ALERT,20260706,00
Nagaland,Tuensang,33,36,33-36 h,1.0178571939468384,0.307336347541769,0.31282451230673525,0.0,NO ALERT,NO ALERT,20260706,00
Nagaland,Wokha,33,36,33-36 h,0.5625,0.9768878268305281,0.549499402592172,0.0,NO ALERT,NO ALERT,20260706,00
Nagaland,Zunheboto,33,36,33-36 h,0.875,0.3,0.2625,0.0,NO ALERT,NO ALERT,20260706,00
Orissa,Angul,33,36,33-36 h,0.8125,0.3,0.24375,0.0,NO ALERT,NO ALERT,20260706,00
Orissa,Baleshwar,33,36,33-36 h,0.23749999701976776,0.3,0.07124999910593033,0.0,NO ALERT,NO ALERT,20260706,00
Orissa,Baragarh,33,36,33-36 h,0.7578125,0.3,0.22734374999999998,0.0,NO ALERT,NO ALERT,20260706,00
Orissa,Bhadrak,33,36,33-36 h,0.3125,0.7178511116268625,0.22432847238339454,0.0,NO ALERT,NO ALERT,20260706,00
Orissa,Bolangir,33,36,33-36 h,0.3333333432674408,0.3,0.10000000298023223,0.0,NO ALERT,NO ALERT,20260706,00
Orissa,Boudh,33,36,33-36 h,0.53125,0.46951847237716815,0.2494316884503706,0.0,NO ALERT,NO ALERT,20260706,00
Orissa,Cuttack,33,36,33-36 h,0.1785714328289032,3.0,0.5357142984867096,0.0,NO ALERT,NO ALERT,20260706,00
Orissa,Deogarh,33,36,33-36 h,0.5833333134651184,0.5670237411043358,0.3307638377117797,0.0,NO ALERT,NO ALERT,20260706,00
Orissa,Dhenkanal,33,36,33-36 h,1.6875,0.5066672121395331,0.8550009204854622,0.0,NO ALERT,NO ALERT,20260706,00
Orissa,Gajapati,33,36,33-36 h,0.96875,3.0,2.90625,0.0,NO ALERT,NO ALERT,20260706,00
Orissa,Ganjam,33,36,33-36 h,0.7083333134651184,3.0,2.1249999403953552,0.0,NO ALERT,NO ALERT,20260706,00
Orissa,Jagatsinghpur,33,36,33-36 h,0.03125,1.2982877185824837,0.040571491205702616,0.0,NO ALERT,NO ALERT,20260706,00
Orissa,Jajpur,33,36,33-36 h,1.225000023841858,1.0825360884765436,1.3261067341934376,0.0,NO ALERT,NO ALERT,20260706,00
Orissa,Jharsuguda,33,36,33-36 h,0.1875,0.3,0.056249999999999994,0.0,NO ALERT,NO ALERT,20260706,00
Orissa,Kalahandi,33,36,33-36 h,0.1931818127632141,0.796623750187142,0.15389322015138193,0.0,NO ALERT,NO ALERT,20260706,00
Orissa,Kandhamal,33,36,33-36 h,0.9375,1.1397211880580418,1.0684886138044143,0.0,NO ALERT,NO ALERT,20260706,00
Orissa,Kendrapara,33,36,33-36 h,1.34375,1.2406367579898423,1.6671056435488505,0.0,NO ALERT,NO ALERT,20260706,00
Orissa,Keonjhar,33,36,33-36 h,1.421875,0.3,0.4265625,0.0,NO ALERT,NO ALERT,20260706,00
Orissa,Khordha,33,36,33-36 h,0.1875,3.0,0.5625,0.0,NO ALERT,NO ALERT,20260706,00
Orissa,Koraput,33,36,33-36 h,0.3125,3.0,0.9375,0.0,NO ALERT,NO ALERT,20260706,00
Orissa,Malkangiri,33,36,33-36 h,0.578125,3.0,1.734375,0.0,NO ALERT,NO ALERT,20260706,00
Orissa,Mayurbhanj,33,36,33-36 h,1.9485293626785278,0.6410187849222774,1.2490439244495695,0.0,NO ALERT,NO ALERT,20260706,00
Orissa,Nabarangpur,33,36,33-36 h,0.3046875,0.9520565250907196,0.2900797224885786,0.0,NO ALERT,NO ALERT,20260706,00
Orissa,Nayagarh,33,36,33-36 h,0.3854166567325592,2.7627565849527578,1.0648124063383546,0.0,NO ALERT,NO ALERT,20260706,00
Orissa,Nuapada,33,36,33-36 h,0.484375,0.3,0.14531249999999998,0.0,NO ALERT,NO ALERT,20260706,00
Orissa,Puri,33,36,33-36 h,1.0,1.1682139811417622,1.1682139811417622,0.0,NO ALERT,NO ALERT,20260706,00
Orissa,Rayagada,33,36,33-36 h,0.9750000238418579,3.0,2.9250000715255737,0.0,NO ALERT,NO ALERT,20260706,00
Orissa,Sambalpur,33,36,33-36 h,0.2954545319080353,0.3,0.08863635957241058,0.0,NO ALERT,NO ALERT,20260706,00
Orissa,Sonepur,33,36,33-36 h,0.640625,0.3,0.19218749999999998,0.0,NO ALERT,NO ALERT,20260706,00
Orissa,Sundargarh,33,36,33-36 h,1.5288461446762085,0.4166264730089146,0.6369577770297256,0.0,NO ALERT,NO ALERT,20260706,00
Puducherry,Karaikal,33,36,33-36 h,0.0,1.0,0.0,0.0,NO ALERT,NO ALERT,20260706,00
Puducherry,Mahe,33,36,33-36 h,0.0,1.0,0.0,0.0,NO ALERT,NO ALERT,20260706,00
Puducherry,Puducherry,33,36,33-36 h,0.0,1.0,0.0,0.0,NO ALERT,NO ALERT,20260706,00
Puducherry,Yanam,33,36,33-36 h,0.0,1.0,0.0,0.0,NO ALERT,NO ALERT,20260706,00
Punjab,Amritsar,33,36,33-36 h,0.1071428582072258,3.0,0.3214285746216774,0.0,NO ALERT,NO ALERT,20260706,00
Punjab,Bathinda,33,36,33-36 h,3.3214285373687744,1.0063742042286778,3.3426000011969217,0.0,NO ALERT,NO ALERT,20260706,00
Punjab,Faridkot,33,36,33-36 h,2.9791667461395264,1.8166795132507056,5.412191194269443,0.0,NO ALERT,NO ALERT,20260706,00
Punjab,Fatehgarh Sahib,33,36,33-36 h,0.0,0.7625669248111632,0.0,0.0,NO ALERT,NO ALERT,20260706,00
Punjab,Firozpur,33,36,33-36 h,2.9296875,3.0,8.7890625,0.0,NO ALERT,NO ALERT,20260706,00
Punjab,Gurdaspur,33,36,33-36 h,0.0,1.0172791491901219,0.0,0.0,NO ALERT,NO ALERT,20260706,00
Punjab,Hoshiarpur,33,36,33-36 h,0.012500000186264515,1.1158502745357433,0.0139481286395401,0.0,NO ALERT,NO ALERT,20260706,00
Punjab,Jalandhar,33,36,33-36 h,0.15625,0.6683787736223664,0.10443418337849475,0.0,NO ALERT,NO ALERT,20260706,00
Punjab,Kapurthala,33,36,33-36 h,0.1041666641831398,0.8043488797650564,0.08378633964457133,0.0,NO ALERT,NO ALERT,20260706,00
Punjab,Ludhiana,33,36,33-36 h,0.08749999850988388,0.6367384031963071,0.05571460933086272,0.0,NO ALERT,NO ALERT,20260706,00
Punjab,Mansa,33,36,33-36 h,0.15625,0.8554010609701591,0.13365641577658735,0.0,NO ALERT,NO ALERT,20260706,00
Punjab,Moga,33,36,33-36 h,0.65625,1.9260465396022144,1.2639680416139532,0.0,NO ALERT,NO ALERT,20260706,00
Punjab,Muktsar,33,36,33-36 h,11.375,1.6273890495298178,18.511550438401677,0.0,MODERATE,NO ALERT,20260706,00
Punjab,Nawan Shehar,33,36,33-36 h,0.0,0.7376809676905092,0.0,0.0,NO ALERT,NO ALERT,20260706,00
Punjab,Patiala,33,36,33-36 h,0.0,0.9906891001535867,0.0,0.0,NO ALERT,NO ALERT,20260706,00
Punjab,Rupnagar,33,36,33-36 h,0.0,0.596268251978758,0.0,0.0,NO ALERT,NO ALERT,20260706,00
Punjab,Sangrur,33,36,33-36 h,0.0546875,0.6431007768751102,0.03516957373535759,0.0,NO ALERT,NO ALERT,20260706,00
Rajasthan,Ajmer,33,36,33-36 h,1.0625,0.5105660303364602,0.5424764072324889,0.0,NO ALERT,NO ALERT,20260706,00
Rajasthan,Alwar,33,36,33-36 h,0.15625,1.763920291704763,0.2756125455788692,0.0,NO ALERT,NO ALERT,20260706,00
Rajasthan,Banswara,33,36,33-36 h,0.2857142984867096,0.3,0.08571428954601287,0.0,NO ALERT,NO ALERT,20260706,00
Rajasthan,Baran,33,36,33-36 h,3.1624999046325684,1.9242101184358293,6.085314316046333,0.0,NO ALERT,NO ALERT,20260706,00
Rajasthan,Barmer,33,36,33-36 h,0.0,0.9889290802263309,0.0,0.0,NO ALERT,NO ALERT,20260706,00
Rajasthan,Bharatpur,33,36,33-36 h,0.46875,1.333984920453584,0.6253054314626175,0.0,NO ALERT,NO ALERT,20260706,00
Rajasthan,Bhilwara,33,36,33-36 h,10.169642448425293,0.3633962326272162,3.6956097529235703,0.0,NO ALERT,NO ALERT,20260706,00
Rajasthan,Bikaner,33,36,33-36 h,0.08173076808452606,3.0,0.24519230425357819,0.0,NO ALERT,NO ALERT,20260706,00
Rajasthan,Bundi,33,36,33-36 h,1.5357142686843872,3.0,4.607142806053162,0.0,NO ALERT,NO ALERT,20260706,00
Rajasthan,Chittaurgarh,33,36,33-36 h,2.4732143878936768,0.3,0.741964316368103,0.0,NO ALERT,NO ALERT,20260706,00
Rajasthan,Churu,33,36,33-36 h,0.16826923191547394,1.401563284200734,0.2358399773133866,0.0,NO ALERT,NO ALERT,20260706,00
Rajasthan,Dausa,33,36,33-36 h,0.5625,2.1134477396397804,1.1888143535473765,0.0,NO ALERT,NO ALERT,20260706,00
Rajasthan,Dhaulpur,33,36,33-36 h,2.4375,3.0,7.3125,0.0,NO ALERT,NO ALERT,20260706,00
Rajasthan,Dungarpur,33,36,33-36 h,0.8125,0.3,0.24375,0.0,NO ALERT,NO ALERT,20260706,00
Rajasthan,Ganganagar,33,36,33-36 h,0.21484375,1.0,0.21484375,0.0,NO ALERT,NO ALERT,20260706,00
Rajasthan,Hanumangarh,33,36,33-36 h,0.5089285969734192,1.571559761267069,0.799811704361531,0.0,NO ALERT,NO ALERT,20260706,00
Rajasthan,Jaipur,33,36,33-36 h,0.4791666567325592,2.075984689161689,0.9947426429335877,0.0,NO ALERT,NO ALERT,20260706,00
Rajasthan,Jaisalmer,33,36,33-36 h,0.0,1.0,0.0,0.0,NO ALERT,NO ALERT,20260706,00
Rajasthan,Jalor,33,36,33-36 h,0.0078125,0.3,0.00234375,0.0,NO ALERT,NO ALERT,20260706,00
Rajasthan,Jhalawar,33,36,33-36 h,8.875,0.5632776631707748,4.999089260640626,0.0,NO ALERT,NO ALERT,20260706,00
Rajasthan,Jhunjhunun,33,36,33-36 h,0.65625,1.2604511264027094,0.8271710517017781,0.0,NO ALERT,NO ALERT,20260706,00
Rajasthan,Jodhpur,33,36,33-36 h,0.10294117778539658,0.8001683993228174,0.08237027745294634,0.0,NO ALERT,NO ALERT,20260706,00
Rajasthan,Tonk,33,36,33-36 h,0.6111111044883728,3.0,1.8333333134651184,0.0,NO ALERT,NO ALERT,20260706,00
Rajasthan,Udaipur,33,36,33-36 h,0.4409722089767456,0.3,0.13229166269302367,0.0,NO ALERT,NO ALERT,20260706,00
Sikkim,East,33,36,33-36 h,1.59375,2.23108818195037,3.555796789983402,0.0,NO ALERT,NO ALERT,20260706,00
Sikkim,North Sikkim,33,36,33-36 h,0.5982142686843872,2.347754056512395,1.4044599759673657,0.0,NO ALERT,NO ALERT,20260706,00
Sikkim,South Sikkim,33,36,33-36 h,0.0,1.0,0.0,0.0,NO ALERT,NO ALERT,20260706,00
Sikkim,West Sikkim,33,36,33-36 h,0.84375,3.0,2.53125,0.0,NO ALERT,NO ALERT,20260706,00
Tamil Nadu,Ariyalur,33,36,33-36 h,0.0,1.0,0.0,0.0,NO ALERT,NO ALERT,20260706,00
Tamil Nadu,Chennai,33,36,33-36 h,0.0,1.0,0.0,0.0,NO ALERT,NO ALERT,20260706,00
Tamil Nadu,Coimbatore,33,36,33-36 h,0.203125,3.0,0.609375,0.0,NO ALERT,NO ALERT,20260706,00
Tamil Nadu,Cuddalore,33,36,33-36 h,0.0,1.0,0.0,0.0,NO ALERT,NO ALERT,20260706,00
Tamil Nadu,Dharmapuri,33,36,33-36 h,0.0,1.0,0.0,0.0,NO ALERT,NO ALERT,20260706,00
Tamil Nadu,Dindigul,33,36,33-36 h,0.0,1.0,0.0,0.0,NO ALERT,NO ALERT,20260706,00
Tamil Nadu,Erode,33,36,33-36 h,0.0,1.0,0.0,0.0,NO ALERT,NO ALERT,20260706,00
Tamil Nadu,Kancheepuram,33,36,33-36 h,0.0,1.0,0.0,0.0,NO ALERT,NO ALERT,20260706,00
Tamil Nadu,Kanniyakumari,33,36,33-36 h,0.125,2.3327618361136246,0.2915952295142031,0.0,NO ALERT,NO ALERT,20260706,00
Tamil Nadu,Karur,33,36,33-36 h,0.0,1.0,0.0,0.0,NO ALERT,NO ALERT,20260706,00
Tamil Nadu,Sivaganga,33,36,33-36 h,0.0,1.0,0.0,0.0,NO ALERT,NO ALERT,20260706,00
Tamil Nadu,Thanjavur,33,36,33-36 h,0.0,1.0,0.0,0.0,NO ALERT,NO ALERT,20260706,00
Tamil Nadu,Theni,33,36,33-36 h,0.078125,3.0,0.234375,0.0,NO ALERT,NO ALERT,20260706,00
Tamil Nadu,Thiruvallur,33,36,33-36 h,0.0,1.0,0.0,0.0,NO ALERT,NO ALERT,20260706,00
Tamil Nadu,Thiruvarur,33,36,33-36 h,0.0,3.0,0.0,0.0,NO ALERT,NO ALERT,20260706,00
Tamil Nadu,Thoothukudi,33,36,33-36 h,0.0,1.0,0.0,0.0,NO ALERT,NO ALERT,20260706,00
Tamil Nadu,Tiruchchirappalli,33,36,33-36 h,0.0,1.0,0.0,0.0,NO ALERT,NO ALERT,20260706,00
Tamil Nadu,Tirunelveli Kattabo,33,36,33-36 h,0.0833333358168602,3.0,0.2500000074505806,0.0,NO ALERT,NO ALERT,20260706,00
Tamil Nadu,Tiruvannamalai,33,36,33-36 h,0.0,1.0,0.0,0.0,NO ALERT,NO ALERT,20260706,00
Tamil Nadu,Vellore,33,36,33-36 h,0.0,1.0,0.0,0.0,NO ALERT,NO ALERT,20260706,00
Tamil Nadu,Villupuram,33,36,33-36 h,0.011363636702299118,1.0,0.011363636702299118,0.0,NO ALERT,NO ALERT,20260706,00
Tamil Nadu,Virudhunagar,33,36,33-36 h,0.0,1.0,0.0,0.0,NO ALERT,NO ALERT,20260706,00
Tripura,Dhalai,33,36,33-36 h,0.0625,2.7728682543513306,0.17330426589695816,0.0,NO ALERT,NO ALERT,20260706,00
Tripura,North Tripura,33,36,33-36 h,0.09375,1.8373519402302907,0.17225174439658975,0.0,NO ALERT,NO ALERT,20260706,00
Tripura,South Tripura,33,36,33-36 h,0.21875,0.6883313005588784,0.15057247199725465,0.0,NO ALERT,NO ALERT,20260706,00
Tripura,West Tripura,33,36,33-36 h,0.3020833432674408,1.2952968876484479,0.3912876143447538,0.0,NO ALERT,NO ALERT,20260706,00
Uttar Pradesh,Agra,33,36,33-36 h,1.296875,1.0983193107761748,1.4243828561628518,0.0,NO ALERT,NO ALERT,20260706,00
Uttar Pradesh,Aligarh,33,36,33-36 h,0.0520833320915699,0.8798559857902731,0.045825831500670405,0.0,NO ALERT,NO ALERT,20260706,00
Uttar Pradesh,Allahabad,33,36,33-36 h,0.6964285969734192,0.3288936598778827,0.2290509501022068,0.0,NO ALERT,NO ALERT,20260706,00
Uttar Pradesh,Ambedkar Nagar,33,36,33-36 h,0.3333333432674408,3.0,1.0000000298023224,0.0,NO ALERT,NO ALERT,20260706,00
Uttar Pradesh,Auraiya,33,36,33-36 h,0.7291666865348816,3.0,2.1875000596046448,0.0,NO ALERT,NO ALERT,20260706,00
Uttar Pradesh,Azamgarh,33,36,33-36 h,0.6000000238418579,3.0,1.8000000715255737,0.0,NO ALERT,NO ALERT,20260706,00
Uttar Pradesh,Badaun,33,36,33-36 h,0.8125,2.287464070059984,1.858564556923737,0.0,NO ALERT,NO ALERT,20260706,00
Uttar Pradesh,Baghpat,33,36,33-36 h,0.0625,0.8822997668421744,0.0551437354276359,0.0,NO ALERT,NO ALERT,20260706,00
Uttar Pradesh,Bahraich,33,36,33-36 h,0.2291666716337204,3.0,0.6875000149011612,0.0,NO ALERT,NO ALERT,20260706,00
Uttar Pradesh,Ballia,33,36,33-36 h,0.34375,0.782997505218471,0.2691553924188494,0.0,NO ALERT,NO ALERT,20260706,00
Uttar Pradesh,Balrampur,33,36,33-36 h,0.0,2.137629415780145,0.0,0.0,NO ALERT,NO ALERT,20260706,00
Uttar Pradesh,Banda,33,36,33-36 h,2.0208332538604736,2.6135166709781106,5.281481398231288,0.0,NO ALERT,NO ALERT,20260706,00
Uttar Pradesh,Bara Banki,33,36,33-36 h,0.21875,3.0,0.65625,0.0,NO ALERT,NO ALERT,20260706,00
Uttar Pradesh,Bareilly,33,36,33-36 h,0.762499988079071,2.898412958300566,2.2100398461524065,0.0,NO ALERT,NO ALERT,20260706,00
Uttar Pradesh,Basti,33,36,33-36 h,0.2083333283662796,2.3821490387413156,0.4962810379055118,0.0,NO ALERT,NO ALERT,20260706,00
Uttar Pradesh,Bijnor,33,36,33-36 h,0.13750000298023224,3.0,0.4125000089406967,0.0,NO ALERT,NO ALERT,20260706,00
Uttar Pradesh,Bulandshahr,33,36,33-36 h,0.10000000149011612,1.5919798836936727,0.15919799074160215,0.0,NO ALERT,NO ALERT,20260706,00
Uttar Pradesh,Chandauli,33,36,33-36 h,0.953125,0.38773924304590257,0.3695639660281259,0.0,NO ALERT,NO ALERT,20260706,00
Uttar Pradesh,Chitrakoot,33,36,33-36 h,1.712499976158142,0.562270950669591,0.9628889896160905,0.0,NO ALERT,NO ALERT,20260706,00
Uttar Pradesh,Deoria,33,36,33-36 h,0.21875,3.0,0.65625,0.0,NO ALERT,NO ALERT,20260706,00
Uttar Pradesh,Etah,33,36,33-36 h,0.875,2.067726013381379,1.8092602617087068,0.0,NO ALERT,NO ALERT,20260706,00
Uttar Pradesh,Etawah,33,36,33-36 h,0.1875,3.0,0.5625,0.0,NO ALERT,NO ALERT,20260706,00
Uttar Pradesh,Faizabad,33,36,33-36 h,0.3541666567325592,3.0,1.0624999701976776,0.0,NO ALERT,NO ALERT,20260706,00
Uttar Pradesh,Farrukhabad,33,36,33-36 h,0.78125,3.0,2.34375,0.0,NO ALERT,NO ALERT,20260706,00
Uttar Pradesh,Fatehpur,33,36,33-36 h,0.7321428656578064,1.2397823009215974,0.9076977665885672,0.0,NO ALERT,NO ALERT,20260706,00
Uttar Pradesh,Firozabad,33,36,33-36 h,0.453125,1.3721040668065834,0.6217346552717331,0.0,NO ALERT,NO ALERT,20260706,00
Uttar Pradesh,Gautam Buddha Nagar,33,36,33-36 h,0.625,0.5126294703835742,0.3203934189897339,0.0,NO ALERT,NO ALERT,20260706,00
Uttar Pradesh,Ghaziabad,33,36,33-36 h,0.0625,0.6195152102740974,0.03871970064213109,0.0,NO ALERT,NO ALERT,20260706,00
Uttar Pradesh,Ghazipur,33,36,33-36 h,1.725000023841858,0.9133276607025872,1.5754902364873913,0.0,NO ALERT,NO ALERT,20260706,00
Uttar Pradesh,Gonda,33,36,33-36 h,0.0446428582072258,3.0,0.1339285746216774,0.0,NO ALERT,NO ALERT,20260706,00
Uttar Pradesh,Gorakhpur,33,36,33-36 h,0.671875,3.0,2.015625,0.0,NO ALERT,NO ALERT,20260706,00
Uttar Pradesh,Hamirpur,33,36,33-36 h,0.8660714030265808,1.0,0.8660714030265808,0.0,NO ALERT,NO ALERT,20260706,00
Uttar Pradesh,Hardoi,33,36,33-36 h,0.7986111044883728,3.0,2.3958333134651184,0.0,NO ALERT,NO ALERT,20260706,00
Uttar Pradesh,Hathras,33,36,33-36 h,0.0,0.6899235208352951,0.0,0.0,NO ALERT,NO ALERT,20260706,00
Uttar Pradesh,Jalaun,33,36,33-36 h,0.6458333134651184,1.0,0.6458333134651184,0.0,NO ALERT,NO ALERT,20260706,00
Uttar Pradesh,Jaunpur,33,36,33-36 h,0.453125,1.4820370115645944,0.6715480208652068,0.0,NO ALERT,NO ALERT,20260706,00
Uttar Pradesh,Jhansi,33,36,33-36 h,0.7291666865348816,1.0,0.7291666865348816,0.0,NO ALERT,NO ALERT,20260706,00
Uttar Pradesh,Jyotiba Phule Nagar,33,36,33-36 h,0.046875,2.7207409304746526,0.12753473111599933,0.0,NO ALERT,NO ALERT,20260706,00
Uttar Pradesh,Kannauj,33,36,33-36 h,0.59375,1.0,0.59375,0.0,NO ALERT,NO ALERT,20260706,00
Uttar Pradesh,Kanpur,33,36,33-36 h,0.6875,3.0,2.0625,0.0,NO ALERT,NO ALERT,20260706,00
Uttar Pradesh,Kanpur Dehat,33,36,33-36 h,0.6785714030265808,1.0,0.6785714030265808,0.0,NO ALERT,NO ALERT,20260706,00
Uttar Pradesh,Kaushambi,33,36,33-36 h,0.28125,0.8478967173116988,0.23847095174391528,0.0,NO ALERT,NO ALERT,20260706,00
Uttar Pradesh,Kushinagar,33,36,33-36 h,0.1458333283662796,3.0,0.4374999850988388,0.0,NO ALERT,NO ALERT,20260706,00
Uttar Pradesh,Lakhimpur Kheri,33,36,33-36 h,0.3636363744735718,3.0,1.0909091234207153,0.0,NO ALERT,NO ALERT,20260706,00
Uttar Pradesh,Lalitpur,33,36,33-36 h,3.7578125,2.6401848571460835,9.921319658494268,0.0,NO ALERT,NO ALERT,20260706,00
Uttar Pradesh,Lucknow,33,36,33-36 h,0.28125,2.284626632442603,0.6425512403744821,0.0,NO ALERT,NO ALERT,20260706,00
Uttar Pradesh,Maharajganj,33,36,33-36 h,0.1041666641831398,1.0,0.1041666641831398,0.0,NO ALERT,NO ALERT,20260706,00
Uttar Pradesh,Mahoba,33,36,33-36 h,2.7916667461395264,1.0,2.7916667461395264,0.0,NO ALERT,NO ALERT,20260706,00
Uttar Pradesh,Mainpuri,33,36,33-36 h,0.4749999940395355,2.6323788094303384,1.2503799187892104,0.0,NO ALERT,NO ALERT,20260706,00
Uttar Pradesh,Mathura,33,36,33-36 h,0.25,0.7910712809124609,0.19776782022811523,0.0,NO ALERT,NO ALERT,20260706,00
Uttar Pradesh,Mau,33,36,33-36 h,0.949999988079071,1.9114426031786989,1.8158704502335925,0.0,NO ALERT,NO ALERT,20260706,00
Uttar Pradesh,Meerut,33,36,33-36 h,0.078125,0.9643158928227719,0.07533717912677905,0.0,NO ALERT,NO ALERT,20260706,00
Uttar Pradesh,Mirzapur,33,36,33-36 h,0.46875,0.35710016022873065,0.1673907001072175,0.0,NO ALERT,NO ALERT,20260706,00
Uttar Pradesh,Moradabad,33,36,33-36 h,0.2291666716337204,1.91329315618519,0.43846302446253593,0.0,NO ALERT,NO ALERT,20260706,00
Uttar Pradesh,Muzaffarnagar,33,36,33-36 h,0.0625,1.0943905970571934,0.06839941231607459,0.0,NO ALERT,NO ALERT,20260706,00
Uttar Pradesh,Pilibhit,33,36,33-36 h,0.9375,3.0,2.8125,0.0,NO ALERT,NO ALERT,20260706,00
Uttar Pradesh,Pratapgarh,33,36,33-36 h,0.28125,1.7597048613363788,0.49491699225085656,0.0,NO ALERT,NO ALERT,20260706,00
Uttar Pradesh,Rae Bareli,33,36,33-36 h,0.40625,1.1033504252204083,0.44823611024579085,0.0,NO ALERT,NO ALERT,20260706,00
Uttar Pradesh,Rampur,33,36,33-36 h,0.09375,3.0,0.28125,0.0,NO ALERT,NO ALERT,20260706,00
Uttar Pradesh,Saharanpur,33,36,33-36 h,0.125,1.2072077539321737,0.15090096924152172,0.0,NO ALERT,NO ALERT,20260706,00
Uttar Pradesh,Sant Kabir Nagar,33,36,33-36 h,0.625,3.0,1.875,0.0,NO ALERT,NO ALERT,20260706,00
Uttar Pradesh,Sant Ravi Das Nagar,33,36,33-36 h,0.375,0.7357740655714142,0.27591527458928033,0.0,NO ALERT,NO ALERT,20260706,00
Uttar Pradesh,Shahjahanpur,33,36,33-36 h,0.4609375,3.0,1.3828125,0.0,NO ALERT,NO ALERT,20260706,00
Uttar Pradesh,Shravasti,33,36,33-36 h,0.0,3.0,0.0,0.0,NO ALERT,NO ALERT,20260706,00
Uttar Pradesh,Siddharth Nagar,33,36,33-36 h,0.09375,3.0,0.28125,0.0,NO ALERT,NO ALERT,20260706,00
Uttar Pradesh,Sitapur,33,36,33-36 h,0.3402777910232544,3.0,1.0208333730697632,0.0,NO ALERT,NO ALERT,20260706,00
Uttar Pradesh,Sonbhadra,33,36,33-36 h,0.421875,0.36184466178439245,0.15265321669029056,0.0,NO ALERT,NO ALERT,20260706,00
Uttar Pradesh,Sultanpur,33,36,33-36 h,0.2291666716337204,3.0,0.6875000149011612,0.0,NO ALERT,NO ALERT,20260706,00
Uttar Pradesh,Unnao,33,36,33-36 h,0.3645833432674408,2.072396332849315,0.7555611836053874,0.0,NO ALERT,NO ALERT,20260706,00
Uttar Pradesh,Varanasi,33,36,33-36 h,0.3125,0.7173701896151363,0.2241781842547301,0.0,NO ALERT,NO ALERT,20260706,00
Uttaranchal,Almora,33,36,33-36 h,2.984375,0.9821425065093953,2.9310815428639767,0.0,NO ALERT,NO ALERT,20260706,00
Uttaranchal,Bageshwar,33,36,33-36 h,3.25,1.1747002010493959,3.8177756534105365,0.0,NO ALERT,NO ALERT,20260706,00
Uttaranchal,Chamoli,33,36,33-36 h,3.1510417461395264,0.9639619688833851,3.0374844056423975,0.0,NO ALERT,NO ALERT,20260706,00
Uttaranchal,Champawat,33,36,33-36 h,1.5625,1.3345860907380185,2.085290766778154,0.0,NO ALERT,NO ALERT,20260706,00
Uttaranchal,Dehra Dun,33,36,33-36 h,2.9375,0.6132870486378237,1.8015307053736072,0.0,NO ALERT,NO ALERT,20260706,00
Uttaranchal,Haridwar,33,36,33-36 h,0.140625,3.0,0.421875,0.0,NO ALERT,NO ALERT,20260706,00
Uttaranchal,Naini Tal,33,36,33-36 h,1.4791666269302368,3.0,4.4374998807907104,0.0,NO ALERT,NO ALERT,20260706,00
Uttaranchal,Pauri Garhwal,33,36,33-36 h,2.7083332538604736,0.6525376956382899,1.7672895404946651,0.0,NO ALERT,NO ALERT,20260706,00
Uttaranchal,Pithoragarh,33,36,33-36 h,0.7386363744735718,1.4492140668178521,1.070442224150439,0.0,NO ALERT,NO ALERT,20260706,00
Uttaranchal,Rudra Prayag,33,36,33-36 h,3.09375,0.4569764664782921,1.413770943167216,0.0,NO ALERT,NO ALERT,20260706,00
Uttaranchal,Tehri Garhwal,33,36,33-36 h,2.5833332538604736,0.43032490849803356,1.1116726460874355,0.0,NO ALERT,NO ALERT,20260706,00
Uttaranchal,Udham Singh Nagar,33,36,33-36 h,0.2395833283662796,3.0,0.7187499850988388,0.0,NO ALERT,NO ALERT,20260706,00
Uttaranchal,Uttarkashi,33,36,33-36 h,3.0833332538604736,0.5922627381468989,1.8261433955507915,0.0,NO ALERT,NO ALERT,20260706,00
West Bengal,Bankura,33,36,33-36 h,0.4204545319080353,0.8139789747747026,0.34224114882188006,0.0,NO ALERT,NO ALERT,20260706,00
West Bengal,Barddhaman,33,36,33-36 h,0.10227272659540176,0.574892656930282,0.058795839523934836,0.0,NO ALERT,NO ALERT,20260706,00
West Bengal,Birbhum,33,36,33-36 h,0.1953125,0.5294498373329074,0.10340817135408348,0.0,NO ALERT,NO ALERT,20260706,00
West Bengal,Dakshin Dinajpur,33,36,33-36 h,4.8125,3.0,14.4375,0.0,MODERATE,NO ALERT,20260706,00
West Bengal,Darjiling,33,36,33-36 h,3.1624999046325684,0.7026692764985678,2.2221915199149564,0.0,NO ALERT,NO ALERT,20260706,00
West Bengal,East Midnapore,33,36,33-36 h,0.1770833283662796,0.8881573288438509,0.1572778559045734,0.0,NO ALERT,NO ALERT,20260706,00
West Bengal,Haora,33,36,33-36 h,0.75,1.2481811405444279,0.9361358554083209,0.0,NO ALERT,NO ALERT,20260706,00
West Bengal,Hugli,33,36,33-36 h,0.875,0.8639513302480973,0.7559574139670852,0.0,NO ALERT,NO ALERT,20260706,00
West Bengal,Jalpaiguri,33,36,33-36 h,3.2638888359069824,0.4477323529410921,1.4613486282387953,0.0,NO ALERT,NO ALERT,20260706,00
West Bengal,Kochbihar,33,36,33-36 h,2.953125,0.4180542781060552,1.2345665400319443,0.0,NO ALERT,NO ALERT,20260706,00
West Bengal,Kolkata,33,36,33-36 h,0.0,1.0,0.0,0.0,NO ALERT,NO ALERT,20260706,00
West Bengal,Maldah,33,36,33-36 h,0.1875,1.8447625989600538,0.34589298730501006,0.0,NO ALERT,NO ALERT,20260706,00
West Bengal,Murshidabad,33,36,33-36 h,2.3854167461395264,0.5481165988025845,1.3074865136207252,0.0,NO ALERT,NO ALERT,20260706,00
West Bengal,Nadia,33,36,33-36 h,2.6145832538604736,0.5519673667157511,1.4431646336924657,0.0,NO ALERT,NO ALERT,20260706,00
West Bengal,North 24 Parganas,33,36,33-36 h,0.765625,0.5171853011924324,0.3959699962254561,0.0,NO ALERT,NO ALERT,20260706,00
West Bengal,Puruliya,33,36,33-36 h,0.125,0.5083553982476996,0.06354442478096245,0.0,NO ALERT,NO ALERT,20260706,00
West Bengal,South 24 Parganas,33,36,33-36 h,0.2109375,0.39550141013305273,0.08342607869994081,0.0,NO ALERT,NO ALERT,20260706,00
West Bengal,Uttar Dinajpur,33,36,33-36 h,3.325000047683716,0.7118445881113709,2.3668832894137033,0.0,NO ALERT,NO ALERT,20260706,00
West Bengal,West Midnapore,33,36,33-36 h,1.09375,1.4849613290035115,1.6241764535975907,0.0,NO ALERT,NO ALERT,20260706,00
Arunachal Pradesh,Papum Pare,36,39,36-39 h,0.0,0.9533183125255726,0.0,0.0,NO ALERT,NO ALERT,20260706,00
Arunachal Pradesh,Tawang,36,39,36-39 h,0.0,1.1388765971638852,0.0,0.0,NO ALERT,NO ALERT,20260706,00
Arunachal Pradesh,Tirap,36,39,36-39 h,0.0,0.3651383081547162,0.0,0.0,NO ALERT,NO ALERT,20260706,00
Arunachal Pradesh,Upper Dibang Valley,36,39,36-39 h,0.0,1.028310112978305,0.0,0.0,NO ALERT,NO ALERT,20260706,00
Arunachal Pradesh,Upper Siang,36,39,36-39 h,0.0,1.2039424484099477,0.0,0.0,NO ALERT,NO ALERT,20260706,00
Arunachal Pradesh,Upper Subansiri,36,39,36-39 h,0.0859375,0.5158400571515395,0.04433000491146042,0.0,NO ALERT,NO ALERT,20260706,00
Arunachal Pradesh,West Kameng,36,39,36-39 h,0.0,0.6603703450016216,0.0,0.0,NO ALERT,NO ALERT,20260706,00
Arunachal Pradesh,West Siang,36,39,36-39 h,0.1306818127632141,0.797134356200177,0.10417096268407676,0.0,NO ALERT,NO ALERT,20260706,00
Assam,Barpeta,36,39,36-39 h,0.0625,0.6024484372218926,0.037653027326368285,0.0,NO ALERT,NO ALERT,20260706,00
Assam,Bongaigaon,36,39,36-39 h,0.0,0.46296589037388325,0.0,0.0,NO ALERT,NO ALERT,20260706,00
Assam,Cachar,36,39,36-39 h,0.0,0.5608794743553766,0.0,0.0,NO ALERT,NO ALERT,20260706,00
Assam,Darrang,36,39,36-39 h,0.26249998807907104,0.3,0.07874999642372131,0.0,NO ALERT,NO ALERT,20260706,00
Assam,Dhemaji,36,39,36-39 h,0.0,0.3,0.0,0.0,NO ALERT,NO ALERT,20260706,00
Assam,Dhuburi,36,39,36-39 h,0.0,0.32508121737137274,0.0,0.0,NO ALERT,NO ALERT,20260706,00
Assam,Dibrugarh,36,39,36-39 h,0.0,0.3174379415214978,0.0,0.0,NO ALERT,NO ALERT,20260706,00
Assam,Goalpara,36,39,36-39 h,0.0,0.35666832552213257,0.0,0.0,NO ALERT,NO ALERT,20260706,00
Assam,Golaghat,36,39,36-39 h,0.0,1.2381989938745952,0.0,0.0,NO ALERT,NO ALERT,20260706,00
Assam,Hailakandi,36,39,36-39 h,0.0,0.8229121215241156,0.0,0.0,NO ALERT,NO ALERT,20260706,00
Assam,Jorhat,36,39,36-39 h,0.0,0.6894283364621259,0.0,0.0,NO ALERT,NO ALERT,20260706,00
Assam,Kamrup,36,39,36-39 h,0.4479166567325592,0.3664044900075036,0.1641186741759594,0.0,NO ALERT,NO ALERT,20260706,00
Assam,Karbi Anglong,36,39,36-39 h,0.0173611119389534,0.4270362077260787,0.007413823404318609,0.0,NO ALERT,NO ALERT,20260706,00
Assam,Karimganj,36,39,36-39 h,0.0,0.6822626455335654,0.0,0.0,NO ALERT,NO ALERT,20260706,00
Assam,Kokrajhar,36,39,36-39 h,0.0625,0.37030806257959376,0.02314425391122461,0.0,NO ALERT,NO ALERT,20260706,00
Assam,Lakhimpur,36,39,36-39 h,0.5,0.8540887789555129,0.42704438947775647,0.0,NO ALERT,NO ALERT,20260706,00
Assam,Marigaon,36,39,36-39 h,0.25,0.3,0.075,0.0,NO ALERT,NO ALERT,20260706,00
Assam,Nagaon,36,39,36-39 h,0.0,0.38673451003625536,0.0,0.0,NO ALERT,NO ALERT,20260706,00
Assam,Nalbari,36,39,36-39 h,1.5625,0.5554100332386462,0.8678281769353847,0.0,NO ALERT,NO ALERT,20260706,00
Assam,North Cachar Hills,36,39,36-39 h,0.008928571827709675,1.1126078231817818,0.009933998865350244,0.0,NO ALERT,NO ALERT,20260706,00
Assam,Sibsagar,36,39,36-39 h,0.0,0.6339424569321858,0.0,0.0,NO ALERT,NO ALERT,20260706,00
Assam,Sonitpur,36,39,36-39 h,0.0,0.3,0.0,0.0,NO ALERT,NO ALERT,20260706,00
Assam,Tinsukia,36,39,36-39 h,0.0,0.3,0.0,0.0,NO ALERT,NO ALERT,20260706,00
Bihar,Araria,36,39,36-39 h,0.0,0.5229429825116881,0.0,0.0,NO ALERT,NO ALERT,20260706,00
Bihar,Aurangabad,36,39,36-39 h,0.4375,0.35000296398043534,0.15312629674144046,0.0,NO ALERT,NO ALERT,20260706,00
Bihar,Banka,36,39,36-39 h,0.015625,0.7184756982670082,0.011226182785422003,0.0,NO ALERT,NO ALERT,20260706,00
Bihar,Begusarai,36,39,36-39 h,0.0,2.5062878804279856,0.0,0.0,NO ALERT,NO ALERT,20260706,00
Bihar,Bhabua,36,39,36-39 h,0.0,0.3407437709399486,0.0,0.0,NO ALERT,NO ALERT,20260706,00
Bihar,Bhagalpur,36,39,36-39 h,0.0,1.0689963787452375,0.0,0.0,NO ALERT,NO ALERT,20260706,00
Bihar,Bhojpur,36,39,36-39 h,0.46875,0.4776323743598687,0.22389017548118845,0.0,NO ALERT,NO ALERT,20260706,00
Bihar,Buxar,36,39,36-39 h,0.21875,0.8075695227139618,0.17665583309367913,0.0,NO ALERT,NO ALERT,20260706,00
Bihar,Darbhanga,36,39,36-39 h,0.0,3.0,0.0,0.0,NO ALERT,NO ALERT,20260706,00
Bihar,Gaya,36,39,36-39 h,0.06875000149011612,0.363978205648116,0.025023502180677767,0.0,NO ALERT,NO ALERT,20260706,00
Bihar,Gopalganj,36,39,36-39 h,0.0,2.547002946333611,0.0,0.0,NO ALERT,NO ALERT,20260706,00
Bihar,Jamui,36,39,36-39 h,0.02083333395421505,0.6349210991185491,0.013227523292514008,0.0,NO ALERT,NO ALERT,20260706,00
Bihar,Jehanabad,36,39,36-39 h,0.0,0.5056413165810456,0.0,0.0,NO ALERT,NO ALERT,20260706,00
Bihar,Katihar,36,39,36-39 h,0.44999998807907104,1.607854247376458,0.7235343921522899,0.0,NO ALERT,NO ALERT,20260706,00
Bihar,Khagaria,36,39,36-39 h,0.0,1.903639559935811,0.0,0.0,NO ALERT,NO ALERT,20260706,00
Bihar,Kishanganj,36,39,36-39 h,0.0,0.5333674240043547,0.0,0.0,NO ALERT,NO ALERT,20260706,00
Bihar,Lakhisarai,36,39,36-39 h,0.0,1.0458318462971934,0.0,0.0,NO ALERT,NO ALERT,20260706,00
Bihar,Madhepura,36,39,36-39 h,0.0,1.1618894539535725,0.0,0.0,NO ALERT,NO ALERT,20260706,00
Bihar,Madhubani,36,39,36-39 h,0.7875000238418579,1.4408870594945968,1.1346985937054195,0.0,NO ALERT,NO ALERT,20260706,00
Bihar,Munger,36,39,36-39 h,0.0,1.0672109647237193,0.0,0.0,NO ALERT,NO ALERT,20260706,00
Bihar,Muzaffarpur,36,39,36-39 h,0.0,2.179447337729882,0.0,0.0,NO ALERT,NO ALERT,20260706,00
Bihar,Nalanda,36,39,36-39 h,0.0,1.0296407182961889,0.0,0.0,NO ALERT,NO ALERT,20260706,00
Bihar,Nawada,36,39,36-39 h,0.0,0.4708261828175211,0.0,0.0,NO ALERT,NO ALERT,20260706,00
Bihar,Pashchim Champaran,36,39,36-39 h,0.03125,2.3983339096854386,0.07494793467766996,0.0,NO ALERT,NO ALERT,20260706,00
Bihar,Patna,36,39,36-39 h,0.0,0.8338239891381003,0.0,0.0,NO ALERT,NO ALERT,20260706,00
Bihar,Purba Champaran,36,39,36-39 h,0.0,3.0,0.0,0.0,NO ALERT,NO ALERT,20260706,00
Bihar,Purnia,36,39,36-39 h,0.0,0.5942910400177946,0.0,0.0,NO ALERT,NO ALERT,20260706,00
Bihar,Rohtas,36,39,36-39 h,0.7124999761581421,0.33297800858631404,0.2372468231789344,0.0,NO ALERT,NO ALERT,20260706,00
Bihar,Saharsa,36,39,36-39 h,0.0,2.0970945990316596,0.0,0.0,NO ALERT,NO ALERT,20260706,00
Bihar,Samastipur,36,39,36-39 h,0.0,2.7195437456214746,0.0,0.0,NO ALERT,NO ALERT,20260706,00
Bihar,Saran,36,39,36-39 h,0.07500000298023224,0.9861629519125841,0.07396222433243843,0.0,NO ALERT,NO ALERT,20260706,00
Bihar,Sheikhpura,36,39,36-39 h,0.0,0.7062180227612795,0.0,0.0,NO ALERT,NO ALERT,20260706,00
Bihar,Sheohar,36,39,36-39 h,0.0,1.0,0.0,0.0,NO ALERT,NO ALERT,20260706,00
Madhya Pradesh,Tikamgarh,36,39,36-39 h,0.4642857015132904,3.0,1.3928571045398712,0.0,NO ALERT,NO ALERT,20260706,00
Madhya Pradesh,Ujjain,36,39,36-39 h,10.375,0.3,3.1125,0.0,NO ALERT,NO ALERT,20260706,00
Madhya Pradesh,Umaria,36,39,36-39 h,0.0,0.3,0.0,0.0,NO ALERT,NO ALERT,20260706,00
Madhya Pradesh,Vidisha,36,39,36-39 h,0.0,0.41390940472058413,0.0,0.0,NO ALERT,NO ALERT,20260706,00
Madhya Pradesh,West Nimar,36,39,36-39 h,0.78125,0.44485233351497017,0.34754088555857043,0.0,NO ALERT,NO ALERT,20260706,00
Maharashtra,Ahmednagar,36,39,36-39 h,0.0,0.3,0.0,0.0,NO ALERT,NO ALERT,20260706,00
Maharashtra,Akola,36,39,36-39 h,0.0,0.6882367881901188,0.0,0.0,NO ALERT,NO ALERT,20260706,00
Maharashtra,Amravati,36,39,36-39 h,0.1484375,0.9339314439149177,0.1386304487061206,0.0,NO ALERT,NO ALERT,20260706,00
Maharashtra,Aurangabad,36,39,36-39 h,0.0,0.5067375479619736,0.0,0.0,NO ALERT,NO ALERT,20260706,00
Maharashtra,Bhandara,36,39,36-39 h,0.0,0.44561608275608444,0.0,0.0,NO ALERT,NO ALERT,20260706,00
Maharashtra,Bid,36,39,36-39 h,0.0,0.6836711063440929,0.0,0.0,NO ALERT,NO ALERT,20260706,00
Maharashtra,Buldana,36,39,36-39 h,0.0,1.3375042100354553,0.0,0.0,NO ALERT,NO ALERT,20260706,00
Maharashtra,Chandrapur,36,39,36-39 h,0.02678571455180645,1.3798679824200135,0.036960749896279566,0.0,NO ALERT,NO ALERT,20260706,00
Maharashtra,Dhule,36,39,36-39 h,0.0,0.3092955395113148,0.0,0.0,NO ALERT,NO ALERT,20260706,00
Maharashtra,Garhchiroli,36,39,36-39 h,0.5406249761581421,0.7873463730204786,0.4256591141423959,0.0,NO ALERT,NO ALERT,20260706,00
Maharashtra,Gondiya,36,39,36-39 h,0.0,0.604748128777892,0.0,0.0,NO ALERT,NO ALERT,20260706,00
Maharashtra,Greater Bombay,36,39,36-39 h,0.0,0.3,0.0,0.0,NO ALERT,NO ALERT,20260706,00
Maharashtra,Hingoli,36,39,36-39 h,0.0,2.239290183539015,0.0,0.0,NO ALERT,NO ALERT,20260706,00
Maharashtra,Jalgaon,36,39,36-39 h,0.0,0.5762232307671074,0.0,0.0,NO ALERT,NO ALERT,20260706,00
Maharashtra,Jalna,36,39,36-39 h,0.0,3.0,0.0,0.0,NO ALERT,NO ALERT,20260706,00
Maharashtra,Kolhapur,36,39,36-39 h,0.0,0.41287151840747965,0.0,0.0,NO ALERT,NO ALERT,20260706,00
Maharashtra,Latur,36,39,36-39 h,0.0,1.50430828029553,0.0,0.0,NO ALERT,NO ALERT,20260706,00
Maharashtra,Nagpur,36,39,36-39 h,0.0,0.5156920875720314,0.0,0.0,NO ALERT,NO ALERT,20260706,00
Maharashtra,Nanded,36,39,36-39 h,0.0,1.9327884430663378,0.0,0.0,NO ALERT,NO ALERT,20260706,00
Maharashtra,Nandurbar,36,39,36-39 h,0.0,0.3,0.0,0.0,NO ALERT,NO ALERT,20260706,00
Maharashtra,Nashik,36,39,36-39 h,0.0,0.3,0.0,0.0,NO ALERT,NO ALERT,20260706,00
Maharashtra,Osmanabad,36,39,36-39 h,0.0,0.3793131751187402,0.0,0.0,NO ALERT,NO ALERT,20260706,00
Maharashtra,Parbhani,36,39,36-39 h,0.0,3.0,0.0,0.0,NO ALERT,NO ALERT,20260706,00
Madhya Pradesh,Balaghat,36,39,36-39 h,0.0,0.3,0.0,0.0,NO ALERT,NO ALERT,20260706,00
Madhya Pradesh,Barwani,36,39,36-39 h,0.0,0.336734408265465,0.0,0.0,NO ALERT,NO ALERT,20260706,00
Madhya Pradesh,Betul,36,39,36-39 h,1.046875,0.3,0.31406249999999997,0.0,NO ALERT,NO ALERT,20260706,00
Madhya Pradesh,Bhind,36,39,36-39 h,0.3125,3.0,0.9375,0.0,NO ALERT,NO ALERT,20260706,00
Madhya Pradesh,Bhopal,36,39,36-39 h,0.0,0.364615889459979,0.0,0.0,NO ALERT,NO ALERT,20260706,00
Madhya Pradesh,Burhanpur,36,39,36-39 h,0.0416666679084301,1.2142310318773522,0.05059296116934403,0.0,NO ALERT,NO ALERT,20260706,00
Madhya Pradesh,Chhatarpur,36,39,36-39 h,0.0,2.317805072305432,0.0,0.0,NO ALERT,NO ALERT,20260706,00
Madhya Pradesh,Chhindwara,36,39,36-39 h,0.2291666716337204,0.3,0.06875000149011612,0.0,NO ALERT,NO ALERT,20260706,00
Madhya Pradesh,Damoh,36,39,36-39 h,0.0,0.36117172586835916,0.0,0.0,NO ALERT,NO ALERT,20260706,00
Rajasthan,Karauli,36,39,36-39 h,0.01785714365541935,2.7439746691600675,0.048999549854023106,0.0,NO ALERT,NO ALERT,20260706,00
Rajasthan,Kota,36,39,36-39 h,0.574999988079071,2.9527826759430753,1.6978500034673558,0.0,NO ALERT,NO ALERT,20260706,00
Rajasthan,Nagaur,36,39,36-39 h,8.120192527770996,1.1882893373752281,9.649138198184275,0.0,NO ALERT,NO ALERT,20260706,00
Rajasthan,Pali,36,39,36-39 h,0.6139705777168274,0.3,0.18419117331504822,0.0,NO ALERT,NO ALERT,20260706,00
Rajasthan,Rajsamand,36,39,36-39 h,7.232142925262451,0.3,2.169642877578735,0.0,NO ALERT,NO ALERT,20260706,00
Rajasthan,Sawai Madhopur,36,39,36-39 h,0.0,3.0,0.0,0.0,NO ALERT,NO ALERT,20260706,00
Rajasthan,Sikar,36,39,36-39 h,1.359375,1.51752888887864,2.0628908333194014,0.0,NO ALERT,NO ALERT,20260706,00
Rajasthan,Sirohi,36,39,36-39 h,1.0234375,0.3,0.30703125,0.0,NO ALERT,NO ALERT,20260706,00
Tamil Nadu,Madurai,36,39,36-39 h,0.0,1.0,0.0,0.0,NO ALERT,NO ALERT,20260706,00
Tamil Nadu,Nagapattinam,36,39,36-39 h,0.02083333395421505,3.0,0.06250000186264515,0.0,NO ALERT,NO ALERT,20260706,00
Tamil Nadu,Namakkal,36,39,36-39 h,0.0,1.0,0.0,0.0,NO ALERT,NO ALERT,20260706,00
Tamil Nadu,Nilgiris,36,39,36-39 h,0.0,1.7038905536806261,0.0,0.0,NO ALERT,NO ALERT,20260706,00
Tamil Nadu,Perambalur,36,39,36-39 h,0.0,1.0,0.0,0.0,NO ALERT,NO ALERT,20260706,00
Tamil Nadu,Pudukkottai,36,39,36-39 h,0.0,1.0,0.0,0.0,NO ALERT,NO ALERT,20260706,00
Tamil Nadu,Ramanathapuram,36,39,36-39 h,0.0,1.0,0.0,0.0,NO ALERT,NO ALERT,20260706,00
Tamil Nadu,Salem,36,39,36-39 h,0.0,1.0,0.0,0.0,NO ALERT,NO ALERT,20260706,00
Andaman and Nicobar,Andaman Islands,36,39,36-39 h,0.013888888992369175,1.0,0.013888888992369175,0.0,NO ALERT,NO ALERT,20260706,00
Andaman and Nicobar,Nicobar Islands,36,39,36-39 h,0.0,1.0,0.0,0.0,NO ALERT,NO ALERT,20260706,00
Andhra Pradesh,Adilabad,36,39,36-39 h,0.05163043364882469,3.0,0.15489130094647408,0.0,NO ALERT,NO ALERT,20260706,00
Andhra Pradesh,Anantapur,36,39,36-39 h,0.0,1.0,0.0,0.0,NO ALERT,NO ALERT,20260706,00
Andhra Pradesh,Chittoor,36,39,36-39 h,0.0,1.0,0.0,0.0,NO ALERT,NO ALERT,20260706,00
Andhra Pradesh,Cuddapah,36,39,36-39 h,0.0,1.0,0.0,0.0,NO ALERT,NO ALERT,20260706,00
Andhra Pradesh,East Godavari,36,39,36-39 h,0.011029412038624287,3.0,0.03308823611587286,0.0,NO ALERT,NO ALERT,20260706,00
Andhra Pradesh,Guntur,36,39,36-39 h,0.0,3.0,0.0,0.0,NO ALERT,NO ALERT,20260706,00
Andhra Pradesh,Hyderabad,36,39,36-39 h,0.0,1.0,0.0,0.0,NO ALERT,NO ALERT,20260706,00
Andhra Pradesh,Karimnagar,36,39,36-39 h,0.1458333283662796,2.1393520898236744,0.3119888358063424,0.0,NO ALERT,NO ALERT,20260706,00
Andhra Pradesh,Khammam,36,39,36-39 h,0.042763158679008484,3.0,0.12828947603702545,0.0,NO ALERT,NO ALERT,20260706,00
Andhra Pradesh,Krishna,36,39,36-39 h,0.0,3.0,0.0,0.0,NO ALERT,NO ALERT,20260706,00
Andhra Pradesh,Kurnool,36,39,36-39 h,0.03804347664117813,3.0,0.1141304299235344,0.0,NO ALERT,NO ALERT,20260706,00
Andhra Pradesh,Mahbubnagar,36,39,36-39 h,0.0763888880610466,3.0,0.2291666641831398,0.0,NO ALERT,NO ALERT,20260706,00
Andhra Pradesh,Medak,36,39,36-39 h,0.0,1.1350579038438837,0.0,0.0,NO ALERT,NO ALERT,20260706,00
Andhra Pradesh,Nalgonda,36,39,36-39 h,0.0659722238779068,3.0,0.1979166716337204,0.0,NO ALERT,NO ALERT,20260706,00
Andhra Pradesh,Nellore,36,39,36-39 h,0.0,1.0,0.0,0.0,NO ALERT,NO ALERT,20260706,00
Andhra Pradesh,Nizamabad,36,39,36-39 h,0.0,3.0,0.0,0.0,NO ALERT,NO ALERT,20260706,00
Andhra Pradesh,Prakasam,36,39,36-39 h,0.0,1.0,0.0,0.0,NO ALERT,NO ALERT,20260706,00
Andhra Pradesh,Rangareddi,36,39,36-39 h,0.0,2.274697750563405,0.0,0.0,NO ALERT,NO ALERT,20260706,00
Andhra Pradesh,Srikakulam,36,39,36-39 h,0.28125,3.0,0.84375,0.0,NO ALERT,NO ALERT,20260706,00
Andhra Pradesh,Vishakhapatnam,36,39,36-39 h,0.0,3.0,0.0,0.0,NO ALERT,NO ALERT,20260706,00
Andhra Pradesh,Vizianagaram,36,39,36-39 h,0.0,3.0,0.0,0.0,NO ALERT,NO ALERT,20260706,00
Andhra Pradesh,Warangal,36,39,36-39 h,0.5555555820465088,3.0,1.6666667461395264,0.0,NO ALERT,NO ALERT,20260706,00
Andhra Pradesh,West Godavari,36,39,36-39 h,0.0,3.0,0.0,0.0,NO ALERT,NO ALERT,20260706,00
Arunachal Pradesh,Changlang,36,39,36-39 h,0.0078125,0.3,0.00234375,0.0,NO ALERT,NO ALERT,20260706,00
Arunachal Pradesh,East Kameng,36,39,36-39 h,0.0,0.4269880196000505,0.0,0.0,NO ALERT,NO ALERT,20260706,00
Arunachal Pradesh,East Siang,36,39,36-39 h,0.1607142835855484,0.45628493034155115,0.07333150569072425,0.0,NO ALERT,NO ALERT,20260706,00
Arunachal Pradesh,Kurung Kumey,36,39,36-39 h,0.01875000074505806,0.7126390600047544,0.013361982906046621,0.0,NO ALERT,NO ALERT,20260706,00
Arunachal Pradesh,Lohit,36,39,36-39 h,0.0,0.3,0.0,0.0,NO ALERT,NO ALERT,20260706,00
Arunachal Pradesh,Lower Dibang Valley,36,39,36-39 h,0.0,0.3,0.0,0.0,NO ALERT,NO ALERT,20260706,00
Arunachal Pradesh,Lower Subansiri,36,39,36-39 h,0.7749999761581421,0.6416184837284099,0.49725430959214095,0.0,NO ALERT,NO ALERT,20260706,00
Bihar,Sitamarhi,36,39,36-39 h,0.02083333395421505,3.0,0.06250000186264515,0.0,NO ALERT,NO ALERT,20260706,00
Bihar,Siwan,36,39,36-39 h,0.0,1.4389760456555118,0.0,0.0,NO ALERT,NO ALERT,20260706,00
Bihar,Supaul,36,39,36-39 h,0.5625,0.890582586739991,0.500952705041245,0.0,NO ALERT,NO ALERT,20260706,00
Bihar,Vaishali,36,39,36-39 h,0.0,1.2193520432551004,0.0,0.0,NO ALERT,NO ALERT,20260706,00
Chandigarh,Chandigarh,36,39,36-39 h,0.0,1.1884359977669912,0.0,0.0,NO ALERT,NO ALERT,20260706,00
Chhattisgarh,Bastar,36,39,36-39 h,0.0,0.5807237067170128,0.0,0.0,NO ALERT,NO ALERT,20260706,00
Chhattisgarh,Bilaspur,36,39,36-39 h,0.8802083134651184,0.3,0.2640624940395355,0.0,NO ALERT,NO ALERT,20260706,00
Chhattisgarh,Dantewada,36,39,36-39 h,0.008152173832058907,1.7403026932816885,0.014187250076032618,0.0,NO ALERT,NO ALERT,20260706,00
Chhattisgarh,Dhamtari,36,39,36-39 h,0.0,0.3,0.0,0.0,NO ALERT,NO ALERT,20260706,00
Chhattisgarh,Durg,36,39,36-39 h,0.7135416865348816,0.3,0.21406250596046447,0.0,NO ALERT,NO ALERT,20260706,00
Chhattisgarh,Janjgir-Champa,36,39,36-39 h,1.8229166269302368,0.3,0.546874988079071,0.0,NO ALERT,NO ALERT,20260706,00
Chhattisgarh,Jashpur,36,39,36-39 h,0.0,0.3,0.0,0.0,NO ALERT,NO ALERT,20260706,00
Chhattisgarh,Kanker,36,39,36-39 h,0.0,0.31181627116571115,0.0,0.0,NO ALERT,NO ALERT,20260706,00
Chhattisgarh,Kawardha,36,39,36-39 h,0.5416666865348816,0.3,0.16250000596046446,0.0,NO ALERT,NO ALERT,20260706,00
Chhattisgarh,Korba,36,39,36-39 h,0.1805555522441864,0.3,0.05416666567325592,0.0,NO ALERT,NO ALERT,20260706,00
Chhattisgarh,Koriya,36,39,36-39 h,0.0,0.3,0.0,0.0,NO ALERT,NO ALERT,20260706,00
Chhattisgarh,Mahasamund,36,39,36-39 h,0.2767857015132904,0.3,0.08303571045398712,0.0,NO ALERT,NO ALERT,20260706,00
Chhattisgarh,Raigarh,36,39,36-39 h,0.34090909361839294,0.3,0.10227272808551788,0.0,NO ALERT,NO ALERT,20260706,00
Chhattisgarh,Raipur,36,39,36-39 h,0.2421875,0.3,0.07265624999999999,0.0,NO ALERT,NO ALERT,20260706,00
Chhattisgarh,Raj Nandgaon,36,39,36-39 h,0.11931817978620529,0.47455991292457994,0.056623625009660956,0.0,NO ALERT,NO ALERT,20260706,00
Chhattisgarh,Surguja,36,39,36-39 h,0.0,0.3,0.0,0.0,NO ALERT,NO ALERT,20260706,00
Dadra and Nagar Haveli,Dadra and Nagar Haveli,36,39,36-39 h,0.0,0.3,0.0,0.0,NO ALERT,NO ALERT,20260706,00
Daman and Diu,Daman,36,39,36-39 h,0.0,1.0,0.0,0.0,NO ALERT,NO ALERT,20260706,00
Daman and Diu,Junagadh,36,39,36-39 h,0.0,0.3,0.0,0.0,NO ALERT,NO ALERT,20260706,00
Delhi,Delhi,36,39,36-39 h,0.0,0.7680284695981865,0.0,0.0,NO ALERT,NO ALERT,20260706,00
Goa,North Goa,36,39,36-39 h,0.0,0.3,0.0,0.0,NO ALERT,NO ALERT,20260706,00
Goa,South Goa,36,39,36-39 h,0.0,0.3652758638408204,0.0,0.0,NO ALERT,NO ALERT,20260706,00
Gujarat,Ahmadabad,36,39,36-39 h,0.0,0.3,0.0,0.0,NO ALERT,NO ALERT,20260706,00
Gujarat,Amreli,36,39,36-39 h,0.0,0.3,0.0,0.0,NO ALERT,NO ALERT,20260706,00
Gujarat,Anand,36,39,36-39 h,0.0,0.3,0.0,0.0,NO ALERT,NO ALERT,20260706,00
Gujarat,Banas Kantha,36,39,36-39 h,0.6607142686843872,0.3,0.19821428060531615,0.0,NO ALERT,NO ALERT,20260706,00
Gujarat,Bharuch,36,39,36-39 h,0.0,0.3,0.0,0.0,NO ALERT,NO ALERT,20260706,00
Gujarat,Bhavnagar,36,39,36-39 h,0.0,0.3,0.0,0.0,NO ALERT,NO ALERT,20260706,00
Gujarat,Dahod,36,39,36-39 h,0.8541666865348816,0.3,0.2562500059604645,0.0,NO ALERT,NO ALERT,20260706,00
Gujarat,Gandhinagar,36,39,36-39 h,0.0,0.3,0.0,0.0,NO ALERT,NO ALERT,20260706,00
Gujarat,Jamnagar,36,39,36-39 h,0.03125,1.0297514316198848,0.0321797322381214,0.0,NO ALERT,NO ALERT,20260706,00
Gujarat,Junagadh,36,39,36-39 h,0.23863635957241058,0.3,0.07159090787172318,0.0,NO ALERT,NO ALERT,20260706,00
Gujarat,Kachchh,36,39,36-39 h,0.0,1.0429478032131136,0.0,0.0,NO ALERT,NO ALERT,20260706,00
Gujarat,Kheda,36,39,36-39 h,0.1979166716337204,0.3,0.05937500149011612,0.0,NO ALERT,NO ALERT,20260706,00
Gujarat,Mahesana,36,39,36-39 h,0.4375,0.3,0.13125,0.0,NO ALERT,NO ALERT,20260706,00
Gujarat,Narmada,36,39,36-39 h,0.0,0.33628631261391084,0.0,0.0,NO ALERT,NO ALERT,20260706,00
Gujarat,Navsari,36,39,36-39 h,0.0,0.3,0.0,0.0,NO ALERT,NO ALERT,20260706,00
Gujarat,Panch Mahals,36,39,36-39 h,0.42500001192092896,0.38515868720859836,0.16369244665510366,0.0,NO ALERT,NO ALERT,20260706,00
Gujarat,Patan,36,39,36-39 h,0.0069444444961845875,0.3,0.002083333348855376,0.0,NO ALERT,NO ALERT,20260706,00
Gujarat,Porbandar,36,39,36-39 h,3.15625,3.0,9.46875,0.0,NO ALERT,NO ALERT,20260706,00
Gujarat,Rajkot,36,39,36-39 h,0.1041666641831398,0.3,0.03124999925494194,0.0,NO ALERT,NO ALERT,20260706,00
Gujarat,Sabar Kantha,36,39,36-39 h,1.2638888359069824,0.3,0.3791666507720947,0.0,NO ALERT,NO ALERT,20260706,00
Gujarat,Surat,36,39,36-39 h,0.0,0.32712919453700195,0.0,0.0,NO ALERT,NO ALERT,20260706,00
Gujarat,Surendranagar,36,39,36-39 h,0.0,0.3,0.0,0.0,NO ALERT,NO ALERT,20260706,00
Gujarat,The Dangs,36,39,36-39 h,0.0,0.6236297049513208,0.0,0.0,NO ALERT,NO ALERT,20260706,00
Gujarat,Vadodara,36,39,36-39 h,0.0,0.3522998571050929,0.0,0.0,NO ALERT,NO ALERT,20260706,00
Gujarat,Valsad,36,39,36-39 h,0.0,0.3,0.0,0.0,NO ALERT,NO ALERT,20260706,00
Haryana,Ambala,36,39,36-39 h,0.0,0.6762277229722136,0.0,0.0,NO ALERT,NO ALERT,20260706,00
Haryana,Bhiwani,36,39,36-39 h,0.5625,1.7078232852568205,0.9606505979569615,0.0,NO ALERT,NO ALERT,20260706,00
Haryana,Faridabad,36,39,36-39 h,0.0,0.8712532145408735,0.0,0.0,NO ALERT,NO ALERT,20260706,00
Haryana,Fatehabad,36,39,36-39 h,0.4375,1.0808056670009505,0.47285247931291585,0.0,NO ALERT,NO ALERT,20260706,00
Haryana,Gurgaon,36,39,36-39 h,0.0,1.3004888747066055,0.0,0.0,NO ALERT,NO ALERT,20260706,00
Haryana,Hisar,36,39,36-39 h,1.0,0.9496809693817465,0.9496809693817465,0.0,NO ALERT,NO ALERT,20260706,00
Haryana,Jhajjar,36,39,36-39 h,0.0,1.6618096732806247,0.0,0.0,NO ALERT,NO ALERT,20260706,00
Haryana,Jind,36,39,36-39 h,1.296875,0.7717056323525144,1.0008057419571672,0.0,NO ALERT,NO ALERT,20260706,00
Haryana,Kaithal,36,39,36-39 h,0.9791666865348816,0.6331763172108541,0.6199851565157112,0.0,NO ALERT,NO ALERT,20260706,00
Haryana,Karnal,36,39,36-39 h,0.07500000298023224,0.5159404245146241,0.038695533376219095,0.0,NO ALERT,NO ALERT,20260706,00
Haryana,Kurukshetra,36,39,36-39 h,0.0625,0.6033338297736488,0.03770836436085305,0.0,NO ALERT,NO ALERT,20260706,00
Haryana,Mahendragarh,36,39,36-39 h,0.0,1.1386681831985863,0.0,0.0,NO ALERT,NO ALERT,20260706,00
Haryana,Panchkula,36,39,36-39 h,0.0,0.6671410727647323,0.0,0.0,NO ALERT,NO ALERT,20260706,00
Haryana,Panipat,36,39,36-39 h,0.25,1.0415843239201417,0.2603960809800354,0.0,NO ALERT,NO ALERT,20260706,00
Haryana,Rewari,36,39,36-39 h,0.0,1.1674745883169169,0.0,0.0,NO ALERT,NO ALERT,20260706,00
Haryana,Rohtak,36,39,36-39 h,0.1666666716337204,1.2603472433768046,0.21005788015634658,0.0,NO ALERT,NO ALERT,20260706,00
Haryana,Sirsa,36,39,36-39 h,6.791666507720947,1.4831194250452018,10.072852526029845,0.0,MODERATE,NO ALERT,20260706,00
Haryana,Sonepat,36,39,36-39 h,0.1041666641831398,0.7724164037051864,0.08046004013430669,0.0,NO ALERT,NO ALERT,20260706,00
Haryana,Yamuna Nagar,36,39,36-39 h,0.0625,0.6918813868041921,0.043242586675262006,0.0,NO ALERT,NO ALERT,20260706,00
Himachal Pradesh,Bilaspur,36,39,36-39 h,0.0,0.43793651979773524,0.0,0.0,NO ALERT,NO ALERT,20260706,00
Himachal Pradesh,Chamba,36,39,36-39 h,0.0,0.47998853587409984,0.0,0.0,NO ALERT,NO ALERT,20260706,00
Himachal Pradesh,Hamirpur,36,39,36-39 h,0.0,0.3222888511402842,0.0,0.0,NO ALERT,NO ALERT,20260706,00
Himachal Pradesh,Kangra,36,39,36-39 h,0.0,0.491764254011286,0.0,0.0,NO ALERT,NO ALERT,20260706,00
Himachal Pradesh,Kinnaur,36,39,36-39 h,0.0,0.5900100248843969,0.0,0.0,NO ALERT,NO ALERT,20260706,00
Himachal Pradesh,Kullu,36,39,36-39 h,0.0,0.48471900161399284,0.0,0.0,NO ALERT,NO ALERT,20260706,00
Himachal Pradesh,Lahul and Spiti,36,39,36-39 h,0.0,1.1034755877631228,0.0,0.0,NO ALERT,NO ALERT,20260706,00
Himachal Pradesh,Mandi,36,39,36-39 h,0.0,0.41181400265740536,0.0,0.0,NO ALERT,NO ALERT,20260706,00
Himachal Pradesh,Shimla,36,39,36-39 h,0.0,0.38421361333609627,0.0,0.0,NO ALERT,NO ALERT,20260706,00
Himachal Pradesh,Sirmaur,36,39,36-39 h,0.0,0.5853734282891708,0.0,0.0,NO ALERT,NO ALERT,20260706,00
Himachal Pradesh,Solan,36,39,36-39 h,0.0,0.501145504684414,0.0,0.0,NO ALERT,NO ALERT,20260706,00
Himachal Pradesh,Una,36,39,36-39 h,0.0625,0.5308169916656943,0.03317606197910589,0.0,NO ALERT,NO ALERT,20260706,00
Jammu and Kashmir,Anantnag (Kashmir South),36,39,36-39 h,0.0892857164144516,1.3868985192801786,0.12383022788807287,0.0,NO ALERT,NO ALERT,20260706,00
Jammu and Kashmir,Bagdam,36,39,36-39 h,0.0,1.7381670057123004,0.0,0.0,NO ALERT,NO ALERT,20260706,00
Jammu and Kashmir,Baramula (Kashmir North),36,39,36-39 h,0.0,2.3802491119877285,0.0,0.0,NO ALERT,NO ALERT,20260706,00
Jammu and Kashmir,Doda,36,39,36-39 h,0.029411764815449715,0.9310309851117253,0.02738326437000253,0.0,NO ALERT,NO ALERT,20260706,00
Jammu and Kashmir,Jammu,36,39,36-39 h,0.3125,2.1214535699251704,0.6629542406016158,0.0,NO ALERT,NO ALERT,20260706,00
Jammu and Kashmir,Kargil,36,39,36-39 h,0.021739130839705467,3.0,0.0652173925191164,0.0,NO ALERT,NO ALERT,20260706,00
Jammu and Kashmir,Kathua,36,39,36-39 h,0.0,0.7421973154339496,0.0,0.0,NO ALERT,NO ALERT,20260706,00
Jammu and Kashmir,Kupwara (Muzaffarabad),36,39,36-39 h,0.4625000059604645,2.805712758686526,1.2976421676158694,0.0,NO ALERT,NO ALERT,20260706,00
Jammu and Kashmir,Ladakh (Leh),36,39,36-39 h,0.03500000014901161,0.6253946944730077,0.02188881439974634,0.0,NO ALERT,NO ALERT,20260706,00
Jammu and Kashmir,Pulwama,36,39,36-39 h,0.0,3.0,0.0,0.0,NO ALERT,NO ALERT,20260706,00
Jammu and Kashmir,Punch,36,39,36-39 h,0.0,0.9080148049822427,0.0,0.0,NO ALERT,NO ALERT,20260706,00
Jammu and Kashmir,Rajauri,36,39,36-39 h,0.0,1.6908137329342856,0.0,0.0,NO ALERT,NO ALERT,20260706,00
Jammu and Kashmir,Srinagar,36,39,36-39 h,0.0,1.1768416745126433,0.0,0.0,NO ALERT,NO ALERT,20260706,00
Jammu and Kashmir,Udhampur,36,39,36-39 h,0.0,0.9046338825169598,0.0,0.0,NO ALERT,NO ALERT,20260706,00
Jharkhand,Bokaro,36,39,36-39 h,0.03125,0.43038052424230994,0.013449391382572186,0.0,NO ALERT,NO ALERT,20260706,00
Jharkhand,Chatra,36,39,36-39 h,0.0,0.47580298707457397,0.0,0.0,NO ALERT,NO ALERT,20260706,00
Jharkhand,Deoghar,36,39,36-39 h,0.0,0.43042539217912484,0.0,0.0,NO ALERT,NO ALERT,20260706,00
Jharkhand,Dhanbad,36,39,36-39 h,0.0,0.3,0.0,0.0,NO ALERT,NO ALERT,20260706,00
Jharkhand,Dumka,36,39,36-39 h,0.13750000298023224,0.5747174401032172,0.07902364972698381,0.0,NO ALERT,NO ALERT,20260706,00
Jharkhand,Garhwa,36,39,36-39 h,0.0,0.3,0.0,0.0,NO ALERT,NO ALERT,20260706,00
Jharkhand,Giridih,36,39,36-39 h,0.0,0.3,0.0,0.0,NO ALERT,NO ALERT,20260706,00
Jharkhand,Godda,36,39,36-39 h,0.21875,1.241563229918693,0.2715919565447141,0.0,NO ALERT,NO ALERT,20260706,00
Jharkhand,Gumla,36,39,36-39 h,0.0,0.3,0.0,0.0,NO ALERT,NO ALERT,20260706,00
Jharkhand,Hazaribag,36,39,36-39 h,0.0859375,0.42314411896564175,0.03636394772360984,0.0,NO ALERT,NO ALERT,20260706,00
Jharkhand,Jamtara,36,39,36-39 h,0.0,0.46008470755189523,0.0,0.0,NO ALERT,NO ALERT,20260706,00
Jharkhand,Koderma,36,39,36-39 h,0.0,0.3039175085951896,0.0,0.0,NO ALERT,NO ALERT,20260706,00
Jharkhand,Latehar,36,39,36-39 h,0.0,0.3665391067324198,0.0,0.0,NO ALERT,NO ALERT,20260706,00
Jharkhand,Lohardaga,36,39,36-39 h,0.0,0.39624014819091274,0.0,0.0,NO ALERT,NO ALERT,20260706,00
Jharkhand,Pakur,36,39,36-39 h,0.03125,0.6035076534919583,0.018859614171623698,0.0,NO ALERT,NO ALERT,20260706,00
Jharkhand,Palamu,36,39,36-39 h,0.0,0.3737988343625059,0.0,0.0,NO ALERT,NO ALERT,20260706,00
Jharkhand,Pashchim Singhbhum,36,39,36-39 h,0.0390625,0.45311129700376257,0.017699660039209475,0.0,NO ALERT,NO ALERT,20260706,00
Jharkhand,Purba Singhbhum,36,39,36-39 h,0.03750000149011612,0.9904194813681165,0.0371407320271444,0.0,NO ALERT,NO ALERT,20260706,00
Jharkhand,Ranchi,36,39,36-39 h,0.05681818351149559,0.43312750651481624,0.02460951814903533,0.0,NO ALERT,NO ALERT,20260706,00
Jharkhand,Sahibganj,36,39,36-39 h,0.0,0.9271637311929378,0.0,0.0,NO ALERT,NO ALERT,20260706,00
Jharkhand,Saraikela Kharsawan,36,39,36-39 h,0.2291666716337204,0.7038710866727816,0.1613037941920113,0.0,NO ALERT,NO ALERT,20260706,00
Jharkhand,Simdega,36,39,36-39 h,0.0,0.3,0.0,0.0,NO ALERT,NO ALERT,20260706,00
Karnataka,Bagalkot,36,39,36-39 h,0.0,1.1632799061220045,0.0,0.0,NO ALERT,NO ALERT,20260706,00
Karnataka,Bangalore Rural,36,39,36-39 h,0.0,3.0,0.0,0.0,NO ALERT,NO ALERT,20260706,00
Karnataka,Bangalore Urban,36,39,36-39 h,0.0,3.0,0.0,0.0,NO ALERT,NO ALERT,20260706,00
Karnataka,Belgaum,36,39,36-39 h,0.0,0.8973372374527518,0.0,0.0,NO ALERT,NO ALERT,20260706,00
Karnataka,Bellary,36,39,36-39 h,0.0,2.70287473371527,0.0,0.0,NO ALERT,NO ALERT,20260706,00
Karnataka,Bidar,36,39,36-39 h,0.0,1.0018766190120068,0.0,0.0,NO ALERT,NO ALERT,20260706,00
Karnataka,Bijapur,36,39,36-39 h,0.0,3.0,0.0,0.0,NO ALERT,NO ALERT,20260706,00
Karnataka,Chamrajnagar,36,39,36-39 h,0.0,3.0,0.0,0.0,NO ALERT,NO ALERT,20260706,00
Karnataka,Chikmagalur,36,39,36-39 h,0.0,0.9744358301784026,0.0,0.0,NO ALERT,NO ALERT,20260706,00
Karnataka,Chitradurga,36,39,36-39 h,0.0,3.0,0.0,0.0,NO ALERT,NO ALERT,20260706,00
Karnataka,Dakshin Kannad,36,39,36-39 h,0.0,0.48296471969249655,0.0,0.0,NO ALERT,NO ALERT,20260706,00
Karnataka,Davanagere,36,39,36-39 h,0.0,1.0634182151425726,0.0,0.0,NO ALERT,NO ALERT,20260706,00
Karnataka,Dharwad,36,39,36-39 h,0.0,0.6005924706507083,0.0,0.0,NO ALERT,NO ALERT,20260706,00
Karnataka,Gadag,36,39,36-39 h,0.0,1.0104995631984701,0.0,0.0,NO ALERT,NO ALERT,20260706,00
Karnataka,Gulbarga,36,39,36-39 h,0.0,1.3275990324998463,0.0,0.0,NO ALERT,NO ALERT,20260706,00
Karnataka,Hassan,36,39,36-39 h,0.0,1.3953514149603434,0.0,0.0,NO ALERT,NO ALERT,20260706,00
Karnataka,Haveri,36,39,36-39 h,0.0,0.8339001601670177,0.0,0.0,NO ALERT,NO ALERT,20260706,00
Karnataka,Kodagu,36,39,36-39 h,0.0,0.9891691490121184,0.0,0.0,NO ALERT,NO ALERT,20260706,00
Karnataka,Kolar,36,39,36-39 h,0.0,1.0,0.0,0.0,NO ALERT,NO ALERT,20260706,00
Karnataka,Koppal,36,39,36-39 h,0.0,1.3672411486472411,0.0,0.0,NO ALERT,NO ALERT,20260706,00
Karnataka,Mandya,36,39,36-39 h,0.0,3.0,0.0,0.0,NO ALERT,NO ALERT,20260706,00
Karnataka,Mysore,36,39,36-39 h,0.0,3.0,0.0,0.0,NO ALERT,NO ALERT,20260706,00
Karnataka,Raichur,36,39,36-39 h,0.0,1.9789763859973823,0.0,0.0,NO ALERT,NO ALERT,20260706,00
Karnataka,Shimoga,36,39,36-39 h,0.0,0.6521122332003625,0.0,0.0,NO ALERT,NO ALERT,20260706,00
Karnataka,Tumkur,36,39,36-39 h,0.0,3.0,0.0,0.0,NO ALERT,NO ALERT,20260706,00
Karnataka,Udupi,36,39,36-39 h,0.0,0.36293434267993313,0.0,0.0,NO ALERT,NO ALERT,20260706,00
Karnataka,Uttar Kannand,36,39,36-39 h,0.0,0.4136012505834986,0.0,0.0,NO ALERT,NO ALERT,20260706,00
Kerala,Alappuzha,36,39,36-39 h,0.0,2.864364265748771,0.0,0.0,NO ALERT,NO ALERT,20260706,00
Kerala,Ernakulam,36,39,36-39 h,0.0,0.8273595857165152,0.0,0.0,NO ALERT,NO ALERT,20260706,00
Kerala,Idukki,36,39,36-39 h,0.0,1.1481059089541104,0.0,0.0,NO ALERT,NO ALERT,20260706,00
Kerala,Kannur,36,39,36-39 h,0.0,0.39296054227725635,0.0,0.0,NO ALERT,NO ALERT,20260706,00
Kerala,Kasaragod,36,39,36-39 h,0.0,0.4895700959949935,0.0,0.0,NO ALERT,NO ALERT,20260706,00
Kerala,Kollam,36,39,36-39 h,0.0,0.9608015244614043,0.0,0.0,NO ALERT,NO ALERT,20260706,00
Kerala,Kottayam,36,39,36-39 h,0.140625,0.9196575889749057,0.1293268484495961,0.0,NO ALERT,NO ALERT,20260706,00
Kerala,Kozhikode,36,39,36-39 h,0.0,0.37264617476151884,0.0,0.0,NO ALERT,NO ALERT,20260706,00
Kerala,Malappuram,36,39,36-39 h,0.0,0.44261788343885,0.0,0.0,NO ALERT,NO ALERT,20260706,00
Kerala,Palakkad,36,39,36-39 h,0.0,0.5302180666602749,0.0,0.0,NO ALERT,NO ALERT,20260706,00
Kerala,Pattanamtitta,36,39,36-39 h,0.0416666679084301,0.7477207744636957,0.03115503319781297,0.0,NO ALERT,NO ALERT,20260706,00
Kerala,Thiruvananthapuram,36,39,36-39 h,0.0,1.3040197822546657,0.0,0.0,NO ALERT,NO ALERT,20260706,00
Kerala,Thrissur,36,39,36-39 h,0.34375,0.842598859765623,0.2896433580444329,0.0,NO ALERT,NO ALERT,20260706,00
Kerala,Wayanad,36,39,36-39 h,0.0,0.9148688962922525,0.0,0.0,NO ALERT,NO ALERT,20260706,00
Lakshadweep,Kavaratti,36,39,36-39 h,0.0,1.0,0.0,0.0,NO ALERT,NO ALERT,20260706,00
Madhya Pradesh,Anuppur,36,39,36-39 h,0.0,0.3,0.0,0.0,NO ALERT,NO ALERT,20260706,00
Madhya Pradesh,Ashoknagar,36,39,36-39 h,0.6041666865348816,0.9519252256221402,0.575121509393098,0.0,NO ALERT,NO ALERT,20260706,00
Madhya Pradesh,Datia,36,39,36-39 h,0.2083333283662796,1.0,0.2083333283662796,0.0,NO ALERT,NO ALERT,20260706,00
Madhya Pradesh,Dewas,36,39,36-39 h,8.659722328186035,0.3,2.5979166984558106,0.0,NO ALERT,NO ALERT,20260706,00
Madhya Pradesh,Dhar,36,39,36-39 h,3.096590995788574,0.3,0.9289772987365722,0.0,NO ALERT,NO ALERT,20260706,00
Madhya Pradesh,Dindori,36,39,36-39 h,0.0,0.3,0.0,0.0,NO ALERT,NO ALERT,20260706,00
Madhya Pradesh,East Nimar,36,39,36-39 h,2.549999952316284,0.30123901134156544,0.7681594645567965,0.0,NO ALERT,NO ALERT,20260706,00
Madhya Pradesh,Guna,36,39,36-39 h,0.3680555522441864,0.44732070879630687,0.16463887050628562,0.0,NO ALERT,NO ALERT,20260706,00
Madhya Pradesh,Gwalior,36,39,36-39 h,0.4910714328289032,1.0,0.4910714328289032,0.0,NO ALERT,NO ALERT,20260706,00
Madhya Pradesh,Harda,36,39,36-39 h,2.96875,0.3,0.890625,0.0,NO ALERT,NO ALERT,20260706,00
Madhya Pradesh,Hoshangabad,36,39,36-39 h,1.0625,0.3,0.31875,0.0,NO ALERT,NO ALERT,20260706,00
Madhya Pradesh,Indore,36,39,36-39 h,14.723214149475098,0.3,4.4169642448425295,0.0,NO ALERT,NO ALERT,20260706,00
Madhya Pradesh,Jabalpur,36,39,36-39 h,0.0,0.3,0.0,0.0,NO ALERT,NO ALERT,20260706,00
Madhya Pradesh,Jhabua,36,39,36-39 h,0.38749998807907104,0.3,0.1162499964237213,0.0,NO ALERT,NO ALERT,20260706,00
Madhya Pradesh,Katni,36,39,36-39 h,0.0,0.32230547985936164,0.0,0.0,NO ALERT,NO ALERT,20260706,00
Madhya Pradesh,Mandla,36,39,36-39 h,0.0,0.3,0.0,0.0,NO ALERT,NO ALERT,20260706,00
Madhya Pradesh,Mandsaur,36,39,36-39 h,12.541666984558105,0.3805572499288874,4.772822297167354,0.0,NO ALERT,NO ALERT,20260706,00
Madhya Pradesh,Morena,36,39,36-39 h,1.0357142686843872,3.0,3.1071428060531616,0.0,NO ALERT,NO ALERT,20260706,00
Madhya Pradesh,Narsinghpur,36,39,36-39 h,0.0,0.3,0.0,0.0,NO ALERT,NO ALERT,20260706,00
Madhya Pradesh,Neemuch,36,39,36-39 h,10.65625,0.7317338523203192,7.797538863788401,0.0,NO ALERT,NO ALERT,20260706,00
Madhya Pradesh,Panna,36,39,36-39 h,0.0,0.4184968595164538,0.0,0.0,NO ALERT,NO ALERT,20260706,00
Madhya Pradesh,Raisen,36,39,36-39 h,0.375,0.3,0.11249999999999999,0.0,NO ALERT,NO ALERT,20260706,00
Madhya Pradesh,Rajgarh,36,39,36-39 h,0.0,0.676433949885283,0.0,0.0,NO ALERT,NO ALERT,20260706,00
Madhya Pradesh,Ratlam,36,39,36-39 h,5.03125,0.3,1.509375,0.0,NO ALERT,NO ALERT,20260706,00
Madhya Pradesh,Rewa,36,39,36-39 h,0.0,0.38712886212107545,0.0,0.0,NO ALERT,NO ALERT,20260706,00
Madhya Pradesh,Sagar,36,39,36-39 h,0.2291666716337204,0.3,0.06875000149011612,0.0,NO ALERT,NO ALERT,20260706,00
Madhya Pradesh,Satna,36,39,36-39 h,0.0,0.4227753173004938,0.0,0.0,NO ALERT,NO ALERT,20260706,00
Madhya Pradesh,Sehore,36,39,36-39 h,0.578125,0.3,0.1734375,0.0,NO ALERT,NO ALERT,20260706,00
Madhya Pradesh,Seoni,36,39,36-39 h,0.0,0.3,0.0,0.0,NO ALERT,NO ALERT,20260706,00
Madhya Pradesh,Shahdol,36,39,36-39 h,0.0,0.3,0.0,0.0,NO ALERT,NO ALERT,20260706,00
Madhya Pradesh,Shajapur,36,39,36-39 h,1.4772727489471436,0.3,0.4431818246841431,0.0,NO ALERT,NO ALERT,20260706,00
Madhya Pradesh,Sheopur,36,39,36-39 h,0.2578125,3.0,0.7734375,0.0,NO ALERT,NO ALERT,20260706,00
Madhya Pradesh,Shivpuri,36,39,36-39 h,1.21484375,3.0,3.64453125,0.0,NO ALERT,NO ALERT,20260706,00
Madhya Pradesh,Sidhi,36,39,36-39 h,0.0,0.399988705397733,0.0,0.0,NO ALERT,NO ALERT,20260706,00
Maharashtra,Pune,36,39,36-39 h,0.0,0.3,0.0,0.0,NO ALERT,NO ALERT,20260706,00
Maharashtra,Raigarh,36,39,36-39 h,0.0,0.3,0.0,0.0,NO ALERT,NO ALERT,20260706,00
Maharashtra,Ratnagiri,36,39,36-39 h,0.0,0.3,0.0,0.0,NO ALERT,NO ALERT,20260706,00
Maharashtra,Sangli,36,39,36-39 h,0.0,0.3,0.0,0.0,NO ALERT,NO ALERT,20260706,00
Maharashtra,Satara,36,39,36-39 h,0.0,0.3,0.0,0.0,NO ALERT,NO ALERT,20260706,00
Maharashtra,Sindhudurg,36,39,36-39 h,0.0,0.3,0.0,0.0,NO ALERT,NO ALERT,20260706,00
Maharashtra,Solapur,36,39,36-39 h,0.0,0.3,0.0,0.0,NO ALERT,NO ALERT,20260706,00
Maharashtra,Thane,36,39,36-39 h,0.0,0.3,0.0,0.0,NO ALERT,NO ALERT,20260706,00
Maharashtra,Wardha,36,39,36-39 h,0.0,0.8277061142287497,0.0,0.0,NO ALERT,NO ALERT,20260706,00
Maharashtra,Washim,36,39,36-39 h,0.0,0.6548512185328705,0.0,0.0,NO ALERT,NO ALERT,20260706,00
Maharashtra,Yavatmal,36,39,36-39 h,0.0,1.1672216749493405,0.0,0.0,NO ALERT,NO ALERT,20260706,00
Manipur,Bishnupur,36,39,36-39 h,0.0,0.44222804670987065,0.0,0.0,NO ALERT,NO ALERT,20260706,00
Manipur,Chandel,36,39,36-39 h,0.0,0.4353368800524707,0.0,0.0,NO ALERT,NO ALERT,20260706,00
Manipur,Churachandpur,36,39,36-39 h,0.0,0.350797188232678,0.0,0.0,NO ALERT,NO ALERT,20260706,00
Manipur,East Imphal,36,39,36-39 h,0.0,0.34679034457550556,0.0,0.0,NO ALERT,NO ALERT,20260706,00
Manipur,Senapati,36,39,36-39 h,0.0,0.40549794487557334,0.0,0.0,NO ALERT,NO ALERT,20260706,00
Manipur,Tamenglong,36,39,36-39 h,0.2395833283662796,0.47901291702576343,0.11476350899147293,0.0,NO ALERT,NO ALERT,20260706,00
Manipur,Thoubal,36,39,36-39 h,0.0,0.5006320786802736,0.0,0.0,NO ALERT,NO ALERT,20260706,00
Manipur,Ukhrul,36,39,36-39 h,0.0,0.5601360196084298,0.0,0.0,NO ALERT,NO ALERT,20260706,00
Manipur,West Imphal,36,39,36-39 h,0.0,1.0,0.0,0.0,NO ALERT,NO ALERT,20260706,00
Meghalaya,East Garo Hills,36,39,36-39 h,0.0,0.5096870049480084,0.0,0.0,NO ALERT,NO ALERT,20260706,00
Meghalaya,East Khasi Hills,36,39,36-39 h,0.0,0.5445849739225571,0.0,0.0,NO ALERT,NO ALERT,20260706,00
Meghalaya,Jaintia Hills,36,39,36-39 h,0.0,0.3344285796853742,0.0,0.0,NO ALERT,NO ALERT,20260706,00
Meghalaya,Ri-Bhoi,36,39,36-39 h,0.0,0.3754843171484303,0.0,0.0,NO ALERT,NO ALERT,20260706,00
Meghalaya,South Garo Hills,36,39,36-39 h,0.0,1.1985655828274717,0.0,0.0,NO ALERT,NO ALERT,20260706,00
Meghalaya,West Garo Hills,36,39,36-39 h,0.16249999403953552,1.4164832395577518,0.23017851798523664,0.0,NO ALERT,NO ALERT,20260706,00
Meghalaya,West Khasi Hills,36,39,36-39 h,0.0,0.7688290212309257,0.0,0.0,NO ALERT,NO ALERT,20260706,00
Mizoram,Aizawl,36,39,36-39 h,0.0,0.35958444336345213,0.0,0.0,NO ALERT,NO ALERT,20260706,00
Mizoram,Champhai,36,39,36-39 h,0.0,0.393379226133291,0.0,0.0,NO ALERT,NO ALERT,20260706,00
Mizoram,Kolasib,36,39,36-39 h,0.0,0.8142673026091504,0.0,0.0,NO ALERT,NO ALERT,20260706,00
Mizoram,Lawngtlai,36,39,36-39 h,0.0,0.3,0.0,0.0,NO ALERT,NO ALERT,20260706,00
Mizoram,Lunglei,36,39,36-39 h,0.0,0.34255624595576245,0.0,0.0,NO ALERT,NO ALERT,20260706,00
Mizoram,Mamit,36,39,36-39 h,0.0,0.6080090530356378,0.0,0.0,NO ALERT,NO ALERT,20260706,00
Mizoram,Saiha,36,39,36-39 h,0.0,0.3,0.0,0.0,NO ALERT,NO ALERT,20260706,00
Mizoram,Serchhip,36,39,36-39 h,0.0,0.3,0.0,0.0,NO ALERT,NO ALERT,20260706,00
Nagaland,Dimapur,36,39,36-39 h,0.0,0.6956002689591826,0.0,0.0,NO ALERT,NO ALERT,20260706,00
Nagaland,Kohima,36,39,36-39 h,0.07500000298023224,0.42200076411911747,0.03165005856659409,0.0,NO ALERT,NO ALERT,20260706,00
Nagaland,Mokokchung,36,39,36-39 h,0.0,0.6004559914526765,0.0,0.0,NO ALERT,NO ALERT,20260706,00
Nagaland,Mon,36,39,36-39 h,0.0,0.35697456601861516,0.0,0.0,NO ALERT,NO ALERT,20260706,00
Nagaland,Phek,36,39,36-39 h,0.0,0.4705958392700629,0.0,0.0,NO ALERT,NO ALERT,20260706,00
Nagaland,Tuensang,36,39,36-39 h,0.0,0.307336347541769,0.0,0.0,NO ALERT,NO ALERT,20260706,00
Nagaland,Wokha,36,39,36-39 h,0.0,0.9768878268305281,0.0,0.0,NO ALERT,NO ALERT,20260706,00
Nagaland,Zunheboto,36,39,36-39 h,0.0,0.3,0.0,0.0,NO ALERT,NO ALERT,20260706,00
Orissa,Angul,36,39,36-39 h,0.0,0.3,0.0,0.0,NO ALERT,NO ALERT,20260706,00
Orissa,Baleshwar,36,39,36-39 h,0.16249999403953552,0.3,0.04874999821186066,0.0,NO ALERT,NO ALERT,20260706,00
Orissa,Baragarh,36,39,36-39 h,0.3515625,0.3,0.10546875,0.0,NO ALERT,NO ALERT,20260706,00
Orissa,Bhadrak,36,39,36-39 h,0.28125,0.7178511116268625,0.2018956251450551,0.0,NO ALERT,NO ALERT,20260706,00
Orissa,Bolangir,36,39,36-39 h,0.0486111119389534,0.3,0.01458333358168602,0.0,NO ALERT,NO ALERT,20260706,00
Orissa,Boudh,36,39,36-39 h,0.03125,0.46951847237716815,0.014672452261786505,0.0,NO ALERT,NO ALERT,20260706,00
Orissa,Cuttack,36,39,36-39 h,0.0,3.0,0.0,0.0,NO ALERT,NO ALERT,20260706,00
Orissa,Deogarh,36,39,36-39 h,0.0,0.5670237411043358,0.0,0.0,NO ALERT,NO ALERT,20260706,00
Orissa,Dhenkanal,36,39,36-39 h,0.0,0.5066672121395331,0.0,0.0,NO ALERT,NO ALERT,20260706,00
Orissa,Gajapati,36,39,36-39 h,0.3125,3.0,0.9375,0.0,NO ALERT,NO ALERT,20260706,00
Orissa,Ganjam,36,39,36-39 h,0.2760416567325592,3.0,0.8281249701976776,0.0,NO ALERT,NO ALERT,20260706,00
Orissa,Jagatsinghpur,36,39,36-39 h,0.09375,1.2982877185824837,0.12171447361710785,0.0,NO ALERT,NO ALERT,20260706,00
Orissa,Jajpur,36,39,36-39 h,0.11249999701976776,1.0825360884765436,0.1217853067274022,0.0,NO ALERT,NO ALERT,20260706,00
Orissa,Jharsuguda,36,39,36-39 h,0.21875,0.3,0.065625,0.0,NO ALERT,NO ALERT,20260706,00
Orissa,Kalahandi,36,39,36-39 h,0.0,0.796623750187142,0.0,0.0,NO ALERT,NO ALERT,20260706,00
Orissa,Kandhamal,36,39,36-39 h,0.0,1.1397211880580418,0.0,0.0,NO ALERT,NO ALERT,20260706,00
Orissa,Kendrapara,36,39,36-39 h,0.0,1.2406367579898423,0.0,0.0,NO ALERT,NO ALERT,20260706,00
Orissa,Keonjhar,36,39,36-39 h,0.1666666716337204,0.3,0.05000000149011612,0.0,NO ALERT,NO ALERT,20260706,00
Orissa,Khordha,36,39,36-39 h,0.1041666641831398,3.0,0.3124999925494194,0.0,NO ALERT,NO ALERT,20260706,00
Orissa,Koraput,36,39,36-39 h,0.0,3.0,0.0,0.0,NO ALERT,NO ALERT,20260706,00
Orissa,Malkangiri,36,39,36-39 h,0.0,3.0,0.0,0.0,NO ALERT,NO ALERT,20260706,00
Orissa,Mayurbhanj,36,39,36-39 h,0.06617647409439087,0.6410187849222774,0.042420363014427004,0.0,NO ALERT,NO ALERT,20260706,00
Orissa,Nabarangpur,36,39,36-39 h,0.0,0.9520565250907196,0.0,0.0,NO ALERT,NO ALERT,20260706,00
Orissa,Nayagarh,36,39,36-39 h,0.25,2.7627565849527578,0.6906891462381894,0.0,NO ALERT,NO ALERT,20260706,00
Orissa,Nuapada,36,39,36-39 h,0.0,0.3,0.0,0.0,NO ALERT,NO ALERT,20260706,00
Orissa,Puri,36,39,36-39 h,0.21250000596046448,1.1682139811417622,0.2482454779557224,0.0,NO ALERT,NO ALERT,20260706,00
Orissa,Rayagada,36,39,36-39 h,0.02500000037252903,3.0,0.07500000111758709,0.0,NO ALERT,NO ALERT,20260706,00
Orissa,Sambalpur,36,39,36-39 h,0.0,0.3,0.0,0.0,NO ALERT,NO ALERT,20260706,00
Orissa,Sonepur,36,39,36-39 h,0.609375,0.3,0.1828125,0.0,NO ALERT,NO ALERT,20260706,00
Orissa,Sundargarh,36,39,36-39 h,0.0,0.4166264730089146,0.0,0.0,NO ALERT,NO ALERT,20260706,00
Puducherry,Karaikal,36,39,36-39 h,0.0,1.0,0.0,0.0,NO ALERT,NO ALERT,20260706,00
Puducherry,Mahe,36,39,36-39 h,0.0,1.0,0.0,0.0,NO ALERT,NO ALERT,20260706,00
Puducherry,Puducherry,36,39,36-39 h,0.0,1.0,0.0,0.0,NO ALERT,NO ALERT,20260706,00
Puducherry,Yanam,36,39,36-39 h,0.0,1.0,0.0,0.0,NO ALERT,NO ALERT,20260706,00
Punjab,Amritsar,36,39,36-39 h,2.7232143878936768,3.0,8.16964316368103,0.0,NO ALERT,NO ALERT,20260706,00
Punjab,Bathinda,36,39,36-39 h,0.2053571492433548,1.0063742042286778,0.206666137652451,0.0,NO ALERT,NO ALERT,20260706,00
Punjab,Faridkot,36,39,36-39 h,0.0,1.8166795132507056,0.0,0.0,NO ALERT,NO ALERT,20260706,00
Punjab,Fatehgarh Sahib,36,39,36-39 h,0.0,0.7625669248111632,0.0,0.0,NO ALERT,NO ALERT,20260706,00
Punjab,Firozpur,36,39,36-39 h,0.34375,3.0,1.03125,0.0,NO ALERT,NO ALERT,20260706,00
Punjab,Gurdaspur,36,39,36-39 h,3.3125,1.0172791491901219,3.3697371816922788,0.0,NO ALERT,NO ALERT,20260706,00
Punjab,Hoshiarpur,36,39,36-39 h,0.38749998807907104,1.1158502745357433,0.4323919680806287,0.0,NO ALERT,NO ALERT,20260706,00
Punjab,Jalandhar,36,39,36-39 h,0.53125,0.6683787736223664,0.35507622348688217,0.0,NO ALERT,NO ALERT,20260706,00
Punjab,Kapurthala,36,39,36-39 h,0.8125,0.8043488797650564,0.6535334648091083,0.0,NO ALERT,NO ALERT,20260706,00
Punjab,Ludhiana,36,39,36-39 h,0.15000000596046448,0.6367384031963071,0.0955107642747027,0.0,NO ALERT,NO ALERT,20260706,00
Punjab,Mansa,36,39,36-39 h,1.46875,0.8554010609701591,1.2563703082999211,0.0,NO ALERT,NO ALERT,20260706,00
Punjab,Moga,36,39,36-39 h,0.1875,1.9260465396022144,0.36113372617541517,0.0,NO ALERT,NO ALERT,20260706,00
Punjab,Muktsar,36,39,36-39 h,0.0,1.6273890495298178,0.0,0.0,NO ALERT,NO ALERT,20260706,00
Punjab,Nawan Shehar,36,39,36-39 h,0.0,0.7376809676905092,0.0,0.0,NO ALERT,NO ALERT,20260706,00
Punjab,Patiala,36,39,36-39 h,0.5520833134651184,0.9906891001535867,0.5469429210265687,0.0,NO ALERT,NO ALERT,20260706,00
Punjab,Rupnagar,36,39,36-39 h,0.0,0.596268251978758,0.0,0.0,NO ALERT,NO ALERT,20260706,00
Punjab,Sangrur,36,39,36-39 h,0.4375,0.6431007768751102,0.2813565898828607,0.0,NO ALERT,NO ALERT,20260706,00
Rajasthan,Ajmer,36,39,36-39 h,6.008333206176758,0.5105660303364602,3.0676508340164035,0.0,NO ALERT,NO ALERT,20260706,00
Rajasthan,Alwar,36,39,36-39 h,0.0,1.763920291704763,0.0,0.0,NO ALERT,NO ALERT,20260706,00
Rajasthan,Banswara,36,39,36-39 h,2.517857074737549,0.3,0.7553571224212646,0.0,NO ALERT,NO ALERT,20260706,00
Rajasthan,Baran,36,39,36-39 h,0.0,1.9242101184358293,0.0,0.0,NO ALERT,NO ALERT,20260706,00
Rajasthan,Barmer,36,39,36-39 h,0.01406249962747097,0.9889290802263309,0.013906814822277987,0.0,NO ALERT,NO ALERT,20260706,00
Rajasthan,Bharatpur,36,39,36-39 h,0.0833333358168602,1.333984920453584,0.11116541335078606,0.0,NO ALERT,NO ALERT,20260706,00
Rajasthan,Bhilwara,36,39,36-39 h,2.9151785373687744,0.3633962326272162,1.059364897915531,0.0,NO ALERT,NO ALERT,20260706,00
Rajasthan,Bikaner,36,39,36-39 h,1.5785256624221802,3.0,4.7355769872665405,0.0,NO ALERT,NO ALERT,20260706,00
Rajasthan,Bundi,36,39,36-39 h,6.4285712242126465,3.0,19.28571367263794,0.0,MODERATE,NO ALERT,20260706,00
Rajasthan,Chittaurgarh,36,39,36-39 h,7.0,0.3,2.1,0.0,NO ALERT,NO ALERT,20260706,00
Rajasthan,Churu,36,39,36-39 h,1.4615384340286255,1.401563284200734,2.048438607582758,0.0,NO ALERT,NO ALERT,20260706,00
Rajasthan,Dausa,36,39,36-39 h,0.0,2.1134477396397804,0.0,0.0,NO ALERT,NO ALERT,20260706,00
Rajasthan,Dhaulpur,36,39,36-39 h,0.0,3.0,0.0,0.0,NO ALERT,NO ALERT,20260706,00
Rajasthan,Dungarpur,36,39,36-39 h,2.424999952316284,0.3,0.7274999856948853,0.0,NO ALERT,NO ALERT,20260706,00
Rajasthan,Ganganagar,36,39,36-39 h,0.2578125,1.0,0.2578125,0.0,NO ALERT,NO ALERT,20260706,00
Rajasthan,Hanumangarh,36,39,36-39 h,1.5758928060531616,1.571559761267069,2.4766097220633982,0.0,NO ALERT,NO ALERT,20260706,00
Rajasthan,Jaipur,36,39,36-39 h,0.08749999850988388,2.075984689161689,0.18164865720818954,0.0,NO ALERT,NO ALERT,20260706,00
Rajasthan,Jaisalmer,36,39,36-39 h,0.003409090917557478,1.0,0.003409090917557478,0.0,NO ALERT,NO ALERT,20260706,00
Rajasthan,Jalor,36,39,36-39 h,0.06640625,0.3,0.019921875,0.0,NO ALERT,NO ALERT,20260706,00
Rajasthan,Jhalawar,36,39,36-39 h,2.3333332538604736,0.5632776631707748,1.3143145026331877,0.0,NO ALERT,NO ALERT,20260706,00
Rajasthan,Jhunjhunun,36,39,36-39 h,0.0,1.2604511264027094,0.0,0.0,NO ALERT,NO ALERT,20260706,00
Rajasthan,Jodhpur,36,39,36-39 h,1.7408088445663452,0.8001683993228174,1.3929402266836557,0.0,NO ALERT,NO ALERT,20260706,00
Rajasthan,Tonk,36,39,36-39 h,0.5138888955116272,3.0,1.5416666865348816,0.0,NO ALERT,NO ALERT,20260706,00
Rajasthan,Udaipur,36,39,36-39 h,7.71875,0.3,2.315625,0.0,NO ALERT,NO ALERT,20260706,00
Sikkim,East,36,39,36-39 h,0.0,2.23108818195037,0.0,0.0,NO ALERT,NO ALERT,20260706,00
Sikkim,North Sikkim,36,39,36-39 h,0.0,2.347754056512395,0.0,0.0,NO ALERT,NO ALERT,20260706,00
Sikkim,South Sikkim,36,39,36-39 h,0.0,1.0,0.0,0.0,NO ALERT,NO ALERT,20260706,00
Sikkim,West Sikkim,36,39,36-39 h,0.0,3.0,0.0,0.0,NO ALERT,NO ALERT,20260706,00
Tamil Nadu,Ariyalur,36,39,36-39 h,0.0,1.0,0.0,0.0,NO ALERT,NO ALERT,20260706,00
Tamil Nadu,Chennai,36,39,36-39 h,0.0,1.0,0.0,0.0,NO ALERT,NO ALERT,20260706,00
Tamil Nadu,Coimbatore,36,39,36-39 h,0.0,3.0,0.0,0.0,NO ALERT,NO ALERT,20260706,00
Tamil Nadu,Cuddalore,36,39,36-39 h,0.008928571827709675,1.0,0.008928571827709675,0.0,NO ALERT,NO ALERT,20260706,00
Tamil Nadu,Dharmapuri,36,39,36-39 h,0.0,1.0,0.0,0.0,NO ALERT,NO ALERT,20260706,00
Tamil Nadu,Dindigul,36,39,36-39 h,0.0,1.0,0.0,0.0,NO ALERT,NO ALERT,20260706,00
Tamil Nadu,Erode,36,39,36-39 h,0.0,1.0,0.0,0.0,NO ALERT,NO ALERT,20260706,00
Tamil Nadu,Kancheepuram,36,39,36-39 h,0.0,1.0,0.0,0.0,NO ALERT,NO ALERT,20260706,00
Tamil Nadu,Kanniyakumari,36,39,36-39 h,0.0,2.3327618361136246,0.0,0.0,NO ALERT,NO ALERT,20260706,00
Tamil Nadu,Karur,36,39,36-39 h,0.0,1.0,0.0,0.0,NO ALERT,NO ALERT,20260706,00
Tamil Nadu,Sivaganga,36,39,36-39 h,0.0,1.0,0.0,0.0,NO ALERT,NO ALERT,20260706,00
Tamil Nadu,Thanjavur,36,39,36-39 h,0.012500000186264515,1.0,0.012500000186264515,0.0,NO ALERT,NO ALERT,20260706,00
Tamil Nadu,Theni,36,39,36-39 h,0.0,3.0,0.0,0.0,NO ALERT,NO ALERT,20260706,00
Tamil Nadu,Thiruvallur,36,39,36-39 h,0.0,1.0,0.0,0.0,NO ALERT,NO ALERT,20260706,00
Tamil Nadu,Thiruvarur,36,39,36-39 h,0.02083333395421505,3.0,0.06250000186264515,0.0,NO ALERT,NO ALERT,20260706,00
Tamil Nadu,Thoothukudi,36,39,36-39 h,0.0,1.0,0.0,0.0,NO ALERT,NO ALERT,20260706,00
Tamil Nadu,Tiruchchirappalli,36,39,36-39 h,0.0,1.0,0.0,0.0,NO ALERT,NO ALERT,20260706,00
Tamil Nadu,Tirunelveli Kattabo,36,39,36-39 h,0.0,3.0,0.0,0.0,NO ALERT,NO ALERT,20260706,00
Tamil Nadu,Tiruvannamalai,36,39,36-39 h,0.0,1.0,0.0,0.0,NO ALERT,NO ALERT,20260706,00
Tamil Nadu,Vellore,36,39,36-39 h,0.0,1.0,0.0,0.0,NO ALERT,NO ALERT,20260706,00
Tamil Nadu,Villupuram,36,39,36-39 h,0.0,1.0,0.0,0.0,NO ALERT,NO ALERT,20260706,00
Tamil Nadu,Virudhunagar,36,39,36-39 h,0.0,1.0,0.0,0.0,NO ALERT,NO ALERT,20260706,00
Tripura,Dhalai,36,39,36-39 h,0.0,2.7728682543513306,0.0,0.0,NO ALERT,NO ALERT,20260706,00
Tripura,North Tripura,36,39,36-39 h,0.0,1.8373519402302907,0.0,0.0,NO ALERT,NO ALERT,20260706,00
Tripura,South Tripura,36,39,36-39 h,0.0,0.6883313005588784,0.0,0.0,NO ALERT,NO ALERT,20260706,00
Tripura,West Tripura,36,39,36-39 h,0.0,1.2952968876484479,0.0,0.0,NO ALERT,NO ALERT,20260706,00
Uttar Pradesh,Agra,36,39,36-39 h,0.0,1.0983193107761748,0.0,0.0,NO ALERT,NO ALERT,20260706,00
Uttar Pradesh,Aligarh,36,39,36-39 h,0.8229166865348816,0.8798559857902731,0.7240481724544134,0.0,NO ALERT,NO ALERT,20260706,00
Uttar Pradesh,Allahabad,36,39,36-39 h,0.0,0.3288936598778827,0.0,0.0,NO ALERT,NO ALERT,20260706,00
Uttar Pradesh,Ambedkar Nagar,36,39,36-39 h,0.7708333134651184,3.0,2.3124999403953552,0.0,NO ALERT,NO ALERT,20260706,00
Uttar Pradesh,Auraiya,36,39,36-39 h,0.0,3.0,0.0,0.0,NO ALERT,NO ALERT,20260706,00
Uttar Pradesh,Azamgarh,36,39,36-39 h,1.0,3.0,3.0,0.0,NO ALERT,NO ALERT,20260706,00
Uttar Pradesh,Badaun,36,39,36-39 h,0.3839285671710968,2.287464070059984,0.8782228028734951,0.0,NO ALERT,NO ALERT,20260706,00
Uttar Pradesh,Baghpat,36,39,36-39 h,0.0,0.8822997668421744,0.0,0.0,NO ALERT,NO ALERT,20260706,00
Uttar Pradesh,Bahraich,36,39,36-39 h,0.0,3.0,0.0,0.0,NO ALERT,NO ALERT,20260706,00
Uttar Pradesh,Ballia,36,39,36-39 h,0.125,0.782997505218471,0.09787468815230888,0.0,NO ALERT,NO ALERT,20260706,00
Uttar Pradesh,Balrampur,36,39,36-39 h,0.0,2.137629415780145,0.0,0.0,NO ALERT,NO ALERT,20260706,00
Uttar Pradesh,Banda,36,39,36-39 h,0.0833333358168602,2.6135166709781106,0.2177930624055814,0.0,NO ALERT,NO ALERT,20260706,00
Uttar Pradesh,Bara Banki,36,39,36-39 h,0.010416666977107525,3.0,0.031250000931322575,0.0,NO ALERT,NO ALERT,20260706,00
Uttar Pradesh,Bareilly,36,39,36-39 h,0.11249999701976776,2.898412958300566,0.32607144917086994,0.0,NO ALERT,NO ALERT,20260706,00
Uttar Pradesh,Basti,36,39,36-39 h,0.02083333395421505,2.3821490387413156,0.04962810645281019,0.0,NO ALERT,NO ALERT,20260706,00
Uttar Pradesh,Bijnor,36,39,36-39 h,0.0,3.0,0.0,0.0,NO ALERT,NO ALERT,20260706,00
Uttar Pradesh,Bulandshahr,36,39,36-39 h,0.0,1.5919798836936727,0.0,0.0,NO ALERT,NO ALERT,20260706,00
Uttar Pradesh,Chandauli,36,39,36-39 h,0.0,0.38773924304590257,0.0,0.0,NO ALERT,NO ALERT,20260706,00
Uttar Pradesh,Chitrakoot,36,39,36-39 h,0.13750000298023224,0.562270950669591,0.07731225739276677,0.0,NO ALERT,NO ALERT,20260706,00
Uttar Pradesh,Deoria,36,39,36-39 h,0.15625,3.0,0.46875,0.0,NO ALERT,NO ALERT,20260706,00
Uttar Pradesh,Etah,36,39,36-39 h,0.4453125,2.067726013381379,0.9207842403338954,0.0,NO ALERT,NO ALERT,20260706,00
Uttar Pradesh,Etawah,36,39,36-39 h,0.0,3.0,0.0,0.0,NO ALERT,NO ALERT,20260706,00
Uttar Pradesh,Faizabad,36,39,36-39 h,0.0,3.0,0.0,0.0,NO ALERT,NO ALERT,20260706,00
Uttar Pradesh,Farrukhabad,36,39,36-39 h,0.0,3.0,0.0,0.0,NO ALERT,NO ALERT,20260706,00
Uttar Pradesh,Fatehpur,36,39,36-39 h,0.7142857313156128,1.2397823009215974,0.8855588074859363,0.0,NO ALERT,NO ALERT,20260706,00
Uttar Pradesh,Firozabad,36,39,36-39 h,0.421875,1.3721040668065834,0.5788564031840273,0.0,NO ALERT,NO ALERT,20260706,00
Uttar Pradesh,Gautam Buddha Nagar,36,39,36-39 h,0.0,0.5126294703835742,0.0,0.0,NO ALERT,NO ALERT,20260706,00
Uttar Pradesh,Ghaziabad,36,39,36-39 h,0.0,0.6195152102740974,0.0,0.0,NO ALERT,NO ALERT,20260706,00
Uttar Pradesh,Ghazipur,36,39,36-39 h,0.0,0.9133276607025872,0.0,0.0,NO ALERT,NO ALERT,20260706,00
Uttar Pradesh,Gonda,36,39,36-39 h,0.01785714365541935,3.0,0.05357143096625805,0.0,NO ALERT,NO ALERT,20260706,00
Uttar Pradesh,Gorakhpur,36,39,36-39 h,0.0,3.0,0.0,0.0,NO ALERT,NO ALERT,20260706,00
Uttar Pradesh,Hamirpur,36,39,36-39 h,0.5982142686843872,1.0,0.5982142686843872,0.0,NO ALERT,NO ALERT,20260706,00
Uttar Pradesh,Hardoi,36,39,36-39 h,0.0,3.0,0.0,0.0,NO ALERT,NO ALERT,20260706,00
Uttar Pradesh,Hathras,36,39,36-39 h,0.75,0.6899235208352951,0.5174426406264713,0.0,NO ALERT,NO ALERT,20260706,00
Uttar Pradesh,Jalaun,36,39,36-39 h,0.78125,1.0,0.78125,0.0,NO ALERT,NO ALERT,20260706,00
Uttar Pradesh,Jaunpur,36,39,36-39 h,0.0,1.4820370115645944,0.0,0.0,NO ALERT,NO ALERT,20260706,00
Uttar Pradesh,Jhansi,36,39,36-39 h,0.2708333432674408,1.0,0.2708333432674408,0.0,NO ALERT,NO ALERT,20260706,00
Uttar Pradesh,Jyotiba Phule Nagar,36,39,36-39 h,0.0,2.7207409304746526,0.0,0.0,NO ALERT,NO ALERT,20260706,00
Uttar Pradesh,Kannauj,36,39,36-39 h,0.0,1.0,0.0,0.0,NO ALERT,NO ALERT,20260706,00
Uttar Pradesh,Kanpur,36,39,36-39 h,0.0,3.0,0.0,0.0,NO ALERT,NO ALERT,20260706,00
Uttar Pradesh,Kanpur Dehat,36,39,36-39 h,0.0892857164144516,1.0,0.0892857164144516,0.0,NO ALERT,NO ALERT,20260706,00
Uttar Pradesh,Kaushambi,36,39,36-39 h,0.0,0.8478967173116988,0.0,0.0,NO ALERT,NO ALERT,20260706,00
Uttar Pradesh,Kushinagar,36,39,36-39 h,0.0833333358168602,3.0,0.2500000074505806,0.0,NO ALERT,NO ALERT,20260706,00
Uttar Pradesh,Lakhimpur Kheri,36,39,36-39 h,0.022727273404598236,3.0,0.06818182021379471,0.0,NO ALERT,NO ALERT,20260706,00
Uttar Pradesh,Lalitpur,36,39,36-39 h,2.7421875,2.6401848571460835,7.239881912955276,0.0,NO ALERT,NO ALERT,20260706,00
Uttar Pradesh,Lucknow,36,39,36-39 h,0.0,2.284626632442603,0.0,0.0,NO ALERT,NO ALERT,20260706,00
Uttar Pradesh,Maharajganj,36,39,36-39 h,0.03125,1.0,0.03125,0.0,NO ALERT,NO ALERT,20260706,00
Uttar Pradesh,Mahoba,36,39,36-39 h,0.0,1.0,0.0,0.0,NO ALERT,NO ALERT,20260706,00
Uttar Pradesh,Mainpuri,36,39,36-39 h,0.13750000298023224,2.6323788094303384,0.3619520941417717,0.0,NO ALERT,NO ALERT,20260706,00
Uttar Pradesh,Mathura,36,39,36-39 h,0.2874999940395355,0.7910712809124609,0.22743298854718025,0.0,NO ALERT,NO ALERT,20260706,00
Uttar Pradesh,Mau,36,39,36-39 h,0.36250001192092896,1.9114426031786989,0.6928979664384498,0.0,NO ALERT,NO ALERT,20260706,00
Uttar Pradesh,Meerut,36,39,36-39 h,0.0,0.9643158928227719,0.0,0.0,NO ALERT,NO ALERT,20260706,00
Uttar Pradesh,Mirzapur,36,39,36-39 h,0.0,0.35710016022873065,0.0,0.0,NO ALERT,NO ALERT,20260706,00
Uttar Pradesh,Moradabad,36,39,36-39 h,0.2916666567325592,1.91329315618519,0.5580438182138207,0.0,NO ALERT,NO ALERT,20260706,00
Uttar Pradesh,Muzaffarnagar,36,39,36-39 h,0.0,1.0943905970571934,0.0,0.0,NO ALERT,NO ALERT,20260706,00
Uttar Pradesh,Pilibhit,36,39,36-39 h,0.0,3.0,0.0,0.0,NO ALERT,NO ALERT,20260706,00
Uttar Pradesh,Pratapgarh,36,39,36-39 h,0.0,1.7597048613363788,0.0,0.0,NO ALERT,NO ALERT,20260706,00
Uttar Pradesh,Rae Bareli,36,39,36-39 h,0.1171875,1.1033504252204083,0.1292988779555166,0.0,NO ALERT,NO ALERT,20260706,00
Uttar Pradesh,Rampur,36,39,36-39 h,0.21875,3.0,0.65625,0.0,NO ALERT,NO ALERT,20260706,00
Uttar Pradesh,Saharanpur,36,39,36-39 h,0.0,1.2072077539321737,0.0,0.0,NO ALERT,NO ALERT,20260706,00
Uttar Pradesh,Sant Kabir Nagar,36,39,36-39 h,0.0,3.0,0.0,0.0,NO ALERT,NO ALERT,20260706,00
Uttar Pradesh,Sant Ravi Das Nagar,36,39,36-39 h,0.0,0.7357740655714142,0.0,0.0,NO ALERT,NO ALERT,20260706,00
Uttar Pradesh,Shahjahanpur,36,39,36-39 h,0.0390625,3.0,0.1171875,0.0,NO ALERT,NO ALERT,20260706,00
Uttar Pradesh,Shravasti,36,39,36-39 h,0.0,3.0,0.0,0.0,NO ALERT,NO ALERT,20260706,00
Uttar Pradesh,Siddharth Nagar,36,39,36-39 h,0.0,3.0,0.0,0.0,NO ALERT,NO ALERT,20260706,00
Uttar Pradesh,Sitapur,36,39,36-39 h,0.0,3.0,0.0,0.0,NO ALERT,NO ALERT,20260706,00
Uttar Pradesh,Sonbhadra,36,39,36-39 h,0.0,0.36184466178439245,0.0,0.0,NO ALERT,NO ALERT,20260706,00
Uttar Pradesh,Sultanpur,36,39,36-39 h,0.1875,3.0,0.5625,0.0,NO ALERT,NO ALERT,20260706,00
Uttar Pradesh,Unnao,36,39,36-39 h,0.0,2.072396332849315,0.0,0.0,NO ALERT,NO ALERT,20260706,00
Uttar Pradesh,Varanasi,36,39,36-39 h,0.0,0.7173701896151363,0.0,0.0,NO ALERT,NO ALERT,20260706,00
Uttaranchal,Almora,36,39,36-39 h,0.0,0.9821425065093953,0.0,0.0,NO ALERT,NO ALERT,20260706,00
Uttaranchal,Bageshwar,36,39,36-39 h,0.13750000298023224,1.1747002010493959,0.16152128114517134,0.0,NO ALERT,NO ALERT,20260706,00
Uttaranchal,Chamoli,36,39,36-39 h,0.0,0.9639619688833851,0.0,0.0,NO ALERT,NO ALERT,20260706,00
Uttaranchal,Champawat,36,39,36-39 h,0.0,1.3345860907380185,0.0,0.0,NO ALERT,NO ALERT,20260706,00
Uttaranchal,Dehra Dun,36,39,36-39 h,0.0,0.6132870486378237,0.0,0.0,NO ALERT,NO ALERT,20260706,00
Uttaranchal,Haridwar,36,39,36-39 h,0.0,3.0,0.0,0.0,NO ALERT,NO ALERT,20260706,00
Uttaranchal,Naini Tal,36,39,36-39 h,0.0,3.0,0.0,0.0,NO ALERT,NO ALERT,20260706,00
Uttaranchal,Pauri Garhwal,36,39,36-39 h,0.0,0.6525376956382899,0.0,0.0,NO ALERT,NO ALERT,20260706,00
Uttaranchal,Pithoragarh,36,39,36-39 h,0.022727273404598236,1.4492140668178521,0.03293668431835902,0.0,NO ALERT,NO ALERT,20260706,00
Uttaranchal,Rudra Prayag,36,39,36-39 h,0.0,0.4569764664782921,0.0,0.0,NO ALERT,NO ALERT,20260706,00
Uttaranchal,Tehri Garhwal,36,39,36-39 h,0.0,0.43032490849803356,0.0,0.0,NO ALERT,NO ALERT,20260706,00
Uttaranchal,Udham Singh Nagar,36,39,36-39 h,0.0,3.0,0.0,0.0,NO ALERT,NO ALERT,20260706,00
Uttaranchal,Uttarkashi,36,39,36-39 h,0.0,0.5922627381468989,0.0,0.0,NO ALERT,NO ALERT,20260706,00
West Bengal,Bankura,36,39,36-39 h,0.1931818127632141,0.8139789747747026,0.15724593389811958,0.0,NO ALERT,NO ALERT,20260706,00
West Bengal,Barddhaman,36,39,36-39 h,1.232954502105713,0.574892656930282,0.7088164895897063,0.0,NO ALERT,NO ALERT,20260706,00
West Bengal,Birbhum,36,39,36-39 h,0.1484375,0.5294498373329074,0.07859021022910344,0.0,NO ALERT,NO ALERT,20260706,00
West Bengal,Dakshin Dinajpur,36,39,36-39 h,0.0,3.0,0.0,0.0,NO ALERT,NO ALERT,20260706,00
West Bengal,Darjiling,36,39,36-39 h,2.0,0.7026692764985678,1.4053385529971356,0.0,NO ALERT,NO ALERT,20260706,00
West Bengal,East Midnapore,36,39,36-39 h,0.0,0.8881573288438509,0.0,0.0,NO ALERT,NO ALERT,20260706,00
West Bengal,Haora,36,39,36-39 h,0.0,1.2481811405444279,0.0,0.0,NO ALERT,NO ALERT,20260706,00
West Bengal,Hugli,36,39,36-39 h,0.078125,0.8639513302480973,0.0674961976756326,0.0,NO ALERT,NO ALERT,20260706,00
West Bengal,Jalpaiguri,36,39,36-39 h,1.3263888359069824,0.4477323529410921,0.5938671944154293,0.0,NO ALERT,NO ALERT,20260706,00
West Bengal,Kochbihar,36,39,36-39 h,0.0,0.4180542781060552,0.0,0.0,NO ALERT,NO ALERT,20260706,00
West Bengal,Kolkata,36,39,36-39 h,0.0,1.0,0.0,0.0,NO ALERT,NO ALERT,20260706,00
West Bengal,Maldah,36,39,36-39 h,0.550000011920929,1.8447625989600538,1.0146194514193134,0.0,NO ALERT,NO ALERT,20260706,00
West Bengal,Murshidabad,36,39,36-39 h,0.0,0.5481165988025845,0.0,0.0,NO ALERT,NO ALERT,20260706,00
West Bengal,Nadia,36,39,36-39 h,0.8229166865348816,0.5519673667157511,0.4542231564931098,0.0,NO ALERT,NO ALERT,20260706,00
West Bengal,North 24 Parganas,36,39,36-39 h,1.0703125,0.5171853011924324,0.5535498926825253,0.0,NO ALERT,NO ALERT,20260706,00
West Bengal,Puruliya,36,39,36-39 h,0.0,0.5083553982476996,0.0,0.0,NO ALERT,NO ALERT,20260706,00
West Bengal,South 24 Parganas,36,39,36-39 h,1.0234375,0.39550141013305273,0.40477097443304616,0.0,NO ALERT,NO ALERT,20260706,00
West Bengal,Uttar Dinajpur,36,39,36-39 h,0.0,0.7118445881113709,0.0,0.0,NO ALERT,NO ALERT,20260706,00
West Bengal,West Midnapore,36,39,36-39 h,0.03125,1.4849613290035115,0.046405041531359735,0.0,NO ALERT,NO ALERT,20260706,00
Arunachal Pradesh,Papum Pare,39,42,39-42 h,0.22499999403953552,0.9533183125255726,0.2144966146360339,0.0,NO ALERT,NO ALERT,20260706,00
Arunachal Pradesh,Tawang,39,42,39-42 h,0.1875,1.1388765971638852,0.21353936196822848,0.0,NO ALERT,NO ALERT,20260706,00
Arunachal Pradesh,Tirap,39,42,39-42 h,0.4375,0.3651383081547162,0.15974800981768833,0.0,NO ALERT,NO ALERT,20260706,00
Arunachal Pradesh,Upper Dibang Valley,39,42,39-42 h,0.6818181872367859,1.028310112978305,0.7011205371481224,0.0,NO ALERT,NO ALERT,20260706,00
Arunachal Pradesh,Upper Siang,39,42,39-42 h,3.069444417953491,1.2039424484099477,3.695434427809173,0.0,NO ALERT,NO ALERT,20260706,00
Arunachal Pradesh,Upper Subansiri,39,42,39-42 h,3.7734375,0.5158400571515395,1.9464902156577621,0.0,NO ALERT,NO ALERT,20260706,00
Arunachal Pradesh,West Kameng,39,42,39-42 h,1.920454502105713,0.6603703450016216,1.268211202115467,0.0,NO ALERT,NO ALERT,20260706,00
Arunachal Pradesh,West Siang,39,42,39-42 h,1.7613636255264282,0.797134356200177,1.404043459668419,0.0,NO ALERT,NO ALERT,20260706,00
Assam,Barpeta,39,42,39-42 h,0.7708333134651184,0.6024484372218926,0.4643873250556338,0.0,NO ALERT,NO ALERT,20260706,00
Assam,Bongaigaon,39,42,39-42 h,0.796875,0.46296589037388325,0.3689259438916882,0.0,NO ALERT,NO ALERT,20260706,00
Assam,Cachar,39,42,39-42 h,0.1458333283662796,0.5608794743553766,0.08179492055757392,0.0,NO ALERT,NO ALERT,20260706,00
Assam,Darrang,39,42,39-42 h,1.162500023841858,0.3,0.3487500071525574,0.0,NO ALERT,NO ALERT,20260706,00
Assam,Dhemaji,39,42,39-42 h,4.71875,0.3,1.415625,0.0,NO ALERT,NO ALERT,20260706,00
Assam,Dhuburi,39,42,39-42 h,3.03125,0.32508121737137274,0.9854024401569736,0.0,NO ALERT,NO ALERT,20260706,00
Assam,Dibrugarh,39,42,39-42 h,1.3125,0.3174379415214978,0.4166372982469658,0.0,NO ALERT,NO ALERT,20260706,00
Assam,Goalpara,39,42,39-42 h,1.0833333730697632,0.35666832552213257,0.3863907001550362,0.0,NO ALERT,NO ALERT,20260706,00
Assam,Golaghat,39,42,39-42 h,0.2750000059604645,1.2381989938745952,0.3405047306957548,0.0,NO ALERT,NO ALERT,20260706,00
Assam,Hailakandi,39,42,39-42 h,0.0625,0.8229121215241156,0.05143200759525723,0.0,NO ALERT,NO ALERT,20260706,00
Assam,Jorhat,39,42,39-42 h,0.3125,0.6894283364621259,0.21544635514441435,0.0,NO ALERT,NO ALERT,20260706,00
Assam,Kamrup,39,42,39-42 h,1.5,0.3664044900075036,0.5496067350112553,0.0,NO ALERT,NO ALERT,20260706,00
Assam,Karbi Anglong,39,42,39-42 h,0.2048611044883728,0.4270362077260787,0.08748310917129068,0.0,NO ALERT,NO ALERT,20260706,00
Assam,Karimganj,39,42,39-42 h,0.0625,0.6822626455335654,0.04264141534584784,0.0,NO ALERT,NO ALERT,20260706,00
Assam,Kokrajhar,39,42,39-42 h,1.53125,0.37030806257959376,0.567034220825003,0.0,NO ALERT,NO ALERT,20260706,00
Assam,Lakhimpur,39,42,39-42 h,0.96875,0.8540887789555129,0.8273985046131531,0.0,NO ALERT,NO ALERT,20260706,00
Assam,Marigaon,39,42,39-42 h,2.4375,0.3,0.73125,0.0,NO ALERT,NO ALERT,20260706,00
Assam,Nagaon,39,42,39-42 h,1.1666666269302368,0.38673451003625536,0.4511902463415159,0.0,NO ALERT,NO ALERT,20260706,00
Assam,Nalbari,39,42,39-42 h,2.125,0.5554100332386462,1.1802463206321232,0.0,NO ALERT,NO ALERT,20260706,00
Assam,North Cachar Hills,39,42,39-42 h,0.0535714291036129,1.1126078231817818,0.0596039911197079,0.0,NO ALERT,NO ALERT,20260706,00
Assam,Sibsagar,39,42,39-42 h,0.9583333134651184,0.6339424569321858,0.6075281752980397,0.0,NO ALERT,NO ALERT,20260706,00
Assam,Sonitpur,39,42,39-42 h,0.875,0.3,0.2625,0.0,NO ALERT,NO ALERT,20260706,00
Assam,Tinsukia,39,42,39-42 h,2.737499952316284,0.3,0.8212499856948853,0.0,NO ALERT,NO ALERT,20260706,00
Bihar,Araria,39,42,39-42 h,0.578125,0.5229429825116881,0.3023264117645697,0.0,NO ALERT,NO ALERT,20260706,00
Bihar,Aurangabad,39,42,39-42 h,0.02083333395421505,0.35000296398043534,0.007291728633569511,0.0,NO ALERT,NO ALERT,20260706,00
Bihar,Banka,39,42,39-42 h,0.046875,0.7184756982670082,0.033678548356266005,0.0,NO ALERT,NO ALERT,20260706,00
Bihar,Begusarai,39,42,39-42 h,0.0,2.5062878804279856,0.0,0.0,NO ALERT,NO ALERT,20260706,00
Bihar,Bhabua,39,42,39-42 h,0.0,0.3407437709399486,0.0,0.0,NO ALERT,NO ALERT,20260706,00
Bihar,Bhagalpur,39,42,39-42 h,0.1458333283662796,1.0689963787452375,0.155895299923918,0.0,NO ALERT,NO ALERT,20260706,00
Bihar,Bhojpur,39,42,39-42 h,1.53125,0.4776323743598687,0.7313745732385489,0.0,NO ALERT,NO ALERT,20260706,00
Bihar,Buxar,39,42,39-42 h,1.40625,0.8075695227139618,1.1356446413165087,0.0,NO ALERT,NO ALERT,20260706,00
Bihar,Darbhanga,39,42,39-42 h,0.015625,3.0,0.046875,0.0,NO ALERT,NO ALERT,20260706,00
Bihar,Gaya,39,42,39-42 h,0.0,0.363978205648116,0.0,0.0,NO ALERT,NO ALERT,20260706,00
Bihar,Gopalganj,39,42,39-42 h,0.921875,2.547002946333611,2.3480183411512976,0.0,NO ALERT,NO ALERT,20260706,00
Bihar,Jamui,39,42,39-42 h,0.02083333395421505,0.6349210991185491,0.013227523292514008,0.0,NO ALERT,NO ALERT,20260706,00
Bihar,Jehanabad,39,42,39-42 h,0.53125,0.5056413165810456,0.26862194943368045,0.0,NO ALERT,NO ALERT,20260706,00
Bihar,Katihar,39,42,39-42 h,1.100000023841858,1.607854247376458,1.7686397104483365,0.0,NO ALERT,NO ALERT,20260706,00
Bihar,Khagaria,39,42,39-42 h,0.03125,1.903639559935811,0.05948873624799409,0.0,NO ALERT,NO ALERT,20260706,00
Bihar,Kishanganj,39,42,39-42 h,3.65625,0.5333674240043547,1.9501246440159217,0.0,NO ALERT,NO ALERT,20260706,00
Bihar,Lakhisarai,39,42,39-42 h,0.0,1.0458318462971934,0.0,0.0,NO ALERT,NO ALERT,20260706,00
Bihar,Madhepura,39,42,39-42 h,0.140625,1.1618894539535725,0.16339070446222112,0.0,NO ALERT,NO ALERT,20260706,00
Bihar,Madhubani,39,42,39-42 h,0.4625000059604645,1.4408870594945968,0.6664102736046071,0.0,NO ALERT,NO ALERT,20260706,00
Bihar,Munger,39,42,39-42 h,0.0,1.0672109647237193,0.0,0.0,NO ALERT,NO ALERT,20260706,00
Bihar,Muzaffarpur,39,42,39-42 h,0.453125,2.179447337729882,0.9875620749088527,0.0,NO ALERT,NO ALERT,20260706,00
Bihar,Nalanda,39,42,39-42 h,0.03125,1.0296407182961889,0.0321762724467559,0.0,NO ALERT,NO ALERT,20260706,00
Bihar,Nawada,39,42,39-42 h,0.03125,0.4708261828175211,0.014713318213047534,0.0,NO ALERT,NO ALERT,20260706,00
Bihar,Pashchim Champaran,39,42,39-42 h,0.3125,2.3983339096854386,0.7494793467766996,0.0,NO ALERT,NO ALERT,20260706,00
Bihar,Patna,39,42,39-42 h,0.625,0.8338239891381003,0.5211399932113127,0.0,NO ALERT,NO ALERT,20260706,00
Bihar,Purba Champaran,39,42,39-42 h,0.2750000059604645,3.0,0.8250000178813934,0.0,NO ALERT,NO ALERT,20260706,00
Bihar,Purnia,39,42,39-42 h,0.5208333134651184,0.5942910400177946,0.30952657153509927,0.0,NO ALERT,NO ALERT,20260706,00
Bihar,Rohtas,39,42,39-42 h,0.125,0.33297800858631404,0.041622251073289256,0.0,NO ALERT,NO ALERT,20260706,00
Bihar,Saharsa,39,42,39-42 h,0.0625,2.0970945990316596,0.13106841243947873,0.0,NO ALERT,NO ALERT,20260706,00
Bihar,Samastipur,39,42,39-42 h,0.0,2.7195437456214746,0.0,0.0,NO ALERT,NO ALERT,20260706,00
Bihar,Saran,39,42,39-42 h,0.3375000059604645,0.9861629519125841,0.33283000214848635,0.0,NO ALERT,NO ALERT,20260706,00
Bihar,Sheikhpura,39,42,39-42 h,0.03125,0.7062180227612795,0.022069313211289986,0.0,NO ALERT,NO ALERT,20260706,00
Bihar,Sheohar,39,42,39-42 h,0.0,1.0,0.0,0.0,NO ALERT,NO ALERT,20260706,00
Madhya Pradesh,Tikamgarh,39,42,39-42 h,3.4464285373687744,3.0,10.339285612106323,0.0,MODERATE,NO ALERT,20260706,00
Madhya Pradesh,Ujjain,39,42,39-42 h,3.044642925262451,0.3,0.9133928775787353,0.0,NO ALERT,NO ALERT,20260706,00
Madhya Pradesh,Umaria,39,42,39-42 h,0.0625,0.3,0.01875,0.0,NO ALERT,NO ALERT,20260706,00
Madhya Pradesh,Vidisha,39,42,39-42 h,20.85416603088379,0.41390940472058413,8.631735447787335,0.0,NO ALERT,NO ALERT,20260706,00
Madhya Pradesh,West Nimar,39,42,39-42 h,3.1812500953674316,0.44485233351497017,1.4151865284189233,0.0,NO ALERT,NO ALERT,20260706,00
Maharashtra,Ahmednagar,39,42,39-42 h,0.648809552192688,0.3,0.1946428656578064,0.0,NO ALERT,NO ALERT,20260706,00
Maharashtra,Akola,39,42,39-42 h,0.0,0.6882367881901188,0.0,0.0,NO ALERT,NO ALERT,20260706,00
Maharashtra,Amravati,39,42,39-42 h,0.08984375,0.9339314439149177,0.08390790316423088,0.0,NO ALERT,NO ALERT,20260706,00
Maharashtra,Aurangabad,39,42,39-42 h,0.01666666753590107,0.5067375479619736,0.008445626239839936,0.0,NO ALERT,NO ALERT,20260706,00
Maharashtra,Bhandara,39,42,39-42 h,0.0729166641831398,0.44561608275608444,0.03249283826093164,0.0,NO ALERT,NO ALERT,20260706,00
Maharashtra,Bid,39,42,39-42 h,0.09583333134651184,0.6836711063440929,0.06551847966630979,0.0,NO ALERT,NO ALERT,20260706,00
Maharashtra,Buldana,39,42,39-42 h,0.0,1.3375042100354553,0.0,0.0,NO ALERT,NO ALERT,20260706,00
Maharashtra,Chandrapur,39,42,39-42 h,0.1473214328289032,1.3798679824200135,0.2032841282848442,0.0,NO ALERT,NO ALERT,20260706,00
Maharashtra,Dhule,39,42,39-42 h,0.0486111119389534,0.3092955395113148,0.015035200093403507,0.0,NO ALERT,NO ALERT,20260706,00
Maharashtra,Garhchiroli,39,42,39-42 h,2.0093750953674316,0.7873463730204786,1.5820741933752256,0.0,NO ALERT,NO ALERT,20260706,00
Maharashtra,Gondiya,39,42,39-42 h,0.171875,0.604748128777892,0.10394108463370018,0.0,NO ALERT,NO ALERT,20260706,00
Maharashtra,Greater Bombay,39,42,39-42 h,9.0625,0.3,2.71875,0.0,NO ALERT,NO ALERT,20260706,00
Maharashtra,Hingoli,39,42,39-42 h,0.0,2.239290183539015,0.0,0.0,NO ALERT,NO ALERT,20260706,00
Maharashtra,Jalgaon,39,42,39-42 h,0.02083333395421505,0.5762232307671074,0.012004650998747871,0.0,NO ALERT,NO ALERT,20260706,00
Maharashtra,Jalna,39,42,39-42 h,0.0,3.0,0.0,0.0,NO ALERT,NO ALERT,20260706,00
Maharashtra,Kolhapur,39,42,39-42 h,0.9027777910232544,0.41287151840747965,0.3727312373643214,0.0,NO ALERT,NO ALERT,20260706,00
Maharashtra,Latur,39,42,39-42 h,0.0,1.50430828029553,0.0,0.0,NO ALERT,NO ALERT,20260706,00
Maharashtra,Nagpur,39,42,39-42 h,0.06666667014360428,0.5156920875720314,0.03437947429783131,0.0,NO ALERT,NO ALERT,20260706,00
Maharashtra,Nanded,39,42,39-42 h,0.12083332985639572,1.9327884430663378,0.2335452634836643,0.0,NO ALERT,NO ALERT,20260706,00
Maharashtra,Nandurbar,39,42,39-42 h,0.0714285746216774,0.3,0.021428572386503218,0.0,NO ALERT,NO ALERT,20260706,00
Maharashtra,Nashik,39,42,39-42 h,0.239130437374115,0.3,0.07173913121223449,0.0,NO ALERT,NO ALERT,20260706,00
Maharashtra,Osmanabad,39,42,39-42 h,0.15909090638160706,0.3793131751187402,0.060345276832125615,0.0,NO ALERT,NO ALERT,20260706,00
Maharashtra,Parbhani,39,42,39-42 h,0.01875000074505806,3.0,0.05625000223517418,0.0,NO ALERT,NO ALERT,20260706,00
Madhya Pradesh,Balaghat,39,42,39-42 h,0.29807692766189575,0.3,0.08942307829856873,0.0,NO ALERT,NO ALERT,20260706,00
Madhya Pradesh,Barwani,39,42,39-42 h,0.234375,0.336734408265465,0.07892212693721837,0.0,NO ALERT,NO ALERT,20260706,00
Madhya Pradesh,Betul,39,42,39-42 h,0.28125,0.3,0.08437499999999999,0.0,NO ALERT,NO ALERT,20260706,00
Madhya Pradesh,Bhind,39,42,39-42 h,0.0892857164144516,3.0,0.2678571492433548,0.0,NO ALERT,NO ALERT,20260706,00
Madhya Pradesh,Bhopal,39,42,39-42 h,2.200000047683716,0.364615889459979,0.8021549741981943,0.0,NO ALERT,NO ALERT,20260706,00
Madhya Pradesh,Burhanpur,39,42,39-42 h,0.15625,1.2142310318773522,0.18972359873083627,0.0,NO ALERT,NO ALERT,20260706,00
Madhya Pradesh,Chhatarpur,39,42,39-42 h,0.8365384340286255,2.317805072305432,1.9389330255699913,0.0,NO ALERT,NO ALERT,20260706,00
Madhya Pradesh,Chhindwara,39,42,39-42 h,0.3291666805744171,0.3,0.09875000417232513,0.0,NO ALERT,NO ALERT,20260706,00
Madhya Pradesh,Damoh,39,42,39-42 h,0.13750000298023224,0.36117172586835916,0.04966111338327501,0.0,NO ALERT,NO ALERT,20260706,00
Rajasthan,Karauli,39,42,39-42 h,0.5357142686843872,2.7439746691600675,1.4699863831775688,0.0,NO ALERT,NO ALERT,20260706,00
Rajasthan,Kota,39,42,39-42 h,0.11874999850988388,2.9527826759430753,0.3506429383682511,0.0,NO ALERT,NO ALERT,20260706,00
Rajasthan,Nagaur,39,42,39-42 h,3.71875,1.1882893373752281,4.4189509733641295,0.0,NO ALERT,NO ALERT,20260706,00
Rajasthan,Pali,39,42,39-42 h,3.8272058963775635,0.3,1.148161768913269,0.0,NO ALERT,NO ALERT,20260706,00
Rajasthan,Rajsamand,39,42,39-42 h,30.125,0.3,9.0375,0.0,NO ALERT,NO ALERT,20260706,00
Rajasthan,Sawai Madhopur,39,42,39-42 h,0.4285714328289032,3.0,1.2857142984867096,0.0,NO ALERT,NO ALERT,20260706,00
Rajasthan,Sikar,39,42,39-42 h,0.921875,1.51752888887864,1.3989719444349962,0.0,NO ALERT,NO ALERT,20260706,00
Rajasthan,Sirohi,39,42,39-42 h,2.0,0.3,0.6,0.0,NO ALERT,NO ALERT,20260706,00
Tamil Nadu,Madurai,39,42,39-42 h,0.0,1.0,0.0,0.0,NO ALERT,NO ALERT,20260706,00
Tamil Nadu,Nagapattinam,39,42,39-42 h,0.02083333395421505,3.0,0.06250000186264515,0.0,NO ALERT,NO ALERT,20260706,00
Tamil Nadu,Namakkal,39,42,39-42 h,0.0,1.0,0.0,0.0,NO ALERT,NO ALERT,20260706,00
Tamil Nadu,Nilgiris,39,42,39-42 h,0.359375,1.7038905536806261,0.6123356677289751,0.0,NO ALERT,NO ALERT,20260706,00
Tamil Nadu,Perambalur,39,42,39-42 h,0.0,1.0,0.0,0.0,NO ALERT,NO ALERT,20260706,00
Tamil Nadu,Pudukkottai,39,42,39-42 h,0.0,1.0,0.0,0.0,NO ALERT,NO ALERT,20260706,00
Tamil Nadu,Ramanathapuram,39,42,39-42 h,0.0,1.0,0.0,0.0,NO ALERT,NO ALERT,20260706,00
Tamil Nadu,Salem,39,42,39-42 h,0.0,1.0,0.0,0.0,NO ALERT,NO ALERT,20260706,00
Andaman and Nicobar,Andaman Islands,39,42,39-42 h,0.0625,1.0,0.0625,0.0,NO ALERT,NO ALERT,20260706,00
Andaman and Nicobar,Nicobar Islands,39,42,39-42 h,0.0,1.0,0.0,0.0,NO ALERT,NO ALERT,20260706,00
Andhra Pradesh,Adilabad,39,42,39-42 h,0.532608687877655,3.0,1.597826063632965,0.0,NO ALERT,NO ALERT,20260706,00
Andhra Pradesh,Anantapur,39,42,39-42 h,0.004629629664123058,1.0,0.004629629664123058,0.0,NO ALERT,NO ALERT,20260706,00
Andhra Pradesh,Chittoor,39,42,39-42 h,0.0,1.0,0.0,0.0,NO ALERT,NO ALERT,20260706,00
Andhra Pradesh,Cuddapah,39,42,39-42 h,0.0,1.0,0.0,0.0,NO ALERT,NO ALERT,20260706,00
Andhra Pradesh,East Godavari,39,42,39-42 h,0.1764705926179886,3.0,0.5294117778539658,0.0,NO ALERT,NO ALERT,20260706,00
Andhra Pradesh,Guntur,39,42,39-42 h,0.008333333767950535,3.0,0.025000001303851604,0.0,NO ALERT,NO ALERT,20260706,00
Andhra Pradesh,Hyderabad,39,42,39-42 h,0.0,1.0,0.0,0.0,NO ALERT,NO ALERT,20260706,00
Andhra Pradesh,Karimnagar,39,42,39-42 h,0.3645833432674408,2.1393520898236744,0.7799721373341015,0.0,NO ALERT,NO ALERT,20260706,00
Andhra Pradesh,Khammam,39,42,39-42 h,0.3059210479259491,3.0,0.9177631437778473,0.0,NO ALERT,NO ALERT,20260706,00
Andhra Pradesh,Krishna,39,42,39-42 h,0.03125,3.0,0.09375,0.0,NO ALERT,NO ALERT,20260706,00
Andhra Pradesh,Kurnool,39,42,39-42 h,0.0,3.0,0.0,0.0,NO ALERT,NO ALERT,20260706,00
Andhra Pradesh,Mahbubnagar,39,42,39-42 h,0.023148147389292717,3.0,0.06944444216787815,0.0,NO ALERT,NO ALERT,20260706,00
Andhra Pradesh,Medak,39,42,39-42 h,0.0,1.1350579038438837,0.0,0.0,NO ALERT,NO ALERT,20260706,00
Andhra Pradesh,Nalgonda,39,42,39-42 h,0.02083333395421505,3.0,0.06250000186264515,0.0,NO ALERT,NO ALERT,20260706,00
Andhra Pradesh,Nellore,39,42,39-42 h,0.0,1.0,0.0,0.0,NO ALERT,NO ALERT,20260706,00
Andhra Pradesh,Nizamabad,39,42,39-42 h,0.034090910106897354,3.0,0.10227273032069206,0.0,NO ALERT,NO ALERT,20260706,00
Andhra Pradesh,Prakasam,39,42,39-42 h,0.0026041667442768812,1.0,0.0026041667442768812,0.0,NO ALERT,NO ALERT,20260706,00
Andhra Pradesh,Rangareddi,39,42,39-42 h,0.0555555559694767,2.274697750563405,0.126372098195068,0.0,NO ALERT,NO ALERT,20260706,00
Andhra Pradesh,Srikakulam,39,42,39-42 h,0.28125,3.0,0.84375,0.0,NO ALERT,NO ALERT,20260706,00
Andhra Pradesh,Vishakhapatnam,39,42,39-42 h,0.19583334028720856,3.0,0.5875000208616257,0.0,NO ALERT,NO ALERT,20260706,00
Andhra Pradesh,Vizianagaram,39,42,39-42 h,0.0625,3.0,0.1875,0.0,NO ALERT,NO ALERT,20260706,00
Andhra Pradesh,Warangal,39,42,39-42 h,0.1527777761220932,3.0,0.4583333283662796,0.0,NO ALERT,NO ALERT,20260706,00
Andhra Pradesh,West Godavari,39,42,39-42 h,0.05000000074505806,3.0,0.15000000223517418,0.0,NO ALERT,NO ALERT,20260706,00
Arunachal Pradesh,Changlang,39,42,39-42 h,2.6953125,0.3,0.80859375,0.0,NO ALERT,NO ALERT,20260706,00
Arunachal Pradesh,East Kameng,39,42,39-42 h,0.75,0.4269880196000505,0.32024101470003785,0.0,NO ALERT,NO ALERT,20260706,00
Arunachal Pradesh,East Siang,39,42,39-42 h,10.678571701049805,0.45628493034155115,4.872471344760769,0.0,NO ALERT,NO ALERT,20260706,00
Arunachal Pradesh,Kurung Kumey,39,42,39-42 h,4.306250095367432,0.7126390600047544,3.0688020201080306,0.0,NO ALERT,NO ALERT,20260706,00
Arunachal Pradesh,Lohit,39,42,39-42 h,4.683333396911621,0.3,1.4050000190734864,0.0,NO ALERT,NO ALERT,20260706,00
Arunachal Pradesh,Lower Dibang Valley,39,42,39-42 h,6.2734375,0.3,1.8820312499999998,0.0,NO ALERT,NO ALERT,20260706,00
Arunachal Pradesh,Lower Subansiri,39,42,39-42 h,6.837500095367432,0.6416184837284099,4.387066443682509,0.0,NO ALERT,NO ALERT,20260706,00
Bihar,Sitamarhi,39,42,39-42 h,0.125,3.0,0.375,0.0,NO ALERT,NO ALERT,20260706,00
Bihar,Siwan,39,42,39-42 h,1.3958333730697632,1.4389760456555118,2.0085707875739227,0.0,NO ALERT,NO ALERT,20260706,00
Bihar,Supaul,39,42,39-42 h,1.2916666269302368,0.890582586739991,1.1503358058172493,0.0,NO ALERT,NO ALERT,20260706,00
Bihar,Vaishali,39,42,39-42 h,0.15625,1.2193520432551004,0.19052375675860944,0.0,NO ALERT,NO ALERT,20260706,00
Chandigarh,Chandigarh,39,42,39-42 h,1.625,1.1884359977669912,1.9312084963713607,0.0,NO ALERT,NO ALERT,20260706,00
Chhattisgarh,Bastar,39,42,39-42 h,0.5227272510528564,0.5807237067170128,0.30356010683340934,0.0,NO ALERT,NO ALERT,20260706,00
Chhattisgarh,Bilaspur,39,42,39-42 h,1.28125,0.3,0.38437499999999997,0.0,NO ALERT,NO ALERT,20260706,00
Chhattisgarh,Dantewada,39,42,39-42 h,1.02445650100708,1.7403026932816885,1.7828644078525564,0.0,NO ALERT,NO ALERT,20260706,00
Chhattisgarh,Dhamtari,39,42,39-42 h,0.1041666641831398,0.3,0.03124999925494194,0.0,NO ALERT,NO ALERT,20260706,00
Chhattisgarh,Durg,39,42,39-42 h,0.2760416567325592,0.3,0.08281249701976776,0.0,NO ALERT,NO ALERT,20260706,00
Chhattisgarh,Janjgir-Champa,39,42,39-42 h,1.9166666269302368,0.3,0.574999988079071,0.0,NO ALERT,NO ALERT,20260706,00
Chhattisgarh,Jashpur,39,42,39-42 h,0.17499999701976776,0.3,0.052499999105930326,0.0,NO ALERT,NO ALERT,20260706,00
Chhattisgarh,Kanker,39,42,39-42 h,0.5902777910232544,0.31181627116571115,0.18405821974880407,0.0,NO ALERT,NO ALERT,20260706,00
Chhattisgarh,Kawardha,39,42,39-42 h,0.4583333432674408,0.3,0.13750000298023224,0.0,NO ALERT,NO ALERT,20260706,00
Chhattisgarh,Korba,39,42,39-42 h,1.1944444179534912,0.3,0.35833332538604734,0.0,NO ALERT,NO ALERT,20260706,00
Chhattisgarh,Koriya,39,42,39-42 h,0.028409091755747795,0.3,0.008522727526724339,0.0,NO ALERT,NO ALERT,20260706,00
Chhattisgarh,Mahasamund,39,42,39-42 h,0.3839285671710968,0.3,0.11517857015132904,0.0,NO ALERT,NO ALERT,20260706,00
Chhattisgarh,Raigarh,39,42,39-42 h,0.7613636255264282,0.3,0.22840908765792844,0.0,NO ALERT,NO ALERT,20260706,00
Chhattisgarh,Raipur,39,42,39-42 h,0.6953125,0.3,0.20859375,0.0,NO ALERT,NO ALERT,20260706,00
Chhattisgarh,Raj Nandgaon,39,42,39-42 h,0.3636363744735718,0.47455991292457994,0.17256724620638816,0.0,NO ALERT,NO ALERT,20260706,00
Chhattisgarh,Surguja,39,42,39-42 h,0.013020833022892475,0.3,0.0039062499068677425,0.0,NO ALERT,NO ALERT,20260706,00
Dadra and Nagar Haveli,Dadra and Nagar Haveli,39,42,39-42 h,1.25,0.3,0.375,0.0,NO ALERT,NO ALERT,20260706,00
Daman and Diu,Daman,39,42,39-42 h,0.0,1.0,0.0,0.0,NO ALERT,NO ALERT,20260706,00
Daman and Diu,Junagadh,39,42,39-42 h,3.75,0.3,1.125,0.0,NO ALERT,NO ALERT,20260706,00
Delhi,Delhi,39,42,39-42 h,0.2083333283662796,0.7680284695981865,0.16000592735145017,0.0,NO ALERT,NO ALERT,20260706,00
Goa,North Goa,39,42,39-42 h,7.78125,0.3,2.334375,0.0,NO ALERT,NO ALERT,20260706,00
Goa,South Goa,39,42,39-42 h,7.041666507720947,0.3652758638408204,2.572150816486742,0.0,NO ALERT,NO ALERT,20260706,00
Gujarat,Ahmadabad,39,42,39-42 h,0.0062500000931322575,0.3,0.0018750000279396772,0.0,NO ALERT,NO ALERT,20260706,00
Gujarat,Amreli,39,42,39-42 h,0.0,0.3,0.0,0.0,NO ALERT,NO ALERT,20260706,00
Gujarat,Anand,39,42,39-42 h,0.0625,0.3,0.01875,0.0,NO ALERT,NO ALERT,20260706,00
Gujarat,Banas Kantha,39,42,39-42 h,0.2544642984867096,0.3,0.07633928954601288,0.0,NO ALERT,NO ALERT,20260706,00
Gujarat,Bharuch,39,42,39-42 h,0.3482142984867096,0.3,0.10446428954601288,0.0,NO ALERT,NO ALERT,20260706,00
Gujarat,Bhavnagar,39,42,39-42 h,0.017045455053448677,0.3,0.005113636516034603,0.0,NO ALERT,NO ALERT,20260706,00
Gujarat,Dahod,39,42,39-42 h,1.9583333730697632,0.3,0.5875000119209289,0.0,NO ALERT,NO ALERT,20260706,00
Gujarat,Gandhinagar,39,42,39-42 h,0.0,0.3,0.0,0.0,NO ALERT,NO ALERT,20260706,00
Gujarat,Jamnagar,39,42,39-42 h,0.0078125,1.0297514316198848,0.00804493305953035,0.0,NO ALERT,NO ALERT,20260706,00
Gujarat,Junagadh,39,42,39-42 h,1.1363636255264282,0.3,0.34090908765792843,0.0,NO ALERT,NO ALERT,20260706,00
Gujarat,Kachchh,39,42,39-42 h,0.0,1.0429478032131136,0.0,0.0,NO ALERT,NO ALERT,20260706,00
Gujarat,Kheda,39,42,39-42 h,1.7083333730697632,0.3,0.512500011920929,0.0,NO ALERT,NO ALERT,20260706,00
Gujarat,Mahesana,39,42,39-42 h,0.2589285671710968,0.3,0.07767857015132903,0.0,NO ALERT,NO ALERT,20260706,00
Gujarat,Narmada,39,42,39-42 h,0.15625,0.33628631261391084,0.05254473634592357,0.0,NO ALERT,NO ALERT,20260706,00
Gujarat,Navsari,39,42,39-42 h,0.59375,0.3,0.178125,0.0,NO ALERT,NO ALERT,20260706,00
Gujarat,Panch Mahals,39,42,39-42 h,2.0875000953674316,0.38515868720859836,0.8040187962795439,0.0,NO ALERT,NO ALERT,20260706,00
Gujarat,Patan,39,42,39-42 h,0.013888888992369175,0.3,0.004166666697710752,0.0,NO ALERT,NO ALERT,20260706,00
Gujarat,Porbandar,39,42,39-42 h,0.5104166865348816,3.0,1.5312500596046448,0.0,NO ALERT,NO ALERT,20260706,00
Gujarat,Rajkot,39,42,39-42 h,0.008333333767950535,0.3,0.00250000013038516,0.0,NO ALERT,NO ALERT,20260706,00
Gujarat,Sabar Kantha,39,42,39-42 h,3.319444417953491,0.3,0.9958333253860473,0.0,NO ALERT,NO ALERT,20260706,00
Gujarat,Surat,39,42,39-42 h,0.14374999701976776,0.32712919453700195,0.04702482073977306,0.0,NO ALERT,NO ALERT,20260706,00
Gujarat,Surendranagar,39,42,39-42 h,0.02500000037252903,0.3,0.007500000111758709,0.0,NO ALERT,NO ALERT,20260706,00
Gujarat,The Dangs,39,42,39-42 h,0.0416666679084301,0.6236297049513208,0.025984571814038928,0.0,NO ALERT,NO ALERT,20260706,00
Gujarat,Vadodara,39,42,39-42 h,0.02604166604578495,0.3522998571050929,0.009174475226708587,0.0,NO ALERT,NO ALERT,20260706,00
Gujarat,Valsad,39,42,39-42 h,1.28125,0.3,0.38437499999999997,0.0,NO ALERT,NO ALERT,20260706,00
Haryana,Ambala,39,42,39-42 h,0.8541666865348816,0.6762277229722136,0.5776111934742035,0.0,NO ALERT,NO ALERT,20260706,00
Haryana,Bhiwani,39,42,39-42 h,2.607142925262451,1.7078232852568205,4.452539395755797,0.0,NO ALERT,NO ALERT,20260706,00
Haryana,Faridabad,39,42,39-42 h,0.390625,0.8712532145408735,0.3403332869300287,0.0,NO ALERT,NO ALERT,20260706,00
Haryana,Fatehabad,39,42,39-42 h,3.125,1.0808056670009505,3.3775177093779702,0.0,NO ALERT,NO ALERT,20260706,00
Haryana,Gurgaon,39,42,39-42 h,0.0625,1.3004888747066055,0.08128055466916284,0.0,NO ALERT,NO ALERT,20260706,00
Haryana,Hisar,39,42,39-42 h,3.049999952316284,0.9496809693817465,2.8965269113300094,0.0,NO ALERT,NO ALERT,20260706,00
Haryana,Jhajjar,39,42,39-42 h,0.375,1.6618096732806247,0.6231786274802342,0.0,NO ALERT,NO ALERT,20260706,00
Haryana,Jind,39,42,39-42 h,2.265625,0.7717056323525144,1.7483955732986656,0.0,NO ALERT,NO ALERT,20260706,00
Haryana,Kaithal,39,42,39-42 h,3.1041667461395264,0.6331763172108541,1.9654848683290256,0.0,NO ALERT,NO ALERT,20260706,00
Haryana,Karnal,39,42,39-42 h,2.237499952316284,0.5159404245146241,1.1544166752495149,0.0,NO ALERT,NO ALERT,20260706,00
Haryana,Kurukshetra,39,42,39-42 h,1.015625,0.6033338297736488,0.612760920863862,0.0,NO ALERT,NO ALERT,20260706,00
Haryana,Mahendragarh,39,42,39-42 h,1.125,1.1386681831985863,1.2810017060984096,0.0,NO ALERT,NO ALERT,20260706,00
Haryana,Panchkula,39,42,39-42 h,1.5625,0.6671410727647323,1.0424079261948942,0.0,NO ALERT,NO ALERT,20260706,00
Haryana,Panipat,39,42,39-42 h,1.3125,1.0415843239201417,1.3670794251451859,0.0,NO ALERT,NO ALERT,20260706,00
Haryana,Rewari,39,42,39-42 h,0.15625,1.1674745883169169,0.18241790442451827,0.0,NO ALERT,NO ALERT,20260706,00
Haryana,Rohtak,39,42,39-42 h,1.8333333730697632,1.2603472433768046,2.310636662939175,0.0,NO ALERT,NO ALERT,20260706,00
Haryana,Sirsa,39,42,39-42 h,0.6458333134651184,1.4831194250452018,0.957847932541424,0.0,NO ALERT,NO ALERT,20260706,00
Haryana,Sonepat,39,42,39-42 h,1.4583333730697632,0.7724164037051864,1.1264406194298004,0.0,NO ALERT,NO ALERT,20260706,00
Haryana,Yamuna Nagar,39,42,39-42 h,1.75,0.6918813868041921,1.2107924269073362,0.0,NO ALERT,NO ALERT,20260706,00
Himachal Pradesh,Bilaspur,39,42,39-42 h,1.15625,0.43793651979773524,0.5063641010161314,0.0,NO ALERT,NO ALERT,20260706,00
Himachal Pradesh,Chamba,39,42,39-42 h,1.4886363744735718,0.47998853587409984,0.7145283938324979,0.0,NO ALERT,NO ALERT,20260706,00
Himachal Pradesh,Hamirpur,39,42,39-42 h,1.5,0.3222888511402842,0.48343327671042635,0.0,NO ALERT,NO ALERT,20260706,00
Himachal Pradesh,Kangra,39,42,39-42 h,2.0703125,0.491764254011286,1.0181056821327406,0.0,NO ALERT,NO ALERT,20260706,00
Himachal Pradesh,Kinnaur,39,42,39-42 h,0.14204545319080353,0.5900100248843969,0.08380824137182143,0.0,NO ALERT,NO ALERT,20260706,00
Himachal Pradesh,Kullu,39,42,39-42 h,0.6875,0.48471900161399284,0.3332443136096201,0.0,NO ALERT,NO ALERT,20260706,00
Himachal Pradesh,Lahul and Spiti,39,42,39-42 h,0.0798611119389534,1.1034755877631228,0.08812478743625315,0.0,NO ALERT,NO ALERT,20260706,00
Himachal Pradesh,Mandi,39,42,39-42 h,1.287500023841858,0.41181400265740536,0.5302105382398203,0.0,NO ALERT,NO ALERT,20260706,00
Himachal Pradesh,Shimla,39,42,39-42 h,1.4444444179534912,0.38421361333609627,0.5549752090850653,0.0,NO ALERT,NO ALERT,20260706,00
Himachal Pradesh,Sirmaur,39,42,39-42 h,3.125,0.5853734282891708,1.8292919634036588,0.0,NO ALERT,NO ALERT,20260706,00
Himachal Pradesh,Solan,39,42,39-42 h,1.4375,0.501145504684414,0.7203966629838451,0.0,NO ALERT,NO ALERT,20260706,00
Himachal Pradesh,Una,39,42,39-42 h,1.53125,0.5308169916656943,0.8128135184880944,0.0,NO ALERT,NO ALERT,20260706,00
Jammu and Kashmir,Anantnag (Kashmir South),39,42,39-42 h,0.02678571455180645,1.3868985192801786,0.0371490678497619,0.0,NO ALERT,NO ALERT,20260706,00
Jammu and Kashmir,Bagdam,39,42,39-42 h,0.0,1.7381670057123004,0.0,0.0,NO ALERT,NO ALERT,20260706,00
Jammu and Kashmir,Baramula (Kashmir North),39,42,39-42 h,0.375,2.3802491119877285,0.8925934169953982,0.0,NO ALERT,NO ALERT,20260706,00
Jammu and Kashmir,Doda,39,42,39-42 h,0.7132353186607361,0.9310309851117253,0.6640441813491804,0.0,NO ALERT,NO ALERT,20260706,00
Jammu and Kashmir,Jammu,39,42,39-42 h,2.25,2.1214535699251704,4.773270532331633,0.0,NO ALERT,NO ALERT,20260706,00
Jammu and Kashmir,Kargil,39,42,39-42 h,0.08423913270235062,3.0,0.25271739810705185,0.0,NO ALERT,NO ALERT,20260706,00
Jammu and Kashmir,Kathua,39,42,39-42 h,0.84375,0.7421973154339496,0.626228984897395,0.0,NO ALERT,NO ALERT,20260706,00
Jammu and Kashmir,Kupwara (Muzaffarabad),39,42,39-42 h,0.8374999761581421,2.805712758686526,2.3497843685065605,0.0,NO ALERT,NO ALERT,20260706,00
Jammu and Kashmir,Ladakh (Leh),39,42,39-42 h,0.2708333432674408,0.6253946944730077,0.16937773596584435,0.0,NO ALERT,NO ALERT,20260706,00
Jammu and Kashmir,Pulwama,39,42,39-42 h,0.0,3.0,0.0,0.0,NO ALERT,NO ALERT,20260706,00
Jammu and Kashmir,Punch,39,42,39-42 h,0.4749999940395355,0.9080148049822427,0.43130702695437534,0.0,NO ALERT,NO ALERT,20260706,00
Jammu and Kashmir,Rajauri,39,42,39-42 h,0.5,1.6908137329342856,0.8454068664671428,0.0,NO ALERT,NO ALERT,20260706,00
Jammu and Kashmir,Srinagar,39,42,39-42 h,0.03125,1.1768416745126433,0.036776302328520104,0.0,NO ALERT,NO ALERT,20260706,00
Jammu and Kashmir,Udhampur,39,42,39-42 h,0.921875,0.9046338825169598,0.8339593604453223,0.0,NO ALERT,NO ALERT,20260706,00
Jharkhand,Bokaro,39,42,39-42 h,0.015625,0.43038052424230994,0.006724695691286093,0.0,NO ALERT,NO ALERT,20260706,00
Jharkhand,Chatra,39,42,39-42 h,0.03125,0.47580298707457397,0.014868843346080437,0.0,NO ALERT,NO ALERT,20260706,00
Jharkhand,Deoghar,39,42,39-42 h,0.0,0.43042539217912484,0.0,0.0,NO ALERT,NO ALERT,20260706,00
Jharkhand,Dhanbad,39,42,39-42 h,0.0,0.3,0.0,0.0,NO ALERT,NO ALERT,20260706,00
Jharkhand,Dumka,39,42,39-42 h,1.0499999523162842,0.5747174401032172,0.603453284703715,0.0,NO ALERT,NO ALERT,20260706,00
Jharkhand,Garhwa,39,42,39-42 h,0.0,0.3,0.0,0.0,NO ALERT,NO ALERT,20260706,00
Jharkhand,Giridih,39,42,39-42 h,0.0078125,0.3,0.00234375,0.0,NO ALERT,NO ALERT,20260706,00
Jharkhand,Godda,39,42,39-42 h,1.40625,1.241563229918693,1.745948292073162,0.0,NO ALERT,NO ALERT,20260706,00
Jharkhand,Gumla,39,42,39-42 h,0.010416666977107525,0.3,0.0031250000931322573,0.0,NO ALERT,NO ALERT,20260706,00
Jharkhand,Hazaribag,39,42,39-42 h,0.0625,0.42314411896564175,0.02644650743535261,0.0,NO ALERT,NO ALERT,20260706,00
Jharkhand,Jamtara,39,42,39-42 h,0.0,0.46008470755189523,0.0,0.0,NO ALERT,NO ALERT,20260706,00
Jharkhand,Koderma,39,42,39-42 h,0.0,0.3039175085951896,0.0,0.0,NO ALERT,NO ALERT,20260706,00
Jharkhand,Latehar,39,42,39-42 h,0.0,0.3665391067324198,0.0,0.0,NO ALERT,NO ALERT,20260706,00
Jharkhand,Lohardaga,39,42,39-42 h,0.0,0.39624014819091274,0.0,0.0,NO ALERT,NO ALERT,20260706,00
Jharkhand,Pakur,39,42,39-42 h,1.25,0.6035076534919583,0.7543845668649479,0.0,NO ALERT,NO ALERT,20260706,00
Jharkhand,Palamu,39,42,39-42 h,0.0,0.3737988343625059,0.0,0.0,NO ALERT,NO ALERT,20260706,00
Jharkhand,Pashchim Singhbhum,39,42,39-42 h,0.015625,0.45311129700376257,0.00707986401568379,0.0,NO ALERT,NO ALERT,20260706,00
Jharkhand,Purba Singhbhum,39,42,39-42 h,0.012500000186264515,0.9904194813681165,0.01238024370158146,0.0,NO ALERT,NO ALERT,20260706,00
Jharkhand,Ranchi,39,42,39-42 h,0.005681818351149559,0.43312750651481624,0.002460951814903533,0.0,NO ALERT,NO ALERT,20260706,00
Jharkhand,Sahibganj,39,42,39-42 h,0.3375000059604645,0.9271637311929378,0.312917764803943,0.0,NO ALERT,NO ALERT,20260706,00
Jharkhand,Saraikela Kharsawan,39,42,39-42 h,0.0,0.7038710866727816,0.0,0.0,NO ALERT,NO ALERT,20260706,00
Jharkhand,Simdega,39,42,39-42 h,0.078125,0.3,0.0234375,0.0,NO ALERT,NO ALERT,20260706,00
Karnataka,Bagalkot,39,42,39-42 h,0.07500000298023224,1.1632799061220045,0.08724599642599462,0.0,NO ALERT,NO ALERT,20260706,00
Karnataka,Bangalore Rural,39,42,39-42 h,0.008928571827709675,3.0,0.026785715483129025,0.0,NO ALERT,NO ALERT,20260706,00
Karnataka,Bangalore Urban,39,42,39-42 h,0.0,3.0,0.0,0.0,NO ALERT,NO ALERT,20260706,00
Karnataka,Belgaum,39,42,39-42 h,0.19117647409439087,0.8973372374527518,0.17154976912981829,0.0,NO ALERT,NO ALERT,20260706,00
Karnataka,Bellary,39,42,39-42 h,0.125,2.70287473371527,0.33785934171440873,0.0,NO ALERT,NO ALERT,20260706,00
Karnataka,Bidar,39,42,39-42 h,0.0347222238779068,1.0018766190120068,0.034787384263375236,0.0,NO ALERT,NO ALERT,20260706,00
Karnataka,Bijapur,39,42,39-42 h,0.0625,3.0,0.1875,0.0,NO ALERT,NO ALERT,20260706,00
Karnataka,Chamrajnagar,39,42,39-42 h,0.010416666977107525,3.0,0.031250000931322575,0.0,NO ALERT,NO ALERT,20260706,00
Karnataka,Chikmagalur,39,42,39-42 h,0.9375,0.9744358301784026,0.9135335907922525,0.0,NO ALERT,NO ALERT,20260706,00
Karnataka,Chitradurga,39,42,39-42 h,0.07386363297700882,3.0,0.22159089893102646,0.0,NO ALERT,NO ALERT,20260706,00
Karnataka,Dakshin Kannad,39,42,39-42 h,4.40625,0.48296471969249655,2.1280632961450627,0.0,NO ALERT,NO ALERT,20260706,00
Karnataka,Davanagere,39,42,39-42 h,0.25,1.0634182151425726,0.26585455378564316,0.0,NO ALERT,NO ALERT,20260706,00
Karnataka,Dharwad,39,42,39-42 h,0.359375,0.6005924706507083,0.2158379191400983,0.0,NO ALERT,NO ALERT,20260706,00
Karnataka,Gadag,39,42,39-42 h,0.1953125,1.0104995631984701,0.1973631959372012,0.0,NO ALERT,NO ALERT,20260706,00
Karnataka,Gulbarga,39,42,39-42 h,0.0565476194024086,1.3275990324998463,0.0750725648088072,0.0,NO ALERT,NO ALERT,20260706,00
Karnataka,Hassan,39,42,39-42 h,0.3687500059604645,1.3953514149603434,0.5145358425835692,0.0,NO ALERT,NO ALERT,20260706,00
Karnataka,Haveri,39,42,39-42 h,0.5625,0.8339001601670177,0.46906884009394745,0.0,NO ALERT,NO ALERT,20260706,00
Karnataka,Kodagu,39,42,39-42 h,0.84375,0.9891691490121184,0.8346114694789749,0.0,NO ALERT,NO ALERT,20260706,00
Karnataka,Kolar,39,42,39-42 h,0.0,1.0,0.0,0.0,NO ALERT,NO ALERT,20260706,00
Karnataka,Koppal,39,42,39-42 h,0.0625,1.3672411486472411,0.08545257179045257,0.0,NO ALERT,NO ALERT,20260706,00
Karnataka,Mandya,39,42,39-42 h,0.0078125,3.0,0.0234375,0.0,NO ALERT,NO ALERT,20260706,00
Karnataka,Mysore,39,42,39-42 h,0.015625,3.0,0.046875,0.0,NO ALERT,NO ALERT,20260706,00
Karnataka,Raichur,39,42,39-42 h,0.0052083334885537624,1.9789763859973823,0.010307168984247264,0.0,NO ALERT,NO ALERT,20260706,00
Karnataka,Shimoga,39,42,39-42 h,1.9147727489471436,0.6521122332003625,1.2486467333871187,0.0,NO ALERT,NO ALERT,20260706,00
Karnataka,Tumkur,39,42,39-42 h,0.011363636702299118,3.0,0.034090910106897354,0.0,NO ALERT,NO ALERT,20260706,00
Karnataka,Udupi,39,42,39-42 h,8.385416984558105,0.36293434267993313,3.043355801387743,0.0,NO ALERT,NO ALERT,20260706,00
Karnataka,Uttar Kannand,39,42,39-42 h,3.629807710647583,0.4136012505834986,1.5012930085014664,0.0,NO ALERT,NO ALERT,20260706,00
Kerala,Alappuzha,39,42,39-42 h,1.75,2.864364265748771,5.012637465060349,0.0,NO ALERT,NO ALERT,20260706,00
Kerala,Ernakulam,39,42,39-42 h,2.4375,0.8273595857165152,2.0166889901840057,0.0,NO ALERT,NO ALERT,20260706,00
Kerala,Idukki,39,42,39-42 h,0.25,1.1481059089541104,0.2870264772385276,0.0,NO ALERT,NO ALERT,20260706,00
Kerala,Kannur,39,42,39-42 h,6.25,0.39296054227725635,2.456003389232852,0.0,NO ALERT,NO ALERT,20260706,00
Kerala,Kasaragod,39,42,39-42 h,3.9166667461395264,0.4895700959949935,1.9174829148879269,0.0,NO ALERT,NO ALERT,20260706,00
Kerala,Kollam,39,42,39-42 h,1.09375,0.9608015244614043,1.050876667379661,0.0,NO ALERT,NO ALERT,20260706,00
Kerala,Kottayam,39,42,39-42 h,2.1875,0.9196575889749057,2.011750975882606,0.0,NO ALERT,NO ALERT,20260706,00
Kerala,Kozhikode,39,42,39-42 h,6.979166507720947,0.37264617476151884,2.6007597021259192,0.0,NO ALERT,NO ALERT,20260706,00
Kerala,Malappuram,39,42,39-42 h,4.25,0.44261788343885,1.8811260046151126,0.0,NO ALERT,NO ALERT,20260706,00
Kerala,Palakkad,39,42,39-42 h,1.7916666269302368,0.5302180666602749,0.9499740150306862,0.0,NO ALERT,NO ALERT,20260706,00
Kerala,Pattanamtitta,39,42,39-42 h,0.7291666865348816,0.7477207744636957,0.5452130795689885,0.0,NO ALERT,NO ALERT,20260706,00
Kerala,Thiruvananthapuram,39,42,39-42 h,0.8125,1.3040197822546657,1.059516073081916,0.0,NO ALERT,NO ALERT,20260706,00
Kerala,Thrissur,39,42,39-42 h,3.125,0.842598859765623,2.633121436767572,0.0,NO ALERT,NO ALERT,20260706,00
Kerala,Wayanad,39,42,39-42 h,1.125,0.9148688962922525,1.029227508328784,0.0,NO ALERT,NO ALERT,20260706,00
Lakshadweep,Kavaratti,39,42,39-42 h,0.0,1.0,0.0,0.0,NO ALERT,NO ALERT,20260706,00
Madhya Pradesh,Anuppur,39,42,39-42 h,0.03125,0.3,0.009375,0.0,NO ALERT,NO ALERT,20260706,00
Madhya Pradesh,Ashoknagar,39,42,39-42 h,5.697916507720947,0.9519252256221402,5.42399045718838,0.0,NO ALERT,NO ALERT,20260706,00
Madhya Pradesh,Datia,39,42,39-42 h,0.2916666567325592,1.0,0.2916666567325592,0.0,NO ALERT,NO ALERT,20260706,00
Madhya Pradesh,Dewas,39,42,39-42 h,4.833333492279053,0.3,1.4500000476837158,0.0,NO ALERT,NO ALERT,20260706,00
Madhya Pradesh,Dhar,39,42,39-42 h,5.846590995788574,0.3,1.7539772987365723,0.0,NO ALERT,NO ALERT,20260706,00
Madhya Pradesh,Dindori,39,42,39-42 h,0.2321428507566452,0.3,0.06964285522699355,0.0,NO ALERT,NO ALERT,20260706,00
Madhya Pradesh,East Nimar,39,42,39-42 h,11.112500190734863,0.30123901134156544,3.3475185709899278,0.0,NO ALERT,NO ALERT,20260706,00
Madhya Pradesh,Guna,39,42,39-42 h,1.7013888359069824,0.44732070879630687,0.7610664600160348,0.0,NO ALERT,NO ALERT,20260706,00
Madhya Pradesh,Gwalior,39,42,39-42 h,0.2767857015132904,1.0,0.2767857015132904,0.0,NO ALERT,NO ALERT,20260706,00
Madhya Pradesh,Harda,39,42,39-42 h,0.90625,0.3,0.271875,0.0,NO ALERT,NO ALERT,20260706,00
Madhya Pradesh,Hoshangabad,39,42,39-42 h,0.7291666865348816,0.3,0.21875000596046448,0.0,NO ALERT,NO ALERT,20260706,00
Madhya Pradesh,Indore,39,42,39-42 h,5.4464287757873535,0.3,1.633928632736206,0.0,NO ALERT,NO ALERT,20260706,00
Madhya Pradesh,Jabalpur,39,42,39-42 h,0.2395833283662796,0.3,0.07187499850988388,0.0,NO ALERT,NO ALERT,20260706,00
Madhya Pradesh,Jhabua,39,42,39-42 h,3.450000047683716,0.3,1.0350000143051148,0.0,NO ALERT,NO ALERT,20260706,00
Madhya Pradesh,Katni,39,42,39-42 h,0.0902777761220932,0.32230547985936164,0.02909702195366727,0.0,NO ALERT,NO ALERT,20260706,00
Madhya Pradesh,Mandla,39,42,39-42 h,0.2265625,0.3,0.06796875,0.0,NO ALERT,NO ALERT,20260706,00
Madhya Pradesh,Mandsaur,39,42,39-42 h,2.055555582046509,0.3805572499288874,0.7822565793795928,0.0,NO ALERT,NO ALERT,20260706,00
Madhya Pradesh,Morena,39,42,39-42 h,0.1785714328289032,3.0,0.5357142984867096,0.0,NO ALERT,NO ALERT,20260706,00
Madhya Pradesh,Narsinghpur,39,42,39-42 h,0.375,0.3,0.11249999999999999,0.0,NO ALERT,NO ALERT,20260706,00
Madhya Pradesh,Neemuch,39,42,39-42 h,5.864583492279053,0.7317338523203192,4.291314271059502,0.0,NO ALERT,NO ALERT,20260706,00
Madhya Pradesh,Panna,39,42,39-42 h,1.2152777910232544,0.4184968595164538,0.5085899389833253,0.0,NO ALERT,NO ALERT,20260706,00
Madhya Pradesh,Raisen,39,42,39-42 h,1.3177083730697632,0.3,0.3953125119209289,0.0,NO ALERT,NO ALERT,20260706,00
Madhya Pradesh,Rajgarh,39,42,39-42 h,0.2410714328289032,0.676433949885283,0.1630689015129597,0.0,NO ALERT,NO ALERT,20260706,00
Madhya Pradesh,Ratlam,39,42,39-42 h,6.1015625,0.3,1.8304687499999999,0.0,NO ALERT,NO ALERT,20260706,00
Madhya Pradesh,Rewa,39,42,39-42 h,0.1180555522441864,0.38712886212107545,0.04570271160736706,0.0,NO ALERT,NO ALERT,20260706,00
Madhya Pradesh,Sagar,39,42,39-42 h,2.9375,0.3,0.88125,0.0,NO ALERT,NO ALERT,20260706,00
Madhya Pradesh,Satna,39,42,39-42 h,1.4375,0.4227753173004938,0.6077395186194599,0.0,NO ALERT,NO ALERT,20260706,00
Madhya Pradesh,Sehore,39,42,39-42 h,0.984375,0.3,0.2953125,0.0,NO ALERT,NO ALERT,20260706,00
Madhya Pradesh,Seoni,39,42,39-42 h,0.1538461595773697,0.3,0.046153847873210904,0.0,NO ALERT,NO ALERT,20260706,00
Madhya Pradesh,Shahdol,39,42,39-42 h,0.0729166641831398,0.3,0.021874999254941938,0.0,NO ALERT,NO ALERT,20260706,00
Madhya Pradesh,Shajapur,39,42,39-42 h,0.17613635957241058,0.3,0.05284090787172317,0.0,NO ALERT,NO ALERT,20260706,00
Madhya Pradesh,Sheopur,39,42,39-42 h,1.140625,3.0,3.421875,0.0,NO ALERT,NO ALERT,20260706,00
Madhya Pradesh,Shivpuri,39,42,39-42 h,2.20703125,3.0,6.62109375,0.0,NO ALERT,NO ALERT,20260706,00
Madhya Pradesh,Sidhi,39,42,39-42 h,0.00390625,0.399988705397733,0.0015624558804598946,0.0,NO ALERT,NO ALERT,20260706,00
Maharashtra,Pune,39,42,39-42 h,1.144736886024475,0.3,0.3434210658073425,0.0,NO ALERT,NO ALERT,20260706,00
Maharashtra,Raigarh,39,42,39-42 h,7.395833492279053,0.3,2.2187500476837156,0.0,NO ALERT,NO ALERT,20260706,00
Maharashtra,Ratnagiri,39,42,39-42 h,6.306818008422852,0.3,1.8920454025268554,0.0,NO ALERT,NO ALERT,20260706,00
Maharashtra,Sangli,39,42,39-42 h,0.5170454382896423,0.3,0.1551136314868927,0.0,NO ALERT,NO ALERT,20260706,00
Maharashtra,Satara,39,42,39-42 h,0.84375,0.3,0.253125,0.0,NO ALERT,NO ALERT,20260706,00
Maharashtra,Sindhudurg,39,42,39-42 h,5.958333492279053,0.3,1.7875000476837157,0.0,NO ALERT,NO ALERT,20260706,00
Maharashtra,Solapur,39,42,39-42 h,0.16847826540470123,0.3,0.05054347962141037,0.0,NO ALERT,NO ALERT,20260706,00
Maharashtra,Thane,39,42,39-42 h,5.005208492279053,0.3,1.5015625476837158,0.0,NO ALERT,NO ALERT,20260706,00
Maharashtra,Wardha,39,42,39-42 h,0.01785714365541935,0.8277061142287497,0.014780466986251722,0.0,NO ALERT,NO ALERT,20260706,00
Maharashtra,Washim,39,42,39-42 h,0.0,0.6548512185328705,0.0,0.0,NO ALERT,NO ALERT,20260706,00
Maharashtra,Yavatmal,39,42,39-42 h,0.00937500037252903,1.1672216749493405,0.010942703637474025,0.0,NO ALERT,NO ALERT,20260706,00
Manipur,Bishnupur,39,42,39-42 h,0.0,0.44222804670987065,0.0,0.0,NO ALERT,NO ALERT,20260706,00
Manipur,Chandel,39,42,39-42 h,0.0,0.4353368800524707,0.0,0.0,NO ALERT,NO ALERT,20260706,00
Manipur,Churachandpur,39,42,39-42 h,0.010416666977107525,0.350797188232678,0.0036541374863255094,0.0,NO ALERT,NO ALERT,20260706,00
Manipur,East Imphal,39,42,39-42 h,0.0625,0.34679034457550556,0.021674396535969098,0.0,NO ALERT,NO ALERT,20260706,00
Manipur,Senapati,39,42,39-42 h,0.22499999403953552,0.40549794487557334,0.0912370351800479,0.0,NO ALERT,NO ALERT,20260706,00
Manipur,Tamenglong,39,42,39-42 h,0.1875,0.47901291702576343,0.08981492194233065,0.0,NO ALERT,NO ALERT,20260706,00
Manipur,Thoubal,39,42,39-42 h,0.0,0.5006320786802736,0.0,0.0,NO ALERT,NO ALERT,20260706,00
Manipur,Ukhrul,39,42,39-42 h,0.1666666716337204,0.5601360196084298,0.09335600605029734,0.0,NO ALERT,NO ALERT,20260706,00
Manipur,West Imphal,39,42,39-42 h,0.0,1.0,0.0,0.0,NO ALERT,NO ALERT,20260706,00
Meghalaya,East Garo Hills,39,42,39-42 h,0.65625,0.5096870049480084,0.33448209699713055,0.0,NO ALERT,NO ALERT,20260706,00
Meghalaya,East Khasi Hills,39,42,39-42 h,2.90625,0.5445849739225571,1.5827000804624316,0.0,NO ALERT,NO ALERT,20260706,00
Meghalaya,Jaintia Hills,39,42,39-42 h,1.5729166269302368,0.3344285796853742,0.5260282735077887,0.0,NO ALERT,NO ALERT,20260706,00
Meghalaya,Ri-Bhoi,39,42,39-42 h,0.4791666567325592,0.3754843171484303,0.1799195649035213,0.0,NO ALERT,NO ALERT,20260706,00
Meghalaya,South Garo Hills,39,42,39-42 h,0.6666666865348816,1.1985655828274717,0.7990437456983398,0.0,NO ALERT,NO ALERT,20260706,00
Meghalaya,West Garo Hills,39,42,39-42 h,1.625,1.4164832395577518,2.3017852642813468,0.0,NO ALERT,NO ALERT,20260706,00
Meghalaya,West Khasi Hills,39,42,39-42 h,0.7578125,0.7688290212309257,0.5826282426515609,0.0,NO ALERT,NO ALERT,20260706,00
Mizoram,Aizawl,39,42,39-42 h,1.2916666269302368,0.35958444336345213,0.464463225055857,0.0,NO ALERT,NO ALERT,20260706,00
Mizoram,Champhai,39,42,39-42 h,1.59375,0.393379226133291,0.6269481416499325,0.0,NO ALERT,NO ALERT,20260706,00
Mizoram,Kolasib,39,42,39-42 h,0.0625,0.8142673026091504,0.0508917064130719,0.0,NO ALERT,NO ALERT,20260706,00
Mizoram,Lawngtlai,39,42,39-42 h,2.53125,0.3,0.759375,0.0,NO ALERT,NO ALERT,20260706,00
Mizoram,Lunglei,39,42,39-42 h,2.0520832538604736,0.34255624595576245,0.7029539358311298,0.0,NO ALERT,NO ALERT,20260706,00
Mizoram,Mamit,39,42,39-42 h,0.4166666567325592,0.6080090530356378,0.25333709939148846,0.0,NO ALERT,NO ALERT,20260706,00
Mizoram,Saiha,39,42,39-42 h,5.078125,0.3,1.5234375,0.0,NO ALERT,NO ALERT,20260706,00
Mizoram,Serchhip,39,42,39-42 h,3.90625,0.3,1.171875,0.0,NO ALERT,NO ALERT,20260706,00
Nagaland,Dimapur,39,42,39-42 h,0.125,0.6956002689591826,0.08695003361989782,0.0,NO ALERT,NO ALERT,20260706,00
Nagaland,Kohima,39,42,39-42 h,0.21250000596046448,0.42200076411911747,0.08967516489063303,0.0,NO ALERT,NO ALERT,20260706,00
Nagaland,Mokokchung,39,42,39-42 h,0.0625,0.6004559914526765,0.03752849946579228,0.0,NO ALERT,NO ALERT,20260706,00
Nagaland,Mon,39,42,39-42 h,0.4375,0.35697456601861516,0.15617637263314413,0.0,NO ALERT,NO ALERT,20260706,00
Nagaland,Phek,39,42,39-42 h,0.046875,0.4705958392700629,0.022059179965784197,0.0,NO ALERT,NO ALERT,20260706,00
Nagaland,Tuensang,39,42,39-42 h,0.1696428507566452,0.307336347541769,0.05213741413812076,0.0,NO ALERT,NO ALERT,20260706,00
Nagaland,Wokha,39,42,39-42 h,0.0625,0.9768878268305281,0.06105548917690801,0.0,NO ALERT,NO ALERT,20260706,00
Nagaland,Zunheboto,39,42,39-42 h,0.15625,0.3,0.046875,0.0,NO ALERT,NO ALERT,20260706,00
Orissa,Angul,39,42,39-42 h,0.2152777761220932,0.3,0.06458333283662795,0.0,NO ALERT,NO ALERT,20260706,00
Orissa,Baleshwar,39,42,39-42 h,0.0,0.3,0.0,0.0,NO ALERT,NO ALERT,20260706,00
Orissa,Baragarh,39,42,39-42 h,0.484375,0.3,0.14531249999999998,0.0,NO ALERT,NO ALERT,20260706,00
Orissa,Bhadrak,39,42,39-42 h,0.0,0.7178511116268625,0.0,0.0,NO ALERT,NO ALERT,20260706,00
Orissa,Bolangir,39,42,39-42 h,0.0347222238779068,0.3,0.010416667163372039,0.0,NO ALERT,NO ALERT,20260706,00
Orissa,Boudh,39,42,39-42 h,0.296875,0.46951847237716815,0.1393882964869718,0.0,NO ALERT,NO ALERT,20260706,00
Orissa,Cuttack,39,42,39-42 h,0.1696428507566452,3.0,0.5089285522699356,0.0,NO ALERT,NO ALERT,20260706,00
Orissa,Deogarh,39,42,39-42 h,0.0625,0.5670237411043358,0.03543898381902099,0.0,NO ALERT,NO ALERT,20260706,00
Orissa,Dhenkanal,39,42,39-42 h,0.375,0.5066672121395331,0.19000020455232491,0.0,NO ALERT,NO ALERT,20260706,00
Orissa,Gajapati,39,42,39-42 h,0.359375,3.0,1.078125,0.0,NO ALERT,NO ALERT,20260706,00
Orissa,Ganjam,39,42,39-42 h,0.078125,3.0,0.234375,0.0,NO ALERT,NO ALERT,20260706,00
Orissa,Jagatsinghpur,39,42,39-42 h,0.125,1.2982877185824837,0.16228596482281046,0.0,NO ALERT,NO ALERT,20260706,00
Orissa,Jajpur,39,42,39-42 h,0.23749999701976776,1.0825360884765436,0.2571023177869701,0.0,NO ALERT,NO ALERT,20260706,00
Orissa,Jharsuguda,39,42,39-42 h,0.8125,0.3,0.24375,0.0,NO ALERT,NO ALERT,20260706,00
Orissa,Kalahandi,39,42,39-42 h,0.005681818351149559,0.796623750187142,0.0045262714427748854,0.0,NO ALERT,NO ALERT,20260706,00
Orissa,Kandhamal,39,42,39-42 h,0.11363636702299118,1.1397211880580418,0.12951377523004318,0.0,NO ALERT,NO ALERT,20260706,00
Orissa,Kendrapara,39,42,39-42 h,0.078125,1.2406367579898423,0.09692474671795642,0.0,NO ALERT,NO ALERT,20260706,00
Orissa,Keonjhar,39,42,39-42 h,0.09375,0.3,0.028124999999999997,0.0,NO ALERT,NO ALERT,20260706,00
Orissa,Khordha,39,42,39-42 h,0.7083333134651184,3.0,2.1249999403953552,0.0,NO ALERT,NO ALERT,20260706,00
Orissa,Koraput,39,42,39-42 h,0.05113636329770088,3.0,0.15340908989310265,0.0,NO ALERT,NO ALERT,20260706,00
Orissa,Malkangiri,39,42,39-42 h,0.15625,3.0,0.46875,0.0,NO ALERT,NO ALERT,20260706,00
Orissa,Mayurbhanj,39,42,39-42 h,0.014705882407724857,0.6410187849222774,0.009426746872209683,0.0,NO ALERT,NO ALERT,20260706,00
Orissa,Nabarangpur,39,42,39-42 h,0.0234375,0.9520565250907196,0.02231382480681374,0.0,NO ALERT,NO ALERT,20260706,00
Orissa,Nayagarh,39,42,39-42 h,0.0520833320915699,2.7627565849527578,0.14389356870226602,0.0,NO ALERT,NO ALERT,20260706,00
Orissa,Nuapada,39,42,39-42 h,0.046875,0.3,0.014062499999999999,0.0,NO ALERT,NO ALERT,20260706,00
Orissa,Puri,39,42,39-42 h,0.6625000238418579,1.1682139811417622,0.7739417903588092,0.0,NO ALERT,NO ALERT,20260706,00
Orissa,Rayagada,39,42,39-42 h,0.23125000298023224,3.0,0.6937500089406967,0.0,NO ALERT,NO ALERT,20260706,00
Orissa,Sambalpur,39,42,39-42 h,0.07954545319080353,0.3,0.02386363595724106,0.0,NO ALERT,NO ALERT,20260706,00
Orissa,Sonepur,39,42,39-42 h,0.46875,0.3,0.140625,0.0,NO ALERT,NO ALERT,20260706,00
Orissa,Sundargarh,39,42,39-42 h,0.05288461595773697,0.4166264730089146,0.022033131022902917,0.0,NO ALERT,NO ALERT,20260706,00
Puducherry,Karaikal,39,42,39-42 h,0.0,1.0,0.0,0.0,NO ALERT,NO ALERT,20260706,00
Puducherry,Mahe,39,42,39-42 h,0.0,1.0,0.0,0.0,NO ALERT,NO ALERT,20260706,00
Puducherry,Puducherry,39,42,39-42 h,0.0,1.0,0.0,0.0,NO ALERT,NO ALERT,20260706,00
Puducherry,Yanam,39,42,39-42 h,0.0,1.0,0.0,0.0,NO ALERT,NO ALERT,20260706,00
Punjab,Amritsar,39,42,39-42 h,0.6696428656578064,3.0,2.008928596973419,0.0,NO ALERT,NO ALERT,20260706,00
Punjab,Bathinda,39,42,39-42 h,0.8035714030265808,1.0063742042286778,0.8086935312617974,0.0,NO ALERT,NO ALERT,20260706,00
Punjab,Faridkot,39,42,39-42 h,0.7916666865348816,1.8166795132507056,1.4382046507509876,0.0,NO ALERT,NO ALERT,20260706,00
Punjab,Fatehgarh Sahib,39,42,39-42 h,1.8125,0.7625669248111632,1.3821525512202333,0.0,NO ALERT,NO ALERT,20260706,00
Punjab,Firozpur,39,42,39-42 h,0.9375,3.0,2.8125,0.0,NO ALERT,NO ALERT,20260706,00
Punjab,Gurdaspur,39,42,39-42 h,0.8020833134651184,1.0172791491901219,0.8159426307013895,0.0,NO ALERT,NO ALERT,20260706,00
Punjab,Hoshiarpur,39,42,39-42 h,1.0125000476837158,1.1158502745357433,1.1297984561753274,0.0,NO ALERT,NO ALERT,20260706,00
Punjab,Jalandhar,39,42,39-42 h,0.53125,0.6683787736223664,0.35507622348688217,0.0,NO ALERT,NO ALERT,20260706,00
Punjab,Kapurthala,39,42,39-42 h,1.0416666269302368,0.8043488797650564,0.837863384459981,0.0,NO ALERT,NO ALERT,20260706,00
Punjab,Ludhiana,39,42,39-42 h,1.350000023841858,0.6367384031963071,0.8595968594960411,0.0,NO ALERT,NO ALERT,20260706,00
Punjab,Mansa,39,42,39-42 h,2.78125,0.8554010609701591,2.379084200823255,0.0,NO ALERT,NO ALERT,20260706,00
Punjab,Moga,39,42,39-42 h,0.40625,1.9260465396022144,0.7824564067133996,0.0,NO ALERT,NO ALERT,20260706,00
Punjab,Muktsar,39,42,39-42 h,0.9791666865348816,1.6273890495298178,1.593485143331262,0.0,NO ALERT,NO ALERT,20260706,00
Punjab,Nawan Shehar,39,42,39-42 h,1.296875,0.7376809676905092,0.956680004973629,0.0,NO ALERT,NO ALERT,20260706,00
Punjab,Patiala,39,42,39-42 h,1.6354166269302368,0.9906891001535867,1.6201894265097303,0.0,NO ALERT,NO ALERT,20260706,00
Punjab,Rupnagar,39,42,39-42 h,0.75,0.596268251978758,0.44720118898406847,0.0,NO ALERT,NO ALERT,20260706,00
Punjab,Sangrur,39,42,39-42 h,1.9140625,0.6431007768751102,1.2309350807375157,0.0,NO ALERT,NO ALERT,20260706,00
Rajasthan,Ajmer,39,42,39-42 h,2.5833332538604736,0.5105660303364602,1.318962204459713,0.0,NO ALERT,NO ALERT,20260706,00
Rajasthan,Alwar,39,42,39-42 h,0.7455357313156128,1.763920291704763,1.3150656046585596,0.0,NO ALERT,NO ALERT,20260706,00
Rajasthan,Banswara,39,42,39-42 h,3.0267856121063232,0.3,0.9080356836318969,0.0,NO ALERT,NO ALERT,20260706,00
Rajasthan,Baran,39,42,39-42 h,0.625,1.9242101184358293,1.2026313240223934,0.0,NO ALERT,NO ALERT,20260706,00
Rajasthan,Barmer,39,42,39-42 h,0.0,0.9889290802263309,0.0,0.0,NO ALERT,NO ALERT,20260706,00
Rajasthan,Bharatpur,39,42,39-42 h,0.0520833320915699,1.333984920453584,0.06947837961713048,0.0,NO ALERT,NO ALERT,20260706,00
Rajasthan,Bhilwara,39,42,39-42 h,11.924107551574707,0.3633962326272162,4.333175761683988,0.0,NO ALERT,NO ALERT,20260706,00
Rajasthan,Bikaner,39,42,39-42 h,6.669871807098389,3.0,20.009615421295166,0.0,MODERATE,NO ALERT,20260706,00
Rajasthan,Bundi,39,42,39-42 h,1.1428571939468384,3.0,3.428571581840515,0.0,NO ALERT,NO ALERT,20260706,00
Rajasthan,Chittaurgarh,39,42,39-42 h,12.691964149475098,0.3,3.807589244842529,0.0,NO ALERT,NO ALERT,20260706,00
Rajasthan,Churu,39,42,39-42 h,6.161057472229004,1.401563284200734,8.635111944926756,0.0,NO ALERT,NO ALERT,20260706,00
Rajasthan,Dausa,39,42,39-42 h,1.625,2.1134477396397804,3.4343525769146432,0.0,NO ALERT,NO ALERT,20260706,00
Rajasthan,Dhaulpur,39,42,39-42 h,0.03750000149011612,3.0,0.11250000447034836,0.0,NO ALERT,NO ALERT,20260706,00
Rajasthan,Dungarpur,39,42,39-42 h,10.024999618530273,0.3,3.0074998855590818,0.0,NO ALERT,NO ALERT,20260706,00
Rajasthan,Ganganagar,39,42,39-42 h,1.97265625,1.0,1.97265625,0.0,NO ALERT,NO ALERT,20260706,00
Rajasthan,Hanumangarh,39,42,39-42 h,1.3973214626312256,1.571559761267069,2.1959741842260807,0.0,NO ALERT,NO ALERT,20260706,00
Rajasthan,Jaipur,39,42,39-42 h,0.75,2.075984689161689,1.5569885168712667,0.0,NO ALERT,NO ALERT,20260706,00
Rajasthan,Jaisalmer,39,42,39-42 h,0.010227272287011147,1.0,0.010227272287011147,0.0,NO ALERT,NO ALERT,20260706,00
Rajasthan,Jalor,39,42,39-42 h,0.34765625,0.3,0.104296875,0.0,NO ALERT,NO ALERT,20260706,00
Rajasthan,Jhalawar,39,42,39-42 h,0.3333333432674408,0.5632776631707748,0.18775922665258576,0.0,NO ALERT,NO ALERT,20260706,00
Rajasthan,Jhunjhunun,39,42,39-42 h,5.03125,1.2604511264027094,6.341644729713631,0.0,NO ALERT,NO ALERT,20260706,00
Rajasthan,Jodhpur,39,42,39-42 h,2.9154412746429443,0.8001683993228174,2.332843978050719,0.0,NO ALERT,NO ALERT,20260706,00
Rajasthan,Tonk,39,42,39-42 h,0.9722222089767456,3.0,2.916666626930237,0.0,NO ALERT,NO ALERT,20260706,00
Rajasthan,Udaipur,39,42,39-42 h,36.55902862548828,0.3,10.967708587646484,0.0,MODERATE,NO ALERT,20260706,00
Sikkim,East,39,42,39-42 h,1.8125,2.23108818195037,4.043847329785046,0.0,NO ALERT,NO ALERT,20260706,00
Sikkim,North Sikkim,39,42,39-42 h,0.2321428507566452,2.347754056512395,0.5450143195542653,0.0,NO ALERT,NO ALERT,20260706,00
Sikkim,South Sikkim,39,42,39-42 h,0.0,1.0,0.0,0.0,NO ALERT,NO ALERT,20260706,00
Sikkim,West Sikkim,39,42,39-42 h,0.65625,3.0,1.96875,0.0,NO ALERT,NO ALERT,20260706,00
Tamil Nadu,Ariyalur,39,42,39-42 h,0.0,1.0,0.0,0.0,NO ALERT,NO ALERT,20260706,00
Tamil Nadu,Chennai,39,42,39-42 h,0.0,1.0,0.0,0.0,NO ALERT,NO ALERT,20260706,00
Tamil Nadu,Coimbatore,39,42,39-42 h,0.0052083334885537624,3.0,0.015625000465661287,0.0,NO ALERT,NO ALERT,20260706,00
Tamil Nadu,Cuddalore,39,42,39-42 h,0.0,1.0,0.0,0.0,NO ALERT,NO ALERT,20260706,00
Tamil Nadu,Dharmapuri,39,42,39-42 h,0.0,1.0,0.0,0.0,NO ALERT,NO ALERT,20260706,00
Tamil Nadu,Dindigul,39,42,39-42 h,0.0,1.0,0.0,0.0,NO ALERT,NO ALERT,20260706,00
Tamil Nadu,Erode,39,42,39-42 h,0.0,1.0,0.0,0.0,NO ALERT,NO ALERT,20260706,00
Tamil Nadu,Kancheepuram,39,42,39-42 h,0.0,1.0,0.0,0.0,NO ALERT,NO ALERT,20260706,00
Tamil Nadu,Kanniyakumari,39,42,39-42 h,0.0625,2.3327618361136246,0.14579761475710154,0.0,NO ALERT,NO ALERT,20260706,00
Tamil Nadu,Karur,39,42,39-42 h,0.0,1.0,0.0,0.0,NO ALERT,NO ALERT,20260706,00
Tamil Nadu,Sivaganga,39,42,39-42 h,0.0,1.0,0.0,0.0,NO ALERT,NO ALERT,20260706,00
Tamil Nadu,Thanjavur,39,42,39-42 h,0.0,1.0,0.0,0.0,NO ALERT,NO ALERT,20260706,00
Tamil Nadu,Theni,39,42,39-42 h,0.0,3.0,0.0,0.0,NO ALERT,NO ALERT,20260706,00
Tamil Nadu,Thiruvallur,39,42,39-42 h,0.0,1.0,0.0,0.0,NO ALERT,NO ALERT,20260706,00
Tamil Nadu,Thiruvarur,39,42,39-42 h,0.0,3.0,0.0,0.0,NO ALERT,NO ALERT,20260706,00
Tamil Nadu,Thoothukudi,39,42,39-42 h,0.0,1.0,0.0,0.0,NO ALERT,NO ALERT,20260706,00
Tamil Nadu,Tiruchchirappalli,39,42,39-42 h,0.0,1.0,0.0,0.0,NO ALERT,NO ALERT,20260706,00
Tamil Nadu,Tirunelveli Kattabo,39,42,39-42 h,0.0555555559694767,3.0,0.1666666679084301,0.0,NO ALERT,NO ALERT,20260706,00
Tamil Nadu,Tiruvannamalai,39,42,39-42 h,0.0,1.0,0.0,0.0,NO ALERT,NO ALERT,20260706,00
Tamil Nadu,Vellore,39,42,39-42 h,0.0,1.0,0.0,0.0,NO ALERT,NO ALERT,20260706,00
Tamil Nadu,Villupuram,39,42,39-42 h,0.0,1.0,0.0,0.0,NO ALERT,NO ALERT,20260706,00
Tamil Nadu,Virudhunagar,39,42,39-42 h,0.0,1.0,0.0,0.0,NO ALERT,NO ALERT,20260706,00
Tripura,Dhalai,39,42,39-42 h,0.0625,2.7728682543513306,0.17330426589695816,0.0,NO ALERT,NO ALERT,20260706,00
Tripura,North Tripura,39,42,39-42 h,0.15625,1.8373519402302907,0.2870862406609829,0.0,NO ALERT,NO ALERT,20260706,00
Tripura,South Tripura,39,42,39-42 h,0.328125,0.6883313005588784,0.22585870799588195,0.0,NO ALERT,NO ALERT,20260706,00
Tripura,West Tripura,39,42,39-42 h,0.0729166641831398,1.2952968876484479,0.09444872817412804,0.0,NO ALERT,NO ALERT,20260706,00
Uttar Pradesh,Agra,39,42,39-42 h,0.234375,1.0983193107761748,0.25741858846316595,0.0,NO ALERT,NO ALERT,20260706,00
Uttar Pradesh,Aligarh,39,42,39-42 h,0.125,0.8798559857902731,0.10998199822378414,0.0,NO ALERT,NO ALERT,20260706,00
Uttar Pradesh,Allahabad,39,42,39-42 h,0.0535714291036129,0.3288936598778827,0.01761930338277577,0.0,NO ALERT,NO ALERT,20260706,00
Uttar Pradesh,Ambedkar Nagar,39,42,39-42 h,1.4375,3.0,4.3125,0.0,NO ALERT,NO ALERT,20260706,00
Uttar Pradesh,Auraiya,39,42,39-42 h,0.1458333283662796,3.0,0.4374999850988388,0.0,NO ALERT,NO ALERT,20260706,00
Uttar Pradesh,Azamgarh,39,42,39-42 h,2.2874999046325684,3.0,6.862499713897705,0.0,NO ALERT,NO ALERT,20260706,00
Uttar Pradesh,Badaun,39,42,39-42 h,0.0,2.287464070059984,0.0,0.0,NO ALERT,NO ALERT,20260706,00
Uttar Pradesh,Baghpat,39,42,39-42 h,1.0,0.8822997668421744,0.8822997668421744,0.0,NO ALERT,NO ALERT,20260706,00
Uttar Pradesh,Bahraich,39,42,39-42 h,0.010416666977107525,3.0,0.031250000931322575,0.0,NO ALERT,NO ALERT,20260706,00
Uttar Pradesh,Ballia,39,42,39-42 h,3.6875,0.782997505218471,2.887303300493112,0.0,NO ALERT,NO ALERT,20260706,00
Uttar Pradesh,Balrampur,39,42,39-42 h,0.0833333358168602,2.137629415780145,0.1781357899572055,0.0,NO ALERT,NO ALERT,20260706,00
Uttar Pradesh,Banda,39,42,39-42 h,2.6354167461395264,2.6135166709781106,6.8877056010105395,0.0,NO ALERT,NO ALERT,20260706,00
Uttar Pradesh,Bara Banki,39,42,39-42 h,0.0416666679084301,3.0,0.1250000037252903,0.0,NO ALERT,NO ALERT,20260706,00
Uttar Pradesh,Bareilly,39,42,39-42 h,0.012500000186264515,2.898412958300566,0.03623016251862856,0.0,NO ALERT,NO ALERT,20260706,00
Uttar Pradesh,Basti,39,42,39-42 h,0.5208333134651184,2.3821490387413156,1.240702577015386,0.0,NO ALERT,NO ALERT,20260706,00
Uttar Pradesh,Bijnor,39,42,39-42 h,1.837499976158142,3.0,5.512499928474426,0.0,NO ALERT,NO ALERT,20260706,00
Uttar Pradesh,Bulandshahr,39,42,39-42 h,0.20000000298023224,1.5919798836936727,0.3183959814832043,0.0,NO ALERT,NO ALERT,20260706,00
Uttar Pradesh,Chandauli,39,42,39-42 h,0.0,0.38773924304590257,0.0,0.0,NO ALERT,NO ALERT,20260706,00
Uttar Pradesh,Chitrakoot,39,42,39-42 h,1.8125,0.562270950669591,1.0191160980886336,0.0,NO ALERT,NO ALERT,20260706,00
Uttar Pradesh,Deoria,39,42,39-42 h,3.34375,3.0,10.03125,0.0,MODERATE,NO ALERT,20260706,00
Uttar Pradesh,Etah,39,42,39-42 h,0.0859375,2.067726013381379,0.17769520427496227,0.0,NO ALERT,NO ALERT,20260706,00
Uttar Pradesh,Etawah,39,42,39-42 h,0.0625,3.0,0.1875,0.0,NO ALERT,NO ALERT,20260706,00
Uttar Pradesh,Faizabad,39,42,39-42 h,0.3125,3.0,0.9375,0.0,NO ALERT,NO ALERT,20260706,00
Uttar Pradesh,Farrukhabad,39,42,39-42 h,0.0,3.0,0.0,0.0,NO ALERT,NO ALERT,20260706,00
Uttar Pradesh,Fatehpur,39,42,39-42 h,0.375,1.2397823009215974,0.464918362845599,0.0,NO ALERT,NO ALERT,20260706,00
Uttar Pradesh,Firozabad,39,42,39-42 h,0.140625,1.3721040668065834,0.1929521343946758,0.0,NO ALERT,NO ALERT,20260706,00
Uttar Pradesh,Gautam Buddha Nagar,39,42,39-42 h,0.0625,0.5126294703835742,0.03203934189897339,0.0,NO ALERT,NO ALERT,20260706,00
Uttar Pradesh,Ghaziabad,39,42,39-42 h,1.6458333730697632,0.6195152102740974,1.0196188081934414,0.0,NO ALERT,NO ALERT,20260706,00
Uttar Pradesh,Ghazipur,39,42,39-42 h,1.162500023841858,0.9133276607025872,1.061743427342186,0.0,NO ALERT,NO ALERT,20260706,00
Uttar Pradesh,Gonda,39,42,39-42 h,0.5357142686843872,3.0,1.6071428060531616,0.0,NO ALERT,NO ALERT,20260706,00
Uttar Pradesh,Gorakhpur,39,42,39-42 h,2.640625,3.0,7.921875,0.0,NO ALERT,NO ALERT,20260706,00
Uttar Pradesh,Hamirpur,39,42,39-42 h,1.2767857313156128,1.0,1.2767857313156128,0.0,NO ALERT,NO ALERT,20260706,00
Uttar Pradesh,Hardoi,39,42,39-42 h,0.0347222238779068,3.0,0.1041666716337204,0.0,NO ALERT,NO ALERT,20260706,00
Uttar Pradesh,Hathras,39,42,39-42 h,0.25,0.6899235208352951,0.17248088020882377,0.0,NO ALERT,NO ALERT,20260706,00
Uttar Pradesh,Jalaun,39,42,39-42 h,0.09375,1.0,0.09375,0.0,NO ALERT,NO ALERT,20260706,00
Uttar Pradesh,Jaunpur,39,42,39-42 h,0.015625,1.4820370115645944,0.023156828305696788,0.0,NO ALERT,NO ALERT,20260706,00
Uttar Pradesh,Jhansi,39,42,39-42 h,1.5208333730697632,1.0,1.5208333730697632,0.0,NO ALERT,NO ALERT,20260706,00
Uttar Pradesh,Jyotiba Phule Nagar,39,42,39-42 h,0.3125,2.7207409304746526,0.850231540773329,0.0,NO ALERT,NO ALERT,20260706,00
Uttar Pradesh,Kannauj,39,42,39-42 h,0.0,1.0,0.0,0.0,NO ALERT,NO ALERT,20260706,00
Uttar Pradesh,Kanpur,39,42,39-42 h,1.21875,3.0,3.65625,0.0,NO ALERT,NO ALERT,20260706,00
Uttar Pradesh,Kanpur Dehat,39,42,39-42 h,1.1517857313156128,1.0,1.1517857313156128,0.0,NO ALERT,NO ALERT,20260706,00
Uttar Pradesh,Kaushambi,39,42,39-42 h,0.0,0.8478967173116988,0.0,0.0,NO ALERT,NO ALERT,20260706,00
Uttar Pradesh,Kushinagar,39,42,39-42 h,1.1041666269302368,3.0,3.3124998807907104,0.0,NO ALERT,NO ALERT,20260706,00
Uttar Pradesh,Lakhimpur Kheri,39,42,39-42 h,0.0,3.0,0.0,0.0,NO ALERT,NO ALERT,20260706,00
Uttar Pradesh,Lalitpur,39,42,39-42 h,4.2109375,2.6401848571460835,11.117653421888587,0.0,MODERATE,NO ALERT,20260706,00
Uttar Pradesh,Lucknow,39,42,39-42 h,0.234375,2.284626632442603,0.5354593669787351,0.0,NO ALERT,NO ALERT,20260706,00
Uttar Pradesh,Maharajganj,39,42,39-42 h,0.7083333134651184,1.0,0.7083333134651184,0.0,NO ALERT,NO ALERT,20260706,00
Uttar Pradesh,Mahoba,39,42,39-42 h,1.0625,1.0,1.0625,0.0,NO ALERT,NO ALERT,20260706,00
Uttar Pradesh,Mainpuri,39,42,39-42 h,0.02500000037252903,2.6323788094303384,0.06580947121639598,0.0,NO ALERT,NO ALERT,20260706,00
Uttar Pradesh,Mathura,39,42,39-42 h,0.4124999940395355,0.7910712809124609,0.32631689866123786,0.0,NO ALERT,NO ALERT,20260706,00
Uttar Pradesh,Mau,39,42,39-42 h,3.987499952316284,1.9114426031786989,7.621877289030376,0.0,NO ALERT,NO ALERT,20260706,00
Uttar Pradesh,Meerut,39,42,39-42 h,2.515625,0.9643158928227719,2.4258571678822856,0.0,NO ALERT,NO ALERT,20260706,00
Uttar Pradesh,Mirzapur,39,42,39-42 h,0.0,0.35710016022873065,0.0,0.0,NO ALERT,NO ALERT,20260706,00
Uttar Pradesh,Moradabad,39,42,39-42 h,0.0416666679084301,1.91329315618519,0.0797205505502404,0.0,NO ALERT,NO ALERT,20260706,00
Uttar Pradesh,Muzaffarnagar,39,42,39-42 h,1.212499976158142,1.0943905970571934,1.326948572839542,0.0,NO ALERT,NO ALERT,20260706,00
Uttar Pradesh,Pilibhit,39,42,39-42 h,0.0833333358168602,3.0,0.2500000074505806,0.0,NO ALERT,NO ALERT,20260706,00
Uttar Pradesh,Pratapgarh,39,42,39-42 h,0.010416666977107525,1.7597048613363788,0.018330259518538235,0.0,NO ALERT,NO ALERT,20260706,00
Uttar Pradesh,Rae Bareli,39,42,39-42 h,0.03125,1.1033504252204083,0.03447970078813776,0.0,NO ALERT,NO ALERT,20260706,00
Uttar Pradesh,Rampur,39,42,39-42 h,0.015625,3.0,0.046875,0.0,NO ALERT,NO ALERT,20260706,00
Uttar Pradesh,Saharanpur,39,42,39-42 h,1.837499976158142,1.2072077539321737,2.2182442190682936,0.0,NO ALERT,NO ALERT,20260706,00
Uttar Pradesh,Sant Kabir Nagar,39,42,39-42 h,4.0,3.0,12.0,0.0,MODERATE,NO ALERT,20260706,00
Uttar Pradesh,Sant Ravi Das Nagar,39,42,39-42 h,0.0,0.7357740655714142,0.0,0.0,NO ALERT,NO ALERT,20260706,00
Uttar Pradesh,Shahjahanpur,39,42,39-42 h,0.0,3.0,0.0,0.0,NO ALERT,NO ALERT,20260706,00
Uttar Pradesh,Shravasti,39,42,39-42 h,0.015625,3.0,0.046875,0.0,NO ALERT,NO ALERT,20260706,00
Uttar Pradesh,Siddharth Nagar,39,42,39-42 h,0.1875,3.0,0.5625,0.0,NO ALERT,NO ALERT,20260706,00
Uttar Pradesh,Sitapur,39,42,39-42 h,0.013888888992369175,3.0,0.041666666977107525,0.0,NO ALERT,NO ALERT,20260706,00
Uttar Pradesh,Sonbhadra,39,42,39-42 h,0.0,0.36184466178439245,0.0,0.0,NO ALERT,NO ALERT,20260706,00
Uttar Pradesh,Sultanpur,39,42,39-42 h,0.2083333283662796,3.0,0.6249999850988388,0.0,NO ALERT,NO ALERT,20260706,00
Uttar Pradesh,Unnao,39,42,39-42 h,0.6458333134651184,2.072396332849315,1.3384225904570337,0.0,NO ALERT,NO ALERT,20260706,00
Uttar Pradesh,Varanasi,39,42,39-42 h,0.0,0.7173701896151363,0.0,0.0,NO ALERT,NO ALERT,20260706,00
Uttaranchal,Almora,39,42,39-42 h,3.234375,0.9821425065093953,3.176617169491325,0.0,NO ALERT,NO ALERT,20260706,00
Uttaranchal,Bageshwar,39,42,39-42 h,1.9375,1.1747002010493959,2.2759816395332044,0.0,NO ALERT,NO ALERT,20260706,00
Uttaranchal,Chamoli,39,42,39-42 h,1.4375,0.9639619688833851,1.3856953302698662,0.0,NO ALERT,NO ALERT,20260706,00
Uttaranchal,Champawat,39,42,39-42 h,1.78125,1.3345860907380185,2.3772314741270955,0.0,NO ALERT,NO ALERT,20260706,00
Uttaranchal,Dehra Dun,39,42,39-42 h,3.546875,0.6132870486378237,2.175252500637281,0.0,NO ALERT,NO ALERT,20260706,00
Uttaranchal,Haridwar,39,42,39-42 h,1.484375,3.0,4.453125,0.0,NO ALERT,NO ALERT,20260706,00
Uttaranchal,Naini Tal,39,42,39-42 h,1.2916666269302368,3.0,3.8749998807907104,0.0,NO ALERT,NO ALERT,20260706,00
Uttaranchal,Pauri Garhwal,39,42,39-42 h,1.0347222089767456,0.6525376956382899,0.6751952458714466,0.0,NO ALERT,NO ALERT,20260706,00
Uttaranchal,Pithoragarh,39,42,39-42 h,1.1875,1.4492140668178521,1.7209417043461994,0.0,NO ALERT,NO ALERT,20260706,00
Uttaranchal,Rudra Prayag,39,42,39-42 h,1.125,0.4569764664782921,0.5140985247880786,0.0,NO ALERT,NO ALERT,20260706,00
Uttaranchal,Tehri Garhwal,39,42,39-42 h,2.3229167461395264,0.43032490849803356,0.9996089362310415,0.0,NO ALERT,NO ALERT,20260706,00
Uttaranchal,Udham Singh Nagar,39,42,39-42 h,0.25,3.0,0.75,0.0,NO ALERT,NO ALERT,20260706,00
Uttaranchal,Uttarkashi,39,42,39-42 h,1.5,0.5922627381468989,0.8883941072203483,0.0,NO ALERT,NO ALERT,20260706,00
West Bengal,Bankura,39,42,39-42 h,0.4545454680919647,0.8139789747747026,0.36999045410598475,0.0,NO ALERT,NO ALERT,20260706,00
West Bengal,Barddhaman,39,42,39-42 h,0.28977271914482117,0.574892656930282,0.16658820841507865,0.0,NO ALERT,NO ALERT,20260706,00
West Bengal,Birbhum,39,42,39-42 h,0.3046875,0.5294498373329074,0.16131674731237022,0.0,NO ALERT,NO ALERT,20260706,00
West Bengal,Dakshin Dinajpur,39,42,39-42 h,1.9166666269302368,3.0,5.7499998807907104,0.0,NO ALERT,NO ALERT,20260706,00
West Bengal,Darjiling,39,42,39-42 h,5.337500095367432,0.7026692764985678,3.7504973303228697,0.0,NO ALERT,NO ALERT,20260706,00
West Bengal,East Midnapore,39,42,39-42 h,3.1458332538604736,0.8881573288438509,2.7939948597368782,0.0,NO ALERT,NO ALERT,20260706,00
West Bengal,Haora,39,42,39-42 h,5.5,1.2481811405444279,6.864996272994353,0.0,NO ALERT,NO ALERT,20260706,00
West Bengal,Hugli,39,42,39-42 h,0.75,0.8639513302480973,0.647963497686073,0.0,NO ALERT,NO ALERT,20260706,00
West Bengal,Jalpaiguri,39,42,39-42 h,4.75,0.4477323529410921,2.1267286764701874,0.0,NO ALERT,NO ALERT,20260706,00
West Bengal,Kochbihar,39,42,39-42 h,4.609375,0.4180542781060552,1.9269689381450983,0.0,NO ALERT,NO ALERT,20260706,00
West Bengal,Kolkata,39,42,39-42 h,0.0,1.0,0.0,0.0,NO ALERT,NO ALERT,20260706,00
West Bengal,Maldah,39,42,39-42 h,1.587499976158142,1.8447625989600538,2.9285605818665177,0.0,NO ALERT,NO ALERT,20260706,00
West Bengal,Murshidabad,39,42,39-42 h,0.6979166865348816,0.5481165988025845,0.38253972047106877,0.0,NO ALERT,NO ALERT,20260706,00
West Bengal,Nadia,39,42,39-42 h,0.4270833432674408,0.5519673667157511,0.2357360683514885,0.0,NO ALERT,NO ALERT,20260706,00
West Bengal,North 24 Parganas,39,42,39-42 h,2.3984375,0.5171853011924324,1.2404366208287247,0.0,NO ALERT,NO ALERT,20260706,00
West Bengal,Puruliya,39,42,39-42 h,0.0,0.5083553982476996,0.0,0.0,NO ALERT,NO ALERT,20260706,00
West Bengal,South 24 Parganas,39,42,39-42 h,3.1953125,0.39550141013305273,1.26375059956577,0.0,NO ALERT,NO ALERT,20260706,00
West Bengal,Uttar Dinajpur,39,42,39-42 h,1.4500000476837158,0.7118445881113709,1.0321746867048829,0.0,NO ALERT,NO ALERT,20260706,00
West Bengal,West Midnapore,39,42,39-42 h,0.5687500238418579,1.4849613290035115,0.8445717912749842,0.0,NO ALERT,NO ALERT,20260706,00
Arunachal Pradesh,Papum Pare,42,45,42-45 h,0.6000000238418579,0.9533183125255726,0.5719910102442234,0.0,NO ALERT,NO ALERT,20260706,00
Arunachal Pradesh,Tawang,42,45,42-45 h,0.0,1.1388765971638852,0.0,0.0,NO ALERT,NO ALERT,20260706,00
Arunachal Pradesh,Tirap,42,45,42-45 h,0.71875,0.3651383081547162,0.2624431589862023,0.0,NO ALERT,NO ALERT,20260706,00
Arunachal Pradesh,Upper Dibang Valley,42,45,42-45 h,0.27272728085517883,1.028310112978305,0.28044822098845484,0.0,NO ALERT,NO ALERT,20260706,00
Arunachal Pradesh,Upper Siang,42,45,42-45 h,0.5,1.2039424484099477,0.6019712242049738,0.0,NO ALERT,NO ALERT,20260706,00
Arunachal Pradesh,Upper Subansiri,42,45,42-45 h,0.3359375,0.5158400571515395,0.17329001919934528,0.0,NO ALERT,NO ALERT,20260706,00
Arunachal Pradesh,West Kameng,42,45,42-45 h,0.0,0.6603703450016216,0.0,0.0,NO ALERT,NO ALERT,20260706,00
Arunachal Pradesh,West Siang,42,45,42-45 h,0.21590909361839294,0.797134356200177,0.17210855633926142,0.0,NO ALERT,NO ALERT,20260706,00
Assam,Barpeta,42,45,42-45 h,0.3125,0.6024484372218926,0.1882651366318414,0.0,NO ALERT,NO ALERT,20260706,00
Assam,Bongaigaon,42,45,42-45 h,0.0,0.46296589037388325,0.0,0.0,NO ALERT,NO ALERT,20260706,00
Assam,Cachar,42,45,42-45 h,0.0,0.5608794743553766,0.0,0.0,NO ALERT,NO ALERT,20260706,00
Assam,Darrang,42,45,42-45 h,0.0,0.3,0.0,0.0,NO ALERT,NO ALERT,20260706,00
Assam,Dhemaji,42,45,42-45 h,0.0,0.3,0.0,0.0,NO ALERT,NO ALERT,20260706,00
Assam,Dhuburi,42,45,42-45 h,0.0,0.32508121737137274,0.0,0.0,NO ALERT,NO ALERT,20260706,00
Assam,Dibrugarh,42,45,42-45 h,0.0,0.3174379415214978,0.0,0.0,NO ALERT,NO ALERT,20260706,00
Assam,Goalpara,42,45,42-45 h,0.0,0.35666832552213257,0.0,0.0,NO ALERT,NO ALERT,20260706,00
Assam,Golaghat,42,45,42-45 h,0.32499998807907104,1.2381989938745952,0.4024146582487612,0.0,NO ALERT,NO ALERT,20260706,00
Assam,Hailakandi,42,45,42-45 h,0.25,0.8229121215241156,0.2057280303810289,0.0,NO ALERT,NO ALERT,20260706,00
Assam,Jorhat,42,45,42-45 h,0.0,0.6894283364621259,0.0,0.0,NO ALERT,NO ALERT,20260706,00
Assam,Kamrup,42,45,42-45 h,0.0,0.3664044900075036,0.0,0.0,NO ALERT,NO ALERT,20260706,00
Assam,Karbi Anglong,42,45,42-45 h,0.010416666977107525,0.4270362077260787,0.004448293963049473,0.0,NO ALERT,NO ALERT,20260706,00
Assam,Karimganj,42,45,42-45 h,0.0625,0.6822626455335654,0.04264141534584784,0.0,NO ALERT,NO ALERT,20260706,00
Assam,Kokrajhar,42,45,42-45 h,0.0,0.37030806257959376,0.0,0.0,NO ALERT,NO ALERT,20260706,00
Assam,Lakhimpur,42,45,42-45 h,0.0,0.8540887789555129,0.0,0.0,NO ALERT,NO ALERT,20260706,00
Assam,Marigaon,42,45,42-45 h,0.0,0.3,0.0,0.0,NO ALERT,NO ALERT,20260706,00
Assam,Nagaon,42,45,42-45 h,0.0,0.38673451003625536,0.0,0.0,NO ALERT,NO ALERT,20260706,00
Assam,Nalbari,42,45,42-45 h,0.0,0.5554100332386462,0.0,0.0,NO ALERT,NO ALERT,20260706,00
Assam,North Cachar Hills,42,45,42-45 h,0.0,1.1126078231817818,0.0,0.0,NO ALERT,NO ALERT,20260706,00
Assam,Sibsagar,42,45,42-45 h,0.0,0.6339424569321858,0.0,0.0,NO ALERT,NO ALERT,20260706,00
Assam,Sonitpur,42,45,42-45 h,0.0,0.3,0.0,0.0,NO ALERT,NO ALERT,20260706,00
Assam,Tinsukia,42,45,42-45 h,0.0,0.3,0.0,0.0,NO ALERT,NO ALERT,20260706,00
Bihar,Araria,42,45,42-45 h,0.40625,0.5229429825116881,0.2124455866453733,0.0,NO ALERT,NO ALERT,20260706,00
Bihar,Aurangabad,42,45,42-45 h,0.0,0.35000296398043534,0.0,0.0,NO ALERT,NO ALERT,20260706,00
Bihar,Banka,42,45,42-45 h,0.0625,0.7184756982670082,0.04490473114168801,0.0,NO ALERT,NO ALERT,20260706,00
Bihar,Begusarai,42,45,42-45 h,0.0,2.5062878804279856,0.0,0.0,NO ALERT,NO ALERT,20260706,00
Bihar,Bhabua,42,45,42-45 h,0.0,0.3407437709399486,0.0,0.0,NO ALERT,NO ALERT,20260706,00
Bihar,Bhagalpur,42,45,42-45 h,0.0416666679084301,1.0689963787452375,0.044541517108492176,0.0,NO ALERT,NO ALERT,20260706,00
Bihar,Bhojpur,42,45,42-45 h,0.0,0.4776323743598687,0.0,0.0,NO ALERT,NO ALERT,20260706,00
Bihar,Buxar,42,45,42-45 h,0.0,0.8075695227139618,0.0,0.0,NO ALERT,NO ALERT,20260706,00
Bihar,Darbhanga,42,45,42-45 h,0.0,3.0,0.0,0.0,NO ALERT,NO ALERT,20260706,00
Bihar,Gaya,42,45,42-45 h,0.0,0.363978205648116,0.0,0.0,NO ALERT,NO ALERT,20260706,00
Bihar,Gopalganj,42,45,42-45 h,4.890625,2.547002946333611,12.456436284412817,0.0,MODERATE,NO ALERT,20260706,00
Bihar,Jamui,42,45,42-45 h,0.0833333358168602,0.6349210991185491,0.05291009317005603,0.0,NO ALERT,NO ALERT,20260706,00
Bihar,Jehanabad,42,45,42-45 h,0.0,0.5056413165810456,0.0,0.0,NO ALERT,NO ALERT,20260706,00
Bihar,Katihar,42,45,42-45 h,0.02500000037252903,1.607854247376458,0.04019635678338383,0.0,NO ALERT,NO ALERT,20260706,00
Bihar,Khagaria,42,45,42-45 h,0.03125,1.903639559935811,0.05948873624799409,0.0,NO ALERT,NO ALERT,20260706,00
Bihar,Kishanganj,42,45,42-45 h,0.0,0.5333674240043547,0.0,0.0,NO ALERT,NO ALERT,20260706,00
Bihar,Lakhisarai,42,45,42-45 h,0.125,1.0458318462971934,0.13072898078714917,0.0,NO ALERT,NO ALERT,20260706,00
Bihar,Madhepura,42,45,42-45 h,0.0,1.1618894539535725,0.0,0.0,NO ALERT,NO ALERT,20260706,00
Bihar,Madhubani,42,45,42-45 h,0.0,1.4408870594945968,0.0,0.0,NO ALERT,NO ALERT,20260706,00
Bihar,Munger,42,45,42-45 h,0.40625,1.0672109647237193,0.43355445441901097,0.0,NO ALERT,NO ALERT,20260706,00
Bihar,Muzaffarpur,42,45,42-45 h,1.046875,2.179447337729882,2.28160893168597,0.0,NO ALERT,NO ALERT,20260706,00
Bihar,Nalanda,42,45,42-45 h,0.0,1.0296407182961889,0.0,0.0,NO ALERT,NO ALERT,20260706,00
Bihar,Nawada,42,45,42-45 h,0.0,0.4708261828175211,0.0,0.0,NO ALERT,NO ALERT,20260706,00
Bihar,Pashchim Champaran,42,45,42-45 h,0.7890625,2.3983339096854386,1.8924353506111664,0.0,NO ALERT,NO ALERT,20260706,00
Bihar,Patna,42,45,42-45 h,0.0,0.8338239891381003,0.0,0.0,NO ALERT,NO ALERT,20260706,00
Bihar,Purba Champaran,42,45,42-45 h,1.2625000476837158,3.0,3.7875001430511475,0.0,NO ALERT,NO ALERT,20260706,00
Bihar,Purnia,42,45,42-45 h,0.2291666716337204,0.5942910400177946,0.13619169962262012,0.0,NO ALERT,NO ALERT,20260706,00
Bihar,Rohtas,42,45,42-45 h,0.0,0.33297800858631404,0.0,0.0,NO ALERT,NO ALERT,20260706,00
Bihar,Saharsa,42,45,42-45 h,0.0,2.0970945990316596,0.0,0.0,NO ALERT,NO ALERT,20260706,00
Bihar,Samastipur,42,45,42-45 h,0.0,2.7195437456214746,0.0,0.0,NO ALERT,NO ALERT,20260706,00
Bihar,Saran,42,45,42-45 h,1.524999976158142,0.9861629519125841,1.5038984781547338,0.0,NO ALERT,NO ALERT,20260706,00
Bihar,Sheikhpura,42,45,42-45 h,0.0,0.7062180227612795,0.0,0.0,NO ALERT,NO ALERT,20260706,00
Bihar,Sheohar,42,45,42-45 h,0.375,1.0,0.375,0.0,NO ALERT,NO ALERT,20260706,00
Madhya Pradesh,Tikamgarh,42,45,42-45 h,0.0,3.0,0.0,0.0,NO ALERT,NO ALERT,20260706,00
Madhya Pradesh,Ujjain,42,45,42-45 h,0.0,0.3,0.0,0.0,NO ALERT,NO ALERT,20260706,00
Madhya Pradesh,Umaria,42,45,42-45 h,0.010416666977107525,0.3,0.0031250000931322573,0.0,NO ALERT,NO ALERT,20260706,00
Madhya Pradesh,Vidisha,42,45,42-45 h,10.38888931274414,0.41390940472058413,4.300058991145965,0.0,NO ALERT,NO ALERT,20260706,00
Madhya Pradesh,West Nimar,42,45,42-45 h,0.03125,0.44485233351497017,0.013901635422342818,0.0,NO ALERT,NO ALERT,20260706,00
Maharashtra,Ahmednagar,42,45,42-45 h,0.1339285671710968,0.3,0.040178570151329036,0.0,NO ALERT,NO ALERT,20260706,00
Maharashtra,Akola,42,45,42-45 h,0.0078125,0.6882367881901188,0.005376849907735303,0.0,NO ALERT,NO ALERT,20260706,00
Maharashtra,Amravati,42,45,42-45 h,0.0,0.9339314439149177,0.0,0.0,NO ALERT,NO ALERT,20260706,00
Maharashtra,Aurangabad,42,45,42-45 h,0.25,0.5067375479619736,0.1266843869904934,0.0,NO ALERT,NO ALERT,20260706,00
Maharashtra,Bhandara,42,45,42-45 h,0.0,0.44561608275608444,0.0,0.0,NO ALERT,NO ALERT,20260706,00
Maharashtra,Bid,42,45,42-45 h,0.02500000037252903,0.6836711063440929,0.017091777913289655,0.0,NO ALERT,NO ALERT,20260706,00
Maharashtra,Buldana,42,45,42-45 h,0.028846153989434242,1.3375042100354553,0.03858185240419934,0.0,NO ALERT,NO ALERT,20260706,00
Maharashtra,Chandrapur,42,45,42-45 h,0.0,1.3798679824200135,0.0,0.0,NO ALERT,NO ALERT,20260706,00
Maharashtra,Dhule,42,45,42-45 h,0.0,0.3092955395113148,0.0,0.0,NO ALERT,NO ALERT,20260706,00
Maharashtra,Garhchiroli,42,45,42-45 h,0.0,0.7873463730204786,0.0,0.0,NO ALERT,NO ALERT,20260706,00
Maharashtra,Gondiya,42,45,42-45 h,0.0,0.604748128777892,0.0,0.0,NO ALERT,NO ALERT,20260706,00
Maharashtra,Greater Bombay,42,45,42-45 h,0.0,0.3,0.0,0.0,NO ALERT,NO ALERT,20260706,00
Maharashtra,Hingoli,42,45,42-45 h,0.1145833358168602,2.239290183539015,0.2565853390918495,0.0,NO ALERT,NO ALERT,20260706,00
Maharashtra,Jalgaon,42,45,42-45 h,0.03750000149011612,0.5762232307671074,0.02160837201240605,0.0,NO ALERT,NO ALERT,20260706,00
Maharashtra,Jalna,42,45,42-45 h,0.21250000596046448,3.0,0.6375000178813934,0.0,NO ALERT,NO ALERT,20260706,00
Maharashtra,Kolhapur,42,45,42-45 h,0.0,0.41287151840747965,0.0,0.0,NO ALERT,NO ALERT,20260706,00
Maharashtra,Latur,42,45,42-45 h,0.0,1.50430828029553,0.0,0.0,NO ALERT,NO ALERT,20260706,00
Maharashtra,Nagpur,42,45,42-45 h,0.02500000037252903,0.5156920875720314,0.012892302381411059,0.0,NO ALERT,NO ALERT,20260706,00
Maharashtra,Nanded,42,45,42-45 h,0.004166666883975267,1.9327884430663378,0.008053285599454627,0.0,NO ALERT,NO ALERT,20260706,00
Maharashtra,Nandurbar,42,45,42-45 h,0.0,0.3,0.0,0.0,NO ALERT,NO ALERT,20260706,00
Maharashtra,Nashik,42,45,42-45 h,0.6005434989929199,0.3,0.18016304969787597,0.0,NO ALERT,NO ALERT,20260706,00
Maharashtra,Osmanabad,42,45,42-45 h,0.0,0.3793131751187402,0.0,0.0,NO ALERT,NO ALERT,20260706,00
Maharashtra,Parbhani,42,45,42-45 h,0.17499999701976776,3.0,0.5249999910593033,0.0,NO ALERT,NO ALERT,20260706,00
Madhya Pradesh,Balaghat,42,45,42-45 h,0.0,0.3,0.0,0.0,NO ALERT,NO ALERT,20260706,00
Madhya Pradesh,Barwani,42,45,42-45 h,0.6484375,0.336734408265465,0.2183512178596375,0.0,NO ALERT,NO ALERT,20260706,00
Madhya Pradesh,Betul,42,45,42-45 h,0.0,0.3,0.0,0.0,NO ALERT,NO ALERT,20260706,00
Madhya Pradesh,Bhind,42,45,42-45 h,0.1875,3.0,0.5625,0.0,NO ALERT,NO ALERT,20260706,00
Madhya Pradesh,Bhopal,42,45,42-45 h,2.5875000953674316,0.364615889459979,0.9434436487501766,0.0,NO ALERT,NO ALERT,20260706,00
Madhya Pradesh,Burhanpur,42,45,42-45 h,0.0625,1.2142310318773522,0.07588943949233451,0.0,NO ALERT,NO ALERT,20260706,00
Madhya Pradesh,Chhatarpur,42,45,42-45 h,0.0,2.317805072305432,0.0,0.0,NO ALERT,NO ALERT,20260706,00
Madhya Pradesh,Chhindwara,42,45,42-45 h,0.1041666641831398,0.3,0.03124999925494194,0.0,NO ALERT,NO ALERT,20260706,00
Madhya Pradesh,Damoh,42,45,42-45 h,0.0,0.36117172586835916,0.0,0.0,NO ALERT,NO ALERT,20260706,00
Rajasthan,Karauli,42,45,42-45 h,0.0,2.7439746691600675,0.0,0.0,NO ALERT,NO ALERT,20260706,00
Rajasthan,Kota,42,45,42-45 h,0.0,2.9527826759430753,0.0,0.0,NO ALERT,NO ALERT,20260706,00
Rajasthan,Nagaur,42,45,42-45 h,0.0,1.1882893373752281,0.0,0.0,NO ALERT,NO ALERT,20260706,00
Rajasthan,Pali,42,45,42-45 h,0.06617647409439087,0.3,0.01985294222831726,0.0,NO ALERT,NO ALERT,20260706,00
Rajasthan,Rajsamand,42,45,42-45 h,0.0,0.3,0.0,0.0,NO ALERT,NO ALERT,20260706,00
Rajasthan,Sawai Madhopur,42,45,42-45 h,0.0,3.0,0.0,0.0,NO ALERT,NO ALERT,20260706,00
Rajasthan,Sikar,42,45,42-45 h,2.2447917461395264,1.51752888887864,3.4065363242830577,0.0,NO ALERT,NO ALERT,20260706,00
Rajasthan,Sirohi,42,45,42-45 h,0.0,0.3,0.0,0.0,NO ALERT,NO ALERT,20260706,00
Tamil Nadu,Madurai,42,45,42-45 h,0.0,1.0,0.0,0.0,NO ALERT,NO ALERT,20260706,00
Tamil Nadu,Nagapattinam,42,45,42-45 h,0.0,3.0,0.0,0.0,NO ALERT,NO ALERT,20260706,00
Tamil Nadu,Namakkal,42,45,42-45 h,0.0,1.0,0.0,0.0,NO ALERT,NO ALERT,20260706,00
Tamil Nadu,Nilgiris,42,45,42-45 h,0.0,1.7038905536806261,0.0,0.0,NO ALERT,NO ALERT,20260706,00
Tamil Nadu,Perambalur,42,45,42-45 h,0.0,1.0,0.0,0.0,NO ALERT,NO ALERT,20260706,00
Tamil Nadu,Pudukkottai,42,45,42-45 h,0.0,1.0,0.0,0.0,NO ALERT,NO ALERT,20260706,00
Tamil Nadu,Ramanathapuram,42,45,42-45 h,0.0,1.0,0.0,0.0,NO ALERT,NO ALERT,20260706,00
Tamil Nadu,Salem,42,45,42-45 h,0.0,1.0,0.0,0.0,NO ALERT,NO ALERT,20260706,00
Andaman and Nicobar,Andaman Islands,42,45,42-45 h,0.0486111119389534,1.0,0.0486111119389534,0.0,NO ALERT,NO ALERT,20260706,00
Andaman and Nicobar,Nicobar Islands,42,45,42-45 h,0.0,1.0,0.0,0.0,NO ALERT,NO ALERT,20260706,00
Andhra Pradesh,Adilabad,42,45,42-45 h,0.0,3.0,0.0,0.0,NO ALERT,NO ALERT,20260706,00
Andhra Pradesh,Anantapur,42,45,42-45 h,0.0,1.0,0.0,0.0,NO ALERT,NO ALERT,20260706,00
Andhra Pradesh,Chittoor,42,45,42-45 h,0.0,1.0,0.0,0.0,NO ALERT,NO ALERT,20260706,00
Andhra Pradesh,Cuddapah,42,45,42-45 h,0.0,1.0,0.0,0.0,NO ALERT,NO ALERT,20260706,00
Andhra Pradesh,East Godavari,42,45,42-45 h,0.025735294446349144,3.0,0.07720588333904743,0.0,NO ALERT,NO ALERT,20260706,00
Andhra Pradesh,Guntur,42,45,42-45 h,0.0,3.0,0.0,0.0,NO ALERT,NO ALERT,20260706,00
Andhra Pradesh,Hyderabad,42,45,42-45 h,0.0,1.0,0.0,0.0,NO ALERT,NO ALERT,20260706,00
Andhra Pradesh,Karimnagar,42,45,42-45 h,0.0,2.1393520898236744,0.0,0.0,NO ALERT,NO ALERT,20260706,00
Andhra Pradesh,Khammam,42,45,42-45 h,0.00657894741743803,3.0,0.01973684225231409,0.0,NO ALERT,NO ALERT,20260706,00
Andhra Pradesh,Krishna,42,45,42-45 h,0.0,3.0,0.0,0.0,NO ALERT,NO ALERT,20260706,00
Andhra Pradesh,Kurnool,42,45,42-45 h,0.0,3.0,0.0,0.0,NO ALERT,NO ALERT,20260706,00
Andhra Pradesh,Mahbubnagar,42,45,42-45 h,0.0,3.0,0.0,0.0,NO ALERT,NO ALERT,20260706,00
Andhra Pradesh,Medak,42,45,42-45 h,0.0,1.1350579038438837,0.0,0.0,NO ALERT,NO ALERT,20260706,00
Andhra Pradesh,Nalgonda,42,45,42-45 h,0.0,3.0,0.0,0.0,NO ALERT,NO ALERT,20260706,00
Andhra Pradesh,Nellore,42,45,42-45 h,0.0,1.0,0.0,0.0,NO ALERT,NO ALERT,20260706,00
Andhra Pradesh,Nizamabad,42,45,42-45 h,0.0,3.0,0.0,0.0,NO ALERT,NO ALERT,20260706,00
Andhra Pradesh,Prakasam,42,45,42-45 h,0.0,1.0,0.0,0.0,NO ALERT,NO ALERT,20260706,00
Andhra Pradesh,Rangareddi,42,45,42-45 h,0.0,2.274697750563405,0.0,0.0,NO ALERT,NO ALERT,20260706,00
Andhra Pradesh,Srikakulam,42,45,42-45 h,0.012500000186264515,3.0,0.037500000558793545,0.0,NO ALERT,NO ALERT,20260706,00
Andhra Pradesh,Vishakhapatnam,42,45,42-45 h,0.09166666865348816,3.0,0.2750000059604645,0.0,NO ALERT,NO ALERT,20260706,00
Andhra Pradesh,Vizianagaram,42,45,42-45 h,0.013888888992369175,3.0,0.041666666977107525,0.0,NO ALERT,NO ALERT,20260706,00
Andhra Pradesh,Warangal,42,45,42-45 h,0.0,3.0,0.0,0.0,NO ALERT,NO ALERT,20260706,00
Andhra Pradesh,West Godavari,42,45,42-45 h,0.0062500000931322575,3.0,0.018750000279396772,0.0,NO ALERT,NO ALERT,20260706,00
Arunachal Pradesh,Changlang,42,45,42-45 h,1.328125,0.3,0.3984375,0.0,NO ALERT,NO ALERT,20260706,00
Arunachal Pradesh,East Kameng,42,45,42-45 h,0.125,0.4269880196000505,0.05337350245000631,0.0,NO ALERT,NO ALERT,20260706,00
Arunachal Pradesh,East Siang,42,45,42-45 h,0.0446428582072258,0.45628493034155115,0.02036986344733177,0.0,NO ALERT,NO ALERT,20260706,00
Arunachal Pradesh,Kurung Kumey,42,45,42-45 h,0.0,0.7126390600047544,0.0,0.0,NO ALERT,NO ALERT,20260706,00
Arunachal Pradesh,Lohit,42,45,42-45 h,0.6041666865348816,0.3,0.18125000596046448,0.0,NO ALERT,NO ALERT,20260706,00
Arunachal Pradesh,Lower Dibang Valley,42,45,42-45 h,0.625,0.3,0.1875,0.0,NO ALERT,NO ALERT,20260706,00
Arunachal Pradesh,Lower Subansiri,42,45,42-45 h,0.0,0.6416184837284099,0.0,0.0,NO ALERT,NO ALERT,20260706,00
Bihar,Sitamarhi,42,45,42-45 h,0.2291666716337204,3.0,0.6875000149011612,0.0,NO ALERT,NO ALERT,20260706,00
Bihar,Siwan,42,45,42-45 h,3.2708332538604736,1.4389760456555118,4.706650701638695,0.0,NO ALERT,NO ALERT,20260706,00
Bihar,Supaul,42,45,42-45 h,0.2916666567325592,0.890582586739991,0.25975324561868757,0.0,NO ALERT,NO ALERT,20260706,00
Bihar,Vaishali,42,45,42-45 h,0.046875,1.2193520432551004,0.05715712702758283,0.0,NO ALERT,NO ALERT,20260706,00
Chandigarh,Chandigarh,42,45,42-45 h,0.3125,1.1884359977669912,0.3713862493021847,0.0,NO ALERT,NO ALERT,20260706,00
Chhattisgarh,Bastar,42,45,42-45 h,0.14772726595401764,0.5807237067170128,0.08578872546798709,0.0,NO ALERT,NO ALERT,20260706,00
Chhattisgarh,Bilaspur,42,45,42-45 h,0.02083333395421505,0.3,0.006250000186264515,0.0,NO ALERT,NO ALERT,20260706,00
Chhattisgarh,Dantewada,42,45,42-45 h,0.07065217196941376,1.7403026932816885,0.12295616516457178,0.0,NO ALERT,NO ALERT,20260706,00
Chhattisgarh,Dhamtari,42,45,42-45 h,0.0,0.3,0.0,0.0,NO ALERT,NO ALERT,20260706,00
Chhattisgarh,Durg,42,45,42-45 h,0.0,0.3,0.0,0.0,NO ALERT,NO ALERT,20260706,00
Chhattisgarh,Janjgir-Champa,42,45,42-45 h,0.0,0.3,0.0,0.0,NO ALERT,NO ALERT,20260706,00
Chhattisgarh,Jashpur,42,45,42-45 h,0.07500000298023224,0.3,0.02250000089406967,0.0,NO ALERT,NO ALERT,20260706,00
Chhattisgarh,Kanker,42,45,42-45 h,0.0,0.31181627116571115,0.0,0.0,NO ALERT,NO ALERT,20260706,00
Chhattisgarh,Kawardha,42,45,42-45 h,0.0,0.3,0.0,0.0,NO ALERT,NO ALERT,20260706,00
Chhattisgarh,Korba,42,45,42-45 h,0.1180555522441864,0.3,0.035416665673255916,0.0,NO ALERT,NO ALERT,20260706,00
Chhattisgarh,Koriya,42,45,42-45 h,0.0625,0.3,0.01875,0.0,NO ALERT,NO ALERT,20260706,00
Chhattisgarh,Mahasamund,42,45,42-45 h,0.0,0.3,0.0,0.0,NO ALERT,NO ALERT,20260706,00
Chhattisgarh,Raigarh,42,45,42-45 h,0.034090910106897354,0.3,0.010227273032069205,0.0,NO ALERT,NO ALERT,20260706,00
Chhattisgarh,Raipur,42,45,42-45 h,0.00390625,0.3,0.001171875,0.0,NO ALERT,NO ALERT,20260706,00
Chhattisgarh,Raj Nandgaon,42,45,42-45 h,0.0,0.47455991292457994,0.0,0.0,NO ALERT,NO ALERT,20260706,00
Chhattisgarh,Surguja,42,45,42-45 h,0.0338541679084301,0.3,0.010156250372529029,0.0,NO ALERT,NO ALERT,20260706,00
Dadra and Nagar Haveli,Dadra and Nagar Haveli,42,45,42-45 h,0.0,0.3,0.0,0.0,NO ALERT,NO ALERT,20260706,00
Daman and Diu,Daman,42,45,42-45 h,0.0,1.0,0.0,0.0,NO ALERT,NO ALERT,20260706,00
Daman and Diu,Junagadh,42,45,42-45 h,0.0,0.3,0.0,0.0,NO ALERT,NO ALERT,20260706,00
Delhi,Delhi,42,45,42-45 h,1.8541666269302368,0.7680284695981865,1.4240527568612613,0.0,NO ALERT,NO ALERT,20260706,00
Goa,North Goa,42,45,42-45 h,0.0,0.3,0.0,0.0,NO ALERT,NO ALERT,20260706,00
Goa,South Goa,42,45,42-45 h,0.0,0.3652758638408204,0.0,0.0,NO ALERT,NO ALERT,20260706,00
Gujarat,Ahmadabad,42,45,42-45 h,0.012500000186264515,0.3,0.0037500000558793544,0.0,NO ALERT,NO ALERT,20260706,00
Gujarat,Amreli,42,45,42-45 h,0.3579545319080353,0.3,0.10738635957241058,0.0,NO ALERT,NO ALERT,20260706,00
Gujarat,Anand,42,45,42-45 h,0.30000001192092896,0.3,0.09000000357627869,0.0,NO ALERT,NO ALERT,20260706,00
Gujarat,Banas Kantha,42,45,42-45 h,0.004464285913854837,0.3,0.0013392857741564511,0.0,NO ALERT,NO ALERT,20260706,00
Gujarat,Bharuch,42,45,42-45 h,0.5625,0.3,0.16874999999999998,0.0,NO ALERT,NO ALERT,20260706,00
Gujarat,Bhavnagar,42,45,42-45 h,0.0,0.3,0.0,0.0,NO ALERT,NO ALERT,20260706,00
Gujarat,Dahod,42,45,42-45 h,0.0,0.3,0.0,0.0,NO ALERT,NO ALERT,20260706,00
Gujarat,Gandhinagar,42,45,42-45 h,0.15625,0.3,0.046875,0.0,NO ALERT,NO ALERT,20260706,00
Gujarat,Jamnagar,42,45,42-45 h,0.01953125,1.0297514316198848,0.020112332648825875,0.0,NO ALERT,NO ALERT,20260706,00
Gujarat,Junagadh,42,45,42-45 h,0.8011363744735718,0.3,0.24034091234207153,0.0,NO ALERT,NO ALERT,20260706,00
Gujarat,Kachchh,42,45,42-45 h,0.012500000186264515,1.0429478032131136,0.013036847734428087,0.0,NO ALERT,NO ALERT,20260706,00
Gujarat,Kheda,42,45,42-45 h,0.6458333134651184,0.3,0.19374999403953552,0.0,NO ALERT,NO ALERT,20260706,00
Gujarat,Mahesana,42,45,42-45 h,0.4285714328289032,0.3,0.12857142984867095,0.0,NO ALERT,NO ALERT,20260706,00
Gujarat,Narmada,42,45,42-45 h,0.0,0.33628631261391084,0.0,0.0,NO ALERT,NO ALERT,20260706,00
Gujarat,Navsari,42,45,42-45 h,1.171875,0.3,0.3515625,0.0,NO ALERT,NO ALERT,20260706,00
Gujarat,Panch Mahals,42,45,42-45 h,0.03750000149011612,0.38515868720859836,0.014443451344253606,0.0,NO ALERT,NO ALERT,20260706,00
Gujarat,Patan,42,45,42-45 h,0.02083333395421505,0.3,0.006250000186264515,0.0,NO ALERT,NO ALERT,20260706,00
Gujarat,Porbandar,42,45,42-45 h,0.0,3.0,0.0,0.0,NO ALERT,NO ALERT,20260706,00
Gujarat,Rajkot,42,45,42-45 h,0.0,0.3,0.0,0.0,NO ALERT,NO ALERT,20260706,00
Gujarat,Sabar Kantha,42,45,42-45 h,9.104166984558105,0.3,2.7312500953674315,0.0,NO ALERT,NO ALERT,20260706,00
Gujarat,Surat,42,45,42-45 h,0.643750011920929,0.32712919453700195,0.2105894228828789,0.0,NO ALERT,NO ALERT,20260706,00
Gujarat,Surendranagar,42,45,42-45 h,0.05000000074505806,0.3,0.015000000223517418,0.0,NO ALERT,NO ALERT,20260706,00
Gujarat,The Dangs,42,45,42-45 h,0.2291666716337204,0.6236297049513208,0.14291514381561327,0.0,NO ALERT,NO ALERT,20260706,00
Gujarat,Vadodara,42,45,42-45 h,0.9322916865348816,0.3522998571050929,0.3284462279465048,0.0,NO ALERT,NO ALERT,20260706,00
Gujarat,Valsad,42,45,42-45 h,0.78125,0.3,0.234375,0.0,NO ALERT,NO ALERT,20260706,00
Haryana,Ambala,42,45,42-45 h,1.6875,0.6762277229722136,1.1411342825156103,0.0,NO ALERT,NO ALERT,20260706,00
Haryana,Bhiwani,42,45,42-45 h,2.0625,1.7078232852568205,3.5223855258421923,0.0,NO ALERT,NO ALERT,20260706,00
Haryana,Faridabad,42,45,42-45 h,2.28125,0.8712532145408735,1.9875463956713675,0.0,NO ALERT,NO ALERT,20260706,00
Haryana,Fatehabad,42,45,42-45 h,0.0,1.0808056670009505,0.0,0.0,NO ALERT,NO ALERT,20260706,00
Haryana,Gurgaon,42,45,42-45 h,0.78125,1.3004888747066055,1.0160069333645354,0.0,NO ALERT,NO ALERT,20260706,00
Haryana,Hisar,42,45,42-45 h,0.5625,0.9496809693817465,0.5341955452772325,0.0,NO ALERT,NO ALERT,20260706,00
Haryana,Jhajjar,42,45,42-45 h,0.7916666865348816,1.6618096732806247,1.3155993576976863,0.0,NO ALERT,NO ALERT,20260706,00
Haryana,Jind,42,45,42-45 h,2.375,0.7717056323525144,1.8328008768372217,0.0,NO ALERT,NO ALERT,20260706,00
Haryana,Kaithal,42,45,42-45 h,0.25,0.6331763172108541,0.15829407930271353,0.0,NO ALERT,NO ALERT,20260706,00
Haryana,Karnal,42,45,42-45 h,0.6875,0.5159404245146241,0.35470904185380403,0.0,NO ALERT,NO ALERT,20260706,00
Haryana,Kurukshetra,42,45,42-45 h,0.4375,0.6033338297736488,0.26395855052597134,0.0,NO ALERT,NO ALERT,20260706,00
Haryana,Mahendragarh,42,45,42-45 h,9.71875,1.1386681831985863,11.06643140546126,0.0,MODERATE,NO ALERT,20260706,00
Haryana,Panchkula,42,45,42-45 h,2.25,0.6671410727647323,1.5010674137206477,0.0,NO ALERT,NO ALERT,20260706,00
Haryana,Panipat,42,45,42-45 h,1.6875,1.0415843239201417,1.7576735466152391,0.0,NO ALERT,NO ALERT,20260706,00
Haryana,Rewari,42,45,42-45 h,1.75,1.1674745883169169,2.0430805295546044,0.0,NO ALERT,NO ALERT,20260706,00
Haryana,Rohtak,42,45,42-45 h,5.166666507720947,1.2603472433768046,6.511793890453358,0.0,NO ALERT,NO ALERT,20260706,00
Haryana,Sirsa,42,45,42-45 h,0.0,1.4831194250452018,0.0,0.0,NO ALERT,NO ALERT,20260706,00
Haryana,Sonepat,42,45,42-45 h,3.0208332538604736,0.7724164037051864,2.3333411581399432,0.0,NO ALERT,NO ALERT,20260706,00
Haryana,Yamuna Nagar,42,45,42-45 h,0.375,0.6918813868041921,0.259455520051572,0.0,NO ALERT,NO ALERT,20260706,00
Himachal Pradesh,Bilaspur,42,45,42-45 h,0.375,0.43793651979773524,0.16422619492415072,0.0,NO ALERT,NO ALERT,20260706,00
Himachal Pradesh,Chamba,42,45,42-45 h,0.125,0.47998853587409984,0.05999856698426248,0.0,NO ALERT,NO ALERT,20260706,00
Himachal Pradesh,Hamirpur,42,45,42-45 h,0.90625,0.3222888511402842,0.2920742713458826,0.0,NO ALERT,NO ALERT,20260706,00
Himachal Pradesh,Kangra,42,45,42-45 h,0.1171875,0.491764254011286,0.05762862351694758,0.0,NO ALERT,NO ALERT,20260706,00
Himachal Pradesh,Kinnaur,42,45,42-45 h,0.0,0.5900100248843969,0.0,0.0,NO ALERT,NO ALERT,20260706,00
Himachal Pradesh,Kullu,42,45,42-45 h,0.0,0.48471900161399284,0.0,0.0,NO ALERT,NO ALERT,20260706,00
Himachal Pradesh,Lahul and Spiti,42,45,42-45 h,0.0972222238779068,1.1034755877631228,0.10728235063731112,0.0,NO ALERT,NO ALERT,20260706,00
Himachal Pradesh,Mandi,42,45,42-45 h,0.2750000059604645,0.41181400265740536,0.11324885318538921,0.0,NO ALERT,NO ALERT,20260706,00
Himachal Pradesh,Shimla,42,45,42-45 h,0.02083333395421505,0.38421361333609627,0.008004450516386546,0.0,NO ALERT,NO ALERT,20260706,00
Himachal Pradesh,Sirmaur,42,45,42-45 h,1.649999976158142,0.5853734282891708,0.9658661427207418,0.0,NO ALERT,NO ALERT,20260706,00
Himachal Pradesh,Solan,42,45,42-45 h,0.25,0.501145504684414,0.1252863761711035,0.0,NO ALERT,NO ALERT,20260706,00
Himachal Pradesh,Una,42,45,42-45 h,0.0,0.5308169916656943,0.0,0.0,NO ALERT,NO ALERT,20260706,00
Jammu and Kashmir,Anantnag (Kashmir South),42,45,42-45 h,0.0,1.3868985192801786,0.0,0.0,NO ALERT,NO ALERT,20260706,00
Jammu and Kashmir,Bagdam,42,45,42-45 h,0.0833333358168602,1.7381670057123004,0.1448472547928095,0.0,NO ALERT,NO ALERT,20260706,00
Jammu and Kashmir,Baramula (Kashmir North),42,45,42-45 h,0.008928571827709675,2.3802491119877285,0.021252225164224602,0.0,NO ALERT,NO ALERT,20260706,00
Jammu and Kashmir,Doda,42,45,42-45 h,0.0882352963089943,0.9310309851117253,0.08214979484418794,0.0,NO ALERT,NO ALERT,20260706,00
Jammu and Kashmir,Jammu,42,45,42-45 h,0.0,2.1214535699251704,0.0,0.0,NO ALERT,NO ALERT,20260706,00
Jammu and Kashmir,Kargil,42,45,42-45 h,0.0027173913549631834,3.0,0.00815217406488955,0.0,NO ALERT,NO ALERT,20260706,00
Jammu and Kashmir,Kathua,42,45,42-45 h,0.0,0.7421973154339496,0.0,0.0,NO ALERT,NO ALERT,20260706,00
Jammu and Kashmir,Kupwara (Muzaffarabad),42,45,42-45 h,0.0,2.805712758686526,0.0,0.0,NO ALERT,NO ALERT,20260706,00
Jammu and Kashmir,Ladakh (Leh),42,45,42-45 h,0.024166665971279144,0.6253946944730077,0.015113704681539351,0.0,NO ALERT,NO ALERT,20260706,00
Jammu and Kashmir,Pulwama,42,45,42-45 h,0.0,3.0,0.0,0.0,NO ALERT,NO ALERT,20260706,00
Jammu and Kashmir,Punch,42,45,42-45 h,0.0,0.9080148049822427,0.0,0.0,NO ALERT,NO ALERT,20260706,00
Jammu and Kashmir,Rajauri,42,45,42-45 h,0.0,1.6908137329342856,0.0,0.0,NO ALERT,NO ALERT,20260706,00
Jammu and Kashmir,Srinagar,42,45,42-45 h,0.0625,1.1768416745126433,0.07355260465704021,0.0,NO ALERT,NO ALERT,20260706,00
Jammu and Kashmir,Udhampur,42,45,42-45 h,0.0,0.9046338825169598,0.0,0.0,NO ALERT,NO ALERT,20260706,00
Jharkhand,Bokaro,42,45,42-45 h,0.0,0.43038052424230994,0.0,0.0,NO ALERT,NO ALERT,20260706,00
Jharkhand,Chatra,42,45,42-45 h,0.0,0.47580298707457397,0.0,0.0,NO ALERT,NO ALERT,20260706,00
Jharkhand,Deoghar,42,45,42-45 h,0.203125,0.43042539217912484,0.08743015778638473,0.0,NO ALERT,NO ALERT,20260706,00
Jharkhand,Dhanbad,42,45,42-45 h,0.234375,0.3,0.0703125,0.0,NO ALERT,NO ALERT,20260706,00
Jharkhand,Dumka,42,45,42-45 h,0.07500000298023224,0.5747174401032172,0.04310380972053274,0.0,NO ALERT,NO ALERT,20260706,00
Jharkhand,Garhwa,42,45,42-45 h,0.010416666977107525,0.3,0.0031250000931322573,0.0,NO ALERT,NO ALERT,20260706,00
Jharkhand,Giridih,42,45,42-45 h,0.0703125,0.3,0.021093749999999998,0.0,NO ALERT,NO ALERT,20260706,00
Jharkhand,Godda,42,45,42-45 h,0.0,1.241563229918693,0.0,0.0,NO ALERT,NO ALERT,20260706,00
Jharkhand,Gumla,42,45,42-45 h,0.02083333395421505,0.3,0.006250000186264515,0.0,NO ALERT,NO ALERT,20260706,00
Jharkhand,Hazaribag,42,45,42-45 h,0.0,0.42314411896564175,0.0,0.0,NO ALERT,NO ALERT,20260706,00
Jharkhand,Jamtara,42,45,42-45 h,0.09375,0.46008470755189523,0.04313294133299018,0.0,NO ALERT,NO ALERT,20260706,00
Jharkhand,Koderma,42,45,42-45 h,0.02083333395421505,0.3039175085951896,0.006331614951096608,0.0,NO ALERT,NO ALERT,20260706,00
Jharkhand,Latehar,42,45,42-45 h,0.0,0.3665391067324198,0.0,0.0,NO ALERT,NO ALERT,20260706,00
Jharkhand,Lohardaga,42,45,42-45 h,0.0,0.39624014819091274,0.0,0.0,NO ALERT,NO ALERT,20260706,00
Jharkhand,Pakur,42,45,42-45 h,0.0,0.6035076534919583,0.0,0.0,NO ALERT,NO ALERT,20260706,00
Jharkhand,Palamu,42,45,42-45 h,0.0,0.3737988343625059,0.0,0.0,NO ALERT,NO ALERT,20260706,00
Jharkhand,Pashchim Singhbhum,42,45,42-45 h,0.0,0.45311129700376257,0.0,0.0,NO ALERT,NO ALERT,20260706,00
Jharkhand,Purba Singhbhum,42,45,42-45 h,0.0,0.9904194813681165,0.0,0.0,NO ALERT,NO ALERT,20260706,00
Jharkhand,Ranchi,42,45,42-45 h,0.0,0.43312750651481624,0.0,0.0,NO ALERT,NO ALERT,20260706,00
Jharkhand,Sahibganj,42,45,42-45 h,0.05000000074505806,0.9271637311929378,0.0463581872504377,0.0,NO ALERT,NO ALERT,20260706,00
Jharkhand,Saraikela Kharsawan,42,45,42-45 h,0.0,0.7038710866727816,0.0,0.0,NO ALERT,NO ALERT,20260706,00
Jharkhand,Simdega,42,45,42-45 h,0.1953125,0.3,0.05859375,0.0,NO ALERT,NO ALERT,20260706,00
Karnataka,Bagalkot,42,45,42-45 h,0.012500000186264515,1.1632799061220045,0.014540999043202824,0.0,NO ALERT,NO ALERT,20260706,00
Karnataka,Bangalore Rural,42,45,42-45 h,0.0,3.0,0.0,0.0,NO ALERT,NO ALERT,20260706,00
Karnataka,Bangalore Urban,42,45,42-45 h,0.0,3.0,0.0,0.0,NO ALERT,NO ALERT,20260706,00
Karnataka,Belgaum,42,45,42-45 h,0.0036764706019312143,0.8973372374527518,0.0032990339735132117,0.0,NO ALERT,NO ALERT,20260706,00
Karnataka,Bellary,42,45,42-45 h,0.0,2.70287473371527,0.0,0.0,NO ALERT,NO ALERT,20260706,00
Karnataka,Bidar,42,45,42-45 h,0.0,1.0018766190120068,0.0,0.0,NO ALERT,NO ALERT,20260706,00
Karnataka,Bijapur,42,45,42-45 h,0.0446428582072258,3.0,0.1339285746216774,0.0,NO ALERT,NO ALERT,20260706,00
Karnataka,Chamrajnagar,42,45,42-45 h,0.0,3.0,0.0,0.0,NO ALERT,NO ALERT,20260706,00
Karnataka,Chikmagalur,42,45,42-45 h,0.0,0.9744358301784026,0.0,0.0,NO ALERT,NO ALERT,20260706,00
Karnataka,Chitradurga,42,45,42-45 h,0.0,3.0,0.0,0.0,NO ALERT,NO ALERT,20260706,00
Karnataka,Dakshin Kannad,42,45,42-45 h,0.0,0.48296471969249655,0.0,0.0,NO ALERT,NO ALERT,20260706,00
Karnataka,Davanagere,42,45,42-45 h,0.0,1.0634182151425726,0.0,0.0,NO ALERT,NO ALERT,20260706,00
Karnataka,Dharwad,42,45,42-45 h,0.03125,0.6005924706507083,0.018768514707834635,0.0,NO ALERT,NO ALERT,20260706,00
Karnataka,Gadag,42,45,42-45 h,0.0,1.0104995631984701,0.0,0.0,NO ALERT,NO ALERT,20260706,00
Karnataka,Gulbarga,42,45,42-45 h,0.0029761905316263437,1.3275990324998463,0.003951187670322338,0.0,NO ALERT,NO ALERT,20260706,00
Karnataka,Hassan,42,45,42-45 h,0.012500000186264515,1.3953514149603434,0.017441892946908746,0.0,NO ALERT,NO ALERT,20260706,00
Karnataka,Haveri,42,45,42-45 h,0.0,0.8339001601670177,0.0,0.0,NO ALERT,NO ALERT,20260706,00
Karnataka,Kodagu,42,45,42-45 h,0.0,0.9891691490121184,0.0,0.0,NO ALERT,NO ALERT,20260706,00
Karnataka,Kolar,42,45,42-45 h,0.0,1.0,0.0,0.0,NO ALERT,NO ALERT,20260706,00
Karnataka,Koppal,42,45,42-45 h,0.0,1.3672411486472411,0.0,0.0,NO ALERT,NO ALERT,20260706,00
Karnataka,Mandya,42,45,42-45 h,0.0,3.0,0.0,0.0,NO ALERT,NO ALERT,20260706,00
Karnataka,Mysore,42,45,42-45 h,0.0078125,3.0,0.0234375,0.0,NO ALERT,NO ALERT,20260706,00
Karnataka,Raichur,42,45,42-45 h,0.0,1.9789763859973823,0.0,0.0,NO ALERT,NO ALERT,20260706,00
Karnataka,Shimoga,42,45,42-45 h,0.0,0.6521122332003625,0.0,0.0,NO ALERT,NO ALERT,20260706,00
Karnataka,Tumkur,42,45,42-45 h,0.005681818351149559,3.0,0.017045455053448677,0.0,NO ALERT,NO ALERT,20260706,00
Karnataka,Udupi,42,45,42-45 h,0.0,0.36293434267993313,0.0,0.0,NO ALERT,NO ALERT,20260706,00
Karnataka,Uttar Kannand,42,45,42-45 h,0.0,0.4136012505834986,0.0,0.0,NO ALERT,NO ALERT,20260706,00
Kerala,Alappuzha,42,45,42-45 h,0.0,2.864364265748771,0.0,0.0,NO ALERT,NO ALERT,20260706,00
Kerala,Ernakulam,42,45,42-45 h,0.0,0.8273595857165152,0.0,0.0,NO ALERT,NO ALERT,20260706,00
Kerala,Idukki,42,45,42-45 h,0.0,1.1481059089541104,0.0,0.0,NO ALERT,NO ALERT,20260706,00
Kerala,Kannur,42,45,42-45 h,0.0,0.39296054227725635,0.0,0.0,NO ALERT,NO ALERT,20260706,00
Kerala,Kasaragod,42,45,42-45 h,0.0,0.4895700959949935,0.0,0.0,NO ALERT,NO ALERT,20260706,00
Kerala,Kollam,42,45,42-45 h,0.0,0.9608015244614043,0.0,0.0,NO ALERT,NO ALERT,20260706,00
Kerala,Kottayam,42,45,42-45 h,0.0,0.9196575889749057,0.0,0.0,NO ALERT,NO ALERT,20260706,00
Kerala,Kozhikode,42,45,42-45 h,0.0,0.37264617476151884,0.0,0.0,NO ALERT,NO ALERT,20260706,00
Kerala,Malappuram,42,45,42-45 h,0.4375,0.44261788343885,0.19364532400449688,0.0,NO ALERT,NO ALERT,20260706,00
Kerala,Palakkad,42,45,42-45 h,0.0,0.5302180666602749,0.0,0.0,NO ALERT,NO ALERT,20260706,00
Kerala,Pattanamtitta,42,45,42-45 h,0.0,0.7477207744636957,0.0,0.0,NO ALERT,NO ALERT,20260706,00
Kerala,Thiruvananthapuram,42,45,42-45 h,0.0,1.3040197822546657,0.0,0.0,NO ALERT,NO ALERT,20260706,00
Kerala,Thrissur,42,45,42-45 h,0.0,0.842598859765623,0.0,0.0,NO ALERT,NO ALERT,20260706,00
Kerala,Wayanad,42,45,42-45 h,0.0,0.9148688962922525,0.0,0.0,NO ALERT,NO ALERT,20260706,00
Lakshadweep,Kavaratti,42,45,42-45 h,0.0,1.0,0.0,0.0,NO ALERT,NO ALERT,20260706,00
Madhya Pradesh,Anuppur,42,45,42-45 h,0.09375,0.3,0.028124999999999997,0.0,NO ALERT,NO ALERT,20260706,00
Madhya Pradesh,Ashoknagar,42,45,42-45 h,43.47916793823242,0.9519252256221402,41.388916749464826,0.0,MODERATE,NO ALERT,20260706,00
Madhya Pradesh,Datia,42,45,42-45 h,0.375,1.0,0.375,0.0,NO ALERT,NO ALERT,20260706,00
Madhya Pradesh,Dewas,42,45,42-45 h,0.0,0.3,0.0,0.0,NO ALERT,NO ALERT,20260706,00
Madhya Pradesh,Dhar,42,45,42-45 h,0.07386363297700882,0.3,0.022159089893102644,0.0,NO ALERT,NO ALERT,20260706,00
Madhya Pradesh,Dindori,42,45,42-45 h,0.01785714365541935,0.3,0.0053571430966258046,0.0,NO ALERT,NO ALERT,20260706,00
Madhya Pradesh,East Nimar,42,45,42-45 h,0.0,0.30123901134156544,0.0,0.0,NO ALERT,NO ALERT,20260706,00
Madhya Pradesh,Guna,42,45,42-45 h,7.659722328186035,0.44732070879630687,3.426352421027075,0.0,NO ALERT,NO ALERT,20260706,00
Madhya Pradesh,Gwalior,42,45,42-45 h,1.4732142686843872,1.0,1.4732142686843872,0.0,NO ALERT,NO ALERT,20260706,00
Madhya Pradesh,Harda,42,45,42-45 h,0.0,0.3,0.0,0.0,NO ALERT,NO ALERT,20260706,00
Madhya Pradesh,Hoshangabad,42,45,42-45 h,0.0625,0.3,0.01875,0.0,NO ALERT,NO ALERT,20260706,00
Madhya Pradesh,Indore,42,45,42-45 h,0.0,0.3,0.0,0.0,NO ALERT,NO ALERT,20260706,00
Madhya Pradesh,Jabalpur,42,45,42-45 h,0.0,0.3,0.0,0.0,NO ALERT,NO ALERT,20260706,00
Madhya Pradesh,Jhabua,42,45,42-45 h,0.71875,0.3,0.21562499999999998,0.0,NO ALERT,NO ALERT,20260706,00
Madhya Pradesh,Katni,42,45,42-45 h,0.013888888992369175,0.32230547985936164,0.004476465031398953,0.0,NO ALERT,NO ALERT,20260706,00
Madhya Pradesh,Mandla,42,45,42-45 h,0.0,0.3,0.0,0.0,NO ALERT,NO ALERT,20260706,00
Madhya Pradesh,Mandsaur,42,45,42-45 h,0.0,0.3805572499288874,0.0,0.0,NO ALERT,NO ALERT,20260706,00
Madhya Pradesh,Morena,42,45,42-45 h,0.75,3.0,2.25,0.0,NO ALERT,NO ALERT,20260706,00
Madhya Pradesh,Narsinghpur,42,45,42-45 h,0.2986111044883728,0.3,0.08958333134651184,0.0,NO ALERT,NO ALERT,20260706,00
Madhya Pradesh,Neemuch,42,45,42-45 h,0.0,0.7317338523203192,0.0,0.0,NO ALERT,NO ALERT,20260706,00
Madhya Pradesh,Panna,42,45,42-45 h,0.0,0.4184968595164538,0.0,0.0,NO ALERT,NO ALERT,20260706,00
Madhya Pradesh,Raisen,42,45,42-45 h,0.0,0.3,0.0,0.0,NO ALERT,NO ALERT,20260706,00
Madhya Pradesh,Rajgarh,42,45,42-45 h,2.2589285373687744,0.676433949885283,1.5280159530409454,0.0,NO ALERT,NO ALERT,20260706,00
Madhya Pradesh,Ratlam,42,45,42-45 h,0.0,0.3,0.0,0.0,NO ALERT,NO ALERT,20260706,00
Madhya Pradesh,Rewa,42,45,42-45 h,0.0,0.38712886212107545,0.0,0.0,NO ALERT,NO ALERT,20260706,00
Madhya Pradesh,Sagar,42,45,42-45 h,0.008333333767950535,0.3,0.00250000013038516,0.0,NO ALERT,NO ALERT,20260706,00
Madhya Pradesh,Satna,42,45,42-45 h,0.022727273404598236,0.4227753173004938,0.009608530225004092,0.0,NO ALERT,NO ALERT,20260706,00
Madhya Pradesh,Sehore,42,45,42-45 h,0.375,0.3,0.11249999999999999,0.0,NO ALERT,NO ALERT,20260706,00
Madhya Pradesh,Seoni,42,45,42-45 h,0.18269230425357819,0.3,0.054807691276073454,0.0,NO ALERT,NO ALERT,20260706,00
Madhya Pradesh,Shahdol,42,45,42-45 h,0.078125,0.3,0.0234375,0.0,NO ALERT,NO ALERT,20260706,00
Madhya Pradesh,Shajapur,42,45,42-45 h,0.034090910106897354,0.3,0.010227273032069205,0.0,NO ALERT,NO ALERT,20260706,00
Madhya Pradesh,Sheopur,42,45,42-45 h,0.921875,3.0,2.765625,0.0,NO ALERT,NO ALERT,20260706,00
Madhya Pradesh,Shivpuri,42,45,42-45 h,3.00390625,3.0,9.01171875,0.0,NO ALERT,NO ALERT,20260706,00
Madhya Pradesh,Sidhi,42,45,42-45 h,0.0,0.399988705397733,0.0,0.0,NO ALERT,NO ALERT,20260706,00
Maharashtra,Pune,42,45,42-45 h,0.8980262875556946,0.3,0.26940788626670836,0.0,NO ALERT,NO ALERT,20260706,00
Maharashtra,Raigarh,42,45,42-45 h,0.0069444444961845875,0.3,0.002083333348855376,0.0,NO ALERT,NO ALERT,20260706,00
Maharashtra,Ratnagiri,42,45,42-45 h,0.0,0.3,0.0,0.0,NO ALERT,NO ALERT,20260706,00
Maharashtra,Sangli,42,45,42-45 h,0.0,0.3,0.0,0.0,NO ALERT,NO ALERT,20260706,00
Maharashtra,Satara,42,45,42-45 h,0.00390625,0.3,0.001171875,0.0,NO ALERT,NO ALERT,20260706,00
Maharashtra,Sindhudurg,42,45,42-45 h,0.0,0.3,0.0,0.0,NO ALERT,NO ALERT,20260706,00
Maharashtra,Solapur,42,45,42-45 h,0.016304347664117813,0.3,0.004891304299235344,0.0,NO ALERT,NO ALERT,20260706,00
Maharashtra,Thane,42,45,42-45 h,0.7083333134651184,0.3,0.2124999940395355,0.0,NO ALERT,NO ALERT,20260706,00
Maharashtra,Wardha,42,45,42-45 h,0.0,0.8277061142287497,0.0,0.0,NO ALERT,NO ALERT,20260706,00
Maharashtra,Washim,42,45,42-45 h,0.0,0.6548512185328705,0.0,0.0,NO ALERT,NO ALERT,20260706,00
Maharashtra,Yavatmal,42,45,42-45 h,0.0031250000465661287,1.1672216749493405,0.003647567788569684,0.0,NO ALERT,NO ALERT,20260706,00
Manipur,Bishnupur,42,45,42-45 h,0.0,0.44222804670987065,0.0,0.0,NO ALERT,NO ALERT,20260706,00
Manipur,Chandel,42,45,42-45 h,0.0,0.4353368800524707,0.0,0.0,NO ALERT,NO ALERT,20260706,00
Manipur,Churachandpur,42,45,42-45 h,0.0,0.350797188232678,0.0,0.0,NO ALERT,NO ALERT,20260706,00
Manipur,East Imphal,42,45,42-45 h,0.0,0.34679034457550556,0.0,0.0,NO ALERT,NO ALERT,20260706,00
Manipur,Senapati,42,45,42-45 h,0.0,0.40549794487557334,0.0,0.0,NO ALERT,NO ALERT,20260706,00
Manipur,Tamenglong,42,45,42-45 h,0.0,0.47901291702576343,0.0,0.0,NO ALERT,NO ALERT,20260706,00
Manipur,Thoubal,42,45,42-45 h,0.0,0.5006320786802736,0.0,0.0,NO ALERT,NO ALERT,20260706,00
Manipur,Ukhrul,42,45,42-45 h,0.010416666977107525,0.5601360196084298,0.005834750378143584,0.0,NO ALERT,NO ALERT,20260706,00
Manipur,West Imphal,42,45,42-45 h,0.0,1.0,0.0,0.0,NO ALERT,NO ALERT,20260706,00
Meghalaya,East Garo Hills,42,45,42-45 h,0.0,0.5096870049480084,0.0,0.0,NO ALERT,NO ALERT,20260706,00
Meghalaya,East Khasi Hills,42,45,42-45 h,0.0,0.5445849739225571,0.0,0.0,NO ALERT,NO ALERT,20260706,00
Meghalaya,Jaintia Hills,42,45,42-45 h,0.0,0.3344285796853742,0.0,0.0,NO ALERT,NO ALERT,20260706,00
Meghalaya,Ri-Bhoi,42,45,42-45 h,0.0,0.3754843171484303,0.0,0.0,NO ALERT,NO ALERT,20260706,00
Meghalaya,South Garo Hills,42,45,42-45 h,0.0,1.1985655828274717,0.0,0.0,NO ALERT,NO ALERT,20260706,00
Meghalaya,West Garo Hills,42,45,42-45 h,0.0,1.4164832395577518,0.0,0.0,NO ALERT,NO ALERT,20260706,00
Meghalaya,West Khasi Hills,42,45,42-45 h,0.0,0.7688290212309257,0.0,0.0,NO ALERT,NO ALERT,20260706,00
Mizoram,Aizawl,42,45,42-45 h,0.9270833134651184,0.35958444336345213,0.3333647372238994,0.0,NO ALERT,NO ALERT,20260706,00
Mizoram,Champhai,42,45,42-45 h,0.5625,0.393379226133291,0.2212758146999762,0.0,NO ALERT,NO ALERT,20260706,00
Mizoram,Kolasib,42,45,42-45 h,1.0,0.8142673026091504,0.8142673026091504,0.0,NO ALERT,NO ALERT,20260706,00
Mizoram,Lawngtlai,42,45,42-45 h,0.0,0.3,0.0,0.0,NO ALERT,NO ALERT,20260706,00
Mizoram,Lunglei,42,45,42-45 h,3.5208332538604736,0.34255624595576245,1.2060834220786558,0.0,NO ALERT,NO ALERT,20260706,00
Mizoram,Mamit,42,45,42-45 h,1.6458333730697632,0.6080090530356378,1.0006815906145963,0.0,NO ALERT,NO ALERT,20260706,00
Mizoram,Saiha,42,45,42-45 h,1.421875,0.3,0.4265625,0.0,NO ALERT,NO ALERT,20260706,00
Mizoram,Serchhip,42,45,42-45 h,1.3125,0.3,0.39375,0.0,NO ALERT,NO ALERT,20260706,00
Nagaland,Dimapur,42,45,42-45 h,0.0,0.6956002689591826,0.0,0.0,NO ALERT,NO ALERT,20260706,00
Nagaland,Kohima,42,45,42-45 h,0.0,0.42200076411911747,0.0,0.0,NO ALERT,NO ALERT,20260706,00
Nagaland,Mokokchung,42,45,42-45 h,0.0,0.6004559914526765,0.0,0.0,NO ALERT,NO ALERT,20260706,00
Nagaland,Mon,42,45,42-45 h,0.21875,0.35697456601861516,0.07808818631657206,0.0,NO ALERT,NO ALERT,20260706,00
Nagaland,Phek,42,45,42-45 h,0.015625,0.4705958392700629,0.0073530599885947324,0.0,NO ALERT,NO ALERT,20260706,00
Nagaland,Tuensang,42,45,42-45 h,0.0,0.307336347541769,0.0,0.0,NO ALERT,NO ALERT,20260706,00
Nagaland,Wokha,42,45,42-45 h,0.0,0.9768878268305281,0.0,0.0,NO ALERT,NO ALERT,20260706,00
Nagaland,Zunheboto,42,45,42-45 h,0.0,0.3,0.0,0.0,NO ALERT,NO ALERT,20260706,00
Orissa,Angul,42,45,42-45 h,0.02777777798473835,0.3,0.008333333395421505,0.0,NO ALERT,NO ALERT,20260706,00
Orissa,Baleshwar,42,45,42-45 h,0.0,0.3,0.0,0.0,NO ALERT,NO ALERT,20260706,00
Orissa,Baragarh,42,45,42-45 h,0.0,0.3,0.0,0.0,NO ALERT,NO ALERT,20260706,00
Orissa,Bhadrak,42,45,42-45 h,0.0,0.7178511116268625,0.0,0.0,NO ALERT,NO ALERT,20260706,00
Orissa,Bolangir,42,45,42-45 h,0.0,0.3,0.0,0.0,NO ALERT,NO ALERT,20260706,00
Orissa,Boudh,42,45,42-45 h,0.0,0.46951847237716815,0.0,0.0,NO ALERT,NO ALERT,20260706,00
Orissa,Cuttack,42,45,42-45 h,0.6875,3.0,2.0625,0.0,NO ALERT,NO ALERT,20260706,00
Orissa,Deogarh,42,45,42-45 h,0.0,0.5670237411043358,0.0,0.0,NO ALERT,NO ALERT,20260706,00
Orissa,Dhenkanal,42,45,42-45 h,0.25,0.5066672121395331,0.12666680303488329,0.0,NO ALERT,NO ALERT,20260706,00
Orissa,Gajapati,42,45,42-45 h,0.0,3.0,0.0,0.0,NO ALERT,NO ALERT,20260706,00
Orissa,Ganjam,42,45,42-45 h,0.0,3.0,0.0,0.0,NO ALERT,NO ALERT,20260706,00
Orissa,Jagatsinghpur,42,45,42-45 h,0.0625,1.2982877185824837,0.08114298241140523,0.0,NO ALERT,NO ALERT,20260706,00
Orissa,Jajpur,42,45,42-45 h,0.13750000298023224,1.0825360884765436,0.1488487153917337,0.0,NO ALERT,NO ALERT,20260706,00
Orissa,Jharsuguda,42,45,42-45 h,0.0,0.3,0.0,0.0,NO ALERT,NO ALERT,20260706,00
Orissa,Kalahandi,42,45,42-45 h,0.005681818351149559,0.796623750187142,0.0045262714427748854,0.0,NO ALERT,NO ALERT,20260706,00
Orissa,Kandhamal,42,45,42-45 h,0.0,1.1397211880580418,0.0,0.0,NO ALERT,NO ALERT,20260706,00
Orissa,Kendrapara,42,45,42-45 h,0.203125,1.2406367579898423,0.2520043414666867,0.0,NO ALERT,NO ALERT,20260706,00
Orissa,Keonjhar,42,45,42-45 h,0.0364583320915699,0.3,0.010937499627470969,0.0,NO ALERT,NO ALERT,20260706,00
Orissa,Khordha,42,45,42-45 h,0.1041666641831398,3.0,0.3124999925494194,0.0,NO ALERT,NO ALERT,20260706,00
Orissa,Koraput,42,45,42-45 h,0.07954545319080353,3.0,0.23863635957241058,0.0,NO ALERT,NO ALERT,20260706,00
Orissa,Malkangiri,42,45,42-45 h,0.71875,3.0,2.15625,0.0,NO ALERT,NO ALERT,20260706,00
Orissa,Mayurbhanj,42,45,42-45 h,0.0,0.6410187849222774,0.0,0.0,NO ALERT,NO ALERT,20260706,00
Orissa,Nabarangpur,42,45,42-45 h,0.0234375,0.9520565250907196,0.02231382480681374,0.0,NO ALERT,NO ALERT,20260706,00
Orissa,Nayagarh,42,45,42-45 h,0.010416666977107525,2.7627565849527578,0.02877871528426375,0.0,NO ALERT,NO ALERT,20260706,00
Orissa,Nuapada,42,45,42-45 h,0.0,0.3,0.0,0.0,NO ALERT,NO ALERT,20260706,00
Orissa,Puri,42,45,42-45 h,0.012500000186264515,1.1682139811417622,0.014602674981868837,0.0,NO ALERT,NO ALERT,20260706,00
Orissa,Rayagada,42,45,42-45 h,0.0,3.0,0.0,0.0,NO ALERT,NO ALERT,20260706,00
Orissa,Sambalpur,42,45,42-45 h,0.011363636702299118,0.3,0.0034090910106897355,0.0,NO ALERT,NO ALERT,20260706,00
Orissa,Sonepur,42,45,42-45 h,0.0,0.3,0.0,0.0,NO ALERT,NO ALERT,20260706,00
Orissa,Sundargarh,42,45,42-45 h,0.028846153989434242,0.4166264730089146,0.01201807139649002,0.0,NO ALERT,NO ALERT,20260706,00
Puducherry,Karaikal,42,45,42-45 h,0.0,1.0,0.0,0.0,NO ALERT,NO ALERT,20260706,00
Puducherry,Mahe,42,45,42-45 h,0.0,1.0,0.0,0.0,NO ALERT,NO ALERT,20260706,00
Puducherry,Puducherry,42,45,42-45 h,0.0,1.0,0.0,0.0,NO ALERT,NO ALERT,20260706,00
Puducherry,Yanam,42,45,42-45 h,0.0,1.0,0.0,0.0,NO ALERT,NO ALERT,20260706,00
Punjab,Amritsar,42,45,42-45 h,0.0,3.0,0.0,0.0,NO ALERT,NO ALERT,20260706,00
Punjab,Bathinda,42,45,42-45 h,0.0625,1.0063742042286778,0.06289838776429237,0.0,NO ALERT,NO ALERT,20260706,00
Punjab,Faridkot,42,45,42-45 h,0.0,1.8166795132507056,0.0,0.0,NO ALERT,NO ALERT,20260706,00
Punjab,Fatehgarh Sahib,42,45,42-45 h,0.0,0.7625669248111632,0.0,0.0,NO ALERT,NO ALERT,20260706,00
Punjab,Firozpur,42,45,42-45 h,0.0,3.0,0.0,0.0,NO ALERT,NO ALERT,20260706,00
Punjab,Gurdaspur,42,45,42-45 h,0.0,1.0172791491901219,0.0,0.0,NO ALERT,NO ALERT,20260706,00
Punjab,Hoshiarpur,42,45,42-45 h,0.0,1.1158502745357433,0.0,0.0,NO ALERT,NO ALERT,20260706,00
Punjab,Jalandhar,42,45,42-45 h,0.0,0.6683787736223664,0.0,0.0,NO ALERT,NO ALERT,20260706,00
Punjab,Kapurthala,42,45,42-45 h,0.0,0.8043488797650564,0.0,0.0,NO ALERT,NO ALERT,20260706,00
Punjab,Ludhiana,42,45,42-45 h,0.0,0.6367384031963071,0.0,0.0,NO ALERT,NO ALERT,20260706,00
Punjab,Mansa,42,45,42-45 h,0.0,0.8554010609701591,0.0,0.0,NO ALERT,NO ALERT,20260706,00
Punjab,Moga,42,45,42-45 h,0.03125,1.9260465396022144,0.0601889543625692,0.0,NO ALERT,NO ALERT,20260706,00
Punjab,Muktsar,42,45,42-45 h,0.0,1.6273890495298178,0.0,0.0,NO ALERT,NO ALERT,20260706,00
Punjab,Nawan Shehar,42,45,42-45 h,0.0,0.7376809676905092,0.0,0.0,NO ALERT,NO ALERT,20260706,00
Punjab,Patiala,42,45,42-45 h,0.5520833134651184,0.9906891001535867,0.5469429210265687,0.0,NO ALERT,NO ALERT,20260706,00
Punjab,Rupnagar,42,45,42-45 h,0.0,0.596268251978758,0.0,0.0,NO ALERT,NO ALERT,20260706,00
Punjab,Sangrur,42,45,42-45 h,0.1953125,0.6431007768751102,0.12560562048341997,0.0,NO ALERT,NO ALERT,20260706,00
Rajasthan,Ajmer,42,45,42-45 h,0.18333333730697632,0.5105660303364602,0.09360377425715816,0.0,NO ALERT,NO ALERT,20260706,00
Rajasthan,Alwar,42,45,42-45 h,1.1875,1.763920291704763,2.094655346399406,0.0,NO ALERT,NO ALERT,20260706,00
Rajasthan,Banswara,42,45,42-45 h,0.8660714030265808,0.3,0.2598214209079742,0.0,NO ALERT,NO ALERT,20260706,00
Rajasthan,Baran,42,45,42-45 h,1.881250023841858,1.9242101184358293,3.619920331184148,0.0,NO ALERT,NO ALERT,20260706,00
Rajasthan,Barmer,42,45,42-45 h,0.004687500186264515,0.9889290802263309,0.004635605247763321,0.0,NO ALERT,NO ALERT,20260706,00
Rajasthan,Bharatpur,42,45,42-45 h,0.1041666641831398,1.333984920453584,0.13895675923426096,0.0,NO ALERT,NO ALERT,20260706,00
Rajasthan,Bhilwara,42,45,42-45 h,0.0,0.3633962326272162,0.0,0.0,NO ALERT,NO ALERT,20260706,00
Rajasthan,Bikaner,42,45,42-45 h,1.0817307233810425,3.0,3.2451921701431274,0.0,NO ALERT,NO ALERT,20260706,00
Rajasthan,Bundi,42,45,42-45 h,0.0,3.0,0.0,0.0,NO ALERT,NO ALERT,20260706,00
Rajasthan,Chittaurgarh,42,45,42-45 h,0.1517857164144516,0.3,0.04553571492433548,0.0,NO ALERT,NO ALERT,20260706,00
Rajasthan,Churu,42,45,42-45 h,0.10576923191547394,1.401563284200734,0.14824227205084073,0.0,NO ALERT,NO ALERT,20260706,00
Rajasthan,Dausa,42,45,42-45 h,0.0,2.1134477396397804,0.0,0.0,NO ALERT,NO ALERT,20260706,00
Rajasthan,Dhaulpur,42,45,42-45 h,1.1375000476837158,3.0,3.4125001430511475,0.0,NO ALERT,NO ALERT,20260706,00
Rajasthan,Dungarpur,42,45,42-45 h,21.712499618530273,0.3,6.513749885559082,0.0,NO ALERT,NO ALERT,20260706,00
Rajasthan,Ganganagar,42,45,42-45 h,1.01953125,1.0,1.01953125,0.0,NO ALERT,NO ALERT,20260706,00
Rajasthan,Hanumangarh,42,45,42-45 h,0.0,1.571559761267069,0.0,0.0,NO ALERT,NO ALERT,20260706,00
Rajasthan,Jaipur,42,45,42-45 h,2.8541667461395264,2.075984689161689,5.925206465300095,0.0,NO ALERT,NO ALERT,20260706,00
Rajasthan,Jaisalmer,42,45,42-45 h,0.3011363744735718,1.0,0.3011363744735718,0.0,NO ALERT,NO ALERT,20260706,00
Rajasthan,Jalor,42,45,42-45 h,0.0,0.3,0.0,0.0,NO ALERT,NO ALERT,20260706,00
Rajasthan,Jhalawar,42,45,42-45 h,0.7083333134651184,0.5632776631707748,0.3989883335546438,0.0,NO ALERT,NO ALERT,20260706,00
Rajasthan,Jhunjhunun,42,45,42-45 h,2.8203125,1.2604511264027094,3.5548660674326413,0.0,NO ALERT,NO ALERT,20260706,00
Rajasthan,Jodhpur,42,45,42-45 h,0.022058824077248573,0.8001683993228174,0.017650773952835614,0.0,NO ALERT,NO ALERT,20260706,00
Rajasthan,Tonk,42,45,42-45 h,0.7291666865348816,3.0,2.1875000596046448,0.0,NO ALERT,NO ALERT,20260706,00
Rajasthan,Udaipur,42,45,42-45 h,0.5902777910232544,0.3,0.1770833373069763,0.0,NO ALERT,NO ALERT,20260706,00
Sikkim,East,42,45,42-45 h,0.75,2.23108818195037,1.6733161364627775,0.0,NO ALERT,NO ALERT,20260706,00
Sikkim,North Sikkim,42,45,42-45 h,0.2589285671710968,2.347754056512395,0.6079005939228846,0.0,NO ALERT,NO ALERT,20260706,00
Sikkim,South Sikkim,42,45,42-45 h,0.0,1.0,0.0,0.0,NO ALERT,NO ALERT,20260706,00
Sikkim,West Sikkim,42,45,42-45 h,0.5625,3.0,1.6875,0.0,NO ALERT,NO ALERT,20260706,00
Tamil Nadu,Ariyalur,42,45,42-45 h,0.0,1.0,0.0,0.0,NO ALERT,NO ALERT,20260706,00
Tamil Nadu,Chennai,42,45,42-45 h,0.0,1.0,0.0,0.0,NO ALERT,NO ALERT,20260706,00
Tamil Nadu,Coimbatore,42,45,42-45 h,0.0,3.0,0.0,0.0,NO ALERT,NO ALERT,20260706,00
Tamil Nadu,Cuddalore,42,45,42-45 h,0.0,1.0,0.0,0.0,NO ALERT,NO ALERT,20260706,00
Tamil Nadu,Dharmapuri,42,45,42-45 h,0.0,1.0,0.0,0.0,NO ALERT,NO ALERT,20260706,00
Tamil Nadu,Dindigul,42,45,42-45 h,0.0,1.0,0.0,0.0,NO ALERT,NO ALERT,20260706,00
Tamil Nadu,Erode,42,45,42-45 h,0.0,1.0,0.0,0.0,NO ALERT,NO ALERT,20260706,00
Tamil Nadu,Kancheepuram,42,45,42-45 h,0.0,1.0,0.0,0.0,NO ALERT,NO ALERT,20260706,00
Tamil Nadu,Kanniyakumari,42,45,42-45 h,0.02083333395421505,2.3327618361136246,0.04859920636740302,0.0,NO ALERT,NO ALERT,20260706,00
Tamil Nadu,Karur,42,45,42-45 h,0.0,1.0,0.0,0.0,NO ALERT,NO ALERT,20260706,00
Tamil Nadu,Sivaganga,42,45,42-45 h,0.0,1.0,0.0,0.0,NO ALERT,NO ALERT,20260706,00
Tamil Nadu,Thanjavur,42,45,42-45 h,0.0,1.0,0.0,0.0,NO ALERT,NO ALERT,20260706,00
Tamil Nadu,Theni,42,45,42-45 h,0.0,3.0,0.0,0.0,NO ALERT,NO ALERT,20260706,00
Tamil Nadu,Thiruvallur,42,45,42-45 h,0.0,1.0,0.0,0.0,NO ALERT,NO ALERT,20260706,00
Tamil Nadu,Thiruvarur,42,45,42-45 h,0.0,3.0,0.0,0.0,NO ALERT,NO ALERT,20260706,00
Tamil Nadu,Thoothukudi,42,45,42-45 h,0.0,1.0,0.0,0.0,NO ALERT,NO ALERT,20260706,00
Tamil Nadu,Tiruchchirappalli,42,45,42-45 h,0.0,1.0,0.0,0.0,NO ALERT,NO ALERT,20260706,00
Tamil Nadu,Tirunelveli Kattabo,42,45,42-45 h,0.0,3.0,0.0,0.0,NO ALERT,NO ALERT,20260706,00
Tamil Nadu,Tiruvannamalai,42,45,42-45 h,0.0,1.0,0.0,0.0,NO ALERT,NO ALERT,20260706,00
Tamil Nadu,Vellore,42,45,42-45 h,0.0,1.0,0.0,0.0,NO ALERT,NO ALERT,20260706,00
Tamil Nadu,Villupuram,42,45,42-45 h,0.0,1.0,0.0,0.0,NO ALERT,NO ALERT,20260706,00
Tamil Nadu,Virudhunagar,42,45,42-45 h,0.0,1.0,0.0,0.0,NO ALERT,NO ALERT,20260706,00
Tripura,Dhalai,42,45,42-45 h,0.125,2.7728682543513306,0.3466085317939163,0.0,NO ALERT,NO ALERT,20260706,00
Tripura,North Tripura,42,45,42-45 h,0.171875,1.8373519402302907,0.31579486472708124,0.0,NO ALERT,NO ALERT,20260706,00
Tripura,South Tripura,42,45,42-45 h,0.125,0.6883313005588784,0.0860414125698598,0.0,NO ALERT,NO ALERT,20260706,00
Tripura,West Tripura,42,45,42-45 h,0.0,1.2952968876484479,0.0,0.0,NO ALERT,NO ALERT,20260706,00
Uttar Pradesh,Agra,42,45,42-45 h,0.0,1.0983193107761748,0.0,0.0,NO ALERT,NO ALERT,20260706,00
Uttar Pradesh,Aligarh,42,45,42-45 h,0.0,0.8798559857902731,0.0,0.0,NO ALERT,NO ALERT,20260706,00
Uttar Pradesh,Allahabad,42,45,42-45 h,0.01785714365541935,0.3288936598778827,0.0058731013317959825,0.0,NO ALERT,NO ALERT,20260706,00
Uttar Pradesh,Ambedkar Nagar,42,45,42-45 h,0.0,3.0,0.0,0.0,NO ALERT,NO ALERT,20260706,00
Uttar Pradesh,Auraiya,42,45,42-45 h,1.2083333730697632,3.0,3.6250001192092896,0.0,NO ALERT,NO ALERT,20260706,00
Uttar Pradesh,Azamgarh,42,45,42-45 h,0.0,3.0,0.0,0.0,NO ALERT,NO ALERT,20260706,00
Uttar Pradesh,Badaun,42,45,42-45 h,0.0,2.287464070059984,0.0,0.0,NO ALERT,NO ALERT,20260706,00
Uttar Pradesh,Baghpat,42,45,42-45 h,4.71875,0.8822997668421744,4.16335202478651,0.0,NO ALERT,NO ALERT,20260706,00
Uttar Pradesh,Bahraich,42,45,42-45 h,0.09375,3.0,0.28125,0.0,NO ALERT,NO ALERT,20260706,00
Uttar Pradesh,Ballia,42,45,42-45 h,0.0,0.782997505218471,0.0,0.0,NO ALERT,NO ALERT,20260706,00
Uttar Pradesh,Balrampur,42,45,42-45 h,0.02083333395421505,2.137629415780145,0.044533947489301375,0.0,NO ALERT,NO ALERT,20260706,00
Uttar Pradesh,Banda,42,45,42-45 h,0.0833333358168602,2.6135166709781106,0.2177930624055814,0.0,NO ALERT,NO ALERT,20260706,00
Uttar Pradesh,Bara Banki,42,45,42-45 h,0.03125,3.0,0.09375,0.0,NO ALERT,NO ALERT,20260706,00
Uttar Pradesh,Bareilly,42,45,42-45 h,0.0,2.898412958300566,0.0,0.0,NO ALERT,NO ALERT,20260706,00
Uttar Pradesh,Basti,42,45,42-45 h,0.5833333134651184,2.3821490387413156,1.3895868919367182,0.0,NO ALERT,NO ALERT,20260706,00
Uttar Pradesh,Bijnor,42,45,42-45 h,0.699999988079071,3.0,2.099999964237213,0.0,NO ALERT,NO ALERT,20260706,00
Uttar Pradesh,Bulandshahr,42,45,42-45 h,0.0,1.5919798836936727,0.0,0.0,NO ALERT,NO ALERT,20260706,00
Uttar Pradesh,Chandauli,42,45,42-45 h,0.0,0.38773924304590257,0.0,0.0,NO ALERT,NO ALERT,20260706,00
Uttar Pradesh,Chitrakoot,42,45,42-45 h,0.0,0.562270950669591,0.0,0.0,NO ALERT,NO ALERT,20260706,00
Uttar Pradesh,Deoria,42,45,42-45 h,1.59375,3.0,4.78125,0.0,NO ALERT,NO ALERT,20260706,00
Uttar Pradesh,Etah,42,45,42-45 h,0.0,2.067726013381379,0.0,0.0,NO ALERT,NO ALERT,20260706,00
Uttar Pradesh,Etawah,42,45,42-45 h,0.78125,3.0,2.34375,0.0,NO ALERT,NO ALERT,20260706,00
Uttar Pradesh,Faizabad,42,45,42-45 h,0.0,3.0,0.0,0.0,NO ALERT,NO ALERT,20260706,00
Uttar Pradesh,Farrukhabad,42,45,42-45 h,0.09375,3.0,0.28125,0.0,NO ALERT,NO ALERT,20260706,00
Uttar Pradesh,Fatehpur,42,45,42-45 h,0.0,1.2397823009215974,0.0,0.0,NO ALERT,NO ALERT,20260706,00
Uttar Pradesh,Firozabad,42,45,42-45 h,0.0,1.3721040668065834,0.0,0.0,NO ALERT,NO ALERT,20260706,00
Uttar Pradesh,Gautam Buddha Nagar,42,45,42-45 h,2.375,0.5126294703835742,1.2174949921609888,0.0,NO ALERT,NO ALERT,20260706,00
Uttar Pradesh,Ghaziabad,42,45,42-45 h,1.1875,0.6195152102740974,0.7356743122004906,0.0,NO ALERT,NO ALERT,20260706,00
Uttar Pradesh,Ghazipur,42,45,42-45 h,0.0,0.9133276607025872,0.0,0.0,NO ALERT,NO ALERT,20260706,00
Uttar Pradesh,Gonda,42,45,42-45 h,0.4642857015132904,3.0,1.3928571045398712,0.0,NO ALERT,NO ALERT,20260706,00
Uttar Pradesh,Gorakhpur,42,45,42-45 h,1.5,3.0,4.5,0.0,NO ALERT,NO ALERT,20260706,00
Uttar Pradesh,Hamirpur,42,45,42-45 h,0.1785714328289032,1.0,0.1785714328289032,0.0,NO ALERT,NO ALERT,20260706,00
Uttar Pradesh,Hardoi,42,45,42-45 h,0.0,3.0,0.0,0.0,NO ALERT,NO ALERT,20260706,00
Uttar Pradesh,Hathras,42,45,42-45 h,0.0,0.6899235208352951,0.0,0.0,NO ALERT,NO ALERT,20260706,00
Uttar Pradesh,Jalaun,42,45,42-45 h,0.010416666977107525,1.0,0.010416666977107525,0.0,NO ALERT,NO ALERT,20260706,00
Uttar Pradesh,Jaunpur,42,45,42-45 h,0.0,1.4820370115645944,0.0,0.0,NO ALERT,NO ALERT,20260706,00
Uttar Pradesh,Jhansi,42,45,42-45 h,2.0763888359069824,1.0,2.0763888359069824,0.0,NO ALERT,NO ALERT,20260706,00
Uttar Pradesh,Jyotiba Phule Nagar,42,45,42-45 h,0.828125,2.7207409304746526,2.2531135830493216,0.0,NO ALERT,NO ALERT,20260706,00
Uttar Pradesh,Kannauj,42,45,42-45 h,0.3125,1.0,0.3125,0.0,NO ALERT,NO ALERT,20260706,00
Uttar Pradesh,Kanpur,42,45,42-45 h,0.0,3.0,0.0,0.0,NO ALERT,NO ALERT,20260706,00
Uttar Pradesh,Kanpur Dehat,42,45,42-45 h,0.0625,1.0,0.0625,0.0,NO ALERT,NO ALERT,20260706,00
Uttar Pradesh,Kaushambi,42,45,42-45 h,0.0,0.8478967173116988,0.0,0.0,NO ALERT,NO ALERT,20260706,00
Uttar Pradesh,Kushinagar,42,45,42-45 h,2.2708332538604736,3.0,6.812499761581421,0.0,NO ALERT,NO ALERT,20260706,00
Uttar Pradesh,Lakhimpur Kheri,42,45,42-45 h,0.0,3.0,0.0,0.0,NO ALERT,NO ALERT,20260706,00
Uttar Pradesh,Lalitpur,42,45,42-45 h,0.0,2.6401848571460835,0.0,0.0,NO ALERT,NO ALERT,20260706,00
Uttar Pradesh,Lucknow,42,45,42-45 h,0.0,2.284626632442603,0.0,0.0,NO ALERT,NO ALERT,20260706,00
Uttar Pradesh,Maharajganj,42,45,42-45 h,1.3333333730697632,1.0,1.3333333730697632,0.0,NO ALERT,NO ALERT,20260706,00
Uttar Pradesh,Mahoba,42,45,42-45 h,0.6875,1.0,0.6875,0.0,NO ALERT,NO ALERT,20260706,00
Uttar Pradesh,Mainpuri,42,45,42-45 h,0.44999998807907104,2.6323788094303384,1.1845704328632516,0.0,NO ALERT,NO ALERT,20260706,00
Uttar Pradesh,Mathura,42,45,42-45 h,0.0,0.7910712809124609,0.0,0.0,NO ALERT,NO ALERT,20260706,00
Uttar Pradesh,Mau,42,45,42-45 h,0.0,1.9114426031786989,0.0,0.0,NO ALERT,NO ALERT,20260706,00
Uttar Pradesh,Meerut,42,45,42-45 h,1.1875,0.9643158928227719,1.1451251227270416,0.0,NO ALERT,NO ALERT,20260706,00
Uttar Pradesh,Mirzapur,42,45,42-45 h,0.0,0.35710016022873065,0.0,0.0,NO ALERT,NO ALERT,20260706,00
Uttar Pradesh,Moradabad,42,45,42-45 h,0.4166666567325592,1.91329315618519,0.7972054627369694,0.0,NO ALERT,NO ALERT,20260706,00
Uttar Pradesh,Muzaffarnagar,42,45,42-45 h,2.674999952316284,1.0943905970571934,2.927494794943382,0.0,NO ALERT,NO ALERT,20260706,00
Uttar Pradesh,Pilibhit,42,45,42-45 h,0.02083333395421505,3.0,0.06250000186264515,0.0,NO ALERT,NO ALERT,20260706,00
Uttar Pradesh,Pratapgarh,42,45,42-45 h,0.0,1.7597048613363788,0.0,0.0,NO ALERT,NO ALERT,20260706,00
Uttar Pradesh,Rae Bareli,42,45,42-45 h,0.0,1.1033504252204083,0.0,0.0,NO ALERT,NO ALERT,20260706,00
Uttar Pradesh,Rampur,42,45,42-45 h,0.0,3.0,0.0,0.0,NO ALERT,NO ALERT,20260706,00
Uttar Pradesh,Saharanpur,42,45,42-45 h,1.524999976158142,1.2072077539321737,1.8409917959644893,0.0,NO ALERT,NO ALERT,20260706,00
Uttar Pradesh,Sant Kabir Nagar,42,45,42-45 h,0.0625,3.0,0.1875,0.0,NO ALERT,NO ALERT,20260706,00
Uttar Pradesh,Sant Ravi Das Nagar,42,45,42-45 h,0.0,0.7357740655714142,0.0,0.0,NO ALERT,NO ALERT,20260706,00
Uttar Pradesh,Shahjahanpur,42,45,42-45 h,0.0,3.0,0.0,0.0,NO ALERT,NO ALERT,20260706,00
Uttar Pradesh,Shravasti,42,45,42-45 h,0.046875,3.0,0.140625,0.0,NO ALERT,NO ALERT,20260706,00
Uttar Pradesh,Siddharth Nagar,42,45,42-45 h,0.8125,3.0,2.4375,0.0,NO ALERT,NO ALERT,20260706,00
Uttar Pradesh,Sitapur,42,45,42-45 h,0.0069444444961845875,3.0,0.020833333488553762,0.0,NO ALERT,NO ALERT,20260706,00
Uttar Pradesh,Sonbhadra,42,45,42-45 h,0.0,0.36184466178439245,0.0,0.0,NO ALERT,NO ALERT,20260706,00
Uttar Pradesh,Sultanpur,42,45,42-45 h,0.0,3.0,0.0,0.0,NO ALERT,NO ALERT,20260706,00
Uttar Pradesh,Unnao,42,45,42-45 h,0.0,2.072396332849315,0.0,0.0,NO ALERT,NO ALERT,20260706,00
Uttar Pradesh,Varanasi,42,45,42-45 h,0.0,0.7173701896151363,0.0,0.0,NO ALERT,NO ALERT,20260706,00
Uttaranchal,Almora,42,45,42-45 h,2.609375,0.9821425065093953,2.5627781029229535,0.0,NO ALERT,NO ALERT,20260706,00
Uttaranchal,Bageshwar,42,45,42-45 h,1.125,1.1747002010493959,1.3215377261805703,0.0,NO ALERT,NO ALERT,20260706,00
Uttaranchal,Chamoli,42,45,42-45 h,0.0677083358168602,0.9639619688833851,0.06526826070383798,0.0,NO ALERT,NO ALERT,20260706,00
Uttaranchal,Champawat,42,45,42-45 h,0.59375,1.3345860907380185,0.7924104913756985,0.0,NO ALERT,NO ALERT,20260706,00
Uttaranchal,Dehra Dun,42,45,42-45 h,2.984375,0.6132870486378237,1.830278535778505,0.0,NO ALERT,NO ALERT,20260706,00
Uttaranchal,Haridwar,42,45,42-45 h,2.421875,3.0,7.265625,0.0,NO ALERT,NO ALERT,20260706,00
Uttaranchal,Naini Tal,42,45,42-45 h,1.7395833730697632,3.0,5.2187501192092896,0.0,NO ALERT,NO ALERT,20260706,00
Uttaranchal,Pauri Garhwal,42,45,42-45 h,3.965277671813965,0.6525376956382899,2.587493154531448,0.0,NO ALERT,NO ALERT,20260706,00
Uttaranchal,Pithoragarh,42,45,42-45 h,1.0511363744735718,1.4492140668178521,1.5233216200310178,0.0,NO ALERT,NO ALERT,20260706,00
Uttaranchal,Rudra Prayag,42,45,42-45 h,0.0,0.4569764664782921,0.0,0.0,NO ALERT,NO ALERT,20260706,00
Uttaranchal,Tehri Garhwal,42,45,42-45 h,3.7395832538604736,0.43032490849803356,1.609235821538287,0.0,NO ALERT,NO ALERT,20260706,00
Uttaranchal,Udham Singh Nagar,42,45,42-45 h,0.0729166641831398,3.0,0.2187499925494194,0.0,NO ALERT,NO ALERT,20260706,00
Uttaranchal,Uttarkashi,42,45,42-45 h,0.0052083334885537624,0.5922627381468989,0.0030847018531130416,0.0,NO ALERT,NO ALERT,20260706,00
West Bengal,Bankura,42,45,42-45 h,0.0,0.8139789747747026,0.0,0.0,NO ALERT,NO ALERT,20260706,00
West Bengal,Barddhaman,42,45,42-45 h,0.0,0.574892656930282,0.0,0.0,NO ALERT,NO ALERT,20260706,00
West Bengal,Birbhum,42,45,42-45 h,0.0,0.5294498373329074,0.0,0.0,NO ALERT,NO ALERT,20260706,00
West Bengal,Dakshin Dinajpur,42,45,42-45 h,0.0,3.0,0.0,0.0,NO ALERT,NO ALERT,20260706,00
West Bengal,Darjiling,42,45,42-45 h,2.25,0.7026692764985678,1.5810058721217777,0.0,NO ALERT,NO ALERT,20260706,00
West Bengal,East Midnapore,42,45,42-45 h,0.03125,0.8881573288438509,0.02775491652637034,0.0,NO ALERT,NO ALERT,20260706,00
West Bengal,Haora,42,45,42-45 h,0.0,1.2481811405444279,0.0,0.0,NO ALERT,NO ALERT,20260706,00
West Bengal,Hugli,42,45,42-45 h,0.0,0.8639513302480973,0.0,0.0,NO ALERT,NO ALERT,20260706,00
West Bengal,Jalpaiguri,42,45,42-45 h,0.0,0.4477323529410921,0.0,0.0,NO ALERT,NO ALERT,20260706,00
West Bengal,Kochbihar,42,45,42-45 h,0.0,0.4180542781060552,0.0,0.0,NO ALERT,NO ALERT,20260706,00
West Bengal,Kolkata,42,45,42-45 h,0.0,1.0,0.0,0.0,NO ALERT,NO ALERT,20260706,00
West Bengal,Maldah,42,45,42-45 h,0.0,1.8447625989600538,0.0,0.0,NO ALERT,NO ALERT,20260706,00
West Bengal,Murshidabad,42,45,42-45 h,0.0,0.5481165988025845,0.0,0.0,NO ALERT,NO ALERT,20260706,00
West Bengal,Nadia,42,45,42-45 h,0.0,0.5519673667157511,0.0,0.0,NO ALERT,NO ALERT,20260706,00
West Bengal,North 24 Parganas,42,45,42-45 h,0.40625,0.5171853011924324,0.2101065286094257,0.0,NO ALERT,NO ALERT,20260706,00
West Bengal,Puruliya,42,45,42-45 h,0.0,0.5083553982476996,0.0,0.0,NO ALERT,NO ALERT,20260706,00
West Bengal,South 24 Parganas,42,45,42-45 h,0.1875,0.39550141013305273,0.07415651439994739,0.0,NO ALERT,NO ALERT,20260706,00
West Bengal,Uttar Dinajpur,42,45,42-45 h,0.5874999761581421,0.7118445881113709,0.41820867854373284,0.0,NO ALERT,NO ALERT,20260706,00
West Bengal,West Midnapore,42,45,42-45 h,0.0,1.4849613290035115,0.0,0.0,NO ALERT,NO ALERT,20260706,00
Arunachal Pradesh,Papum Pare,45,48,45-48 h,0.4000000059604645,0.9533183125255726,0.381327330692449,0.0,NO ALERT,NO ALERT,20260706,00
Arunachal Pradesh,Tawang,45,48,45-48 h,0.0625,1.1388765971638852,0.07117978732274283,0.0,NO ALERT,NO ALERT,20260706,00
Arunachal Pradesh,Tirap,45,48,45-48 h,0.0625,0.3651383081547162,0.022821144259669763,0.0,NO ALERT,NO ALERT,20260706,00
Arunachal Pradesh,Upper Dibang Valley,45,48,45-48 h,1.017045497894287,1.028310112978305,1.0458381708437507,0.0,NO ALERT,NO ALERT,20260706,00
Arunachal Pradesh,Upper Siang,45,48,45-48 h,1.8194444179534912,1.2039424484099477,2.1905063672967384,0.0,NO ALERT,NO ALERT,20260706,00
Arunachal Pradesh,Upper Subansiri,45,48,45-48 h,2.3046875,0.5158400571515395,1.1888501317164386,0.0,NO ALERT,NO ALERT,20260706,00
Arunachal Pradesh,West Kameng,45,48,45-48 h,0.41477271914482117,0.6603703450016216,0.27390360363892624,0.0,NO ALERT,NO ALERT,20260706,00
Arunachal Pradesh,West Siang,45,48,45-48 h,1.8409091234207153,0.797134356200177,1.467451908921004,0.0,NO ALERT,NO ALERT,20260706,00
Assam,Barpeta,45,48,45-48 h,1.1041666269302368,0.6024484372218926,0.6652034588266896,0.0,NO ALERT,NO ALERT,20260706,00
Assam,Bongaigaon,45,48,45-48 h,0.109375,0.46296589037388325,0.05063689425964348,0.0,NO ALERT,NO ALERT,20260706,00
Assam,Cachar,45,48,45-48 h,0.90625,0.5608794743553766,0.50829702363456,0.0,NO ALERT,NO ALERT,20260706,00
Assam,Darrang,45,48,45-48 h,0.3499999940395355,0.3,0.10499999821186065,0.0,NO ALERT,NO ALERT,20260706,00
Assam,Dhemaji,45,48,45-48 h,0.59375,0.3,0.178125,0.0,NO ALERT,NO ALERT,20260706,00
Assam,Dhuburi,45,48,45-48 h,0.515625,0.32508121737137274,0.16762000270711408,0.0,NO ALERT,NO ALERT,20260706,00
Assam,Dibrugarh,45,48,45-48 h,0.21875,0.3174379415214978,0.06943954970782765,0.0,NO ALERT,NO ALERT,20260706,00
Assam,Goalpara,45,48,45-48 h,0.2291666716337204,0.35666832552213257,0.08173649303707944,0.0,NO ALERT,NO ALERT,20260706,00
Assam,Golaghat,45,48,45-48 h,1.1749999523162842,1.2381989938745952,1.4548837587607204,0.0,NO ALERT,NO ALERT,20260706,00
Assam,Hailakandi,45,48,45-48 h,0.3125,0.8229121215241156,0.2571600379762861,0.0,NO ALERT,NO ALERT,20260706,00
Assam,Jorhat,45,48,45-48 h,0.7708333134651184,0.6894283364621259,0.531434328991845,0.0,NO ALERT,NO ALERT,20260706,00
Assam,Kamrup,45,48,45-48 h,0.1458333283662796,0.3664044900075036,0.05343398630614348,0.0,NO ALERT,NO ALERT,20260706,00
Assam,Karbi Anglong,45,48,45-48 h,0.02777777798473835,0.4270362077260787,0.011862116969659622,0.0,NO ALERT,NO ALERT,20260706,00
Assam,Karimganj,45,48,45-48 h,0.2916666567325592,0.6822626455335654,0.19899326483628615,0.0,NO ALERT,NO ALERT,20260706,00
Assam,Kokrajhar,45,48,45-48 h,0.3125,0.37030806257959376,0.11572126955612305,0.0,NO ALERT,NO ALERT,20260706,00
Assam,Lakhimpur,45,48,45-48 h,0.90625,0.8540887789555129,0.7740179559284336,0.0,NO ALERT,NO ALERT,20260706,00
Assam,Marigaon,45,48,45-48 h,0.09375,0.3,0.028124999999999997,0.0,NO ALERT,NO ALERT,20260706,00
Assam,Nagaon,45,48,45-48 h,0.09375,0.38673451003625536,0.03625636031589894,0.0,NO ALERT,NO ALERT,20260706,00
Assam,Nalbari,45,48,45-48 h,0.625,0.5554100332386462,0.3471312707741539,0.0,NO ALERT,NO ALERT,20260706,00
Assam,North Cachar Hills,45,48,45-48 h,0.1696428507566452,1.1126078231817818,0.1887459628987029,0.0,NO ALERT,NO ALERT,20260706,00
Assam,Sibsagar,45,48,45-48 h,0.1666666716337204,0.6339424569321858,0.10565707930419053,0.0,NO ALERT,NO ALERT,20260706,00
Assam,Sonitpur,45,48,45-48 h,0.36250001192092896,0.3,0.10875000357627869,0.0,NO ALERT,NO ALERT,20260706,00
Assam,Tinsukia,45,48,45-48 h,0.7124999761581421,0.3,0.21374999284744262,0.0,NO ALERT,NO ALERT,20260706,00
Bihar,Araria,45,48,45-48 h,2.328125,0.5229429825116881,1.217476631160024,0.0,NO ALERT,NO ALERT,20260706,00
Bihar,Aurangabad,45,48,45-48 h,0.0,0.35000296398043534,0.0,0.0,NO ALERT,NO ALERT,20260706,00
Bihar,Banka,45,48,45-48 h,0.203125,0.7184756982670082,0.14594037621048603,0.0,NO ALERT,NO ALERT,20260706,00
Bihar,Begusarai,45,48,45-48 h,0.0625,2.5062878804279856,0.1566429925267491,0.0,NO ALERT,NO ALERT,20260706,00
Bihar,Bhabua,45,48,45-48 h,0.03125,0.3407437709399486,0.010648242841873394,0.0,NO ALERT,NO ALERT,20260706,00
Bihar,Bhagalpur,45,48,45-48 h,0.1458333283662796,1.0689963787452375,0.155895299923918,0.0,NO ALERT,NO ALERT,20260706,00
Bihar,Bhojpur,45,48,45-48 h,0.0,0.4776323743598687,0.0,0.0,NO ALERT,NO ALERT,20260706,00
Bihar,Buxar,45,48,45-48 h,0.0,0.8075695227139618,0.0,0.0,NO ALERT,NO ALERT,20260706,00
Bihar,Darbhanga,45,48,45-48 h,0.0,3.0,0.0,0.0,NO ALERT,NO ALERT,20260706,00
Bihar,Gaya,45,48,45-48 h,0.0,0.363978205648116,0.0,0.0,NO ALERT,NO ALERT,20260706,00
Bihar,Gopalganj,45,48,45-48 h,4.25,2.547002946333611,10.824762521917847,0.0,MODERATE,NO ALERT,20260706,00
Bihar,Jamui,45,48,45-48 h,0.02083333395421505,0.6349210991185491,0.013227523292514008,0.0,NO ALERT,NO ALERT,20260706,00
Bihar,Jehanabad,45,48,45-48 h,0.0,0.5056413165810456,0.0,0.0,NO ALERT,NO ALERT,20260706,00
Bihar,Katihar,45,48,45-48 h,0.5625,1.607854247376458,0.9044180141492577,0.0,NO ALERT,NO ALERT,20260706,00
Bihar,Khagaria,45,48,45-48 h,0.25,1.903639559935811,0.4759098899839527,0.0,NO ALERT,NO ALERT,20260706,00
Bihar,Kishanganj,45,48,45-48 h,5.09375,0.5333674240043547,2.7168403160221817,0.0,NO ALERT,NO ALERT,20260706,00
Bihar,Lakhisarai,45,48,45-48 h,0.0416666679084301,1.0458318462971934,0.04357632822772547,0.0,NO ALERT,NO ALERT,20260706,00
Bihar,Madhepura,45,48,45-48 h,0.46875,1.1618894539535725,0.544635681540737,0.0,NO ALERT,NO ALERT,20260706,00
Bihar,Madhubani,45,48,45-48 h,0.4124999940395355,1.4408870594945968,0.5943659034531651,0.0,NO ALERT,NO ALERT,20260706,00
Bihar,Munger,45,48,45-48 h,0.03125,1.0672109647237193,0.03335034264761623,0.0,NO ALERT,NO ALERT,20260706,00
Bihar,Muzaffarpur,45,48,45-48 h,0.203125,2.179447337729882,0.4427002404763823,0.0,NO ALERT,NO ALERT,20260706,00
Bihar,Nalanda,45,48,45-48 h,0.0,1.0296407182961889,0.0,0.0,NO ALERT,NO ALERT,20260706,00
Bihar,Nawada,45,48,45-48 h,0.0,0.4708261828175211,0.0,0.0,NO ALERT,NO ALERT,20260706,00
Bihar,Pashchim Champaran,45,48,45-48 h,1.359375,2.3983339096854386,3.260235158478643,0.0,NO ALERT,NO ALERT,20260706,00
Bihar,Patna,45,48,45-48 h,0.03125,0.8338239891381003,0.026056999660565634,0.0,NO ALERT,NO ALERT,20260706,00
Bihar,Purba Champaran,45,48,45-48 h,1.4375,3.0,4.3125,0.0,NO ALERT,NO ALERT,20260706,00
Bihar,Purnia,45,48,45-48 h,0.4375,0.5942910400177946,0.26000233000778517,0.0,NO ALERT,NO ALERT,20260706,00
Bihar,Rohtas,45,48,45-48 h,0.0,0.33297800858631404,0.0,0.0,NO ALERT,NO ALERT,20260706,00
Bihar,Saharsa,45,48,45-48 h,0.0625,2.0970945990316596,0.13106841243947873,0.0,NO ALERT,NO ALERT,20260706,00
Bihar,Samastipur,45,48,45-48 h,0.0,2.7195437456214746,0.0,0.0,NO ALERT,NO ALERT,20260706,00
Bihar,Saran,45,48,45-48 h,0.7875000238418579,0.9861629519125841,0.7766033481431169,0.0,NO ALERT,NO ALERT,20260706,00
Bihar,Sheikhpura,45,48,45-48 h,0.0,0.7062180227612795,0.0,0.0,NO ALERT,NO ALERT,20260706,00
Bihar,Sheohar,45,48,45-48 h,0.0,1.0,0.0,0.0,NO ALERT,NO ALERT,20260706,00
Madhya Pradesh,Tikamgarh,45,48,45-48 h,1.4642857313156128,3.0,4.392857193946838,0.0,NO ALERT,NO ALERT,20260706,00
Madhya Pradesh,Ujjain,45,48,45-48 h,0.2053571492433548,0.3,0.06160714477300644,0.0,NO ALERT,NO ALERT,20260706,00
Madhya Pradesh,Umaria,45,48,45-48 h,0.010416666977107525,0.3,0.0031250000931322573,0.0,NO ALERT,NO ALERT,20260706,00
Madhya Pradesh,Vidisha,45,48,45-48 h,14.034722328186035,0.41390940472058413,5.809103564278172,0.0,NO ALERT,NO ALERT,20260706,00
Madhya Pradesh,West Nimar,45,48,45-48 h,0.6875,0.44485233351497017,0.305835979291542,0.0,NO ALERT,NO ALERT,20260706,00
Maharashtra,Ahmednagar,45,48,45-48 h,3.050595283508301,0.3,0.9151785850524902,0.0,NO ALERT,NO ALERT,20260706,00
Maharashtra,Akola,45,48,45-48 h,0.0234375,0.6882367881901188,0.01613054972320591,0.0,NO ALERT,NO ALERT,20260706,00
Maharashtra,Amravati,45,48,45-48 h,0.09765625,0.9339314439149177,0.09120424256981619,0.0,NO ALERT,NO ALERT,20260706,00
Maharashtra,Aurangabad,45,48,45-48 h,2.375,0.5067375479619736,1.2035016764096873,0.0,NO ALERT,NO ALERT,20260706,00
Maharashtra,Bhandara,45,48,45-48 h,0.15625,0.44561608275608444,0.0696275129306382,0.0,NO ALERT,NO ALERT,20260706,00
Maharashtra,Bid,45,48,45-48 h,0.2083333283662796,0.6836711063440929,0.14243147709252157,0.0,NO ALERT,NO ALERT,20260706,00
Maharashtra,Buldana,45,48,45-48 h,0.13461539149284363,1.3375042100354553,0.18004865285724936,0.0,NO ALERT,NO ALERT,20260706,00
Maharashtra,Chandrapur,45,48,45-48 h,0.013392857275903225,1.3798679824200135,0.018480374948139783,0.0,NO ALERT,NO ALERT,20260706,00
Maharashtra,Dhule,45,48,45-48 h,0.1944444477558136,0.3092955395113148,0.06014080037361403,0.0,NO ALERT,NO ALERT,20260706,00
Maharashtra,Garhchiroli,45,48,45-48 h,0.17499999701976776,0.7873463730204786,0.13778561293210873,0.0,NO ALERT,NO ALERT,20260706,00
Maharashtra,Gondiya,45,48,45-48 h,0.2421875,0.604748128777892,0.1464624374383957,0.0,NO ALERT,NO ALERT,20260706,00
Maharashtra,Greater Bombay,45,48,45-48 h,6.6875,0.3,2.00625,0.0,NO ALERT,NO ALERT,20260706,00
Maharashtra,Hingoli,45,48,45-48 h,0.0625,2.239290183539015,0.13995563647118844,0.0,NO ALERT,NO ALERT,20260706,00
Maharashtra,Jalgaon,45,48,45-48 h,0.11666666716337204,0.5762232307671074,0.06722604387570903,0.0,NO ALERT,NO ALERT,20260706,00
Maharashtra,Jalna,45,48,45-48 h,0.4312500059604645,3.0,1.2937500178813934,0.0,NO ALERT,NO ALERT,20260706,00
Maharashtra,Kolhapur,45,48,45-48 h,0.7986111044883728,0.41287151840747965,0.3297237793271889,0.0,NO ALERT,NO ALERT,20260706,00
Maharashtra,Latur,45,48,45-48 h,0.0694444477558136,1.50430828029553,0.10446585777962074,0.0,NO ALERT,NO ALERT,20260706,00
Maharashtra,Nagpur,45,48,45-48 h,0.01666666753590107,0.5156920875720314,0.008594868574457827,0.0,NO ALERT,NO ALERT,20260706,00
Maharashtra,Nanded,45,48,45-48 h,0.004166666883975267,1.9327884430663378,0.008053285599454627,0.0,NO ALERT,NO ALERT,20260706,00
Maharashtra,Nandurbar,45,48,45-48 h,0.375,0.3,0.11249999999999999,0.0,NO ALERT,NO ALERT,20260706,00
Maharashtra,Nashik,45,48,45-48 h,2.95652174949646,0.3,0.8869565248489379,0.0,NO ALERT,NO ALERT,20260706,00
Maharashtra,Osmanabad,45,48,45-48 h,0.19886364042758942,0.3793131751187402,0.0754315988662604,0.0,NO ALERT,NO ALERT,20260706,00
Maharashtra,Parbhani,45,48,45-48 h,0.03125,3.0,0.09375,0.0,NO ALERT,NO ALERT,20260706,00
Madhya Pradesh,Balaghat,45,48,45-48 h,0.10096153616905212,0.3,0.030288460850715637,0.0,NO ALERT,NO ALERT,20260706,00
Madhya Pradesh,Barwani,45,48,45-48 h,0.9375,0.336734408265465,0.31568850774887347,0.0,NO ALERT,NO ALERT,20260706,00
Madhya Pradesh,Betul,45,48,45-48 h,0.6015625,0.3,0.18046874999999998,0.0,NO ALERT,NO ALERT,20260706,00
Madhya Pradesh,Bhind,45,48,45-48 h,0.7232142686843872,3.0,2.1696428060531616,0.0,NO ALERT,NO ALERT,20260706,00
Madhya Pradesh,Bhopal,45,48,45-48 h,4.599999904632568,0.364615889459979,1.6772330567434226,0.0,NO ALERT,NO ALERT,20260706,00
Madhya Pradesh,Burhanpur,45,48,45-48 h,0.59375,1.2142310318773522,0.7209496751771778,0.0,NO ALERT,NO ALERT,20260706,00
Madhya Pradesh,Chhatarpur,45,48,45-48 h,0.17307692766189575,2.317805072305432,0.40115858083378236,0.0,NO ALERT,NO ALERT,20260706,00
Madhya Pradesh,Chhindwara,45,48,45-48 h,0.2874999940395355,0.3,0.08624999821186065,0.0,NO ALERT,NO ALERT,20260706,00
Madhya Pradesh,Damoh,45,48,45-48 h,1.306249976158142,0.36117172586835916,0.4717805583045392,0.0,NO ALERT,NO ALERT,20260706,00
Rajasthan,Karauli,45,48,45-48 h,1.0178571939468384,2.7439746691600675,2.7929743570124703,0.0,NO ALERT,NO ALERT,20260706,00
Rajasthan,Kota,45,48,45-48 h,4.425000190734863,2.9527826759430753,13.066063904246707,0.0,MODERATE,NO ALERT,20260706,00
Rajasthan,Nagaur,45,48,45-48 h,0.7836538553237915,1.1882893373752281,0.9312075204742511,0.0,NO ALERT,NO ALERT,20260706,00
Rajasthan,Pali,45,48,45-48 h,1.3235293626785278,0.3,0.3970588088035583,0.0,NO ALERT,NO ALERT,20260706,00
Rajasthan,Rajsamand,45,48,45-48 h,6.6964287757873535,0.3,2.008928632736206,0.0,NO ALERT,NO ALERT,20260706,00
Rajasthan,Sawai Madhopur,45,48,45-48 h,2.9107143878936768,3.0,8.73214316368103,0.0,NO ALERT,NO ALERT,20260706,00
Rajasthan,Sikar,45,48,45-48 h,4.739583492279053,1.51752888887864,7.192454870785776,0.0,NO ALERT,NO ALERT,20260706,00
Rajasthan,Sirohi,45,48,45-48 h,2.0078125,0.3,0.60234375,0.0,NO ALERT,NO ALERT,20260706,00
Tamil Nadu,Madurai,45,48,45-48 h,0.0,1.0,0.0,0.0,NO ALERT,NO ALERT,20260706,00
Tamil Nadu,Nagapattinam,45,48,45-48 h,0.0,3.0,0.0,0.0,NO ALERT,NO ALERT,20260706,00
Tamil Nadu,Namakkal,45,48,45-48 h,0.0,1.0,0.0,0.0,NO ALERT,NO ALERT,20260706,00
Tamil Nadu,Nilgiris,45,48,45-48 h,0.171875,1.7038905536806261,0.2928561889138576,0.0,NO ALERT,NO ALERT,20260706,00
Tamil Nadu,Perambalur,45,48,45-48 h,0.0,1.0,0.0,0.0,NO ALERT,NO ALERT,20260706,00
Tamil Nadu,Pudukkottai,45,48,45-48 h,0.0,1.0,0.0,0.0,NO ALERT,NO ALERT,20260706,00
Tamil Nadu,Ramanathapuram,45,48,45-48 h,0.0,1.0,0.0,0.0,NO ALERT,NO ALERT,20260706,00
Tamil Nadu,Salem,45,48,45-48 h,0.0,1.0,0.0,0.0,NO ALERT,NO ALERT,20260706,00
Andaman and Nicobar,Andaman Islands,45,48,45-48 h,0.0902777761220932,1.0,0.0902777761220932,0.0,NO ALERT,NO ALERT,20260706,00
Andaman and Nicobar,Nicobar Islands,45,48,45-48 h,0.03125,1.0,0.03125,0.0,NO ALERT,NO ALERT,20260706,00
Andhra Pradesh,Adilabad,45,48,45-48 h,0.0,3.0,0.0,0.0,NO ALERT,NO ALERT,20260706,00
Andhra Pradesh,Anantapur,45,48,45-48 h,0.0,1.0,0.0,0.0,NO ALERT,NO ALERT,20260706,00
Andhra Pradesh,Chittoor,45,48,45-48 h,0.0,1.0,0.0,0.0,NO ALERT,NO ALERT,20260706,00
Andhra Pradesh,Cuddapah,45,48,45-48 h,0.0,1.0,0.0,0.0,NO ALERT,NO ALERT,20260706,00
Andhra Pradesh,East Godavari,45,48,45-48 h,0.0036764706019312143,3.0,0.011029411805793643,0.0,NO ALERT,NO ALERT,20260706,00
Andhra Pradesh,Guntur,45,48,45-48 h,0.0,3.0,0.0,0.0,NO ALERT,NO ALERT,20260706,00
Andhra Pradesh,Hyderabad,45,48,45-48 h,0.0,1.0,0.0,0.0,NO ALERT,NO ALERT,20260706,00
Andhra Pradesh,Karimnagar,45,48,45-48 h,0.0,2.1393520898236744,0.0,0.0,NO ALERT,NO ALERT,20260706,00
Andhra Pradesh,Khammam,45,48,45-48 h,0.0,3.0,0.0,0.0,NO ALERT,NO ALERT,20260706,00
Andhra Pradesh,Krishna,45,48,45-48 h,0.0,3.0,0.0,0.0,NO ALERT,NO ALERT,20260706,00
Andhra Pradesh,Kurnool,45,48,45-48 h,0.005434782709926367,3.0,0.0163043481297791,0.0,NO ALERT,NO ALERT,20260706,00
Andhra Pradesh,Mahbubnagar,45,48,45-48 h,0.030092593282461166,3.0,0.0902777798473835,0.0,NO ALERT,NO ALERT,20260706,00
Andhra Pradesh,Medak,45,48,45-48 h,0.01923076994717121,1.1350579038438837,0.021828037425540108,0.0,NO ALERT,NO ALERT,20260706,00
Andhra Pradesh,Nalgonda,45,48,45-48 h,0.0,3.0,0.0,0.0,NO ALERT,NO ALERT,20260706,00
Andhra Pradesh,Nellore,45,48,45-48 h,0.0,1.0,0.0,0.0,NO ALERT,NO ALERT,20260706,00
Andhra Pradesh,Nizamabad,45,48,45-48 h,0.011363636702299118,3.0,0.034090910106897354,0.0,NO ALERT,NO ALERT,20260706,00
Andhra Pradesh,Prakasam,45,48,45-48 h,0.0,1.0,0.0,0.0,NO ALERT,NO ALERT,20260706,00
Andhra Pradesh,Rangareddi,45,48,45-48 h,0.02083333395421505,2.274697750563405,0.04738953788238918,0.0,NO ALERT,NO ALERT,20260706,00
Andhra Pradesh,Srikakulam,45,48,45-48 h,0.17499999701976776,3.0,0.5249999910593033,0.0,NO ALERT,NO ALERT,20260706,00
Andhra Pradesh,Vishakhapatnam,45,48,45-48 h,0.04583333432674408,3.0,0.13750000298023224,0.0,NO ALERT,NO ALERT,20260706,00
Andhra Pradesh,Vizianagaram,45,48,45-48 h,0.0,3.0,0.0,0.0,NO ALERT,NO ALERT,20260706,00
Andhra Pradesh,Warangal,45,48,45-48 h,0.0,3.0,0.0,0.0,NO ALERT,NO ALERT,20260706,00
Andhra Pradesh,West Godavari,45,48,45-48 h,0.0,3.0,0.0,0.0,NO ALERT,NO ALERT,20260706,00
Arunachal Pradesh,Changlang,45,48,45-48 h,5.953125,0.3,1.7859375,0.0,NO ALERT,NO ALERT,20260706,00
Arunachal Pradesh,East Kameng,45,48,45-48 h,0.550000011920929,0.4269880196000505,0.2348434158701216,0.0,NO ALERT,NO ALERT,20260706,00
Arunachal Pradesh,East Siang,45,48,45-48 h,2.830357074737549,0.45628493034155115,1.2914492806883389,0.0,NO ALERT,NO ALERT,20260706,00
Arunachal Pradesh,Kurung Kumey,45,48,45-48 h,1.743749976158142,0.7126390600047544,1.2426643438926512,0.0,NO ALERT,NO ALERT,20260706,00
Arunachal Pradesh,Lohit,45,48,45-48 h,5.008333206176758,0.3,1.5024999618530273,0.0,NO ALERT,NO ALERT,20260706,00
Arunachal Pradesh,Lower Dibang Valley,45,48,45-48 h,2.6484375,0.3,0.79453125,0.0,NO ALERT,NO ALERT,20260706,00
Arunachal Pradesh,Lower Subansiri,45,48,45-48 h,1.462499976158142,0.6416184837284099,0.9383670171554228,0.0,NO ALERT,NO ALERT,20260706,00
Bihar,Sitamarhi,45,48,45-48 h,0.2916666567325592,3.0,0.8749999701976776,0.0,NO ALERT,NO ALERT,20260706,00
Bihar,Siwan,45,48,45-48 h,3.75,1.4389760456555118,5.3961601712081695,0.0,NO ALERT,NO ALERT,20260706,00
Bihar,Supaul,45,48,45-48 h,2.125,0.890582586739991,1.892487996822481,0.0,NO ALERT,NO ALERT,20260706,00
Bihar,Vaishali,45,48,45-48 h,0.0,1.2193520432551004,0.0,0.0,NO ALERT,NO ALERT,20260706,00
Chandigarh,Chandigarh,45,48,45-48 h,3.8125,1.1884359977669912,4.530912241486654,0.0,NO ALERT,NO ALERT,20260706,00
Chhattisgarh,Bastar,45,48,45-48 h,0.09943182021379471,0.5807237067170128,0.05774241520017446,0.0,NO ALERT,NO ALERT,20260706,00
Chhattisgarh,Bilaspur,45,48,45-48 h,0.1875,0.3,0.056249999999999994,0.0,NO ALERT,NO ALERT,20260706,00
Chhattisgarh,Dantewada,45,48,45-48 h,0.07608695328235626,1.7403026932816885,0.1324143297208826,0.0,NO ALERT,NO ALERT,20260706,00
Chhattisgarh,Dhamtari,45,48,45-48 h,0.0,0.3,0.0,0.0,NO ALERT,NO ALERT,20260706,00
Chhattisgarh,Durg,45,48,45-48 h,0.0364583320915699,0.3,0.010937499627470969,0.0,NO ALERT,NO ALERT,20260706,00
Chhattisgarh,Janjgir-Champa,45,48,45-48 h,0.0,0.3,0.0,0.0,NO ALERT,NO ALERT,20260706,00
Chhattisgarh,Jashpur,45,48,45-48 h,0.2750000059604645,0.3,0.08250000178813933,0.0,NO ALERT,NO ALERT,20260706,00
Chhattisgarh,Kanker,45,48,45-48 h,0.1319444477558136,0.31181627116571115,0.04114242570023678,0.0,NO ALERT,NO ALERT,20260706,00
Chhattisgarh,Kawardha,45,48,45-48 h,0.09375,0.3,0.028124999999999997,0.0,NO ALERT,NO ALERT,20260706,00
Chhattisgarh,Korba,45,48,45-48 h,0.1875,0.3,0.056249999999999994,0.0,NO ALERT,NO ALERT,20260706,00
Chhattisgarh,Koriya,45,48,45-48 h,0.17613635957241058,0.3,0.05284090787172317,0.0,NO ALERT,NO ALERT,20260706,00
Chhattisgarh,Mahasamund,45,48,45-48 h,0.0,0.3,0.0,0.0,NO ALERT,NO ALERT,20260706,00
Chhattisgarh,Raigarh,45,48,45-48 h,0.07954545319080353,0.3,0.02386363595724106,0.0,NO ALERT,NO ALERT,20260706,00
Chhattisgarh,Raipur,45,48,45-48 h,0.00390625,0.3,0.001171875,0.0,NO ALERT,NO ALERT,20260706,00
Chhattisgarh,Raj Nandgaon,45,48,45-48 h,0.22159090638160706,0.47455991292457994,0.1051581612373342,0.0,NO ALERT,NO ALERT,20260706,00
Chhattisgarh,Surguja,45,48,45-48 h,0.0677083358168602,0.3,0.020312500745058058,0.0,NO ALERT,NO ALERT,20260706,00
Dadra and Nagar Haveli,Dadra and Nagar Haveli,45,48,45-48 h,10.5625,0.3,3.1687499999999997,0.0,NO ALERT,NO ALERT,20260706,00
Daman and Diu,Daman,45,48,45-48 h,0.0,1.0,0.0,0.0,NO ALERT,NO ALERT,20260706,00
Daman and Diu,Junagadh,45,48,45-48 h,2.625,0.3,0.7875,0.0,NO ALERT,NO ALERT,20260706,00
Delhi,Delhi,45,48,45-48 h,0.4583333432674408,0.7680284695981865,0.3520130561955128,0.0,NO ALERT,NO ALERT,20260706,00
Goa,North Goa,45,48,45-48 h,9.375,0.3,2.8125,0.0,NO ALERT,NO ALERT,20260706,00
Goa,South Goa,45,48,45-48 h,8.708333015441895,0.3652758638408204,3.180943864829074,0.0,NO ALERT,NO ALERT,20260706,00
Gujarat,Ahmadabad,45,48,45-48 h,0.35624998807907104,0.3,0.10687499642372131,0.0,NO ALERT,NO ALERT,20260706,00
Gujarat,Amreli,45,48,45-48 h,2.4431817531585693,0.3,0.7329545259475708,0.0,NO ALERT,NO ALERT,20260706,00
Gujarat,Anand,45,48,45-48 h,0.637499988079071,0.3,0.1912499964237213,0.0,NO ALERT,NO ALERT,20260706,00
Gujarat,Banas Kantha,45,48,45-48 h,0.6517857313156128,0.3,0.19553571939468384,0.0,NO ALERT,NO ALERT,20260706,00
Gujarat,Bharuch,45,48,45-48 h,1.0,0.3,0.3,0.0,NO ALERT,NO ALERT,20260706,00
Gujarat,Bhavnagar,45,48,45-48 h,0.3920454680919647,0.3,0.11761364042758941,0.0,NO ALERT,NO ALERT,20260706,00
Gujarat,Dahod,45,48,45-48 h,0.53125,0.3,0.159375,0.0,NO ALERT,NO ALERT,20260706,00
Gujarat,Gandhinagar,45,48,45-48 h,3.53125,0.3,1.059375,0.0,NO ALERT,NO ALERT,20260706,00
Gujarat,Jamnagar,45,48,45-48 h,0.15625,1.0297514316198848,0.160898661190607,0.0,NO ALERT,NO ALERT,20260706,00
Gujarat,Junagadh,45,48,45-48 h,1.1193181276321411,0.3,0.3357954382896423,0.0,NO ALERT,NO ALERT,20260706,00
Gujarat,Kachchh,45,48,45-48 h,0.0364583320915699,1.0429478032131136,0.038024137363716994,0.0,NO ALERT,NO ALERT,20260706,00
Gujarat,Kheda,45,48,45-48 h,4.989583492279053,0.3,1.4968750476837158,0.0,NO ALERT,NO ALERT,20260706,00
Gujarat,Mahesana,45,48,45-48 h,2.8839285373687744,0.3,0.8651785612106323,0.0,NO ALERT,NO ALERT,20260706,00
Gujarat,Narmada,45,48,45-48 h,1.53125,0.33628631261391084,0.514938416190051,0.0,NO ALERT,NO ALERT,20260706,00
Gujarat,Navsari,45,48,45-48 h,3.546875,0.3,1.0640625,0.0,NO ALERT,NO ALERT,20260706,00
Gujarat,Panch Mahals,45,48,45-48 h,2.6500000953674316,0.38515868720859836,1.0206705578343804,0.0,NO ALERT,NO ALERT,20260706,00
Gujarat,Patan,45,48,45-48 h,0.2430555522441864,0.3,0.07291666567325591,0.0,NO ALERT,NO ALERT,20260706,00
Gujarat,Porbandar,45,48,45-48 h,0.2604166567325592,3.0,0.7812499701976776,0.0,NO ALERT,NO ALERT,20260706,00
Gujarat,Rajkot,45,48,45-48 h,0.13750000298023224,0.3,0.04125000089406967,0.0,NO ALERT,NO ALERT,20260706,00
Gujarat,Sabar Kantha,45,48,45-48 h,13.56944465637207,0.3,4.070833396911621,0.0,NO ALERT,NO ALERT,20260706,00
Gujarat,Surat,45,48,45-48 h,1.7625000476837158,0.32712919453700195,0.5765652209702015,0.0,NO ALERT,NO ALERT,20260706,00
Gujarat,Surendranagar,45,48,45-48 h,0.0625,0.3,0.01875,0.0,NO ALERT,NO ALERT,20260706,00
Gujarat,The Dangs,45,48,45-48 h,2.4583332538604736,0.6236297049513208,1.5330896417770274,0.0,NO ALERT,NO ALERT,20260706,00
Gujarat,Vadodara,45,48,45-48 h,2.3697917461395264,0.3522998571050929,0.8348772935337837,0.0,NO ALERT,NO ALERT,20260706,00
Gujarat,Valsad,45,48,45-48 h,6.96875,0.3,2.0906249999999997,0.0,NO ALERT,NO ALERT,20260706,00
Haryana,Ambala,45,48,45-48 h,1.9166666269302368,0.6762277229722136,1.2961031088258672,0.0,NO ALERT,NO ALERT,20260706,00
Haryana,Bhiwani,45,48,45-48 h,2.2232143878936768,1.7078232852568205,3.7968572997628103,0.0,NO ALERT,NO ALERT,20260706,00
Haryana,Faridabad,45,48,45-48 h,0.21875,0.8712532145408735,0.19058664068081607,0.0,NO ALERT,NO ALERT,20260706,00
Haryana,Fatehabad,45,48,45-48 h,0.0833333358168602,1.0808056670009505,0.09006714160095579,0.0,NO ALERT,NO ALERT,20260706,00
Haryana,Gurgaon,45,48,45-48 h,0.265625,1.3004888747066055,0.3454423573439421,0.0,NO ALERT,NO ALERT,20260706,00
Haryana,Hisar,45,48,45-48 h,0.6000000238418579,0.9496809693817465,0.5698086042712066,0.0,NO ALERT,NO ALERT,20260706,00
Haryana,Jhajjar,45,48,45-48 h,0.3125,1.6618096732806247,0.5193155229001952,0.0,NO ALERT,NO ALERT,20260706,00
Haryana,Jind,45,48,45-48 h,1.90625,0.7717056323525144,1.4710638616719807,0.0,NO ALERT,NO ALERT,20260706,00
Haryana,Kaithal,45,48,45-48 h,2.9583332538604736,0.6331763172108541,1.8731465547617774,0.0,NO ALERT,NO ALERT,20260706,00
Haryana,Karnal,45,48,45-48 h,2.9625000953674316,0.5159404245146241,1.528473556828487,0.0,NO ALERT,NO ALERT,20260706,00
Haryana,Kurukshetra,45,48,45-48 h,1.984375,0.6033338297736488,1.1972405684570844,0.0,NO ALERT,NO ALERT,20260706,00
Haryana,Mahendragarh,45,48,45-48 h,2.5,1.1386681831985863,2.8466704579964657,0.0,NO ALERT,NO ALERT,20260706,00
Haryana,Panchkula,45,48,45-48 h,4.0625,0.6671410727647323,2.7102606081067253,0.0,NO ALERT,NO ALERT,20260706,00
Haryana,Panipat,45,48,45-48 h,9.4375,1.0415843239201417,9.829952056996337,0.0,NO ALERT,NO ALERT,20260706,00
Haryana,Rewari,45,48,45-48 h,0.59375,1.1674745883169169,0.6931880368131694,0.0,NO ALERT,NO ALERT,20260706,00
Haryana,Rohtak,45,48,45-48 h,1.0208333730697632,1.2603472433768046,1.2866045276955211,0.0,NO ALERT,NO ALERT,20260706,00
Haryana,Sirsa,45,48,45-48 h,0.0,1.4831194250452018,0.0,0.0,NO ALERT,NO ALERT,20260706,00
Haryana,Sonepat,45,48,45-48 h,1.5416666269302368,0.7724164037051864,1.1908085916857587,0.0,NO ALERT,NO ALERT,20260706,00
Haryana,Yamuna Nagar,45,48,45-48 h,3.40625,0.6918813868041921,2.3567209738017794,0.0,NO ALERT,NO ALERT,20260706,00
Himachal Pradesh,Bilaspur,45,48,45-48 h,5.34375,0.43793651979773524,2.3402232776691476,0.0,NO ALERT,NO ALERT,20260706,00
Himachal Pradesh,Chamba,45,48,45-48 h,2.170454502105713,0.47998853587409984,1.0417932786470694,0.0,NO ALERT,NO ALERT,20260706,00
Himachal Pradesh,Hamirpur,45,48,45-48 h,3.28125,0.3222888511402842,1.0575102928040576,0.0,NO ALERT,NO ALERT,20260706,00
Himachal Pradesh,Kangra,45,48,45-48 h,1.734375,0.491764254011286,0.8529036280508241,0.0,NO ALERT,NO ALERT,20260706,00
Himachal Pradesh,Kinnaur,45,48,45-48 h,0.19886364042758942,0.5900100248843969,0.11733154143728379,0.0,NO ALERT,NO ALERT,20260706,00
Himachal Pradesh,Kullu,45,48,45-48 h,0.578125,0.48471900161399284,0.2802281728080896,0.0,NO ALERT,NO ALERT,20260706,00
Himachal Pradesh,Lahul and Spiti,45,48,45-48 h,0.4652777910232544,1.1034755877631228,0.5134226839225131,0.0,NO ALERT,NO ALERT,20260706,00
Himachal Pradesh,Mandi,45,48,45-48 h,5.4375,0.41181400265740536,2.2392386394496415,0.0,NO ALERT,NO ALERT,20260706,00
Himachal Pradesh,Shimla,45,48,45-48 h,2.2083332538604736,0.38421361333609627,0.8484716989159914,0.0,NO ALERT,NO ALERT,20260706,00
Himachal Pradesh,Sirmaur,45,48,45-48 h,9.149999618530273,0.5853734282891708,5.356166645543672,0.0,NO ALERT,NO ALERT,20260706,00
Himachal Pradesh,Solan,45,48,45-48 h,4.46875,0.501145504684414,2.239493974058475,0.0,NO ALERT,NO ALERT,20260706,00
Himachal Pradesh,Una,45,48,45-48 h,0.90625,0.5308169916656943,0.48105289869703544,0.0,NO ALERT,NO ALERT,20260706,00
Jammu and Kashmir,Anantnag (Kashmir South),45,48,45-48 h,0.008928571827709675,1.3868985192801786,0.012383023047137266,0.0,NO ALERT,NO ALERT,20260706,00
Jammu and Kashmir,Bagdam,45,48,45-48 h,0.0,1.7381670057123004,0.0,0.0,NO ALERT,NO ALERT,20260706,00
Jammu and Kashmir,Baramula (Kashmir North),45,48,45-48 h,0.008928571827709675,2.3802491119877285,0.021252225164224602,0.0,NO ALERT,NO ALERT,20260706,00
Jammu and Kashmir,Doda,45,48,45-48 h,1.0992647409439087,0.9310309851117253,1.0234495346595929,0.0,NO ALERT,NO ALERT,20260706,00
Jammu and Kashmir,Jammu,45,48,45-48 h,1.734375,2.1214535699251704,3.6793960353389674,0.0,NO ALERT,NO ALERT,20260706,00
Jammu and Kashmir,Kargil,45,48,45-48 h,0.16032609343528748,3.0,0.4809782803058624,0.0,NO ALERT,NO ALERT,20260706,00
Jammu and Kashmir,Kathua,45,48,45-48 h,3.03125,0.7421973154339496,2.24978561240916,0.0,NO ALERT,NO ALERT,20260706,00
Jammu and Kashmir,Kupwara (Muzaffarabad),45,48,45-48 h,0.02500000037252903,2.805712758686526,0.0701428200123726,0.0,NO ALERT,NO ALERT,20260706,00
Jammu and Kashmir,Ladakh (Leh),45,48,45-48 h,0.1733333319425583,0.6253946944730077,0.10840174617220466,0.0,NO ALERT,NO ALERT,20260706,00
Jammu and Kashmir,Pulwama,45,48,45-48 h,0.0,3.0,0.0,0.0,NO ALERT,NO ALERT,20260706,00
Jammu and Kashmir,Punch,45,48,45-48 h,0.02500000037252903,0.9080148049822427,0.02270037046281794,0.0,NO ALERT,NO ALERT,20260706,00
Jammu and Kashmir,Rajauri,45,48,45-48 h,1.09375,1.6908137329342856,1.8493275203968749,0.0,NO ALERT,NO ALERT,20260706,00
Jammu and Kashmir,Srinagar,45,48,45-48 h,0.03125,1.1768416745126433,0.036776302328520104,0.0,NO ALERT,NO ALERT,20260706,00
Jammu and Kashmir,Udhampur,45,48,45-48 h,2.1015625,0.9046338825169598,1.9011446437270483,0.0,NO ALERT,NO ALERT,20260706,00
Jharkhand,Bokaro,45,48,45-48 h,0.0,0.43038052424230994,0.0,0.0,NO ALERT,NO ALERT,20260706,00
Jharkhand,Chatra,45,48,45-48 h,0.0520833320915699,0.47580298707457397,0.024781404985965975,0.0,NO ALERT,NO ALERT,20260706,00
Jharkhand,Deoghar,45,48,45-48 h,0.0,0.43042539217912484,0.0,0.0,NO ALERT,NO ALERT,20260706,00
Jharkhand,Dhanbad,45,48,45-48 h,0.0,0.3,0.0,0.0,NO ALERT,NO ALERT,20260706,00
Jharkhand,Dumka,45,48,45-48 h,0.0,0.5747174401032172,0.0,0.0,NO ALERT,NO ALERT,20260706,00
Jharkhand,Garhwa,45,48,45-48 h,0.0,0.3,0.0,0.0,NO ALERT,NO ALERT,20260706,00
Jharkhand,Giridih,45,48,45-48 h,0.0,0.3,0.0,0.0,NO ALERT,NO ALERT,20260706,00
Jharkhand,Godda,45,48,45-48 h,0.0,1.241563229918693,0.0,0.0,NO ALERT,NO ALERT,20260706,00
Jharkhand,Gumla,45,48,45-48 h,0.0833333358168602,0.3,0.02500000074505806,0.0,NO ALERT,NO ALERT,20260706,00
Jharkhand,Hazaribag,45,48,45-48 h,0.0390625,0.42314411896564175,0.01652906714709538,0.0,NO ALERT,NO ALERT,20260706,00
Jharkhand,Jamtara,45,48,45-48 h,0.0,0.46008470755189523,0.0,0.0,NO ALERT,NO ALERT,20260706,00
Jharkhand,Koderma,45,48,45-48 h,0.0,0.3039175085951896,0.0,0.0,NO ALERT,NO ALERT,20260706,00
Jharkhand,Latehar,45,48,45-48 h,0.02083333395421505,0.3665391067324198,0.007636231617836176,0.0,NO ALERT,NO ALERT,20260706,00
Jharkhand,Lohardaga,45,48,45-48 h,0.03125,0.39624014819091274,0.012382504630966023,0.0,NO ALERT,NO ALERT,20260706,00
Jharkhand,Pakur,45,48,45-48 h,0.09375,0.6035076534919583,0.056578842514871094,0.0,NO ALERT,NO ALERT,20260706,00
Jharkhand,Palamu,45,48,45-48 h,0.0,0.3737988343625059,0.0,0.0,NO ALERT,NO ALERT,20260706,00
Jharkhand,Pashchim Singhbhum,45,48,45-48 h,0.0,0.45311129700376257,0.0,0.0,NO ALERT,NO ALERT,20260706,00
Jharkhand,Purba Singhbhum,45,48,45-48 h,0.0,0.9904194813681165,0.0,0.0,NO ALERT,NO ALERT,20260706,00
Jharkhand,Ranchi,45,48,45-48 h,0.017045455053448677,0.43312750651481624,0.007382855444710599,0.0,NO ALERT,NO ALERT,20260706,00
Jharkhand,Sahibganj,45,48,45-48 h,0.4749999940395355,0.9271637311929378,0.440402766790319,0.0,NO ALERT,NO ALERT,20260706,00
Jharkhand,Saraikela Kharsawan,45,48,45-48 h,0.0,0.7038710866727816,0.0,0.0,NO ALERT,NO ALERT,20260706,00
Jharkhand,Simdega,45,48,45-48 h,0.0703125,0.3,0.021093749999999998,0.0,NO ALERT,NO ALERT,20260706,00
Karnataka,Bagalkot,45,48,45-48 h,0.19374999403953552,1.1632799061220045,0.2253854748774498,0.0,NO ALERT,NO ALERT,20260706,00
Karnataka,Bangalore Rural,45,48,45-48 h,0.01785714365541935,3.0,0.05357143096625805,0.0,NO ALERT,NO ALERT,20260706,00
Karnataka,Bangalore Urban,45,48,45-48 h,0.0,3.0,0.0,0.0,NO ALERT,NO ALERT,20260706,00
Karnataka,Belgaum,45,48,45-48 h,0.25367647409439087,0.8973372374527518,0.22763334647061528,0.0,NO ALERT,NO ALERT,20260706,00
Karnataka,Bellary,45,48,45-48 h,0.05681818351149559,2.70287473371527,0.15357243262881898,0.0,NO ALERT,NO ALERT,20260706,00
Karnataka,Bidar,45,48,45-48 h,0.1180555522441864,1.0018766190120068,0.1182770975380008,0.0,NO ALERT,NO ALERT,20260706,00
Karnataka,Bijapur,45,48,45-48 h,0.2857142984867096,3.0,0.8571428954601288,0.0,NO ALERT,NO ALERT,20260706,00
Karnataka,Chamrajnagar,45,48,45-48 h,0.0,3.0,0.0,0.0,NO ALERT,NO ALERT,20260706,00
Karnataka,Chikmagalur,45,48,45-48 h,0.768750011920929,0.9744358301784026,0.7490975560658273,0.0,NO ALERT,NO ALERT,20260706,00
Karnataka,Chitradurga,45,48,45-48 h,0.04545454680919647,3.0,0.13636364042758942,0.0,NO ALERT,NO ALERT,20260706,00
Karnataka,Dakshin Kannad,45,48,45-48 h,4.489583492279053,0.48296471969249655,2.1683104328846126,0.0,NO ALERT,NO ALERT,20260706,00
Karnataka,Davanagere,45,48,45-48 h,0.25,1.0634182151425726,0.26585455378564316,0.0,NO ALERT,NO ALERT,20260706,00
Karnataka,Dharwad,45,48,45-48 h,0.296875,0.6005924706507083,0.17830088972442903,0.0,NO ALERT,NO ALERT,20260706,00
Karnataka,Gadag,45,48,45-48 h,0.09375,1.0104995631984701,0.09473433404985657,0.0,NO ALERT,NO ALERT,20260706,00
Karnataka,Gulbarga,45,48,45-48 h,0.122023805975914,1.3275990324998463,0.16199868675557239,0.0,NO ALERT,NO ALERT,20260706,00
Karnataka,Hassan,45,48,45-48 h,0.3812499940395355,1.3953514149603434,0.5319777186366884,0.0,NO ALERT,NO ALERT,20260706,00
Karnataka,Haveri,45,48,45-48 h,0.20000000298023224,0.8339001601670177,0.1667800345186197,0.0,NO ALERT,NO ALERT,20260706,00
Karnataka,Kodagu,45,48,45-48 h,0.65625,0.9891691490121184,0.6491422540392027,0.0,NO ALERT,NO ALERT,20260706,00
Karnataka,Kolar,45,48,45-48 h,0.0,1.0,0.0,0.0,NO ALERT,NO ALERT,20260706,00
Karnataka,Koppal,45,48,45-48 h,0.0357142873108387,1.3672411486472411,0.04883004320598869,0.0,NO ALERT,NO ALERT,20260706,00
Karnataka,Mandya,45,48,45-48 h,0.0234375,3.0,0.0703125,0.0,NO ALERT,NO ALERT,20260706,00
Karnataka,Mysore,45,48,45-48 h,0.0078125,3.0,0.0234375,0.0,NO ALERT,NO ALERT,20260706,00
Karnataka,Raichur,45,48,45-48 h,0.02604166604578495,1.9789763859973823,0.05153584215663824,0.0,NO ALERT,NO ALERT,20260706,00
Karnataka,Shimoga,45,48,45-48 h,1.517045497894287,0.6521122332003625,0.9892839274983993,0.0,NO ALERT,NO ALERT,20260706,00
Karnataka,Tumkur,45,48,45-48 h,0.028409091755747795,3.0,0.08522727526724339,0.0,NO ALERT,NO ALERT,20260706,00
Karnataka,Udupi,45,48,45-48 h,9.40625,0.36293434267993313,3.413851160833121,0.0,NO ALERT,NO ALERT,20260706,00
Karnataka,Uttar Kannand,45,48,45-48 h,3.024038553237915,0.4136012505834986,1.2507461274319156,0.0,NO ALERT,NO ALERT,20260706,00
Kerala,Alappuzha,45,48,45-48 h,1.8125,2.864364265748771,5.191660231669648,0.0,NO ALERT,NO ALERT,20260706,00
Kerala,Ernakulam,45,48,45-48 h,2.09375,0.8273595857165152,1.7322841325939538,0.0,NO ALERT,NO ALERT,20260706,00
Kerala,Idukki,45,48,45-48 h,0.25,1.1481059089541104,0.2870264772385276,0.0,NO ALERT,NO ALERT,20260706,00
Kerala,Kannur,45,48,45-48 h,5.234375,0.39296054227725635,2.0569028384825137,0.0,NO ALERT,NO ALERT,20260706,00
Kerala,Kasaragod,45,48,45-48 h,5.625,0.4895700959949935,2.7538317899718385,0.0,NO ALERT,NO ALERT,20260706,00
Kerala,Kollam,45,48,45-48 h,0.59375,0.9608015244614043,0.5704759051489589,0.0,NO ALERT,NO ALERT,20260706,00
Kerala,Kottayam,45,48,45-48 h,1.515625,0.9196575889749057,1.3938560332900913,0.0,NO ALERT,NO ALERT,20260706,00
Kerala,Kozhikode,45,48,45-48 h,7.1875,0.37264617476151884,2.6783943810984168,0.0,NO ALERT,NO ALERT,20260706,00
Kerala,Malappuram,45,48,45-48 h,4.212500095367432,0.44261788343885,1.8645278761974864,0.0,NO ALERT,NO ALERT,20260706,00
Kerala,Palakkad,45,48,45-48 h,1.3229166269302368,0.5302180666602749,0.7014342962836824,0.0,NO ALERT,NO ALERT,20260706,00
Kerala,Pattanamtitta,45,48,45-48 h,0.5208333134651184,0.7477207744636957,0.3894378885106311,0.0,NO ALERT,NO ALERT,20260706,00
Kerala,Thiruvananthapuram,45,48,45-48 h,0.4791666567325592,1.3040197822546657,0.624842799376088,0.0,NO ALERT,NO ALERT,20260706,00
Kerala,Thrissur,45,48,45-48 h,3.28125,0.842598859765623,2.7647775086059503,0.0,NO ALERT,NO ALERT,20260706,00
Kerala,Wayanad,45,48,45-48 h,1.21875,0.9148688962922525,1.1149964673561827,0.0,NO ALERT,NO ALERT,20260706,00
Lakshadweep,Kavaratti,45,48,45-48 h,0.0,1.0,0.0,0.0,NO ALERT,NO ALERT,20260706,00
Madhya Pradesh,Anuppur,45,48,45-48 h,0.125,0.3,0.0375,0.0,NO ALERT,NO ALERT,20260706,00
Madhya Pradesh,Ashoknagar,45,48,45-48 h,27.63541603088379,0.9519252256221402,26.306849640360763,0.0,MODERATE,NO ALERT,20260706,00
Madhya Pradesh,Datia,45,48,45-48 h,2.4375,1.0,2.4375,0.0,NO ALERT,NO ALERT,20260706,00
Madhya Pradesh,Dewas,45,48,45-48 h,1.0069444179534912,0.3,0.3020833253860474,0.0,NO ALERT,NO ALERT,20260706,00
Madhya Pradesh,Dhar,45,48,45-48 h,0.7272727489471436,0.3,0.21818182468414307,0.0,NO ALERT,NO ALERT,20260706,00
Madhya Pradesh,Dindori,45,48,45-48 h,0.4196428656578064,0.3,0.1258928596973419,0.0,NO ALERT,NO ALERT,20260706,00
Madhya Pradesh,East Nimar,45,48,45-48 h,0.53125,0.30123901134156544,0.16003322477520665,0.0,NO ALERT,NO ALERT,20260706,00
Madhya Pradesh,Guna,45,48,45-48 h,16.4375,0.44732070879630687,7.3528341508392945,0.0,NO ALERT,NO ALERT,20260706,00
Madhya Pradesh,Gwalior,45,48,45-48 h,6.1875,1.0,6.1875,0.0,NO ALERT,NO ALERT,20260706,00
Madhya Pradesh,Harda,45,48,45-48 h,1.1979166269302368,0.3,0.35937498807907103,0.0,NO ALERT,NO ALERT,20260706,00
Madhya Pradesh,Hoshangabad,45,48,45-48 h,0.9097222089767456,0.3,0.27291666269302367,0.0,NO ALERT,NO ALERT,20260706,00
Madhya Pradesh,Indore,45,48,45-48 h,0.6875,0.3,0.20625,0.0,NO ALERT,NO ALERT,20260706,00
Madhya Pradesh,Jabalpur,45,48,45-48 h,0.9375,0.3,0.28125,0.0,NO ALERT,NO ALERT,20260706,00
Madhya Pradesh,Jhabua,45,48,45-48 h,0.8125,0.3,0.24375,0.0,NO ALERT,NO ALERT,20260706,00
Madhya Pradesh,Katni,45,48,45-48 h,0.3819444477558136,0.32230547985936164,0.12310278851355638,0.0,NO ALERT,NO ALERT,20260706,00
Madhya Pradesh,Mandla,45,48,45-48 h,0.5,0.3,0.15,0.0,NO ALERT,NO ALERT,20260706,00
Madhya Pradesh,Mandsaur,45,48,45-48 h,1.125,0.3805572499288874,0.4281269061699983,0.0,NO ALERT,NO ALERT,20260706,00
Madhya Pradesh,Morena,45,48,45-48 h,1.8303571939468384,3.0,5.491071581840515,0.0,NO ALERT,NO ALERT,20260706,00
Madhya Pradesh,Narsinghpur,45,48,45-48 h,1.3611111640930176,0.3,0.40833334922790526,0.0,NO ALERT,NO ALERT,20260706,00
Madhya Pradesh,Neemuch,45,48,45-48 h,0.59375,0.7317338523203192,0.43446697481518953,0.0,NO ALERT,NO ALERT,20260706,00
Madhya Pradesh,Panna,45,48,45-48 h,0.0694444477558136,0.4184968595164538,0.02906228329666244,0.0,NO ALERT,NO ALERT,20260706,00
Madhya Pradesh,Raisen,45,48,45-48 h,1.6875,0.3,0.50625,0.0,NO ALERT,NO ALERT,20260706,00
Madhya Pradesh,Rajgarh,45,48,45-48 h,14.6875,0.676433949885283,9.935123638940095,0.0,NO ALERT,NO ALERT,20260706,00
Madhya Pradesh,Ratlam,45,48,45-48 h,0.421875,0.3,0.1265625,0.0,NO ALERT,NO ALERT,20260706,00
Madhya Pradesh,Rewa,45,48,45-48 h,0.0763888880610466,0.38712886212107545,0.029572343313767176,0.0,NO ALERT,NO ALERT,20260706,00
Madhya Pradesh,Sagar,45,48,45-48 h,2.674999952316284,0.3,0.8024999856948852,0.0,NO ALERT,NO ALERT,20260706,00
Madhya Pradesh,Satna,45,48,45-48 h,0.10795454680919647,0.4227753173004938,0.045640517781289046,0.0,NO ALERT,NO ALERT,20260706,00
Madhya Pradesh,Sehore,45,48,45-48 h,3.15625,0.3,0.9468749999999999,0.0,NO ALERT,NO ALERT,20260706,00
Madhya Pradesh,Seoni,45,48,45-48 h,0.42307692766189575,0.3,0.12692307829856872,0.0,NO ALERT,NO ALERT,20260706,00
Madhya Pradesh,Shahdol,45,48,45-48 h,0.0520833320915699,0.3,0.01562499962747097,0.0,NO ALERT,NO ALERT,20260706,00
Madhya Pradesh,Shajapur,45,48,45-48 h,5.698863506317139,0.3,1.7096590518951416,0.0,NO ALERT,NO ALERT,20260706,00
Madhya Pradesh,Sheopur,45,48,45-48 h,7.453125,3.0,22.359375,0.0,MODERATE,NO ALERT,20260706,00
Madhya Pradesh,Shivpuri,45,48,45-48 h,5.640625,3.0,16.921875,0.0,MODERATE,NO ALERT,20260706,00
Madhya Pradesh,Sidhi,45,48,45-48 h,0.0,0.399988705397733,0.0,0.0,NO ALERT,NO ALERT,20260706,00
Maharashtra,Pune,45,48,45-48 h,3.1282894611358643,0.3,0.9384868383407592,0.0,NO ALERT,NO ALERT,20260706,00
Maharashtra,Raigarh,45,48,45-48 h,9.57638931274414,0.3,2.8729167938232423,0.0,NO ALERT,NO ALERT,20260706,00
Maharashtra,Ratnagiri,45,48,45-48 h,4.153409004211426,0.3,1.2460227012634277,0.0,NO ALERT,NO ALERT,20260706,00
Maharashtra,Sangli,45,48,45-48 h,0.4261363744735718,0.3,0.12784091234207154,0.0,NO ALERT,NO ALERT,20260706,00
Maharashtra,Satara,45,48,45-48 h,0.91796875,0.3,0.275390625,0.0,NO ALERT,NO ALERT,20260706,00
Maharashtra,Sindhudurg,45,48,45-48 h,6.895833492279053,0.3,2.0687500476837157,0.0,NO ALERT,NO ALERT,20260706,00
Maharashtra,Solapur,45,48,45-48 h,0.16576087474822998,0.3,0.04972826242446899,0.0,NO ALERT,NO ALERT,20260706,00
Maharashtra,Thane,45,48,45-48 h,10.973958015441895,0.3,3.292187404632568,0.0,NO ALERT,NO ALERT,20260706,00
Maharashtra,Wardha,45,48,45-48 h,0.0,0.8277061142287497,0.0,0.0,NO ALERT,NO ALERT,20260706,00
Maharashtra,Washim,45,48,45-48 h,0.02083333395421505,0.6548512185328705,0.013642734126019952,0.0,NO ALERT,NO ALERT,20260706,00
Maharashtra,Yavatmal,45,48,45-48 h,0.0,1.1672216749493405,0.0,0.0,NO ALERT,NO ALERT,20260706,00
Manipur,Bishnupur,45,48,45-48 h,0.0,0.44222804670987065,0.0,0.0,NO ALERT,NO ALERT,20260706,00
Manipur,Chandel,45,48,45-48 h,0.0,0.4353368800524707,0.0,0.0,NO ALERT,NO ALERT,20260706,00
Manipur,Churachandpur,45,48,45-48 h,0.2604166567325592,0.350797188232678,0.09135343095073627,0.0,NO ALERT,NO ALERT,20260706,00
Manipur,East Imphal,45,48,45-48 h,0.0625,0.34679034457550556,0.021674396535969098,0.0,NO ALERT,NO ALERT,20260706,00
Manipur,Senapati,45,48,45-48 h,0.0625,0.40549794487557334,0.025343621554723333,0.0,NO ALERT,NO ALERT,20260706,00
Manipur,Tamenglong,45,48,45-48 h,0.3541666567325592,0.47901291702576343,0.16965040335472542,0.0,NO ALERT,NO ALERT,20260706,00
Manipur,Thoubal,45,48,45-48 h,0.0,0.5006320786802736,0.0,0.0,NO ALERT,NO ALERT,20260706,00
Manipur,Ukhrul,45,48,45-48 h,0.0,0.5601360196084298,0.0,0.0,NO ALERT,NO ALERT,20260706,00
Manipur,West Imphal,45,48,45-48 h,0.0,1.0,0.0,0.0,NO ALERT,NO ALERT,20260706,00
Meghalaya,East Garo Hills,45,48,45-48 h,0.671875,0.5096870049480084,0.3424459564494432,0.0,NO ALERT,NO ALERT,20260706,00
Meghalaya,East Khasi Hills,45,48,45-48 h,1.8125,0.5445849739225571,0.9870602652346347,0.0,NO ALERT,NO ALERT,20260706,00
Meghalaya,Jaintia Hills,45,48,45-48 h,1.90625,0.3344285796853742,0.6375044800252446,0.0,NO ALERT,NO ALERT,20260706,00
Meghalaya,Ri-Bhoi,45,48,45-48 h,0.0625,0.3754843171484303,0.023467769821776892,0.0,NO ALERT,NO ALERT,20260706,00
Meghalaya,South Garo Hills,45,48,45-48 h,2.0,1.1985655828274717,2.3971311656549434,0.0,NO ALERT,NO ALERT,20260706,00
Meghalaya,West Garo Hills,45,48,45-48 h,3.612499952316284,1.4164832395577518,5.117045635359194,0.0,NO ALERT,NO ALERT,20260706,00
Meghalaya,West Khasi Hills,45,48,45-48 h,0.5625,0.7688290212309257,0.4324663244423957,0.0,NO ALERT,NO ALERT,20260706,00
Mizoram,Aizawl,45,48,45-48 h,7.541666507720947,0.35958444336345213,2.711865953211627,0.0,NO ALERT,NO ALERT,20260706,00
Mizoram,Champhai,45,48,45-48 h,1.640625,0.393379226133291,0.6453877928749305,0.0,NO ALERT,NO ALERT,20260706,00
Mizoram,Kolasib,45,48,45-48 h,1.09375,0.8142673026091504,0.8906048622287582,0.0,NO ALERT,NO ALERT,20260706,00
Mizoram,Lawngtlai,45,48,45-48 h,2.65625,0.3,0.796875,0.0,NO ALERT,NO ALERT,20260706,00
Mizoram,Lunglei,45,48,45-48 h,10.46875,0.34255624595576245,3.5861356998493883,0.0,NO ALERT,NO ALERT,20260706,00
Mizoram,Mamit,45,48,45-48 h,4.604166507720947,0.6080090530356378,2.7993749183778127,0.0,NO ALERT,NO ALERT,20260706,00
Mizoram,Saiha,45,48,45-48 h,8.640625,0.3,2.5921875,0.0,NO ALERT,NO ALERT,20260706,00
Mizoram,Serchhip,45,48,45-48 h,9.9375,0.3,2.9812499999999997,0.0,NO ALERT,NO ALERT,20260706,00
Nagaland,Dimapur,45,48,45-48 h,0.0,0.6956002689591826,0.0,0.0,NO ALERT,NO ALERT,20260706,00
Nagaland,Kohima,45,48,45-48 h,0.05000000074505806,0.42200076411911747,0.021100038520370942,0.0,NO ALERT,NO ALERT,20260706,00
Nagaland,Mokokchung,45,48,45-48 h,0.0,0.6004559914526765,0.0,0.0,NO ALERT,NO ALERT,20260706,00
Nagaland,Mon,45,48,45-48 h,0.03125,0.35697456601861516,0.011155455188081724,0.0,NO ALERT,NO ALERT,20260706,00
Nagaland,Phek,45,48,45-48 h,0.0,0.4705958392700629,0.0,0.0,NO ALERT,NO ALERT,20260706,00
Nagaland,Tuensang,45,48,45-48 h,0.008928571827709675,0.307336347541769,0.002744074654292628,0.0,NO ALERT,NO ALERT,20260706,00
Nagaland,Wokha,45,48,45-48 h,0.02083333395421505,0.9768878268305281,0.020351830332167795,0.0,NO ALERT,NO ALERT,20260706,00
Nagaland,Zunheboto,45,48,45-48 h,0.0,0.3,0.0,0.0,NO ALERT,NO ALERT,20260706,00
Orissa,Angul,45,48,45-48 h,0.013888888992369175,0.3,0.004166666697710752,0.0,NO ALERT,NO ALERT,20260706,00
Orissa,Baleshwar,45,48,45-48 h,0.08749999850988388,0.3,0.026249999552965163,0.0,NO ALERT,NO ALERT,20260706,00
Orissa,Baragarh,45,48,45-48 h,0.0,0.3,0.0,0.0,NO ALERT,NO ALERT,20260706,00
Orissa,Bhadrak,45,48,45-48 h,0.3125,0.7178511116268625,0.22432847238339454,0.0,NO ALERT,NO ALERT,20260706,00
Orissa,Bolangir,45,48,45-48 h,0.0,0.3,0.0,0.0,NO ALERT,NO ALERT,20260706,00
Orissa,Boudh,45,48,45-48 h,0.0,0.46951847237716815,0.0,0.0,NO ALERT,NO ALERT,20260706,00
Orissa,Cuttack,45,48,45-48 h,0.125,3.0,0.375,0.0,NO ALERT,NO ALERT,20260706,00
Orissa,Deogarh,45,48,45-48 h,0.0,0.5670237411043358,0.0,0.0,NO ALERT,NO ALERT,20260706,00
Orissa,Dhenkanal,45,48,45-48 h,0.0520833320915699,0.5066672121395331,0.0263889166697732,0.0,NO ALERT,NO ALERT,20260706,00
Orissa,Gajapati,45,48,45-48 h,0.0,3.0,0.0,0.0,NO ALERT,NO ALERT,20260706,00
Orissa,Ganjam,45,48,45-48 h,0.0052083334885537624,3.0,0.015625000465661287,0.0,NO ALERT,NO ALERT,20260706,00
Orissa,Jagatsinghpur,45,48,45-48 h,0.4375,1.2982877185824837,0.5680008768798366,0.0,NO ALERT,NO ALERT,20260706,00
Orissa,Jajpur,45,48,45-48 h,0.16249999403953552,1.0825360884765436,0.17591210792502043,0.0,NO ALERT,NO ALERT,20260706,00
Orissa,Jharsuguda,45,48,45-48 h,0.0,0.3,0.0,0.0,NO ALERT,NO ALERT,20260706,00
Orissa,Kalahandi,45,48,45-48 h,0.0,0.796623750187142,0.0,0.0,NO ALERT,NO ALERT,20260706,00
Orissa,Kandhamal,45,48,45-48 h,0.0,1.1397211880580418,0.0,0.0,NO ALERT,NO ALERT,20260706,00
Orissa,Kendrapara,45,48,45-48 h,1.515625,1.2406367579898423,1.8803400863283548,0.0,NO ALERT,NO ALERT,20260706,00
Orissa,Keonjhar,45,48,45-48 h,0.010416666977107525,0.3,0.0031250000931322573,0.0,NO ALERT,NO ALERT,20260706,00
Orissa,Khordha,45,48,45-48 h,0.0416666679084301,3.0,0.1250000037252903,0.0,NO ALERT,NO ALERT,20260706,00
Orissa,Koraput,45,48,45-48 h,0.017045455053448677,3.0,0.05113636516034603,0.0,NO ALERT,NO ALERT,20260706,00
Orissa,Malkangiri,45,48,45-48 h,0.1796875,3.0,0.5390625,0.0,NO ALERT,NO ALERT,20260706,00
Orissa,Mayurbhanj,45,48,45-48 h,0.0,0.6410187849222774,0.0,0.0,NO ALERT,NO ALERT,20260706,00
Orissa,Nabarangpur,45,48,45-48 h,0.0078125,0.9520565250907196,0.007437941602271247,0.0,NO ALERT,NO ALERT,20260706,00
Orissa,Nayagarh,45,48,45-48 h,0.0,2.7627565849527578,0.0,0.0,NO ALERT,NO ALERT,20260706,00
Orissa,Nuapada,45,48,45-48 h,0.0,0.3,0.0,0.0,NO ALERT,NO ALERT,20260706,00
Orissa,Puri,45,48,45-48 h,0.30000001192092896,1.1682139811417622,0.35046420826872454,0.0,NO ALERT,NO ALERT,20260706,00
Orissa,Rayagada,45,48,45-48 h,0.0,3.0,0.0,0.0,NO ALERT,NO ALERT,20260706,00
Orissa,Sambalpur,45,48,45-48 h,0.0,0.3,0.0,0.0,NO ALERT,NO ALERT,20260706,00
Orissa,Sonepur,45,48,45-48 h,0.0,0.3,0.0,0.0,NO ALERT,NO ALERT,20260706,00
Orissa,Sundargarh,45,48,45-48 h,0.03365384787321091,0.4166264730089146,0.014021083942594421,0.0,NO ALERT,NO ALERT,20260706,00
Puducherry,Karaikal,45,48,45-48 h,0.0,1.0,0.0,0.0,NO ALERT,NO ALERT,20260706,00
Puducherry,Mahe,45,48,45-48 h,0.0,1.0,0.0,0.0,NO ALERT,NO ALERT,20260706,00
Puducherry,Puducherry,45,48,45-48 h,0.0,1.0,0.0,0.0,NO ALERT,NO ALERT,20260706,00
Puducherry,Yanam,45,48,45-48 h,0.0,1.0,0.0,0.0,NO ALERT,NO ALERT,20260706,00
Punjab,Amritsar,45,48,45-48 h,0.1785714328289032,3.0,0.5357142984867096,0.0,NO ALERT,NO ALERT,20260706,00
Punjab,Bathinda,45,48,45-48 h,0.5982142686843872,1.0063742042286778,0.6020274086054906,0.0,NO ALERT,NO ALERT,20260706,00
Punjab,Faridkot,45,48,45-48 h,0.0416666679084301,1.8166795132507056,0.07569498197466559,0.0,NO ALERT,NO ALERT,20260706,00
Punjab,Fatehgarh Sahib,45,48,45-48 h,1.6875,0.7625669248111632,1.2868316856188378,0.0,NO ALERT,NO ALERT,20260706,00
Punjab,Firozpur,45,48,45-48 h,0.0,3.0,0.0,0.0,NO ALERT,NO ALERT,20260706,00
Punjab,Gurdaspur,45,48,45-48 h,1.3229166269302368,1.0172791491901219,1.3457755006930572,0.0,NO ALERT,NO ALERT,20260706,00
Punjab,Hoshiarpur,45,48,45-48 h,1.024999976158142,1.1158502745357433,1.1437465047951931,0.0,NO ALERT,NO ALERT,20260706,00
Punjab,Jalandhar,45,48,45-48 h,0.28125,0.6683787736223664,0.18798153008129057,0.0,NO ALERT,NO ALERT,20260706,00
Punjab,Kapurthala,45,48,45-48 h,0.0,0.8043488797650564,0.0,0.0,NO ALERT,NO ALERT,20260706,00
Punjab,Ludhiana,45,48,45-48 h,1.7000000476837158,0.6367384031963071,1.0824553157957753,0.0,NO ALERT,NO ALERT,20260706,00
Punjab,Mansa,45,48,45-48 h,0.21875,0.8554010609701591,0.1871189820872223,0.0,NO ALERT,NO ALERT,20260706,00
Punjab,Moga,45,48,45-48 h,0.3125,1.9260465396022144,0.601889543625692,0.0,NO ALERT,NO ALERT,20260706,00
Punjab,Muktsar,45,48,45-48 h,0.0,1.6273890495298178,0.0,0.0,NO ALERT,NO ALERT,20260706,00
Punjab,Nawan Shehar,45,48,45-48 h,0.734375,0.7376809676905092,0.5417344606477177,0.0,NO ALERT,NO ALERT,20260706,00
Punjab,Patiala,45,48,45-48 h,1.5625,0.9906891001535867,1.5479517189899792,0.0,NO ALERT,NO ALERT,20260706,00
Punjab,Rupnagar,45,48,45-48 h,2.625,0.596268251978758,1.5652041614442398,0.0,NO ALERT,NO ALERT,20260706,00
Punjab,Sangrur,45,48,45-48 h,0.859375,0.6431007768751102,0.5526647301270479,0.0,NO ALERT,NO ALERT,20260706,00
Rajasthan,Ajmer,45,48,45-48 h,1.912500023841858,0.5105660303364602,0.9764575451913229,0.0,NO ALERT,NO ALERT,20260706,00
Rajasthan,Alwar,45,48,45-48 h,1.0089285373687744,1.763920291704763,1.7796695199447883,0.0,NO ALERT,NO ALERT,20260706,00
Rajasthan,Banswara,45,48,45-48 h,1.7321428060531616,0.3,0.5196428418159484,0.0,NO ALERT,NO ALERT,20260706,00
Rajasthan,Baran,45,48,45-48 h,22.731250762939453,1.9242101184358293,43.73970272275026,0.0,MODERATE,NO ALERT,20260706,00
Rajasthan,Barmer,45,48,45-48 h,0.03281249850988388,0.9889290802263309,0.03244923397130732,0.0,NO ALERT,NO ALERT,20260706,00
Rajasthan,Bharatpur,45,48,45-48 h,0.0625,1.333984920453584,0.083374057528349,0.0,NO ALERT,NO ALERT,20260706,00
Rajasthan,Bhilwara,45,48,45-48 h,3.763392925262451,0.3633962326272162,1.3676028109362934,0.0,NO ALERT,NO ALERT,20260706,00
Rajasthan,Bikaner,45,48,45-48 h,0.5833333134651184,3.0,1.7499999403953552,0.0,NO ALERT,NO ALERT,20260706,00
Rajasthan,Bundi,45,48,45-48 h,2.5892856121063232,3.0,7.76785683631897,0.0,NO ALERT,NO ALERT,20260706,00
Rajasthan,Chittaurgarh,45,48,45-48 h,2.1830356121063232,0.3,0.654910683631897,0.0,NO ALERT,NO ALERT,20260706,00
Rajasthan,Churu,45,48,45-48 h,0.8245192170143127,1.401563284200734,1.155615861685198,0.0,NO ALERT,NO ALERT,20260706,00
Rajasthan,Dausa,45,48,45-48 h,0.9583333134651184,2.1134477396397804,2.0253873751643554,0.0,NO ALERT,NO ALERT,20260706,00
Rajasthan,Dhaulpur,45,48,45-48 h,0.7875000238418579,3.0,2.3625000715255737,0.0,NO ALERT,NO ALERT,20260706,00
Rajasthan,Dungarpur,45,48,45-48 h,9.524999618530273,0.3,2.857499885559082,0.0,NO ALERT,NO ALERT,20260706,00
Rajasthan,Ganganagar,45,48,45-48 h,0.359375,1.0,0.359375,0.0,NO ALERT,NO ALERT,20260706,00
Rajasthan,Hanumangarh,45,48,45-48 h,0.0982142835855484,1.571559761267069,0.15434961606472067,0.0,NO ALERT,NO ALERT,20260706,00
Rajasthan,Jaipur,45,48,45-48 h,4.987500190734863,2.075984689161689,10.35397403315658,0.0,MODERATE,NO ALERT,20260706,00
Rajasthan,Jaisalmer,45,48,45-48 h,0.9318181872367859,1.0,0.9318181872367859,0.0,NO ALERT,NO ALERT,20260706,00
Rajasthan,Jalor,45,48,45-48 h,0.02734375,0.3,0.008203125,0.0,NO ALERT,NO ALERT,20260706,00
Rajasthan,Jhalawar,45,48,45-48 h,15.270833015441895,0.5632776631707748,8.601719135609226,0.0,NO ALERT,NO ALERT,20260706,00
Rajasthan,Jhunjhunun,45,48,45-48 h,3.8203125,1.2604511264027094,4.815317193835351,0.0,NO ALERT,NO ALERT,20260706,00
Rajasthan,Jodhpur,45,48,45-48 h,1.126838207244873,0.8001683993228174,0.9016603245869232,0.0,NO ALERT,NO ALERT,20260706,00
Rajasthan,Tonk,45,48,45-48 h,2.5833332538604736,3.0,7.749999761581421,0.0,NO ALERT,NO ALERT,20260706,00
Rajasthan,Udaipur,45,48,45-48 h,5.75694465637207,0.3,1.727083396911621,0.0,NO ALERT,NO ALERT,20260706,00
Sikkim,East,45,48,45-48 h,3.9375,2.23108818195037,8.784909716429581,0.0,NO ALERT,NO ALERT,20260706,00
Sikkim,North Sikkim,45,48,45-48 h,0.4196428656578064,2.347754056512395,0.9852182401346009,0.0,NO ALERT,NO ALERT,20260706,00
Sikkim,South Sikkim,45,48,45-48 h,0.0,1.0,0.0,0.0,NO ALERT,NO ALERT,20260706,00
Sikkim,West Sikkim,45,48,45-48 h,5.46875,3.0,16.40625,0.0,MODERATE,NO ALERT,20260706,00
Tamil Nadu,Ariyalur,45,48,45-48 h,0.0,1.0,0.0,0.0,NO ALERT,NO ALERT,20260706,00
Tamil Nadu,Chennai,45,48,45-48 h,0.0,1.0,0.0,0.0,NO ALERT,NO ALERT,20260706,00
Tamil Nadu,Coimbatore,45,48,45-48 h,0.02604166604578495,3.0,0.07812499813735485,0.0,NO ALERT,NO ALERT,20260706,00
Tamil Nadu,Cuddalore,45,48,45-48 h,0.0,1.0,0.0,0.0,NO ALERT,NO ALERT,20260706,00
Tamil Nadu,Dharmapuri,45,48,45-48 h,0.0,1.0,0.0,0.0,NO ALERT,NO ALERT,20260706,00
Tamil Nadu,Dindigul,45,48,45-48 h,0.0,1.0,0.0,0.0,NO ALERT,NO ALERT,20260706,00
Tamil Nadu,Erode,45,48,45-48 h,0.0,1.0,0.0,0.0,NO ALERT,NO ALERT,20260706,00
Tamil Nadu,Kancheepuram,45,48,45-48 h,0.0,1.0,0.0,0.0,NO ALERT,NO ALERT,20260706,00
Tamil Nadu,Kanniyakumari,45,48,45-48 h,0.02083333395421505,2.3327618361136246,0.04859920636740302,0.0,NO ALERT,NO ALERT,20260706,00
Tamil Nadu,Karur,45,48,45-48 h,0.0,1.0,0.0,0.0,NO ALERT,NO ALERT,20260706,00
Tamil Nadu,Sivaganga,45,48,45-48 h,0.0,1.0,0.0,0.0,NO ALERT,NO ALERT,20260706,00
Tamil Nadu,Thanjavur,45,48,45-48 h,0.0,1.0,0.0,0.0,NO ALERT,NO ALERT,20260706,00
Tamil Nadu,Theni,45,48,45-48 h,0.015625,3.0,0.046875,0.0,NO ALERT,NO ALERT,20260706,00
Tamil Nadu,Thiruvallur,45,48,45-48 h,0.0,1.0,0.0,0.0,NO ALERT,NO ALERT,20260706,00
Tamil Nadu,Thiruvarur,45,48,45-48 h,0.0,3.0,0.0,0.0,NO ALERT,NO ALERT,20260706,00
Tamil Nadu,Thoothukudi,45,48,45-48 h,0.0,1.0,0.0,0.0,NO ALERT,NO ALERT,20260706,00
Tamil Nadu,Tiruchchirappalli,45,48,45-48 h,0.0,1.0,0.0,0.0,NO ALERT,NO ALERT,20260706,00
Tamil Nadu,Tirunelveli Kattabo,45,48,45-48 h,0.013888888992369175,3.0,0.041666666977107525,0.0,NO ALERT,NO ALERT,20260706,00
Tamil Nadu,Tiruvannamalai,45,48,45-48 h,0.0,1.0,0.0,0.0,NO ALERT,NO ALERT,20260706,00
Tamil Nadu,Vellore,45,48,45-48 h,0.0,1.0,0.0,0.0,NO ALERT,NO ALERT,20260706,00
Tamil Nadu,Villupuram,45,48,45-48 h,0.0,1.0,0.0,0.0,NO ALERT,NO ALERT,20260706,00
Tamil Nadu,Virudhunagar,45,48,45-48 h,0.0,1.0,0.0,0.0,NO ALERT,NO ALERT,20260706,00
Tripura,Dhalai,45,48,45-48 h,0.03125,2.7728682543513306,0.08665213294847908,0.0,NO ALERT,NO ALERT,20260706,00
Tripura,North Tripura,45,48,45-48 h,0.140625,1.8373519402302907,0.2583776165948846,0.0,NO ALERT,NO ALERT,20260706,00
Tripura,South Tripura,45,48,45-48 h,0.125,0.6883313005588784,0.0860414125698598,0.0,NO ALERT,NO ALERT,20260706,00
Tripura,West Tripura,45,48,45-48 h,0.0,1.2952968876484479,0.0,0.0,NO ALERT,NO ALERT,20260706,00
Uttar Pradesh,Agra,45,48,45-48 h,0.4375,1.0983193107761748,0.4805146984645765,0.0,NO ALERT,NO ALERT,20260706,00
Uttar Pradesh,Aligarh,45,48,45-48 h,0.0729166641831398,0.8798559857902731,0.06415616344539476,0.0,NO ALERT,NO ALERT,20260706,00
Uttar Pradesh,Allahabad,45,48,45-48 h,0.008928571827709675,0.3288936598778827,0.0029365506658979913,0.0,NO ALERT,NO ALERT,20260706,00
Uttar Pradesh,Ambedkar Nagar,45,48,45-48 h,0.2291666716337204,3.0,0.6875000149011612,0.0,NO ALERT,NO ALERT,20260706,00
Uttar Pradesh,Auraiya,45,48,45-48 h,0.0416666679084301,3.0,0.1250000037252903,0.0,NO ALERT,NO ALERT,20260706,00
Uttar Pradesh,Azamgarh,45,48,45-48 h,0.15000000596046448,3.0,0.45000001788139343,0.0,NO ALERT,NO ALERT,20260706,00
Uttar Pradesh,Badaun,45,48,45-48 h,0.0446428582072258,2.287464070059984,0.10211893413381148,0.0,NO ALERT,NO ALERT,20260706,00
Uttar Pradesh,Baghpat,45,48,45-48 h,0.78125,0.8822997668421744,0.6892966928454487,0.0,NO ALERT,NO ALERT,20260706,00
Uttar Pradesh,Bahraich,45,48,45-48 h,0.2395833283662796,3.0,0.7187499850988388,0.0,NO ALERT,NO ALERT,20260706,00
Uttar Pradesh,Ballia,45,48,45-48 h,0.6875,0.782997505218471,0.5383107848376988,0.0,NO ALERT,NO ALERT,20260706,00
Uttar Pradesh,Balrampur,45,48,45-48 h,0.8333333134651184,2.137629415780145,1.7813578040125735,0.0,NO ALERT,NO ALERT,20260706,00
Uttar Pradesh,Banda,45,48,45-48 h,0.4375,2.6135166709781106,1.1434135435529234,0.0,NO ALERT,NO ALERT,20260706,00
Uttar Pradesh,Bara Banki,45,48,45-48 h,0.0833333358168602,3.0,0.2500000074505806,0.0,NO ALERT,NO ALERT,20260706,00
Uttar Pradesh,Bareilly,45,48,45-48 h,0.05000000074505806,2.898412958300566,0.14492065007451424,0.0,NO ALERT,NO ALERT,20260706,00
Uttar Pradesh,Basti,45,48,45-48 h,0.6041666865348816,2.3821490387413156,1.439215091568594,0.0,NO ALERT,NO ALERT,20260706,00
Uttar Pradesh,Bijnor,45,48,45-48 h,0.4000000059604645,3.0,1.2000000178813934,0.0,NO ALERT,NO ALERT,20260706,00
Uttar Pradesh,Bulandshahr,45,48,45-48 h,0.38749998807907104,1.5919798836936727,0.6168921859534191,0.0,NO ALERT,NO ALERT,20260706,00
Uttar Pradesh,Chandauli,45,48,45-48 h,0.0,0.38773924304590257,0.0,0.0,NO ALERT,NO ALERT,20260706,00
Uttar Pradesh,Chitrakoot,45,48,45-48 h,0.7875000238418579,0.562270950669591,0.44278838705788703,0.0,NO ALERT,NO ALERT,20260706,00
Uttar Pradesh,Deoria,45,48,45-48 h,3.03125,3.0,9.09375,0.0,NO ALERT,NO ALERT,20260706,00
Uttar Pradesh,Etah,45,48,45-48 h,0.3203125,2.067726013381379,0.662318488661223,0.0,NO ALERT,NO ALERT,20260706,00
Uttar Pradesh,Etawah,45,48,45-48 h,0.15625,3.0,0.46875,0.0,NO ALERT,NO ALERT,20260706,00
Uttar Pradesh,Faizabad,45,48,45-48 h,0.02083333395421505,3.0,0.06250000186264515,0.0,NO ALERT,NO ALERT,20260706,00
Uttar Pradesh,Farrukhabad,45,48,45-48 h,0.0,3.0,0.0,0.0,NO ALERT,NO ALERT,20260706,00
Uttar Pradesh,Fatehpur,45,48,45-48 h,0.2410714328289032,1.2397823009215974,0.2988760956790839,0.0,NO ALERT,NO ALERT,20260706,00
Uttar Pradesh,Firozabad,45,48,45-48 h,2.234375,1.3721040668065834,3.0657950242709595,0.0,NO ALERT,NO ALERT,20260706,00
Uttar Pradesh,Gautam Buddha Nagar,45,48,45-48 h,0.0625,0.5126294703835742,0.03203934189897339,0.0,NO ALERT,NO ALERT,20260706,00
Uttar Pradesh,Ghaziabad,45,48,45-48 h,0.1041666641831398,0.6195152102740974,0.06453283286496915,0.0,NO ALERT,NO ALERT,20260706,00
Uttar Pradesh,Ghazipur,45,48,45-48 h,0.0,0.9133276607025872,0.0,0.0,NO ALERT,NO ALERT,20260706,00
Uttar Pradesh,Gonda,45,48,45-48 h,1.3125,3.0,3.9375,0.0,NO ALERT,NO ALERT,20260706,00
Uttar Pradesh,Gorakhpur,45,48,45-48 h,3.09375,3.0,9.28125,0.0,NO ALERT,NO ALERT,20260706,00
Uttar Pradesh,Hamirpur,45,48,45-48 h,1.8660714626312256,1.0,1.8660714626312256,0.0,NO ALERT,NO ALERT,20260706,00
Uttar Pradesh,Hardoi,45,48,45-48 h,0.0,3.0,0.0,0.0,NO ALERT,NO ALERT,20260706,00
Uttar Pradesh,Hathras,45,48,45-48 h,0.0,0.6899235208352951,0.0,0.0,NO ALERT,NO ALERT,20260706,00
Uttar Pradesh,Jalaun,45,48,45-48 h,1.53125,1.0,1.53125,0.0,NO ALERT,NO ALERT,20260706,00
Uttar Pradesh,Jaunpur,45,48,45-48 h,0.0,1.4820370115645944,0.0,0.0,NO ALERT,NO ALERT,20260706,00
Uttar Pradesh,Jhansi,45,48,45-48 h,4.090277671813965,1.0,4.090277671813965,0.0,NO ALERT,NO ALERT,20260706,00
Uttar Pradesh,Jyotiba Phule Nagar,45,48,45-48 h,0.6875,2.7207409304746526,1.8705093897013236,0.0,NO ALERT,NO ALERT,20260706,00
Uttar Pradesh,Kannauj,45,48,45-48 h,0.0,1.0,0.0,0.0,NO ALERT,NO ALERT,20260706,00
Uttar Pradesh,Kanpur,45,48,45-48 h,0.03125,3.0,0.09375,0.0,NO ALERT,NO ALERT,20260706,00
Uttar Pradesh,Kanpur Dehat,45,48,45-48 h,0.1428571492433548,1.0,0.1428571492433548,0.0,NO ALERT,NO ALERT,20260706,00
Uttar Pradesh,Kaushambi,45,48,45-48 h,0.0625,0.8478967173116988,0.052993544831981175,0.0,NO ALERT,NO ALERT,20260706,00
Uttar Pradesh,Kushinagar,45,48,45-48 h,2.8125,3.0,8.4375,0.0,NO ALERT,NO ALERT,20260706,00
Uttar Pradesh,Lakhimpur Kheri,45,48,45-48 h,0.08522727340459824,3.0,0.2556818202137947,0.0,NO ALERT,NO ALERT,20260706,00
Uttar Pradesh,Lalitpur,45,48,45-48 h,2.953125,2.6401848571460835,7.796795906259528,0.0,NO ALERT,NO ALERT,20260706,00
Uttar Pradesh,Lucknow,45,48,45-48 h,0.0,2.284626632442603,0.0,0.0,NO ALERT,NO ALERT,20260706,00
Uttar Pradesh,Maharajganj,45,48,45-48 h,1.90625,1.0,1.90625,0.0,NO ALERT,NO ALERT,20260706,00
Uttar Pradesh,Mahoba,45,48,45-48 h,0.6666666865348816,1.0,0.6666666865348816,0.0,NO ALERT,NO ALERT,20260706,00
Uttar Pradesh,Mainpuri,45,48,45-48 h,1.1375000476837158,2.6323788094303384,2.994331021248613,0.0,NO ALERT,NO ALERT,20260706,00
Uttar Pradesh,Mathura,45,48,45-48 h,0.22499999403953552,0.7910712809124609,0.17799103349015144,0.0,NO ALERT,NO ALERT,20260706,00
Uttar Pradesh,Mau,45,48,45-48 h,0.32499998807907104,1.9114426031786989,0.6212188232469057,0.0,NO ALERT,NO ALERT,20260706,00
Uttar Pradesh,Meerut,45,48,45-48 h,0.046875,0.9643158928227719,0.04520230747606743,0.0,NO ALERT,NO ALERT,20260706,00
Uttar Pradesh,Mirzapur,45,48,45-48 h,0.0,0.35710016022873065,0.0,0.0,NO ALERT,NO ALERT,20260706,00
Uttar Pradesh,Moradabad,45,48,45-48 h,0.15625,1.91329315618519,0.29895205565393596,0.0,NO ALERT,NO ALERT,20260706,00
Uttar Pradesh,Muzaffarnagar,45,48,45-48 h,0.824999988079071,1.0943905970571934,0.9028722295260321,0.0,NO ALERT,NO ALERT,20260706,00
Uttar Pradesh,Pilibhit,45,48,45-48 h,0.010416666977107525,3.0,0.031250000931322575,0.0,NO ALERT,NO ALERT,20260706,00
Uttar Pradesh,Pratapgarh,45,48,45-48 h,0.010416666977107525,1.7597048613363788,0.018330259518538235,0.0,NO ALERT,NO ALERT,20260706,00
Uttar Pradesh,Rae Bareli,45,48,45-48 h,0.0078125,1.1033504252204083,0.00861992519703444,0.0,NO ALERT,NO ALERT,20260706,00
Uttar Pradesh,Rampur,45,48,45-48 h,0.0625,3.0,0.1875,0.0,NO ALERT,NO ALERT,20260706,00
Uttar Pradesh,Saharanpur,45,48,45-48 h,2.5,1.2072077539321737,3.0180193848304344,0.0,NO ALERT,NO ALERT,20260706,00
Uttar Pradesh,Sant Kabir Nagar,45,48,45-48 h,2.21875,3.0,6.65625,0.0,NO ALERT,NO ALERT,20260706,00
Uttar Pradesh,Sant Ravi Das Nagar,45,48,45-48 h,0.0,0.7357740655714142,0.0,0.0,NO ALERT,NO ALERT,20260706,00
Uttar Pradesh,Shahjahanpur,45,48,45-48 h,0.0078125,3.0,0.0234375,0.0,NO ALERT,NO ALERT,20260706,00
Uttar Pradesh,Shravasti,45,48,45-48 h,0.765625,3.0,2.296875,0.0,NO ALERT,NO ALERT,20260706,00
Uttar Pradesh,Siddharth Nagar,45,48,45-48 h,2.1666667461395264,3.0,6.500000238418579,0.0,NO ALERT,NO ALERT,20260706,00
Uttar Pradesh,Sitapur,45,48,45-48 h,0.02777777798473835,3.0,0.08333333395421505,0.0,NO ALERT,NO ALERT,20260706,00
Uttar Pradesh,Sonbhadra,45,48,45-48 h,0.0,0.36184466178439245,0.0,0.0,NO ALERT,NO ALERT,20260706,00
Uttar Pradesh,Sultanpur,45,48,45-48 h,0.0,3.0,0.0,0.0,NO ALERT,NO ALERT,20260706,00
Uttar Pradesh,Unnao,45,48,45-48 h,0.0,2.072396332849315,0.0,0.0,NO ALERT,NO ALERT,20260706,00
Uttar Pradesh,Varanasi,45,48,45-48 h,0.0,0.7173701896151363,0.0,0.0,NO ALERT,NO ALERT,20260706,00
Uttaranchal,Almora,45,48,45-48 h,3.96875,0.9821425065093953,3.8978780727091626,0.0,NO ALERT,NO ALERT,20260706,00
Uttaranchal,Bageshwar,45,48,45-48 h,3.637500047683716,1.1747002010493959,4.272972037331248,0.0,NO ALERT,NO ALERT,20260706,00
Uttaranchal,Chamoli,45,48,45-48 h,3.8541667461395264,0.9639619688833851,3.715270165013528,0.0,NO ALERT,NO ALERT,20260706,00
Uttaranchal,Champawat,45,48,45-48 h,0.46875,1.3345860907380185,0.6255872300334462,0.0,NO ALERT,NO ALERT,20260706,00
Uttaranchal,Dehra Dun,45,48,45-48 h,11.484375,0.6132870486378237,7.0432184492000065,0.0,NO ALERT,NO ALERT,20260706,00
Uttaranchal,Haridwar,45,48,45-48 h,1.53125,3.0,4.59375,0.0,NO ALERT,NO ALERT,20260706,00
Uttaranchal,Naini Tal,45,48,45-48 h,2.3541667461395264,3.0,7.062500238418579,0.0,NO ALERT,NO ALERT,20260706,00
Uttaranchal,Pauri Garhwal,45,48,45-48 h,4.826388835906982,0.6525376956382899,3.1494006492371107,0.0,NO ALERT,NO ALERT,20260706,00
Uttaranchal,Pithoragarh,45,48,45-48 h,0.9431818127632141,1.4492140668178521,1.3668723506232114,0.0,NO ALERT,NO ALERT,20260706,00
Uttaranchal,Rudra Prayag,45,48,45-48 h,3.1875,0.4569764664782921,1.456612486899556,0.0,NO ALERT,NO ALERT,20260706,00
Uttaranchal,Tehri Garhwal,45,48,45-48 h,12.020833015441895,0.43032490849803356,5.172863867440174,0.0,NO ALERT,NO ALERT,20260706,00
Uttaranchal,Udham Singh Nagar,45,48,45-48 h,0.3854166567325592,3.0,1.1562499701976776,0.0,NO ALERT,NO ALERT,20260706,00
Uttaranchal,Uttarkashi,45,48,45-48 h,1.671875,0.5922627381468989,0.9901892653393466,0.0,NO ALERT,NO ALERT,20260706,00
West Bengal,Bankura,45,48,45-48 h,0.0,0.8139789747747026,0.0,0.0,NO ALERT,NO ALERT,20260706,00
West Bengal,Barddhaman,45,48,45-48 h,0.3693181872367859,0.574892656930282,0.21231831391323122,0.0,NO ALERT,NO ALERT,20260706,00
West Bengal,Birbhum,45,48,45-48 h,0.03125,0.5294498373329074,0.016545307416653356,0.0,NO ALERT,NO ALERT,20260706,00
West Bengal,Dakshin Dinajpur,45,48,45-48 h,4.354166507720947,3.0,13.062499523162842,0.0,MODERATE,NO ALERT,20260706,00
West Bengal,Darjiling,45,48,45-48 h,7.400000095367432,0.7026692764985678,5.199752713101166,0.0,NO ALERT,NO ALERT,20260706,00
West Bengal,East Midnapore,45,48,45-48 h,1.8333333730697632,0.8881573288438509,1.628288471505928,0.0,NO ALERT,NO ALERT,20260706,00
West Bengal,Haora,45,48,45-48 h,3.4375,1.2481811405444279,4.290622670621471,0.0,NO ALERT,NO ALERT,20260706,00
West Bengal,Hugli,45,48,45-48 h,1.40625,0.8639513302480973,1.2149315581613869,0.0,NO ALERT,NO ALERT,20260706,00
West Bengal,Jalpaiguri,45,48,45-48 h,0.7986111044883728,0.4477323529410921,0.3575640288974635,0.0,NO ALERT,NO ALERT,20260706,00
West Bengal,Kochbihar,45,48,45-48 h,0.265625,0.4180542781060552,0.11104566762192092,0.0,NO ALERT,NO ALERT,20260706,00
West Bengal,Kolkata,45,48,45-48 h,0.0,1.0,0.0,0.0,NO ALERT,NO ALERT,20260706,00
West Bengal,Maldah,45,48,45-48 h,2.612499952316284,1.8447625989600538,4.819442201818005,0.0,NO ALERT,NO ALERT,20260706,00
West Bengal,Murshidabad,45,48,45-48 h,0.3229166567325592,0.5481165988025845,0.17699597958495203,0.0,NO ALERT,NO ALERT,20260706,00
West Bengal,Nadia,45,48,45-48 h,0.3645833432674408,0.5519673667157511,0.20123810793175406,0.0,NO ALERT,NO ALERT,20260706,00
West Bengal,North 24 Parganas,45,48,45-48 h,3.328125,0.5171853011924324,1.7212573305310643,0.0,NO ALERT,NO ALERT,20260706,00
West Bengal,Puruliya,45,48,45-48 h,0.0,0.5083553982476996,0.0,0.0,NO ALERT,NO ALERT,20260706,00
West Bengal,South 24 Parganas,45,48,45-48 h,4.734375,0.39550141013305273,1.8724519885986715,0.0,NO ALERT,NO ALERT,20260706,00
West Bengal,Uttar Dinajpur,45,48,45-48 h,3.7249999046325684,0.7118445881113709,2.6516210228280666,0.0,NO ALERT,NO ALERT,20260706,00
West Bengal,West Midnapore,45,48,45-48 h,0.32499998807907104,1.4849613290035115,0.48261241422402273,0.0,NO ALERT,NO ALERT,20260706,00
