parent_type,parent_id,parent_name,parent_key,parent_state,parent_basin,parent_sub_basin,child_type,child_id,child_name,child_key,child_state,child_basin,child_sub_basin,intersection_area_sqkm,parent_overlap_pct,child_overlap_pct
subbasin,ARA,Above Ramganga Confluence,subbasin||ARA,,Ganga Basin,Above Ramganga Confluence,district,Uttar Pradesh||Aligarh,Aligarh,district||Uttar Pradesh||Aligarh,Uttar Pradesh,,,154.4416,0.38,4.16
subbasin,ARA,Above Ramganga Confluence,subbasin||ARA,,Ganga Basin,Above Ramganga Confluence,district,Uttarakhand||Almora,Almora,district||Uttarakhand||Almora,Uttarakhand,,,41.7411,0.1,1.33
subbasin,ARA,Above Ramganga Confluence,subbasin||ARA,,Ganga Basin,Above Ramganga Confluence,district,Uttar Pradesh||Amroha,Amroha,district||Uttar Pradesh||Amroha,Uttar Pradesh,,,1865.3345,4.63,76.02
subbasin,ARA,Above Ramganga Confluence,subbasin||ARA,,Ganga Basin,Above Ramganga Confluence,district,Uttarakhand||Bageshwar,Bageshwar,district||Uttarakhand||Bageshwar,Uttarakhand,,,573.6615,1.43,25.82
subbasin,ARA,Above Ramganga Confluence,subbasin||ARA,,Ganga Basin,Above Ramganga Confluence,district,Uttar Pradesh||Bijnor,Bijnor,district||Uttar Pradesh||Bijnor,Uttar Pradesh,,,1919.9878,4.77,41.57
subbasin,ARA,Above Ramganga Confluence,subbasin||ARA,,Ganga Basin,Above Ramganga Confluence,district,Uttar Pradesh||Budaun,Budaun,district||Uttar Pradesh||Budaun,Uttar Pradesh,,,3372.5882,8.38,79.42
subbasin,ARA,Above Ramganga Confluence,subbasin||ARA,,Ganga Basin,Above Ramganga Confluence,district,Uttar Pradesh||Bulandshahr,Bulandshahr,district||Uttar Pradesh||Bulandshahr,Uttar Pradesh,,,523.9165,1.3,14.82
subbasin,ARA,Above Ramganga Confluence,subbasin||ARA,,Ganga Basin,Above Ramganga Confluence,district,Uttarakhand||Chamoli,Chamoli,district||Uttarakhand||Chamoli,Uttarakhand,,,7453.8898,18.52,95.45
subbasin,ARA,Above Ramganga Confluence,subbasin||ARA,,Ganga Basin,Above Ramganga Confluence,district,Uttarakhand||Dehradun,Dehradun,district||Uttarakhand||Dehradun,Uttarakhand,,,1007.3886,2.5,32.68
subbasin,ARA,Above Ramganga Confluence,subbasin||ARA,,Ganga Basin,Above Ramganga Confluence,district,Uttar Pradesh||Etah,Etah,district||Uttar Pradesh||Etah,Uttar Pradesh,,,211.1935,0.52,8.78
subbasin,ARA,Above Ramganga Confluence,subbasin||ARA,,Ganga Basin,Above Ramganga Confluence,district,Uttar Pradesh||Farrukhabad,Farrukhabad,district||Uttar Pradesh||Farrukhabad,Uttar Pradesh,,,1406.5989,3.49,64.36
subbasin,ARA,Above Ramganga Confluence,subbasin||ARA,,Ganga Basin,Above Ramganga Confluence,district,Uttar Pradesh||Hapur,Hapur,district||Uttar Pradesh||Hapur,Uttar Pradesh,,,297.9748,0.74,26.88
subbasin,ARA,Above Ramganga Confluence,subbasin||ARA,,Ganga Basin,Above Ramganga Confluence,district,Uttar Pradesh||Hardoi,Hardoi,district||Uttar Pradesh||Hardoi,Uttar Pradesh,,,1.8463,0.0,0.03
subbasin,ARA,Above Ramganga Confluence,subbasin||ARA,,Ganga Basin,Above Ramganga Confluence,district,Uttarakhand||Haridwar,Haridwar,district||Uttarakhand||Haridwar,Uttarakhand,,,1972.6536,4.9,86.28
subbasin,ARA,Above Ramganga Confluence,subbasin||ARA,,Ganga Basin,Above Ramganga Confluence,district,Uttar Pradesh||Kasganj,Kasganj,district||Uttar Pradesh||Kasganj,Uttar Pradesh,,,1178.3072,2.93,60.1
subbasin,ARA,Above Ramganga Confluence,subbasin||ARA,,Ganga Basin,Above Ramganga Confluence,district,Himachal Pradesh||Kinnaur,Kinnaur,district||Himachal Pradesh||Kinnaur,Himachal Pradesh,,,259.5216,0.64,3.99
subbasin,ARA,Above Ramganga Confluence,subbasin||ARA,,Ganga Basin,Above Ramganga Confluence,district,Uttar Pradesh||Meerut,Meerut,district||Uttar Pradesh||Meerut,Uttar Pradesh,,,491.4712,1.22,18.92
subbasin,ARA,Above Ramganga Confluence,subbasin||ARA,,Ganga Basin,Above Ramganga Confluence,district,Uttar Pradesh||Moradabad,Moradabad,district||Uttar Pradesh||Moradabad,Uttar Pradesh,,,3.174,0.01,0.16
subbasin,ARA,Above Ramganga Confluence,subbasin||ARA,,Ganga Basin,Above Ramganga Confluence,district,Uttar Pradesh||Muzaffarnagar,Muzaffarnagar,district||Uttar Pradesh||Muzaffarnagar,Uttar Pradesh,,,488.0136,1.21,17.79
subbasin,ARA,Above Ramganga Confluence,subbasin||ARA,,Ganga Basin,Above Ramganga Confluence,district,Uttarakhand||Pauri Garhwal,Pauri Garhwal,district||Uttarakhand||Pauri Garhwal,Uttarakhand,,,3294.626,8.19,62.49
subbasin,ARA,Above Ramganga Confluence,subbasin||ARA,,Ganga Basin,Above Ramganga Confluence,district,Uttarakhand||Pithoragarh,Pithoragarh,district||Uttarakhand||Pithoragarh,Uttarakhand,,,406.2756,1.01,5.62
subbasin,ARA,Above Ramganga Confluence,subbasin||ARA,,Ganga Basin,Above Ramganga Confluence,district,Uttarakhand||Rudraprayag,Rudraprayag,district||Uttarakhand||Rudraprayag,Uttarakhand,,,1980.6623,4.92,100.0
subbasin,ARA,Above Ramganga Confluence,subbasin||ARA,,Ganga Basin,Above Ramganga Confluence,district,Uttar Pradesh||Saharanpur,Saharanpur,district||Uttar Pradesh||Saharanpur,Uttar Pradesh,,,185.1924,0.46,4.99
subbasin,ARA,Above Ramganga Confluence,subbasin||ARA,,Ganga Basin,Above Ramganga Confluence,district,Uttar Pradesh||Sambhal,Sambhal,district||Uttar Pradesh||Sambhal,Uttar Pradesh,,,2124.7566,5.28,87.59
subbasin,ARA,Above Ramganga Confluence,subbasin||ARA,,Ganga Basin,Above Ramganga Confluence,district,Uttar Pradesh||Shahjahanpur,Shahjahanpur,district||Uttar Pradesh||Shahjahanpur,Uttar Pradesh,,,415.7783,1.03,9.64
subbasin,ARA,Above Ramganga Confluence,subbasin||ARA,,Ganga Basin,Above Ramganga Confluence,district,Uttarakhand||Tehri Garhwal,Tehri Garhwal,district||Uttarakhand||Tehri Garhwal,Uttarakhand,,,3483.37,8.65,88.91
subbasin,ARA,Above Ramganga Confluence,subbasin||ARA,,Ganga Basin,Above Ramganga Confluence,district,Uttarakhand||Uttarkashi,Uttarkashi,district||Uttarakhand||Uttarkashi,Uttarakhand,,,4999.006,12.42,62.57
subbasin,BAI,Baitarni,subbasin||BAI,,Brahmani and Baitarni Basin,Baitarni,district,Odisha||Anugul,Anugul,district||Odisha||Anugul,Odisha,,,30.2907,0.2,0.48
subbasin,BAI,Baitarni,subbasin||BAI,,Brahmani and Baitarni Basin,Baitarni,district,Odisha||Balasore (Baleshwar),Balasore (Baleshwar),district||Odisha||Balasore (Baleshwar),Odisha,,,1099.7983,7.38,29.76
subbasin,BAI,Baitarni,subbasin||BAI,,Brahmani and Baitarni Basin,Baitarni,district,Odisha||Bhadrak,Bhadrak,district||Odisha||Bhadrak,Odisha,,,2492.4768,16.73,98.97
subbasin,BAI,Baitarni,subbasin||BAI,,Brahmani and Baitarni Basin,Baitarni,district,Odisha||Jajapur,Jajapur,district||Odisha||Jajapur,Odisha,,,543.903,3.65,18.56
subbasin,BAI,Baitarni,subbasin||BAI,,Brahmani and Baitarni Basin,Baitarni,district,Odisha||Kendraparha,Kendraparha,district||Odisha||Kendraparha,Odisha,,,110.0819,0.74,4.37
subbasin,BAI,Baitarni,subbasin||BAI,,Brahmani and Baitarni Basin,Baitarni,district,Odisha||Keonjhar (Kendujhar),Keonjhar (Kendujhar),district||Odisha||Keonjhar (Kendujhar),Odisha,,,6695.8646,44.95,80.84
subbasin,BAI,Baitarni,subbasin||BAI,,Brahmani and Baitarni Basin,Baitarni,district,Odisha||Mayurbhanj,Mayurbhanj,district||Odisha||Mayurbhanj,Odisha,,,3014.5187,20.23,28.95
subbasin,BAI,Baitarni,subbasin||BAI,,Brahmani and Baitarni Basin,Baitarni,district,Odisha||Sundargarh,Sundargarh,district||Odisha||Sundargarh,Odisha,,,182.4285,1.22,1.88
subbasin,BAI,Baitarni,subbasin||BAI,,Brahmani and Baitarni Basin,Baitarni,district,Jharkhand||West Singhbhum,West Singhbhum,district||Jharkhand||West Singhbhum,Jharkhand,,,698.7223,4.69,9.66
subbasin,BAN,Banas,subbasin||BAN,,Ganga Basin,Banas,district,Rajasthan||Ajmer,Ajmer,district||Rajasthan||Ajmer,Rajasthan,,,6525.8918,12.16,77.12
subbasin,BAN,Banas,subbasin||BAN,,Ganga Basin,Banas,district,Rajasthan||Bhilwara,Bhilwara,district||Rajasthan||Bhilwara,Rajasthan,,,9436.6337,17.59,90.11
subbasin,BAN,Banas,subbasin||BAN,,Ganga Basin,Banas,district,Rajasthan||Bundi,Bundi,district||Rajasthan||Bundi,Rajasthan,,,170.3486,0.32,2.94
subbasin,BAN,Banas,subbasin||BAN,,Ganga Basin,Banas,district,Rajasthan||Chittaurgarh,Chittaurgarh,district||Rajasthan||Chittaurgarh,Rajasthan,,,5460.8539,10.18,70.34
subbasin,BAN,Banas,subbasin||BAN,,Ganga Basin,Banas,district,Rajasthan||Dausa,Dausa,district||Rajasthan||Dausa,Rajasthan,,,1179.04,2.2,34.52
subbasin,BAN,Banas,subbasin||BAN,,Ganga Basin,Banas,district,Rajasthan||Jaipur,Jaipur,district||Rajasthan||Jaipur,Rajasthan,,,8449.4759,15.75,75.92
subbasin,BAN,Banas,subbasin||BAN,,Ganga Basin,Banas,district,Rajasthan||Karauli,Karauli,district||Rajasthan||Karauli,Rajasthan,,,1117.0357,2.08,22.32
subbasin,BAN,Banas,subbasin||BAN,,Ganga Basin,Banas,district,Rajasthan||Nagaur,Nagaur,district||Rajasthan||Nagaur,Rajasthan,,,1452.265,2.71,8.16
subbasin,BAN,Banas,subbasin||BAN,,Ganga Basin,Banas,district,Madhya Pradesh||Nimach,Nimach,district||Madhya Pradesh||Nimach,Madhya Pradesh,,,574.1343,1.07,13.31
subbasin,BAN,Banas,subbasin||BAN,,Ganga Basin,Banas,district,Rajasthan||Pratapgarh,Pratapgarh,district||Rajasthan||Pratapgarh,Rajasthan,,,180.7642,0.34,4.08
subbasin,BAN,Banas,subbasin||BAN,,Ganga Basin,Banas,district,Rajasthan||Raj Samand,Raj Samand,district||Rajasthan||Raj Samand,Rajasthan,,,4205.6451,7.84,90.87
subbasin,BAN,Banas,subbasin||BAN,,Ganga Basin,Banas,district,Rajasthan||Sawai Madhopur,Sawai Madhopur,district||Rajasthan||Sawai Madhopur,Rajasthan,,,3841.6577,7.16,76.22
subbasin,BAN,Banas,subbasin||BAN,,Ganga Basin,Banas,district,Rajasthan||Sikar,Sikar,district||Rajasthan||Sikar,Rajasthan,,,1615.5668,3.01,20.94
subbasin,BAN,Banas,subbasin||BAN,,Ganga Basin,Banas,district,Rajasthan||Tonk,Tonk,district||Rajasthan||Tonk,Rajasthan,,,6752.9691,12.59,94.1
subbasin,BAN,Banas,subbasin||BAN,,Ganga Basin,Banas,district,Rajasthan||Udaipur,Udaipur,district||Rajasthan||Udaipur,Rajasthan,,,2664.6223,4.97,22.72
subbasin,BAR,Barak,subbasin||BAR,,Barak and others Basin,Barak,district,Mizoram||Aizawl,Aizawl,district||Mizoram||Aizawl,Mizoram,,,3082.9936,10.72,97.24
subbasin,BAR,Barak,subbasin||BAR,,Barak and others Basin,Barak,district,Assam||Cachar,Cachar,district||Assam||Cachar,Assam,,,3786.1887,13.16,99.83
subbasin,BAR,Barak,subbasin||BAR,,Barak and others Basin,Barak,district,Mizoram||Champhai,Champhai,district||Mizoram||Champhai,Mizoram,,,1152.8584,4.01,33.98
subbasin,BAR,Barak,subbasin||BAR,,Barak and others Basin,Barak,district,Manipur||Churachandpur,Churachandpur,district||Manipur||Churachandpur,Manipur,,,1489.0404,5.18,61.4
subbasin,BAR,Barak,subbasin||BAR,,Barak and others Basin,Barak,district,Assam||Dima Hasao,Dima Hasao,district||Assam||Dima Hasao,Assam,,,916.3979,3.19,18.74
subbasin,BAR,Barak,subbasin||BAR,,Barak and others Basin,Barak,district,Nagaland||Dimapur,Dimapur,district||Nagaland||Dimapur,Nagaland,,,5.678,0.02,0.76
subbasin,BAR,Barak,subbasin||BAR,,Barak and others Basin,Barak,district,Meghalaya||East Jaintia Hills,East Jaintia Hills,district||Meghalaya||East Jaintia Hills,Meghalaya,,,724.9889,2.52,35.99
subbasin,BAR,Barak,subbasin||BAR,,Barak and others Basin,Barak,district,Assam||Hailakandi,Hailakandi,district||Assam||Hailakandi,Assam,,,1322.0385,4.6,100.0
subbasin,BAR,Barak,subbasin||BAR,,Barak and others Basin,Barak,district,Manipur||Jiribam,Jiribam,district||Manipur||Jiribam,Manipur,,,289.8493,1.01,100.0
subbasin,BAR,Barak,subbasin||BAR,,Barak and others Basin,Barak,district,Manipur||Kangpokpi,Kangpokpi,district||Manipur||Kangpokpi,Manipur,,,551.8773,1.92,31.79
subbasin,BAR,Barak,subbasin||BAR,,Barak and others Basin,Barak,district,Assam||Karimganj,Karimganj,district||Assam||Karimganj,Assam,,,1798.0853,6.25,99.43
subbasin,BAR,Barak,subbasin||BAR,,Barak and others Basin,Barak,district,Nagaland||Kohima,Kohima,district||Nagaland||Kohima,Nagaland,,,71.7511,0.25,5.43
subbasin,BAR,Barak,subbasin||BAR,,Barak and others Basin,Barak,district,Mizoram||Kolasib,Kolasib,district||Mizoram||Kolasib,Mizoram,,,1495.4745,5.2,100.0
subbasin,BAR,Barak,subbasin||BAR,,Barak and others Basin,Barak,district,Mizoram||Lunglei,Lunglei,district||Mizoram||Lunglei,Mizoram,,,627.9041,2.18,13.81
subbasin,BAR,Barak,subbasin||BAR,,Barak and others Basin,Barak,district,Mizoram||Mamit,Mamit,district||Mizoram||Mamit,Mizoram,,,2276.2836,7.91,73.76
subbasin,BAR,Barak,subbasin||BAR,,Barak and others Basin,Barak,district,Manipur||Nonei,Nonei,district||Manipur||Nonei,Manipur,,,1165.4329,4.05,100.0
subbasin,BAR,Barak,subbasin||BAR,,Barak and others Basin,Barak,district,Tripura||North Tripura,North Tripura,district||Tripura||North Tripura,Tripura,,,665.3558,2.31,49.64
subbasin,BAR,Barak,subbasin||BAR,,Barak and others Basin,Barak,district,Nagaland||Paren,Paren,district||Nagaland||Paren,Nagaland,,,738.6807,2.57,40.79
subbasin,BAR,Barak,subbasin||BAR,,Barak and others Basin,Barak,district,Nagaland||Phek,Phek,district||Nagaland||Phek,Nagaland,,,0.1394,0.0,0.01
subbasin,BAR,Barak,subbasin||BAR,,Barak and others Basin,Barak,district,Manipur||Pherzawl,Pherzawl,district||Manipur||Pherzawl,Manipur,,,2156.7947,7.5,99.94
subbasin,BAR,Barak,subbasin||BAR,,Barak and others Basin,Barak,district,Manipur||Senapati,Senapati,district||Manipur||Senapati,Manipur,,,1048.7968,3.65,60.15
subbasin,BAR,Barak,subbasin||BAR,,Barak and others Basin,Barak,district,Mizoram||Serchhip,Serchhip,district||Mizoram||Serchhip,Mizoram,,,257.7484,0.9,17.79
subbasin,BAR,Barak,subbasin||BAR,,Barak and others Basin,Barak,district,Manipur||Tamenglong,Tamenglong,district||Manipur||Tamenglong,Manipur,,,3030.8731,10.54,99.97
subbasin,BAR,Barak,subbasin||BAR,,Barak and others Basin,Barak,district,Tripura||Unokoti,Unokoti,district||Tripura||Unokoti,Tripura,,,11.1079,0.04,1.59
subbasin,BAM,Barmer,subbasin||BAM,,Indus (Up to border) Basin,Barmer,district,Rajasthan||Barmer,Barmer,district||Rajasthan||Barmer,Rajasthan,,,6779.7995,30.16,23.9
subbasin,BAM,Barmer,subbasin||BAM,,Indus (Up to border) Basin,Barmer,district,Rajasthan||Jaisalmer,Jaisalmer,district||Rajasthan||Jaisalmer,Rajasthan,,,15684.5891,69.77,40.82
subbasin,BEA,Beas,subbasin||BEA,,Indus (Up to border) Basin,Beas,district,Punjab||Amritsar,Amritsar,district||Punjab||Amritsar,Punjab,,,174.2782,0.9,6.49
subbasin,BEA,Beas,subbasin||BEA,,Indus (Up to border) Basin,Beas,district,Himachal Pradesh||Chamba,Chamba,district||Himachal Pradesh||Chamba,Himachal Pradesh,,,478.3809,2.47,7.37
subbasin,BEA,Beas,subbasin||BEA,,Indus (Up to border) Basin,Beas,district,Punjab||Firozpur,Firozpur,district||Punjab||Firozpur,Punjab,,,3.142,0.02,0.13
subbasin,BEA,Beas,subbasin||BEA,,Indus (Up to border) Basin,Beas,district,Punjab||Gurdaspur,Gurdaspur,district||Punjab||Gurdaspur,Punjab,,,599.2379,3.09,23.12
subbasin,BEA,Beas,subbasin||BEA,,Indus (Up to border) Basin,Beas,district,Himachal Pradesh||Hamirpur,Hamirpur,district||Himachal Pradesh||Hamirpur,Himachal Pradesh,,,811.5936,4.19,72.82
subbasin,BEA,Beas,subbasin||BEA,,Indus (Up to border) Basin,Beas,district,Punjab||Hoshiarpur,Hoshiarpur,district||Punjab||Hoshiarpur,Punjab,,,1980.1114,10.21,58.65
subbasin,BEA,Beas,subbasin||BEA,,Indus (Up to border) Basin,Beas,district,Punjab||Jalandhar,Jalandhar,district||Punjab||Jalandhar,Punjab,,,602.4001,3.11,22.69
subbasin,BEA,Beas,subbasin||BEA,,Indus (Up to border) Basin,Beas,district,Himachal Pradesh||Kangra,Kangra,district||Himachal Pradesh||Kangra,Himachal Pradesh,,,5102.3807,26.32,88.74
subbasin,BEA,Beas,subbasin||BEA,,Indus (Up to border) Basin,Beas,district,Punjab||Kapurthala,Kapurthala,district||Punjab||Kapurthala,Punjab,,,1317.6424,6.8,81.21
subbasin,BEA,Beas,subbasin||BEA,,Indus (Up to border) Basin,Beas,district,Himachal Pradesh||Kinnaur,Kinnaur,district||Himachal Pradesh||Kinnaur,Himachal Pradesh,,,4.1888,0.02,0.06
subbasin,BEA,Beas,subbasin||BEA,,Indus (Up to border) Basin,Beas,district,Himachal Pradesh||Kullu,Kullu,district||Himachal Pradesh||Kullu,Himachal Pradesh,,,4743.4356,24.47,86.27
subbasin,BEA,Beas,subbasin||BEA,,Indus (Up to border) Basin,Beas,district,Himachal Pradesh||Lahul & Spiti,Lahul & Spiti,district||Himachal Pradesh||Lahul & Spiti,Himachal Pradesh,,,30.3253,0.16,0.22
subbasin,BEA,Beas,subbasin||BEA,,Indus (Up to border) Basin,Beas,district,Himachal Pradesh||Mandi,Mandi,district||Himachal Pradesh||Mandi,Himachal Pradesh,,,2717.6318,14.02,68.81
subbasin,BEA,Beas,subbasin||BEA,,Indus (Up to border) Basin,Beas,district,Punjab||Pathankot,Pathankot,district||Punjab||Pathankot,Punjab,,,253.4607,1.31,26.28
subbasin,BEA,Beas,subbasin||BEA,,Indus (Up to border) Basin,Beas,district,Himachal Pradesh||Shimla,Shimla,district||Himachal Pradesh||Shimla,Himachal Pradesh,,,2.6814,0.01,0.05
subbasin,BEA,Beas,subbasin||BEA,,Indus (Up to border) Basin,Beas,district,Punjab||Tarn Taran,Tarn Taran,district||Punjab||Tarn Taran,Punjab,,,453.1593,2.34,18.85
subbasin,BEA,Beas,subbasin||BEA,,Indus (Up to border) Basin,Beas,district,Himachal Pradesh||Una,Una,district||Himachal Pradesh||Una,Himachal Pradesh,,,109.8861,0.57,7.08
subbasin,BHA,Bhadar and other west flowing rivers,subbasin||BHA,,West flowing rivers of Kutch and Saurashtra including Luni Basin,Bhadar and other west flowing rivers,district,Gujarat||Amreli,Amreli,district||Gujarat||Amreli,Gujarat,,,809.8631,4.22,11.12
subbasin,BHA,Bhadar and other west flowing rivers,subbasin||BHA,,West flowing rivers of Kutch and Saurashtra including Luni Basin,Bhadar and other west flowing rivers,district,Gujarat||Devbhumi Dwarka,Devbhumi Dwarka,district||Gujarat||Devbhumi Dwarka,Gujarat,,,2614.9423,13.62,62.95
subbasin,BHA,Bhadar and other west flowing rivers,subbasin||BHA,,West flowing rivers of Kutch and Saurashtra including Luni Basin,Bhadar and other west flowing rivers,district,Gujarat||Gir Somnath,Gir Somnath,district||Gujarat||Gir Somnath,Gujarat,,,1394.8359,7.27,53.17
subbasin,BHA,Bhadar and other west flowing rivers,subbasin||BHA,,West flowing rivers of Kutch and Saurashtra including Luni Basin,Bhadar and other west flowing rivers,district,Gujarat||Jamnagar,Jamnagar,district||Gujarat||Jamnagar,Gujarat,,,1418.8426,7.39,23.99
subbasin,BHA,Bhadar and other west flowing rivers,subbasin||BHA,,West flowing rivers of Kutch and Saurashtra including Luni Basin,Bhadar and other west flowing rivers,district,Gujarat||Junagadh,Junagadh,district||Gujarat||Junagadh,Gujarat,,,5595.155,29.14,90.77
subbasin,BHA,Bhadar and other west flowing rivers,subbasin||BHA,,West flowing rivers of Kutch and Saurashtra including Luni Basin,Bhadar and other west flowing rivers,district,Gujarat||Porbandar,Porbandar,district||Gujarat||Porbandar,Gujarat,,,2293.0222,11.94,99.08
subbasin,BHA,Bhadar and other west flowing rivers,subbasin||BHA,,West flowing rivers of Kutch and Saurashtra including Luni Basin,Bhadar and other west flowing rivers,district,Gujarat||Rajkot,Rajkot,district||Gujarat||Rajkot,Gujarat,,,4997.29,26.03,64.8
subbasin,BHA,Bhadar and other west flowing rivers,subbasin||BHA,,West flowing rivers of Kutch and Saurashtra including Luni Basin,Bhadar and other west flowing rivers,district,Gujarat||Surendranagar,Surendranagar,district||Gujarat||Surendranagar,Gujarat,,,25.7052,0.13,0.28
subbasin,BHG,Bhagirathi and others (Ganga Lower),subbasin||BHG,,Ganga Basin,Bhagirathi and others (Ganga Lower),district,Bihar||Araria,Araria,district||Bihar||Araria,Bihar,,,2728.4042,4.1,97.98
subbasin,BHG,Bhagirathi and others (Ganga Lower),subbasin||BHG,,Ganga Basin,Bhagirathi and others (Ganga Lower),district,Bihar||Bhagalpur,Bhagalpur,district||Bihar||Bhagalpur,Bihar,,,378.5448,0.57,14.89
subbasin,BHG,Bhagirathi and others (Ganga Lower),subbasin||BHG,,Ganga Basin,Bhagirathi and others (Ganga Lower),district,West Bengal||Birbhum,Birbhum,district||West Bengal||Birbhum,West Bengal,,,4539.2948,6.82,100.0
subbasin,BHG,Bhagirathi and others (Ganga Lower),subbasin||BHG,,Ganga Basin,Bhagirathi and others (Ganga Lower),district,West Bengal||Dakshin Dinajpur,Dakshin Dinajpur,district||West Bengal||Dakshin Dinajpur,West Bengal,,,2218.9314,3.33,99.02
subbasin,BHG,Bhagirathi and others (Ganga Lower),subbasin||BHG,,Ganga Basin,Bhagirathi and others (Ganga Lower),district,West Bengal||Darjiling,Darjiling,district||West Bengal||Darjiling,West Bengal,,,1292.6473,1.94,63.67
subbasin,BHG,Bhagirathi and others (Ganga Lower),subbasin||BHG,,Ganga Basin,Bhagirathi and others (Ganga Lower),district,Jharkhand||Deoghar,Deoghar,district||Jharkhand||Deoghar,Jharkhand,,,2267.1082,3.41,91.26
subbasin,BHG,Bhagirathi and others (Ganga Lower),subbasin||BHG,,Ganga Basin,Bhagirathi and others (Ganga Lower),district,"Disputed (West Bengal , Bihar & Jharkhand)||Disputed (Sahibganj, Maldah & Katihar)","Disputed (Sahibganj, Maldah & Katihar)","district||Disputed (West Bengal , Bihar & Jharkhand)||Disputed (Sahibganj, Maldah & Katihar)","Disputed (West Bengal , Bihar & Jharkhand)",,,15.6464,0.02,100.0
subbasin,BHG,Bhagirathi and others (Ganga Lower),subbasin||BHG,,Ganga Basin,Bhagirathi and others (Ganga Lower),district,Jharkhand||Dumka,Dumka,district||Jharkhand||Dumka,Jharkhand,,,3645.4568,5.48,96.69
subbasin,BHG,Bhagirathi and others (Ganga Lower),subbasin||BHG,,Ganga Basin,Bhagirathi and others (Ganga Lower),district,Jharkhand||Giridih,Giridih,district||Jharkhand||Giridih,Jharkhand,,,319.5282,0.48,6.45
subbasin,BHG,Bhagirathi and others (Ganga Lower),subbasin||BHG,,Ganga Basin,Bhagirathi and others (Ganga Lower),district,Jharkhand||Godda,Godda,district||Jharkhand||Godda,Jharkhand,,,452.6116,0.68,19.84
subbasin,BHG,Bhagirathi and others (Ganga Lower),subbasin||BHG,,Ganga Basin,Bhagirathi and others (Ganga Lower),district,West Bengal||Haora,Haora,district||West Bengal||Haora,West Bengal,,,1291.3162,1.94,88.0
subbasin,BHG,Bhagirathi and others (Ganga Lower),subbasin||BHG,,Ganga Basin,Bhagirathi and others (Ganga Lower),district,West Bengal||Hugli,Hugli,district||West Bengal||Hugli,West Bengal,,,2085.8615,3.13,66.5
subbasin,BHG,Bhagirathi and others (Ganga Lower),subbasin||BHG,,Ganga Basin,Bhagirathi and others (Ganga Lower),district,West Bengal||Jalpaiguri,Jalpaiguri,district||West Bengal||Jalpaiguri,West Bengal,,,52.6662,0.08,1.54
subbasin,BHG,Bhagirathi and others (Ganga Lower),subbasin||BHG,,Ganga Basin,Bhagirathi and others (Ganga Lower),district,Jharkhand||Jamtara,Jamtara,district||Jharkhand||Jamtara,Jharkhand,,,1265.896,1.9,69.27
subbasin,BHG,Bhagirathi and others (Ganga Lower),subbasin||BHG,,Ganga Basin,Bhagirathi and others (Ganga Lower),district,Bihar||Jamui,Jamui,district||Bihar||Jamui,Bihar,,,385.6583,0.58,12.4
subbasin,BHG,Bhagirathi and others (Ganga Lower),subbasin||BHG,,Ganga Basin,Bhagirathi and others (Ganga Lower),district,Bihar||Katihar,Katihar,district||Bihar||Katihar,Bihar,,,2949.8515,4.43,97.27
subbasin,BHG,Bhagirathi and others (Ganga Lower),subbasin||BHG,,Ganga Basin,Bhagirathi and others (Ganga Lower),district,Bihar||Kishanganj,Kishanganj,district||Bihar||Kishanganj,Bihar,,,1904.7546,2.86,98.58
subbasin,BHG,Bhagirathi and others (Ganga Lower),subbasin||BHG,,Ganga Basin,Bhagirathi and others (Ganga Lower),district,West Bengal||Kolkata,Kolkata,district||West Bengal||Kolkata,West Bengal,,,193.0299,0.29,100.0
subbasin,BHG,Bhagirathi and others (Ganga Lower),subbasin||BHG,,Ganga Basin,Bhagirathi and others (Ganga Lower),district,Bihar||Madhepura,Madhepura,district||Bihar||Madhepura,Bihar,,,4.5557,0.01,0.25
subbasin,BHG,Bhagirathi and others (Ganga Lower),subbasin||BHG,,Ganga Basin,Bhagirathi and others (Ganga Lower),district,West Bengal||Maldah,Maldah,district||West Bengal||Maldah,West Bengal,,,3583.0121,5.38,99.68
subbasin,BHG,Bhagirathi and others (Ganga Lower),subbasin||BHG,,Ganga Basin,Bhagirathi and others (Ganga Lower),district,West Bengal||Murshidabad,Murshidabad,district||West Bengal||Murshidabad,West Bengal,,,5318.1475,7.99,99.63
subbasin,BHG,Bhagirathi and others (Ganga Lower),subbasin||BHG,,Ganga Basin,Bhagirathi and others (Ganga Lower),district,West Bengal||Nadia,Nadia,district||West Bengal||Nadia,West Bengal,,,3888.5503,5.84,99.62
subbasin,BHG,Bhagirathi and others (Ganga Lower),subbasin||BHG,,Ganga Basin,Bhagirathi and others (Ganga Lower),district,West Bengal||North Twenty-Four Parganas,North Twenty-Four Parganas,district||West Bengal||North Twenty-Four Parganas,West Bengal,,,3857.2619,5.79,96.63
subbasin,BHG,Bhagirathi and others (Ganga Lower),subbasin||BHG,,Ganga Basin,Bhagirathi and others (Ganga Lower),district,Jharkhand||Pakur,Pakur,district||Jharkhand||Pakur,Jharkhand,,,1805.7616,2.71,100.0
subbasin,BHG,Bhagirathi and others (Ganga Lower),subbasin||BHG,,Ganga Basin,Bhagirathi and others (Ganga Lower),district,West Bengal||Paschim Barddhaman,Paschim Barddhaman,district||West Bengal||Paschim Barddhaman,West Bengal,,,799.2068,1.2,43.96
subbasin,BHG,Bhagirathi and others (Ganga Lower),subbasin||BHG,,Ganga Basin,Bhagirathi and others (Ganga Lower),district,West Bengal||Purba Barddhaman,Purba Barddhaman,district||West Bengal||Purba Barddhaman,West Bengal,,,4277.1649,6.42,82.4
subbasin,BHG,Bhagirathi and others (Ganga Lower),subbasin||BHG,,Ganga Basin,Bhagirathi and others (Ganga Lower),district,West Bengal||Purba Medinipur,Purba Medinipur,district||West Bengal||Purba Medinipur,West Bengal,,,1.3014,0.0,0.03
subbasin,BHG,Bhagirathi and others (Ganga Lower),subbasin||BHG,,Ganga Basin,Bhagirathi and others (Ganga Lower),district,Bihar||Purnia,Purnia,district||Bihar||Purnia,Bihar,,,2207.7707,3.32,68.26
subbasin,BHG,Bhagirathi and others (Ganga Lower),subbasin||BHG,,Ganga Basin,Bhagirathi and others (Ganga Lower),district,Jharkhand||Sahibganj,Sahibganj,district||Jharkhand||Sahibganj,Jharkhand,,,2037.375,3.06,93.17
subbasin,BHG,Bhagirathi and others (Ganga Lower),subbasin||BHG,,Ganga Basin,Bhagirathi and others (Ganga Lower),district,West Bengal||South Twenty-Four Parganas,South Twenty-Four Parganas,district||West Bengal||South Twenty-Four Parganas,West Bengal,,,7060.578,10.61,92.81
subbasin,BHG,Bhagirathi and others (Ganga Lower),subbasin||BHG,,Ganga Basin,Bhagirathi and others (Ganga Lower),district,Bihar||Supaul,Supaul,district||Bihar||Supaul,Bihar,,,37.8598,0.06,1.57
subbasin,BHG,Bhagirathi and others (Ganga Lower),subbasin||BHG,,Ganga Basin,Bhagirathi and others (Ganga Lower),district,West Bengal||Uttar Dinajpur,Uttar Dinajpur,district||West Bengal||Uttar Dinajpur,West Bengal,,,3108.4261,4.67,99.36
subbasin,BHT,Bhatsol and others,subbasin||BHT,,West flowing rivers South of Tapi Basin,Bhatsol and others,district,Maharashtra||Ahamadnagar,Ahamadnagar,district||Maharashtra||Ahamadnagar,Maharashtra,,,16.8443,0.06,0.1
subbasin,BHT,Bhatsol and others,subbasin||BHT,,West flowing rivers South of Tapi Basin,Bhatsol and others,district,Dadra & Nagar Haveli & Daman & Diu||Dadra & Nagar Haveli,Dadra & Nagar Haveli,district||Dadra & Nagar Haveli & Daman & Diu||Dadra & Nagar Haveli,Dadra & Nagar Haveli & Daman & Diu,,,479.4637,1.58,100.0
subbasin,BHT,Bhatsol and others,subbasin||BHT,,West flowing rivers South of Tapi Basin,Bhatsol and others,district,Dadra & Nagar Haveli & Daman & Diu||Daman,Daman,district||Dadra & Nagar Haveli & Daman & Diu||Daman,Dadra & Nagar Haveli & Daman & Diu,,,62.8514,0.21,99.83
subbasin,BHT,Bhatsol and others,subbasin||BHT,,West flowing rivers South of Tapi Basin,Bhatsol and others,district,Gujarat||Dangs,Dangs,district||Gujarat||Dangs,Gujarat,,,1732.1575,5.71,98.23
subbasin,BHT,Bhatsol and others,subbasin||BHT,,West flowing rivers South of Tapi Basin,Bhatsol and others,district,Maharashtra||Dhule,Dhule,district||Maharashtra||Dhule,Maharashtra,,,53.3368,0.18,0.74
subbasin,BHT,Bhatsol and others,subbasin||BHT,,West flowing rivers South of Tapi Basin,Bhatsol and others,district,Disputed (Rajathan & Gujarat)||Disputed (Sabar Kantha & Udaipur),Disputed (Sabar Kantha & Udaipur),district||Disputed (Rajathan & Gujarat)||Disputed (Sabar Kantha & Udaipur),Disputed (Rajathan & Gujarat),,,0.5872,0.0,6.18
subbasin,BHT,Bhatsol and others,subbasin||BHT,,West flowing rivers South of Tapi Basin,Bhatsol and others,district,Maharashtra||Mumbai City,Mumbai City,district||Maharashtra||Mumbai City,Maharashtra,,,64.6933,0.21,96.58
subbasin,BHT,Bhatsol and others,subbasin||BHT,,West flowing rivers South of Tapi Basin,Bhatsol and others,district,Maharashtra||Nandurbar,Nandurbar,district||Maharashtra||Nandurbar,Maharashtra,,,0.7269,0.0,0.01
subbasin,BHT,Bhatsol and others,subbasin||BHT,,West flowing rivers South of Tapi Basin,Bhatsol and others,district,Maharashtra||Nashik,Nashik,district||Maharashtra||Nashik,Maharashtra,,,2148.141,7.08,13.84
subbasin,BHT,Bhatsol and others,subbasin||BHT,,West flowing rivers South of Tapi Basin,Bhatsol and others,district,Gujarat||Navsari,Navsari,district||Gujarat||Navsari,Gujarat,,,2179.1139,7.18,99.81
subbasin,BHT,Bhatsol and others,subbasin||BHT,,West flowing rivers South of Tapi Basin,Bhatsol and others,district,Maharashtra||Palghar,Palghar,district||Maharashtra||Palghar,Maharashtra,,,5222.2088,17.21,98.8
subbasin,BHT,Bhatsol and others,subbasin||BHT,,West flowing rivers South of Tapi Basin,Bhatsol and others,district,Maharashtra||Pune,Pune,district||Maharashtra||Pune,Maharashtra,,,337.8613,1.11,2.16
subbasin,BHT,Bhatsol and others,subbasin||BHT,,West flowing rivers South of Tapi Basin,Bhatsol and others,district,Maharashtra||Ratnagiri,Ratnagiri,district||Maharashtra||Ratnagiri,Maharashtra,,,204.269,0.67,2.47
subbasin,BHT,Bhatsol and others,subbasin||BHT,,West flowing rivers South of Tapi Basin,Bhatsol and others,district,Maharashtra||Raygad,Raygad,district||Maharashtra||Raygad,Maharashtra,,,6937.7996,22.87,99.4
subbasin,BHT,Bhatsol and others,subbasin||BHT,,West flowing rivers South of Tapi Basin,Bhatsol and others,district,Maharashtra||Satara,Satara,district||Maharashtra||Satara,Maharashtra,,,12.275,0.04,0.12
subbasin,BHT,Bhatsol and others,subbasin||BHT,,West flowing rivers South of Tapi Basin,Bhatsol and others,district,Maharashtra||Sub Urban Mumbai,Sub Urban Mumbai,district||Maharashtra||Sub Urban Mumbai,Maharashtra,,,426.4777,1.41,99.42
subbasin,BHT,Bhatsol and others,subbasin||BHT,,West flowing rivers South of Tapi Basin,Bhatsol and others,district,Gujarat||Surat,Surat,district||Gujarat||Surat,Gujarat,,,1366.2492,4.5,31.45
subbasin,BHT,Bhatsol and others,subbasin||BHT,,West flowing rivers South of Tapi Basin,Bhatsol and others,district,Gujarat||Tapi,Tapi,district||Gujarat||Tapi,Gujarat,,,1416.4419,4.67,45.14
subbasin,BHT,Bhatsol and others,subbasin||BHT,,West flowing rivers South of Tapi Basin,Bhatsol and others,district,Maharashtra||Thane,Thane,district||Maharashtra||Thane,Maharashtra,,,4242.8738,13.99,99.86
subbasin,BHT,Bhatsol and others,subbasin||BHT,,West flowing rivers South of Tapi Basin,Bhatsol and others,district,Gujarat||Valsad,Valsad,district||Gujarat||Valsad,Gujarat,,,2961.2585,9.76,99.9
subbasin,BHL,Bhima Lower,subbasin||BHL,,Krishna Basin,Bhima Lower,district,Karnataka||Bidar,Bidar,district||Karnataka||Bidar,Karnataka,,,846.9151,3.49,15.51
subbasin,BHL,Bhima Lower,subbasin||BHL,,Krishna Basin,Bhima Lower,district,Karnataka||Kalaburagi,Kalaburagi,district||Karnataka||Kalaburagi,Karnataka,,,10938.1565,45.07,99.83
subbasin,BHL,Bhima Lower,subbasin||BHL,,Krishna Basin,Bhima Lower,district,Maharashtra||Latur,Latur,district||Maharashtra||Latur,Maharashtra,,,2.5892,0.01,0.04
subbasin,BHL,Bhima Lower,subbasin||BHL,,Krishna Basin,Bhima Lower,district,Telangana||Narayanpet,Narayanpet,district||Telangana||Narayanpet,Telangana,,,40.2277,0.17,1.66
subbasin,BHL,Bhima Lower,subbasin||BHL,,Krishna Basin,Bhima Lower,district,Telangana||Rangareddy,Rangareddy,district||Telangana||Rangareddy,Telangana,,,8.9527,0.04,0.18
subbasin,BHL,Bhima Lower,subbasin||BHL,,Krishna Basin,Bhima Lower,district,Telangana||Sangareddy,Sangareddy,district||Telangana||Sangareddy,Telangana,,,185.0712,0.76,4.17
subbasin,BHL,Bhima Lower,subbasin||BHL,,Krishna Basin,Bhima Lower,district,Maharashtra||Sangli,Sangli,district||Maharashtra||Sangli,Maharashtra,,,6.2611,0.03,0.07
subbasin,BHL,Bhima Lower,subbasin||BHL,,Krishna Basin,Bhima Lower,district,Maharashtra||Solapur,Solapur,district||Maharashtra||Solapur,Maharashtra,,,1619.2779,6.67,10.91
subbasin,BHL,Bhima Lower,subbasin||BHL,,Krishna Basin,Bhima Lower,district,Maharashtra||Usmanabad,Usmanabad,district||Maharashtra||Usmanabad,Maharashtra,,,2071.0937,8.53,27.37
subbasin,BHL,Bhima Lower,subbasin||BHL,,Krishna Basin,Bhima Lower,district,Karnataka||Vijayapura,Vijayapura,district||Karnataka||Vijayapura,Karnataka,,,4046.8169,16.68,38.57
subbasin,BHL,Bhima Lower,subbasin||BHL,,Krishna Basin,Bhima Lower,district,Telangana||Vikarabad,Vikarabad,district||Telangana||Vikarabad,Telangana,,,2234.8898,9.21,60.29
subbasin,BHL,Bhima Lower,subbasin||BHL,,Krishna Basin,Bhima Lower,district,Karnataka||Yadgir,Yadgir,district||Karnataka||Yadgir,Karnataka,,,2275.8639,9.38,43.21
subbasin,BHU,Bhima Upper,subbasin||BHU,,Krishna Basin,Bhima Upper,district,Maharashtra||Ahamadnagar,Ahamadnagar,district||Maharashtra||Ahamadnagar,Maharashtra,,,6330.9113,13.73,37.03
subbasin,BHU,Bhima Upper,subbasin||BHU,,Krishna Basin,Bhima Upper,district,Karnataka||Belagavi,Belagavi,district||Karnataka||Belagavi,Karnataka,,,19.112,0.04,0.14
subbasin,BHU,Bhima Upper,subbasin||BHU,,Krishna Basin,Bhima Upper,district,Maharashtra||Bid,Bid,district||Maharashtra||Bid,Maharashtra,,,1508.3886,3.27,14.19
subbasin,BHU,Bhima Upper,subbasin||BHU,,Krishna Basin,Bhima Upper,district,Maharashtra||Pune,Pune,district||Maharashtra||Pune,Maharashtra,,,15224.7836,33.01,97.26
subbasin,BHU,Bhima Upper,subbasin||BHU,,Krishna Basin,Bhima Upper,district,Maharashtra||Raygad,Raygad,district||Maharashtra||Raygad,Maharashtra,,,1.4533,0.0,0.02
subbasin,BHU,Bhima Upper,subbasin||BHU,,Krishna Basin,Bhima Upper,district,Maharashtra||Sangli,Sangli,district||Maharashtra||Sangli,Maharashtra,,,2907.0669,6.3,33.79
subbasin,BHU,Bhima Upper,subbasin||BHU,,Krishna Basin,Bhima Upper,district,Maharashtra||Satara,Satara,district||Maharashtra||Satara,Maharashtra,,,3234.0919,7.01,30.78
subbasin,BHU,Bhima Upper,subbasin||BHU,,Krishna Basin,Bhima Upper,district,Maharashtra||Solapur,Solapur,district||Maharashtra||Solapur,Maharashtra,,,13221.9021,28.67,89.09
subbasin,BHU,Bhima Upper,subbasin||BHU,,Krishna Basin,Bhima Upper,district,Maharashtra||Thane,Thane,district||Maharashtra||Thane,Maharashtra,,,0.6498,0.0,0.02
subbasin,BHU,Bhima Upper,subbasin||BHU,,Krishna Basin,Bhima Upper,district,Maharashtra||Usmanabad,Usmanabad,district||Maharashtra||Usmanabad,Maharashtra,,,2452.132,5.32,32.41
subbasin,BHU,Bhima Upper,subbasin||BHU,,Krishna Basin,Bhima Upper,district,Karnataka||Vijayapura,Vijayapura,district||Karnataka||Vijayapura,Karnataka,,,1224.7435,2.66,11.67
subbasin,BRA,Brahmani,subbasin||BRA,,Brahmani and Baitarni Basin,Brahmani,district,Odisha||Anugul,Anugul,district||Odisha||Anugul,Odisha,,,4167.1227,10.69,65.61
subbasin,BRA,Brahmani,subbasin||BRA,,Brahmani and Baitarni Basin,Brahmani,district,Chhattisgarh||Balrampur,Balrampur,district||Chhattisgarh||Balrampur,Chhattisgarh,,,153.7883,0.39,2.46
subbasin,BRA,Brahmani,subbasin||BRA,,Brahmani and Baitarni Basin,Brahmani,district,Odisha||Bhadrak,Bhadrak,district||Odisha||Bhadrak,Odisha,,,0.4129,0.0,0.02
subbasin,BRA,Brahmani,subbasin||BRA,,Brahmani and Baitarni Basin,Brahmani,district,Odisha||Cuttack,Cuttack,district||Odisha||Cuttack,Odisha,,,118.0646,0.3,3.08
subbasin,BRA,Brahmani,subbasin||BRA,,Brahmani and Baitarni Basin,Brahmani,district,Odisha||Deogarh,Deogarh,district||Odisha||Deogarh,Odisha,,,2659.7814,6.82,89.64
subbasin,BRA,Brahmani,subbasin||BRA,,Brahmani and Baitarni Basin,Brahmani,district,Odisha||Dhenkanal,Dhenkanal,district||Odisha||Dhenkanal,Odisha,,,3787.5103,9.71,84.71
subbasin,BRA,Brahmani,subbasin||BRA,,Brahmani and Baitarni Basin,Brahmani,district,Jharkhand||Gumla,Gumla,district||Jharkhand||Gumla,Jharkhand,,,4479.3033,11.49,83.61
subbasin,BRA,Brahmani,subbasin||BRA,,Brahmani and Baitarni Basin,Brahmani,district,Odisha||Jajapur,Jajapur,district||Odisha||Jajapur,Odisha,,,2342.3919,6.01,79.92
subbasin,BRA,Brahmani,subbasin||BRA,,Brahmani and Baitarni Basin,Brahmani,district,Chhattisgarh||Jashpur,Jashpur,district||Chhattisgarh||Jashpur,Chhattisgarh,,,1242.2303,3.19,21.2
subbasin,BRA,Brahmani,subbasin||BRA,,Brahmani and Baitarni Basin,Brahmani,district,Odisha||Kendraparha,Kendraparha,district||Odisha||Kendraparha,Odisha,,,1006.3254,2.58,39.97
subbasin,BRA,Brahmani,subbasin||BRA,,Brahmani and Baitarni Basin,Brahmani,district,Odisha||Keonjhar (Kendujhar),Keonjhar (Kendujhar),district||Odisha||Keonjhar (Kendujhar),Odisha,,,1587.398,4.07,19.16
subbasin,BRA,Brahmani,subbasin||BRA,,Brahmani and Baitarni Basin,Brahmani,district,Jharkhand||Khunti,Khunti,district||Jharkhand||Khunti,Jharkhand,,,1390.7275,3.57,52.65
subbasin,BRA,Brahmani,subbasin||BRA,,Brahmani and Baitarni Basin,Brahmani,district,Jharkhand||Latehar,Latehar,district||Jharkhand||Latehar,Jharkhand,,,8.8079,0.02,0.21
subbasin,BRA,Brahmani,subbasin||BRA,,Brahmani and Baitarni Basin,Brahmani,district,Jharkhand||Lohardaga,Lohardaga,district||Jharkhand||Lohardaga,Jharkhand,,,945.0495,2.42,63.24
subbasin,BRA,Brahmani,subbasin||BRA,,Brahmani and Baitarni Basin,Brahmani,district,Jharkhand||Ranchi,Ranchi,district||Jharkhand||Ranchi,Jharkhand,,,1159.5868,2.97,23.31
subbasin,BRA,Brahmani,subbasin||BRA,,Brahmani and Baitarni Basin,Brahmani,district,Odisha||Sambalpur,Sambalpur,district||Odisha||Sambalpur,Odisha,,,1119.9822,2.87,16.82
subbasin,BRA,Brahmani,subbasin||BRA,,Brahmani and Baitarni Basin,Brahmani,district,Jharkhand||Simdega,Simdega,district||Jharkhand||Simdega,Jharkhand,,,3626.8036,9.3,96.0
subbasin,BRA,Brahmani,subbasin||BRA,,Brahmani and Baitarni Basin,Brahmani,district,Odisha||Sundargarh,Sundargarh,district||Odisha||Sundargarh,Odisha,,,5436.0329,13.94,56.04
subbasin,BRA,Brahmani,subbasin||BRA,,Brahmani and Baitarni Basin,Brahmani,district,Jharkhand||West Singhbhum,West Singhbhum,district||Jharkhand||West Singhbhum,Jharkhand,,,3732.768,9.57,51.63
subbasin,BRL,Brahmaputra Lower,subbasin||BRL,,Brahmaputra Basin,Brahmaputra Lower,district,West Bengal||Alipur Duar,Alipur Duar,district||West Bengal||Alipur Duar,West Bengal,,,2778.4931,3.06,99.7
subbasin,BRL,Brahmaputra Lower,subbasin||BRL,,Brahmaputra Basin,Brahmaputra Lower,district,Assam||Baksa,Baksa,district||Assam||Baksa,Assam,,,2401.5535,2.65,98.52
subbasin,BRL,Brahmaputra Lower,subbasin||BRL,,Brahmaputra Basin,Brahmaputra Lower,district,Assam||Barpeta,Barpeta,district||Assam||Barpeta,Assam,,,2306.4837,2.54,100.0
subbasin,BRL,Brahmaputra Lower,subbasin||BRL,,Brahmaputra Basin,Brahmaputra Lower,district,Assam||Biswanath,Biswanath,district||Assam||Biswanath,Assam,,,2168.2956,2.39,98.9
subbasin,BRL,Brahmaputra Lower,subbasin||BRL,,Brahmaputra Basin,Brahmaputra Lower,district,Assam||Bongaigaon,Bongaigaon,district||Assam||Bongaigaon,Assam,,,1116.0231,1.23,100.0
subbasin,BRL,Brahmaputra Lower,subbasin||BRL,,Brahmaputra Basin,Brahmaputra Lower,district,Assam||Cachar,Cachar,district||Assam||Cachar,Assam,,,0.1361,0.0,0.0
subbasin,BRL,Brahmaputra Lower,subbasin||BRL,,Brahmaputra Basin,Brahmaputra Lower,district,Assam||Chirang,Chirang,district||Assam||Chirang,Assam,,,1890.9467,2.08,98.57
subbasin,BRL,Brahmaputra Lower,subbasin||BRL,,Brahmaputra Basin,Brahmaputra Lower,district,West Bengal||Darjiling,Darjiling,district||West Bengal||Darjiling,West Bengal,,,718.5113,0.79,35.39
subbasin,BRL,Brahmaputra Lower,subbasin||BRL,,Brahmaputra Basin,Brahmaputra Lower,district,Assam||Darrang,Darrang,district||Assam||Darrang,Assam,,,1590.2219,1.75,100.0
subbasin,BRL,Brahmaputra Lower,subbasin||BRL,,Brahmaputra Basin,Brahmaputra Lower,district,Assam||Dhubri,Dhubri,district||Assam||Dhubri,Assam,,,1666.2643,1.84,99.14
subbasin,BRL,Brahmaputra Lower,subbasin||BRL,,Brahmaputra Basin,Brahmaputra Lower,district,Assam||Dima Hasao,Dima Hasao,district||Assam||Dima Hasao,Assam,,,3886.8593,4.29,79.49
subbasin,BRL,Brahmaputra Lower,subbasin||BRL,,Brahmaputra Basin,Brahmaputra Lower,district,Sikkim||East,East,district||Sikkim||East,Sikkim,,,940.3978,1.04,99.64
subbasin,BRL,Brahmaputra Lower,subbasin||BRL,,Brahmaputra Basin,Brahmaputra Lower,district,Meghalaya||East Garo Hills,East Garo Hills,district||Meghalaya||East Garo Hills,Meghalaya,,,643.9804,0.71,40.67
subbasin,BRL,Brahmaputra Lower,subbasin||BRL,,Brahmaputra Basin,Brahmaputra Lower,district,Meghalaya||East Jaintia Hills,East Jaintia Hills,district||Meghalaya||East Jaintia Hills,Meghalaya,,,789.2669,0.87,39.18
subbasin,BRL,Brahmaputra Lower,subbasin||BRL,,Brahmaputra Basin,Brahmaputra Lower,district,Arunachal Pradesh||East Kameng,East Kameng,district||Arunachal Pradesh||East Kameng,Arunachal Pradesh,,,4347.4935,4.79,98.83
subbasin,BRL,Brahmaputra Lower,subbasin||BRL,,Brahmaputra Basin,Brahmaputra Lower,district,Meghalaya||East Khasi Hills,East Khasi Hills,district||Meghalaya||East Khasi Hills,Meghalaya,,,499.5024,0.55,17.58
subbasin,BRL,Brahmaputra Lower,subbasin||BRL,,Brahmaputra Basin,Brahmaputra Lower,district,Assam||Goalpara,Goalpara,district||Assam||Goalpara,Assam,,,1942.3717,2.14,100.0
subbasin,BRL,Brahmaputra Lower,subbasin||BRL,,Brahmaputra Basin,Brahmaputra Lower,district,Assam||Golaghat,Golaghat,district||Assam||Golaghat,Assam,,,634.0638,0.7,19.63
subbasin,BRL,Brahmaputra Lower,subbasin||BRL,,Brahmaputra Basin,Brahmaputra Lower,district,Assam||Hojai,Hojai,district||Assam||Hojai,Assam,,,1445.8896,1.59,100.0
subbasin,BRL,Brahmaputra Lower,subbasin||BRL,,Brahmaputra Basin,Brahmaputra Lower,district,West Bengal||Jalpaiguri,Jalpaiguri,district||West Bengal||Jalpaiguri,West Bengal,,,3320.0648,3.66,97.24
subbasin,BRL,Brahmaputra Lower,subbasin||BRL,,Brahmaputra Basin,Brahmaputra Lower,district,West Bengal||Kalimpong,Kalimpong,district||West Bengal||Kalimpong,West Bengal,,,1089.4951,1.2,99.86
subbasin,BRL,Brahmaputra Lower,subbasin||BRL,,Brahmaputra Basin,Brahmaputra Lower,district,Assam||Kamrup Metro,Kamrup Metro,district||Assam||Kamrup Metro,Assam,,,967.4885,1.07,100.0
subbasin,BRL,Brahmaputra Lower,subbasin||BRL,,Brahmaputra Basin,Brahmaputra Lower,district,Assam||Kamrup Rural,Kamrup Rural,district||Assam||Kamrup Rural,Assam,,,3129.7276,3.45,100.0
subbasin,BRL,Brahmaputra Lower,subbasin||BRL,,Brahmaputra Basin,Brahmaputra Lower,district,Assam||Karbi Anglong,Karbi Anglong,district||Assam||Karbi Anglong,Assam,,,4567.3767,5.04,62.33
subbasin,BRL,Brahmaputra Lower,subbasin||BRL,,Brahmaputra Basin,Brahmaputra Lower,district,West Bengal||Koch Bihar,Koch Bihar,district||West Bengal||Koch Bihar,West Bengal,,,3304.6522,3.64,98.05
subbasin,BRL,Brahmaputra Lower,subbasin||BRL,,Brahmaputra Basin,Brahmaputra Lower,district,Assam||Kokrajhar,Kokrajhar,district||Assam||Kokrajhar,Assam,,,3091.226,3.41,99.54
subbasin,BRL,Brahmaputra Lower,subbasin||BRL,,Brahmaputra Basin,Brahmaputra Lower,district,Arunachal Pradesh||Kurung Kumey,Kurung Kumey,district||Arunachal Pradesh||Kurung Kumey,Arunachal Pradesh,,,14.0551,0.02,0.32
subbasin,BRL,Brahmaputra Lower,subbasin||BRL,,Brahmaputra Basin,Brahmaputra Lower,district,Assam||Lakhimpur,Lakhimpur,district||Assam||Lakhimpur,Assam,,,186.2975,0.21,6.2
subbasin,BRL,Brahmaputra Lower,subbasin||BRL,,Brahmaputra Basin,Brahmaputra Lower,district,Assam||Majuli,Majuli,district||Assam||Majuli,Assam,,,21.6643,0.02,1.72
subbasin,BRL,Brahmaputra Lower,subbasin||BRL,,Brahmaputra Basin,Brahmaputra Lower,district,Assam||Marigaon,Marigaon,district||Assam||Marigaon,Assam,,,1489.7537,1.64,100.0
subbasin,BRL,Brahmaputra Lower,subbasin||BRL,,Brahmaputra Basin,Brahmaputra Lower,district,Assam||Nagaon,Nagaon,district||Assam||Nagaon,Assam,,,2596.0169,2.86,100.0
subbasin,BRL,Brahmaputra Lower,subbasin||BRL,,Brahmaputra Basin,Brahmaputra Lower,district,Assam||Nalbari,Nalbari,district||Assam||Nalbari,Assam,,,1043.896,1.15,100.0
subbasin,BRL,Brahmaputra Lower,subbasin||BRL,,Brahmaputra Basin,Brahmaputra Lower,district,Sikkim||North,North,district||Sikkim||North,Sikkim,,,4197.2624,4.63,99.43
subbasin,BRL,Brahmaputra Lower,subbasin||BRL,,Brahmaputra Basin,Brahmaputra Lower,district,Meghalaya||North Garo Hills,North Garo Hills,district||Meghalaya||North Garo Hills,Meghalaya,,,1232.3138,1.36,99.32
subbasin,BRL,Brahmaputra Lower,subbasin||BRL,,Brahmaputra Basin,Brahmaputra Lower,district,Arunachal Pradesh||Pakke Kessang,Pakke Kessang,district||Arunachal Pradesh||Pakke Kessang,Arunachal Pradesh,,,1908.1003,2.1,99.84
subbasin,BRL,Brahmaputra Lower,subbasin||BRL,,Brahmaputra Basin,Brahmaputra Lower,district,Arunachal Pradesh||Papumpare,Papumpare,district||Arunachal Pradesh||Papumpare,Arunachal Pradesh,,,767.0007,0.85,22.27
subbasin,BRL,Brahmaputra Lower,subbasin||BRL,,Brahmaputra Basin,Brahmaputra Lower,district,Nagaland||Paren,Paren,district||Nagaland||Paren,Nagaland,,,0.3845,0.0,0.02
subbasin,BRL,Brahmaputra Lower,subbasin||BRL,,Brahmaputra Basin,Brahmaputra Lower,district,Meghalaya||Ri-Bhoi,Ri-Bhoi,district||Meghalaya||Ri-Bhoi,Meghalaya,,,2367.4502,2.61,100.0
subbasin,BRL,Brahmaputra Lower,subbasin||BRL,,Brahmaputra Basin,Brahmaputra Lower,district,Assam||Sonitpur,Sonitpur,district||Assam||Sonitpur,Assam,,,3004.5342,3.31,100.0
subbasin,BRL,Brahmaputra Lower,subbasin||BRL,,Brahmaputra Basin,Brahmaputra Lower,district,Sikkim||South,South,district||Sikkim||South,Sikkim,,,742.4857,0.82,100.0
subbasin,BRL,Brahmaputra Lower,subbasin||BRL,,Brahmaputra Basin,Brahmaputra Lower,district,Assam||South Salmara Mancachar,South Salmara Mancachar,district||Assam||South Salmara Mancachar,Assam,,,548.0949,0.6,97.98
subbasin,BRL,Brahmaputra Lower,subbasin||BRL,,Brahmaputra Basin,Brahmaputra Lower,district,Meghalaya||South West Garo Hills,South West Garo Hills,district||Meghalaya||South West Garo Hills,Meghalaya,,,504.8961,0.56,61.09
subbasin,BRL,Brahmaputra Lower,subbasin||BRL,,Brahmaputra Basin,Brahmaputra Lower,district,Arunachal Pradesh||Tawang,Tawang,district||Arunachal Pradesh||Tawang,Arunachal Pradesh,,,2379.0993,2.62,97.48
subbasin,BRL,Brahmaputra Lower,subbasin||BRL,,Brahmaputra Basin,Brahmaputra Lower,district,Assam||Udalguri,Udalguri,district||Assam||Udalguri,Assam,,,2002.3023,2.21,99.34
subbasin,BRL,Brahmaputra Lower,subbasin||BRL,,Brahmaputra Basin,Brahmaputra Lower,district,Sikkim||West,West,district||Sikkim||West,Sikkim,,,1198.9043,1.32,98.7
subbasin,BRL,Brahmaputra Lower,subbasin||BRL,,Brahmaputra Basin,Brahmaputra Lower,district,Meghalaya||West Garo Hills,West Garo Hills,district||Meghalaya||West Garo Hills,Meghalaya,,,2008.1513,2.21,75.15
subbasin,BRL,Brahmaputra Lower,subbasin||BRL,,Brahmaputra Basin,Brahmaputra Lower,district,Meghalaya||West Jaintia Hills,West Jaintia Hills,district||Meghalaya||West Jaintia Hills,Meghalaya,,,1195.2005,1.32,66.16
subbasin,BRL,Brahmaputra Lower,subbasin||BRL,,Brahmaputra Basin,Brahmaputra Lower,district,Arunachal Pradesh||West Kameng,West Kameng,district||Arunachal Pradesh||West Kameng,Arunachal Pradesh,,,4905.8942,5.41,99.63
subbasin,BRL,Brahmaputra Lower,subbasin||BRL,,Brahmaputra Basin,Brahmaputra Lower,district,Assam||West Karbi Anglong,West Karbi Anglong,district||Assam||West Karbi Anglong,Assam,,,3070.6209,3.39,100.0
subbasin,BRL,Brahmaputra Lower,subbasin||BRL,,Brahmaputra Basin,Brahmaputra Lower,district,Meghalaya||West Khasi Hills,West Khasi Hills,district||Meghalaya||West Khasi Hills,Meghalaya,,,1772.4782,1.95,45.12
subbasin,BRU,Brahmaputra Upper,subbasin||BRU,,Brahmaputra Basin,Brahmaputra Upper,district,Arunachal Pradesh||Anjaw,Anjaw,district||Arunachal Pradesh||Anjaw,Arunachal Pradesh,,,5962.5261,5.82,99.45
subbasin,BRU,Brahmaputra Upper,subbasin||BRU,,Brahmaputra Basin,Brahmaputra Upper,district,Assam||Biswanath,Biswanath,district||Assam||Biswanath,Assam,,,24.0315,0.02,1.1
subbasin,BRU,Brahmaputra Upper,subbasin||BRU,,Brahmaputra Basin,Brahmaputra Upper,district,Arunachal Pradesh||Changlang,Changlang,district||Arunachal Pradesh||Changlang,Arunachal Pradesh,,,4916.3922,4.8,99.55
subbasin,BRU,Brahmaputra Upper,subbasin||BRU,,Brahmaputra Basin,Brahmaputra Upper,district,Assam||Charaideo,Charaideo,district||Assam||Charaideo,Assam,,,1008.4182,0.98,100.0
subbasin,BRU,Brahmaputra Upper,subbasin||BRU,,Brahmaputra Basin,Brahmaputra Upper,district,Assam||Dhemaji,Dhemaji,district||Assam||Dhemaji,Assam,,,2471.5377,2.41,100.0
subbasin,BRU,Brahmaputra Upper,subbasin||BRU,,Brahmaputra Basin,Brahmaputra Upper,district,Arunachal Pradesh||Dibang Valley,Dibang Valley,district||Arunachal Pradesh||Dibang Valley,Arunachal Pradesh,,,9384.4315,9.16,98.14
subbasin,BRU,Brahmaputra Upper,subbasin||BRU,,Brahmaputra Basin,Brahmaputra Upper,district,Assam||Dibrugarh,Dibrugarh,district||Assam||Dibrugarh,Assam,,,3386.1536,3.3,100.0
subbasin,BRU,Brahmaputra Upper,subbasin||BRU,,Brahmaputra Basin,Brahmaputra Upper,district,Assam||Dima Hasao,Dima Hasao,district||Assam||Dima Hasao,Assam,,,86.2875,0.08,1.76
subbasin,BRU,Brahmaputra Upper,subbasin||BRU,,Brahmaputra Basin,Brahmaputra Upper,district,Nagaland||Dimapur,Dimapur,district||Nagaland||Dimapur,Nagaland,,,745.9428,0.73,99.24
subbasin,BRU,Brahmaputra Upper,subbasin||BRU,,Brahmaputra Basin,Brahmaputra Upper,district,Arunachal Pradesh||East Kameng,East Kameng,district||Arunachal Pradesh||East Kameng,Arunachal Pradesh,,,10.8063,0.01,0.25
subbasin,BRU,Brahmaputra Upper,subbasin||BRU,,Brahmaputra Basin,Brahmaputra Upper,district,Arunachal Pradesh||East Siang,East Siang,district||Arunachal Pradesh||East Siang,Arunachal Pradesh,,,1680.5431,1.64,100.0
subbasin,BRU,Brahmaputra Upper,subbasin||BRU,,Brahmaputra Basin,Brahmaputra Upper,district,Assam||Golaghat,Golaghat,district||Assam||Golaghat,Assam,,,2595.8374,2.53,80.37
subbasin,BRU,Brahmaputra Upper,subbasin||BRU,,Brahmaputra Basin,Brahmaputra Upper,district,Assam||Jorhat,Jorhat,district||Assam||Jorhat,Assam,,,1857.9947,1.81,100.0
subbasin,BRU,Brahmaputra Upper,subbasin||BRU,,Brahmaputra Basin,Brahmaputra Upper,district,Arunachal Pradesh||Kamle,Kamle,district||Arunachal Pradesh||Kamle,Arunachal Pradesh,,,1384.6838,1.35,100.0
subbasin,BRU,Brahmaputra Upper,subbasin||BRU,,Brahmaputra Basin,Brahmaputra Upper,district,Assam||Karbi Anglong,Karbi Anglong,district||Assam||Karbi Anglong,Assam,,,2760.6722,2.69,37.67
subbasin,BRU,Brahmaputra Upper,subbasin||BRU,,Brahmaputra Basin,Brahmaputra Upper,district,Nagaland||Kohima,Kohima,district||Nagaland||Kohima,Nagaland,,,1249.6377,1.22,94.57
subbasin,BRU,Brahmaputra Upper,subbasin||BRU,,Brahmaputra Basin,Brahmaputra Upper,district,Arunachal Pradesh||Kra Daadi,Kra Daadi,district||Arunachal Pradesh||Kra Daadi,Arunachal Pradesh,,,1751.0713,1.71,100.0
subbasin,BRU,Brahmaputra Upper,subbasin||BRU,,Brahmaputra Basin,Brahmaputra Upper,district,Arunachal Pradesh||Kurung Kumey,Kurung Kumey,district||Arunachal Pradesh||Kurung Kumey,Arunachal Pradesh,,,4407.3863,4.3,98.83
subbasin,BRU,Brahmaputra Upper,subbasin||BRU,,Brahmaputra Basin,Brahmaputra Upper,district,Assam||Lakhimpur,Lakhimpur,district||Assam||Lakhimpur,Assam,,,2818.8972,2.75,93.8
subbasin,BRU,Brahmaputra Upper,subbasin||BRU,,Brahmaputra Basin,Brahmaputra Upper,district,Arunachal Pradesh||Lepa Rada,Lepa Rada,district||Arunachal Pradesh||Lepa Rada,Arunachal Pradesh,,,766.8363,0.75,100.0
subbasin,BRU,Brahmaputra Upper,subbasin||BRU,,Brahmaputra Basin,Brahmaputra Upper,district,Arunachal Pradesh||Lohit,Lohit,district||Arunachal Pradesh||Lohit,Arunachal Pradesh,,,3047.1647,2.97,99.98
subbasin,BRU,Brahmaputra Upper,subbasin||BRU,,Brahmaputra Basin,Brahmaputra Upper,district,Arunachal Pradesh||Longding,Longding,district||Arunachal Pradesh||Longding,Arunachal Pradesh,,,938.7056,0.92,99.47
subbasin,BRU,Brahmaputra Upper,subbasin||BRU,,Brahmaputra Basin,Brahmaputra Upper,district,Nagaland||Longleng,Longleng,district||Nagaland||Longleng,Nagaland,,,591.2524,0.58,100.0
subbasin,BRU,Brahmaputra Upper,subbasin||BRU,,Brahmaputra Basin,Brahmaputra Upper,district,Arunachal Pradesh||Lower Dibang Valley,Lower Dibang Valley,district||Arunachal Pradesh||Lower Dibang Valley,Arunachal Pradesh,,,3550.1535,3.46,100.0
subbasin,BRU,Brahmaputra Upper,subbasin||BRU,,Brahmaputra Basin,Brahmaputra Upper,district,Arunachal Pradesh||Lower Siang,Lower Siang,district||Arunachal Pradesh||Lower Siang,Arunachal Pradesh,,,1833.954,1.79,100.0
subbasin,BRU,Brahmaputra Upper,subbasin||BRU,,Brahmaputra Basin,Brahmaputra Upper,district,Arunachal Pradesh||Lower Subansiri,Lower Subansiri,district||Arunachal Pradesh||Lower Subansiri,Arunachal Pradesh,,,1951.3419,1.9,100.0
subbasin,BRU,Brahmaputra Upper,subbasin||BRU,,Brahmaputra Basin,Brahmaputra Upper,district,Assam||Majuli,Majuli,district||Assam||Majuli,Assam,,,1236.9097,1.21,98.28
subbasin,BRU,Brahmaputra Upper,subbasin||BRU,,Brahmaputra Basin,Brahmaputra Upper,district,Nagaland||Mokokchung,Mokokchung,district||Nagaland||Mokokchung,Nagaland,,,1602.7681,1.56,100.0
subbasin,BRU,Brahmaputra Upper,subbasin||BRU,,Brahmaputra Basin,Brahmaputra Upper,district,Nagaland||Mon,Mon,district||Nagaland||Mon,Nagaland,,,2134.2568,2.08,97.76
subbasin,BRU,Brahmaputra Upper,subbasin||BRU,,Brahmaputra Basin,Brahmaputra Upper,district,Arunachal Pradesh||Namsai,Namsai,district||Arunachal Pradesh||Namsai,Arunachal Pradesh,,,1337.2736,1.3,100.0
subbasin,BRU,Brahmaputra Upper,subbasin||BRU,,Brahmaputra Basin,Brahmaputra Upper,district,Arunachal Pradesh||Pakke Kessang,Pakke Kessang,district||Arunachal Pradesh||Pakke Kessang,Arunachal Pradesh,,,3.1463,0.0,0.16
subbasin,BRU,Brahmaputra Upper,subbasin||BRU,,Brahmaputra Basin,Brahmaputra Upper,district,Arunachal Pradesh||Papumpare,Papumpare,district||Arunachal Pradesh||Papumpare,Arunachal Pradesh,,,2677.4145,2.61,77.73
subbasin,BRU,Brahmaputra Upper,subbasin||BRU,,Brahmaputra Basin,Brahmaputra Upper,district,Nagaland||Paren,Paren,district||Nagaland||Paren,Nagaland,,,1071.7996,1.05,59.19
subbasin,BRU,Brahmaputra Upper,subbasin||BRU,,Brahmaputra Basin,Brahmaputra Upper,district,Nagaland||Phek,Phek,district||Nagaland||Phek,Nagaland,,,328.7199,0.32,17.52
subbasin,BRU,Brahmaputra Upper,subbasin||BRU,,Brahmaputra Basin,Brahmaputra Upper,district,Manipur||Senapati,Senapati,district||Manipur||Senapati,Manipur,,,59.8156,0.06,3.43
subbasin,BRU,Brahmaputra Upper,subbasin||BRU,,Brahmaputra Basin,Brahmaputra Upper,district,Arunachal Pradesh||Shi Yomi,Shi Yomi,district||Arunachal Pradesh||Shi Yomi,Arunachal Pradesh,,,2599.9403,2.54,99.84
subbasin,BRU,Brahmaputra Upper,subbasin||BRU,,Brahmaputra Basin,Brahmaputra Upper,district,Arunachal Pradesh||Siang,Siang,district||Arunachal Pradesh||Siang,Arunachal Pradesh,,,3431.7189,3.35,100.0
subbasin,BRU,Brahmaputra Upper,subbasin||BRU,,Brahmaputra Basin,Brahmaputra Upper,district,Assam||Sibsagar,Sibsagar,district||Assam||Sibsagar,Assam,,,1640.1633,1.6,100.0
subbasin,BRU,Brahmaputra Upper,subbasin||BRU,,Brahmaputra Basin,Brahmaputra Upper,district,Assam||Tinsukia,Tinsukia,district||Assam||Tinsukia,Assam,,,3821.3316,3.73,100.0
subbasin,BRU,Brahmaputra Upper,subbasin||BRU,,Brahmaputra Basin,Brahmaputra Upper,district,Arunachal Pradesh||Tirap,Tirap,district||Arunachal Pradesh||Tirap,Arunachal Pradesh,,,1153.698,1.13,99.93
subbasin,BRU,Brahmaputra Upper,subbasin||BRU,,Brahmaputra Basin,Brahmaputra Upper,district,Nagaland||Tuensang,Tuensang,district||Nagaland||Tuensang,Nagaland,,,652.1006,0.64,30.69
subbasin,BRU,Brahmaputra Upper,subbasin||BRU,,Brahmaputra Basin,Brahmaputra Upper,district,Arunachal Pradesh||Upper Siang,Upper Siang,district||Arunachal Pradesh||Upper Siang,Arunachal Pradesh,,,6686.7386,6.52,99.57
subbasin,BRU,Brahmaputra Upper,subbasin||BRU,,Brahmaputra Basin,Brahmaputra Upper,district,Arunachal Pradesh||Upper Subansiri,Upper Subansiri,district||Arunachal Pradesh||Upper Subansiri,Arunachal Pradesh,,,6471.7416,6.31,99.63
subbasin,BRU,Brahmaputra Upper,subbasin||BRU,,Brahmaputra Basin,Brahmaputra Upper,district,Arunachal Pradesh||West Siang,West Siang,district||Arunachal Pradesh||West Siang,Arunachal Pradesh,,,1339.7843,1.31,100.0
subbasin,BRU,Brahmaputra Upper,subbasin||BRU,,Brahmaputra Basin,Brahmaputra Upper,district,Nagaland||Wokha,Wokha,district||Nagaland||Wokha,Nagaland,,,1596.3004,1.56,100.0
subbasin,BRU,Brahmaputra Upper,subbasin||BRU,,Brahmaputra Basin,Brahmaputra Upper,district,Nagaland||Zunheboto,Zunheboto,district||Nagaland||Zunheboto,Nagaland,,,960.0041,0.94,61.3
subbasin,CAL,Cauvery Lower,subbasin||CAL,,Cauvery Basin,Cauvery Lower,district,Tamil Nadu||Ariyalur,Ariyalur,district||Tamil Nadu||Ariyalur,Tamil Nadu,,,1578.2845,9.18,81.87
subbasin,CAL,Cauvery Lower,subbasin||CAL,,Cauvery Basin,Cauvery Lower,district,Tamil Nadu||Cuddalore,Cuddalore,district||Tamil Nadu||Cuddalore,Tamil Nadu,,,611.1738,3.56,16.34
subbasin,CAL,Cauvery Lower,subbasin||CAL,,Cauvery Basin,Cauvery Lower,district,Tamil Nadu||Dindigul,Dindigul,district||Tamil Nadu||Dindigul,Tamil Nadu,,,185.62,1.08,3.07
subbasin,CAL,Cauvery Lower,subbasin||CAL,,Cauvery Basin,Cauvery Lower,district,Puducherry||Karaikal,Karaikal,district||Puducherry||Karaikal,Puducherry,,,152.0658,0.88,98.12
subbasin,CAL,Cauvery Lower,subbasin||CAL,,Cauvery Basin,Cauvery Lower,district,Tamil Nadu||Karur,Karur,district||Tamil Nadu||Karur,Tamil Nadu,,,1523.0468,8.86,52.17
subbasin,CAL,Cauvery Lower,subbasin||CAL,,Cauvery Basin,Cauvery Lower,district,Tamil Nadu||Nagapattinam,Nagapattinam,district||Tamil Nadu||Nagapattinam,Tamil Nadu,,,2508.7918,14.6,97.92
subbasin,CAL,Cauvery Lower,subbasin||CAL,,Cauvery Basin,Cauvery Lower,district,Tamil Nadu||Namakkal,Namakkal,district||Tamil Nadu||Namakkal,Tamil Nadu,,,853.2647,4.96,24.95
subbasin,CAL,Cauvery Lower,subbasin||CAL,,Cauvery Basin,Cauvery Lower,district,Tamil Nadu||Perambalur,Perambalur,district||Tamil Nadu||Perambalur,Tamil Nadu,,,612.7909,3.57,34.92
subbasin,CAL,Cauvery Lower,subbasin||CAL,,Cauvery Basin,Cauvery Lower,district,Tamil Nadu||Pudukkottai,Pudukkottai,district||Tamil Nadu||Pudukkottai,Tamil Nadu,,,731.0821,4.25,15.78
subbasin,CAL,Cauvery Lower,subbasin||CAL,,Cauvery Basin,Cauvery Lower,district,Tamil Nadu||Salem,Salem,district||Tamil Nadu||Salem,Tamil Nadu,,,14.5055,0.08,0.24
subbasin,CAL,Cauvery Lower,subbasin||CAL,,Cauvery Basin,Cauvery Lower,district,Tamil Nadu||Thanjavur,Thanjavur,district||Tamil Nadu||Thanjavur,Tamil Nadu,,,2215.0658,12.89,64.69
subbasin,CAL,Cauvery Lower,subbasin||CAL,,Cauvery Basin,Cauvery Lower,district,Tamil Nadu||Thiruvarur,Thiruvarur,district||Tamil Nadu||Thiruvarur,Tamil Nadu,,,2214.7305,12.88,98.28
subbasin,CAL,Cauvery Lower,subbasin||CAL,,Cauvery Basin,Cauvery Lower,district,Tamil Nadu||Tiruchirapalli,Tiruchirapalli,district||Tamil Nadu||Tiruchirapalli,Tamil Nadu,,,3953.3209,23.0,88.07
subbasin,CAM,Cauvery Middle,subbasin||CAM,,Cauvery Basin,Cauvery Middle,district,Karnataka||Bengaluru Rural,Bengaluru Rural,district||Karnataka||Bengaluru Rural,Karnataka,,,971.6696,1.7,42.53
subbasin,CAM,Cauvery Middle,subbasin||CAM,,Cauvery Basin,Cauvery Middle,district,Karnataka||Bengaluru Urban,Bengaluru Urban,district||Karnataka||Bengaluru Urban,Karnataka,,,1014.1714,1.78,46.08
subbasin,CAM,Cauvery Middle,subbasin||CAM,,Cauvery Basin,Cauvery Middle,district,Karnataka||Chamarajanagar,Chamarajanagar,district||Karnataka||Chamarajanagar,Karnataka,,,5668.9761,9.94,100.0
subbasin,CAM,Cauvery Middle,subbasin||CAM,,Cauvery Basin,Cauvery Middle,district,Karnataka||Chik Ballapur,Chik Ballapur,district||Karnataka||Chik Ballapur,Karnataka,,,5.3751,0.01,0.13
subbasin,CAM,Cauvery Middle,subbasin||CAM,,Cauvery Basin,Cauvery Middle,district,Tamil Nadu||Coimbatore,Coimbatore,district||Tamil Nadu||Coimbatore,Tamil Nadu,,,2594.0245,4.55,54.92
subbasin,CAM,Cauvery Middle,subbasin||CAM,,Cauvery Basin,Cauvery Middle,district,Tamil Nadu||Dharmapuri,Dharmapuri,district||Tamil Nadu||Dharmapuri,Tamil Nadu,,,1897.7529,3.33,42.04
subbasin,CAM,Cauvery Middle,subbasin||CAM,,Cauvery Basin,Cauvery Middle,district,Tamil Nadu||Dindigul,Dindigul,district||Tamil Nadu||Dindigul,Tamil Nadu,,,4188.4778,7.35,69.21
subbasin,CAM,Cauvery Middle,subbasin||CAM,,Cauvery Basin,Cauvery Middle,district,Kerala||Ernakulam,Ernakulam,district||Kerala||Ernakulam,Kerala,,,0.2179,0.0,0.01
subbasin,CAM,Cauvery Middle,subbasin||CAM,,Cauvery Basin,Cauvery Middle,district,Tamil Nadu||Erode,Erode,district||Tamil Nadu||Erode,Tamil Nadu,,,5090.8456,8.93,100.0
subbasin,CAM,Cauvery Middle,subbasin||CAM,,Cauvery Basin,Cauvery Middle,district,Karnataka||Hassan,Hassan,district||Karnataka||Hassan,Karnataka,,,519.5312,0.91,7.61
subbasin,CAM,Cauvery Middle,subbasin||CAM,,Cauvery Basin,Cauvery Middle,district,Kerala||Idukki,Idukki,district||Kerala||Idukki,Kerala,,,394.4009,0.69,9.06
subbasin,CAM,Cauvery Middle,subbasin||CAM,,Cauvery Basin,Cauvery Middle,district,Kerala||Kannur,Kannur,district||Kerala||Kannur,Kerala,,,0.4594,0.0,0.02
subbasin,CAM,Cauvery Middle,subbasin||CAM,,Cauvery Basin,Cauvery Middle,district,Tamil Nadu||Karur,Karur,district||Tamil Nadu||Karur,Tamil Nadu,,,1396.1735,2.45,47.83
subbasin,CAM,Cauvery Middle,subbasin||CAM,,Cauvery Basin,Cauvery Middle,district,Karnataka||Kodagu,Kodagu,district||Karnataka||Kodagu,Karnataka,,,168.2705,0.3,4.08
subbasin,CAM,Cauvery Middle,subbasin||CAM,,Cauvery Basin,Cauvery Middle,district,Kerala||Kozhikode,Kozhikode,district||Kerala||Kozhikode,Kerala,,,6.8758,0.01,0.29
subbasin,CAM,Cauvery Middle,subbasin||CAM,,Cauvery Basin,Cauvery Middle,district,Tamil Nadu||Krishnagiri,Krishnagiri,district||Tamil Nadu||Krishnagiri,Tamil Nadu,,,1900.2586,3.33,37.14
subbasin,CAM,Cauvery Middle,subbasin||CAM,,Cauvery Basin,Cauvery Middle,district,Tamil Nadu||Madurai,Madurai,district||Tamil Nadu||Madurai,Tamil Nadu,,,0.4342,0.0,0.01
subbasin,CAM,Cauvery Middle,subbasin||CAM,,Cauvery Basin,Cauvery Middle,district,Kerala||Malappuram,Malappuram,district||Kerala||Malappuram,Kerala,,,0.9043,0.0,0.03
subbasin,CAM,Cauvery Middle,subbasin||CAM,,Cauvery Basin,Cauvery Middle,district,Karnataka||Mandya,Mandya,district||Karnataka||Mandya,Karnataka,,,3979.879,6.98,80.21
subbasin,CAM,Cauvery Middle,subbasin||CAM,,Cauvery Basin,Cauvery Middle,district,Karnataka||Mysuru,Mysuru,district||Karnataka||Mysuru,Karnataka,,,4199.2597,7.37,66.76
subbasin,CAM,Cauvery Middle,subbasin||CAM,,Cauvery Basin,Cauvery Middle,district,Tamil Nadu||Namakkal,Namakkal,district||Tamil Nadu||Namakkal,Tamil Nadu,,,2214.6341,3.88,64.75
subbasin,CAM,Cauvery Middle,subbasin||CAM,,Cauvery Basin,Cauvery Middle,district,Tamil Nadu||Nilgiris,Nilgiris,district||Tamil Nadu||Nilgiris,Tamil Nadu,,,2064.3105,3.62,85.08
subbasin,CAM,Cauvery Middle,subbasin||CAM,,Cauvery Basin,Cauvery Middle,district,Kerala||Palakkad,Palakkad,district||Kerala||Palakkad,Kerala,,,613.7622,1.08,13.65
subbasin,CAM,Cauvery Middle,subbasin||CAM,,Cauvery Basin,Cauvery Middle,district,Karnataka||Ramanagaram,Ramanagaram,district||Karnataka||Ramanagaram,Karnataka,,,3513.7944,6.16,100.0
subbasin,CAM,Cauvery Middle,subbasin||CAM,,Cauvery Basin,Cauvery Middle,district,Tamil Nadu||Salem,Salem,district||Tamil Nadu||Salem,Tamil Nadu,,,3780.2224,6.63,62.93
subbasin,CAM,Cauvery Middle,subbasin||CAM,,Cauvery Basin,Cauvery Middle,district,Tamil Nadu||Teni,Teni,district||Tamil Nadu||Teni,Tamil Nadu,,,0.8022,0.0,0.03
subbasin,CAM,Cauvery Middle,subbasin||CAM,,Cauvery Basin,Cauvery Middle,district,Tamil Nadu||Tiruchirapalli,Tiruchirapalli,district||Tamil Nadu||Tiruchirapalli,Tamil Nadu,,,12.9483,0.02,0.29
subbasin,CAM,Cauvery Middle,subbasin||CAM,,Cauvery Basin,Cauvery Middle,district,Tamil Nadu||Tiruppur,Tiruppur,district||Tamil Nadu||Tiruppur,Tamil Nadu,,,4906.5675,8.61,94.58
subbasin,CAM,Cauvery Middle,subbasin||CAM,,Cauvery Basin,Cauvery Middle,district,Karnataka||Tumakuru,Tumakuru,district||Karnataka||Tumakuru,Karnataka,,,3975.7371,6.97,37.57
subbasin,CAM,Cauvery Middle,subbasin||CAM,,Cauvery Basin,Cauvery Middle,district,Kerala||Wayanad,Wayanad,district||Kerala||Wayanad,Kerala,,,1934.2554,3.39,90.06
subbasin,CAU,Cauvery Upper,subbasin||CAU,,Cauvery Basin,Cauvery Upper,district,Karnataka||Chikkamagaluru,Chikkamagaluru,district||Karnataka||Chikkamagaluru,Karnataka,,,746.4079,6.8,10.35
subbasin,CAU,Cauvery Upper,subbasin||CAU,,Cauvery Basin,Cauvery Upper,district,Karnataka||Hassan,Hassan,district||Karnataka||Hassan,Karnataka,,,4437.8714,40.44,64.98
subbasin,CAU,Cauvery Upper,subbasin||CAU,,Cauvery Basin,Cauvery Upper,district,Karnataka||Kodagu,Kodagu,district||Karnataka||Kodagu,Karnataka,,,2713.0982,24.73,65.81
subbasin,CAU,Cauvery Upper,subbasin||CAU,,Cauvery Basin,Cauvery Upper,district,Karnataka||Mandya,Mandya,district||Karnataka||Mandya,Karnataka,,,982.1937,8.95,19.79
subbasin,CAU,Cauvery Upper,subbasin||CAU,,Cauvery Basin,Cauvery Upper,district,Karnataka||Mysuru,Mysuru,district||Karnataka||Mysuru,Karnataka,,,2090.9626,19.06,33.24
subbasin,CAU,Cauvery Upper,subbasin||CAU,,Cauvery Basin,Cauvery Upper,district,Kerala||Wayanad,Wayanad,district||Kerala||Wayanad,Kerala,,,0.7752,0.01,0.04
subbasin,CHL,Chambal Lower,subbasin||CHL,,Ganga Basin,Chambal Lower,district,Uttar Pradesh||Agra,Agra,district||Uttar Pradesh||Agra,Uttar Pradesh,,,429.8904,3.78,10.61
subbasin,CHL,Chambal Lower,subbasin||CHL,,Ganga Basin,Chambal Lower,district,Uttar Pradesh||Auraiya,Auraiya,district||Uttar Pradesh||Auraiya,Uttar Pradesh,,,4.1801,0.04,0.21
subbasin,CHL,Chambal Lower,subbasin||CHL,,Ganga Basin,Chambal Lower,district,Rajasthan||Baran,Baran,district||Rajasthan||Baran,Rajasthan,,,764.995,6.73,10.95
subbasin,CHL,Chambal Lower,subbasin||CHL,,Ganga Basin,Chambal Lower,district,Madhya Pradesh||Bhind,Bhind,district||Madhya Pradesh||Bhind,Madhya Pradesh,,,262.5031,2.31,5.88
subbasin,CHL,Chambal Lower,subbasin||CHL,,Ganga Basin,Chambal Lower,district,Rajasthan||Dhaulpur,Dhaulpur,district||Rajasthan||Dhaulpur,Rajasthan,,,812.5191,7.15,26.86
subbasin,CHL,Chambal Lower,subbasin||CHL,,Ganga Basin,Chambal Lower,district,Uttar Pradesh||Etawah,Etawah,district||Uttar Pradesh||Etawah,Uttar Pradesh,,,239.2972,2.11,10.28
subbasin,CHL,Chambal Lower,subbasin||CHL,,Ganga Basin,Chambal Lower,district,Madhya Pradesh||Guna,Guna,district||Madhya Pradesh||Guna,Madhya Pradesh,,,610.3533,5.37,9.57
subbasin,CHL,Chambal Lower,subbasin||CHL,,Ganga Basin,Chambal Lower,district,Rajasthan||Karauli,Karauli,district||Rajasthan||Karauli,Rajasthan,,,814.2558,7.16,16.27
subbasin,CHL,Chambal Lower,subbasin||CHL,,Ganga Basin,Chambal Lower,district,Madhya Pradesh||Morena,Morena,district||Madhya Pradesh||Morena,Madhya Pradesh,,,1256.8829,11.06,25.26
subbasin,CHL,Chambal Lower,subbasin||CHL,,Ganga Basin,Chambal Lower,district,Rajasthan||Sawai Madhopur,Sawai Madhopur,district||Rajasthan||Sawai Madhopur,Rajasthan,,,200.4067,1.76,3.98
subbasin,CHL,Chambal Lower,subbasin||CHL,,Ganga Basin,Chambal Lower,district,Madhya Pradesh||Sheopur,Sheopur,district||Madhya Pradesh||Sheopur,Madhya Pradesh,,,4030.6636,35.46,61.12
subbasin,CHL,Chambal Lower,subbasin||CHL,,Ganga Basin,Chambal Lower,district,Madhya Pradesh||Shivpuri,Shivpuri,district||Madhya Pradesh||Shivpuri,Madhya Pradesh,,,1935.4429,17.03,18.84
subbasin,CHU,Chambal Upper,subbasin||CHU,,Ganga Basin,Chambal Upper,district,Madhya Pradesh||Agar Malwa,Agar Malwa,district||Madhya Pradesh||Agar Malwa,Madhya Pradesh,,,618.6513,2.33,22.87
subbasin,CHU,Chambal Upper,subbasin||CHU,,Ganga Basin,Chambal Upper,district,Rajasthan||Bhilwara,Bhilwara,district||Rajasthan||Bhilwara,Rajasthan,,,8.8011,0.03,0.08
subbasin,CHU,Chambal Upper,subbasin||CHU,,Ganga Basin,Chambal Upper,district,Rajasthan||Bundi,Bundi,district||Rajasthan||Bundi,Rajasthan,,,0.4081,0.0,0.01
subbasin,CHU,Chambal Upper,subbasin||CHU,,Ganga Basin,Chambal Upper,district,Rajasthan||Chittaurgarh,Chittaurgarh,district||Rajasthan||Chittaurgarh,Rajasthan,,,1898.4399,7.15,24.45
subbasin,CHU,Chambal Upper,subbasin||CHU,,Ganga Basin,Chambal Upper,district,Madhya Pradesh||Dewas,Dewas,district||Madhya Pradesh||Dewas,Madhya Pradesh,,,1055.4281,3.97,15.07
subbasin,CHU,Chambal Upper,subbasin||CHU,,Ganga Basin,Chambal Upper,district,Madhya Pradesh||Dhar,Dhar,district||Madhya Pradesh||Dhar,Madhya Pradesh,,,1643.8106,6.19,20.14
subbasin,CHU,Chambal Upper,subbasin||CHU,,Ganga Basin,Chambal Upper,district,Disputed (Madhya Pradesh & Rajasthan)||Disputed (Mandsaur & Jhalawar),Disputed (Mandsaur & Jhalawar),district||Disputed (Madhya Pradesh & Rajasthan)||Disputed (Mandsaur & Jhalawar),Disputed (Madhya Pradesh & Rajasthan),,,0.1519,0.0,5.27
subbasin,CHU,Chambal Upper,subbasin||CHU,,Ganga Basin,Chambal Upper,district,Disputed (Madhya Pradesh & Rajasthan)||Disputed (Nimach & Chittaurgarh ),Disputed (Nimach & Chittaurgarh ),district||Disputed (Madhya Pradesh & Rajasthan)||Disputed (Nimach & Chittaurgarh ),Disputed (Madhya Pradesh & Rajasthan),,,2.3009,0.01,98.82
subbasin,CHU,Chambal Upper,subbasin||CHU,,Ganga Basin,Chambal Upper,district,Madhya Pradesh||Disputed (Ratlam & Mandsaur),Disputed (Ratlam & Mandsaur),district||Madhya Pradesh||Disputed (Ratlam & Mandsaur),Madhya Pradesh,,,0.9143,0.0,100.0
subbasin,CHU,Chambal Upper,subbasin||CHU,,Ganga Basin,Chambal Upper,district,Madhya Pradesh||Indore,Indore,district||Madhya Pradesh||Indore,Madhya Pradesh,,,2851.7764,10.73,73.04
subbasin,CHU,Chambal Upper,subbasin||CHU,,Ganga Basin,Chambal Upper,district,Rajasthan||Jhalawar,Jhalawar,district||Rajasthan||Jhalawar,Rajasthan,,,656.1037,2.47,10.31
subbasin,CHU,Chambal Upper,subbasin||CHU,,Ganga Basin,Chambal Upper,district,Madhya Pradesh||Mandsaur,Mandsaur,district||Madhya Pradesh||Mandsaur,Madhya Pradesh,,,4561.065,17.17,82.67
subbasin,CHU,Chambal Upper,subbasin||CHU,,Ganga Basin,Chambal Upper,district,Madhya Pradesh||Nimach,Nimach,district||Madhya Pradesh||Nimach,Madhya Pradesh,,,3703.4823,13.94,85.83
subbasin,CHU,Chambal Upper,subbasin||CHU,,Ganga Basin,Chambal Upper,district,Rajasthan||Pratapgarh,Pratapgarh,district||Rajasthan||Pratapgarh,Rajasthan,,,883.1385,3.32,19.92
subbasin,CHU,Chambal Upper,subbasin||CHU,,Ganga Basin,Chambal Upper,district,Madhya Pradesh||Ratlam,Ratlam,district||Madhya Pradesh||Ratlam,Madhya Pradesh,,,2947.2565,11.09,60.93
subbasin,CHU,Chambal Upper,subbasin||CHU,,Ganga Basin,Chambal Upper,district,Madhya Pradesh||Shajapur,Shajapur,district||Madhya Pradesh||Shajapur,Madhya Pradesh,,,4.6452,0.02,0.13
subbasin,CHU,Chambal Upper,subbasin||CHU,,Ganga Basin,Chambal Upper,district,Madhya Pradesh||Ujjain,Ujjain,district||Madhya Pradesh||Ujjain,Madhya Pradesh,,,5693.7961,21.43,93.53
subbasin,CHA,Chautang and others,subbasin||CHA,,Indus (Up to border) Basin,Chautang and others,district,Rajasthan||Alwar,Alwar,district||Rajasthan||Alwar,Rajasthan,,,391.6174,1.37,4.67
subbasin,CHA,Chautang and others,subbasin||CHA,,Indus (Up to border) Basin,Chautang and others,district,Haryana||Bhiwani,Bhiwani,district||Haryana||Bhiwani,Haryana,,,3298.4932,11.53,100.0
subbasin,CHA,Chautang and others,subbasin||CHA,,Indus (Up to border) Basin,Chautang and others,district,Haryana||Charkhi Dadri,Charkhi Dadri,district||Haryana||Charkhi Dadri,Haryana,,,1370.526,4.79,100.0
subbasin,CHA,Chautang and others,subbasin||CHA,,Indus (Up to border) Basin,Chautang and others,district,Rajasthan||Churu,Churu,district||Rajasthan||Churu,Rajasthan,,,1944.7879,6.8,14.04
subbasin,CHA,Chautang and others,subbasin||CHA,,Indus (Up to border) Basin,Chautang and others,district,Haryana||Fatehabad,Fatehabad,district||Haryana||Fatehabad,Haryana,,,395.7527,1.38,15.76
subbasin,CHA,Chautang and others,subbasin||CHA,,Indus (Up to border) Basin,Chautang and others,district,Rajasthan||Hanumangarh,Hanumangarh,district||Rajasthan||Hanumangarh,Rajasthan,,,1304.964,4.56,13.46
subbasin,CHA,Chautang and others,subbasin||CHA,,Indus (Up to border) Basin,Chautang and others,district,Haryana||Hisar,Hisar,district||Haryana||Hisar,Haryana,,,4052.9384,14.17,99.09
subbasin,CHA,Chautang and others,subbasin||CHA,,Indus (Up to border) Basin,Chautang and others,district,Rajasthan||Jaipur,Jaipur,district||Rajasthan||Jaipur,Rajasthan,,,29.3288,0.1,0.26
subbasin,CHA,Chautang and others,subbasin||CHA,,Indus (Up to border) Basin,Chautang and others,district,Haryana||Jhajjar,Jhajjar,district||Haryana||Jhajjar,Haryana,,,755.2306,2.64,40.07
subbasin,CHA,Chautang and others,subbasin||CHA,,Indus (Up to border) Basin,Chautang and others,district,Rajasthan||Jhunjhunun,Jhunjhunun,district||Rajasthan||Jhunjhunun,Rajasthan,,,4439.3376,15.52,74.65
subbasin,CHA,Chautang and others,subbasin||CHA,,Indus (Up to border) Basin,Chautang and others,district,Haryana||Jind,Jind,district||Haryana||Jind,Haryana,,,2580.012,9.02,94.05
subbasin,CHA,Chautang and others,subbasin||CHA,,Indus (Up to border) Basin,Chautang and others,district,Haryana||Kaithal,Kaithal,district||Haryana||Kaithal,Haryana,,,1789.5911,6.26,78.55
subbasin,CHA,Chautang and others,subbasin||CHA,,Indus (Up to border) Basin,Chautang and others,district,Haryana||Karnal,Karnal,district||Haryana||Karnal,Haryana,,,1433.2929,5.01,57.79
subbasin,CHA,Chautang and others,subbasin||CHA,,Indus (Up to border) Basin,Chautang and others,district,Haryana||Kurukshetra,Kurukshetra,district||Haryana||Kurukshetra,Haryana,,,291.8799,1.02,17.63
subbasin,CHA,Chautang and others,subbasin||CHA,,Indus (Up to border) Basin,Chautang and others,district,Haryana||Mahendragarh,Mahendragarh,district||Haryana||Mahendragarh,Haryana,,,1883.9017,6.59,97.3
subbasin,CHA,Chautang and others,subbasin||CHA,,Indus (Up to border) Basin,Chautang and others,district,Haryana||Panipat,Panipat,district||Haryana||Panipat,Haryana,,,23.4385,0.08,1.8
subbasin,CHA,Chautang and others,subbasin||CHA,,Indus (Up to border) Basin,Chautang and others,district,Punjab||Patiala,Patiala,district||Punjab||Patiala,Punjab,,,15.1291,0.05,0.46
subbasin,CHA,Chautang and others,subbasin||CHA,,Indus (Up to border) Basin,Chautang and others,district,Haryana||Rewari,Rewari,district||Haryana||Rewari,Haryana,,,436.8967,1.53,28.3
subbasin,CHA,Chautang and others,subbasin||CHA,,Indus (Up to border) Basin,Chautang and others,district,Haryana||Rohtak,Rohtak,district||Haryana||Rohtak,Haryana,,,762.8334,2.67,46.09
subbasin,CHA,Chautang and others,subbasin||CHA,,Indus (Up to border) Basin,Chautang and others,district,Punjab||Sangrur,Sangrur,district||Punjab||Sangrur,Punjab,,,1.7175,0.01,0.05
subbasin,CHA,Chautang and others,subbasin||CHA,,Indus (Up to border) Basin,Chautang and others,district,Rajasthan||Sikar,Sikar,district||Rajasthan||Sikar,Rajasthan,,,1377.5231,4.82,17.86
subbasin,CHA,Chautang and others,subbasin||CHA,,Indus (Up to border) Basin,Chautang and others,district,Haryana||Sonipat,Sonipat,district||Haryana||Sonipat,Haryana,,,42.9009,0.15,1.96
subbasin,CHA,Chautang and others,subbasin||CHA,,Indus (Up to border) Basin,Chautang and others,district,Haryana||Yamunanagar,Yamunanagar,district||Haryana||Yamunanagar,Haryana,,,7.599,0.03,0.44
subbasin,CHE,Chenab,subbasin||CHE,,Indus (Up to border) Basin,Chenab,district,Jammu And Kashmir||Anantnag,Anantnag,district||Jammu And Kashmir||Anantnag,Jammu And Kashmir,,,21.2946,0.07,0.78
subbasin,CHE,Chenab,subbasin||CHE,,Indus (Up to border) Basin,Chenab,district,Himachal Pradesh||Chamba,Chamba,district||Himachal Pradesh||Chamba,Himachal Pradesh,,,1526.939,5.03,23.53
subbasin,CHE,Chenab,subbasin||CHE,,Indus (Up to border) Basin,Chenab,district,Jammu And Kashmir||Doda,Doda,district||Jammu And Kashmir||Doda,Jammu And Kashmir,,,2387.9145,7.86,99.05
subbasin,CHE,Chenab,subbasin||CHE,,Indus (Up to border) Basin,Chenab,district,Jammu And Kashmir||Jammu,Jammu,district||Jammu And Kashmir||Jammu,Jammu And Kashmir,,,2414.9942,7.95,99.63
subbasin,CHE,Chenab,subbasin||CHE,,Indus (Up to border) Basin,Chenab,district,Himachal Pradesh||Kangra,Kangra,district||Himachal Pradesh||Kangra,Himachal Pradesh,,,7.6303,0.03,0.13
subbasin,CHE,Chenab,subbasin||CHE,,Indus (Up to border) Basin,Chenab,district,Ladakh||Kargil,Kargil,district||Ladakh||Kargil,Ladakh,,,269.6429,0.89,1.9
subbasin,CHE,Chenab,subbasin||CHE,,Indus (Up to border) Basin,Chenab,district,Jammu And Kashmir||Kathua,Kathua,district||Jammu And Kashmir||Kathua,Jammu And Kashmir,,,45.6203,0.15,1.82
subbasin,CHE,Chenab,subbasin||CHE,,Indus (Up to border) Basin,Chenab,district,Jammu And Kashmir||Kishtwar,Kishtwar,district||Jammu And Kashmir||Kishtwar,Jammu And Kashmir,,,8144.7626,26.81,99.65
subbasin,CHE,Chenab,subbasin||CHE,,Indus (Up to border) Basin,Chenab,district,Jammu And Kashmir||Kulgam,Kulgam,district||Jammu And Kashmir||Kulgam,Jammu And Kashmir,,,10.7349,0.04,0.85
subbasin,CHE,Chenab,subbasin||CHE,,Indus (Up to border) Basin,Chenab,district,Himachal Pradesh||Kullu,Kullu,district||Himachal Pradesh||Kullu,Himachal Pradesh,,,6.5998,0.02,0.12
subbasin,CHE,Chenab,subbasin||CHE,,Indus (Up to border) Basin,Chenab,district,Himachal Pradesh||Lahul & Spiti,Lahul & Spiti,district||Himachal Pradesh||Lahul & Spiti,Himachal Pradesh,,,6289.2456,20.7,45.09
subbasin,CHE,Chenab,subbasin||CHE,,Indus (Up to border) Basin,Chenab,district,Ladakh||Leh,Leh,district||Ladakh||Leh,Ladakh,,,1.8794,0.01,0.0
subbasin,CHE,Chenab,subbasin||CHE,,Indus (Up to border) Basin,Chenab,district,Jammu And Kashmir||Mirpur,Mirpur,district||Jammu And Kashmir||Mirpur,Jammu And Kashmir,,,789.8461,2.6,21.81
subbasin,CHE,Chenab,subbasin||CHE,,Indus (Up to border) Basin,Chenab,district,Jammu And Kashmir||Punch,Punch,district||Jammu And Kashmir||Punch,Jammu And Kashmir,,,26.557,0.09,0.62
subbasin,CHE,Chenab,subbasin||CHE,,Indus (Up to border) Basin,Chenab,district,Jammu And Kashmir||Rajauri,Rajauri,district||Jammu And Kashmir||Rajauri,Jammu And Kashmir,,,2471.9475,8.14,94.39
subbasin,CHE,Chenab,subbasin||CHE,,Indus (Up to border) Basin,Chenab,district,Jammu And Kashmir||Ramban,Ramban,district||Jammu And Kashmir||Ramban,Jammu And Kashmir,,,1275.9087,4.2,99.95
subbasin,CHE,Chenab,subbasin||CHE,,Indus (Up to border) Basin,Chenab,district,Jammu And Kashmir||Riasi,Riasi,district||Jammu And Kashmir||Riasi,Jammu And Kashmir,,,1918.0607,6.31,98.98
subbasin,CHE,Chenab,subbasin||CHE,,Indus (Up to border) Basin,Chenab,district,Jammu And Kashmir||Samba,Samba,district||Jammu And Kashmir||Samba,Jammu And Kashmir,,,726.2602,2.39,77.51
subbasin,CHE,Chenab,subbasin||CHE,,Indus (Up to border) Basin,Chenab,district,Jammu And Kashmir||Udhampur,Udhampur,district||Jammu And Kashmir||Udhampur,Jammu And Kashmir,,,1943.7627,6.4,85.87
subbasin,CHR,Churu,subbasin||CHR,,Indus (Up to border) Basin,Churu,district,Rajasthan||Bikaner,Bikaner,district||Rajasthan||Bikaner,Rajasthan,,,22299.3819,32.21,73.61
subbasin,CHR,Churu,subbasin||CHR,,Indus (Up to border) Basin,Churu,district,Rajasthan||Churu,Churu,district||Rajasthan||Churu,Rajasthan,,,4275.2233,6.17,30.87
subbasin,CHR,Churu,subbasin||CHR,,Indus (Up to border) Basin,Churu,district,Rajasthan||Jaisalmer,Jaisalmer,district||Rajasthan||Jaisalmer,Rajasthan,,,20583.5948,29.73,53.57
subbasin,CHR,Churu,subbasin||CHR,,Indus (Up to border) Basin,Churu,district,Rajasthan||Jodhpur,Jodhpur,district||Rajasthan||Jodhpur,Rajasthan,,,8856.4084,12.79,39.02
subbasin,CHR,Churu,subbasin||CHR,,Indus (Up to border) Basin,Churu,district,Rajasthan||Nagaur,Nagaur,district||Rajasthan||Nagaur,Rajasthan,,,10054.6609,14.52,56.5
subbasin,CHR,Churu,subbasin||CHR,,Indus (Up to border) Basin,Churu,district,Rajasthan||Sikar,Sikar,district||Rajasthan||Sikar,Rajasthan,,,3132.0103,4.52,40.6
subbasin,DAM,Damodar,subbasin||DAM,,Ganga Basin,Damodar,district,Odisha||Balasore (Baleshwar),Balasore (Baleshwar),district||Odisha||Balasore (Baleshwar),Odisha,,,7.1528,0.02,0.19
subbasin,DAM,Damodar,subbasin||DAM,,Ganga Basin,Damodar,district,West Bengal||Bankura,Bankura,district||West Bengal||Bankura,West Bengal,,,6896.2624,15.8,100.0
subbasin,DAM,Damodar,subbasin||DAM,,Ganga Basin,Damodar,district,Jharkhand||Bokaro,Bokaro,district||Jharkhand||Bokaro,Jharkhand,,,2898.3599,6.64,99.79
subbasin,DAM,Damodar,subbasin||DAM,,Ganga Basin,Damodar,district,Jharkhand||Chatra,Chatra,district||Jharkhand||Chatra,Jharkhand,,,735.0564,1.68,19.37
subbasin,DAM,Damodar,subbasin||DAM,,Ganga Basin,Damodar,district,Jharkhand||Deoghar,Deoghar,district||Jharkhand||Deoghar,Jharkhand,,,5.0656,0.01,0.2
subbasin,DAM,Damodar,subbasin||DAM,,Ganga Basin,Damodar,district,Jharkhand||Dhanbad,Dhanbad,district||Jharkhand||Dhanbad,Jharkhand,,,2023.8727,4.64,100.0
subbasin,DAM,Damodar,subbasin||DAM,,Ganga Basin,Damodar,district,Jharkhand||East Singhbhum,East Singhbhum,district||Jharkhand||East Singhbhum,Jharkhand,,,331.4502,0.76,9.34
subbasin,DAM,Damodar,subbasin||DAM,,Ganga Basin,Damodar,district,Jharkhand||Giridih,Giridih,district||Jharkhand||Giridih,Jharkhand,,,3473.3316,7.96,70.15
subbasin,DAM,Damodar,subbasin||DAM,,Ganga Basin,Damodar,district,West Bengal||Haora,Haora,district||West Bengal||Haora,West Bengal,,,149.2621,0.34,10.17
subbasin,DAM,Damodar,subbasin||DAM,,Ganga Basin,Damodar,district,Jharkhand||Hazaribagh,Hazaribagh,district||Jharkhand||Hazaribagh,Jharkhand,,,3851.8492,8.83,88.71
subbasin,DAM,Damodar,subbasin||DAM,,Ganga Basin,Damodar,district,West Bengal||Hugli,Hugli,district||West Bengal||Hugli,West Bengal,,,1050.9659,2.41,33.5
subbasin,DAM,Damodar,subbasin||DAM,,Ganga Basin,Damodar,district,Jharkhand||Jamtara,Jamtara,district||Jharkhand||Jamtara,Jharkhand,,,561.6092,1.29,30.73
subbasin,DAM,Damodar,subbasin||DAM,,Ganga Basin,Damodar,district,West Bengal||Jhargram,Jhargram,district||West Bengal||Jhargram,West Bengal,,,1069.7552,2.45,34.5
subbasin,DAM,Damodar,subbasin||DAM,,Ganga Basin,Damodar,district,Jharkhand||Kodarma,Kodarma,district||Jharkhand||Kodarma,Jharkhand,,,732.8702,1.68,44.64
subbasin,DAM,Damodar,subbasin||DAM,,Ganga Basin,Damodar,district,Jharkhand||Latehar,Latehar,district||Jharkhand||Latehar,Jharkhand,,,726.3824,1.66,17.12
subbasin,DAM,Damodar,subbasin||DAM,,Ganga Basin,Damodar,district,Jharkhand||Lohardaga,Lohardaga,district||Jharkhand||Lohardaga,Jharkhand,,,73.6291,0.17,4.93
subbasin,DAM,Damodar,subbasin||DAM,,Ganga Basin,Damodar,district,West Bengal||Paschim Barddhaman,Paschim Barddhaman,district||West Bengal||Paschim Barddhaman,West Bengal,,,1018.8865,2.34,56.04
subbasin,DAM,Damodar,subbasin||DAM,,Ganga Basin,Damodar,district,West Bengal||Paschim Medinipur,Paschim Medinipur,district||West Bengal||Paschim Medinipur,West Bengal,,,5809.4343,13.31,92.33
subbasin,DAM,Damodar,subbasin||DAM,,Ganga Basin,Damodar,district,West Bengal||Purba Barddhaman,Purba Barddhaman,district||West Bengal||Purba Barddhaman,West Bengal,,,913.5829,2.09,17.6
subbasin,DAM,Damodar,subbasin||DAM,,Ganga Basin,Damodar,district,West Bengal||Purba Medinipur,Purba Medinipur,district||West Bengal||Purba Medinipur,West Bengal,,,3805.2523,8.72,96.6
subbasin,DAM,Damodar,subbasin||DAM,,Ganga Basin,Damodar,district,West Bengal||Puruliya,Puruliya,district||West Bengal||Puruliya,West Bengal,,,5261.5045,12.06,84.33
subbasin,DAM,Damodar,subbasin||DAM,,Ganga Basin,Damodar,district,Jharkhand||Ramgarh,Ramgarh,district||Jharkhand||Ramgarh,Jharkhand,,,1256.7857,2.88,89.96
subbasin,DAM,Damodar,subbasin||DAM,,Ganga Basin,Damodar,district,Jharkhand||Ranchi,Ranchi,district||Jharkhand||Ranchi,Jharkhand,,,814.9923,1.87,16.38
subbasin,DAM,Damodar,subbasin||DAM,,Ganga Basin,Damodar,district,Jharkhand||Saraikela-Kharsawan,Saraikela-Kharsawan,district||Jharkhand||Saraikela-Kharsawan,Jharkhand,,,7.3666,0.02,0.28
subbasin,DAN,Drainage Area of Andaman and Nicobar Islands,subbasin||DAN,,Drainage Area of Andaman and Nicobar Islands Basin,Drainage Area of Andaman and Nicobar Islands,district,Andaman & Nicobar||Nicobar,Nicobar,district||Andaman & Nicobar||Nicobar,Andaman & Nicobar,,,1494.6979,19.93,86.51
subbasin,DAN,Drainage Area of Andaman and Nicobar Islands,subbasin||DAN,,Drainage Area of Andaman and Nicobar Islands Basin,Drainage Area of Andaman and Nicobar Islands,district,Andaman & Nicobar||North & Middle Andaman,North & Middle Andaman,district||Andaman & Nicobar||North & Middle Andaman,Andaman & Nicobar,,,3103.2299,41.39,95.3
subbasin,DAN,Drainage Area of Andaman and Nicobar Islands,subbasin||DAN,,Drainage Area of Andaman and Nicobar Islands Basin,Drainage Area of Andaman and Nicobar Islands,district,Andaman & Nicobar||South Andaman,South Andaman,district||Andaman & Nicobar||South Andaman,Andaman & Nicobar,,,2254.565,30.07,93.28
subbasin,DAL,Drainage Area of Lakshadweep Islands,subbasin||DAL,,Drainage Area of Lakshadweep Islands Basin,Drainage Area of Lakshadweep Islands,district,Lakshadweep||Lakshadweep,Lakshadweep,district||Lakshadweep||Lakshadweep,Lakshadweep,,,19.6102,2.96,86.89
subbasin,RAN,Drainage of Rann,subbasin||RAN,,West flowing rivers of Kutch and Saurashtra including Luni Basin,Drainage of Rann,district,Gujarat||Devbhumi Dwarka,Devbhumi Dwarka,district||Gujarat||Devbhumi Dwarka,Gujarat,,,1511.9942,6.85,36.4
subbasin,RAN,Drainage of Rann,subbasin||RAN,,West flowing rivers of Kutch and Saurashtra including Luni Basin,Drainage of Rann,district,Gujarat||Jamnagar,Jamnagar,district||Gujarat||Jamnagar,Gujarat,,,4491.9116,20.35,75.95
subbasin,RAN,Drainage of Rann,subbasin||RAN,,West flowing rivers of Kutch and Saurashtra including Luni Basin,Drainage of Rann,district,Gujarat||Kachchh,Kachchh,district||Gujarat||Kachchh,Gujarat,,,10438.1999,47.29,25.64
subbasin,RAN,Drainage of Rann,subbasin||RAN,,West flowing rivers of Kutch and Saurashtra including Luni Basin,Drainage of Rann,district,Gujarat||Morbi,Morbi,district||Gujarat||Morbi,Gujarat,,,1582.9126,7.17,31.83
subbasin,RAN,Drainage of Rann,subbasin||RAN,,West flowing rivers of Kutch and Saurashtra including Luni Basin,Drainage of Rann,district,Gujarat||Rajkot,Rajkot,district||Gujarat||Rajkot,Gujarat,,,1708.2799,7.74,22.15
subbasin,GTK,East flowing rivers between Godavari and krishna,subbasin||GTK,,East flowing rivers between Godavari and Krishna Basin,East flowing rivers between Godavari and krishna,district,Telangana||Bhadradri Kothagudem,Bhadradri Kothagudem,district||Telangana||Bhadradri Kothagudem,Telangana,,,508.2424,4.8,7.38
subbasin,GTK,East flowing rivers between Godavari and krishna,subbasin||GTK,,East flowing rivers between Godavari and Krishna Basin,East flowing rivers between Godavari and krishna,district,Telangana||Khammam,Khammam,district||Telangana||Khammam,Telangana,,,272.2608,2.57,5.83
subbasin,GTK,East flowing rivers between Godavari and krishna,subbasin||GTK,,East flowing rivers between Godavari and Krishna Basin,East flowing rivers between Godavari and krishna,district,Andhra Pradesh||Krishna,Krishna,district||Andhra Pradesh||Krishna,Andhra Pradesh,,,3659.2393,34.55,41.75
subbasin,GTK,East flowing rivers between Godavari and krishna,subbasin||GTK,,East flowing rivers between Godavari and Krishna Basin,East flowing rivers between Godavari and krishna,district,Andhra Pradesh||West Godavari,West Godavari,district||Andhra Pradesh||West Godavari,Andhra Pradesh,,,6140.4081,57.98,73.39
subbasin,KTP,East flowing rivers between krishna and Pennar,subbasin||KTP,,East flowing rivers between Krishna and Pennar Basin,East flowing rivers between krishna and Pennar,district,Andhra Pradesh||Guntur,Guntur,district||Andhra Pradesh||Guntur,Andhra Pradesh,,,4779.1843,20.11,41.97
subbasin,KTP,East flowing rivers between krishna and Pennar,subbasin||KTP,,East flowing rivers between Krishna and Pennar Basin,East flowing rivers between krishna and Pennar,district,Andhra Pradesh||Kurnool,Kurnool,district||Andhra Pradesh||Kurnool,Andhra Pradesh,,,59.3304,0.25,0.34
subbasin,KTP,East flowing rivers between krishna and Pennar,subbasin||KTP,,East flowing rivers between Krishna and Pennar Basin,East flowing rivers between krishna and Pennar,district,Andhra Pradesh||Potti Sriramulu Nellore,Potti Sriramulu Nellore,district||Andhra Pradesh||Potti Sriramulu Nellore,Andhra Pradesh,,,2879.9228,12.12,21.76
subbasin,KTP,East flowing rivers between krishna and Pennar,subbasin||KTP,,East flowing rivers between Krishna and Pennar Basin,East flowing rivers between krishna and Pennar,district,Andhra Pradesh||Prakasam,Prakasam,district||Andhra Pradesh||Prakasam,Andhra Pradesh,,,16012.4067,67.37,90.84
subbasin,KTP,East flowing rivers between krishna and Pennar,subbasin||KTP,,East flowing rivers between Krishna and Pennar Basin,East flowing rivers between krishna and Pennar,district,Andhra Pradesh||Y S R Kadapa,Y S R Kadapa,district||Andhra Pradesh||Y S R Kadapa,Andhra Pradesh,,,10.3436,0.04,0.07
subbasin,GAN,Gandak and others,subbasin||GAN,,Ganga Basin,Gandak and others,district,Bihar||Arwal,Arwal,district||Bihar||Arwal,Bihar,,,436.2474,0.75,69.46
subbasin,GAN,Gandak and others,subbasin||GAN,,Ganga Basin,Gandak and others,district,Bihar||Aurangabad,Aurangabad,district||Bihar||Aurangabad,Bihar,,,2961.1697,5.06,89.77
subbasin,GAN,Gandak and others,subbasin||GAN,,Ganga Basin,Gandak and others,district,Bihar||Banka,Banka,district||Bihar||Banka,Bihar,,,3013.5397,5.15,100.0
subbasin,GAN,Gandak and others,subbasin||GAN,,Ganga Basin,Gandak and others,district,Bihar||Begusarai,Begusarai,district||Bihar||Begusarai,Bihar,,,1876.1718,3.21,97.66
subbasin,GAN,Gandak and others,subbasin||GAN,,Ganga Basin,Gandak and others,district,Bihar||Bhagalpur,Bhagalpur,district||Bihar||Bhagalpur,Bihar,,,1809.4511,3.09,71.18
subbasin,GAN,Gandak and others,subbasin||GAN,,Ganga Basin,Gandak and others,district,Bihar||Bhojpur,Bhojpur,district||Bihar||Bhojpur,Bihar,,,12.6595,0.02,0.53
subbasin,GAN,Gandak and others,subbasin||GAN,,Ganga Basin,Gandak and others,district,Jharkhand||Chatra,Chatra,district||Jharkhand||Chatra,Jharkhand,,,2554.3327,4.37,67.32
subbasin,GAN,Gandak and others,subbasin||GAN,,Ganga Basin,Gandak and others,district,Bihar||Darbhanga,Darbhanga,district||Bihar||Darbhanga,Bihar,,,6.1968,0.01,0.25
subbasin,GAN,Gandak and others,subbasin||GAN,,Ganga Basin,Gandak and others,district,Jharkhand||Deoghar,Deoghar,district||Jharkhand||Deoghar,Jharkhand,,,212.1497,0.36,8.54
subbasin,GAN,Gandak and others,subbasin||GAN,,Ganga Basin,Gandak and others,district,Jharkhand||Dumka,Dumka,district||Jharkhand||Dumka,Jharkhand,,,124.6336,0.21,3.31
subbasin,GAN,Gandak and others,subbasin||GAN,,Ganga Basin,Gandak and others,district,Bihar||Gaya,Gaya,district||Bihar||Gaya,Bihar,,,4965.1798,8.49,100.0
subbasin,GAN,Gandak and others,subbasin||GAN,,Ganga Basin,Gandak and others,district,Jharkhand||Giridih,Giridih,district||Jharkhand||Giridih,Jharkhand,,,1158.2331,1.98,23.39
subbasin,GAN,Gandak and others,subbasin||GAN,,Ganga Basin,Gandak and others,district,Jharkhand||Godda,Godda,district||Jharkhand||Godda,Jharkhand,,,1828.7733,3.13,80.16
subbasin,GAN,Gandak and others,subbasin||GAN,,Ganga Basin,Gandak and others,district,Bihar||Gopalganj,Gopalganj,district||Bihar||Gopalganj,Bihar,,,814.2061,1.39,39.93
subbasin,GAN,Gandak and others,subbasin||GAN,,Ganga Basin,Gandak and others,district,Jharkhand||Hazaribagh,Hazaribagh,district||Jharkhand||Hazaribagh,Jharkhand,,,490.2619,0.84,11.29
subbasin,GAN,Gandak and others,subbasin||GAN,,Ganga Basin,Gandak and others,district,Bihar||Jahanabad,Jahanabad,district||Bihar||Jahanabad,Bihar,,,933.2059,1.6,100.0
subbasin,GAN,Gandak and others,subbasin||GAN,,Ganga Basin,Gandak and others,district,Bihar||Jamui,Jamui,district||Bihar||Jamui,Bihar,,,2725.5684,4.66,87.6
subbasin,GAN,Gandak and others,subbasin||GAN,,Ganga Basin,Gandak and others,district,Bihar||Katihar,Katihar,district||Bihar||Katihar,Bihar,,,20.3706,0.03,0.67
subbasin,GAN,Gandak and others,subbasin||GAN,,Ganga Basin,Gandak and others,district,Bihar||Khagaria,Khagaria,district||Bihar||Khagaria,Bihar,,,588.0073,1.01,38.9
subbasin,GAN,Gandak and others,subbasin||GAN,,Ganga Basin,Gandak and others,district,Jharkhand||Kodarma,Kodarma,district||Jharkhand||Kodarma,Jharkhand,,,908.8951,1.55,55.36
subbasin,GAN,Gandak and others,subbasin||GAN,,Ganga Basin,Gandak and others,district,Uttar Pradesh||Kushinagar,Kushinagar,district||Uttar Pradesh||Kushinagar,Uttar Pradesh,,,891.4251,1.52,31.14
subbasin,GAN,Gandak and others,subbasin||GAN,,Ganga Basin,Gandak and others,district,Bihar||Lakhisarai,Lakhisarai,district||Bihar||Lakhisarai,Bihar,,,1215.2463,2.08,100.0
subbasin,GAN,Gandak and others,subbasin||GAN,,Ganga Basin,Gandak and others,district,Uttar Pradesh||Maharajganj,Maharajganj,district||Uttar Pradesh||Maharajganj,Uttar Pradesh,,,67.2781,0.12,2.29
subbasin,GAN,Gandak and others,subbasin||GAN,,Ganga Basin,Gandak and others,district,Bihar||Munger,Munger,district||Bihar||Munger,Bihar,,,1404.6312,2.4,100.0
subbasin,GAN,Gandak and others,subbasin||GAN,,Ganga Basin,Gandak and others,district,Bihar||Muzaffarpur,Muzaffarpur,district||Bihar||Muzaffarpur,Bihar,,,2214.0991,3.79,69.7
subbasin,GAN,Gandak and others,subbasin||GAN,,Ganga Basin,Gandak and others,district,Bihar||Nalanda,Nalanda,district||Bihar||Nalanda,Bihar,,,2362.8887,4.04,100.0
subbasin,GAN,Gandak and others,subbasin||GAN,,Ganga Basin,Gandak and others,district,Bihar||Nawada,Nawada,district||Bihar||Nawada,Bihar,,,2495.4008,4.27,100.0
subbasin,GAN,Gandak and others,subbasin||GAN,,Ganga Basin,Gandak and others,district,Jharkhand||Palamu,Palamu,district||Jharkhand||Palamu,Jharkhand,,,758.5244,1.3,17.15
subbasin,GAN,Gandak and others,subbasin||GAN,,Ganga Basin,Gandak and others,district,Bihar||Pashchimi Champaran,Pashchimi Champaran,district||Bihar||Pashchimi Champaran,Bihar,,,5218.6502,8.93,99.71
subbasin,GAN,Gandak and others,subbasin||GAN,,Ganga Basin,Gandak and others,district,Bihar||Patna,Patna,district||Bihar||Patna,Bihar,,,2956.6489,5.06,92.67
subbasin,GAN,Gandak and others,subbasin||GAN,,Ganga Basin,Gandak and others,district,Bihar||Purbi Champaran,Purbi Champaran,district||Bihar||Purbi Champaran,Bihar,,,3433.2254,5.87,86.85
subbasin,GAN,Gandak and others,subbasin||GAN,,Ganga Basin,Gandak and others,district,Jharkhand||Sahibganj,Sahibganj,district||Jharkhand||Sahibganj,Jharkhand,,,149.4666,0.26,6.83
subbasin,GAN,Gandak and others,subbasin||GAN,,Ganga Basin,Gandak and others,district,Bihar||Samastipur,Samastipur,district||Bihar||Samastipur,Bihar,,,1983.7852,3.39,74.56
subbasin,GAN,Gandak and others,subbasin||GAN,,Ganga Basin,Gandak and others,district,Bihar||Saran,Saran,district||Bihar||Saran,Bihar,,,2419.2202,4.14,91.56
subbasin,GAN,Gandak and others,subbasin||GAN,,Ganga Basin,Gandak and others,district,Bihar||Sheikhpura,Sheikhpura,district||Bihar||Sheikhpura,Bihar,,,670.3698,1.15,100.0
subbasin,GAN,Gandak and others,subbasin||GAN,,Ganga Basin,Gandak and others,district,Bihar||Siwan,Siwan,district||Bihar||Siwan,Bihar,,,615.857,1.05,27.89
subbasin,GAN,Gandak and others,subbasin||GAN,,Ganga Basin,Gandak and others,district,Bihar||Vaishali,Vaishali,district||Bihar||Vaishali,Bihar,,,2045.3834,3.5,100.0
subbasin,GHO,Ghaghar and others,subbasin||GHO,,Indus (Up to border) Basin,Ghaghar and others,district,Haryana||Ambala,Ambala,district||Haryana||Ambala,Haryana,,,1513.381,2.94,100.0
subbasin,GHO,Ghaghar and others,subbasin||GHO,,Indus (Up to border) Basin,Ghaghar and others,district,Punjab||Bathinda,Bathinda,district||Punjab||Bathinda,Punjab,,,147.5839,0.29,4.38
subbasin,GHO,Ghaghar and others,subbasin||GHO,,Indus (Up to border) Basin,Ghaghar and others,district,Rajasthan||Bikaner,Bikaner,district||Rajasthan||Bikaner,Rajasthan,,,7961.6198,15.45,26.28
subbasin,GHO,Ghaghar and others,subbasin||GHO,,Indus (Up to border) Basin,Ghaghar and others,district,Chandigarh||Chandigarh,Chandigarh,district||Chandigarh||Chandigarh,Chandigarh,,,114.4317,0.22,100.0
subbasin,GHO,Ghaghar and others,subbasin||GHO,,Indus (Up to border) Basin,Ghaghar and others,district,Rajasthan||Churu,Churu,district||Rajasthan||Churu,Rajasthan,,,7628.8048,14.81,55.09
subbasin,GHO,Ghaghar and others,subbasin||GHO,,Indus (Up to border) Basin,Ghaghar and others,district,Haryana||Fatehabad,Fatehabad,district||Haryana||Fatehabad,Haryana,,,2116.1603,4.11,84.24
subbasin,GHO,Ghaghar and others,subbasin||GHO,,Indus (Up to border) Basin,Ghaghar and others,district,Punjab||Fatehgarh Sahib,Fatehgarh Sahib,district||Punjab||Fatehgarh Sahib,Punjab,,,1067.1752,2.07,93.07
subbasin,GHO,Ghaghar and others,subbasin||GHO,,Indus (Up to border) Basin,Ghaghar and others,district,Rajasthan||Ganganagar,Ganganagar,district||Rajasthan||Ganganagar,Rajasthan,,,5968.6872,11.58,54.65
subbasin,GHO,Ghaghar and others,subbasin||GHO,,Indus (Up to border) Basin,Ghaghar and others,district,Rajasthan||Hanumangarh,Hanumangarh,district||Rajasthan||Hanumangarh,Rajasthan,,,6778.4206,13.16,69.91
subbasin,GHO,Ghaghar and others,subbasin||GHO,,Indus (Up to border) Basin,Ghaghar and others,district,Haryana||Hisar,Hisar,district||Haryana||Hisar,Haryana,,,37.0841,0.07,0.91
subbasin,GHO,Ghaghar and others,subbasin||GHO,,Indus (Up to border) Basin,Ghaghar and others,district,Rajasthan||Jhunjhunun,Jhunjhunun,district||Rajasthan||Jhunjhunun,Rajasthan,,,1507.8624,2.93,25.35
subbasin,GHO,Ghaghar and others,subbasin||GHO,,Indus (Up to border) Basin,Ghaghar and others,district,Haryana||Jind,Jind,district||Haryana||Jind,Haryana,,,105.421,0.2,3.84
subbasin,GHO,Ghaghar and others,subbasin||GHO,,Indus (Up to border) Basin,Ghaghar and others,district,Haryana||Kaithal,Kaithal,district||Haryana||Kaithal,Haryana,,,488.6488,0.95,21.45
subbasin,GHO,Ghaghar and others,subbasin||GHO,,Indus (Up to border) Basin,Ghaghar and others,district,Haryana||Karnal,Karnal,district||Haryana||Karnal,Haryana,,,1.6201,0.0,0.07
subbasin,GHO,Ghaghar and others,subbasin||GHO,,Indus (Up to border) Basin,Ghaghar and others,district,Haryana||Kurukshetra,Kurukshetra,district||Haryana||Kurukshetra,Haryana,,,1346.0594,2.61,81.29
subbasin,GHO,Ghaghar and others,subbasin||GHO,,Indus (Up to border) Basin,Ghaghar and others,district,Punjab||Ludhiana,Ludhiana,district||Punjab||Ludhiana,Punjab,,,68.9281,0.13,1.87
subbasin,GHO,Ghaghar and others,subbasin||GHO,,Indus (Up to border) Basin,Ghaghar and others,district,Punjab||Mansa,Mansa,district||Punjab||Mansa,Punjab,,,1563.0206,3.03,71.81
subbasin,GHO,Ghaghar and others,subbasin||GHO,,Indus (Up to border) Basin,Ghaghar and others,district,Haryana||Panchkula,Panchkula,district||Haryana||Panchkula,Haryana,,,803.3097,1.56,90.33
subbasin,GHO,Ghaghar and others,subbasin||GHO,,Indus (Up to border) Basin,Ghaghar and others,district,Punjab||Patiala,Patiala,district||Punjab||Patiala,Punjab,,,3297.8489,6.4,99.54
subbasin,GHO,Ghaghar and others,subbasin||GHO,,Indus (Up to border) Basin,Ghaghar and others,district,Punjab||Rupnagar,Rupnagar,district||Punjab||Rupnagar,Punjab,,,140.645,0.27,10.31
subbasin,GHO,Ghaghar and others,subbasin||GHO,,Indus (Up to border) Basin,Ghaghar and others,district,Punjab||Sangrur,Sangrur,district||Punjab||Sangrur,Punjab,,,2160.2249,4.19,59.92
subbasin,GHO,Ghaghar and others,subbasin||GHO,,Indus (Up to border) Basin,Ghaghar and others,district,Punjab||Sas Nagar (Sahibzada Ajit Singh Nagar),Sas Nagar (Sahibzada Ajit Singh Nagar),district||Punjab||Sas Nagar (Sahibzada Ajit Singh Nagar),Punjab,,,877.3899,1.7,80.28
subbasin,GHO,Ghaghar and others,subbasin||GHO,,Indus (Up to border) Basin,Ghaghar and others,district,Rajasthan||Sikar,Sikar,district||Rajasthan||Sikar,Rajasthan,,,1206.0409,2.34,15.63
subbasin,GHO,Ghaghar and others,subbasin||GHO,,Indus (Up to border) Basin,Ghaghar and others,district,Himachal Pradesh||Sirmaur,Sirmaur,district||Himachal Pradesh||Sirmaur,Himachal Pradesh,,,429.6448,0.83,15.13
subbasin,GHO,Ghaghar and others,subbasin||GHO,,Indus (Up to border) Basin,Ghaghar and others,district,Haryana||Sirsa,Sirsa,district||Haryana||Sirsa,Haryana,,,3322.5015,6.45,77.88
subbasin,GHO,Ghaghar and others,subbasin||GHO,,Indus (Up to border) Basin,Ghaghar and others,district,Himachal Pradesh||Solan,Solan,district||Himachal Pradesh||Solan,Himachal Pradesh,,,134.7391,0.26,7.0
subbasin,GHO,Ghaghar and others,subbasin||GHO,,Indus (Up to border) Basin,Ghaghar and others,district,Haryana||Yamunanagar,Yamunanagar,district||Haryana||Yamunanagar,Haryana,,,694.3856,1.35,40.48
subbasin,GHA,Ghaghara,subbasin||GHA,,Ganga Basin,Ghaghara,district,Uttarakhand||Almora,Almora,district||Uttarakhand||Almora,Uttarakhand,,,514.009,0.85,16.39
subbasin,GHA,Ghaghara,subbasin||GHA,,Ganga Basin,Ghaghara,district,Uttar Pradesh||Ambedkarnagar,Ambedkarnagar,district||Uttar Pradesh||Ambedkarnagar,Uttar Pradesh,,,1113.8667,1.83,47.87
subbasin,GHA,Ghaghara,subbasin||GHA,,Ganga Basin,Ghaghara,district,Uttar Pradesh||Ayodhya,Ayodhya,district||Uttar Pradesh||Ayodhya,Uttar Pradesh,,,622.0398,1.02,22.97
subbasin,GHA,Ghaghara,subbasin||GHA,,Ganga Basin,Ghaghara,district,Uttar Pradesh||Azamgarh,Azamgarh,district||Uttar Pradesh||Azamgarh,Uttar Pradesh,,,788.4352,1.3,18.72
subbasin,GHA,Ghaghara,subbasin||GHA,,Ganga Basin,Ghaghara,district,Uttarakhand||Bageshwar,Bageshwar,district||Uttarakhand||Bageshwar,Uttarakhand,,,1640.764,2.7,73.85
subbasin,GHA,Ghaghara,subbasin||GHA,,Ganga Basin,Ghaghara,district,Uttar Pradesh||Bahraich,Bahraich,district||Uttar Pradesh||Bahraich,Uttar Pradesh,,,4952.4229,8.16,99.71
subbasin,GHA,Ghaghara,subbasin||GHA,,Ganga Basin,Ghaghara,district,Uttar Pradesh||Ballia,Ballia,district||Uttar Pradesh||Ballia,Uttar Pradesh,,,1802.2994,2.97,60.14
subbasin,GHA,Ghaghara,subbasin||GHA,,Ganga Basin,Ghaghara,district,Uttar Pradesh||Balrampur,Balrampur,district||Uttar Pradesh||Balrampur,Uttar Pradesh,,,3354.6402,5.53,99.41
subbasin,GHA,Ghaghara,subbasin||GHA,,Ganga Basin,Ghaghara,district,Uttar Pradesh||Barabanki,Barabanki,district||Uttar Pradesh||Barabanki,Uttar Pradesh,,,1175.7023,1.94,30.56
subbasin,GHA,Ghaghara,subbasin||GHA,,Ganga Basin,Ghaghara,district,Uttar Pradesh||Basti,Basti,district||Uttar Pradesh||Basti,Uttar Pradesh,,,2794.7753,4.6,100.0
subbasin,GHA,Ghaghara,subbasin||GHA,,Ganga Basin,Ghaghara,district,Uttarakhand||Chamoli,Chamoli,district||Uttarakhand||Chamoli,Uttarakhand,,,6.935,0.01,0.09
subbasin,GHA,Ghaghara,subbasin||GHA,,Ganga Basin,Ghaghara,district,Uttarakhand||Champawat,Champawat,district||Uttarakhand||Champawat,Uttarakhand,,,1695.5929,2.79,96.57
subbasin,GHA,Ghaghara,subbasin||GHA,,Ganga Basin,Ghaghara,district,Uttar Pradesh||Deoria,Deoria,district||Uttar Pradesh||Deoria,Uttar Pradesh,,,2522.7994,4.16,100.0
subbasin,GHA,Ghaghara,subbasin||GHA,,Ganga Basin,Ghaghara,district,Uttar Pradesh||Gonda,Gonda,district||Uttar Pradesh||Gonda,Uttar Pradesh,,,3956.0731,6.52,100.0
subbasin,GHA,Ghaghara,subbasin||GHA,,Ganga Basin,Ghaghara,district,Bihar||Gopalganj,Gopalganj,district||Bihar||Gopalganj,Bihar,,,1225.0916,2.02,60.07
subbasin,GHA,Ghaghara,subbasin||GHA,,Ganga Basin,Ghaghara,district,Uttar Pradesh||Gorakhpur,Gorakhpur,district||Uttar Pradesh||Gorakhpur,Uttar Pradesh,,,3310.1025,5.45,100.0
subbasin,GHA,Ghaghara,subbasin||GHA,,Ganga Basin,Ghaghara,district,Uttar Pradesh||Kheri,Kheri,district||Uttar Pradesh||Kheri,Uttar Pradesh,,,5332.1522,8.78,69.45
subbasin,GHA,Ghaghara,subbasin||GHA,,Ganga Basin,Ghaghara,district,Uttar Pradesh||Kushinagar,Kushinagar,district||Uttar Pradesh||Kushinagar,Uttar Pradesh,,,1970.7901,3.25,68.86
subbasin,GHA,Ghaghara,subbasin||GHA,,Ganga Basin,Ghaghara,district,Uttar Pradesh||Maharajganj,Maharajganj,district||Uttar Pradesh||Maharajganj,Uttar Pradesh,,,2862.2824,4.71,97.42
subbasin,GHA,Ghaghara,subbasin||GHA,,Ganga Basin,Ghaghara,district,Uttar Pradesh||Mau,Mau,district||Uttar Pradesh||Mau,Uttar Pradesh,,,553.6082,0.91,32.08
subbasin,GHA,Ghaghara,subbasin||GHA,,Ganga Basin,Ghaghara,district,Uttarakhand||Nainital,Nainital,district||Uttarakhand||Nainital,Uttarakhand,,,122.5722,0.2,3.06
subbasin,GHA,Ghaghara,subbasin||GHA,,Ganga Basin,Ghaghara,district,Uttar Pradesh||Pilibhit,Pilibhit,district||Uttar Pradesh||Pilibhit,Uttar Pradesh,,,580.4863,0.96,15.38
subbasin,GHA,Ghaghara,subbasin||GHA,,Ganga Basin,Ghaghara,district,Uttarakhand||Pithoragarh,Pithoragarh,district||Uttarakhand||Pithoragarh,Uttarakhand,,,6799.1585,11.2,93.97
subbasin,GHA,Ghaghara,subbasin||GHA,,Ganga Basin,Ghaghara,district,Uttar Pradesh||Santkabirnagar,Santkabirnagar,district||Uttar Pradesh||Santkabirnagar,Uttar Pradesh,,,1634.3058,2.69,100.0
subbasin,GHA,Ghaghara,subbasin||GHA,,Ganga Basin,Ghaghara,district,Bihar||Saran,Saran,district||Bihar||Saran,Bihar,,,184.0555,0.3,6.97
subbasin,GHA,Ghaghara,subbasin||GHA,,Ganga Basin,Ghaghara,district,Uttar Pradesh||Shrawasti,Shrawasti,district||Uttar Pradesh||Shrawasti,Uttar Pradesh,,,1925.1809,3.17,99.48
subbasin,GHA,Ghaghara,subbasin||GHA,,Ganga Basin,Ghaghara,district,Uttar Pradesh||Siddharthnagar,Siddharthnagar,district||Uttar Pradesh||Siddharthnagar,Uttar Pradesh,,,2885.1627,4.75,99.59
subbasin,GHA,Ghaghara,subbasin||GHA,,Ganga Basin,Ghaghara,district,Uttar Pradesh||Sitapur,Sitapur,district||Uttar Pradesh||Sitapur,Uttar Pradesh,,,2452.2408,4.04,42.66
subbasin,GHA,Ghaghara,subbasin||GHA,,Ganga Basin,Ghaghara,district,Bihar||Siwan,Siwan,district||Bihar||Siwan,Bihar,,,1592.443,2.62,72.11
subbasin,GHA,Ghaghara,subbasin||GHA,,Ganga Basin,Ghaghara,district,Uttarakhand||Udham Singh Nagar,Udham Singh Nagar,district||Uttarakhand||Udham Singh Nagar,Uttarakhand,,,125.1951,0.21,4.69
subbasin,GHG,Ghaghara Confluence to Gomti confluence,subbasin||GHG,,Ganga Basin,Ghaghara Confluence to Gomti confluence,district,Uttar Pradesh||Ambedkarnagar,Ambedkarnagar,district||Uttar Pradesh||Ambedkarnagar,Uttar Pradesh,,,1213.0094,4.45,52.13
subbasin,GHG,Ghaghara Confluence to Gomti confluence,subbasin||GHG,,Ganga Basin,Ghaghara Confluence to Gomti confluence,district,Uttar Pradesh||Ayodhya,Ayodhya,district||Uttar Pradesh||Ayodhya,Uttar Pradesh,,,1659.7842,6.08,61.29
subbasin,GHG,Ghaghara Confluence to Gomti confluence,subbasin||GHG,,Ganga Basin,Ghaghara Confluence to Gomti confluence,district,Uttar Pradesh||Azamgarh,Azamgarh,district||Uttar Pradesh||Azamgarh,Uttar Pradesh,,,3421.4082,12.54,81.26
subbasin,GHG,Ghaghara Confluence to Gomti confluence,subbasin||GHG,,Ganga Basin,Ghaghara Confluence to Gomti confluence,district,Uttar Pradesh||Ballia,Ballia,district||Uttar Pradesh||Ballia,Uttar Pradesh,,,1194.4088,4.38,39.86
subbasin,GHG,Ghaghara Confluence to Gomti confluence,subbasin||GHG,,Ganga Basin,Ghaghara Confluence to Gomti confluence,district,Uttar Pradesh||Barabanki,Barabanki,district||Uttar Pradesh||Barabanki,Uttar Pradesh,,,5.5529,0.02,0.14
subbasin,GHG,Ghaghara Confluence to Gomti confluence,subbasin||GHG,,Ganga Basin,Ghaghara Confluence to Gomti confluence,district,Bihar||Bhojpur,Bhojpur,district||Bihar||Bhojpur,Bihar,,,2016.7975,7.39,84.53
subbasin,GHG,Ghaghara Confluence to Gomti confluence,subbasin||GHG,,Ganga Basin,Ghaghara Confluence to Gomti confluence,district,Bihar||Buxar,Buxar,district||Bihar||Buxar,Bihar,,,1712.566,6.28,100.0
subbasin,GHG,Ghaghara Confluence to Gomti confluence,subbasin||GHG,,Ganga Basin,Ghaghara Confluence to Gomti confluence,district,Uttar Pradesh||Chandauli,Chandauli,district||Uttar Pradesh||Chandauli,Uttar Pradesh,,,2526.1326,9.26,98.99
subbasin,GHG,Ghaghara Confluence to Gomti confluence,subbasin||GHG,,Ganga Basin,Ghaghara Confluence to Gomti confluence,district,Uttar Pradesh||Gazipur,Gazipur,district||Uttar Pradesh||Gazipur,Uttar Pradesh,,,3343.4472,12.25,99.0
subbasin,GHG,Ghaghara Confluence to Gomti confluence,subbasin||GHG,,Ganga Basin,Ghaghara Confluence to Gomti confluence,district,Uttar Pradesh||Jaunpur,Jaunpur,district||Uttar Pradesh||Jaunpur,Uttar Pradesh,,,616.937,2.26,15.25
subbasin,GHG,Ghaghara Confluence to Gomti confluence,subbasin||GHG,,Ganga Basin,Ghaghara Confluence to Gomti confluence,district,Bihar||Kaimur,Kaimur,district||Bihar||Kaimur,Bihar,,,3312.5758,12.14,98.3
subbasin,GHG,Ghaghara Confluence to Gomti confluence,subbasin||GHG,,Ganga Basin,Ghaghara Confluence to Gomti confluence,district,Uttar Pradesh||Mau,Mau,district||Uttar Pradesh||Mau,Uttar Pradesh,,,1172.3305,4.3,67.92
subbasin,GHG,Ghaghara Confluence to Gomti confluence,subbasin||GHG,,Ganga Basin,Ghaghara Confluence to Gomti confluence,district,Uttar Pradesh||Mirzapur,Mirzapur,district||Uttar Pradesh||Mirzapur,Uttar Pradesh,,,263.9746,0.97,5.99
subbasin,GHG,Ghaghara Confluence to Gomti confluence,subbasin||GHG,,Ganga Basin,Ghaghara Confluence to Gomti confluence,district,Bihar||Rohtas,Rohtas,district||Bihar||Rohtas,Bihar,,,3005.1667,11.01,78.43
subbasin,GHG,Ghaghara Confluence to Gomti confluence,subbasin||GHG,,Ganga Basin,Ghaghara Confluence to Gomti confluence,district,Bihar||Saran,Saran,district||Bihar||Saran,Bihar,,,26.9269,0.1,1.02
subbasin,GHG,Ghaghara Confluence to Gomti confluence,subbasin||GHG,,Ganga Basin,Ghaghara Confluence to Gomti confluence,district,Uttar Pradesh||Sonbhadra,Sonbhadra,district||Uttar Pradesh||Sonbhadra,Uttar Pradesh,,,610.5442,2.24,8.88
subbasin,GHG,Ghaghara Confluence to Gomti confluence,subbasin||GHG,,Ganga Basin,Ghaghara Confluence to Gomti confluence,district,Uttar Pradesh||Sultanpur,Sultanpur,district||Uttar Pradesh||Sultanpur,Uttar Pradesh,,,986.7301,3.62,37.07
subbasin,GHG,Ghaghara Confluence to Gomti confluence,subbasin||GHG,,Ganga Basin,Ghaghara Confluence to Gomti confluence,district,Uttar Pradesh||Varanasi,Varanasi,district||Uttar Pradesh||Varanasi,Uttar Pradesh,,,187.9243,0.69,12.3
subbasin,GIL,Gilgit,subbasin||GIL,,Indus (Up to border) Basin,Gilgit,district,Ladakh||Leh,Leh,district||Ladakh||Leh,Ladakh,,,26780.4537,99.77,17.4
subbasin,GDL,Godavari Lower,subbasin||GDL,,Godavari Basin,Godavari Lower,district,Chhattisgarh||Bastar,Bastar,district||Chhattisgarh||Bastar,Chhattisgarh,,,1488.92,3.25,27.62
subbasin,GDL,Godavari Lower,subbasin||GDL,,Godavari Basin,Godavari Lower,district,Telangana||Bhadradri Kothagudem,Bhadradri Kothagudem,district||Telangana||Bhadradri Kothagudem,Telangana,,,6043.7274,13.2,87.74
subbasin,GDL,Godavari Lower,subbasin||GDL,,Godavari Basin,Godavari Lower,district,Chhattisgarh||Bijapur,Bijapur,district||Chhattisgarh||Bijapur,Chhattisgarh,,,2684.1384,5.86,29.07
subbasin,GDL,Godavari Lower,subbasin||GDL,,Godavari Basin,Godavari Lower,district,Chhattisgarh||Dakshin Bastar Dantewada,Dakshin Bastar Dantewada,district||Chhattisgarh||Dakshin Bastar Dantewada,Chhattisgarh,,,870.5037,1.9,30.98
subbasin,GDL,Godavari Lower,subbasin||GDL,,Godavari Basin,Godavari Lower,district,Andhra Pradesh||East Godavari,East Godavari,district||Andhra Pradesh||East Godavari,Andhra Pradesh,,,8160.2534,17.82,62.96
subbasin,GDL,Godavari Lower,subbasin||GDL,,Godavari Basin,Godavari Lower,district,Telangana||Jayashankar Bhupalapally,Jayashankar Bhupalapally,district||Telangana||Jayashankar Bhupalapally,Telangana,,,130.4419,0.28,4.56
subbasin,GDL,Godavari Lower,subbasin||GDL,,Godavari Basin,Godavari Lower,district,Telangana||Khammam,Khammam,district||Telangana||Khammam,Telangana,,,217.0886,0.47,4.65
subbasin,GDL,Godavari Lower,subbasin||GDL,,Godavari Basin,Godavari Lower,district,Odisha||Koraput,Koraput,district||Odisha||Koraput,Odisha,,,4596.3087,10.04,54.69
subbasin,GDL,Godavari Lower,subbasin||GDL,,Godavari Basin,Godavari Lower,district,Telangana||Mahabubabad,Mahabubabad,district||Telangana||Mahabubabad,Telangana,,,397.6345,0.87,11.2
subbasin,GDL,Godavari Lower,subbasin||GDL,,Godavari Basin,Godavari Lower,district,Odisha||Malkangiri,Malkangiri,district||Odisha||Malkangiri,Odisha,,,5773.802,12.61,100.0
subbasin,GDL,Godavari Lower,subbasin||GDL,,Godavari Basin,Godavari Lower,district,Telangana||Mulugu,Mulugu,district||Telangana||Mulugu,Telangana,,,3827.9959,8.36,89.35
subbasin,GDL,Godavari Lower,subbasin||GDL,,Godavari Basin,Godavari Lower,district,Chhattisgarh||Sukma,Sukma,district||Chhattisgarh||Sukma,Chhattisgarh,,,5490.7827,11.99,100.0
subbasin,GDL,Godavari Lower,subbasin||GDL,,Godavari Basin,Godavari Lower,district,Andhra Pradesh||Visakhapatnam,Visakhapatnam,district||Andhra Pradesh||Visakhapatnam,Andhra Pradesh,,,3789.534,8.28,32.72
subbasin,GDL,Godavari Lower,subbasin||GDL,,Godavari Basin,Godavari Lower,district,Andhra Pradesh||Vizianagaram,Vizianagaram,district||Andhra Pradesh||Vizianagaram,Andhra Pradesh,,,1.7373,0.0,0.03
subbasin,GDL,Godavari Lower,subbasin||GDL,,Godavari Basin,Godavari Lower,district,Andhra Pradesh||West Godavari,West Godavari,district||Andhra Pradesh||West Godavari,Andhra Pradesh,,,2209.7754,4.83,26.41
subbasin,GDL,Godavari Lower,subbasin||GDL,,Godavari Basin,Godavari Lower,district,Puducherry||Yanam,Yanam,district||Puducherry||Yanam,Puducherry,,,39.104,0.09,100.0
subbasin,GDM,Godavari Middle,subbasin||GDM,,Godavari Basin,Godavari Middle,district,Maharashtra||Ahamadnagar,Ahamadnagar,district||Maharashtra||Ahamadnagar,Maharashtra,,,625.7166,1.67,3.66
subbasin,GDM,Godavari Middle,subbasin||GDM,,Godavari Basin,Godavari Middle,district,Maharashtra||Aurangabad,Aurangabad,district||Maharashtra||Aurangabad,Maharashtra,,,4155.0469,11.08,41.07
subbasin,GDM,Godavari Middle,subbasin||GDM,,Godavari Basin,Godavari Middle,district,Maharashtra||Bid,Bid,district||Maharashtra||Bid,Maharashtra,,,6838.4027,18.23,64.34
subbasin,GDM,Godavari Middle,subbasin||GDM,,Godavari Basin,Godavari Middle,district,Maharashtra||Buldhana,Buldhana,district||Maharashtra||Buldhana,Maharashtra,,,1906.6878,5.08,19.63
subbasin,GDM,Godavari Middle,subbasin||GDM,,Godavari Basin,Godavari Middle,district,Maharashtra||Hingoli,Hingoli,district||Maharashtra||Hingoli,Maharashtra,,,2003.7486,5.34,42.47
subbasin,GDM,Godavari Middle,subbasin||GDM,,Godavari Basin,Godavari Middle,district,Maharashtra||Jalna,Jalna,district||Maharashtra||Jalna,Maharashtra,,,7655.6161,20.41,99.72
subbasin,GDM,Godavari Middle,subbasin||GDM,,Godavari Basin,Godavari Middle,district,Telangana||Kamareddy,Kamareddy,district||Telangana||Kamareddy,Telangana,,,38.3563,0.1,1.02
subbasin,GDM,Godavari Middle,subbasin||GDM,,Godavari Basin,Godavari Middle,district,Maharashtra||Latur,Latur,district||Maharashtra||Latur,Maharashtra,,,61.2179,0.16,0.85
subbasin,GDM,Godavari Middle,subbasin||GDM,,Godavari Basin,Godavari Middle,district,Maharashtra||Nanded,Nanded,district||Maharashtra||Nanded,Maharashtra,,,4216.9033,11.24,39.98
subbasin,GDM,Godavari Middle,subbasin||GDM,,Godavari Basin,Godavari Middle,district,Telangana||Nirmal,Nirmal,district||Telangana||Nirmal,Telangana,,,1595.5344,4.25,43.07
subbasin,GDM,Godavari Middle,subbasin||GDM,,Godavari Basin,Godavari Middle,district,Telangana||Nizamabad,Nizamabad,district||Telangana||Nizamabad,Telangana,,,2006.4161,5.35,47.72
subbasin,GDM,Godavari Middle,subbasin||GDM,,Godavari Basin,Godavari Middle,district,Maharashtra||Parbhani,Parbhani,district||Maharashtra||Parbhani,Maharashtra,,,6314.9769,16.84,99.99
subbasin,GDM,Godavari Middle,subbasin||GDM,,Godavari Basin,Godavari Middle,district,Maharashtra||Washim,Washim,district||Maharashtra||Washim,Maharashtra,,,78.7018,0.21,1.53
subbasin,GDU,Godavari Upper,subbasin||GDU,,Godavari Basin,Godavari Upper,district,Maharashtra||Ahamadnagar,Ahamadnagar,district||Maharashtra||Ahamadnagar,Maharashtra,,,10065.9628,45.38,58.88
subbasin,GDU,Godavari Upper,subbasin||GDU,,Godavari Basin,Godavari Upper,district,Maharashtra||Aurangabad,Aurangabad,district||Maharashtra||Aurangabad,Maharashtra,,,4796.9316,21.63,47.42
subbasin,GDU,Godavari Upper,subbasin||GDU,,Godavari Basin,Godavari Upper,district,Maharashtra||Bid,Bid,district||Maharashtra||Bid,Maharashtra,,,12.9411,0.06,0.12
subbasin,GDU,Godavari Upper,subbasin||GDU,,Godavari Basin,Godavari Upper,district,Maharashtra||Jalgaon,Jalgaon,district||Maharashtra||Jalgaon,Maharashtra,,,26.7334,0.12,0.23
subbasin,GDU,Godavari Upper,subbasin||GDU,,Godavari Basin,Godavari Upper,district,Maharashtra||Nashik,Nashik,district||Maharashtra||Nashik,Maharashtra,,,7198.0526,32.45,46.39
subbasin,GDU,Godavari Upper,subbasin||GDU,,Godavari Basin,Godavari Upper,district,Maharashtra||Pune,Pune,district||Maharashtra||Pune,Maharashtra,,,86.7694,0.39,0.55
subbasin,GDU,Godavari Upper,subbasin||GDU,,Godavari Basin,Godavari Upper,district,Maharashtra||Thane,Thane,district||Maharashtra||Thane,Maharashtra,,,4.6454,0.02,0.11
subbasin,GOM,Gomti,subbasin||GOM,,Ganga Basin,Gomti,district,Uttar Pradesh||Amethi,Amethi,district||Uttar Pradesh||Amethi,Uttar Pradesh,,,2422.7787,7.82,100.0
subbasin,GOM,Gomti,subbasin||GOM,,Ganga Basin,Gomti,district,Uttar Pradesh||Ayodhya,Ayodhya,district||Uttar Pradesh||Ayodhya,Uttar Pradesh,,,426.1228,1.38,15.74
subbasin,GOM,Gomti,subbasin||GOM,,Ganga Basin,Gomti,district,Uttar Pradesh||Azamgarh,Azamgarh,district||Uttar Pradesh||Azamgarh,Uttar Pradesh,,,0.7669,0.0,0.02
subbasin,GOM,Gomti,subbasin||GOM,,Ganga Basin,Gomti,district,Uttar Pradesh||Barabanki,Barabanki,district||Uttar Pradesh||Barabanki,Uttar Pradesh,,,2665.4848,8.6,69.29
subbasin,GOM,Gomti,subbasin||GOM,,Ganga Basin,Gomti,district,Uttar Pradesh||Gazipur,Gazipur,district||Uttar Pradesh||Gazipur,Uttar Pradesh,,,33.8105,0.11,1.0
subbasin,GOM,Gomti,subbasin||GOM,,Ganga Basin,Gomti,district,Uttar Pradesh||Hardoi,Hardoi,district||Uttar Pradesh||Hardoi,Uttar Pradesh,,,3628.3111,11.71,60.49
subbasin,GOM,Gomti,subbasin||GOM,,Ganga Basin,Gomti,district,Uttar Pradesh||Jaunpur,Jaunpur,district||Uttar Pradesh||Jaunpur,Uttar Pradesh,,,2242.3214,7.24,55.44
subbasin,GOM,Gomti,subbasin||GOM,,Ganga Basin,Gomti,district,Uttar Pradesh||Kheri,Kheri,district||Uttar Pradesh||Kheri,Uttar Pradesh,,,2229.794,7.2,29.04
subbasin,GOM,Gomti,subbasin||GOM,,Ganga Basin,Gomti,district,Uttar Pradesh||Lucknow,Lucknow,district||Uttar Pradesh||Lucknow,Uttar Pradesh,,,2527.1949,8.16,100.0
subbasin,GOM,Gomti,subbasin||GOM,,Ganga Basin,Gomti,district,Uttar Pradesh||Pilibhit,Pilibhit,district||Uttar Pradesh||Pilibhit,Uttar Pradesh,,,784.4989,2.53,20.79
subbasin,GOM,Gomti,subbasin||GOM,,Ganga Basin,Gomti,district,Uttar Pradesh||Pratapgarh,Pratapgarh,district||Uttar Pradesh||Pratapgarh,Uttar Pradesh,,,2984.1013,9.63,80.29
subbasin,GOM,Gomti,subbasin||GOM,,Ganga Basin,Gomti,district,Uttar Pradesh||Prayagraj,Prayagraj,district||Uttar Pradesh||Prayagraj,Uttar Pradesh,,,30.9548,0.1,0.57
subbasin,GOM,Gomti,subbasin||GOM,,Ganga Basin,Gomti,district,Uttar Pradesh||Raibeareli,Raibeareli,district||Uttar Pradesh||Raibeareli,Uttar Pradesh,,,2978.2522,9.61,75.89
subbasin,GOM,Gomti,subbasin||GOM,,Ganga Basin,Gomti,district,Uttar Pradesh||Shahjahanpur,Shahjahanpur,district||Uttar Pradesh||Shahjahanpur,Uttar Pradesh,,,732.7828,2.37,17.0
subbasin,GOM,Gomti,subbasin||GOM,,Ganga Basin,Gomti,district,Uttar Pradesh||Sitapur,Sitapur,district||Uttar Pradesh||Sitapur,Uttar Pradesh,,,3295.9231,10.64,57.34
subbasin,GOM,Gomti,subbasin||GOM,,Ganga Basin,Gomti,district,Uttar Pradesh||Sultanpur,Sultanpur,district||Uttar Pradesh||Sultanpur,Uttar Pradesh,,,1675.3095,5.41,62.93
subbasin,GOM,Gomti,subbasin||GOM,,Ganga Basin,Gomti,district,Uttar Pradesh||Unnao,Unnao,district||Uttar Pradesh||Unnao,Uttar Pradesh,,,1848.4393,5.97,40.49
subbasin,GOM,Gomti,subbasin||GOM,,Ganga Basin,Gomti,district,Uttar Pradesh||Varanasi,Varanasi,district||Uttar Pradesh||Varanasi,Uttar Pradesh,,,468.5818,1.51,30.68
subbasin,IMP,Imphal and others,subbasin||IMP,,Minor rivers draining into Myanmar Basin,Imphal and others,district,Manipur||Bishnupur,Bishnupur,district||Manipur||Bishnupur,Manipur,,,487.6981,2.8,100.0
subbasin,IMP,Imphal and others,subbasin||IMP,,Minor rivers draining into Myanmar Basin,Imphal and others,district,Manipur||Chandel,Chandel,district||Manipur||Chandel,Manipur,,,1967.7635,11.3,98.82
subbasin,IMP,Imphal and others,subbasin||IMP,,Minor rivers draining into Myanmar Basin,Imphal and others,district,Manipur||Churachandpur,Churachandpur,district||Manipur||Churachandpur,Manipur,,,923.5932,5.3,38.09
subbasin,IMP,Imphal and others,subbasin||IMP,,Minor rivers draining into Myanmar Basin,Imphal and others,district,Manipur||Imphal East,Imphal East,district||Manipur||Imphal East,Manipur,,,424.805,2.44,100.0
subbasin,IMP,Imphal and others,subbasin||IMP,,Minor rivers draining into Myanmar Basin,Imphal and others,district,Manipur||Imphal West,Imphal West,district||Manipur||Imphal West,Manipur,,,481.8953,2.77,100.0
subbasin,IMP,Imphal and others,subbasin||IMP,,Minor rivers draining into Myanmar Basin,Imphal and others,district,Manipur||Kakching,Kakching,district||Manipur||Kakching,Manipur,,,317.197,1.82,100.0
subbasin,IMP,Imphal and others,subbasin||IMP,,Minor rivers draining into Myanmar Basin,Imphal and others,district,Manipur||Kamjong,Kamjong,district||Manipur||Kamjong,Manipur,,,2364.9524,13.58,99.49
subbasin,IMP,Imphal and others,subbasin||IMP,,Minor rivers draining into Myanmar Basin,Imphal and others,district,Manipur||Kangpokpi,Kangpokpi,district||Manipur||Kangpokpi,Manipur,,,1184.0784,6.8,68.21
subbasin,IMP,Imphal and others,subbasin||IMP,,Minor rivers draining into Myanmar Basin,Imphal and others,district,Nagaland||Kiphire,Kiphire,district||Nagaland||Kiphire,Nagaland,,,1133.1273,6.51,99.77
subbasin,IMP,Imphal and others,subbasin||IMP,,Minor rivers draining into Myanmar Basin,Imphal and others,district,Nagaland||Mon,Mon,district||Nagaland||Mon,Nagaland,,,47.6082,0.27,2.18
subbasin,IMP,Imphal and others,subbasin||IMP,,Minor rivers draining into Myanmar Basin,Imphal and others,district,Nagaland||Phek,Phek,district||Nagaland||Phek,Nagaland,,,1546.4689,8.88,82.45
subbasin,IMP,Imphal and others,subbasin||IMP,,Minor rivers draining into Myanmar Basin,Imphal and others,district,Manipur||Senapati,Senapati,district||Manipur||Senapati,Manipur,,,634.9197,3.65,36.42
subbasin,IMP,Imphal and others,subbasin||IMP,,Minor rivers draining into Myanmar Basin,Imphal and others,district,Manipur||Tamenglong,Tamenglong,district||Manipur||Tamenglong,Manipur,,,0.8452,0.0,0.03
subbasin,IMP,Imphal and others,subbasin||IMP,,Minor rivers draining into Myanmar Basin,Imphal and others,district,Manipur||Tengnoupal,Tengnoupal,district||Manipur||Tengnoupal,Manipur,,,1219.297,7.0,99.57
subbasin,IMP,Imphal and others,subbasin||IMP,,Minor rivers draining into Myanmar Basin,Imphal and others,district,Manipur||Thoubal,Thoubal,district||Manipur||Thoubal,Manipur,,,391.6714,2.25,100.0
subbasin,IMP,Imphal and others,subbasin||IMP,,Minor rivers draining into Myanmar Basin,Imphal and others,district,Nagaland||Tuensang,Tuensang,district||Nagaland||Tuensang,Nagaland,,,1470.0957,8.44,69.19
subbasin,IMP,Imphal and others,subbasin||IMP,,Minor rivers draining into Myanmar Basin,Imphal and others,district,Manipur||Ukhrul,Ukhrul,district||Manipur||Ukhrul,Manipur,,,2092.5352,12.01,99.98
subbasin,IMP,Imphal and others,subbasin||IMP,,Minor rivers draining into Myanmar Basin,Imphal and others,district,Nagaland||Zunheboto,Zunheboto,district||Nagaland||Zunheboto,Nagaland,,,606.0822,3.48,38.7
subbasin,IND,Indravati,subbasin||IND,,Godavari Basin,Indravati,district,Chhattisgarh||Balod,Balod,district||Chhattisgarh||Balod,Chhattisgarh,,,9.6618,0.02,0.29
subbasin,IND,Indravati,subbasin||IND,,Godavari Basin,Indravati,district,Chhattisgarh||Bastar,Bastar,district||Chhattisgarh||Bastar,Chhattisgarh,,,3901.3996,9.85,72.38
subbasin,IND,Indravati,subbasin||IND,,Godavari Basin,Indravati,district,Chhattisgarh||Bijapur,Bijapur,district||Chhattisgarh||Bijapur,Chhattisgarh,,,6330.4693,15.99,68.57
subbasin,IND,Indravati,subbasin||IND,,Godavari Basin,Indravati,district,Chhattisgarh||Dakshin Bastar Dantewada,Dakshin Bastar Dantewada,district||Chhattisgarh||Dakshin Bastar Dantewada,Chhattisgarh,,,1939.3677,4.9,69.02
subbasin,IND,Indravati,subbasin||IND,,Godavari Basin,Indravati,district,Chhattisgarh||Dhamtari,Dhamtari,district||Chhattisgarh||Dhamtari,Chhattisgarh,,,13.2433,0.03,0.32
subbasin,IND,Indravati,subbasin||IND,,Godavari Basin,Indravati,district,Maharashtra||Gadchiroli,Gadchiroli,district||Maharashtra||Gadchiroli,Maharashtra,,,5215.5822,13.17,35.95
subbasin,IND,Indravati,subbasin||IND,,Godavari Basin,Indravati,district,Odisha||Kalahandi,Kalahandi,district||Odisha||Kalahandi,Odisha,,,435.7134,1.1,5.51
subbasin,IND,Indravati,subbasin||IND,,Godavari Basin,Indravati,district,Chhattisgarh||Kondagaon,Kondagaon,district||Chhattisgarh||Kondagaon,Chhattisgarh,,,4719.8015,11.92,92.81
subbasin,IND,Indravati,subbasin||IND,,Godavari Basin,Indravati,district,Odisha||Koraput,Koraput,district||Odisha||Koraput,Odisha,,,2302.6555,5.82,27.4
subbasin,IND,Indravati,subbasin||IND,,Godavari Basin,Indravati,district,Telangana||Mulugu,Mulugu,district||Telangana||Mulugu,Telangana,,,2.5441,0.01,0.06
subbasin,IND,Indravati,subbasin||IND,,Godavari Basin,Indravati,district,Odisha||Nabarangapur,Nabarangapur,district||Odisha||Nabarangapur,Odisha,,,3739.828,9.45,68.59
subbasin,IND,Indravati,subbasin||IND,,Godavari Basin,Indravati,district,Chhattisgarh||Narainpur,Narainpur,district||Chhattisgarh||Narainpur,Chhattisgarh,,,3914.7985,9.89,100.0
subbasin,IND,Indravati,subbasin||IND,,Godavari Basin,Indravati,district,Chhattisgarh||Raj Nandgaon,Raj Nandgaon,district||Chhattisgarh||Raj Nandgaon,Chhattisgarh,,,1318.9917,3.33,16.38
subbasin,IND,Indravati,subbasin||IND,,Godavari Basin,Indravati,district,Odisha||Rayagarha,Rayagarha,district||Odisha||Rayagarha,Odisha,,,903.0084,2.28,12.33
subbasin,IND,Indravati,subbasin||IND,,Godavari Basin,Indravati,district,Chhattisgarh||Uttar Bastar Kanker,Uttar Bastar Kanker,district||Chhattisgarh||Uttar Bastar Kanker,Chhattisgarh,,,4854.4558,12.26,67.35
subbasin,JHE,Jhelum,subbasin||JHE,,Indus (Up to border) Basin,Jhelum,district,Jammu And Kashmir||Anantnag,Anantnag,district||Jammu And Kashmir||Anantnag,Jammu And Kashmir,,,2708.8637,9.21,99.13
subbasin,JHE,Jhelum,subbasin||JHE,,Indus (Up to border) Basin,Jhelum,district,Jammu And Kashmir||Badgam,Badgam,district||Jammu And Kashmir||Badgam,Jammu And Kashmir,,,1248.3649,4.24,100.0
subbasin,JHE,Jhelum,subbasin||JHE,,Indus (Up to border) Basin,Jhelum,district,Jammu And Kashmir||Bandipura,Bandipura,district||Jammu And Kashmir||Bandipura,Jammu And Kashmir,,,3958.6022,13.46,97.98
subbasin,JHE,Jhelum,subbasin||JHE,,Indus (Up to border) Basin,Jhelum,district,Jammu And Kashmir||Baramula,Baramula,district||Jammu And Kashmir||Baramula,Jammu And Kashmir,,,2070.3445,7.04,100.0
subbasin,JHE,Jhelum,subbasin||JHE,,Indus (Up to border) Basin,Jhelum,district,Jammu And Kashmir||Doda,Doda,district||Jammu And Kashmir||Doda,Jammu And Kashmir,,,0.113,0.0,0.0
subbasin,JHE,Jhelum,subbasin||JHE,,Indus (Up to border) Basin,Jhelum,district,Jammu And Kashmir||Ganderbal,Ganderbal,district||Jammu And Kashmir||Ganderbal,Jammu And Kashmir,,,1602.1436,5.45,99.93
subbasin,JHE,Jhelum,subbasin||JHE,,Indus (Up to border) Basin,Jhelum,district,Ladakh||Kargil,Kargil,district||Ladakh||Kargil,Ladakh,,,8.6598,0.03,0.06
subbasin,JHE,Jhelum,subbasin||JHE,,Indus (Up to border) Basin,Jhelum,district,Jammu And Kashmir||Kishtwar,Kishtwar,district||Jammu And Kashmir||Kishtwar,Jammu And Kashmir,,,10.0799,0.03,0.12
subbasin,JHE,Jhelum,subbasin||JHE,,Indus (Up to border) Basin,Jhelum,district,Jammu And Kashmir||Kulgam,Kulgam,district||Jammu And Kashmir||Kulgam,Jammu And Kashmir,,,1258.5595,4.28,99.15
subbasin,JHE,Jhelum,subbasin||JHE,,Indus (Up to border) Basin,Jhelum,district,Jammu And Kashmir||Kupwara,Kupwara,district||Jammu And Kashmir||Kupwara,Jammu And Kashmir,,,2741.2565,9.32,100.0
subbasin,JHE,Jhelum,subbasin||JHE,,Indus (Up to border) Basin,Jhelum,district,Ladakh||Leh,Leh,district||Ladakh||Leh,Ladakh,,,17.8697,0.06,0.01
subbasin,JHE,Jhelum,subbasin||JHE,,Indus (Up to border) Basin,Jhelum,district,Jammu And Kashmir||Mirpur,Mirpur,district||Jammu And Kashmir||Mirpur,Jammu And Kashmir,,,2819.1639,9.58,77.84
subbasin,JHE,Jhelum,subbasin||JHE,,Indus (Up to border) Basin,Jhelum,district,Jammu And Kashmir||Muzaffarabad,Muzaffarabad,district||Jammu And Kashmir||Muzaffarabad,Jammu And Kashmir,,,4742.7433,16.13,98.67
subbasin,JHE,Jhelum,subbasin||JHE,,Indus (Up to border) Basin,Jhelum,district,Jammu And Kashmir||Pulwama,Pulwama,district||Jammu And Kashmir||Pulwama,Jammu And Kashmir,,,908.4408,3.09,100.0
subbasin,JHE,Jhelum,subbasin||JHE,,Indus (Up to border) Basin,Jhelum,district,Jammu And Kashmir||Punch,Punch,district||Jammu And Kashmir||Punch,Jammu And Kashmir,,,4229.0295,14.38,99.31
subbasin,JHE,Jhelum,subbasin||JHE,,Indus (Up to border) Basin,Jhelum,district,Jammu And Kashmir||Rajauri,Rajauri,district||Jammu And Kashmir||Rajauri,Jammu And Kashmir,,,147.0151,0.5,5.61
subbasin,JHE,Jhelum,subbasin||JHE,,Indus (Up to border) Basin,Jhelum,district,Jammu And Kashmir||Ramban,Ramban,district||Jammu And Kashmir||Ramban,Jammu And Kashmir,,,0.588,0.0,0.05
subbasin,JHE,Jhelum,subbasin||JHE,,Indus (Up to border) Basin,Jhelum,district,Jammu And Kashmir||Riasi,Riasi,district||Jammu And Kashmir||Riasi,Jammu And Kashmir,,,19.7469,0.07,1.02
subbasin,JHE,Jhelum,subbasin||JHE,,Indus (Up to border) Basin,Jhelum,district,Jammu And Kashmir||Shupiyan,Shupiyan,district||Jammu And Kashmir||Shupiyan,Jammu And Kashmir,,,504.9745,1.72,100.0
subbasin,JHE,Jhelum,subbasin||JHE,,Indus (Up to border) Basin,Jhelum,district,Jammu And Kashmir||Srinagar,Srinagar,district||Jammu And Kashmir||Srinagar,Jammu And Kashmir,,,290.3936,0.99,100.0
subbasin,KAS,Kali Sindh and others up to Confluence with Parbati,subbasin||KAS,,Ganga Basin,Kali Sindh and others up to Confluence with Parbati,district,Madhya Pradesh||Agar Malwa,Agar Malwa,district||Madhya Pradesh||Agar Malwa,Madhya Pradesh,,,2086.6555,4.14,77.13
subbasin,KAS,Kali Sindh and others up to Confluence with Parbati,subbasin||KAS,,Ganga Basin,Kali Sindh and others up to Confluence with Parbati,district,Rajasthan||Baran,Baran,district||Rajasthan||Baran,Rajasthan,,,6220.4161,12.34,89.05
subbasin,KAS,Kali Sindh and others up to Confluence with Parbati,subbasin||KAS,,Ganga Basin,Kali Sindh and others up to Confluence with Parbati,district,Rajasthan||Bhilwara,Bhilwara,district||Rajasthan||Bhilwara,Rajasthan,,,1024.7077,2.03,9.78
subbasin,KAS,Kali Sindh and others up to Confluence with Parbati,subbasin||KAS,,Ganga Basin,Kali Sindh and others up to Confluence with Parbati,district,Madhya Pradesh||Bhopal,Bhopal,district||Madhya Pradesh||Bhopal,Madhya Pradesh,,,584.0475,1.16,21.02
subbasin,KAS,Kali Sindh and others up to Confluence with Parbati,subbasin||KAS,,Ganga Basin,Kali Sindh and others up to Confluence with Parbati,district,Rajasthan||Bundi,Bundi,district||Rajasthan||Bundi,Rajasthan,,,5617.6818,11.14,97.05
subbasin,KAS,Kali Sindh and others up to Confluence with Parbati,subbasin||KAS,,Ganga Basin,Kali Sindh and others up to Confluence with Parbati,district,Rajasthan||Chittaurgarh,Chittaurgarh,district||Rajasthan||Chittaurgarh,Rajasthan,,,225.818,0.45,2.91
subbasin,KAS,Kali Sindh and others up to Confluence with Parbati,subbasin||KAS,,Ganga Basin,Kali Sindh and others up to Confluence with Parbati,district,Madhya Pradesh||Dewas,Dewas,district||Madhya Pradesh||Dewas,Madhya Pradesh,,,2032.5696,4.03,29.02
subbasin,KAS,Kali Sindh and others up to Confluence with Parbati,subbasin||KAS,,Ganga Basin,Kali Sindh and others up to Confluence with Parbati,district,Disputed (Madhya Pradesh & Rajasthan)||Disputed (Baran & Sheopur,Disputed (Baran & Sheopur,district||Disputed (Madhya Pradesh & Rajasthan)||Disputed (Baran & Sheopur,Disputed (Madhya Pradesh & Rajasthan),,,5.3164,0.01,100.0
subbasin,KAS,Kali Sindh and others up to Confluence with Parbati,subbasin||KAS,,Ganga Basin,Kali Sindh and others up to Confluence with Parbati,district,Disputed (Madhya Pradesh & Rajasthan)||Disputed (Mandsaur & Jhalawar),Disputed (Mandsaur & Jhalawar),district||Disputed (Madhya Pradesh & Rajasthan)||Disputed (Mandsaur & Jhalawar),Disputed (Madhya Pradesh & Rajasthan),,,2.7302,0.01,94.73
subbasin,KAS,Kali Sindh and others up to Confluence with Parbati,subbasin||KAS,,Ganga Basin,Kali Sindh and others up to Confluence with Parbati,district,Disputed (Madhya Pradesh & Rajasthan)||Disputed (Nimach & Chittaurgarh ),Disputed (Nimach & Chittaurgarh ),district||Disputed (Madhya Pradesh & Rajasthan)||Disputed (Nimach & Chittaurgarh ),Disputed (Madhya Pradesh & Rajasthan),,,0.0274,0.0,1.18
subbasin,KAS,Kali Sindh and others up to Confluence with Parbati,subbasin||KAS,,Ganga Basin,Kali Sindh and others up to Confluence with Parbati,district,Madhya Pradesh||Guna,Guna,district||Madhya Pradesh||Guna,Madhya Pradesh,,,4621.4114,9.17,72.5
subbasin,KAS,Kali Sindh and others up to Confluence with Parbati,subbasin||KAS,,Ganga Basin,Kali Sindh and others up to Confluence with Parbati,district,Madhya Pradesh||Indore,Indore,district||Madhya Pradesh||Indore,Madhya Pradesh,,,1.3358,0.0,0.03
subbasin,KAS,Kali Sindh and others up to Confluence with Parbati,subbasin||KAS,,Ganga Basin,Kali Sindh and others up to Confluence with Parbati,district,Rajasthan||Jhalawar,Jhalawar,district||Rajasthan||Jhalawar,Rajasthan,,,5707.7592,11.32,89.69
subbasin,KAS,Kali Sindh and others up to Confluence with Parbati,subbasin||KAS,,Ganga Basin,Kali Sindh and others up to Confluence with Parbati,district,Rajasthan||Kota,Kota,district||Rajasthan||Kota,Rajasthan,,,5107.7266,10.13,100.0
subbasin,KAS,Kali Sindh and others up to Confluence with Parbati,subbasin||KAS,,Ganga Basin,Kali Sindh and others up to Confluence with Parbati,district,Madhya Pradesh||Mandsaur,Mandsaur,district||Madhya Pradesh||Mandsaur,Madhya Pradesh,,,955.9423,1.9,17.33
subbasin,KAS,Kali Sindh and others up to Confluence with Parbati,subbasin||KAS,,Ganga Basin,Kali Sindh and others up to Confluence with Parbati,district,Madhya Pradesh||Nimach,Nimach,district||Madhya Pradesh||Nimach,Madhya Pradesh,,,0.0491,0.0,0.0
subbasin,KAS,Kali Sindh and others up to Confluence with Parbati,subbasin||KAS,,Ganga Basin,Kali Sindh and others up to Confluence with Parbati,district,Madhya Pradesh||Rajgarh,Rajgarh,district||Madhya Pradesh||Rajgarh,Madhya Pradesh,,,6196.2561,12.29,100.0
subbasin,KAS,Kali Sindh and others up to Confluence with Parbati,subbasin||KAS,,Ganga Basin,Kali Sindh and others up to Confluence with Parbati,district,Rajasthan||Sawai Madhopur,Sawai Madhopur,district||Rajasthan||Sawai Madhopur,Rajasthan,,,775.3084,1.54,15.38
subbasin,KAS,Kali Sindh and others up to Confluence with Parbati,subbasin||KAS,,Ganga Basin,Kali Sindh and others up to Confluence with Parbati,district,Madhya Pradesh||Sehore,Sehore,district||Madhya Pradesh||Sehore,Madhya Pradesh,,,3111.9073,6.17,47.48
subbasin,KAS,Kali Sindh and others up to Confluence with Parbati,subbasin||KAS,,Ganga Basin,Kali Sindh and others up to Confluence with Parbati,district,Madhya Pradesh||Shajapur,Shajapur,district||Madhya Pradesh||Shajapur,Madhya Pradesh,,,3445.4952,6.83,99.87
subbasin,KAS,Kali Sindh and others up to Confluence with Parbati,subbasin||KAS,,Ganga Basin,Kali Sindh and others up to Confluence with Parbati,district,Madhya Pradesh||Sheopur,Sheopur,district||Madhya Pradesh||Sheopur,Madhya Pradesh,,,1443.6913,2.86,21.89
subbasin,KAS,Kali Sindh and others up to Confluence with Parbati,subbasin||KAS,,Ganga Basin,Kali Sindh and others up to Confluence with Parbati,district,Madhya Pradesh||Shivpuri,Shivpuri,district||Madhya Pradesh||Shivpuri,Madhya Pradesh,,,47.5571,0.09,0.46
subbasin,KAS,Kali Sindh and others up to Confluence with Parbati,subbasin||KAS,,Ganga Basin,Kali Sindh and others up to Confluence with Parbati,district,Rajasthan||Tonk,Tonk,district||Rajasthan||Tonk,Rajasthan,,,423.5606,0.84,5.9
subbasin,KAS,Kali Sindh and others up to Confluence with Parbati,subbasin||KAS,,Ganga Basin,Kali Sindh and others up to Confluence with Parbati,district,Madhya Pradesh||Ujjain,Ujjain,district||Madhya Pradesh||Ujjain,Madhya Pradesh,,,393.4118,0.78,6.46
subbasin,KAS,Kali Sindh and others up to Confluence with Parbati,subbasin||KAS,,Ganga Basin,Kali Sindh and others up to Confluence with Parbati,district,Madhya Pradesh||Vidisha,Vidisha,district||Madhya Pradesh||Vidisha,Madhya Pradesh,,,375.8266,0.75,5.13
subbasin,KPO,Karnaphuli and Others,subbasin||KPO,,Minor rivers draining into Bangladesh Basin,Karnaphuli and Others,district,Mizoram||Lawngtlai,Lawngtlai,district||Mizoram||Lawngtlai,Mizoram,,,1078.276,27.46,44.37
subbasin,KPO,Karnaphuli and Others,subbasin||KPO,,Minor rivers draining into Bangladesh Basin,Karnaphuli and Others,district,Mizoram||Lunglei,Lunglei,district||Mizoram||Lunglei,Mizoram,,,2047.6038,52.15,45.04
subbasin,KPO,Karnaphuli and Others,subbasin||KPO,,Minor rivers draining into Bangladesh Basin,Karnaphuli and Others,district,Mizoram||Mamit,Mamit,district||Mizoram||Mamit,Mizoram,,,770.6461,19.63,24.97
subbasin,KPO,Karnaphuli and Others,subbasin||KPO,,Minor rivers draining into Bangladesh Basin,Karnaphuli and Others,district,Tripura||North Tripura,North Tripura,district||Tripura||North Tripura,Tripura,,,5.8511,0.15,0.44
subbasin,KOS,Kosi,subbasin||KOS,,Ganga Basin,Kosi,district,Bihar||Araria,Araria,district||Bihar||Araria,Bihar,,,49.3206,0.26,1.77
subbasin,KOS,Kosi,subbasin||KOS,,Ganga Basin,Kosi,district,Bihar||Begusarai,Begusarai,district||Bihar||Begusarai,Bihar,,,44.989,0.24,2.34
subbasin,KOS,Kosi,subbasin||KOS,,Ganga Basin,Kosi,district,Bihar||Bhagalpur,Bhagalpur,district||Bihar||Bhagalpur,Bihar,,,354.0661,1.85,13.93
subbasin,KOS,Kosi,subbasin||KOS,,Ganga Basin,Kosi,district,Bihar||Darbhanga,Darbhanga,district||Bihar||Darbhanga,Bihar,,,2507.923,13.11,99.75
subbasin,KOS,Kosi,subbasin||KOS,,Ganga Basin,Kosi,district,Bihar||Katihar,Katihar,district||Bihar||Katihar,Bihar,,,62.4315,0.33,2.06
subbasin,KOS,Kosi,subbasin||KOS,,Ganga Basin,Kosi,district,Bihar||Khagaria,Khagaria,district||Bihar||Khagaria,Bihar,,,923.6022,4.83,61.1
subbasin,KOS,Kosi,subbasin||KOS,,Ganga Basin,Kosi,district,Bihar||Madhepura,Madhepura,district||Bihar||Madhepura,Bihar,,,1802.0611,9.42,99.75
subbasin,KOS,Kosi,subbasin||KOS,,Ganga Basin,Kosi,district,Bihar||Madhubani,Madhubani,district||Bihar||Madhubani,Bihar,,,3479.8733,18.2,99.75
subbasin,KOS,Kosi,subbasin||KOS,,Ganga Basin,Kosi,district,Bihar||Muzaffarpur,Muzaffarpur,district||Bihar||Muzaffarpur,Bihar,,,962.4941,5.03,30.3
subbasin,KOS,Kosi,subbasin||KOS,,Ganga Basin,Kosi,district,Bihar||Purbi Champaran,Purbi Champaran,district||Bihar||Purbi Champaran,Bihar,,,516.0642,2.7,13.06
subbasin,KOS,Kosi,subbasin||KOS,,Ganga Basin,Kosi,district,Bihar||Purnia,Purnia,district||Bihar||Purnia,Bihar,,,1026.6294,5.37,31.74
subbasin,KOS,Kosi,subbasin||KOS,,Ganga Basin,Kosi,district,Bihar||Saharsa,Saharsa,district||Bihar||Saharsa,Bihar,,,1675.6664,8.76,100.0
subbasin,KOS,Kosi,subbasin||KOS,,Ganga Basin,Kosi,district,Bihar||Samastipur,Samastipur,district||Bihar||Samastipur,Bihar,,,676.7647,3.54,25.44
subbasin,KOS,Kosi,subbasin||KOS,,Ganga Basin,Kosi,district,Bihar||Sheohar,Sheohar,district||Bihar||Sheohar,Bihar,,,439.7389,2.3,100.0
subbasin,KOS,Kosi,subbasin||KOS,,Ganga Basin,Kosi,district,Bihar||Sitamarhi,Sitamarhi,district||Bihar||Sitamarhi,Bihar,,,2178.4938,11.39,99.12
subbasin,KOS,Kosi,subbasin||KOS,,Ganga Basin,Kosi,district,Bihar||Supaul,Supaul,district||Bihar||Supaul,Bihar,,,2370.4938,12.39,98.19
subbasin,KRL,Krishna Lower,subbasin||KRL,,Krishna Basin,Krishna Lower,district,Telangana||Bhadradri Kothagudem,Bhadradri Kothagudem,district||Telangana||Bhadradri Kothagudem,Telangana,,,335.8706,0.83,4.88
subbasin,KRL,Krishna Lower,subbasin||KRL,,Krishna Basin,Krishna Lower,district,Andhra Pradesh||Guntur,Guntur,district||Andhra Pradesh||Guntur,Andhra Pradesh,,,6228.8267,15.38,54.7
subbasin,KRL,Krishna Lower,subbasin||KRL,,Krishna Basin,Krishna Lower,district,Telangana||Hyderabad,Hyderabad,district||Telangana||Hyderabad,Telangana,,,191.6091,0.47,100.0
subbasin,KRL,Krishna Lower,subbasin||KRL,,Krishna Basin,Krishna Lower,district,Telangana||Jangaon,Jangaon,district||Telangana||Jangaon,Telangana,,,2273.8298,5.62,94.24
subbasin,KRL,Krishna Lower,subbasin||KRL,,Krishna Basin,Krishna Lower,district,Telangana||Khammam,Khammam,district||Telangana||Khammam,Telangana,,,4178.153,10.32,89.52
subbasin,KRL,Krishna Lower,subbasin||KRL,,Krishna Basin,Krishna Lower,district,Andhra Pradesh||Krishna,Krishna,district||Andhra Pradesh||Krishna,Andhra Pradesh,,,4948.0914,12.22,56.46
subbasin,KRL,Krishna Lower,subbasin||KRL,,Krishna Basin,Krishna Lower,district,Telangana||Mahabubabad,Mahabubabad,district||Telangana||Mahabubabad,Telangana,,,3151.5046,7.78,88.74
subbasin,KRL,Krishna Lower,subbasin||KRL,,Krishna Basin,Krishna Lower,district,Telangana||Medak,Medak,district||Telangana||Medak,Telangana,,,3.3297,0.01,0.12
subbasin,KRL,Krishna Lower,subbasin||KRL,,Krishna Basin,Krishna Lower,district,Telangana||Medchal-Malkajgiri,Medchal-Malkajgiri,district||Telangana||Medchal-Malkajgiri,Telangana,,,1037.7705,2.56,95.49
subbasin,KRL,Krishna Lower,subbasin||KRL,,Krishna Basin,Krishna Lower,district,Telangana||Mulugu,Mulugu,district||Telangana||Mulugu,Telangana,,,0.3133,0.0,0.01
subbasin,KRL,Krishna Lower,subbasin||KRL,,Krishna Basin,Krishna Lower,district,Telangana||Nalgonda,Nalgonda,district||Telangana||Nalgonda,Telangana,,,5578.2019,13.78,77.4
subbasin,KRL,Krishna Lower,subbasin||KRL,,Krishna Basin,Krishna Lower,district,Andhra Pradesh||Prakasam,Prakasam,district||Andhra Pradesh||Prakasam,Andhra Pradesh,,,8.9257,0.02,0.05
subbasin,KRL,Krishna Lower,subbasin||KRL,,Krishna Basin,Krishna Lower,district,Telangana||Rangareddy,Rangareddy,district||Telangana||Rangareddy,Telangana,,,3419.1738,8.44,68.42
subbasin,KRL,Krishna Lower,subbasin||KRL,,Krishna Basin,Krishna Lower,district,Telangana||Sangareddy,Sangareddy,district||Telangana||Sangareddy,Telangana,,,14.5443,0.04,0.33
subbasin,KRL,Krishna Lower,subbasin||KRL,,Krishna Basin,Krishna Lower,district,Telangana||Siddipet,Siddipet,district||Telangana||Siddipet,Telangana,,,164.7985,0.41,4.44
subbasin,KRL,Krishna Lower,subbasin||KRL,,Krishna Basin,Krishna Lower,district,Telangana||Suryapet,Suryapet,district||Telangana||Suryapet,Telangana,,,3588.2474,8.86,100.0
subbasin,KRL,Krishna Lower,subbasin||KRL,,Krishna Basin,Krishna Lower,district,Telangana||Vikarabad,Vikarabad,district||Telangana||Vikarabad,Telangana,,,502.2242,1.24,13.55
subbasin,KRL,Krishna Lower,subbasin||KRL,,Krishna Basin,Krishna Lower,district,Telangana||Warangal (Rural),Warangal (Rural),district||Telangana||Warangal (Rural),Telangana,,,1502.5574,3.71,67.24
subbasin,KRL,Krishna Lower,subbasin||KRL,,Krishna Basin,Krishna Lower,district,Telangana||Warangal (Urban),Warangal (Urban),district||Telangana||Warangal (Urban),Telangana,,,103.3205,0.26,8.85
subbasin,KRL,Krishna Lower,subbasin||KRL,,Krishna Basin,Krishna Lower,district,Telangana||Yadadri Bhuvanagiri,Yadadri Bhuvanagiri,district||Telangana||Yadadri Bhuvanagiri,Telangana,,,3221.5557,7.96,100.0
subbasin,KRM,Krishna Middle,subbasin||KRM,,Krishna Basin,Krishna Middle,district,Andhra Pradesh||Guntur,Guntur,district||Andhra Pradesh||Guntur,Andhra Pradesh,,,349.48,1.54,3.07
subbasin,KRM,Krishna Middle,subbasin||KRM,,Krishna Basin,Krishna Middle,district,Telangana||Jogulamba Gadwal,Jogulamba Gadwal,district||Telangana||Jogulamba Gadwal,Telangana,,,1234.5312,5.43,48.1
subbasin,KRM,Krishna Middle,subbasin||KRM,,Krishna Basin,Krishna Middle,district,Karnataka||Kalaburagi,Kalaburagi,district||Karnataka||Kalaburagi,Karnataka,,,18.033,0.08,0.16
subbasin,KRM,Krishna Middle,subbasin||KRM,,Krishna Basin,Krishna Middle,district,Andhra Pradesh||Kurnool,Kurnool,district||Andhra Pradesh||Kurnool,Andhra Pradesh,,,1913.9107,8.42,10.99
subbasin,KRM,Krishna Middle,subbasin||KRM,,Krishna Basin,Krishna Middle,district,Telangana||Mahabubnagar,Mahabubnagar,district||Telangana||Mahabubnagar,Telangana,,,2796.5517,12.3,100.0
subbasin,KRM,Krishna Middle,subbasin||KRM,,Krishna Basin,Krishna Middle,district,Telangana||Nagarkurnool,Nagarkurnool,district||Telangana||Nagarkurnool,Telangana,,,6207.7065,27.31,100.0
subbasin,KRM,Krishna Middle,subbasin||KRM,,Krishna Basin,Krishna Middle,district,Telangana||Nalgonda,Nalgonda,district||Telangana||Nalgonda,Telangana,,,1628.9506,7.17,22.6
subbasin,KRM,Krishna Middle,subbasin||KRM,,Krishna Basin,Krishna Middle,district,Telangana||Narayanpet,Narayanpet,district||Telangana||Narayanpet,Telangana,,,2377.2569,10.46,98.32
subbasin,KRM,Krishna Middle,subbasin||KRM,,Krishna Basin,Krishna Middle,district,Andhra Pradesh||Prakasam,Prakasam,district||Andhra Pradesh||Prakasam,Andhra Pradesh,,,575.9473,2.53,3.27
subbasin,KRM,Krishna Middle,subbasin||KRM,,Krishna Basin,Krishna Middle,district,Karnataka||Raichur,Raichur,district||Karnataka||Raichur,Karnataka,,,771.9453,3.4,9.13
subbasin,KRM,Krishna Middle,subbasin||KRM,,Krishna Basin,Krishna Middle,district,Telangana||Rangareddy,Rangareddy,district||Telangana||Rangareddy,Telangana,,,1485.9448,6.54,29.73
subbasin,KRM,Krishna Middle,subbasin||KRM,,Krishna Basin,Krishna Middle,district,Telangana||Vikarabad,Vikarabad,district||Telangana||Vikarabad,Telangana,,,599.7568,2.64,16.18
subbasin,KRM,Krishna Middle,subbasin||KRM,,Krishna Basin,Krishna Middle,district,Telangana||Wanaparthy,Wanaparthy,district||Telangana||Wanaparthy,Telangana,,,2191.7131,9.64,100.0
subbasin,KRM,Krishna Middle,subbasin||KRM,,Krishna Basin,Krishna Middle,district,Karnataka||Yadgir,Yadgir,district||Karnataka||Yadgir,Karnataka,,,600.0094,2.64,11.39
subbasin,KRU,Krishna Upper,subbasin||KRU,,Krishna Basin,Krishna Upper,district,Karnataka||Bagalkot,Bagalkot,district||Karnataka||Bagalkot,Karnataka,,,6514.8565,11.69,99.64
subbasin,KRU,Krishna Upper,subbasin||KRU,,Krishna Basin,Krishna Upper,district,Karnataka||Belagavi,Belagavi,district||Karnataka||Belagavi,Karnataka,,,12404.4521,22.25,92.1
subbasin,KRU,Krishna Upper,subbasin||KRU,,Krishna Basin,Krishna Upper,district,Karnataka||Dharwad,Dharwad,district||Karnataka||Dharwad,Karnataka,,,2750.3213,4.93,64.8
subbasin,KRU,Krishna Upper,subbasin||KRU,,Krishna Basin,Krishna Upper,district,Karnataka||Gadag,Gadag,district||Karnataka||Gadag,Karnataka,,,2635.8122,4.73,56.59
subbasin,KRU,Krishna Upper,subbasin||KRU,,Krishna Basin,Krishna Upper,district,Karnataka||Haveri,Haveri,district||Karnataka||Haveri,Karnataka,,,108.6998,0.2,2.26
subbasin,KRU,Krishna Upper,subbasin||KRU,,Krishna Basin,Krishna Upper,district,Maharashtra||Kolhapur,Kolhapur,district||Maharashtra||Kolhapur,Maharashtra,,,7359.7411,13.2,96.16
subbasin,KRU,Krishna Upper,subbasin||KRU,,Krishna Basin,Krishna Upper,district,Karnataka||Koppal,Koppal,district||Karnataka||Koppal,Karnataka,,,605.6341,1.09,10.83
subbasin,KRU,Krishna Upper,subbasin||KRU,,Krishna Basin,Krishna Upper,district,Telangana||Narayanpet,Narayanpet,district||Telangana||Narayanpet,Telangana,,,0.3975,0.0,0.02
subbasin,KRU,Krishna Upper,subbasin||KRU,,Krishna Basin,Krishna Upper,district,Maharashtra||Pune,Pune,district||Maharashtra||Pune,Maharashtra,,,4.2092,0.01,0.03
subbasin,KRU,Krishna Upper,subbasin||KRU,,Krishna Basin,Krishna Upper,district,Karnataka||Raichur,Raichur,district||Karnataka||Raichur,Karnataka,,,2675.1765,4.8,31.64
subbasin,KRU,Krishna Upper,subbasin||KRU,,Krishna Basin,Krishna Upper,district,Maharashtra||Ratnagiri,Ratnagiri,district||Maharashtra||Ratnagiri,Maharashtra,,,21.9045,0.04,0.26
subbasin,KRU,Krishna Upper,subbasin||KRU,,Krishna Basin,Krishna Upper,district,Maharashtra||Raygad,Raygad,district||Maharashtra||Raygad,Maharashtra,,,0.7632,0.0,0.01
subbasin,KRU,Krishna Upper,subbasin||KRU,,Krishna Basin,Krishna Upper,district,Maharashtra||Sangli,Sangli,district||Maharashtra||Sangli,Maharashtra,,,5683.8803,10.2,66.06
subbasin,KRU,Krishna Upper,subbasin||KRU,,Krishna Basin,Krishna Upper,district,Maharashtra||Satara,Satara,district||Maharashtra||Satara,Maharashtra,,,7219.3856,12.95,68.71
subbasin,KRU,Krishna Upper,subbasin||KRU,,Krishna Basin,Krishna Upper,district,Maharashtra||Sindhudurg,Sindhudurg,district||Maharashtra||Sindhudurg,Maharashtra,,,126.3116,0.23,2.49
subbasin,KRU,Krishna Upper,subbasin||KRU,,Krishna Basin,Krishna Upper,district,Karnataka||Vijayapura,Vijayapura,district||Karnataka||Vijayapura,Karnataka,,,5220.1273,9.37,49.75
subbasin,KRU,Krishna Upper,subbasin||KRU,,Krishna Basin,Krishna Upper,district,Karnataka||Yadgir,Yadgir,district||Karnataka||Yadgir,Karnataka,,,2391.4145,4.29,45.4
subbasin,KYN,Kynchiang and other south flowing rivers,subbasin||KYN,,Barak and others Basin,Kynchiang and other south flowing rivers,district,Meghalaya||East Garo Hills,East Garo Hills,district||Meghalaya||East Garo Hills,Meghalaya,,,939.4614,8.8,59.33
subbasin,KYN,Kynchiang and other south flowing rivers,subbasin||KYN,,Barak and others Basin,Kynchiang and other south flowing rivers,district,Meghalaya||East Jaintia Hills,East Jaintia Hills,district||Meghalaya||East Jaintia Hills,Meghalaya,,,489.5002,4.59,24.3
subbasin,KYN,Kynchiang and other south flowing rivers,subbasin||KYN,,Barak and others Basin,Kynchiang and other south flowing rivers,district,Meghalaya||East Khasi Hills,East Khasi Hills,district||Meghalaya||East Khasi Hills,Meghalaya,,,2327.0973,21.8,81.92
subbasin,KYN,Kynchiang and other south flowing rivers,subbasin||KYN,,Barak and others Basin,Kynchiang and other south flowing rivers,district,Meghalaya||North Garo Hills,North Garo Hills,district||Meghalaya||North Garo Hills,Meghalaya,,,8.4735,0.08,0.68
subbasin,KYN,Kynchiang and other south flowing rivers,subbasin||KYN,,Barak and others Basin,Kynchiang and other south flowing rivers,district,Meghalaya||South Garo Hills,South Garo Hills,district||Meghalaya||South Garo Hills,Meghalaya,,,1821.6843,17.07,99.77
subbasin,KYN,Kynchiang and other south flowing rivers,subbasin||KYN,,Barak and others Basin,Kynchiang and other south flowing rivers,district,Meghalaya||South West Garo Hills,South West Garo Hills,district||Meghalaya||South West Garo Hills,Meghalaya,,,315.3454,2.95,38.15
subbasin,KYN,Kynchiang and other south flowing rivers,subbasin||KYN,,Barak and others Basin,Kynchiang and other south flowing rivers,district,Meghalaya||South West Khasi Hills,South West Khasi Hills,district||Meghalaya||South West Khasi Hills,Meghalaya,,,1307.1778,12.25,99.56
subbasin,KYN,Kynchiang and other south flowing rivers,subbasin||KYN,,Barak and others Basin,Kynchiang and other south flowing rivers,district,Meghalaya||West Garo Hills,West Garo Hills,district||Meghalaya||West Garo Hills,Meghalaya,,,657.5843,6.16,24.61
subbasin,KYN,Kynchiang and other south flowing rivers,subbasin||KYN,,Barak and others Basin,Kynchiang and other south flowing rivers,district,Meghalaya||West Jaintia Hills,West Jaintia Hills,district||Meghalaya||West Jaintia Hills,Meghalaya,,,607.1335,5.69,33.61
subbasin,KYN,Kynchiang and other south flowing rivers,subbasin||KYN,,Barak and others Basin,Kynchiang and other south flowing rivers,district,Meghalaya||West Khasi Hills,West Khasi Hills,district||Meghalaya||West Khasi Hills,Meghalaya,,,2155.6974,20.2,54.88
subbasin,LIN,Lower Indus,subbasin||LIN,,Indus (Up to border) Basin,Lower Indus,district,Jammu And Kashmir||Bandipura,Bandipura,district||Jammu And Kashmir||Bandipura,Jammu And Kashmir,,,62.537,0.26,1.55
subbasin,LIN,Lower Indus,subbasin||LIN,,Indus (Up to border) Basin,Lower Indus,district,Ladakh||Leh,Leh,district||Ladakh||Leh,Ladakh,,,23708.8889,99.5,15.4
subbasin,LIN,Lower Indus,subbasin||LIN,,Indus (Up to border) Basin,Lower Indus,district,Jammu And Kashmir||Muzaffarabad,Muzaffarabad,district||Jammu And Kashmir||Muzaffarabad,Jammu And Kashmir,,,41.9043,0.18,0.87
subbasin,LUL,Luni Lower,subbasin||LUL,,West flowing rivers of Kutch and Saurashtra including Luni Basin,Luni Lower,district,Gujarat||Banas Kantha,Banas Kantha,district||Gujarat||Banas Kantha,Gujarat,,,5503.7196,18.13,51.18
subbasin,LUL,Luni Lower,subbasin||LUL,,West flowing rivers of Kutch and Saurashtra including Luni Basin,Luni Lower,district,Rajasthan||Jalor,Jalor,district||Rajasthan||Jalor,Rajasthan,,,36.8939,0.12,0.35
subbasin,LUL,Luni Lower,subbasin||LUL,,West flowing rivers of Kutch and Saurashtra including Luni Basin,Luni Lower,district,Gujarat||Kachchh,Kachchh,district||Gujarat||Kachchh,Gujarat,,,24159.9035,79.61,59.34
subbasin,LUL,Luni Lower,subbasin||LUL,,West flowing rivers of Kutch and Saurashtra including Luni Basin,Luni Lower,district,Gujarat||Patan,Patan,district||Gujarat||Patan,Gujarat,,,436.3348,1.44,7.56
subbasin,LUL,Luni Lower,subbasin||LUL,,West flowing rivers of Kutch and Saurashtra including Luni Basin,Luni Lower,district,Rajasthan||Sirohi,Sirohi,district||Rajasthan||Sirohi,Rajasthan,,,168.7015,0.56,3.29
subbasin,LUU,Luni Upper,subbasin||LUU,,West flowing rivers of Kutch and Saurashtra including Luni Basin,Luni Upper,district,Rajasthan||Ajmer,Ajmer,district||Rajasthan||Ajmer,Rajasthan,,,1936.3125,2.65,22.88
subbasin,LUU,Luni Upper,subbasin||LUU,,West flowing rivers of Kutch and Saurashtra including Luni Basin,Luni Upper,district,Gujarat||Banas Kantha,Banas Kantha,district||Gujarat||Banas Kantha,Gujarat,,,748.1332,1.03,6.96
subbasin,LUU,Luni Upper,subbasin||LUU,,West flowing rivers of Kutch and Saurashtra including Luni Basin,Luni Upper,district,Rajasthan||Barmer,Barmer,district||Rajasthan||Barmer,Rajasthan,,,21563.465,29.57,76.03
subbasin,LUU,Luni Upper,subbasin||LUU,,West flowing rivers of Kutch and Saurashtra including Luni Basin,Luni Upper,district,Rajasthan||Bhilwara,Bhilwara,district||Rajasthan||Bhilwara,Rajasthan,,,2.4313,0.0,0.02
subbasin,LUU,Luni Upper,subbasin||LUU,,West flowing rivers of Kutch and Saurashtra including Luni Basin,Luni Upper,district,Rajasthan||Jaisalmer,Jaisalmer,district||Rajasthan||Jaisalmer,Rajasthan,,,2100.8945,2.88,5.47
subbasin,LUU,Luni Upper,subbasin||LUU,,West flowing rivers of Kutch and Saurashtra including Luni Basin,Luni Upper,district,Rajasthan||Jalor,Jalor,district||Rajasthan||Jalor,Rajasthan,,,10630.2209,14.58,99.65
subbasin,LUU,Luni Upper,subbasin||LUU,,West flowing rivers of Kutch and Saurashtra including Luni Basin,Luni Upper,district,Rajasthan||Jodhpur,Jodhpur,district||Rajasthan||Jodhpur,Rajasthan,,,13839.3818,18.98,60.98
subbasin,LUU,Luni Upper,subbasin||LUU,,West flowing rivers of Kutch and Saurashtra including Luni Basin,Luni Upper,district,Gujarat||Kachchh,Kachchh,district||Gujarat||Kachchh,Gujarat,,,680.3435,0.93,1.67
subbasin,LUU,Luni Upper,subbasin||LUU,,West flowing rivers of Kutch and Saurashtra including Luni Basin,Luni Upper,district,Rajasthan||Nagaur,Nagaur,district||Rajasthan||Nagaur,Rajasthan,,,6289.4844,8.62,35.34
subbasin,LUU,Luni Upper,subbasin||LUU,,West flowing rivers of Kutch and Saurashtra including Luni Basin,Luni Upper,district,Rajasthan||Pali,Pali,district||Rajasthan||Pali,Rajasthan,,,12415.1885,17.02,99.95
subbasin,LUU,Luni Upper,subbasin||LUU,,West flowing rivers of Kutch and Saurashtra including Luni Basin,Luni Upper,district,Rajasthan||Raj Samand,Raj Samand,district||Rajasthan||Raj Samand,Rajasthan,,,422.4492,0.58,9.13
subbasin,LUU,Luni Upper,subbasin||LUU,,West flowing rivers of Kutch and Saurashtra including Luni Basin,Luni Upper,district,Rajasthan||Sikar,Sikar,district||Rajasthan||Sikar,Rajasthan,,,2.2224,0.0,0.03
subbasin,LUU,Luni Upper,subbasin||LUU,,West flowing rivers of Kutch and Saurashtra including Luni Basin,Luni Upper,district,Rajasthan||Sirohi,Sirohi,district||Rajasthan||Sirohi,Rajasthan,,,2095.897,2.87,40.88
subbasin,LUU,Luni Upper,subbasin||LUU,,West flowing rivers of Kutch and Saurashtra including Luni Basin,Luni Upper,district,Rajasthan||Udaipur,Udaipur,district||Rajasthan||Udaipur,Rajasthan,,,187.2872,0.26,1.6
subbasin,MAL,Mahanadi Lower,subbasin||MAL,,Mahanadi Basin,Mahanadi Lower,district,Odisha||Anugul,Anugul,district||Odisha||Anugul,Odisha,,,2153.9062,3.59,33.91
subbasin,MAL,Mahanadi Lower,subbasin||MAL,,Mahanadi Basin,Mahanadi Lower,district,Odisha||Baragarh,Baragarh,district||Odisha||Baragarh,Odisha,,,4998.7551,8.32,86.33
subbasin,MAL,Mahanadi Lower,subbasin||MAL,,Mahanadi Basin,Mahanadi Lower,district,Odisha||Baudh (Bauda),Baudh (Bauda),district||Odisha||Baudh (Bauda),Odisha,,,3113.5048,5.18,100.0
subbasin,MAL,Mahanadi Lower,subbasin||MAL,,Mahanadi Basin,Mahanadi Lower,district,Odisha||Bolangir (Balangir),Bolangir (Balangir),district||Odisha||Bolangir (Balangir),Odisha,,,6550.9643,10.91,100.0
subbasin,MAL,Mahanadi Lower,subbasin||MAL,,Mahanadi Basin,Mahanadi Lower,district,Odisha||Cuttack,Cuttack,district||Odisha||Cuttack,Odisha,,,3713.3972,6.18,96.92
subbasin,MAL,Mahanadi Lower,subbasin||MAL,,Mahanadi Basin,Mahanadi Lower,district,Odisha||Dhenkanal,Dhenkanal,district||Odisha||Dhenkanal,Odisha,,,683.718,1.14,15.29
subbasin,MAL,Mahanadi Lower,subbasin||MAL,,Mahanadi Basin,Mahanadi Lower,district,Odisha||Ganjam,Ganjam,district||Odisha||Ganjam,Odisha,,,498.7938,0.83,5.95
subbasin,MAL,Mahanadi Lower,subbasin||MAL,,Mahanadi Basin,Mahanadi Lower,district,Chhattisgarh||Gariyaband,Gariyaband,district||Chhattisgarh||Gariyaband,Chhattisgarh,,,1483.5256,2.47,30.71
subbasin,MAL,Mahanadi Lower,subbasin||MAL,,Mahanadi Basin,Mahanadi Lower,district,Odisha||Jagatsinghpur,Jagatsinghpur,district||Odisha||Jagatsinghpur,Odisha,,,1729.4171,2.88,98.75
subbasin,MAL,Mahanadi Lower,subbasin||MAL,,Mahanadi Basin,Mahanadi Lower,district,Odisha||Jajapur,Jajapur,district||Odisha||Jajapur,Odisha,,,44.7787,0.07,1.53
subbasin,MAL,Mahanadi Lower,subbasin||MAL,,Mahanadi Basin,Mahanadi Lower,district,Odisha||Kalahandi,Kalahandi,district||Odisha||Kalahandi,Odisha,,,6803.3375,11.33,86.01
subbasin,MAL,Mahanadi Lower,subbasin||MAL,,Mahanadi Basin,Mahanadi Lower,district,Odisha||Kandhamal,Kandhamal,district||Odisha||Kandhamal,Odisha,,,5997.8807,9.99,74.91
subbasin,MAL,Mahanadi Lower,subbasin||MAL,,Mahanadi Basin,Mahanadi Lower,district,Odisha||Kendraparha,Kendraparha,district||Odisha||Kendraparha,Odisha,,,1342.406,2.24,53.31
subbasin,MAL,Mahanadi Lower,subbasin||MAL,,Mahanadi Basin,Mahanadi Lower,district,Odisha||Khordha,Khordha,district||Odisha||Khordha,Odisha,,,2687.1274,4.47,93.0
subbasin,MAL,Mahanadi Lower,subbasin||MAL,,Mahanadi Basin,Mahanadi Lower,district,Chhattisgarh||Kondagaon,Kondagaon,district||Chhattisgarh||Kondagaon,Chhattisgarh,,,0.8793,0.0,0.02
subbasin,MAL,Mahanadi Lower,subbasin||MAL,,Mahanadi Basin,Mahanadi Lower,district,Chhattisgarh||Mahasamund,Mahasamund,district||Chhattisgarh||Mahasamund,Chhattisgarh,,,1070.1235,1.78,22.51
subbasin,MAL,Mahanadi Lower,subbasin||MAL,,Mahanadi Basin,Mahanadi Lower,district,Odisha||Nabarangapur,Nabarangapur,district||Odisha||Nabarangapur,Odisha,,,1531.8053,2.55,28.09
subbasin,MAL,Mahanadi Lower,subbasin||MAL,,Mahanadi Basin,Mahanadi Lower,district,Odisha||Nayagarh,Nayagarh,district||Odisha||Nayagarh,Odisha,,,3587.0604,5.97,91.86
subbasin,MAL,Mahanadi Lower,subbasin||MAL,,Mahanadi Basin,Mahanadi Lower,district,Odisha||Nuaparha,Nuaparha,district||Odisha||Nuaparha,Odisha,,,2887.8492,4.81,75.07
subbasin,MAL,Mahanadi Lower,subbasin||MAL,,Mahanadi Basin,Mahanadi Lower,district,Odisha||Puri,Puri,district||Odisha||Puri,Odisha,,,3460.9224,5.76,99.04
subbasin,MAL,Mahanadi Lower,subbasin||MAL,,Mahanadi Basin,Mahanadi Lower,district,Chhattisgarh||Raigarh,Raigarh,district||Chhattisgarh||Raigarh,Chhattisgarh,,,92.862,0.15,1.32
subbasin,MAL,Mahanadi Lower,subbasin||MAL,,Mahanadi Basin,Mahanadi Lower,district,Odisha||Rayagarha,Rayagarha,district||Odisha||Rayagarha,Odisha,,,103.0536,0.17,1.41
subbasin,MAL,Mahanadi Lower,subbasin||MAL,,Mahanadi Basin,Mahanadi Lower,district,Odisha||Sambalpur,Sambalpur,district||Odisha||Sambalpur,Odisha,,,3064.9827,5.1,46.03
subbasin,MAL,Mahanadi Lower,subbasin||MAL,,Mahanadi Basin,Mahanadi Lower,district,Odisha||Subarnapur,Subarnapur,district||Odisha||Subarnapur,Odisha,,,2380.6395,3.96,100.0
subbasin,MAM,Mahanadi Middle,subbasin||MAM,,Mahanadi Basin,Mahanadi Middle,district,Madhya Pradesh||Anuppur,Anuppur,district||Madhya Pradesh||Anuppur,Madhya Pradesh,,,117.3887,0.22,3.11
subbasin,MAM,Mahanadi Middle,subbasin||MAM,,Mahanadi Basin,Mahanadi Middle,district,Chhattisgarh||Balod,Balod,district||Chhattisgarh||Balod,Chhattisgarh,,,44.4074,0.08,1.31
subbasin,MAM,Mahanadi Middle,subbasin||MAM,,Mahanadi Basin,Mahanadi Middle,district,Chhattisgarh||Baloda Bazar,Baloda Bazar,district||Chhattisgarh||Baloda Bazar,Chhattisgarh,,,2827.9235,5.25,60.81
subbasin,MAM,Mahanadi Middle,subbasin||MAM,,Mahanadi Basin,Mahanadi Middle,district,Odisha||Baragarh,Baragarh,district||Odisha||Baragarh,Odisha,,,791.7792,1.47,13.67
subbasin,MAM,Mahanadi Middle,subbasin||MAM,,Mahanadi Basin,Mahanadi Middle,district,Chhattisgarh||Bilaspur,Bilaspur,district||Chhattisgarh||Bilaspur,Chhattisgarh,,,0.0447,0.0,0.0
subbasin,MAM,Mahanadi Middle,subbasin||MAM,,Mahanadi Basin,Mahanadi Middle,district,Odisha||Deogarh,Deogarh,district||Odisha||Deogarh,Odisha,,,307.2944,0.57,10.36
subbasin,MAM,Mahanadi Middle,subbasin||MAM,,Mahanadi Basin,Mahanadi Middle,district,Chhattisgarh||Dhamtari,Dhamtari,district||Chhattisgarh||Dhamtari,Chhattisgarh,,,3500.0482,6.49,85.82
subbasin,MAM,Mahanadi Middle,subbasin||MAM,,Mahanadi Basin,Mahanadi Middle,district,Chhattisgarh||Gariyaband,Gariyaband,district||Chhattisgarh||Gariyaband,Chhattisgarh,,,3347.4777,6.21,69.29
subbasin,MAM,Mahanadi Middle,subbasin||MAM,,Mahanadi Basin,Mahanadi Middle,district,Chhattisgarh||Gaurela-Pendra-Marwahi,Gaurela-Pendra-Marwahi,district||Chhattisgarh||Gaurela-Pendra-Marwahi,Chhattisgarh,,,508.7424,0.94,25.53
subbasin,MAM,Mahanadi Middle,subbasin||MAM,,Mahanadi Basin,Mahanadi Middle,district,Chhattisgarh||Janjgir - Champa,Janjgir - Champa,district||Chhattisgarh||Janjgir - Champa,Chhattisgarh,,,3310.4433,6.14,73.79
subbasin,MAM,Mahanadi Middle,subbasin||MAM,,Mahanadi Basin,Mahanadi Middle,district,Chhattisgarh||Jashpur,Jashpur,district||Chhattisgarh||Jashpur,Chhattisgarh,,,4116.6195,7.64,70.26
subbasin,MAM,Mahanadi Middle,subbasin||MAM,,Mahanadi Basin,Mahanadi Middle,district,Odisha||Jharsuguda,Jharsuguda,district||Odisha||Jharsuguda,Odisha,,,2061.9349,3.83,100.0
subbasin,MAM,Mahanadi Middle,subbasin||MAM,,Mahanadi Basin,Mahanadi Middle,district,Chhattisgarh||Kondagaon,Kondagaon,district||Chhattisgarh||Kondagaon,Chhattisgarh,,,364.6486,0.68,7.17
subbasin,MAM,Mahanadi Middle,subbasin||MAM,,Mahanadi Basin,Mahanadi Middle,district,Chhattisgarh||Korba,Korba,district||Chhattisgarh||Korba,Chhattisgarh,,,5751.7058,10.67,87.08
subbasin,MAM,Mahanadi Middle,subbasin||MAM,,Mahanadi Basin,Mahanadi Middle,district,Chhattisgarh||Korea,Korea,district||Chhattisgarh||Korea,Chhattisgarh,,,2574.676,4.78,38.98
subbasin,MAM,Mahanadi Middle,subbasin||MAM,,Mahanadi Basin,Mahanadi Middle,district,Chhattisgarh||Mahasamund,Mahasamund,district||Chhattisgarh||Mahasamund,Chhattisgarh,,,3683.8223,6.84,77.49
subbasin,MAM,Mahanadi Middle,subbasin||MAM,,Mahanadi Basin,Mahanadi Middle,district,Odisha||Nabarangapur,Nabarangapur,district||Odisha||Nabarangapur,Odisha,,,181.1642,0.34,3.32
subbasin,MAM,Mahanadi Middle,subbasin||MAM,,Mahanadi Basin,Mahanadi Middle,district,Odisha||Nuaparha,Nuaparha,district||Odisha||Nuaparha,Odisha,,,958.8266,1.78,24.93
subbasin,MAM,Mahanadi Middle,subbasin||MAM,,Mahanadi Basin,Mahanadi Middle,district,Chhattisgarh||Raigarh,Raigarh,district||Chhattisgarh||Raigarh,Chhattisgarh,,,6945.2235,12.89,98.67
subbasin,MAM,Mahanadi Middle,subbasin||MAM,,Mahanadi Basin,Mahanadi Middle,district,Chhattisgarh||Raipur,Raipur,district||Chhattisgarh||Raipur,Chhattisgarh,,,888.5924,1.65,30.46
subbasin,MAM,Mahanadi Middle,subbasin||MAM,,Mahanadi Basin,Mahanadi Middle,district,Odisha||Sambalpur,Sambalpur,district||Odisha||Sambalpur,Odisha,,,2473.5523,4.59,37.15
subbasin,MAM,Mahanadi Middle,subbasin||MAM,,Mahanadi Basin,Mahanadi Middle,district,Jharkhand||Simdega,Simdega,district||Jharkhand||Simdega,Jharkhand,,,151.1943,0.28,4.0
subbasin,MAM,Mahanadi Middle,subbasin||MAM,,Mahanadi Basin,Mahanadi Middle,district,Odisha||Sundargarh,Sundargarh,district||Odisha||Sundargarh,Odisha,,,4082.5315,7.58,42.08
subbasin,MAM,Mahanadi Middle,subbasin||MAM,,Mahanadi Basin,Mahanadi Middle,district,Chhattisgarh||Surajpur,Surajpur,district||Chhattisgarh||Surajpur,Chhattisgarh,,,1013.9669,1.88,18.57
subbasin,MAM,Mahanadi Middle,subbasin||MAM,,Mahanadi Basin,Mahanadi Middle,district,Chhattisgarh||Surguja,Surguja,district||Chhattisgarh||Surguja,Chhattisgarh,,,1588.4625,2.95,39.48
subbasin,MAM,Mahanadi Middle,subbasin||MAM,,Mahanadi Basin,Mahanadi Middle,district,Chhattisgarh||Uttar Bastar Kanker,Uttar Bastar Kanker,district||Chhattisgarh||Uttar Bastar Kanker,Chhattisgarh,,,2263.8458,4.2,31.41
subbasin,MAU,Mahanadi Upper,subbasin||MAU,,Mahanadi Basin,Mahanadi Upper,district,Madhya Pradesh||Anuppur,Anuppur,district||Madhya Pradesh||Anuppur,Madhya Pradesh,,,6.6606,0.02,0.18
subbasin,MAU,Mahanadi Upper,subbasin||MAU,,Mahanadi Basin,Mahanadi Upper,district,Chhattisgarh||Balod,Balod,district||Chhattisgarh||Balod,Chhattisgarh,,,3324.9938,10.75,98.4
subbasin,MAU,Mahanadi Upper,subbasin||MAU,,Mahanadi Basin,Mahanadi Upper,district,Chhattisgarh||Baloda Bazar,Baloda Bazar,district||Chhattisgarh||Baloda Bazar,Chhattisgarh,,,1822.4396,5.89,39.19
subbasin,MAU,Mahanadi Upper,subbasin||MAU,,Mahanadi Basin,Mahanadi Upper,district,Chhattisgarh||Bemetara,Bemetara,district||Chhattisgarh||Bemetara,Chhattisgarh,,,2241.1196,7.24,100.0
subbasin,MAU,Mahanadi Upper,subbasin||MAU,,Mahanadi Basin,Mahanadi Upper,district,Chhattisgarh||Bilaspur,Bilaspur,district||Chhattisgarh||Bilaspur,Chhattisgarh,,,3541.3401,11.45,100.0
subbasin,MAU,Mahanadi Upper,subbasin||MAU,,Mahanadi Basin,Mahanadi Upper,district,Chhattisgarh||Dhamtari,Dhamtari,district||Chhattisgarh||Dhamtari,Chhattisgarh,,,565.2526,1.83,13.86
subbasin,MAU,Mahanadi Upper,subbasin||MAU,,Mahanadi Basin,Mahanadi Upper,district,Madhya Pradesh||Dindori,Dindori,district||Madhya Pradesh||Dindori,Madhya Pradesh,,,30.1536,0.1,0.52
subbasin,MAU,Mahanadi Upper,subbasin||MAU,,Mahanadi Basin,Mahanadi Upper,district,Chhattisgarh||Durg,Durg,district||Chhattisgarh||Durg,Chhattisgarh,,,2295.6496,7.42,100.0
subbasin,MAU,Mahanadi Upper,subbasin||MAU,,Mahanadi Basin,Mahanadi Upper,district,Maharashtra||Gadchiroli,Gadchiroli,district||Maharashtra||Gadchiroli,Maharashtra,,,313.188,1.01,2.16
subbasin,MAU,Mahanadi Upper,subbasin||MAU,,Mahanadi Basin,Mahanadi Upper,district,Chhattisgarh||Gaurela-Pendra-Marwahi,Gaurela-Pendra-Marwahi,district||Chhattisgarh||Gaurela-Pendra-Marwahi,Chhattisgarh,,,607.5266,1.96,30.49
subbasin,MAU,Mahanadi Upper,subbasin||MAU,,Mahanadi Basin,Mahanadi Upper,district,Maharashtra||Gondia,Gondia,district||Maharashtra||Gondia,Maharashtra,,,18.3977,0.06,0.36
subbasin,MAU,Mahanadi Upper,subbasin||MAU,,Mahanadi Basin,Mahanadi Upper,district,Chhattisgarh||Janjgir - Champa,Janjgir - Champa,district||Chhattisgarh||Janjgir - Champa,Chhattisgarh,,,1175.8079,3.8,26.21
subbasin,MAU,Mahanadi Upper,subbasin||MAU,,Mahanadi Basin,Mahanadi Upper,district,Chhattisgarh||Kabirdham,Kabirdham,district||Chhattisgarh||Kabirdham,Chhattisgarh,,,3578.2242,11.57,85.3
subbasin,MAU,Mahanadi Upper,subbasin||MAU,,Mahanadi Basin,Mahanadi Upper,district,Chhattisgarh||Korba,Korba,district||Chhattisgarh||Korba,Chhattisgarh,,,853.1946,2.76,12.92
subbasin,MAU,Mahanadi Upper,subbasin||MAU,,Mahanadi Basin,Mahanadi Upper,district,Madhya Pradesh||Mandla,Mandla,district||Madhya Pradesh||Mandla,Madhya Pradesh,,,1.3677,0.0,0.02
subbasin,MAU,Mahanadi Upper,subbasin||MAU,,Mahanadi Basin,Mahanadi Upper,district,Chhattisgarh||Mungeli,Mungeli,district||Chhattisgarh||Mungeli,Chhattisgarh,,,2769.9003,8.95,99.82
subbasin,MAU,Mahanadi Upper,subbasin||MAU,,Mahanadi Basin,Mahanadi Upper,district,Chhattisgarh||Raipur,Raipur,district||Chhattisgarh||Raipur,Chhattisgarh,,,2029.0258,6.56,69.54
subbasin,MAU,Mahanadi Upper,subbasin||MAU,,Mahanadi Basin,Mahanadi Upper,district,Chhattisgarh||Raj Nandgaon,Raj Nandgaon,district||Chhattisgarh||Raj Nandgaon,Chhattisgarh,,,5672.9264,18.34,70.45
subbasin,MAU,Mahanadi Upper,subbasin||MAU,,Mahanadi Basin,Mahanadi Upper,district,Chhattisgarh||Uttar Bastar Kanker,Uttar Bastar Kanker,district||Chhattisgarh||Uttar Bastar Kanker,Chhattisgarh,,,89.5522,0.29,1.24
subbasin,MHL,Mahi Lower,subbasin||MHL,,Mahi Basin,Mahi Lower,district,Madhya Pradesh||Alirajpur,Alirajpur,district||Madhya Pradesh||Alirajpur,Madhya Pradesh,,,67.6134,0.5,2.02
subbasin,MHL,Mahi Lower,subbasin||MHL,,Mahi Basin,Mahi Lower,district,Gujarat||Anand,Anand,district||Gujarat||Anand,Gujarat,,,1011.5901,7.43,31.91
subbasin,MHL,Mahi Lower,subbasin||MHL,,Mahi Basin,Mahi Lower,district,Gujarat||Aravalli,Aravalli,district||Gujarat||Aravalli,Gujarat,,,28.0679,0.21,0.89
subbasin,MHL,Mahi Lower,subbasin||MHL,,Mahi Basin,Mahi Lower,district,Gujarat||Bharuch,Bharuch,district||Gujarat||Bharuch,Gujarat,,,1719.4205,12.64,35.02
subbasin,MHL,Mahi Lower,subbasin||MHL,,Mahi Basin,Mahi Lower,district,Gujarat||Chhota Udepur,Chhota Udepur,district||Gujarat||Chhota Udepur,Gujarat,,,130.7042,0.96,3.78
subbasin,MHL,Mahi Lower,subbasin||MHL,,Mahi Basin,Mahi Lower,district,Gujarat||Dahod,Dahod,district||Gujarat||Dahod,Gujarat,,,1521.794,11.18,41.77
subbasin,MHL,Mahi Lower,subbasin||MHL,,Mahi Basin,Mahi Lower,district,Disputed (Madhya Pradesh & Gujarat)||Disputed (Alirajpur & Dahod),Disputed (Alirajpur & Dahod),district||Disputed (Madhya Pradesh & Gujarat)||Disputed (Alirajpur & Dahod),Disputed (Madhya Pradesh & Gujarat),,,0.3945,0.0,16.4
subbasin,MHL,Mahi Lower,subbasin||MHL,,Mahi Basin,Mahi Lower,district,Rajasthan||Dungarpur,Dungarpur,district||Rajasthan||Dungarpur,Rajasthan,,,274.4148,2.02,7.27
subbasin,MHL,Mahi Lower,subbasin||MHL,,Mahi Basin,Mahi Lower,district,Gujarat||Kheda,Kheda,district||Gujarat||Kheda,Gujarat,,,174.0642,1.28,5.05
subbasin,MHL,Mahi Lower,subbasin||MHL,,Mahi Basin,Mahi Lower,district,Gujarat||Mahisagar,Mahisagar,district||Gujarat||Mahisagar,Gujarat,,,1777.9951,13.07,70.85
subbasin,MHL,Mahi Lower,subbasin||MHL,,Mahi Basin,Mahi Lower,district,Gujarat||Panch Mahals,Panch Mahals,district||Gujarat||Panch Mahals,Gujarat,,,3149.5674,23.15,95.93
subbasin,MHL,Mahi Lower,subbasin||MHL,,Mahi Basin,Mahi Lower,district,Gujarat||Vadodara,Vadodara,district||Gujarat||Vadodara,Gujarat,,,3487.8482,25.63,85.13
subbasin,MHU,Mahi Upper,subbasin||MHU,,Mahi Basin,Mahi Upper,district,Madhya Pradesh||Alirajpur,Alirajpur,district||Madhya Pradesh||Alirajpur,Madhya Pradesh,,,160.7175,0.62,4.81
subbasin,MHU,Mahi Upper,subbasin||MHU,,Mahi Basin,Mahi Upper,district,Rajasthan||Banswara,Banswara,district||Rajasthan||Banswara,Rajasthan,,,4515.0026,17.39,100.0
subbasin,MHU,Mahi Upper,subbasin||MHU,,Mahi Basin,Mahi Upper,district,Rajasthan||Chittaurgarh,Chittaurgarh,district||Rajasthan||Chittaurgarh,Rajasthan,,,178.8178,0.69,2.3
subbasin,MHU,Mahi Upper,subbasin||MHU,,Mahi Basin,Mahi Upper,district,Gujarat||Dahod,Dahod,district||Gujarat||Dahod,Gujarat,,,2058.6359,7.93,56.51
subbasin,MHU,Mahi Upper,subbasin||MHU,,Mahi Basin,Mahi Upper,district,Madhya Pradesh||Dhar,Dhar,district||Madhya Pradesh||Dhar,Madhya Pradesh,,,1573.6271,6.06,19.28
subbasin,MHU,Mahi Upper,subbasin||MHU,,Mahi Basin,Mahi Upper,district,Disputed (Madhya Pradesh & Rajasthan)||Disputed (Ratlam & Banswara),Disputed (Ratlam & Banswara),district||Disputed (Madhya Pradesh & Rajasthan)||Disputed (Ratlam & Banswara),Disputed (Madhya Pradesh & Rajasthan),,,0.1756,0.0,100.0
subbasin,MHU,Mahi Upper,subbasin||MHU,,Mahi Basin,Mahi Upper,district,Rajasthan||Dungarpur,Dungarpur,district||Rajasthan||Dungarpur,Rajasthan,,,2873.1056,11.07,76.15
subbasin,MHU,Mahi Upper,subbasin||MHU,,Mahi Basin,Mahi Upper,district,Madhya Pradesh||Jhabua,Jhabua,district||Madhya Pradesh||Jhabua,Madhya Pradesh,,,3447.4993,13.28,99.74
subbasin,MHU,Mahi Upper,subbasin||MHU,,Mahi Basin,Mahi Upper,district,Gujarat||Mahisagar,Mahisagar,district||Gujarat||Mahisagar,Gujarat,,,452.3636,1.74,18.03
subbasin,MHU,Mahi Upper,subbasin||MHU,,Mahi Basin,Mahi Upper,district,Madhya Pradesh||Nimach,Nimach,district||Madhya Pradesh||Nimach,Madhya Pradesh,,,37.321,0.14,0.86
subbasin,MHU,Mahi Upper,subbasin||MHU,,Mahi Basin,Mahi Upper,district,Rajasthan||Pratapgarh,Pratapgarh,district||Rajasthan||Pratapgarh,Rajasthan,,,3368.9491,12.98,76.0
subbasin,MHU,Mahi Upper,subbasin||MHU,,Mahi Basin,Mahi Upper,district,Madhya Pradesh||Ratlam,Ratlam,district||Madhya Pradesh||Ratlam,Madhya Pradesh,,,1889.9954,7.28,39.07
subbasin,MHU,Mahi Upper,subbasin||MHU,,Mahi Basin,Mahi Upper,district,Gujarat||Sabar Kantha,Sabar Kantha,district||Gujarat||Sabar Kantha,Gujarat,,,0.0318,0.0,0.0
subbasin,MHU,Mahi Upper,subbasin||MHU,,Mahi Basin,Mahi Upper,district,Rajasthan||Udaipur,Udaipur,district||Rajasthan||Udaipur,Rajasthan,,,5404.122,20.82,46.07
subbasin,MHU,Mahi Upper,subbasin||MHU,,Mahi Basin,Mahi Upper,district,Madhya Pradesh||Ujjain,Ujjain,district||Madhya Pradesh||Ujjain,Madhya Pradesh,,,0.7338,0.0,0.01
subbasin,MAN,Mangpui Lui and others,subbasin||MAN,,Minor rivers draining into Myanmar Basin,Mangpui Lui and others,district,Mizoram||Aizawl,Aizawl,district||Mizoram||Aizawl,Mizoram,,,87.3675,1.05,2.76
subbasin,MAN,Mangpui Lui and others,subbasin||MAN,,Minor rivers draining into Myanmar Basin,Mangpui Lui and others,district,Mizoram||Champhai,Champhai,district||Mizoram||Champhai,Mizoram,,,2236.6726,26.97,65.92
subbasin,MAN,Mangpui Lui and others,subbasin||MAN,,Minor rivers draining into Myanmar Basin,Mangpui Lui and others,district,Mizoram||Lawngtlai,Lawngtlai,district||Mizoram||Lawngtlai,Mizoram,,,1309.7534,15.79,53.9
subbasin,MAN,Mangpui Lui and others,subbasin||MAN,,Minor rivers draining into Myanmar Basin,Mangpui Lui and others,district,Mizoram||Lunglei,Lunglei,district||Mizoram||Lunglei,Mizoram,,,1840.4332,22.19,40.49
subbasin,MAN,Mangpui Lui and others,subbasin||MAN,,Minor rivers draining into Myanmar Basin,Mangpui Lui and others,district,Mizoram||Saiha,Saiha,district||Mizoram||Saiha,Mizoram,,,1508.2736,18.19,98.98
subbasin,MAN,Mangpui Lui and others,subbasin||MAN,,Minor rivers draining into Myanmar Basin,Mangpui Lui and others,district,Mizoram||Serchhip,Serchhip,district||Mizoram||Serchhip,Mizoram,,,1189.2072,14.34,82.1
subbasin,MAJ,Manjra,subbasin||MAJ,,Godavari Basin,Manjra,district,Maharashtra||Ahamadnagar,Ahamadnagar,district||Maharashtra||Ahamadnagar,Maharashtra,,,57.5126,0.19,0.34
subbasin,MAJ,Manjra,subbasin||MAJ,,Godavari Basin,Manjra,district,Maharashtra||Bid,Bid,district||Maharashtra||Bid,Maharashtra,,,2268.4178,7.47,21.34
subbasin,MAJ,Manjra,subbasin||MAJ,,Godavari Basin,Manjra,district,Karnataka||Bidar,Bidar,district||Karnataka||Bidar,Karnataka,,,4613.7519,15.2,84.49
subbasin,MAJ,Manjra,subbasin||MAJ,,Godavari Basin,Manjra,district,Karnataka||Kalaburagi,Kalaburagi,district||Karnataka||Kalaburagi,Karnataka,,,0.6438,0.0,0.01
subbasin,MAJ,Manjra,subbasin||MAJ,,Godavari Basin,Manjra,district,Telangana||Kamareddy,Kamareddy,district||Telangana||Kamareddy,Telangana,,,2603.9514,8.58,69.16
subbasin,MAJ,Manjra,subbasin||MAJ,,Godavari Basin,Manjra,district,Maharashtra||Latur,Latur,district||Maharashtra||Latur,Maharashtra,,,7144.295,23.54,99.11
subbasin,MAJ,Manjra,subbasin||MAJ,,Godavari Basin,Manjra,district,Telangana||Medak,Medak,district||Telangana||Medak,Telangana,,,2497.5257,8.23,91.39
subbasin,MAJ,Manjra,subbasin||MAJ,,Godavari Basin,Manjra,district,Telangana||Medchal-Malkajgiri,Medchal-Malkajgiri,district||Telangana||Medchal-Malkajgiri,Telangana,,,49.0243,0.16,4.51
subbasin,MAJ,Manjra,subbasin||MAJ,,Godavari Basin,Manjra,district,Maharashtra||Nanded,Nanded,district||Maharashtra||Nanded,Maharashtra,,,2805.6813,9.24,26.6
subbasin,MAJ,Manjra,subbasin||MAJ,,Godavari Basin,Manjra,district,Telangana||Nizamabad,Nizamabad,district||Telangana||Nizamabad,Telangana,,,307.8152,1.01,7.32
subbasin,MAJ,Manjra,subbasin||MAJ,,Godavari Basin,Manjra,district,Maharashtra||Parbhani,Parbhani,district||Maharashtra||Parbhani,Maharashtra,,,0.4939,0.0,0.01
subbasin,MAJ,Manjra,subbasin||MAJ,,Godavari Basin,Manjra,district,Telangana||Rangareddy,Rangareddy,district||Telangana||Rangareddy,Telangana,,,83.3524,0.27,1.67
subbasin,MAJ,Manjra,subbasin||MAJ,,Godavari Basin,Manjra,district,Telangana||Sangareddy,Sangareddy,district||Telangana||Sangareddy,Telangana,,,4238.8353,13.97,95.5
subbasin,MAJ,Manjra,subbasin||MAJ,,Godavari Basin,Manjra,district,Telangana||Siddipet,Siddipet,district||Telangana||Siddipet,Telangana,,,274.2153,0.9,7.38
subbasin,MAJ,Manjra,subbasin||MAJ,,Godavari Basin,Manjra,district,Maharashtra||Usmanabad,Usmanabad,district||Maharashtra||Usmanabad,Maharashtra,,,3043.5969,10.03,40.22
subbasin,MAJ,Manjra,subbasin||MAJ,,Godavari Basin,Manjra,district,Telangana||Vikarabad,Vikarabad,district||Telangana||Vikarabad,Telangana,,,369.9108,1.22,9.98
subbasin,MHO,Muhury and Others,subbasin||MHO,,Minor rivers draining into Bangladesh Basin,Muhury and Others,district,Tripura||Gomati,Gomati,district||Tripura||Gomati,Tripura,,,120.8742,6.93,7.52
subbasin,MHO,Muhury and Others,subbasin||MHO,,Minor rivers draining into Bangladesh Basin,Muhury and Others,district,Tripura||Sepahijala,Sepahijala,district||Tripura||Sepahijala,Tripura,,,152.1457,8.73,14.45
subbasin,MHO,Muhury and Others,subbasin||MHO,,Minor rivers draining into Bangladesh Basin,Muhury and Others,district,Tripura||South Tripura,South Tripura,district||Tripura||South Tripura,Tripura,,,1423.1136,81.63,97.14
subbasin,NAG,Nagvati and other,subbasin||NAG,,East flowing rivers between Mahanadi and Godavari Basin,Nagvati and other,district,Andhra Pradesh||East Godavari,East Godavari,district||Andhra Pradesh||East Godavari,Andhra Pradesh,,,4748.9104,18.93,36.64
subbasin,NAG,Nagvati and other,subbasin||NAG,,East flowing rivers between Mahanadi and Godavari Basin,Nagvati and other,district,Odisha||Kalahandi,Kalahandi,district||Odisha||Kalahandi,Odisha,,,488.1716,1.95,6.17
subbasin,NAG,Nagvati and other,subbasin||NAG,,East flowing rivers between Mahanadi and Godavari Basin,Nagvati and other,district,Odisha||Koraput,Koraput,district||Odisha||Koraput,Odisha,,,1504.5934,6.0,17.9
subbasin,NAG,Nagvati and other,subbasin||NAG,,East flowing rivers between Mahanadi and Godavari Basin,Nagvati and other,district,Odisha||Rayagarha,Rayagarha,district||Odisha||Rayagarha,Odisha,,,2332.8973,9.3,31.85
subbasin,NAG,Nagvati and other,subbasin||NAG,,East flowing rivers between Mahanadi and Godavari Basin,Nagvati and other,district,Andhra Pradesh||Srikakulam,Srikakulam,district||Andhra Pradesh||Srikakulam,Andhra Pradesh,,,2214.1536,8.83,37.74
subbasin,NAG,Nagvati and other,subbasin||NAG,,East flowing rivers between Mahanadi and Godavari Basin,Nagvati and other,district,Andhra Pradesh||Visakhapatnam,Visakhapatnam,district||Andhra Pradesh||Visakhapatnam,Andhra Pradesh,,,7776.9809,31.0,67.14
subbasin,NAG,Nagvati and other,subbasin||NAG,,East flowing rivers between Mahanadi and Godavari Basin,Nagvati and other,district,Andhra Pradesh||Vizianagaram,Vizianagaram,district||Andhra Pradesh||Vizianagaram,Andhra Pradesh,,,5921.4675,23.6,96.44
subbasin,NAO,Naoch chara and others,subbasin||NAO,,Barak and others Basin,Naoch chara and others,district,Tripura||Dhalai,Dhalai,district||Tripura||Dhalai,Tripura,,,2262.2185,28.26,99.46
subbasin,NAO,Naoch chara and others,subbasin||NAO,,Barak and others Basin,Naoch chara and others,district,Tripura||Gomati,Gomati,district||Tripura||Gomati,Tripura,,,1486.5614,18.57,92.44
subbasin,NAO,Naoch chara and others,subbasin||NAO,,Barak and others Basin,Naoch chara and others,district,Tripura||Khowai,Khowai,district||Tripura||Khowai,Tripura,,,1047.8071,13.09,98.59
subbasin,NAO,Naoch chara and others,subbasin||NAO,,Barak and others Basin,Naoch chara and others,district,Mizoram||Mamit,Mamit,district||Mizoram||Mamit,Mizoram,,,3.7675,0.05,0.12
subbasin,NAO,Naoch chara and others,subbasin||NAO,,Barak and others Basin,Naoch chara and others,district,Tripura||North Tripura,North Tripura,district||Tripura||North Tripura,Tripura,,,655.905,8.19,48.94
subbasin,NAO,Naoch chara and others,subbasin||NAO,,Barak and others Basin,Naoch chara and others,district,Tripura||Sepahijala,Sepahijala,district||Tripura||Sepahijala,Tripura,,,881.5493,11.01,83.73
subbasin,NAO,Naoch chara and others,subbasin||NAO,,Barak and others Basin,Naoch chara and others,district,Tripura||South Tripura,South Tripura,district||Tripura||South Tripura,Tripura,,,7.2874,0.09,0.5
subbasin,NAO,Naoch chara and others,subbasin||NAO,,Barak and others Basin,Naoch chara and others,district,Tripura||Unokoti,Unokoti,district||Tripura||Unokoti,Tripura,,,663.2308,8.29,94.94
subbasin,NAO,Naoch chara and others,subbasin||NAO,,Barak and others Basin,Naoch chara and others,district,Tripura||West Tripura,West Tripura,district||Tripura||West Tripura,Tripura,,,924.3753,11.55,98.1
subbasin,NAL,Narmada Lower,subbasin||NAL,,Narmada Basin,Narmada Lower,district,Madhya Pradesh||Alirajpur,Alirajpur,district||Madhya Pradesh||Alirajpur,Madhya Pradesh,,,970.4797,9.61,29.04
subbasin,NAL,Narmada Lower,subbasin||NAL,,Narmada Basin,Narmada Lower,district,Gujarat||Bharuch,Bharuch,district||Gujarat||Bharuch,Gujarat,,,2608.3675,25.82,53.12
subbasin,NAL,Narmada Lower,subbasin||NAL,,Narmada Basin,Narmada Lower,district,Gujarat||Chhota Udepur,Chhota Udepur,district||Gujarat||Chhota Udepur,Gujarat,,,3162.129,31.3,91.39
subbasin,NAL,Narmada Lower,subbasin||NAL,,Narmada Basin,Narmada Lower,district,Gujarat||Dahod,Dahod,district||Gujarat||Dahod,Gujarat,,,62.8507,0.62,1.73
subbasin,NAL,Narmada Lower,subbasin||NAL,,Narmada Basin,Narmada Lower,district,Disputed (Madhya Pradesh & Gujarat)||Disputed (Alirajpur & Dahod),Disputed (Alirajpur & Dahod),district||Disputed (Madhya Pradesh & Gujarat)||Disputed (Alirajpur & Dahod),Disputed (Madhya Pradesh & Gujarat),,,2.011,0.02,83.6
subbasin,NAL,Narmada Lower,subbasin||NAL,,Narmada Basin,Narmada Lower,district,Maharashtra||Nandurbar,Nandurbar,district||Maharashtra||Nandurbar,Maharashtra,,,30.5805,0.3,0.52
subbasin,NAL,Narmada Lower,subbasin||NAL,,Narmada Basin,Narmada Lower,district,Gujarat||Narmada,Narmada,district||Gujarat||Narmada,Gujarat,,,2208.37,21.86,77.5
subbasin,NAL,Narmada Lower,subbasin||NAL,,Narmada Basin,Narmada Lower,district,Gujarat||Panch Mahals,Panch Mahals,district||Gujarat||Panch Mahals,Gujarat,,,133.474,1.32,4.07
subbasin,NAL,Narmada Lower,subbasin||NAL,,Narmada Basin,Narmada Lower,district,Gujarat||Surat,Surat,district||Gujarat||Surat,Gujarat,,,209.4159,2.07,4.82
subbasin,NAL,Narmada Lower,subbasin||NAL,,Narmada Basin,Narmada Lower,district,Gujarat||Vadodara,Vadodara,district||Gujarat||Vadodara,Gujarat,,,596.1131,5.9,14.55
subbasin,NAM,Narmada Middle,subbasin||NAM,,Narmada Basin,Narmada Middle,district,Madhya Pradesh||Alirajpur,Alirajpur,district||Madhya Pradesh||Alirajpur,Madhya Pradesh,,,2143.195,5.08,64.13
subbasin,NAM,Narmada Middle,subbasin||NAM,,Narmada Basin,Narmada Middle,district,Madhya Pradesh||Barwani,Barwani,district||Madhya Pradesh||Barwani,Madhya Pradesh,,,3990.5241,9.47,73.48
subbasin,NAM,Narmada Middle,subbasin||NAM,,Narmada Basin,Narmada Middle,district,Madhya Pradesh||Betul,Betul,district||Madhya Pradesh||Betul,Madhya Pradesh,,,979.0866,2.32,9.74
subbasin,NAM,Narmada Middle,subbasin||NAM,,Narmada Basin,Narmada Middle,district,Madhya Pradesh||Bhopal,Bhopal,district||Madhya Pradesh||Bhopal,Madhya Pradesh,,,11.7372,0.03,0.42
subbasin,NAM,Narmada Middle,subbasin||NAM,,Narmada Basin,Narmada Middle,district,Madhya Pradesh||Burhanpur,Burhanpur,district||Madhya Pradesh||Burhanpur,Madhya Pradesh,,,376.6078,0.89,11.65
subbasin,NAM,Narmada Middle,subbasin||NAM,,Narmada Basin,Narmada Middle,district,Gujarat||Chhota Udepur,Chhota Udepur,district||Gujarat||Chhota Udepur,Gujarat,,,167.3254,0.4,4.84
subbasin,NAM,Narmada Middle,subbasin||NAM,,Narmada Basin,Narmada Middle,district,Madhya Pradesh||Dewas,Dewas,district||Madhya Pradesh||Dewas,Madhya Pradesh,,,3916.1716,9.29,55.91
subbasin,NAM,Narmada Middle,subbasin||NAM,,Narmada Basin,Narmada Middle,district,Madhya Pradesh||Dhar,Dhar,district||Madhya Pradesh||Dhar,Madhya Pradesh,,,4943.5884,11.73,60.58
subbasin,NAM,Narmada Middle,subbasin||NAM,,Narmada Basin,Narmada Middle,district,Maharashtra||Dhule,Dhule,district||Maharashtra||Dhule,Maharashtra,,,10.3086,0.02,0.14
subbasin,NAM,Narmada Middle,subbasin||NAM,,Narmada Basin,Narmada Middle,district,Madhya Pradesh||East Nimar,East Nimar,district||Madhya Pradesh||East Nimar,Madhya Pradesh,,,6738.1018,15.98,90.3
subbasin,NAM,Narmada Middle,subbasin||NAM,,Narmada Basin,Narmada Middle,district,Madhya Pradesh||Harda,Harda,district||Madhya Pradesh||Harda,Madhya Pradesh,,,3274.2442,7.77,98.13
subbasin,NAM,Narmada Middle,subbasin||NAM,,Narmada Basin,Narmada Middle,district,Madhya Pradesh||Hoshangabad,Hoshangabad,district||Madhya Pradesh||Hoshangabad,Madhya Pradesh,,,2034.6461,4.83,30.45
subbasin,NAM,Narmada Middle,subbasin||NAM,,Narmada Basin,Narmada Middle,district,Madhya Pradesh||Indore,Indore,district||Madhya Pradesh||Indore,Madhya Pradesh,,,1051.1363,2.49,26.92
subbasin,NAM,Narmada Middle,subbasin||NAM,,Narmada Basin,Narmada Middle,district,Madhya Pradesh||Jhabua,Jhabua,district||Madhya Pradesh||Jhabua,Madhya Pradesh,,,8.8516,0.02,0.26
subbasin,NAM,Narmada Middle,subbasin||NAM,,Narmada Basin,Narmada Middle,district,Maharashtra||Nandurbar,Nandurbar,district||Maharashtra||Nandurbar,Maharashtra,,,1613.2941,3.83,27.23
subbasin,NAM,Narmada Middle,subbasin||NAM,,Narmada Basin,Narmada Middle,district,Gujarat||Narmada,Narmada,district||Gujarat||Narmada,Gujarat,,,218.6721,0.52,7.67
subbasin,NAM,Narmada Middle,subbasin||NAM,,Narmada Basin,Narmada Middle,district,Madhya Pradesh||Raisen,Raisen,district||Madhya Pradesh||Raisen,Madhya Pradesh,,,120.1393,0.28,1.41
subbasin,NAM,Narmada Middle,subbasin||NAM,,Narmada Basin,Narmada Middle,district,Madhya Pradesh||Sehore,Sehore,district||Madhya Pradesh||Sehore,Madhya Pradesh,,,2929.7953,6.95,44.71
subbasin,NAM,Narmada Middle,subbasin||NAM,,Narmada Basin,Narmada Middle,district,Madhya Pradesh||West Nimar,West Nimar,district||Madhya Pradesh||West Nimar,Madhya Pradesh,,,7646.4672,18.14,95.22
subbasin,NAU,Narmada Upper,subbasin||NAU,,Narmada Basin,Narmada Upper,district,Madhya Pradesh||Anuppur,Anuppur,district||Madhya Pradesh||Anuppur,Madhya Pradesh,,,534.3544,1.19,14.16
subbasin,NAU,Narmada Upper,subbasin||NAU,,Narmada Basin,Narmada Upper,district,Madhya Pradesh||Balaghat,Balaghat,district||Madhya Pradesh||Balaghat,Madhya Pradesh,,,2307.0169,5.14,24.96
subbasin,NAU,Narmada Upper,subbasin||NAU,,Narmada Basin,Narmada Upper,district,Madhya Pradesh||Betul,Betul,district||Madhya Pradesh||Betul,Madhya Pradesh,,,2880.1213,6.41,28.65
subbasin,NAU,Narmada Upper,subbasin||NAU,,Narmada Basin,Narmada Upper,district,Madhya Pradesh||Chhindwara,Chhindwara,district||Madhya Pradesh||Chhindwara,Madhya Pradesh,,,3536.5258,7.88,29.97
subbasin,NAU,Narmada Upper,subbasin||NAU,,Narmada Basin,Narmada Upper,district,Madhya Pradesh||Damoh,Damoh,district||Madhya Pradesh||Damoh,Madhya Pradesh,,,418.9561,0.93,5.75
subbasin,NAU,Narmada Upper,subbasin||NAU,,Narmada Basin,Narmada Upper,district,Madhya Pradesh||Dindori,Dindori,district||Madhya Pradesh||Dindori,Madhya Pradesh,,,4770.3257,10.62,82.71
subbasin,NAU,Narmada Upper,subbasin||NAU,,Narmada Basin,Narmada Upper,district,Chhattisgarh||Gaurela-Pendra-Marwahi,Gaurela-Pendra-Marwahi,district||Chhattisgarh||Gaurela-Pendra-Marwahi,Chhattisgarh,,,1.0268,0.0,0.05
subbasin,NAU,Narmada Upper,subbasin||NAU,,Narmada Basin,Narmada Upper,district,Madhya Pradesh||Hoshangabad,Hoshangabad,district||Madhya Pradesh||Hoshangabad,Madhya Pradesh,,,4648.1965,10.35,69.55
subbasin,NAU,Narmada Upper,subbasin||NAU,,Narmada Basin,Narmada Upper,district,Madhya Pradesh||Jabalpur,Jabalpur,district||Madhya Pradesh||Jabalpur,Madhya Pradesh,,,4800.5904,10.69,94.23
subbasin,NAU,Narmada Upper,subbasin||NAU,,Narmada Basin,Narmada Upper,district,Chhattisgarh||Kabirdham,Kabirdham,district||Chhattisgarh||Kabirdham,Chhattisgarh,,,616.8644,1.37,14.7
subbasin,NAU,Narmada Upper,subbasin||NAU,,Narmada Basin,Narmada Upper,district,Madhya Pradesh||Katni,Katni,district||Madhya Pradesh||Katni,Madhya Pradesh,,,1134.4385,2.53,22.48
subbasin,NAU,Narmada Upper,subbasin||NAU,,Narmada Basin,Narmada Upper,district,Madhya Pradesh||Mandla,Mandla,district||Madhya Pradesh||Mandla,Madhya Pradesh,,,6644.5165,14.8,88.4
subbasin,NAU,Narmada Upper,subbasin||NAU,,Narmada Basin,Narmada Upper,district,Chhattisgarh||Mungeli,Mungeli,district||Chhattisgarh||Mungeli,Chhattisgarh,,,5.1287,0.01,0.18
subbasin,NAU,Narmada Upper,subbasin||NAU,,Narmada Basin,Narmada Upper,district,Madhya Pradesh||Narshimapura,Narshimapura,district||Madhya Pradesh||Narshimapura,Madhya Pradesh,,,4972.8032,11.07,97.35
subbasin,NAU,Narmada Upper,subbasin||NAU,,Narmada Basin,Narmada Upper,district,Madhya Pradesh||Raisen,Raisen,district||Madhya Pradesh||Raisen,Madhya Pradesh,,,4534.0139,10.1,53.37
subbasin,NAU,Narmada Upper,subbasin||NAU,,Narmada Basin,Narmada Upper,district,Chhattisgarh||Raj Nandgaon,Raj Nandgaon,district||Chhattisgarh||Raj Nandgaon,Chhattisgarh,,,85.4206,0.19,1.06
subbasin,NAU,Narmada Upper,subbasin||NAU,,Narmada Basin,Narmada Upper,district,Madhya Pradesh||Sagar,Sagar,district||Madhya Pradesh||Sagar,Madhya Pradesh,,,382.5231,0.85,3.73
subbasin,NAU,Narmada Upper,subbasin||NAU,,Narmada Basin,Narmada Upper,district,Madhya Pradesh||Sehore,Sehore,district||Madhya Pradesh||Sehore,Madhya Pradesh,,,370.0971,0.82,5.65
subbasin,NAU,Narmada Upper,subbasin||NAU,,Narmada Basin,Narmada Upper,district,Madhya Pradesh||Seoni,Seoni,district||Madhya Pradesh||Seoni,Madhya Pradesh,,,2244.2201,5.0,25.64
subbasin,NAU,Narmada Upper,subbasin||NAU,,Narmada Basin,Narmada Upper,district,Madhya Pradesh||Umaria,Umaria,district||Madhya Pradesh||Umaria,Madhya Pradesh,,,1.2252,0.0,0.03
subbasin,NET,Netravati and others,subbasin||NET,,West flowing rivers South of Tapi Basin,Netravati and others,district,Karnataka||Chikkamagaluru,Chikkamagaluru,district||Karnataka||Chikkamagaluru,Karnataka,,,162.2494,0.86,2.25
subbasin,NET,Netravati and others,subbasin||NET,,West flowing rivers South of Tapi Basin,Netravati and others,district,Karnataka||Dakshina Kannada,Dakshina Kannada,district||Karnataka||Dakshina Kannada,Karnataka,,,4847.0415,25.75,99.87
subbasin,NET,Netravati and others,subbasin||NET,,West flowing rivers South of Tapi Basin,Netravati and others,district,Karnataka||Hassan,Hassan,district||Karnataka||Hassan,Karnataka,,,469.3633,2.49,6.87
subbasin,NET,Netravati and others,subbasin||NET,,West flowing rivers South of Tapi Basin,Netravati and others,district,Kerala||Kannur,Kannur,district||Kerala||Kannur,Kerala,,,2822.7572,14.99,95.28
subbasin,NET,Netravati and others,subbasin||NET,,West flowing rivers South of Tapi Basin,Netravati and others,district,Kerala||Kasaragod,Kasaragod,district||Kerala||Kasaragod,Kerala,,,1965.5853,10.44,98.52
subbasin,NET,Netravati and others,subbasin||NET,,West flowing rivers South of Tapi Basin,Netravati and others,district,Karnataka||Kodagu,Kodagu,district||Karnataka||Kodagu,Karnataka,,,1241.4371,6.59,30.11
subbasin,NET,Netravati and others,subbasin||NET,,West flowing rivers South of Tapi Basin,Netravati and others,district,Kerala||Kozhikode,Kozhikode,district||Kerala||Kozhikode,Kerala,,,0.0193,0.0,0.0
subbasin,NET,Netravati and others,subbasin||NET,,West flowing rivers South of Tapi Basin,Netravati and others,district,Puducherry||Mahe,Mahe,district||Puducherry||Mahe,Puducherry,,,3.8165,0.02,47.18
subbasin,NET,Netravati and others,subbasin||NET,,West flowing rivers South of Tapi Basin,Netravati and others,district,Karnataka||Shivamogga,Shivamogga,district||Karnataka||Shivamogga,Karnataka,,,2705.677,14.37,31.89
subbasin,NET,Netravati and others,subbasin||NET,,West flowing rivers South of Tapi Basin,Netravati and others,district,Karnataka||Udupi,Udupi,district||Karnataka||Udupi,Karnataka,,,3476.8374,18.47,97.94
subbasin,NET,Netravati and others,subbasin||NET,,West flowing rivers South of Tapi Basin,Netravati and others,district,Karnataka||Uttara Kannada,Uttara Kannada,district||Karnataka||Uttara Kannada,Karnataka,,,1044.004,5.55,10.16
subbasin,NET,Netravati and others,subbasin||NET,,West flowing rivers South of Tapi Basin,Netravati and others,district,Kerala||Wayanad,Wayanad,district||Kerala||Wayanad,Kerala,,,21.5283,0.11,1.0
subbasin,PAL,Palar and other,subbasin||PAL,,East flowing rivers between Pennar and Cauvery Basin,Palar and other,district,Karnataka||Bengaluru Rural,Bengaluru Rural,district||Karnataka||Bengaluru Rural,Karnataka,,,71.4155,0.2,3.13
subbasin,PAL,Palar and other,subbasin||PAL,,East flowing rivers between Pennar and Cauvery Basin,Palar and other,district,Tamil Nadu||Chengalpattu,Chengalpattu,district||Tamil Nadu||Chengalpattu,Tamil Nadu,,,1975.8171,5.56,71.81
subbasin,PAL,Palar and other,subbasin||PAL,,East flowing rivers between Pennar and Cauvery Basin,Palar and other,district,Tamil Nadu||Chennai,Chennai,district||Tamil Nadu||Chennai,Tamil Nadu,,,334.7124,0.94,98.3
subbasin,PAL,Palar and other,subbasin||PAL,,East flowing rivers between Pennar and Cauvery Basin,Palar and other,district,Karnataka||Chik Ballapur,Chik Ballapur,district||Karnataka||Chik Ballapur,Karnataka,,,352.5014,0.99,8.32
subbasin,PAL,Palar and other,subbasin||PAL,,East flowing rivers between Pennar and Cauvery Basin,Palar and other,district,Andhra Pradesh||Chittoor,Chittoor,district||Andhra Pradesh||Chittoor,Andhra Pradesh,,,9925.2862,27.91,65.96
subbasin,PAL,Palar and other,subbasin||PAL,,East flowing rivers between Pennar and Cauvery Basin,Palar and other,district,Tamil Nadu||Kanchipuram,Kanchipuram,district||Tamil Nadu||Kanchipuram,Tamil Nadu,,,1746.0883,4.91,99.79
subbasin,PAL,Palar and other,subbasin||PAL,,East flowing rivers between Pennar and Cauvery Basin,Palar and other,district,Karnataka||Kolar,Kolar,district||Karnataka||Kolar,Karnataka,,,2417.1962,6.8,61.14
subbasin,PAL,Palar and other,subbasin||PAL,,East flowing rivers between Pennar and Cauvery Basin,Palar and other,district,Tamil Nadu||Krishnagiri,Krishnagiri,district||Tamil Nadu||Krishnagiri,Tamil Nadu,,,0.0542,0.0,0.0
subbasin,PAL,Palar and other,subbasin||PAL,,East flowing rivers between Pennar and Cauvery Basin,Palar and other,district,Andhra Pradesh||Potti Sriramulu Nellore,Potti Sriramulu Nellore,district||Andhra Pradesh||Potti Sriramulu Nellore,Andhra Pradesh,,,6163.135,17.33,46.58
subbasin,PAL,Palar and other,subbasin||PAL,,East flowing rivers between Pennar and Cauvery Basin,Palar and other,district,Tamil Nadu||Ranippettai,Ranippettai,district||Tamil Nadu||Ranippettai,Tamil Nadu,,,1849.9388,5.2,100.0
subbasin,PAL,Palar and other,subbasin||PAL,,East flowing rivers between Pennar and Cauvery Basin,Palar and other,district,Tamil Nadu||Tiruppattur,Tiruppattur,district||Tamil Nadu||Tiruppattur,Tamil Nadu,,,1205.9909,3.39,57.33
subbasin,PAL,Palar and other,subbasin||PAL,,East flowing rivers between Pennar and Cauvery Basin,Palar and other,district,Tamil Nadu||Tiruvallur,Tiruvallur,district||Tamil Nadu||Tiruvallur,Tamil Nadu,,,3194.3716,8.98,99.16
subbasin,PAL,Palar and other,subbasin||PAL,,East flowing rivers between Pennar and Cauvery Basin,Palar and other,district,Tamil Nadu||Tiruvannamalai,Tiruvannamalai,district||Tamil Nadu||Tiruvannamalai,Tamil Nadu,,,4081.1672,11.48,66.33
subbasin,PAL,Palar and other,subbasin||PAL,,East flowing rivers between Pennar and Cauvery Basin,Palar and other,district,Tamil Nadu||Vellore,Vellore,district||Tamil Nadu||Vellore,Tamil Nadu,,,2134.8522,6.0,100.0
subbasin,PAL,Palar and other,subbasin||PAL,,East flowing rivers between Pennar and Cauvery Basin,Palar and other,district,Tamil Nadu||Villupuram,Villupuram,district||Tamil Nadu||Villupuram,Tamil Nadu,,,0.8211,0.0,0.02
subbasin,PAL,Palar and other,subbasin||PAL,,East flowing rivers between Pennar and Cauvery Basin,Palar and other,district,Andhra Pradesh||Y S R Kadapa,Y S R Kadapa,district||Andhra Pradesh||Y S R Kadapa,Andhra Pradesh,,,82.8259,0.23,0.54
subbasin,PAM,Pamba and others,subbasin||PAM,,East flowing rivers South of Cauvery Basin,Pamba and others,district,Tamil Nadu||Dindigul,Dindigul,district||Tamil Nadu||Dindigul,Tamil Nadu,,,1676.3345,9.33,27.7
subbasin,PAM,Pamba and others,subbasin||PAM,,East flowing rivers South of Cauvery Basin,Pamba and others,district,Kerala||Idukki,Idukki,district||Kerala||Idukki,Kerala,,,28.0369,0.16,0.64
subbasin,PAM,Pamba and others,subbasin||PAM,,East flowing rivers South of Cauvery Basin,Pamba and others,district,Tamil Nadu||Madurai,Madurai,district||Tamil Nadu||Madurai,Tamil Nadu,,,1627.8789,9.06,43.82
subbasin,PAM,Pamba and others,subbasin||PAM,,East flowing rivers South of Cauvery Basin,Pamba and others,district,Tamil Nadu||Pudukkottai,Pudukkottai,district||Tamil Nadu||Pudukkottai,Tamil Nadu,,,3899.1307,21.71,84.15
subbasin,PAM,Pamba and others,subbasin||PAM,,East flowing rivers South of Cauvery Basin,Pamba and others,district,Tamil Nadu||Ramanathapuram,Ramanathapuram,district||Tamil Nadu||Ramanathapuram,Tamil Nadu,,,2381.7987,13.26,57.27
subbasin,PAM,Pamba and others,subbasin||PAM,,East flowing rivers South of Cauvery Basin,Pamba and others,district,Tamil Nadu||Sivaganga,Sivaganga,district||Tamil Nadu||Sivaganga,Tamil Nadu,,,3865.5804,21.53,91.34
subbasin,PAM,Pamba and others,subbasin||PAM,,East flowing rivers South of Cauvery Basin,Pamba and others,district,Tamil Nadu||Teni,Teni,district||Tamil Nadu||Teni,Tamil Nadu,,,2844.1932,15.84,99.29
subbasin,PAM,Pamba and others,subbasin||PAM,,East flowing rivers South of Cauvery Basin,Pamba and others,district,Tamil Nadu||Thanjavur,Thanjavur,district||Tamil Nadu||Thanjavur,Tamil Nadu,,,1200.0986,6.68,35.05
subbasin,PAM,Pamba and others,subbasin||PAM,,East flowing rivers South of Cauvery Basin,Pamba and others,district,Tamil Nadu||Tiruchirapalli,Tiruchirapalli,district||Tamil Nadu||Tiruchirapalli,Tamil Nadu,,,390.3189,2.17,8.69
subbasin,PAM,Pamba and others,subbasin||PAM,,East flowing rivers South of Cauvery Basin,Pamba and others,district,Tamil Nadu||Virudhunagar,Virudhunagar,district||Tamil Nadu||Virudhunagar,Tamil Nadu,,,1.3539,0.01,0.03
subbasin,PEL,Pennar Lower,subbasin||PEL,,Pennar Basin,Pennar Lower,district,Andhra Pradesh||Chittoor,Chittoor,district||Andhra Pradesh||Chittoor,Andhra Pradesh,,,3507.8427,19.29,23.31
subbasin,PEL,Pennar Lower,subbasin||PEL,,Pennar Basin,Pennar Lower,district,Karnataka||Kolar,Kolar,district||Karnataka||Kolar,Karnataka,,,13.7443,0.08,0.35
subbasin,PEL,Pennar Lower,subbasin||PEL,,Pennar Basin,Pennar Lower,district,Andhra Pradesh||Kurnool,Kurnool,district||Andhra Pradesh||Kurnool,Andhra Pradesh,,,21.0461,0.12,0.12
subbasin,PEL,Pennar Lower,subbasin||PEL,,Pennar Basin,Pennar Lower,district,Andhra Pradesh||Potti Sriramulu Nellore,Potti Sriramulu Nellore,district||Andhra Pradesh||Potti Sriramulu Nellore,Andhra Pradesh,,,4145.497,22.79,31.33
subbasin,PEL,Pennar Lower,subbasin||PEL,,Pennar Basin,Pennar Lower,district,Andhra Pradesh||Prakasam,Prakasam,district||Andhra Pradesh||Prakasam,Andhra Pradesh,,,972.146,5.34,5.51
subbasin,PEL,Pennar Lower,subbasin||PEL,,Pennar Basin,Pennar Lower,district,Andhra Pradesh||Y S R Kadapa,Y S R Kadapa,district||Andhra Pradesh||Y S R Kadapa,Andhra Pradesh,,,9525.7486,52.37,62.12
subbasin,PEU,Pennar Upper,subbasin||PEU,,Pennar Basin,Pennar Upper,district,Andhra Pradesh||Anantapur,Anantapur,district||Andhra Pradesh||Anantapur,Andhra Pradesh,,,14856.3272,40.46,76.58
subbasin,PEU,Pennar Upper,subbasin||PEU,,Pennar Basin,Pennar Upper,district,Karnataka||Bengaluru Rural,Bengaluru Rural,district||Karnataka||Bengaluru Rural,Karnataka,,,379.6698,1.03,16.62
subbasin,PEU,Pennar Upper,subbasin||PEU,,Pennar Basin,Pennar Upper,district,Karnataka||Chik Ballapur,Chik Ballapur,district||Karnataka||Chik Ballapur,Karnataka,,,3398.7481,9.26,80.25
subbasin,PEU,Pennar Upper,subbasin||PEU,,Pennar Basin,Pennar Upper,district,Andhra Pradesh||Chittoor,Chittoor,district||Andhra Pradesh||Chittoor,Andhra Pradesh,,,1503.993,4.1,9.99
subbasin,PEU,Pennar Upper,subbasin||PEU,,Pennar Basin,Pennar Upper,district,Karnataka||Kolar,Kolar,district||Karnataka||Kolar,Karnataka,,,364.5337,0.99,9.22
subbasin,PEU,Pennar Upper,subbasin||PEU,,Pennar Basin,Pennar Upper,district,Andhra Pradesh||Kurnool,Kurnool,district||Andhra Pradesh||Kurnool,Andhra Pradesh,,,7800.2036,21.24,44.81
subbasin,PEU,Pennar Upper,subbasin||PEU,,Pennar Basin,Pennar Upper,district,Andhra Pradesh||Prakasam,Prakasam,district||Andhra Pradesh||Prakasam,Andhra Pradesh,,,20.4889,0.06,0.12
subbasin,PEU,Pennar Upper,subbasin||PEU,,Pennar Basin,Pennar Upper,district,Karnataka||Tumakuru,Tumakuru,district||Karnataka||Tumakuru,Karnataka,,,2666.3858,7.26,25.2
subbasin,PEU,Pennar Upper,subbasin||PEU,,Pennar Basin,Pennar Upper,district,Andhra Pradesh||Y S R Kadapa,Y S R Kadapa,district||Andhra Pradesh||Y S R Kadapa,Andhra Pradesh,,,5715.1039,15.57,37.27
subbasin,PAR,Periyar and others,subbasin||PAR,,West flowing rivers South of Tapi Basin,Periyar and others,district,Kerala||Alappuzha,Alappuzha,district||Kerala||Alappuzha,Kerala,,,1398.8795,6.54,99.21
subbasin,PAR,Periyar and others,subbasin||PAR,,West flowing rivers South of Tapi Basin,Periyar and others,district,Tamil Nadu||Coimbatore,Coimbatore,district||Tamil Nadu||Coimbatore,Tamil Nadu,,,451.104,2.11,9.55
subbasin,PAR,Periyar and others,subbasin||PAR,,West flowing rivers South of Tapi Basin,Periyar and others,district,Kerala||Ernakulam,Ernakulam,district||Kerala||Ernakulam,Kerala,,,3040.9547,14.22,99.75
subbasin,PAR,Periyar and others,subbasin||PAR,,West flowing rivers South of Tapi Basin,Periyar and others,district,Kerala||Idukki,Idukki,district||Kerala||Idukki,Kerala,,,3923.6205,18.34,90.12
subbasin,PAR,Periyar and others,subbasin||PAR,,West flowing rivers South of Tapi Basin,Periyar and others,district,Tamil Nadu||Kanyakumari,Kanyakumari,district||Tamil Nadu||Kanyakumari,Tamil Nadu,,,1609.5843,7.52,95.48
subbasin,PAR,Periyar and others,subbasin||PAR,,West flowing rivers South of Tapi Basin,Periyar and others,district,Kerala||Kollam,Kollam,district||Kerala||Kollam,Kerala,,,2491.2319,11.65,98.95
subbasin,PAR,Periyar and others,subbasin||PAR,,West flowing rivers South of Tapi Basin,Periyar and others,district,Kerala||Kottayam,Kottayam,district||Kerala||Kottayam,Kerala,,,2212.0312,10.34,100.0
subbasin,PAR,Periyar and others,subbasin||PAR,,West flowing rivers South of Tapi Basin,Periyar and others,district,Kerala||Palakkad,Palakkad,district||Kerala||Palakkad,Kerala,,,452.9234,2.12,10.08
subbasin,PAR,Periyar and others,subbasin||PAR,,West flowing rivers South of Tapi Basin,Periyar and others,district,Kerala||Pattanamthitta,Pattanamthitta,district||Kerala||Pattanamthitta,Kerala,,,2626.7329,12.28,99.88
subbasin,PAR,Periyar and others,subbasin||PAR,,West flowing rivers South of Tapi Basin,Periyar and others,district,Tamil Nadu||Teni,Teni,district||Tamil Nadu||Teni,Tamil Nadu,,,15.5198,0.07,0.54
subbasin,PAR,Periyar and others,subbasin||PAR,,West flowing rivers South of Tapi Basin,Periyar and others,district,Tamil Nadu||Tenkasi,Tenkasi,district||Tamil Nadu||Tenkasi,Tamil Nadu,,,12.0164,0.06,0.43
subbasin,PAR,Periyar and others,subbasin||PAR,,West flowing rivers South of Tapi Basin,Periyar and others,district,Kerala||Thiruvananthapuram,Thiruvananthapuram,district||Kerala||Thiruvananthapuram,Kerala,,,2176.7701,10.18,98.18
subbasin,PAR,Periyar and others,subbasin||PAR,,West flowing rivers South of Tapi Basin,Periyar and others,district,Tamil Nadu||Tirunelveli,Tirunelveli,district||Tamil Nadu||Tirunelveli,Tamil Nadu,,,28.673,0.13,0.74
subbasin,PAR,Periyar and others,subbasin||PAR,,West flowing rivers South of Tapi Basin,Periyar and others,district,Kerala||Trissur,Trissur,district||Kerala||Trissur,Kerala,,,921.4587,4.31,30.53
subbasin,PAR,Periyar and others,subbasin||PAR,,West flowing rivers South of Tapi Basin,Periyar and others,district,Tamil Nadu||Virudhunagar,Virudhunagar,district||Tamil Nadu||Virudhunagar,Tamil Nadu,,,0.6177,0.0,0.01
subbasin,PON,Ponnaiyar and other,subbasin||PON,,East flowing rivers between Pennar and Cauvery Basin,Ponnaiyar and other,district,Tamil Nadu||Ariyalur,Ariyalur,district||Tamil Nadu||Ariyalur,Tamil Nadu,,,349.562,1.24,18.13
subbasin,PON,Ponnaiyar and other,subbasin||PON,,East flowing rivers between Pennar and Cauvery Basin,Ponnaiyar and other,district,Karnataka||Bengaluru Rural,Bengaluru Rural,district||Karnataka||Bengaluru Rural,Karnataka,,,862.1411,3.06,37.73
subbasin,PON,Ponnaiyar and other,subbasin||PON,,East flowing rivers between Pennar and Cauvery Basin,Ponnaiyar and other,district,Karnataka||Bengaluru Urban,Bengaluru Urban,district||Karnataka||Bengaluru Urban,Karnataka,,,1186.62,4.21,53.92
subbasin,PON,Ponnaiyar and other,subbasin||PON,,East flowing rivers between Pennar and Cauvery Basin,Ponnaiyar and other,district,Tamil Nadu||Chengalpattu,Chengalpattu,district||Tamil Nadu||Chengalpattu,Tamil Nadu,,,754.8707,2.68,27.43
subbasin,PON,Ponnaiyar and other,subbasin||PON,,East flowing rivers between Pennar and Cauvery Basin,Ponnaiyar and other,district,Karnataka||Chik Ballapur,Chik Ballapur,district||Karnataka||Chik Ballapur,Karnataka,,,478.4284,1.7,11.3
subbasin,PON,Ponnaiyar and other,subbasin||PON,,East flowing rivers between Pennar and Cauvery Basin,Ponnaiyar and other,district,Andhra Pradesh||Chittoor,Chittoor,district||Andhra Pradesh||Chittoor,Andhra Pradesh,,,111.2871,0.39,0.74
subbasin,PON,Ponnaiyar and other,subbasin||PON,,East flowing rivers between Pennar and Cauvery Basin,Ponnaiyar and other,district,Tamil Nadu||Cuddalore,Cuddalore,district||Tamil Nadu||Cuddalore,Tamil Nadu,,,3115.6157,11.06,83.3
subbasin,PON,Ponnaiyar and other,subbasin||PON,,East flowing rivers between Pennar and Cauvery Basin,Ponnaiyar and other,district,Tamil Nadu||Dharmapuri,Dharmapuri,district||Tamil Nadu||Dharmapuri,Tamil Nadu,,,2616.184,9.28,57.96
subbasin,PON,Ponnaiyar and other,subbasin||PON,,East flowing rivers between Pennar and Cauvery Basin,Ponnaiyar and other,district,Tamil Nadu||Kallakkurichi,Kallakkurichi,district||Tamil Nadu||Kallakkurichi,Tamil Nadu,,,3524.0597,12.51,100.0
subbasin,PON,Ponnaiyar and other,subbasin||PON,,East flowing rivers between Pennar and Cauvery Basin,Ponnaiyar and other,district,Tamil Nadu||Kanchipuram,Kanchipuram,district||Tamil Nadu||Kanchipuram,Tamil Nadu,,,2.6808,0.01,0.15
subbasin,PON,Ponnaiyar and other,subbasin||PON,,East flowing rivers between Pennar and Cauvery Basin,Ponnaiyar and other,district,Karnataka||Kolar,Kolar,district||Karnataka||Kolar,Karnataka,,,1157.8078,4.11,29.29
subbasin,PON,Ponnaiyar and other,subbasin||PON,,East flowing rivers between Pennar and Cauvery Basin,Ponnaiyar and other,district,Tamil Nadu||Krishnagiri,Krishnagiri,district||Tamil Nadu||Krishnagiri,Tamil Nadu,,,3215.7667,11.41,62.86
subbasin,PON,Ponnaiyar and other,subbasin||PON,,East flowing rivers between Pennar and Cauvery Basin,Ponnaiyar and other,district,Tamil Nadu||Namakkal,Namakkal,district||Tamil Nadu||Namakkal,Tamil Nadu,,,352.4582,1.25,10.3
subbasin,PON,Ponnaiyar and other,subbasin||PON,,East flowing rivers between Pennar and Cauvery Basin,Ponnaiyar and other,district,Tamil Nadu||Perambalur,Perambalur,district||Tamil Nadu||Perambalur,Tamil Nadu,,,1141.823,4.05,65.08
subbasin,PON,Ponnaiyar and other,subbasin||PON,,East flowing rivers between Pennar and Cauvery Basin,Ponnaiyar and other,district,Puducherry||Puducherry,Puducherry,district||Puducherry||Puducherry,Puducherry,,,270.9094,0.96,99.59
subbasin,PON,Ponnaiyar and other,subbasin||PON,,East flowing rivers between Pennar and Cauvery Basin,Ponnaiyar and other,district,Tamil Nadu||Salem,Salem,district||Tamil Nadu||Salem,Tamil Nadu,,,2212.0899,7.85,36.83
subbasin,PON,Ponnaiyar and other,subbasin||PON,,East flowing rivers between Pennar and Cauvery Basin,Ponnaiyar and other,district,Tamil Nadu||Tiruchirapalli,Tiruchirapalli,district||Tamil Nadu||Tiruchirapalli,Tamil Nadu,,,132.4831,0.47,2.95
subbasin,PON,Ponnaiyar and other,subbasin||PON,,East flowing rivers between Pennar and Cauvery Basin,Ponnaiyar and other,district,Tamil Nadu||Tiruppattur,Tiruppattur,district||Tamil Nadu||Tiruppattur,Tamil Nadu,,,897.5417,3.19,42.67
subbasin,PON,Ponnaiyar and other,subbasin||PON,,East flowing rivers between Pennar and Cauvery Basin,Ponnaiyar and other,district,Tamil Nadu||Tiruvannamalai,Tiruvannamalai,district||Tamil Nadu||Tiruvannamalai,Tamil Nadu,,,2072.0432,7.35,33.67
subbasin,PON,Ponnaiyar and other,subbasin||PON,,East flowing rivers between Pennar and Cauvery Basin,Ponnaiyar and other,district,Tamil Nadu||Villupuram,Villupuram,district||Tamil Nadu||Villupuram,Tamil Nadu,,,3653.5702,12.97,99.8
subbasin,PRA,Pranhita and others,subbasin||PRA,,Godavari Basin,Pranhita and others,district,Telangana||Adilabad,Adilabad,district||Telangana||Adilabad,Telangana,,,2325.068,6.24,58.11
subbasin,PRA,Pranhita and others,subbasin||PRA,,Godavari Basin,Pranhita and others,district,Chhattisgarh||Bijapur,Bijapur,district||Chhattisgarh||Bijapur,Chhattisgarh,,,217.737,0.58,2.36
subbasin,PRA,Pranhita and others,subbasin||PRA,,Godavari Basin,Pranhita and others,district,Maharashtra||Chandrapur,Chandrapur,district||Maharashtra||Chandrapur,Maharashtra,,,389.793,1.05,3.43
subbasin,PRA,Pranhita and others,subbasin||PRA,,Godavari Basin,Pranhita and others,district,Maharashtra||Gadchiroli,Gadchiroli,district||Maharashtra||Gadchiroli,Maharashtra,,,3398.1721,9.12,23.42
subbasin,PRA,Pranhita and others,subbasin||PRA,,Godavari Basin,Pranhita and others,district,Telangana||Jagtial,Jagtial,district||Telangana||Jagtial,Telangana,,,2879.5497,7.73,100.0
subbasin,PRA,Pranhita and others,subbasin||PRA,,Godavari Basin,Pranhita and others,district,Telangana||Jangaon,Jangaon,district||Telangana||Jangaon,Telangana,,,138.9978,0.37,5.76
subbasin,PRA,Pranhita and others,subbasin||PRA,,Godavari Basin,Pranhita and others,district,Telangana||Jayashankar Bhupalapally,Jayashankar Bhupalapally,district||Telangana||Jayashankar Bhupalapally,Telangana,,,2728.4807,7.32,95.44
subbasin,PRA,Pranhita and others,subbasin||PRA,,Godavari Basin,Pranhita and others,district,Telangana||Kamareddy,Kamareddy,district||Telangana||Kamareddy,Telangana,,,1122.5935,3.01,29.82
subbasin,PRA,Pranhita and others,subbasin||PRA,,Godavari Basin,Pranhita and others,district,Telangana||Karimnagar,Karimnagar,district||Telangana||Karimnagar,Telangana,,,2011.7523,5.4,100.0
subbasin,PRA,Pranhita and others,subbasin||PRA,,Godavari Basin,Pranhita and others,district,Telangana||Kumuram Bheem,Kumuram Bheem,district||Telangana||Kumuram Bheem,Telangana,,,4173.2993,11.2,92.03
subbasin,PRA,Pranhita and others,subbasin||PRA,,Godavari Basin,Pranhita and others,district,Telangana||Mahabubabad,Mahabubabad,district||Telangana||Mahabubabad,Telangana,,,2.2865,0.01,0.06
subbasin,PRA,Pranhita and others,subbasin||PRA,,Godavari Basin,Pranhita and others,district,Telangana||Mancherial,Mancherial,district||Telangana||Mancherial,Telangana,,,3882.2094,10.42,100.0
subbasin,PRA,Pranhita and others,subbasin||PRA,,Godavari Basin,Pranhita and others,district,Telangana||Medak,Medak,district||Telangana||Medak,Telangana,,,231.9349,0.62,8.49
subbasin,PRA,Pranhita and others,subbasin||PRA,,Godavari Basin,Pranhita and others,district,Telangana||Mulugu,Mulugu,district||Telangana||Mulugu,Telangana,,,453.4796,1.22,10.58
subbasin,PRA,Pranhita and others,subbasin||PRA,,Godavari Basin,Pranhita and others,district,Maharashtra||Nanded,Nanded,district||Maharashtra||Nanded,Maharashtra,,,233.539,0.63,2.21
subbasin,PRA,Pranhita and others,subbasin||PRA,,Godavari Basin,Pranhita and others,district,Telangana||Nirmal,Nirmal,district||Telangana||Nirmal,Telangana,,,2108.7331,5.66,56.92
subbasin,PRA,Pranhita and others,subbasin||PRA,,Godavari Basin,Pranhita and others,district,Telangana||Nizamabad,Nizamabad,district||Telangana||Nizamabad,Telangana,,,1890.0078,5.07,44.95
subbasin,PRA,Pranhita and others,subbasin||PRA,,Godavari Basin,Pranhita and others,district,Telangana||Peddapalli,Peddapalli,district||Telangana||Peddapalli,Telangana,,,2184.1031,5.86,100.0
subbasin,PRA,Pranhita and others,subbasin||PRA,,Godavari Basin,Pranhita and others,district,Telangana||Ranjanna Sircilla,Ranjanna Sircilla,district||Telangana||Ranjanna Sircilla,Telangana,,,1806.5713,4.85,100.0
subbasin,PRA,Pranhita and others,subbasin||PRA,,Godavari Basin,Pranhita and others,district,Telangana||Siddipet,Siddipet,district||Telangana||Siddipet,Telangana,,,3275.9073,8.79,88.18
subbasin,PRA,Pranhita and others,subbasin||PRA,,Godavari Basin,Pranhita and others,district,Telangana||Warangal (Rural),Warangal (Rural),district||Telangana||Warangal (Rural),Telangana,,,731.9211,1.96,32.76
subbasin,PRA,Pranhita and others,subbasin||PRA,,Godavari Basin,Pranhita and others,district,Telangana||Warangal (Urban),Warangal (Urban),district||Telangana||Warangal (Urban),Telangana,,,1064.2735,2.86,91.15
subbasin,RAM,Ramganga,subbasin||RAM,,Ganga Basin,Ramganga,district,Uttarakhand||Almora,Almora,district||Uttarakhand||Almora,Uttarakhand,,,2580.2642,8.1,82.28
subbasin,RAM,Ramganga,subbasin||RAM,,Ganga Basin,Ramganga,district,Uttar Pradesh||Amroha,Amroha,district||Uttar Pradesh||Amroha,Uttar Pradesh,,,588.2805,1.85,23.98
subbasin,RAM,Ramganga,subbasin||RAM,,Ganga Basin,Ramganga,district,Uttarakhand||Bageshwar,Bageshwar,district||Uttarakhand||Bageshwar,Uttarakhand,,,7.2734,0.02,0.33
subbasin,RAM,Ramganga,subbasin||RAM,,Ganga Basin,Ramganga,district,Uttar Pradesh||Bareilly,Bareilly,district||Uttar Pradesh||Bareilly,Uttar Pradesh,,,4104.9503,12.89,100.0
subbasin,RAM,Ramganga,subbasin||RAM,,Ganga Basin,Ramganga,district,Uttar Pradesh||Bijnor,Bijnor,district||Uttar Pradesh||Bijnor,Uttar Pradesh,,,2698.3864,8.47,58.43
subbasin,RAM,Ramganga,subbasin||RAM,,Ganga Basin,Ramganga,district,Uttar Pradesh||Budaun,Budaun,district||Uttar Pradesh||Budaun,Uttar Pradesh,,,874.0522,2.74,20.58
subbasin,RAM,Ramganga,subbasin||RAM,,Ganga Basin,Ramganga,district,Uttarakhand||Chamoli,Chamoli,district||Uttarakhand||Chamoli,Uttarakhand,,,339.7488,1.07,4.35
subbasin,RAM,Ramganga,subbasin||RAM,,Ganga Basin,Ramganga,district,Uttarakhand||Champawat,Champawat,district||Uttarakhand||Champawat,Uttarakhand,,,57.0753,0.18,3.25
subbasin,RAM,Ramganga,subbasin||RAM,,Ganga Basin,Ramganga,district,Uttar Pradesh||Farrukhabad,Farrukhabad,district||Uttar Pradesh||Farrukhabad,Uttar Pradesh,,,156.471,0.49,7.16
subbasin,RAM,Ramganga,subbasin||RAM,,Ganga Basin,Ramganga,district,Uttar Pradesh||Hardoi,Hardoi,district||Uttar Pradesh||Hardoi,Uttar Pradesh,,,1750.2304,5.5,29.18
subbasin,RAM,Ramganga,subbasin||RAM,,Ganga Basin,Ramganga,district,Uttar Pradesh||Kannauj,Kannauj,district||Uttar Pradesh||Kannauj,Uttar Pradesh,,,33.8089,0.11,1.63
subbasin,RAM,Ramganga,subbasin||RAM,,Ganga Basin,Ramganga,district,Uttar Pradesh||Kheri,Kheri,district||Uttar Pradesh||Kheri,Uttar Pradesh,,,94.5161,0.3,1.23
subbasin,RAM,Ramganga,subbasin||RAM,,Ganga Basin,Ramganga,district,Uttar Pradesh||Moradabad,Moradabad,district||Uttar Pradesh||Moradabad,Uttar Pradesh,,,1940.7277,6.09,99.84
subbasin,RAM,Ramganga,subbasin||RAM,,Ganga Basin,Ramganga,district,Uttarakhand||Nainital,Nainital,district||Uttarakhand||Nainital,Uttarakhand,,,3877.9929,12.18,96.94
subbasin,RAM,Ramganga,subbasin||RAM,,Ganga Basin,Ramganga,district,Uttarakhand||Pauri Garhwal,Pauri Garhwal,district||Uttarakhand||Pauri Garhwal,Uttarakhand,,,1977.5575,6.21,37.51
subbasin,RAM,Ramganga,subbasin||RAM,,Ganga Basin,Ramganga,district,Uttar Pradesh||Pilibhit,Pilibhit,district||Uttar Pradesh||Pilibhit,Uttar Pradesh,,,2406.7719,7.56,63.78
subbasin,RAM,Ramganga,subbasin||RAM,,Ganga Basin,Ramganga,district,Uttar Pradesh||Rampur,Rampur,district||Uttar Pradesh||Rampur,Uttar Pradesh,,,2370.1986,7.44,100.0
subbasin,RAM,Ramganga,subbasin||RAM,,Ganga Basin,Ramganga,district,Uttar Pradesh||Sambhal,Sambhal,district||Uttar Pradesh||Sambhal,Uttar Pradesh,,,301.0581,0.95,12.41
subbasin,RAM,Ramganga,subbasin||RAM,,Ganga Basin,Ramganga,district,Uttar Pradesh||Shahjahanpur,Shahjahanpur,district||Uttar Pradesh||Shahjahanpur,Uttar Pradesh,,,3162.3894,9.93,73.36
subbasin,RAM,Ramganga,subbasin||RAM,,Ganga Basin,Ramganga,district,Uttarakhand||Udham Singh Nagar,Udham Singh Nagar,district||Uttarakhand||Udham Singh Nagar,Uttarakhand,,,2546.5245,8.0,95.31
subbasin,RAV,Ravi,subbasin||RAV,,Indus (Up to border) Basin,Ravi,district,Punjab||Amritsar,Amritsar,district||Punjab||Amritsar,Punjab,,,2145.5276,15.37,79.86
subbasin,RAV,Ravi,subbasin||RAV,,Indus (Up to border) Basin,Ravi,district,Himachal Pradesh||Chamba,Chamba,district||Himachal Pradesh||Chamba,Himachal Pradesh,,,4483.0373,32.11,69.09
subbasin,RAV,Ravi,subbasin||RAV,,Indus (Up to border) Basin,Ravi,district,Jammu And Kashmir||Doda,Doda,district||Jammu And Kashmir||Doda,Jammu And Kashmir,,,22.9095,0.16,0.95
subbasin,RAV,Ravi,subbasin||RAV,,Indus (Up to border) Basin,Ravi,district,Punjab||Gurdaspur,Gurdaspur,district||Punjab||Gurdaspur,Punjab,,,1772.0088,12.69,68.37
subbasin,RAV,Ravi,subbasin||RAV,,Indus (Up to border) Basin,Ravi,district,Himachal Pradesh||Kangra,Kangra,district||Himachal Pradesh||Kangra,Himachal Pradesh,,,636.9128,4.56,11.08
subbasin,RAV,Ravi,subbasin||RAV,,Indus (Up to border) Basin,Ravi,district,Jammu And Kashmir||Kathua,Kathua,district||Jammu And Kashmir||Kathua,Jammu And Kashmir,,,2459.5766,17.62,98.08
subbasin,RAV,Ravi,subbasin||RAV,,Indus (Up to border) Basin,Ravi,district,Himachal Pradesh||Kullu,Kullu,district||Himachal Pradesh||Kullu,Himachal Pradesh,,,3.0953,0.02,0.06
subbasin,RAV,Ravi,subbasin||RAV,,Indus (Up to border) Basin,Ravi,district,Himachal Pradesh||Lahul & Spiti,Lahul & Spiti,district||Himachal Pradesh||Lahul & Spiti,Himachal Pradesh,,,17.6961,0.13,0.13
subbasin,RAV,Ravi,subbasin||RAV,,Indus (Up to border) Basin,Ravi,district,Punjab||Pathankot,Pathankot,district||Punjab||Pathankot,Punjab,,,705.9592,5.06,73.21
subbasin,RAV,Ravi,subbasin||RAV,,Indus (Up to border) Basin,Ravi,district,Jammu And Kashmir||Samba,Samba,district||Jammu And Kashmir||Samba,Jammu And Kashmir,,,207.9208,1.49,22.19
subbasin,RAV,Ravi,subbasin||RAV,,Indus (Up to border) Basin,Ravi,district,Punjab||Tarn Taran,Tarn Taran,district||Punjab||Tarn Taran,Punjab,,,1150.4692,8.24,47.87
subbasin,RAV,Ravi,subbasin||RAV,,Indus (Up to border) Basin,Ravi,district,Jammu And Kashmir||Udhampur,Udhampur,district||Jammu And Kashmir||Udhampur,Jammu And Kashmir,,,319.8762,2.29,14.13
subbasin,SAL,Sabarmati Lower,subbasin||SAL,,Sabarmati Basin,Sabarmati Lower,district,Gujarat||Ahmadabad,Ahmadabad,district||Gujarat||Ahmadabad,Gujarat,,,3098.9206,27.43,42.92
subbasin,SAL,Sabarmati Lower,subbasin||SAL,,Sabarmati Basin,Sabarmati Lower,district,Gujarat||Anand,Anand,district||Gujarat||Anand,Gujarat,,,55.1345,0.49,1.74
subbasin,SAL,Sabarmati Lower,subbasin||SAL,,Sabarmati Basin,Sabarmati Lower,district,Gujarat||Botad,Botad,district||Gujarat||Botad,Gujarat,,,366.8304,3.25,14.82
subbasin,SAL,Sabarmati Lower,subbasin||SAL,,Sabarmati Basin,Sabarmati Lower,district,Gujarat||Gandhinagar,Gandhinagar,district||Gujarat||Gandhinagar,Gujarat,,,963.3086,8.53,45.71
subbasin,SAL,Sabarmati Lower,subbasin||SAL,,Sabarmati Basin,Sabarmati Lower,district,Gujarat||Mahesana,Mahesana,district||Gujarat||Mahesana,Gujarat,,,1698.5805,15.04,38.39
subbasin,SAL,Sabarmati Lower,subbasin||SAL,,Sabarmati Basin,Sabarmati Lower,district,Gujarat||Rajkot,Rajkot,district||Gujarat||Rajkot,Gujarat,,,293.1591,2.6,3.8
subbasin,SAL,Sabarmati Lower,subbasin||SAL,,Sabarmati Basin,Sabarmati Lower,district,Gujarat||Surendranagar,Surendranagar,district||Gujarat||Surendranagar,Gujarat,,,4821.8946,42.69,52.65
subbasin,SAU,Sabarmati Upper,subbasin||SAU,,Sabarmati Basin,Sabarmati Upper,district,Gujarat||Ahmadabad,Ahmadabad,district||Gujarat||Ahmadabad,Gujarat,,,1607.1774,7.8,22.26
subbasin,SAU,Sabarmati Upper,subbasin||SAU,,Sabarmati Basin,Sabarmati Upper,district,Gujarat||Anand,Anand,district||Gujarat||Anand,Gujarat,,,1786.1758,8.67,56.35
subbasin,SAU,Sabarmati Upper,subbasin||SAU,,Sabarmati Basin,Sabarmati Upper,district,Gujarat||Aravalli,Aravalli,district||Gujarat||Aravalli,Gujarat,,,3132.1348,15.2,99.11
subbasin,SAU,Sabarmati Upper,subbasin||SAU,,Sabarmati Basin,Sabarmati Upper,district,Gujarat||Banas Kantha,Banas Kantha,district||Gujarat||Banas Kantha,Gujarat,,,510.6854,2.48,4.75
subbasin,SAU,Sabarmati Upper,subbasin||SAU,,Sabarmati Basin,Sabarmati Upper,district,Disputed (Rajathan & Gujarat)||Disputed (Sabar Kantha & Sirohi),Disputed (Sabar Kantha & Sirohi),district||Disputed (Rajathan & Gujarat)||Disputed (Sabar Kantha & Sirohi),Disputed (Rajathan & Gujarat),,,0.1606,0.0,99.06
subbasin,SAU,Sabarmati Upper,subbasin||SAU,,Sabarmati Basin,Sabarmati Upper,district,Disputed (Rajathan & Gujarat)||Disputed (Sabar Kantha & Udaipur),Disputed (Sabar Kantha & Udaipur),district||Disputed (Rajathan & Gujarat)||Disputed (Sabar Kantha & Udaipur),Disputed (Rajathan & Gujarat),,,6.6767,0.03,70.3
subbasin,SAU,Sabarmati Upper,subbasin||SAU,,Sabarmati Basin,Sabarmati Upper,district,Rajasthan||Dungarpur,Dungarpur,district||Rajasthan||Dungarpur,Rajasthan,,,625.2748,3.03,16.57
subbasin,SAU,Sabarmati Upper,subbasin||SAU,,Sabarmati Basin,Sabarmati Upper,district,Gujarat||Gandhinagar,Gandhinagar,district||Gujarat||Gandhinagar,Gujarat,,,1144.2331,5.55,54.29
subbasin,SAU,Sabarmati Upper,subbasin||SAU,,Sabarmati Basin,Sabarmati Upper,district,Gujarat||Kheda,Kheda,district||Gujarat||Kheda,Gujarat,,,3272.5806,15.88,94.95
subbasin,SAU,Sabarmati Upper,subbasin||SAU,,Sabarmati Basin,Sabarmati Upper,district,Gujarat||Mahesana,Mahesana,district||Gujarat||Mahesana,Gujarat,,,513.3937,2.49,11.6
subbasin,SAU,Sabarmati Upper,subbasin||SAU,,Sabarmati Basin,Sabarmati Upper,district,Gujarat||Mahisagar,Mahisagar,district||Gujarat||Mahisagar,Gujarat,,,279.1679,1.35,11.12
subbasin,SAU,Sabarmati Upper,subbasin||SAU,,Sabarmati Basin,Sabarmati Upper,district,Rajasthan||Pali,Pali,district||Rajasthan||Pali,Rajasthan,,,2.0408,0.01,0.02
subbasin,SAU,Sabarmati Upper,subbasin||SAU,,Sabarmati Basin,Sabarmati Upper,district,Gujarat||Sabar Kantha,Sabar Kantha,district||Gujarat||Sabar Kantha,Gujarat,,,4220.3133,20.48,99.98
subbasin,SAU,Sabarmati Upper,subbasin||SAU,,Sabarmati Basin,Sabarmati Upper,district,Rajasthan||Sirohi,Sirohi,district||Rajasthan||Sirohi,Rajasthan,,,46.3676,0.23,0.9
subbasin,SAU,Sabarmati Upper,subbasin||SAU,,Sabarmati Basin,Sabarmati Upper,district,Rajasthan||Udaipur,Udaipur,district||Rajasthan||Udaipur,Rajasthan,,,3468.8258,16.84,29.57
subbasin,SAR,Saraswati,subbasin||SAR,,West flowing rivers of Kutch and Saurashtra including Luni Basin,Saraswati,district,Gujarat||Ahmadabad,Ahmadabad,district||Gujarat||Ahmadabad,Gujarat,,,1087.4824,3.84,15.06
subbasin,SAR,Saraswati,subbasin||SAR,,West flowing rivers of Kutch and Saurashtra including Luni Basin,Saraswati,district,Gujarat||Banas Kantha,Banas Kantha,district||Gujarat||Banas Kantha,Gujarat,,,3991.0904,14.08,37.11
subbasin,SAR,Saraswati,subbasin||SAR,,West flowing rivers of Kutch and Saurashtra including Luni Basin,Saraswati,district,Gujarat||Kachchh,Kachchh,district||Gujarat||Kachchh,Gujarat,,,4634.7118,16.35,11.38
subbasin,SAR,Saraswati,subbasin||SAR,,West flowing rivers of Kutch and Saurashtra including Luni Basin,Saraswati,district,Gujarat||Mahesana,Mahesana,district||Gujarat||Mahesana,Gujarat,,,2212.1174,7.8,50.0
subbasin,SAR,Saraswati,subbasin||SAR,,West flowing rivers of Kutch and Saurashtra including Luni Basin,Saraswati,district,Gujarat||Morbi,Morbi,district||Gujarat||Morbi,Gujarat,,,3390.6935,11.96,68.17
subbasin,SAR,Saraswati,subbasin||SAR,,West flowing rivers of Kutch and Saurashtra including Luni Basin,Saraswati,district,Rajasthan||Pali,Pali,district||Rajasthan||Pali,Rajasthan,,,4.2517,0.01,0.03
subbasin,SAR,Saraswati,subbasin||SAR,,West flowing rivers of Kutch and Saurashtra including Luni Basin,Saraswati,district,Gujarat||Patan,Patan,district||Gujarat||Patan,Gujarat,,,5338.6817,18.83,92.44
subbasin,SAR,Saraswati,subbasin||SAR,,West flowing rivers of Kutch and Saurashtra including Luni Basin,Saraswati,district,Gujarat||Rajkot,Rajkot,district||Gujarat||Rajkot,Gujarat,,,388.5,1.37,5.04
subbasin,SAR,Saraswati,subbasin||SAR,,West flowing rivers of Kutch and Saurashtra including Luni Basin,Saraswati,district,Gujarat||Sabar Kantha,Sabar Kantha,district||Gujarat||Sabar Kantha,Gujarat,,,0.7941,0.0,0.02
subbasin,SAR,Saraswati,subbasin||SAR,,West flowing rivers of Kutch and Saurashtra including Luni Basin,Saraswati,district,Rajasthan||Sirohi,Sirohi,district||Rajasthan||Sirohi,Rajasthan,,,2815.4753,9.93,54.92
subbasin,SAR,Saraswati,subbasin||SAR,,West flowing rivers of Kutch and Saurashtra including Luni Basin,Saraswati,district,Gujarat||Surendranagar,Surendranagar,district||Gujarat||Surendranagar,Gujarat,,,4311.0448,15.21,47.07
subbasin,SAR,Saraswati,subbasin||SAR,,West flowing rivers of Kutch and Saurashtra including Luni Basin,Saraswati,district,Rajasthan||Udaipur,Udaipur,district||Rajasthan||Udaipur,Rajasthan,,,5.1715,0.02,0.04
subbasin,SHK,Shaksgam,subbasin||SHK,,Area of North Ladakha not draining into Indus Basin,Shaksgam,district,Ladakh||Leh,Leh,district||Ladakh||Leh,Ladakh,,,6465.1191,99.8,4.2
subbasin,SHE,Shetranjuli and other east flowing rivers,subbasin||SHE,,West flowing rivers of Kutch and Saurashtra including Luni Basin,Shetranjuli and other east flowing rivers,district,Gujarat||Ahmadabad,Ahmadabad,district||Gujarat||Ahmadabad,Gujarat,,,1322.6832,6.99,18.32
subbasin,SHE,Shetranjuli and other east flowing rivers,subbasin||SHE,,West flowing rivers of Kutch and Saurashtra including Luni Basin,Shetranjuli and other east flowing rivers,district,Gujarat||Amreli,Amreli,district||Gujarat||Amreli,Gujarat,,,6465.2957,34.18,88.78
subbasin,SHE,Shetranjuli and other east flowing rivers,subbasin||SHE,,West flowing rivers of Kutch and Saurashtra including Luni Basin,Shetranjuli and other east flowing rivers,district,Gujarat||Anand,Anand,district||Gujarat||Anand,Gujarat,,,22.3785,0.12,0.71
subbasin,SHE,Shetranjuli and other east flowing rivers,subbasin||SHE,,West flowing rivers of Kutch and Saurashtra including Luni Basin,Shetranjuli and other east flowing rivers,district,Gujarat||Bhavnagar,Bhavnagar,district||Gujarat||Bhavnagar,Gujarat,,,6735.4781,35.6,99.56
subbasin,SHE,Shetranjuli and other east flowing rivers,subbasin||SHE,,West flowing rivers of Kutch and Saurashtra including Luni Basin,Shetranjuli and other east flowing rivers,district,Gujarat||Botad,Botad,district||Gujarat||Botad,Gujarat,,,2108.3605,11.15,85.18
subbasin,SHE,Shetranjuli and other east flowing rivers,subbasin||SHE,,West flowing rivers of Kutch and Saurashtra including Luni Basin,Shetranjuli and other east flowing rivers,district,Dadra & Nagar Haveli & Daman & Diu||Diu,Diu,district||Dadra & Nagar Haveli & Daman & Diu||Diu,Dadra & Nagar Haveli & Daman & Diu,,,31.1229,0.16,85.08
subbasin,SHE,Shetranjuli and other east flowing rivers,subbasin||SHE,,West flowing rivers of Kutch and Saurashtra including Luni Basin,Shetranjuli and other east flowing rivers,district,Gujarat||Gir Somnath,Gir Somnath,district||Gujarat||Gir Somnath,Gujarat,,,1205.0286,6.37,45.93
subbasin,SHE,Shetranjuli and other east flowing rivers,subbasin||SHE,,West flowing rivers of Kutch and Saurashtra including Luni Basin,Shetranjuli and other east flowing rivers,district,Gujarat||Junagadh,Junagadh,district||Gujarat||Junagadh,Gujarat,,,568.3738,3.0,9.22
subbasin,SHE,Shetranjuli and other east flowing rivers,subbasin||SHE,,West flowing rivers of Kutch and Saurashtra including Luni Basin,Shetranjuli and other east flowing rivers,district,Gujarat||Rajkot,Rajkot,district||Gujarat||Rajkot,Gujarat,,,324.8395,1.72,4.21
subbasin,SHE,Shetranjuli and other east flowing rivers,subbasin||SHE,,West flowing rivers of Kutch and Saurashtra including Luni Basin,Shetranjuli and other east flowing rivers,district,Gujarat||Surendranagar,Surendranagar,district||Gujarat||Surendranagar,Gujarat,,,0.4495,0.0,0.0
subbasin,SHY,Shyok,subbasin||SHY,,Indus (Up to border) Basin,Shyok,district,Ladakh||Leh,Leh,district||Ladakh||Leh,Ladakh,,,38562.1214,99.71,25.05
subbasin,SON,Sone,subbasin||SON,,Ganga Basin,Sone,district,Madhya Pradesh||Anuppur,Anuppur,district||Madhya Pradesh||Anuppur,Madhya Pradesh,,,3114.1115,4.6,82.55
subbasin,SON,Sone,subbasin||SON,,Ganga Basin,Sone,district,Bihar||Arwal,Arwal,district||Bihar||Arwal,Bihar,,,191.774,0.28,30.54
subbasin,SON,Sone,subbasin||SON,,Ganga Basin,Sone,district,Bihar||Aurangabad,Aurangabad,district||Bihar||Aurangabad,Bihar,,,337.3889,0.5,10.23
subbasin,SON,Sone,subbasin||SON,,Ganga Basin,Sone,district,Chhattisgarh||Balrampur,Balrampur,district||Chhattisgarh||Balrampur,Chhattisgarh,,,6107.6883,9.02,97.54
subbasin,SON,Sone,subbasin||SON,,Ganga Basin,Sone,district,Bihar||Bhojpur,Bhojpur,district||Bihar||Bhojpur,Bihar,,,356.4852,0.53,14.94
subbasin,SON,Sone,subbasin||SON,,Ganga Basin,Sone,district,Jharkhand||Chatra,Chatra,district||Jharkhand||Chatra,Jharkhand,,,505.0275,0.75,13.31
subbasin,SON,Sone,subbasin||SON,,Ganga Basin,Sone,district,Madhya Pradesh||Dindori,Dindori,district||Madhya Pradesh||Dindori,Madhya Pradesh,,,967.3169,1.43,16.77
subbasin,SON,Sone,subbasin||SON,,Ganga Basin,Sone,district,Jharkhand||Garhwa,Garhwa,district||Jharkhand||Garhwa,Jharkhand,,,4109.4028,6.07,100.0
subbasin,SON,Sone,subbasin||SON,,Ganga Basin,Sone,district,Chhattisgarh||Gaurela-Pendra-Marwahi,Gaurela-Pendra-Marwahi,district||Chhattisgarh||Gaurela-Pendra-Marwahi,Chhattisgarh,,,875.3415,1.29,43.93
subbasin,SON,Sone,subbasin||SON,,Ganga Basin,Sone,district,Jharkhand||Gumla,Gumla,district||Jharkhand||Gumla,Jharkhand,,,878.2267,1.3,16.39
subbasin,SON,Sone,subbasin||SON,,Ganga Basin,Sone,district,Madhya Pradesh||Jabalpur,Jabalpur,district||Madhya Pradesh||Jabalpur,Madhya Pradesh,,,293.6053,0.43,5.76
subbasin,SON,Sone,subbasin||SON,,Ganga Basin,Sone,district,Chhattisgarh||Jashpur,Jashpur,district||Chhattisgarh||Jashpur,Chhattisgarh,,,500.2444,0.74,8.54
subbasin,SON,Sone,subbasin||SON,,Ganga Basin,Sone,district,Bihar||Kaimur,Kaimur,district||Bihar||Kaimur,Bihar,,,57.1743,0.08,1.7
subbasin,SON,Sone,subbasin||SON,,Ganga Basin,Sone,district,Madhya Pradesh||Katni,Katni,district||Madhya Pradesh||Katni,Madhya Pradesh,,,2990.473,4.42,59.26
subbasin,SON,Sone,subbasin||SON,,Ganga Basin,Sone,district,Chhattisgarh||Korba,Korba,district||Chhattisgarh||Korba,Chhattisgarh,,,0.1531,0.0,0.0
subbasin,SON,Sone,subbasin||SON,,Ganga Basin,Sone,district,Chhattisgarh||Korea,Korea,district||Chhattisgarh||Korea,Chhattisgarh,,,4029.9407,5.95,61.02
subbasin,SON,Sone,subbasin||SON,,Ganga Basin,Sone,district,Jharkhand||Latehar,Latehar,district||Jharkhand||Latehar,Jharkhand,,,3506.7591,5.18,82.67
subbasin,SON,Sone,subbasin||SON,,Ganga Basin,Sone,district,Jharkhand||Lohardaga,Lohardaga,district||Jharkhand||Lohardaga,Jharkhand,,,475.8238,0.7,31.84
subbasin,SON,Sone,subbasin||SON,,Ganga Basin,Sone,district,Madhya Pradesh||Mandla,Mandla,district||Madhya Pradesh||Mandla,Madhya Pradesh,,,126.5298,0.19,1.68
subbasin,SON,Sone,subbasin||SON,,Ganga Basin,Sone,district,Jharkhand||Palamu,Palamu,district||Jharkhand||Palamu,Jharkhand,,,3663.4821,5.41,82.85
subbasin,SON,Sone,subbasin||SON,,Ganga Basin,Sone,district,Bihar||Patna,Patna,district||Bihar||Patna,Bihar,,,233.7498,0.35,7.33
subbasin,SON,Sone,subbasin||SON,,Ganga Basin,Sone,district,Chhattisgarh||Raigarh,Raigarh,district||Chhattisgarh||Raigarh,Chhattisgarh,,,0.9188,0.0,0.01
subbasin,SON,Sone,subbasin||SON,,Ganga Basin,Sone,district,Madhya Pradesh||Rewa,Rewa,district||Madhya Pradesh||Rewa,Madhya Pradesh,,,110.8022,0.16,1.76
subbasin,SON,Sone,subbasin||SON,,Ganga Basin,Sone,district,Bihar||Rohtas,Rohtas,district||Bihar||Rohtas,Bihar,,,826.3097,1.22,21.57
subbasin,SON,Sone,subbasin||SON,,Ganga Basin,Sone,district,Bihar||Saran,Saran,district||Bihar||Saran,Bihar,,,11.9497,0.02,0.45
subbasin,SON,Sone,subbasin||SON,,Ganga Basin,Sone,district,Madhya Pradesh||Satna,Satna,district||Madhya Pradesh||Satna,Madhya Pradesh,,,1032.4122,1.52,13.7
subbasin,SON,Sone,subbasin||SON,,Ganga Basin,Sone,district,Madhya Pradesh||Shahdol,Shahdol,district||Madhya Pradesh||Shahdol,Madhya Pradesh,,,5687.834,8.4,100.0
subbasin,SON,Sone,subbasin||SON,,Ganga Basin,Sone,district,Madhya Pradesh||Sidhi,Sidhi,district||Madhya Pradesh||Sidhi,Madhya Pradesh,,,4729.1896,6.98,99.2
subbasin,SON,Sone,subbasin||SON,,Ganga Basin,Sone,district,Madhya Pradesh||Singrauli,Singrauli,district||Madhya Pradesh||Singrauli,Madhya Pradesh,,,5431.156,8.02,94.01
subbasin,SON,Sone,subbasin||SON,,Ganga Basin,Sone,district,Uttar Pradesh||Sonbhadra,Sonbhadra,district||Uttar Pradesh||Sonbhadra,Uttar Pradesh,,,5051.7906,7.46,73.46
subbasin,SON,Sone,subbasin||SON,,Ganga Basin,Sone,district,Chhattisgarh||Surajpur,Surajpur,district||Chhattisgarh||Surajpur,Chhattisgarh,,,4446.0292,6.57,81.43
subbasin,SON,Sone,subbasin||SON,,Ganga Basin,Sone,district,Chhattisgarh||Surguja,Surguja,district||Chhattisgarh||Surguja,Chhattisgarh,,,2434.8099,3.6,60.52
subbasin,SON,Sone,subbasin||SON,,Ganga Basin,Sone,district,Madhya Pradesh||Umaria,Umaria,district||Madhya Pradesh||Umaria,Madhya Pradesh,,,4574.6844,6.76,99.97
subbasin,SUB,Subernarekha,subbasin||SUB,,Subernarekha Basin,Subernarekha,district,Odisha||Balasore (Baleshwar),Balasore (Baleshwar),district||Odisha||Balasore (Baleshwar),Odisha,,,2584.2597,9.64,69.93
subbasin,SUB,Subernarekha,subbasin||SUB,,Subernarekha Basin,Subernarekha,district,Jharkhand||Bokaro,Bokaro,district||Jharkhand||Bokaro,Jharkhand,,,6.145,0.02,0.21
subbasin,SUB,Subernarekha,subbasin||SUB,,Subernarekha Basin,Subernarekha,district,Jharkhand||East Singhbhum,East Singhbhum,district||Jharkhand||East Singhbhum,Jharkhand,,,3218.6555,12.01,90.66
subbasin,SUB,Subernarekha,subbasin||SUB,,Subernarekha Basin,Subernarekha,district,West Bengal||Jhargram,Jhargram,district||West Bengal||Jhargram,West Bengal,,,2030.5917,7.58,65.5
subbasin,SUB,Subernarekha,subbasin||SUB,,Subernarekha Basin,Subernarekha,district,Jharkhand||Khunti,Khunti,district||Jharkhand||Khunti,Jharkhand,,,1250.5311,4.67,47.35
subbasin,SUB,Subernarekha,subbasin||SUB,,Subernarekha Basin,Subernarekha,district,Odisha||Mayurbhanj,Mayurbhanj,district||Odisha||Mayurbhanj,Odisha,,,7398.4753,27.6,71.05
subbasin,SUB,Subernarekha,subbasin||SUB,,Subernarekha Basin,Subernarekha,district,West Bengal||Paschim Medinipur,Paschim Medinipur,district||West Bengal||Paschim Medinipur,West Bengal,,,482.8056,1.8,7.67
subbasin,SUB,Subernarekha,subbasin||SUB,,Subernarekha Basin,Subernarekha,district,West Bengal||Purba Medinipur,Purba Medinipur,district||West Bengal||Purba Medinipur,West Bengal,,,86.554,0.32,2.2
subbasin,SUB,Subernarekha,subbasin||SUB,,Subernarekha Basin,Subernarekha,district,West Bengal||Puruliya,Puruliya,district||West Bengal||Puruliya,West Bengal,,,977.7129,3.65,15.67
subbasin,SUB,Subernarekha,subbasin||SUB,,Subernarekha Basin,Subernarekha,district,Jharkhand||Ramgarh,Ramgarh,district||Jharkhand||Ramgarh,Jharkhand,,,140.3108,0.52,10.04
subbasin,SUB,Subernarekha,subbasin||SUB,,Subernarekha Basin,Subernarekha,district,Jharkhand||Ranchi,Ranchi,district||Jharkhand||Ranchi,Jharkhand,,,3000.7166,11.2,60.31
subbasin,SUB,Subernarekha,subbasin||SUB,,Subernarekha Basin,Subernarekha,district,Jharkhand||Saraikela-Kharsawan,Saraikela-Kharsawan,district||Jharkhand||Saraikela-Kharsawan,Jharkhand,,,2642.3472,9.86,99.72
subbasin,SUB,Subernarekha,subbasin||SUB,,Subernarekha Basin,Subernarekha,district,Jharkhand||West Singhbhum,West Singhbhum,district||Jharkhand||West Singhbhum,Jharkhand,,,2799.034,10.44,38.71
subbasin,SUM,Sulmar,subbasin||SUM,,Area of North Ladakha not draining into Indus Basin,Sulmar,district,Ladakh||Leh,Leh,district||Ladakh||Leh,Ladakh,,,22527.2544,99.22,14.63
subbasin,SUL,Sutlaj Lower,subbasin||SUL,,Indus (Up to border) Basin,Sutlaj Lower,district,Punjab||Amritsar,Amritsar,district||Punjab||Amritsar,Punjab,,,332.6668,0.84,12.38
subbasin,SUL,Sutlaj Lower,subbasin||SUL,,Indus (Up to border) Basin,Sutlaj Lower,district,Punjab||Barnala,Barnala,district||Punjab||Barnala,Punjab,,,1417.6473,3.59,100.0
subbasin,SUL,Sutlaj Lower,subbasin||SUL,,Indus (Up to border) Basin,Sutlaj Lower,district,Punjab||Bathinda,Bathinda,district||Punjab||Bathinda,Punjab,,,3222.7553,8.17,95.62
subbasin,SUL,Sutlaj Lower,subbasin||SUL,,Indus (Up to border) Basin,Sutlaj Lower,district,Himachal Pradesh||Bilaspur,Bilaspur,district||Himachal Pradesh||Bilaspur,Himachal Pradesh,,,144.4312,0.37,12.51
subbasin,SUL,Sutlaj Lower,subbasin||SUL,,Indus (Up to border) Basin,Sutlaj Lower,district,Punjab||Faridkot,Faridkot,district||Punjab||Faridkot,Punjab,,,1455.2608,3.69,100.0
subbasin,SUL,Sutlaj Lower,subbasin||SUL,,Indus (Up to border) Basin,Sutlaj Lower,district,Punjab||Fatehgarh Sahib,Fatehgarh Sahib,district||Punjab||Fatehgarh Sahib,Punjab,,,79.4729,0.2,6.93
subbasin,SUL,Sutlaj Lower,subbasin||SUL,,Indus (Up to border) Basin,Sutlaj Lower,district,Punjab||Fazilka,Fazilka,district||Punjab||Fazilka,Punjab,,,2858.1858,7.24,98.89
subbasin,SUL,Sutlaj Lower,subbasin||SUL,,Indus (Up to border) Basin,Sutlaj Lower,district,Punjab||Firozpur,Firozpur,district||Punjab||Firozpur,Punjab,,,2356.7663,5.97,99.13
subbasin,SUL,Sutlaj Lower,subbasin||SUL,,Indus (Up to border) Basin,Sutlaj Lower,district,Rajasthan||Ganganagar,Ganganagar,district||Rajasthan||Ganganagar,Rajasthan,,,4927.9489,12.49,45.12
subbasin,SUL,Sutlaj Lower,subbasin||SUL,,Indus (Up to border) Basin,Sutlaj Lower,district,Punjab||Gurdaspur,Gurdaspur,district||Punjab||Gurdaspur,Punjab,,,208.357,0.53,8.04
subbasin,SUL,Sutlaj Lower,subbasin||SUL,,Indus (Up to border) Basin,Sutlaj Lower,district,Rajasthan||Hanumangarh,Hanumangarh,district||Rajasthan||Hanumangarh,Rajasthan,,,1613.1659,4.09,16.64
subbasin,SUL,Sutlaj Lower,subbasin||SUL,,Indus (Up to border) Basin,Sutlaj Lower,district,Punjab||Hoshiarpur,Hoshiarpur,district||Punjab||Hoshiarpur,Punjab,,,1396.3225,3.54,41.35
subbasin,SUL,Sutlaj Lower,subbasin||SUL,,Indus (Up to border) Basin,Sutlaj Lower,district,Punjab||Jalandhar,Jalandhar,district||Punjab||Jalandhar,Punjab,,,2052.9764,5.2,77.31
subbasin,SUL,Sutlaj Lower,subbasin||SUL,,Indus (Up to border) Basin,Sutlaj Lower,district,Himachal Pradesh||Kangra,Kangra,district||Himachal Pradesh||Kangra,Himachal Pradesh,,,2.8966,0.01,0.05
subbasin,SUL,Sutlaj Lower,subbasin||SUL,,Indus (Up to border) Basin,Sutlaj Lower,district,Punjab||Kapurthala,Kapurthala,district||Punjab||Kapurthala,Punjab,,,304.8322,0.77,18.79
subbasin,SUL,Sutlaj Lower,subbasin||SUL,,Indus (Up to border) Basin,Sutlaj Lower,district,Punjab||Ludhiana,Ludhiana,district||Punjab||Ludhiana,Punjab,,,3624.72,9.19,98.13
subbasin,SUL,Sutlaj Lower,subbasin||SUL,,Indus (Up to border) Basin,Sutlaj Lower,district,Punjab||Mansa,Mansa,district||Punjab||Mansa,Punjab,,,613.5352,1.56,28.19
subbasin,SUL,Sutlaj Lower,subbasin||SUL,,Indus (Up to border) Basin,Sutlaj Lower,district,Punjab||Moga,Moga,district||Punjab||Moga,Punjab,,,2239.7541,5.68,100.0
subbasin,SUL,Sutlaj Lower,subbasin||SUL,,Indus (Up to border) Basin,Sutlaj Lower,district,Haryana||Panchkula,Panchkula,district||Haryana||Panchkula,Haryana,,,85.9799,0.22,9.67
subbasin,SUL,Sutlaj Lower,subbasin||SUL,,Indus (Up to border) Basin,Sutlaj Lower,district,Punjab||Rupnagar,Rupnagar,district||Punjab||Rupnagar,Punjab,,,1223.2334,3.1,89.66
subbasin,SUL,Sutlaj Lower,subbasin||SUL,,Indus (Up to border) Basin,Sutlaj Lower,district,Punjab||Sangrur,Sangrur,district||Punjab||Sangrur,Punjab,,,1443.241,3.66,40.03
subbasin,SUL,Sutlaj Lower,subbasin||SUL,,Indus (Up to border) Basin,Sutlaj Lower,district,Punjab||Sas Nagar (Sahibzada Ajit Singh Nagar),Sas Nagar (Sahibzada Ajit Singh Nagar),district||Punjab||Sas Nagar (Sahibzada Ajit Singh Nagar),Punjab,,,215.4962,0.55,19.72
subbasin,SUL,Sutlaj Lower,subbasin||SUL,,Indus (Up to border) Basin,Sutlaj Lower,district,Punjab||Shahid Bhagat Singh Nagar,Shahid Bhagat Singh Nagar,district||Punjab||Shahid Bhagat Singh Nagar,Punjab,,,1261.4588,3.2,100.0
subbasin,SUL,Sutlaj Lower,subbasin||SUL,,Indus (Up to border) Basin,Sutlaj Lower,district,Haryana||Sirsa,Sirsa,district||Haryana||Sirsa,Haryana,,,943.8221,2.39,22.12
subbasin,SUL,Sutlaj Lower,subbasin||SUL,,Indus (Up to border) Basin,Sutlaj Lower,district,Himachal Pradesh||Solan,Solan,district||Himachal Pradesh||Solan,Himachal Pradesh,,,694.1516,1.76,36.06
subbasin,SUL,Sutlaj Lower,subbasin||SUL,,Indus (Up to border) Basin,Sutlaj Lower,district,Punjab||Sri Muktsar Sahib,Sri Muktsar Sahib,district||Punjab||Sri Muktsar Sahib,Punjab,,,2637.7246,6.69,100.0
subbasin,SUL,Sutlaj Lower,subbasin||SUL,,Indus (Up to border) Basin,Sutlaj Lower,district,Punjab||Tarn Taran,Tarn Taran,district||Punjab||Tarn Taran,Punjab,,,780.1004,1.98,32.46
subbasin,SUL,Sutlaj Lower,subbasin||SUL,,Indus (Up to border) Basin,Sutlaj Lower,district,Himachal Pradesh||Una,Una,district||Himachal Pradesh||Una,Himachal Pradesh,,,1236.2764,3.13,79.63
subbasin,SUU,Sutlaj Upper,subbasin||SUU,,Indus (Up to border) Basin,Sutlaj Upper,district,Himachal Pradesh||Bilaspur,Bilaspur,district||Himachal Pradesh||Bilaspur,Himachal Pradesh,,,1010.3228,4.62,87.49
subbasin,SUU,Sutlaj Upper,subbasin||SUU,,Indus (Up to border) Basin,Sutlaj Upper,district,Himachal Pradesh||Hamirpur,Hamirpur,district||Himachal Pradesh||Hamirpur,Himachal Pradesh,,,302.9761,1.39,27.18
subbasin,SUU,Sutlaj Upper,subbasin||SUU,,Indus (Up to border) Basin,Sutlaj Upper,district,Himachal Pradesh||Kinnaur,Kinnaur,district||Himachal Pradesh||Kinnaur,Himachal Pradesh,,,6188.73,28.3,95.23
subbasin,SUU,Sutlaj Upper,subbasin||SUU,,Indus (Up to border) Basin,Sutlaj Upper,district,Himachal Pradesh||Kullu,Kullu,district||Himachal Pradesh||Kullu,Himachal Pradesh,,,745.176,3.41,13.55
subbasin,SUU,Sutlaj Upper,subbasin||SUU,,Indus (Up to border) Basin,Sutlaj Upper,district,Himachal Pradesh||Lahul & Spiti,Lahul & Spiti,district||Himachal Pradesh||Lahul & Spiti,Himachal Pradesh,,,6144.9657,28.1,44.06
subbasin,SUU,Sutlaj Upper,subbasin||SUU,,Indus (Up to border) Basin,Sutlaj Upper,district,Ladakh||Leh,Leh,district||Ladakh||Leh,Ladakh,,,3310.3877,15.14,2.15
subbasin,SUU,Sutlaj Upper,subbasin||SUU,,Indus (Up to border) Basin,Sutlaj Upper,district,Himachal Pradesh||Mandi,Mandi,district||Himachal Pradesh||Mandi,Himachal Pradesh,,,1231.6776,5.63,31.19
subbasin,SUU,Sutlaj Upper,subbasin||SUU,,Indus (Up to border) Basin,Sutlaj Upper,district,Punjab||Rupnagar,Rupnagar,district||Punjab||Rupnagar,Punjab,,,0.4216,0.0,0.03
subbasin,SUU,Sutlaj Upper,subbasin||SUU,,Indus (Up to border) Basin,Sutlaj Upper,district,Himachal Pradesh||Shimla,Shimla,district||Himachal Pradesh||Shimla,Himachal Pradesh,,,1814.9382,8.3,35.53
subbasin,SUU,Sutlaj Upper,subbasin||SUU,,Indus (Up to border) Basin,Sutlaj Upper,district,Himachal Pradesh||Solan,Solan,district||Himachal Pradesh||Solan,Himachal Pradesh,,,877.8813,4.01,45.6
subbasin,SUU,Sutlaj Upper,subbasin||SUU,,Indus (Up to border) Basin,Sutlaj Upper,district,Himachal Pradesh||Una,Una,district||Himachal Pradesh||Una,Himachal Pradesh,,,206.2727,0.94,13.29
subbasin,SUU,Sutlaj Upper,subbasin||SUU,,Indus (Up to border) Basin,Sutlaj Upper,district,Uttarakhand||Uttarkashi,Uttarkashi,district||Uttarakhand||Uttarkashi,Uttarakhand,,,10.0068,0.05,0.13
subbasin,TAL,Tapi Lower,subbasin||TAL,,Tapi Basin,Tapi Lower,district,Gujarat||Bharuch,Bharuch,district||Gujarat||Bharuch,Gujarat,,,517.4883,13.78,10.54
subbasin,TAL,Tapi Lower,subbasin||TAL,,Tapi Basin,Tapi Lower,district,Maharashtra||Nandurbar,Nandurbar,district||Maharashtra||Nandurbar,Maharashtra,,,5.9218,0.16,0.1
subbasin,TAL,Tapi Lower,subbasin||TAL,,Tapi Basin,Tapi Lower,district,Gujarat||Surat,Surat,district||Gujarat||Surat,Gujarat,,,2680.4679,71.38,61.71
subbasin,TAL,Tapi Lower,subbasin||TAL,,Tapi Basin,Tapi Lower,district,Gujarat||Tapi,Tapi,district||Gujarat||Tapi,Gujarat,,,511.0274,13.61,16.29
subbasin,TAM,Tapi Middle,subbasin||TAM,,Tapi Basin,Tapi Middle,district,Maharashtra||Aurangabad,Aurangabad,district||Maharashtra||Aurangabad,Maharashtra,,,1164.3977,3.53,11.51
subbasin,TAM,Tapi Middle,subbasin||TAM,,Tapi Basin,Tapi Middle,district,Madhya Pradesh||Barwani,Barwani,district||Madhya Pradesh||Barwani,Madhya Pradesh,,,1440.2559,4.37,26.52
subbasin,TAM,Tapi Middle,subbasin||TAM,,Tapi Basin,Tapi Middle,district,Maharashtra||Buldhana,Buldhana,district||Maharashtra||Buldhana,Maharashtra,,,87.0447,0.26,0.9
subbasin,TAM,Tapi Middle,subbasin||TAM,,Tapi Basin,Tapi Middle,district,Madhya Pradesh||Burhanpur,Burhanpur,district||Madhya Pradesh||Burhanpur,Madhya Pradesh,,,0.1037,0.0,0.0
subbasin,TAM,Tapi Middle,subbasin||TAM,,Tapi Basin,Tapi Middle,district,Gujarat||Dangs,Dangs,district||Gujarat||Dangs,Gujarat,,,31.2036,0.09,1.77
subbasin,TAM,Tapi Middle,subbasin||TAM,,Tapi Basin,Tapi Middle,district,Maharashtra||Dhule,Dhule,district||Maharashtra||Dhule,Maharashtra,,,7101.5349,21.55,99.11
subbasin,TAM,Tapi Middle,subbasin||TAM,,Tapi Basin,Tapi Middle,district,Disputed (Rajathan & Gujarat)||Disputed (Sabar Kantha & Udaipur),Disputed (Sabar Kantha & Udaipur),district||Disputed (Rajathan & Gujarat)||Disputed (Sabar Kantha & Udaipur),Disputed (Rajathan & Gujarat),,,2.233,0.01,23.51
subbasin,TAM,Tapi Middle,subbasin||TAM,,Tapi Basin,Tapi Middle,district,Maharashtra||Jalgaon,Jalgaon,district||Maharashtra||Jalgaon,Maharashtra,,,10584.8487,32.12,89.71
subbasin,TAM,Tapi Middle,subbasin||TAM,,Tapi Basin,Tapi Middle,district,Maharashtra||Jalna,Jalna,district||Maharashtra||Jalna,Maharashtra,,,21.4618,0.07,0.28
subbasin,TAM,Tapi Middle,subbasin||TAM,,Tapi Basin,Tapi Middle,district,Maharashtra||Nandurbar,Nandurbar,district||Maharashtra||Nandurbar,Maharashtra,,,4274.7428,12.97,72.14
subbasin,TAM,Tapi Middle,subbasin||TAM,,Tapi Basin,Tapi Middle,district,Gujarat||Narmada,Narmada,district||Gujarat||Narmada,Gujarat,,,422.3655,1.28,14.82
subbasin,TAM,Tapi Middle,subbasin||TAM,,Tapi Basin,Tapi Middle,district,Maharashtra||Nashik,Nashik,district||Maharashtra||Nashik,Maharashtra,,,6171.1186,18.73,39.77
subbasin,TAM,Tapi Middle,subbasin||TAM,,Tapi Basin,Tapi Middle,district,Gujarat||Surat,Surat,district||Gujarat||Surat,Gujarat,,,43.1136,0.13,0.99
subbasin,TAM,Tapi Middle,subbasin||TAM,,Tapi Basin,Tapi Middle,district,Gujarat||Tapi,Tapi,district||Gujarat||Tapi,Gujarat,,,1210.2945,3.67,38.57
subbasin,TAM,Tapi Middle,subbasin||TAM,,Tapi Basin,Tapi Middle,district,Madhya Pradesh||West Nimar,West Nimar,district||Madhya Pradesh||West Nimar,Madhya Pradesh,,,372.8988,1.13,4.64
subbasin,TAU,Tapi Upper,subbasin||TAU,,Tapi Basin,Tapi Upper,district,Maharashtra||Akola,Akola,district||Maharashtra||Akola,Maharashtra,,,5439.3101,18.69,100.0
subbasin,TAU,Tapi Upper,subbasin||TAU,,Tapi Basin,Tapi Upper,district,Maharashtra||Amaravati,Amaravati,district||Maharashtra||Amaravati,Maharashtra,,,8029.8896,27.6,65.84
subbasin,TAU,Tapi Upper,subbasin||TAU,,Tapi Basin,Tapi Upper,district,Madhya Pradesh||Betul,Betul,district||Madhya Pradesh||Betul,Madhya Pradesh,,,4001.2599,13.75,39.8
subbasin,TAU,Tapi Upper,subbasin||TAU,,Tapi Basin,Tapi Upper,district,Maharashtra||Buldhana,Buldhana,district||Maharashtra||Buldhana,Maharashtra,,,5717.7356,19.65,58.86
subbasin,TAU,Tapi Upper,subbasin||TAU,,Tapi Basin,Tapi Upper,district,Madhya Pradesh||Burhanpur,Burhanpur,district||Madhya Pradesh||Burhanpur,Madhya Pradesh,,,2854.6843,9.81,88.34
subbasin,TAU,Tapi Upper,subbasin||TAU,,Tapi Basin,Tapi Upper,district,Madhya Pradesh||East Nimar,East Nimar,district||Madhya Pradesh||East Nimar,Madhya Pradesh,,,724.1409,2.49,9.7
subbasin,TAU,Tapi Upper,subbasin||TAU,,Tapi Basin,Tapi Upper,district,Madhya Pradesh||Harda,Harda,district||Madhya Pradesh||Harda,Madhya Pradesh,,,62.315,0.21,1.87
subbasin,TAU,Tapi Upper,subbasin||TAU,,Tapi Basin,Tapi Upper,district,Maharashtra||Jalgaon,Jalgaon,district||Maharashtra||Jalgaon,Maharashtra,,,1187.8721,4.08,10.07
subbasin,TAU,Tapi Upper,subbasin||TAU,,Tapi Basin,Tapi Upper,district,Maharashtra||Washim,Washim,district||Maharashtra||Washim,Maharashtra,,,1065.5542,3.66,20.75
subbasin,TAU,Tapi Upper,subbasin||TAU,,Tapi Basin,Tapi Upper,district,Madhya Pradesh||West Nimar,West Nimar,district||Madhya Pradesh||West Nimar,Madhya Pradesh,,,11.2548,0.04,0.14
subbasin,TON,Tons,subbasin||TON,,Ganga Basin,Tons,district,Uttar Pradesh||Chandauli,Chandauli,district||Uttar Pradesh||Chandauli,Uttar Pradesh,,,1.4308,0.01,0.06
subbasin,TON,Tons,subbasin||TON,,Ganga Basin,Tons,district,Uttar Pradesh||Chitrakoot,Chitrakoot,district||Uttar Pradesh||Chitrakoot,Uttar Pradesh,,,632.183,3.6,19.87
subbasin,TON,Tons,subbasin||TON,,Ganga Basin,Tons,district,Madhya Pradesh||Katni,Katni,district||Madhya Pradesh||Katni,Madhya Pradesh,,,12.6779,0.07,0.25
subbasin,TON,Tons,subbasin||TON,,Ganga Basin,Tons,district,Uttar Pradesh||Mirzapur,Mirzapur,district||Uttar Pradesh||Mirzapur,Uttar Pradesh,,,1661.7813,9.45,37.72
subbasin,TON,Tons,subbasin||TON,,Ganga Basin,Tons,district,Madhya Pradesh||Panna,Panna,district||Madhya Pradesh||Panna,Madhya Pradesh,,,264.5378,1.5,3.73
subbasin,TON,Tons,subbasin||TON,,Ganga Basin,Tons,district,Uttar Pradesh||Prayagraj,Prayagraj,district||Uttar Pradesh||Prayagraj,Uttar Pradesh,,,1940.6778,11.04,35.58
subbasin,TON,Tons,subbasin||TON,,Ganga Basin,Tons,district,Madhya Pradesh||Rewa,Rewa,district||Madhya Pradesh||Rewa,Madhya Pradesh,,,6165.5941,35.07,98.07
subbasin,TON,Tons,subbasin||TON,,Ganga Basin,Tons,district,Madhya Pradesh||Satna,Satna,district||Madhya Pradesh||Satna,Madhya Pradesh,,,5311.0445,30.21,70.48
subbasin,TON,Tons,subbasin||TON,,Ganga Basin,Tons,district,Madhya Pradesh||Sidhi,Sidhi,district||Madhya Pradesh||Sidhi,Madhya Pradesh,,,38.324,0.22,0.8
subbasin,TON,Tons,subbasin||TON,,Ganga Basin,Tons,district,Madhya Pradesh||Singrauli,Singrauli,district||Madhya Pradesh||Singrauli,Madhya Pradesh,,,345.9783,1.97,5.99
subbasin,TON,Tons,subbasin||TON,,Ganga Basin,Tons,district,Uttar Pradesh||Sonbhadra,Sonbhadra,district||Uttar Pradesh||Sonbhadra,Uttar Pradesh,,,1214.2712,6.91,17.66
subbasin,TUL,Tungabhadra Lower,subbasin||TUL,,Krishna Basin,Tungabhadra Lower,district,Andhra Pradesh||Anantapur,Anantapur,district||Andhra Pradesh||Anantapur,Andhra Pradesh,,,4543.082,10.78,23.42
subbasin,TUL,Tungabhadra Lower,subbasin||TUL,,Krishna Basin,Tungabhadra Lower,district,Karnataka||Bagalkot,Bagalkot,district||Karnataka||Bagalkot,Karnataka,,,23.5785,0.06,0.36
subbasin,TUL,Tungabhadra Lower,subbasin||TUL,,Krishna Basin,Tungabhadra Lower,district,Karnataka||Ballari,Ballari,district||Karnataka||Ballari,Karnataka,,,5306.3208,12.59,62.77
subbasin,TUL,Tungabhadra Lower,subbasin||TUL,,Krishna Basin,Tungabhadra Lower,district,Karnataka||Chikkamagaluru,Chikkamagaluru,district||Karnataka||Chikkamagaluru,Karnataka,,,2234.6085,5.3,30.98
subbasin,TUL,Tungabhadra Lower,subbasin||TUL,,Krishna Basin,Tungabhadra Lower,district,Karnataka||Chitradurga,Chitradurga,district||Karnataka||Chitradurga,Karnataka,,,7428.6758,17.62,88.15
subbasin,TUL,Tungabhadra Lower,subbasin||TUL,,Krishna Basin,Tungabhadra Lower,district,Karnataka||Davangere,Davangere,district||Karnataka||Davangere,Karnataka,,,479.0202,1.14,8.11
subbasin,TUL,Tungabhadra Lower,subbasin||TUL,,Krishna Basin,Tungabhadra Lower,district,Karnataka||Hassan,Hassan,district||Karnataka||Hassan,Karnataka,,,1402.817,3.33,20.54
subbasin,TUL,Tungabhadra Lower,subbasin||TUL,,Krishna Basin,Tungabhadra Lower,district,Telangana||Jogulamba Gadwal,Jogulamba Gadwal,district||Telangana||Jogulamba Gadwal,Telangana,,,1332.1956,3.16,51.9
subbasin,TUL,Tungabhadra Lower,subbasin||TUL,,Krishna Basin,Tungabhadra Lower,district,Karnataka||Koppal,Koppal,district||Karnataka||Koppal,Karnataka,,,2862.4682,6.79,51.17
subbasin,TUL,Tungabhadra Lower,subbasin||TUL,,Krishna Basin,Tungabhadra Lower,district,Andhra Pradesh||Kurnool,Kurnool,district||Andhra Pradesh||Kurnool,Andhra Pradesh,,,7612.9674,18.06,43.73
subbasin,TUL,Tungabhadra Lower,subbasin||TUL,,Krishna Basin,Tungabhadra Lower,district,Karnataka||Raichur,Raichur,district||Karnataka||Raichur,Karnataka,,,5008.8618,11.88,59.23
subbasin,TUL,Tungabhadra Lower,subbasin||TUL,,Krishna Basin,Tungabhadra Lower,district,Karnataka||Tumakuru,Tumakuru,district||Karnataka||Tumakuru,Karnataka,,,3939.7753,9.35,37.23
subbasin,TUU,Tungabhadra Upper,subbasin||TUU,,Krishna Basin,Tungabhadra Upper,district,Karnataka||Ballari,Ballari,district||Karnataka||Ballari,Karnataka,,,3146.6931,10.9,37.23
subbasin,TUU,Tungabhadra Upper,subbasin||TUU,,Krishna Basin,Tungabhadra Upper,district,Karnataka||Chikkamagaluru,Chikkamagaluru,district||Karnataka||Chikkamagaluru,Karnataka,,,4069.7593,14.1,56.42
subbasin,TUU,Tungabhadra Upper,subbasin||TUU,,Krishna Basin,Tungabhadra Upper,district,Karnataka||Chitradurga,Chitradurga,district||Karnataka||Chitradurga,Karnataka,,,998.3925,3.46,11.85
subbasin,TUU,Tungabhadra Upper,subbasin||TUU,,Krishna Basin,Tungabhadra Upper,district,Karnataka||Dakshina Kannada,Dakshina Kannada,district||Karnataka||Dakshina Kannada,Karnataka,,,4.6646,0.02,0.1
subbasin,TUU,Tungabhadra Upper,subbasin||TUU,,Krishna Basin,Tungabhadra Upper,district,Karnataka||Davangere,Davangere,district||Karnataka||Davangere,Karnataka,,,5430.2876,18.81,91.89
subbasin,TUU,Tungabhadra Upper,subbasin||TUU,,Krishna Basin,Tungabhadra Upper,district,Karnataka||Dharwad,Dharwad,district||Karnataka||Dharwad,Karnataka,,,56.55,0.2,1.33
subbasin,TUU,Tungabhadra Upper,subbasin||TUU,,Krishna Basin,Tungabhadra Upper,district,Karnataka||Gadag,Gadag,district||Karnataka||Gadag,Karnataka,,,2022.0227,7.0,43.41
subbasin,TUU,Tungabhadra Upper,subbasin||TUU,,Krishna Basin,Tungabhadra Upper,district,Karnataka||Haveri,Haveri,district||Karnataka||Haveri,Karnataka,,,4572.6338,15.84,94.86
subbasin,TUU,Tungabhadra Upper,subbasin||TUU,,Krishna Basin,Tungabhadra Upper,district,Karnataka||Koppal,Koppal,district||Karnataka||Koppal,Karnataka,,,2125.8009,7.36,38.0
subbasin,TUU,Tungabhadra Upper,subbasin||TUU,,Krishna Basin,Tungabhadra Upper,district,Karnataka||Shivamogga,Shivamogga,district||Karnataka||Shivamogga,Karnataka,,,5762.8284,19.96,67.92
subbasin,TUU,Tungabhadra Upper,subbasin||TUU,,Krishna Basin,Tungabhadra Upper,district,Karnataka||Udupi,Udupi,district||Karnataka||Udupi,Karnataka,,,1.7593,0.01,0.05
subbasin,TUU,Tungabhadra Upper,subbasin||TUU,,Krishna Basin,Tungabhadra Upper,district,Karnataka||Uttara Kannada,Uttara Kannada,district||Karnataka||Uttara Kannada,Karnataka,,,667.5418,2.31,6.5
subbasin,UIN,Upper Indus,subbasin||UIN,,Indus (Up to border) Basin,Upper Indus,district,Jammu And Kashmir||Anantnag,Anantnag,district||Jammu And Kashmir||Anantnag,Jammu And Kashmir,,,2.384,0.01,0.09
subbasin,UIN,Upper Indus,subbasin||UIN,,Indus (Up to border) Basin,Upper Indus,district,Jammu And Kashmir||Bandipura,Bandipura,district||Jammu And Kashmir||Bandipura,Jammu And Kashmir,,,19.0865,0.04,0.47
subbasin,UIN,Upper Indus,subbasin||UIN,,Indus (Up to border) Basin,Upper Indus,district,Jammu And Kashmir||Ganderbal,Ganderbal,district||Jammu And Kashmir||Ganderbal,Jammu And Kashmir,,,1.1303,0.0,0.07
subbasin,UIN,Upper Indus,subbasin||UIN,,Indus (Up to border) Basin,Upper Indus,district,Ladakh||Kargil,Kargil,district||Ladakh||Kargil,Ladakh,,,13932.312,29.72,98.04
subbasin,UIN,Upper Indus,subbasin||UIN,,Indus (Up to border) Basin,Upper Indus,district,Jammu And Kashmir||Kishtwar,Kishtwar,district||Jammu And Kashmir||Kishtwar,Jammu And Kashmir,,,18.3982,0.04,0.23
subbasin,UIN,Upper Indus,subbasin||UIN,,Indus (Up to border) Basin,Upper Indus,district,Himachal Pradesh||Lahul & Spiti,Lahul & Spiti,district||Himachal Pradesh||Lahul & Spiti,Himachal Pradesh,,,1448.9918,3.09,10.39
subbasin,UIN,Upper Indus,subbasin||UIN,,Indus (Up to border) Basin,Upper Indus,district,Ladakh||Leh,Leh,district||Ladakh||Leh,Ladakh,,,31328.2947,66.83,20.35
subbasin,UGO,Upstream of Gomti confluece to Muzaffarnagar,subbasin||UGO,,Ganga Basin,Upstream of Gomti confluece to Muzaffarnagar,district,Uttar Pradesh||Aligarh,Aligarh,district||Uttar Pradesh||Aligarh,Uttar Pradesh,,,1130.1636,3.75,30.48
subbasin,UGO,Upstream of Gomti confluece to Muzaffarnagar,subbasin||UGO,,Ganga Basin,Upstream of Gomti confluece to Muzaffarnagar,district,Uttar Pradesh||Bhadohi,Bhadohi,district||Uttar Pradesh||Bhadohi,Uttar Pradesh,,,1017.1435,3.37,100.0
subbasin,UGO,Upstream of Gomti confluece to Muzaffarnagar,subbasin||UGO,,Ganga Basin,Upstream of Gomti confluece to Muzaffarnagar,district,Uttar Pradesh||Bulandshahr,Bulandshahr,district||Uttar Pradesh||Bulandshahr,Uttar Pradesh,,,2181.4134,7.24,61.69
subbasin,UGO,Upstream of Gomti confluece to Muzaffarnagar,subbasin||UGO,,Ganga Basin,Upstream of Gomti confluece to Muzaffarnagar,district,Uttar Pradesh||Chandauli,Chandauli,district||Uttar Pradesh||Chandauli,Uttar Pradesh,,,24.2361,0.08,0.95
subbasin,UGO,Upstream of Gomti confluece to Muzaffarnagar,subbasin||UGO,,Ganga Basin,Upstream of Gomti confluece to Muzaffarnagar,district,Uttar Pradesh||Etah,Etah,district||Uttar Pradesh||Etah,Uttar Pradesh,,,1565.0247,5.19,65.06
subbasin,UGO,Upstream of Gomti confluece to Muzaffarnagar,subbasin||UGO,,Ganga Basin,Upstream of Gomti confluece to Muzaffarnagar,district,Uttar Pradesh||Farrukhabad,Farrukhabad,district||Uttar Pradesh||Farrukhabad,Uttar Pradesh,,,622.3492,2.06,28.48
subbasin,UGO,Upstream of Gomti confluece to Muzaffarnagar,subbasin||UGO,,Ganga Basin,Upstream of Gomti confluece to Muzaffarnagar,district,Uttar Pradesh||Fatehpur,Fatehpur,district||Uttar Pradesh||Fatehpur,Uttar Pradesh,,,677.7394,2.25,16.17
subbasin,UGO,Upstream of Gomti confluece to Muzaffarnagar,subbasin||UGO,,Ganga Basin,Upstream of Gomti confluece to Muzaffarnagar,district,Uttar Pradesh||Firozabad,Firozabad,district||Uttar Pradesh||Firozabad,Uttar Pradesh,,,69.6481,0.23,2.89
subbasin,UGO,Upstream of Gomti confluece to Muzaffarnagar,subbasin||UGO,,Ganga Basin,Upstream of Gomti confluece to Muzaffarnagar,district,Uttar Pradesh||Gautambudhnagar,Gautambudhnagar,district||Uttar Pradesh||Gautambudhnagar,Uttar Pradesh,,,0.0887,0.0,0.01
subbasin,UGO,Upstream of Gomti confluece to Muzaffarnagar,subbasin||UGO,,Ganga Basin,Upstream of Gomti confluece to Muzaffarnagar,district,Uttar Pradesh||Ghaziabad,Ghaziabad,district||Uttar Pradesh||Ghaziabad,Uttar Pradesh,,,303.0149,1.01,33.17
subbasin,UGO,Upstream of Gomti confluece to Muzaffarnagar,subbasin||UGO,,Ganga Basin,Upstream of Gomti confluece to Muzaffarnagar,district,Uttar Pradesh||Hapur,Hapur,district||Uttar Pradesh||Hapur,Uttar Pradesh,,,759.631,2.52,68.52
subbasin,UGO,Upstream of Gomti confluece to Muzaffarnagar,subbasin||UGO,,Ganga Basin,Upstream of Gomti confluece to Muzaffarnagar,district,Uttar Pradesh||Hardoi,Hardoi,district||Uttar Pradesh||Hardoi,Uttar Pradesh,,,618.1639,2.05,10.31
subbasin,UGO,Upstream of Gomti confluece to Muzaffarnagar,subbasin||UGO,,Ganga Basin,Upstream of Gomti confluece to Muzaffarnagar,district,Uttar Pradesh||Hathras,Hathras,district||Uttar Pradesh||Hathras,Uttar Pradesh,,,309.1384,1.03,17.34
subbasin,UGO,Upstream of Gomti confluece to Muzaffarnagar,subbasin||UGO,,Ganga Basin,Upstream of Gomti confluece to Muzaffarnagar,district,Uttar Pradesh||Jaunpur,Jaunpur,district||Uttar Pradesh||Jaunpur,Uttar Pradesh,,,1185.0159,3.93,29.3
subbasin,UGO,Upstream of Gomti confluece to Muzaffarnagar,subbasin||UGO,,Ganga Basin,Upstream of Gomti confluece to Muzaffarnagar,district,Uttar Pradesh||Kannauj,Kannauj,district||Uttar Pradesh||Kannauj,Uttar Pradesh,,,1706.8907,5.66,82.11
subbasin,UGO,Upstream of Gomti confluece to Muzaffarnagar,subbasin||UGO,,Ganga Basin,Upstream of Gomti confluece to Muzaffarnagar,district,Uttar Pradesh||Kanpur,Kanpur,district||Uttar Pradesh||Kanpur,Uttar Pradesh,,,1845.981,6.13,61.41
subbasin,UGO,Upstream of Gomti confluece to Muzaffarnagar,subbasin||UGO,,Ganga Basin,Upstream of Gomti confluece to Muzaffarnagar,district,Uttar Pradesh||Kanpur Dehat,Kanpur Dehat,district||Uttar Pradesh||Kanpur Dehat,Uttar Pradesh,,,405.2569,1.34,12.89
subbasin,UGO,Upstream of Gomti confluece to Muzaffarnagar,subbasin||UGO,,Ganga Basin,Upstream of Gomti confluece to Muzaffarnagar,district,Uttar Pradesh||Kasganj,Kasganj,district||Uttar Pradesh||Kasganj,Uttar Pradesh,,,782.2381,2.6,39.9
subbasin,UGO,Upstream of Gomti confluece to Muzaffarnagar,subbasin||UGO,,Ganga Basin,Upstream of Gomti confluece to Muzaffarnagar,district,Uttar Pradesh||Kaushambi,Kaushambi,district||Uttar Pradesh||Kaushambi,Uttar Pradesh,,,375.6632,1.25,20.99
subbasin,UGO,Upstream of Gomti confluece to Muzaffarnagar,subbasin||UGO,,Ganga Basin,Upstream of Gomti confluece to Muzaffarnagar,district,Uttar Pradesh||Mainpuri,Mainpuri,district||Uttar Pradesh||Mainpuri,Uttar Pradesh,,,1442.2295,4.79,52.83
subbasin,UGO,Upstream of Gomti confluece to Muzaffarnagar,subbasin||UGO,,Ganga Basin,Upstream of Gomti confluece to Muzaffarnagar,district,Uttar Pradesh||Meerut,Meerut,district||Uttar Pradesh||Meerut,Uttar Pradesh,,,1745.4453,5.79,67.2
subbasin,UGO,Upstream of Gomti confluece to Muzaffarnagar,subbasin||UGO,,Ganga Basin,Upstream of Gomti confluece to Muzaffarnagar,district,Uttar Pradesh||Mirzapur,Mirzapur,district||Uttar Pradesh||Mirzapur,Uttar Pradesh,,,2479.5859,8.23,56.29
subbasin,UGO,Upstream of Gomti confluece to Muzaffarnagar,subbasin||UGO,,Ganga Basin,Upstream of Gomti confluece to Muzaffarnagar,district,Uttar Pradesh||Muzaffarnagar,Muzaffarnagar,district||Uttar Pradesh||Muzaffarnagar,Uttar Pradesh,,,782.2781,2.6,28.52
subbasin,UGO,Upstream of Gomti confluece to Muzaffarnagar,subbasin||UGO,,Ganga Basin,Upstream of Gomti confluece to Muzaffarnagar,district,Uttar Pradesh||Pratapgarh,Pratapgarh,district||Uttar Pradesh||Pratapgarh,Uttar Pradesh,,,732.7429,2.43,19.71
subbasin,UGO,Upstream of Gomti confluece to Muzaffarnagar,subbasin||UGO,,Ganga Basin,Upstream of Gomti confluece to Muzaffarnagar,district,Uttar Pradesh||Prayagraj,Prayagraj,district||Uttar Pradesh||Prayagraj,Uttar Pradesh,,,2839.1261,9.42,52.05
subbasin,UGO,Upstream of Gomti confluece to Muzaffarnagar,subbasin||UGO,,Ganga Basin,Upstream of Gomti confluece to Muzaffarnagar,district,Uttar Pradesh||Raibeareli,Raibeareli,district||Uttar Pradesh||Raibeareli,Uttar Pradesh,,,946.3522,3.14,24.11
subbasin,UGO,Upstream of Gomti confluece to Muzaffarnagar,subbasin||UGO,,Ganga Basin,Upstream of Gomti confluece to Muzaffarnagar,district,Uttar Pradesh||Unnao,Unnao,district||Uttar Pradesh||Unnao,Uttar Pradesh,,,2717.1871,9.02,59.51
subbasin,UGO,Upstream of Gomti confluece to Muzaffarnagar,subbasin||UGO,,Ganga Basin,Upstream of Gomti confluece to Muzaffarnagar,district,Uttar Pradesh||Varanasi,Varanasi,district||Uttar Pradesh||Varanasi,Uttar Pradesh,,,870.755,2.89,57.01
subbasin,VAI,Vaippar and others,subbasin||VAI,,East flowing rivers South of Cauvery Basin,Vaippar and others,district,Tamil Nadu||Dindigul,Dindigul,district||Tamil Nadu||Dindigul,Tamil Nadu,,,1.7184,0.01,0.03
subbasin,VAI,Vaippar and others,subbasin||VAI,,East flowing rivers South of Cauvery Basin,Vaippar and others,district,Kerala||Idukki,Idukki,district||Kerala||Idukki,Kerala,,,7.6685,0.04,0.18
subbasin,VAI,Vaippar and others,subbasin||VAI,,East flowing rivers South of Cauvery Basin,Vaippar and others,district,Tamil Nadu||Kanyakumari,Kanyakumari,district||Tamil Nadu||Kanyakumari,Tamil Nadu,,,63.2183,0.32,3.75
subbasin,VAI,Vaippar and others,subbasin||VAI,,East flowing rivers South of Cauvery Basin,Vaippar and others,district,Kerala||Kollam,Kollam,district||Kerala||Kollam,Kerala,,,7.1083,0.04,0.28
subbasin,VAI,Vaippar and others,subbasin||VAI,,East flowing rivers South of Cauvery Basin,Vaippar and others,district,Tamil Nadu||Madurai,Madurai,district||Tamil Nadu||Madurai,Tamil Nadu,,,2086.2771,10.52,56.16
subbasin,VAI,Vaippar and others,subbasin||VAI,,East flowing rivers South of Cauvery Basin,Vaippar and others,district,Kerala||Pattanamthitta,Pattanamthitta,district||Kerala||Pattanamthitta,Kerala,,,3.0451,0.02,0.12
subbasin,VAI,Vaippar and others,subbasin||VAI,,East flowing rivers South of Cauvery Basin,Vaippar and others,district,Tamil Nadu||Ramanathapuram,Ramanathapuram,district||Tamil Nadu||Ramanathapuram,Tamil Nadu,,,1627.7327,8.21,39.14
subbasin,VAI,Vaippar and others,subbasin||VAI,,East flowing rivers South of Cauvery Basin,Vaippar and others,district,Tamil Nadu||Sivaganga,Sivaganga,district||Tamil Nadu||Sivaganga,Tamil Nadu,,,366.4123,1.85,8.66
subbasin,VAI,Vaippar and others,subbasin||VAI,,East flowing rivers South of Cauvery Basin,Vaippar and others,district,Tamil Nadu||Teni,Teni,district||Tamil Nadu||Teni,Tamil Nadu,,,4.1124,0.02,0.14
subbasin,VAI,Vaippar and others,subbasin||VAI,,East flowing rivers South of Cauvery Basin,Vaippar and others,district,Tamil Nadu||Tenkasi,Tenkasi,district||Tamil Nadu||Tenkasi,Tamil Nadu,,,2795.7213,14.09,99.57
subbasin,VAI,Vaippar and others,subbasin||VAI,,East flowing rivers South of Cauvery Basin,Vaippar and others,district,Kerala||Thiruvananthapuram,Thiruvananthapuram,district||Kerala||Thiruvananthapuram,Kerala,,,1.0024,0.01,0.05
subbasin,VAI,Vaippar and others,subbasin||VAI,,East flowing rivers South of Cauvery Basin,Vaippar and others,district,Tamil Nadu||Tirunelveli,Tirunelveli,district||Tamil Nadu||Tirunelveli,Tamil Nadu,,,3856.4304,19.44,99.2
subbasin,VAI,Vaippar and others,subbasin||VAI,,East flowing rivers South of Cauvery Basin,Vaippar and others,district,Tamil Nadu||Tuticorin,Tuticorin,district||Tamil Nadu||Tuticorin,Tamil Nadu,,,4751.7578,23.95,99.7
subbasin,VAI,Vaippar and others,subbasin||VAI,,East flowing rivers South of Cauvery Basin,Vaippar and others,district,Tamil Nadu||Virudhunagar,Virudhunagar,district||Tamil Nadu||Virudhunagar,Tamil Nadu,,,4240.806,21.38,99.95
subbasin,VAM,Vamsadhara and other,subbasin||VAM,,East flowing rivers between Mahanadi and Godavari Basin,Vamsadhara and other,district,Odisha||Gajapati,Gajapati,district||Odisha||Gajapati,Odisha,,,4138.1888,18.31,100.0
subbasin,VAM,Vamsadhara and other,subbasin||VAM,,East flowing rivers between Mahanadi and Godavari Basin,Vamsadhara and other,district,Odisha||Ganjam,Ganjam,district||Odisha||Ganjam,Odisha,,,7880.171,34.87,93.95
subbasin,VAM,Vamsadhara and other,subbasin||VAM,,East flowing rivers between Mahanadi and Godavari Basin,Vamsadhara and other,district,Odisha||Kalahandi,Kalahandi,district||Odisha||Kalahandi,Odisha,,,182.7259,0.81,2.31
subbasin,VAM,Vamsadhara and other,subbasin||VAM,,East flowing rivers between Mahanadi and Godavari Basin,Vamsadhara and other,district,Odisha||Kandhamal,Kandhamal,district||Odisha||Kandhamal,Odisha,,,2008.3933,8.89,25.09
subbasin,VAM,Vamsadhara and other,subbasin||VAM,,East flowing rivers between Mahanadi and Godavari Basin,Vamsadhara and other,district,Odisha||Khordha,Khordha,district||Odisha||Khordha,Odisha,,,202.2255,0.89,7.0
subbasin,VAM,Vamsadhara and other,subbasin||VAM,,East flowing rivers between Mahanadi and Godavari Basin,Vamsadhara and other,district,Odisha||Nayagarh,Nayagarh,district||Odisha||Nayagarh,Odisha,,,318.0501,1.41,8.14
subbasin,VAM,Vamsadhara and other,subbasin||VAM,,East flowing rivers between Mahanadi and Godavari Basin,Vamsadhara and other,district,Odisha||Rayagarha,Rayagarha,district||Odisha||Rayagarha,Odisha,,,3985.7994,17.64,54.42
subbasin,VAM,Vamsadhara and other,subbasin||VAM,,East flowing rivers between Mahanadi and Godavari Basin,Vamsadhara and other,district,Andhra Pradesh||Srikakulam,Srikakulam,district||Andhra Pradesh||Srikakulam,Andhra Pradesh,,,3600.9109,15.93,61.37
subbasin,VAM,Vamsadhara and other,subbasin||VAM,,East flowing rivers between Mahanadi and Godavari Basin,Vamsadhara and other,district,Andhra Pradesh||Vizianagaram,Vizianagaram,district||Andhra Pradesh||Vizianagaram,Andhra Pradesh,,,215.5449,0.95,3.51
subbasin,VAR,Varrar and others,subbasin||VAR,,West flowing rivers South of Tapi Basin,Varrar and others,district,Tamil Nadu||Coimbatore,Coimbatore,district||Tamil Nadu||Coimbatore,Tamil Nadu,,,1677.9866,11.98,35.53
subbasin,VAR,Varrar and others,subbasin||VAR,,West flowing rivers South of Tapi Basin,Varrar and others,district,Kerala||Kannur,Kannur,district||Kerala||Kannur,Kerala,,,100.0974,0.71,3.38
subbasin,VAR,Varrar and others,subbasin||VAR,,West flowing rivers South of Tapi Basin,Varrar and others,district,Kerala||Kozhikode,Kozhikode,district||Kerala||Kozhikode,Kerala,,,2320.3658,16.56,98.5
subbasin,VAR,Varrar and others,subbasin||VAR,,West flowing rivers South of Tapi Basin,Varrar and others,district,Puducherry||Mahe,Mahe,district||Puducherry||Mahe,Puducherry,,,4.0867,0.03,50.52
subbasin,VAR,Varrar and others,subbasin||VAR,,West flowing rivers South of Tapi Basin,Varrar and others,district,Kerala||Malappuram,Malappuram,district||Kerala||Malappuram,Kerala,,,3546.6273,25.31,99.4
subbasin,VAR,Varrar and others,subbasin||VAR,,West flowing rivers South of Tapi Basin,Varrar and others,district,Tamil Nadu||Nilgiris,Nilgiris,district||Tamil Nadu||Nilgiris,Tamil Nadu,,,361.925,2.58,14.92
subbasin,VAR,Varrar and others,subbasin||VAR,,West flowing rivers South of Tapi Basin,Varrar and others,district,Kerala||Palakkad,Palakkad,district||Kerala||Palakkad,Kerala,,,3428.1155,24.47,76.27
subbasin,VAR,Varrar and others,subbasin||VAR,,West flowing rivers South of Tapi Basin,Varrar and others,district,Tamil Nadu||Tiruppur,Tiruppur,district||Tamil Nadu||Tiruppur,Tamil Nadu,,,281.2232,2.01,5.42
subbasin,VAR,Varrar and others,subbasin||VAR,,West flowing rivers South of Tapi Basin,Varrar and others,district,Kerala||Trissur,Trissur,district||Kerala||Trissur,Kerala,,,2085.8503,14.89,69.1
subbasin,VAR,Varrar and others,subbasin||VAR,,West flowing rivers South of Tapi Basin,Varrar and others,district,Kerala||Wayanad,Wayanad,district||Kerala||Wayanad,Kerala,,,191.0955,1.36,8.9
subbasin,VAS,Vasishti and others,subbasin||VAS,,West flowing rivers South of Tapi Basin,Vasishti and others,district,Karnataka||Belagavi,Belagavi,district||Karnataka||Belagavi,Karnataka,,,1044.5003,3.73,7.76
subbasin,VAS,Vasishti and others,subbasin||VAS,,West flowing rivers South of Tapi Basin,Vasishti and others,district,Karnataka||Dharwad,Dharwad,district||Karnataka||Dharwad,Karnataka,,,1437.1928,5.13,33.86
subbasin,VAS,Vasishti and others,subbasin||VAS,,West flowing rivers South of Tapi Basin,Vasishti and others,district,Karnataka||Haveri,Haveri,district||Karnataka||Haveri,Karnataka,,,139.0031,0.5,2.88
subbasin,VAS,Vasishti and others,subbasin||VAS,,West flowing rivers South of Tapi Basin,Vasishti and others,district,Maharashtra||Kolhapur,Kolhapur,district||Maharashtra||Kolhapur,Maharashtra,,,293.9625,1.05,3.84
subbasin,VAS,Vasishti and others,subbasin||VAS,,West flowing rivers South of Tapi Basin,Vasishti and others,district,Goa||North Goa,North Goa,district||Goa||North Goa,Goa,,,1688.9575,6.03,96.98
subbasin,VAS,Vasishti and others,subbasin||VAS,,West flowing rivers South of Tapi Basin,Vasishti and others,district,Maharashtra||Ratnagiri,Ratnagiri,district||Maharashtra||Ratnagiri,Maharashtra,,,7980.4171,28.48,96.42
subbasin,VAS,Vasishti and others,subbasin||VAS,,West flowing rivers South of Tapi Basin,Vasishti and others,district,Maharashtra||Raygad,Raygad,district||Maharashtra||Raygad,Maharashtra,,,20.4699,0.07,0.29
subbasin,VAS,Vasishti and others,subbasin||VAS,,West flowing rivers South of Tapi Basin,Vasishti and others,district,Maharashtra||Sangli,Sangli,district||Maharashtra||Sangli,Maharashtra,,,7.0949,0.03,0.08
subbasin,VAS,Vasishti and others,subbasin||VAS,,West flowing rivers South of Tapi Basin,Vasishti and others,district,Maharashtra||Satara,Satara,district||Maharashtra||Satara,Maharashtra,,,40.61,0.14,0.39
subbasin,VAS,Vasishti and others,subbasin||VAS,,West flowing rivers South of Tapi Basin,Vasishti and others,district,Karnataka||Shivamogga,Shivamogga,district||Karnataka||Shivamogga,Karnataka,,,15.9016,0.06,0.19
subbasin,VAS,Vasishti and others,subbasin||VAS,,West flowing rivers South of Tapi Basin,Vasishti and others,district,Maharashtra||Sindhudurg,Sindhudurg,district||Maharashtra||Sindhudurg,Maharashtra,,,4911.9132,17.53,96.74
subbasin,VAS,Vasishti and others,subbasin||VAS,,West flowing rivers South of Tapi Basin,Vasishti and others,district,Goa||South Goa,South Goa,district||Goa||South Goa,Goa,,,1914.0625,6.83,97.97
subbasin,VAS,Vasishti and others,subbasin||VAS,,West flowing rivers South of Tapi Basin,Vasishti and others,district,Karnataka||Uttara Kannada,Uttara Kannada,district||Karnataka||Uttara Kannada,Karnataka,,,8436.4155,30.11,82.14
subbasin,WAR,Wardha,subbasin||WAR,,Godavari Basin,Wardha,district,Telangana||Adilabad,Adilabad,district||Telangana||Adilabad,Telangana,,,1676.2918,3.5,41.89
subbasin,WAR,Wardha,subbasin||WAR,,Godavari Basin,Wardha,district,Maharashtra||Akola,Akola,district||Maharashtra||Akola,Maharashtra,,,0.1335,0.0,0.0
subbasin,WAR,Wardha,subbasin||WAR,,Godavari Basin,Wardha,district,Maharashtra||Amaravati,Amaravati,district||Maharashtra||Amaravati,Maharashtra,,,4167.0094,8.7,34.16
subbasin,WAR,Wardha,subbasin||WAR,,Godavari Basin,Wardha,district,Madhya Pradesh||Betul,Betul,district||Madhya Pradesh||Betul,Madhya Pradesh,,,1178.0589,2.46,11.72
subbasin,WAR,Wardha,subbasin||WAR,,Godavari Basin,Wardha,district,Maharashtra||Buldhana,Buldhana,district||Maharashtra||Buldhana,Maharashtra,,,2002.3927,4.18,20.61
subbasin,WAR,Wardha,subbasin||WAR,,Godavari Basin,Wardha,district,Maharashtra||Chandrapur,Chandrapur,district||Maharashtra||Chandrapur,Maharashtra,,,5114.6738,10.68,45.03
subbasin,WAR,Wardha,subbasin||WAR,,Godavari Basin,Wardha,district,Madhya Pradesh||Chhindwara,Chhindwara,district||Madhya Pradesh||Chhindwara,Madhya Pradesh,,,171.4111,0.36,1.45
subbasin,WAR,Wardha,subbasin||WAR,,Godavari Basin,Wardha,district,Maharashtra||Hingoli,Hingoli,district||Maharashtra||Hingoli,Maharashtra,,,2714.2634,5.67,57.53
subbasin,WAR,Wardha,subbasin||WAR,,Godavari Basin,Wardha,district,Telangana||Kumuram Bheem,Kumuram Bheem,district||Telangana||Kumuram Bheem,Telangana,,,361.4232,0.75,7.97
subbasin,WAR,Wardha,subbasin||WAR,,Godavari Basin,Wardha,district,Maharashtra||Nagpur,Nagpur,district||Maharashtra||Nagpur,Maharashtra,,,3347.7887,6.99,33.8
subbasin,WAR,Wardha,subbasin||WAR,,Godavari Basin,Wardha,district,Maharashtra||Nanded,Nanded,district||Maharashtra||Nanded,Maharashtra,,,3291.1666,6.87,31.2
subbasin,WAR,Wardha,subbasin||WAR,,Godavari Basin,Wardha,district,Telangana||Nirmal,Nirmal,district||Telangana||Nirmal,Telangana,,,0.5555,0.0,0.01
subbasin,WAR,Wardha,subbasin||WAR,,Godavari Basin,Wardha,district,Maharashtra||Wardha,Wardha,district||Maharashtra||Wardha,Maharashtra,,,6298.5275,13.15,100.0
subbasin,WAR,Wardha,subbasin||WAR,,Godavari Basin,Wardha,district,Maharashtra||Washim,Washim,district||Maharashtra||Washim,Maharashtra,,,3990.7776,8.33,77.72
subbasin,WAR,Wardha,subbasin||WAR,,Godavari Basin,Wardha,district,Maharashtra||Yavatmal,Yavatmal,district||Maharashtra||Yavatmal,Maharashtra,,,13576.0379,28.35,100.0
subbasin,WEI,Weinganga,subbasin||WEI,,Godavari Basin,Weinganga,district,Madhya Pradesh||Balaghat,Balaghat,district||Madhya Pradesh||Balaghat,Madhya Pradesh,,,6936.483,13.45,75.04
subbasin,WEI,Weinganga,subbasin||WEI,,Godavari Basin,Weinganga,district,Madhya Pradesh||Betul,Betul,district||Madhya Pradesh||Betul,Madhya Pradesh,,,1015.1503,1.97,10.1
subbasin,WEI,Weinganga,subbasin||WEI,,Godavari Basin,Weinganga,district,Maharashtra||Bhandara,Bhandara,district||Maharashtra||Bhandara,Maharashtra,,,4123.2736,8.0,100.0
subbasin,WEI,Weinganga,subbasin||WEI,,Godavari Basin,Weinganga,district,Maharashtra||Chandrapur,Chandrapur,district||Maharashtra||Chandrapur,Maharashtra,,,5854.0362,11.35,51.54
subbasin,WEI,Weinganga,subbasin||WEI,,Godavari Basin,Weinganga,district,Madhya Pradesh||Chhindwara,Chhindwara,district||Madhya Pradesh||Chhindwara,Madhya Pradesh,,,8091.9012,15.69,68.58
subbasin,WEI,Weinganga,subbasin||WEI,,Godavari Basin,Weinganga,district,Maharashtra||Gadchiroli,Gadchiroli,district||Maharashtra||Gadchiroli,Maharashtra,,,5579.878,10.82,38.46
subbasin,WEI,Weinganga,subbasin||WEI,,Godavari Basin,Weinganga,district,Maharashtra||Gondia,Gondia,district||Maharashtra||Gondia,Maharashtra,,,5153.2828,9.99,99.64
subbasin,WEI,Weinganga,subbasin||WEI,,Godavari Basin,Weinganga,district,Madhya Pradesh||Mandla,Mandla,district||Madhya Pradesh||Mandla,Madhya Pradesh,,,743.939,1.44,9.9
subbasin,WEI,Weinganga,subbasin||WEI,,Godavari Basin,Weinganga,district,Maharashtra||Nagpur,Nagpur,district||Maharashtra||Nagpur,Maharashtra,,,6556.835,12.71,66.2
subbasin,WEI,Weinganga,subbasin||WEI,,Godavari Basin,Weinganga,district,Chhattisgarh||Raj Nandgaon,Raj Nandgaon,district||Chhattisgarh||Raj Nandgaon,Chhattisgarh,,,975.5059,1.89,12.11
subbasin,WEI,Weinganga,subbasin||WEI,,Godavari Basin,Weinganga,district,Madhya Pradesh||Seoni,Seoni,district||Madhya Pradesh||Seoni,Madhya Pradesh,,,6508.3095,12.62,74.36
subbasin,WEI,Weinganga,subbasin||WEI,,Godavari Basin,Weinganga,district,Chhattisgarh||Uttar Bastar Kanker,Uttar Bastar Kanker,district||Chhattisgarh||Uttar Bastar Kanker,Chhattisgarh,,,0.0958,0.0,0.0
subbasin,YAL,Yamuna Lower,subbasin||YAL,,Ganga Basin,Yamuna Lower,district,Uttar Pradesh||Agra,Agra,district||Uttar Pradesh||Agra,Uttar Pradesh,,,106.6869,0.08,2.63
subbasin,YAL,Yamuna Lower,subbasin||YAL,,Ganga Basin,Yamuna Lower,district,Uttar Pradesh||Aligarh,Aligarh,district||Uttar Pradesh||Aligarh,Uttar Pradesh,,,437.0682,0.34,11.79
subbasin,YAL,Yamuna Lower,subbasin||YAL,,Ganga Basin,Yamuna Lower,district,Madhya Pradesh||Ashoknagar,Ashoknagar,district||Madhya Pradesh||Ashoknagar,Madhya Pradesh,,,4744.1407,3.66,100.0
subbasin,YAL,Yamuna Lower,subbasin||YAL,,Ganga Basin,Yamuna Lower,district,Uttar Pradesh||Auraiya,Auraiya,district||Uttar Pradesh||Auraiya,Uttar Pradesh,,,1948.4461,1.5,96.15
subbasin,YAL,Yamuna Lower,subbasin||YAL,,Ganga Basin,Yamuna Lower,district,Uttar Pradesh||Banda,Banda,district||Uttar Pradesh||Banda,Uttar Pradesh,,,4447.6168,3.43,100.0
subbasin,YAL,Yamuna Lower,subbasin||YAL,,Ganga Basin,Yamuna Lower,district,Madhya Pradesh||Bhind,Bhind,district||Madhya Pradesh||Bhind,Madhya Pradesh,,,4200.1688,3.24,94.12
subbasin,YAL,Yamuna Lower,subbasin||YAL,,Ganga Basin,Yamuna Lower,district,Madhya Pradesh||Bhopal,Bhopal,district||Madhya Pradesh||Bhopal,Madhya Pradesh,,,2182.5203,1.68,78.56
subbasin,YAL,Yamuna Lower,subbasin||YAL,,Ganga Basin,Yamuna Lower,district,Madhya Pradesh||Chhatarpur,Chhatarpur,district||Madhya Pradesh||Chhatarpur,Madhya Pradesh,,,8679.1268,6.69,100.0
subbasin,YAL,Yamuna Lower,subbasin||YAL,,Ganga Basin,Yamuna Lower,district,Uttar Pradesh||Chitrakoot,Chitrakoot,district||Uttar Pradesh||Chitrakoot,Uttar Pradesh,,,2549.8918,1.96,80.13
subbasin,YAL,Yamuna Lower,subbasin||YAL,,Ganga Basin,Yamuna Lower,district,Madhya Pradesh||Damoh,Damoh,district||Madhya Pradesh||Damoh,Madhya Pradesh,,,6869.6444,5.29,94.25
subbasin,YAL,Yamuna Lower,subbasin||YAL,,Ganga Basin,Yamuna Lower,district,Madhya Pradesh||Datia,Datia,district||Madhya Pradesh||Datia,Madhya Pradesh,,,2687.3872,2.07,100.0
subbasin,YAL,Yamuna Lower,subbasin||YAL,,Ganga Basin,Yamuna Lower,district,Uttar Pradesh||Etah,Etah,district||Uttar Pradesh||Etah,Uttar Pradesh,,,629.1788,0.48,26.16
subbasin,YAL,Yamuna Lower,subbasin||YAL,,Ganga Basin,Yamuna Lower,district,Uttar Pradesh||Etawah,Etawah,district||Uttar Pradesh||Etawah,Uttar Pradesh,,,1480.4799,1.14,63.61
subbasin,YAL,Yamuna Lower,subbasin||YAL,,Ganga Basin,Yamuna Lower,district,Uttar Pradesh||Fatehpur,Fatehpur,district||Uttar Pradesh||Fatehpur,Uttar Pradesh,,,3512.647,2.71,83.83
subbasin,YAL,Yamuna Lower,subbasin||YAL,,Ganga Basin,Yamuna Lower,district,Uttar Pradesh||Firozabad,Firozabad,district||Uttar Pradesh||Firozabad,Uttar Pradesh,,,1513.721,1.17,62.7
subbasin,YAL,Yamuna Lower,subbasin||YAL,,Ganga Basin,Yamuna Lower,district,Madhya Pradesh||Guna,Guna,district||Madhya Pradesh||Guna,Madhya Pradesh,,,1142.9589,0.88,17.93
subbasin,YAL,Yamuna Lower,subbasin||YAL,,Ganga Basin,Yamuna Lower,district,Madhya Pradesh||Gwalior,Gwalior,district||Madhya Pradesh||Gwalior,Madhya Pradesh,,,4562.6152,3.52,100.0
subbasin,YAL,Yamuna Lower,subbasin||YAL,,Ganga Basin,Yamuna Lower,district,Uttar Pradesh||Hamirpur,Hamirpur,district||Uttar Pradesh||Hamirpur,Uttar Pradesh,,,3898.4924,3.0,100.0
subbasin,YAL,Yamuna Lower,subbasin||YAL,,Ganga Basin,Yamuna Lower,district,Uttar Pradesh||Hathras,Hathras,district||Uttar Pradesh||Hathras,Uttar Pradesh,,,616.6059,0.48,34.6
subbasin,YAL,Yamuna Lower,subbasin||YAL,,Ganga Basin,Yamuna Lower,district,Madhya Pradesh||Jabalpur,Jabalpur,district||Madhya Pradesh||Jabalpur,Madhya Pradesh,,,0.4352,0.0,0.01
subbasin,YAL,Yamuna Lower,subbasin||YAL,,Ganga Basin,Yamuna Lower,district,Uttar Pradesh||Jalaun,Jalaun,district||Uttar Pradesh||Jalaun,Uttar Pradesh,,,4562.0855,3.52,100.0
subbasin,YAL,Yamuna Lower,subbasin||YAL,,Ganga Basin,Yamuna Lower,district,Uttar Pradesh||Jhansi,Jhansi,district||Uttar Pradesh||Jhansi,Uttar Pradesh,,,5040.2294,3.88,100.0
subbasin,YAL,Yamuna Lower,subbasin||YAL,,Ganga Basin,Yamuna Lower,district,Uttar Pradesh||Kannauj,Kannauj,district||Uttar Pradesh||Kannauj,Uttar Pradesh,,,338.1676,0.26,16.27
subbasin,YAL,Yamuna Lower,subbasin||YAL,,Ganga Basin,Yamuna Lower,district,Uttar Pradesh||Kanpur,Kanpur,district||Uttar Pradesh||Kanpur,Uttar Pradesh,,,1160.1997,0.89,38.59
subbasin,YAL,Yamuna Lower,subbasin||YAL,,Ganga Basin,Yamuna Lower,district,Uttar Pradesh||Kanpur Dehat,Kanpur Dehat,district||Uttar Pradesh||Kanpur Dehat,Uttar Pradesh,,,2737.5569,2.11,87.11
subbasin,YAL,Yamuna Lower,subbasin||YAL,,Ganga Basin,Yamuna Lower,district,Madhya Pradesh||Katni,Katni,district||Madhya Pradesh||Katni,Madhya Pradesh,,,908.7815,0.7,18.01
subbasin,YAL,Yamuna Lower,subbasin||YAL,,Ganga Basin,Yamuna Lower,district,Uttar Pradesh||Kaushambi,Kaushambi,district||Uttar Pradesh||Kaushambi,Uttar Pradesh,,,1414.0747,1.09,79.01
subbasin,YAL,Yamuna Lower,subbasin||YAL,,Ganga Basin,Yamuna Lower,district,Uttar Pradesh||Lalitpur,Lalitpur,district||Uttar Pradesh||Lalitpur,Uttar Pradesh,,,5042.1521,3.89,100.0
subbasin,YAL,Yamuna Lower,subbasin||YAL,,Ganga Basin,Yamuna Lower,district,Uttar Pradesh||Mahoba,Mahoba,district||Uttar Pradesh||Mahoba,Uttar Pradesh,,,3244.054,2.5,100.0
subbasin,YAL,Yamuna Lower,subbasin||YAL,,Ganga Basin,Yamuna Lower,district,Uttar Pradesh||Mainpuri,Mainpuri,district||Uttar Pradesh||Mainpuri,Uttar Pradesh,,,1287.8477,0.99,47.17
subbasin,YAL,Yamuna Lower,subbasin||YAL,,Ganga Basin,Yamuna Lower,district,Madhya Pradesh||Morena,Morena,district||Madhya Pradesh||Morena,Madhya Pradesh,,,3719.1062,2.87,74.74
subbasin,YAL,Yamuna Lower,subbasin||YAL,,Ganga Basin,Yamuna Lower,district,Madhya Pradesh||Narshimapura,Narshimapura,district||Madhya Pradesh||Narshimapura,Madhya Pradesh,,,135.4076,0.1,2.65
subbasin,YAL,Yamuna Lower,subbasin||YAL,,Ganga Basin,Yamuna Lower,district,Madhya Pradesh||Nivari,Nivari,district||Madhya Pradesh||Nivari,Madhya Pradesh,,,1304.8699,1.01,100.0
subbasin,YAL,Yamuna Lower,subbasin||YAL,,Ganga Basin,Yamuna Lower,district,Madhya Pradesh||Panna,Panna,district||Madhya Pradesh||Panna,Madhya Pradesh,,,6829.8237,5.26,96.27
subbasin,YAL,Yamuna Lower,subbasin||YAL,,Ganga Basin,Yamuna Lower,district,Uttar Pradesh||Prayagraj,Prayagraj,district||Uttar Pradesh||Prayagraj,Uttar Pradesh,,,644.0354,0.5,11.81
subbasin,YAL,Yamuna Lower,subbasin||YAL,,Ganga Basin,Yamuna Lower,district,Madhya Pradesh||Raisen,Raisen,district||Madhya Pradesh||Raisen,Madhya Pradesh,,,3841.4894,2.96,45.22
subbasin,YAL,Yamuna Lower,subbasin||YAL,,Ganga Basin,Yamuna Lower,district,Madhya Pradesh||Rewa,Rewa,district||Madhya Pradesh||Rewa,Madhya Pradesh,,,10.4388,0.01,0.17
subbasin,YAL,Yamuna Lower,subbasin||YAL,,Ganga Basin,Yamuna Lower,district,Madhya Pradesh||Sagar,Sagar,district||Madhya Pradesh||Sagar,Madhya Pradesh,,,9884.8071,7.62,96.27
subbasin,YAL,Yamuna Lower,subbasin||YAL,,Ganga Basin,Yamuna Lower,district,Madhya Pradesh||Satna,Satna,district||Madhya Pradesh||Satna,Madhya Pradesh,,,1192.4418,0.92,15.82
subbasin,YAL,Yamuna Lower,subbasin||YAL,,Ganga Basin,Yamuna Lower,district,Madhya Pradesh||Sehore,Sehore,district||Madhya Pradesh||Sehore,Madhya Pradesh,,,141.7285,0.11,2.16
subbasin,YAL,Yamuna Lower,subbasin||YAL,,Ganga Basin,Yamuna Lower,district,Madhya Pradesh||Sheopur,Sheopur,district||Madhya Pradesh||Sheopur,Madhya Pradesh,,,1119.7947,0.86,16.98
subbasin,YAL,Yamuna Lower,subbasin||YAL,,Ganga Basin,Yamuna Lower,district,Madhya Pradesh||Shivpuri,Shivpuri,district||Madhya Pradesh||Shivpuri,Madhya Pradesh,,,8289.8312,6.39,80.7
subbasin,YAL,Yamuna Lower,subbasin||YAL,,Ganga Basin,Yamuna Lower,district,Madhya Pradesh||Tikamgarh,Tikamgarh,district||Madhya Pradesh||Tikamgarh,Madhya Pradesh,,,3712.8832,2.86,100.0
subbasin,YAL,Yamuna Lower,subbasin||YAL,,Ganga Basin,Yamuna Lower,district,Madhya Pradesh||Vidisha,Vidisha,district||Madhya Pradesh||Vidisha,Madhya Pradesh,,,6952.8004,5.36,94.87
subbasin,YAM,Yamuna Middle,subbasin||YAM,,Ganga Basin,Yamuna Middle,district,Uttar Pradesh||Agra,Agra,district||Uttar Pradesh||Agra,Uttar Pradesh,,,3516.5388,9.81,86.76
subbasin,YAM,Yamuna Middle,subbasin||YAM,,Ganga Basin,Yamuna Middle,district,Uttar Pradesh||Aligarh,Aligarh,district||Uttar Pradesh||Aligarh,Uttar Pradesh,,,1986.7885,5.54,53.57
subbasin,YAM,Yamuna Middle,subbasin||YAM,,Ganga Basin,Yamuna Middle,district,Rajasthan||Alwar,Alwar,district||Rajasthan||Alwar,Rajasthan,,,5077.5129,14.16,60.6
subbasin,YAM,Yamuna Middle,subbasin||YAM,,Ganga Basin,Yamuna Middle,district,Uttar Pradesh||Auraiya,Auraiya,district||Uttar Pradesh||Auraiya,Uttar Pradesh,,,73.857,0.21,3.64
subbasin,YAM,Yamuna Middle,subbasin||YAM,,Ganga Basin,Yamuna Middle,district,Rajasthan||Bharatpur,Bharatpur,district||Rajasthan||Bharatpur,Rajasthan,,,5058.2964,14.11,100.0
subbasin,YAM,Yamuna Middle,subbasin||YAM,,Ganga Basin,Yamuna Middle,district,Uttar Pradesh||Bulandshahr,Bulandshahr,district||Uttar Pradesh||Bulandshahr,Uttar Pradesh,,,830.7772,2.32,23.49
subbasin,YAM,Yamuna Middle,subbasin||YAM,,Ganga Basin,Yamuna Middle,district,Rajasthan||Dausa,Dausa,district||Rajasthan||Dausa,Rajasthan,,,2236.3129,6.24,65.48
subbasin,YAM,Yamuna Middle,subbasin||YAM,,Ganga Basin,Yamuna Middle,district,Rajasthan||Dhaulpur,Dhaulpur,district||Rajasthan||Dhaulpur,Rajasthan,,,2212.4431,6.17,73.14
subbasin,YAM,Yamuna Middle,subbasin||YAM,,Ganga Basin,Yamuna Middle,district,Uttar Pradesh||Etawah,Etawah,district||Uttar Pradesh||Etawah,Uttar Pradesh,,,607.7999,1.7,26.11
subbasin,YAM,Yamuna Middle,subbasin||YAM,,Ganga Basin,Yamuna Middle,district,Haryana||Faridabad,Faridabad,district||Haryana||Faridabad,Haryana,,,576.1364,1.61,77.59
subbasin,YAM,Yamuna Middle,subbasin||YAM,,Ganga Basin,Yamuna Middle,district,Uttar Pradesh||Firozabad,Firozabad,district||Uttar Pradesh||Firozabad,Uttar Pradesh,,,830.7682,2.32,34.41
subbasin,YAM,Yamuna Middle,subbasin||YAM,,Ganga Basin,Yamuna Middle,district,Uttar Pradesh||Gautambudhnagar,Gautambudhnagar,district||Uttar Pradesh||Gautambudhnagar,Uttar Pradesh,,,995.6137,2.78,70.52
subbasin,YAM,Yamuna Middle,subbasin||YAM,,Ganga Basin,Yamuna Middle,district,Uttar Pradesh||Ghaziabad,Ghaziabad,district||Uttar Pradesh||Ghaziabad,Uttar Pradesh,,,5.6007,0.02,0.61
subbasin,YAM,Yamuna Middle,subbasin||YAM,,Ganga Basin,Yamuna Middle,district,Haryana||Gurugram,Gurugram,district||Haryana||Gurugram,Haryana,,,278.1948,0.78,22.14
subbasin,YAM,Yamuna Middle,subbasin||YAM,,Ganga Basin,Yamuna Middle,district,Uttar Pradesh||Hapur,Hapur,district||Uttar Pradesh||Hapur,Uttar Pradesh,,,51.0292,0.14,4.6
subbasin,YAM,Yamuna Middle,subbasin||YAM,,Ganga Basin,Yamuna Middle,district,Uttar Pradesh||Hathras,Hathras,district||Uttar Pradesh||Hathras,Uttar Pradesh,,,856.553,2.39,48.06
subbasin,YAM,Yamuna Middle,subbasin||YAM,,Ganga Basin,Yamuna Middle,district,Rajasthan||Jaipur,Jaipur,district||Rajasthan||Jaipur,Rajasthan,,,1338.491,3.73,12.03
subbasin,YAM,Yamuna Middle,subbasin||YAM,,Ganga Basin,Yamuna Middle,district,Rajasthan||Karauli,Karauli,district||Rajasthan||Karauli,Rajasthan,,,3073.0528,8.57,61.41
subbasin,YAM,Yamuna Middle,subbasin||YAM,,Ganga Basin,Yamuna Middle,district,Uttar Pradesh||Mathura,Mathura,district||Uttar Pradesh||Mathura,Uttar Pradesh,,,3340.9316,9.32,100.0
subbasin,YAM,Yamuna Middle,subbasin||YAM,,Ganga Basin,Yamuna Middle,district,Haryana||Mewat,Mewat,district||Haryana||Mewat,Haryana,,,1290.277,3.6,85.51
subbasin,YAM,Yamuna Middle,subbasin||YAM,,Ganga Basin,Yamuna Middle,district,Haryana||Palwal,Palwal,district||Haryana||Palwal,Haryana,,,1360.8055,3.8,100.0
subbasin,YAM,Yamuna Middle,subbasin||YAM,,Ganga Basin,Yamuna Middle,district,Rajasthan||Sawai Madhopur,Sawai Madhopur,district||Rajasthan||Sawai Madhopur,Rajasthan,,,223.1751,0.62,4.43
subbasin,YAM,Yamuna Middle,subbasin||YAM,,Ganga Basin,Yamuna Middle,district,Delhi||South,South,district||Delhi||South,Delhi,,,0.1044,0.0,0.07
subbasin,YAU,Yamuna Upper,subbasin||YAU,,Ganga Basin,Yamuna Upper,district,Rajasthan||Alwar,Alwar,district||Rajasthan||Alwar,Rajasthan,,,2909.6994,7.89,34.73
subbasin,YAU,Yamuna Upper,subbasin||YAU,,Ganga Basin,Yamuna Upper,district,Uttar Pradesh||Baghpat,Baghpat,district||Uttar Pradesh||Baghpat,Uttar Pradesh,,,1319.6212,3.58,100.0
subbasin,YAU,Yamuna Upper,subbasin||YAU,,Ganga Basin,Yamuna Upper,district,Delhi||Central,Central,district||Delhi||Central,Delhi,,,108.5021,0.29,100.0
subbasin,YAU,Yamuna Upper,subbasin||YAU,,Ganga Basin,Yamuna Upper,district,Uttarakhand||Dehradun,Dehradun,district||Uttarakhand||Dehradun,Uttarakhand,,,2075.2181,5.63,67.32
subbasin,YAU,Yamuna Upper,subbasin||YAU,,Ganga Basin,Yamuna Upper,district,Delhi||East,East,district||Delhi||East,Delhi,,,31.5777,0.09,100.0
subbasin,YAU,Yamuna Upper,subbasin||YAU,,Ganga Basin,Yamuna Upper,district,Haryana||Faridabad,Faridabad,district||Haryana||Faridabad,Haryana,,,166.3727,0.45,22.41
subbasin,YAU,Yamuna Upper,subbasin||YAU,,Ganga Basin,Yamuna Upper,district,Uttar Pradesh||Gautambudhnagar,Gautambudhnagar,district||Uttar Pradesh||Gautambudhnagar,Uttar Pradesh,,,416.2026,1.13,29.48
subbasin,YAU,Yamuna Upper,subbasin||YAU,,Ganga Basin,Yamuna Upper,district,Uttar Pradesh||Ghaziabad,Ghaziabad,district||Uttar Pradesh||Ghaziabad,Uttar Pradesh,,,604.9965,1.64,66.22
subbasin,YAU,Yamuna Upper,subbasin||YAU,,Ganga Basin,Yamuna Upper,district,Haryana||Gurugram,Gurugram,district||Haryana||Gurugram,Haryana,,,978.0689,2.65,77.86
subbasin,YAU,Yamuna Upper,subbasin||YAU,,Ganga Basin,Yamuna Upper,district,Uttarakhand||Haridwar,Haridwar,district||Uttarakhand||Haridwar,Uttarakhand,,,313.673,0.85,13.72
subbasin,YAU,Yamuna Upper,subbasin||YAU,,Ganga Basin,Yamuna Upper,district,Rajasthan||Jaipur,Jaipur,district||Rajasthan||Jaipur,Rajasthan,,,1312.6982,3.56,11.79
subbasin,YAU,Yamuna Upper,subbasin||YAU,,Ganga Basin,Yamuna Upper,district,Haryana||Jhajjar,Jhajjar,district||Haryana||Jhajjar,Haryana,,,1129.4879,3.06,59.93
subbasin,YAU,Yamuna Upper,subbasin||YAU,,Ganga Basin,Yamuna Upper,district,Haryana||Jind,Jind,district||Haryana||Jind,Haryana,,,57.9404,0.16,2.11
subbasin,YAU,Yamuna Upper,subbasin||YAU,,Ganga Basin,Yamuna Upper,district,Haryana||Karnal,Karnal,district||Haryana||Karnal,Haryana,,,1045.359,2.84,42.15
subbasin,YAU,Yamuna Upper,subbasin||YAU,,Ganga Basin,Yamuna Upper,district,Himachal Pradesh||Kinnaur,Kinnaur,district||Himachal Pradesh||Kinnaur,Himachal Pradesh,,,11.6058,0.03,0.18
subbasin,YAU,Yamuna Upper,subbasin||YAU,,Ganga Basin,Yamuna Upper,district,Haryana||Kurukshetra,Kurukshetra,district||Haryana||Kurukshetra,Haryana,,,18.0288,0.05,1.09
subbasin,YAU,Yamuna Upper,subbasin||YAU,,Ganga Basin,Yamuna Upper,district,Haryana||Mahendragarh,Mahendragarh,district||Haryana||Mahendragarh,Haryana,,,52.2709,0.14,2.7
subbasin,YAU,Yamuna Upper,subbasin||YAU,,Ganga Basin,Yamuna Upper,district,Uttar Pradesh||Meerut,Meerut,district||Uttar Pradesh||Meerut,Uttar Pradesh,,,360.3889,0.98,13.88
subbasin,YAU,Yamuna Upper,subbasin||YAU,,Ganga Basin,Yamuna Upper,district,Haryana||Mewat,Mewat,district||Haryana||Mewat,Haryana,,,218.6623,0.59,14.49
subbasin,YAU,Yamuna Upper,subbasin||YAU,,Ganga Basin,Yamuna Upper,district,Uttar Pradesh||Muzaffarnagar,Muzaffarnagar,district||Uttar Pradesh||Muzaffarnagar,Uttar Pradesh,,,1472.8368,3.99,53.69
subbasin,YAU,Yamuna Upper,subbasin||YAU,,Ganga Basin,Yamuna Upper,district,Delhi||New Delhi,New Delhi,district||Delhi||New Delhi,Delhi,,,150.9087,0.41,100.0
subbasin,YAU,Yamuna Upper,subbasin||YAU,,Ganga Basin,Yamuna Upper,district,Delhi||North,North,district||Delhi||North,Delhi,,,296.0377,0.8,100.0
subbasin,YAU,Yamuna Upper,subbasin||YAU,,Ganga Basin,Yamuna Upper,district,Delhi||North East,North East,district||Delhi||North East,Delhi,,,32.4935,0.09,100.0
subbasin,YAU,Yamuna Upper,subbasin||YAU,,Ganga Basin,Yamuna Upper,district,Delhi||North West,North West,district||Delhi||North West,Delhi,,,149.7283,0.41,100.0
subbasin,YAU,Yamuna Upper,subbasin||YAU,,Ganga Basin,Yamuna Upper,district,Haryana||Panipat,Panipat,district||Haryana||Panipat,Haryana,,,1280.3513,3.47,98.2
subbasin,YAU,Yamuna Upper,subbasin||YAU,,Ganga Basin,Yamuna Upper,district,Haryana||Rewari,Rewari,district||Haryana||Rewari,Haryana,,,1107.1163,3.0,71.7
subbasin,YAU,Yamuna Upper,subbasin||YAU,,Ganga Basin,Yamuna Upper,district,Haryana||Rohtak,Rohtak,district||Haryana||Rohtak,Haryana,,,892.093,2.42,53.91
subbasin,YAU,Yamuna Upper,subbasin||YAU,,Ganga Basin,Yamuna Upper,district,Uttar Pradesh||Saharanpur,Saharanpur,district||Uttar Pradesh||Saharanpur,Uttar Pradesh,,,3527.4382,9.57,95.01
subbasin,YAU,Yamuna Upper,subbasin||YAU,,Ganga Basin,Yamuna Upper,district,Delhi||Shahadra,Shahadra,district||Delhi||Shahadra,Delhi,,,36.6368,0.1,100.0
subbasin,YAU,Yamuna Upper,subbasin||YAU,,Ganga Basin,Yamuna Upper,district,Uttar Pradesh||Shamli,Shamli,district||Uttar Pradesh||Shamli,Uttar Pradesh,,,1258.099,3.41,100.0
subbasin,YAU,Yamuna Upper,subbasin||YAU,,Ganga Basin,Yamuna Upper,district,Himachal Pradesh||Shimla,Shimla,district||Himachal Pradesh||Shimla,Himachal Pradesh,,,3291.2652,8.93,64.42
subbasin,YAU,Yamuna Upper,subbasin||YAU,,Ganga Basin,Yamuna Upper,district,Rajasthan||Sikar,Sikar,district||Rajasthan||Sikar,Rajasthan,,,380.693,1.03,4.94
subbasin,YAU,Yamuna Upper,subbasin||YAU,,Ganga Basin,Yamuna Upper,district,Himachal Pradesh||Sirmaur,Sirmaur,district||Himachal Pradesh||Sirmaur,Himachal Pradesh,,,2409.7766,6.54,84.87
subbasin,YAU,Yamuna Upper,subbasin||YAU,,Ganga Basin,Yamuna Upper,district,Himachal Pradesh||Solan,Solan,district||Himachal Pradesh||Solan,Himachal Pradesh,,,218.1965,0.59,11.34
subbasin,YAU,Yamuna Upper,subbasin||YAU,,Ganga Basin,Yamuna Upper,district,Haryana||Sonipat,Sonipat,district||Haryana||Sonipat,Haryana,,,2146.9672,5.82,98.04
subbasin,YAU,Yamuna Upper,subbasin||YAU,,Ganga Basin,Yamuna Upper,district,Delhi||South,South,district||Delhi||South,Delhi,,,154.0668,0.42,99.93
subbasin,YAU,Yamuna Upper,subbasin||YAU,,Ganga Basin,Yamuna Upper,district,Delhi||South East,South East,district||Delhi||South East,Delhi,,,101.6107,0.28,100.0
subbasin,YAU,Yamuna Upper,subbasin||YAU,,Ganga Basin,Yamuna Upper,district,Delhi||South West,South West,district||Delhi||South West,Delhi,,,285.0309,0.77,100.0
subbasin,YAU,Yamuna Upper,subbasin||YAU,,Ganga Basin,Yamuna Upper,district,Uttarakhand||Tehri Garhwal,Tehri Garhwal,district||Uttarakhand||Tehri Garhwal,Uttarakhand,,,434.6713,1.18,11.09
subbasin,YAU,Yamuna Upper,subbasin||YAU,,Ganga Basin,Yamuna Upper,district,Uttarakhand||Uttarkashi,Uttarkashi,district||Uttarakhand||Uttarkashi,Uttarakhand,,,2969.3198,8.05,37.17
subbasin,YAU,Yamuna Upper,subbasin||YAU,,Ganga Basin,Yamuna Upper,district,Delhi||West,West,district||Delhi||West,Delhi,,,130.7038,0.35,100.0
subbasin,YAU,Yamuna Upper,subbasin||YAU,,Ganga Basin,Yamuna Upper,district,Haryana||Yamunanagar,Yamunanagar,district||Haryana||Yamunanagar,Haryana,,,1013.3294,2.75,59.08
