unit_type,unit_id,unit_name,basin,sub_basin,area_sqkm,rain_gfs_mm,imd_mean_mm,bias_factor,rain_gfs_bc_mm,rain_icon_mm,alert_gfs_bc,alert_icon,date,cycle_utc
watershed,A01BAM01,Watershed A01BAM01,Indus (Up to border) Basin,Barmer,886.46670263,0.0,0.47126153552368893,1.0,0.0,0.0,NO ALERT,NO ALERT,20260911,12
watershed,A01BAM02,Watershed A01BAM02,Indus (Up to border) Basin,Barmer,358.41969424,0.0,0.46816084286937976,1.0,0.0,0.0,NO ALERT,NO ALERT,20260911,12
watershed,A01BAM03,Watershed A01BAM03,Indus (Up to border) Basin,Barmer,550.09731687,0.0,0.47264242384531724,1.0,0.0,0.0,NO ALERT,NO ALERT,20260911,12
watershed,A01BAM04,Watershed A01BAM04,Indus (Up to border) Basin,Barmer,593.43977483,0.0,0.4715960267267815,1.0,0.0,0.0,NO ALERT,NO ALERT,20260911,12
watershed,A01BAM05,Watershed A01BAM05,Indus (Up to border) Basin,Barmer,699.37722139,0.0,0.47144094476961107,1.0,0.0,0.0,NO ALERT,NO ALERT,20260911,12
watershed,A01BAM06,Watershed A01BAM06,Indus (Up to border) Basin,Barmer,786.89567608,0.0,0.4708082128469258,1.0,0.0,0.0,NO ALERT,NO ALERT,20260911,12
watershed,A01BAM07,Watershed A01BAM07,Indus (Up to border) Basin,Barmer,368.43907887,0.0,0.0,1.0,0.0,0.0,NO ALERT,NO ALERT,20260911,12
watershed,A01BAM08,Watershed A01BAM08,Indus (Up to border) Basin,Barmer,562.85137337,0.0,0.4588411326890122,1.0,0.0,0.0,NO ALERT,NO ALERT,20260911,12
watershed,A01BAM09,Watershed A01BAM09,Indus (Up to border) Basin,Barmer,471.97008995,0.0,0.0,1.0,0.0,0.0,NO ALERT,NO ALERT,20260911,12
watershed,A01BAM10,Watershed A01BAM10,Indus (Up to border) Basin,Barmer,594.71726725,0.0,0.45630843018832273,1.0,0.0,0.0,NO ALERT,NO ALERT,20260911,12
watershed,A01BAM11,Watershed A01BAM11,Indus (Up to border) Basin,Barmer,625.90573935,0.0,0.47195854897368444,1.0,0.0,0.0,NO ALERT,NO ALERT,20260911,12
watershed,A01BAM12,Watershed A01BAM12,Indus (Up to border) Basin,Barmer,664.85058039,0.0,0.4688479923630414,1.0,0.0,0.0,NO ALERT,NO ALERT,20260911,12
watershed,A01BAM13,Watershed A01BAM13,Indus (Up to border) Basin,Barmer,617.81663451,0.0,0.0,1.0,0.0,0.0,NO ALERT,NO ALERT,20260911,12
watershed,A01BAM14,Watershed A01BAM14,Indus (Up to border) Basin,Barmer,813.27192828,0.0,0.48034450826171327,1.0,0.0,0.0,NO ALERT,NO ALERT,20260911,12
watershed,A01BAM15,Watershed A01BAM15,Indus (Up to border) Basin,Barmer,851.07148087,0.0,0.47844331797263395,1.0,0.0,0.0,NO ALERT,NO ALERT,20260911,12
watershed,A01BAM16,Watershed A01BAM16,Indus (Up to border) Basin,Barmer,387.675479,0.0,0.0,1.0,0.0,0.0,NO ALERT,NO ALERT,20260911,12
watershed,A01BAM17,Watershed A01BAM17,Indus (Up to border) Basin,Barmer,648.97844388,0.0,0.5300179882000571,1.0,0.0,0.0,NO ALERT,NO ALERT,20260911,12
watershed,A01BAM18,Watershed A01BAM18,Indus (Up to border) Basin,Barmer,600.75627226,0.0,0.5469272555962,1.0,0.0,0.0,NO ALERT,NO ALERT,20260911,12
watershed,A01BAM19,Watershed A01BAM19,Indus (Up to border) Basin,Barmer,541.5121318,0.0,0.0,1.0,0.0,0.0,NO ALERT,NO ALERT,20260911,12
watershed,A01BAM20,Watershed A01BAM20,Indus (Up to border) Basin,Barmer,770.03162226,0.0,0.5494204410236991,1.0,0.0,0.0,NO ALERT,NO ALERT,20260911,12
watershed,A01BAM21,Watershed A01BAM21,Indus (Up to border) Basin,Barmer,631.91848279,0.0,0.0,1.0,0.0,0.0,NO ALERT,NO ALERT,20260911,12
watershed,A01BAM22,Watershed A01BAM22,Indus (Up to border) Basin,Barmer,463.07959265,0.0,0.7096382703683147,1.0,0.0,0.0,NO ALERT,NO ALERT,20260911,12
watershed,A01BAM23,Watershed A01BAM23,Indus (Up to border) Basin,Barmer,485.78285532,0.0,0.6658863292164998,1.0,0.0,0.0,NO ALERT,NO ALERT,20260911,12
watershed,A01BAM24,Watershed A01BAM24,Indus (Up to border) Basin,Barmer,485.03544154,0.0,0.6606985324866151,1.0,0.0,0.0,NO ALERT,NO ALERT,20260911,12
watershed,A01BAM25,Watershed A01BAM25,Indus (Up to border) Basin,Barmer,655.37157637,0.0,0.583852668892439,1.0,0.0,0.0,NO ALERT,NO ALERT,20260911,12
watershed,A01BAM26,Watershed A01BAM26,Indus (Up to border) Basin,Barmer,507.57424262,0.0,0.0,1.0,0.0,0.0,NO ALERT,NO ALERT,20260911,12
watershed,A01BAM27,Watershed A01BAM27,Indus (Up to border) Basin,Barmer,386.71822959,0.0,0.754014061330116,1.0,0.0,0.0,NO ALERT,NO ALERT,20260911,12
watershed,A01BAM28,Watershed A01BAM28,Indus (Up to border) Basin,Barmer,497.47679188,0.0,0.0,1.0,0.0,0.0,NO ALERT,NO ALERT,20260911,12
watershed,A01BAM29,Watershed A01BAM29,Indus (Up to border) Basin,Barmer,581.53794933,0.0,0.8009244175194061,1.0,0.0,0.0,NO ALERT,NO ALERT,20260911,12
watershed,A01BAM30,Watershed A01BAM30,Indus (Up to border) Basin,Barmer,384.88750719,0.0,0.0,1.0,0.0,0.0,NO ALERT,NO ALERT,20260911,12
watershed,A01BAM31,Watershed A01BAM31,Indus (Up to border) Basin,Barmer,485.9382843,0.0,0.8887973773152861,1.0,0.0,0.0,NO ALERT,NO ALERT,20260911,12
watershed,A01BAM32,Watershed A01BAM32,Indus (Up to border) Basin,Barmer,449.24595845,0.0,0.0,1.0,0.0,0.0,NO ALERT,NO ALERT,20260911,12
watershed,A01BAM33,Watershed A01BAM33,Indus (Up to border) Basin,Barmer,528.45153887,0.0,0.8006728331520133,1.0,0.0,0.0,NO ALERT,NO ALERT,20260911,12
watershed,A01BAM34,Watershed A01BAM34,Indus (Up to border) Basin,Barmer,417.67479019,0.0,0.0,1.0,0.0,0.0,NO ALERT,NO ALERT,20260911,12
watershed,A01BAM35,Watershed A01BAM35,Indus (Up to border) Basin,Barmer,649.17549603,0.0,0.8627991022720729,1.0,0.0,0.0,NO ALERT,NO ALERT,20260911,12
watershed,A01BAM36,Watershed A01BAM36,Indus (Up to border) Basin,Barmer,529.14401778,0.0,0.7943397439505956,1.0,0.0,0.0,NO ALERT,NO ALERT,20260911,12
watershed,A01BAM37,Watershed A01BAM37,Indus (Up to border) Basin,Barmer,415.18570387,0.0,0.8314632957928801,1.0,0.0,0.0,NO ALERT,NO ALERT,20260911,12
watershed,A01BAM38,Watershed A01BAM38,Indus (Up to border) Basin,Barmer,710.19396167,0.0,0.0,1.0,0.0,0.0,NO ALERT,NO ALERT,20260911,12
watershed,A01BEA01,Watershed A01BEA01,Indus (Up to border) Basin,Beas,543.14932091,0.3125,3.0132859764850304,3.0,0.9375,0.0,NO ALERT,NO ALERT,20260911,12
watershed,A01BEA02,Watershed A01BEA02,Indus (Up to border) Basin,Beas,658.28657584,1.5,3.7409381472901124,2.493958764860075,3.7409381472901124,0.0,NO ALERT,NO ALERT,20260911,12
watershed,A01BEA03,Watershed A01BEA03,Indus (Up to border) Basin,Beas,814.76692533,2.125,4.590581600755861,2.1602736944733465,4.590581600755861,0.0,NO ALERT,NO ALERT,20260911,12
watershed,A01BEA04,Watershed A01BEA04,Indus (Up to border) Basin,Beas,572.33099057,5.0625,4.344780889643382,0.8582283238801742,4.344780889643382,0.0,NO ALERT,NO ALERT,20260911,12
watershed,A01BEA05,Watershed A01BEA05,Indus (Up to border) Basin,Beas,884.03245015,2.6875,4.306071190209422,1.6022590475197849,4.306071190209422,0.0,NO ALERT,NO ALERT,20260911,12
watershed,A01BEA06,Watershed A01BEA06,Indus (Up to border) Basin,Beas,731.03869751,2.395833333333333,4.220898680674703,1.761766405846833,4.220898680674703,0.0,NO ALERT,NO ALERT,20260911,12
watershed,A01BEA07,Watershed A01BEA07,Indus (Up to border) Basin,Beas,652.2686453,0.0,0.0,1.0,0.0,0.0,NO ALERT,NO ALERT,20260911,12
watershed,A01BEA08,Watershed A01BEA08,Indus (Up to border) Basin,Beas,661.09720271,3.4375,4.84678367588618,1.4099734329850706,4.84678367588618,0.0,NO ALERT,NO ALERT,20260911,12
watershed,A01BEA09,Watershed A01BEA09,Indus (Up to border) Basin,Beas,781.35199005,2.5625,4.910786267829268,1.9164043972016656,4.910786267829268,0.0,NO ALERT,NO ALERT,20260911,12
watershed,A01BEA10,Watershed A01BEA10,Indus (Up to border) Basin,Beas,416.30160737,1.3125,5.261687357090924,3.0,3.9375,0.0,NO ALERT,NO ALERT,20260911,12
watershed,A01BEA11,Watershed A01BEA11,Indus (Up to border) Basin,Beas,541.67244325,5.0,7.306575679064614,1.4613151358129228,7.306575679064614,0.0,NO ALERT,NO ALERT,20260911,12
watershed,A01BEA12,Watershed A01BEA12,Indus (Up to border) Basin,Beas,404.24676634,0.0,0.0,1.0,0.0,0.0,NO ALERT,NO ALERT,20260911,12
watershed,A01BEA13,Watershed A01BEA13,Indus (Up to border) Basin,Beas,590.355931,1.0,7.324775285100284,3.0,3.0,0.0,NO ALERT,NO ALERT,20260911,12
watershed,A01BEA14,Watershed A01BEA14,Indus (Up to border) Basin,Beas,659.14079987,1.46875,6.231119344261003,3.0,4.40625,0.0,NO ALERT,NO ALERT,20260911,12
watershed,A01BEA15,Watershed A01BEA15,Indus (Up to border) Basin,Beas,526.12618996,0.0,0.0,1.0,0.0,0.0,NO ALERT,NO ALERT,20260911,12
watershed,A01BEA16,Watershed A01BEA16,Indus (Up to border) Basin,Beas,582.43765061,0.125,5.249693660744249,3.0,0.375,0.0,NO ALERT,NO ALERT,20260911,12
watershed,A01BEA17,Watershed A01BEA17,Indus (Up to border) Basin,Beas,420.23914665,0.0,0.0,1.0,0.0,0.0,NO ALERT,NO ALERT,20260911,12
watershed,A01BEA18,Watershed A01BEA18,Indus (Up to border) Basin,Beas,390.59715869,3.0,6.209099821644287,2.069699940548096,6.209099821644287,0.0,NO ALERT,NO ALERT,20260911,12
watershed,A01BEA19,Watershed A01BEA19,Indus (Up to border) Basin,Beas,680.10694914,0.625,7.4823707397465835,3.0,1.875,0.0,NO ALERT,NO ALERT,20260911,12
watershed,A01BEA20,Watershed A01BEA20,Indus (Up to border) Basin,Beas,850.78470787,0.6875,5.563774659515244,3.0,2.0625,0.0,NO ALERT,NO ALERT,20260911,12
watershed,A01BEA21,Watershed A01BEA21,Indus (Up to border) Basin,Beas,485.80524927,0.0,0.0,1.0,0.0,0.0,NO ALERT,NO ALERT,20260911,12
watershed,A01BEA22,Watershed A01BEA22,Indus (Up to border) Basin,Beas,642.65531905,3.75,6.117097135970037,1.6312259029253433,6.117097135970037,0.0,NO ALERT,NO ALERT,20260911,12
watershed,A01BEA23,Watershed A01BEA23,Indus (Up to border) Basin,Beas,999.14399955,0.09375,4.430342171963764,1.0,0.09375,0.0,NO ALERT,NO ALERT,20260911,12
watershed,A01BEA24,Watershed A01BEA24,Indus (Up to border) Basin,Beas,903.04758456,0.0,3.3389890618622307,1.0,0.0,0.0,NO ALERT,NO ALERT,20260911,12
watershed,A01BEA25,Watershed A01BEA25,Indus (Up to border) Basin,Beas,388.74596901,0.0,2.817764380186388,1.0,0.0,0.0,NO ALERT,NO ALERT,20260911,12
watershed,A01BEA26,Watershed A01BEA26,Indus (Up to border) Basin,Beas,548.94656236,0.0,0.0,1.0,0.0,0.0,NO ALERT,NO ALERT,20260911,12
watershed,A01BEA27,Watershed A01BEA27,Indus (Up to border) Basin,Beas,643.27145021,0.0,3.1697638614128714,1.0,0.0,0.0,NO ALERT,NO ALERT,20260911,12
watershed,A01BEA28,Watershed A01BEA28,Indus (Up to border) Basin,Beas,702.36918848,0.0,2.1046503440158006,1.0,0.0,0.0,NO ALERT,NO ALERT,20260911,12
watershed,A01BEA29,Watershed A01BEA29,Indus (Up to border) Basin,Beas,574.24242496,0.0,3.961192847482146,1.0,0.0,0.0,NO ALERT,NO ALERT,20260911,12
watershed,A01BEA30,Watershed A01BEA30,Indus (Up to border) Basin,Beas,753.91501005,0.0,2.1470349077186355,1.0,0.0,0.0,NO ALERT,NO ALERT,20260911,12
watershed,A01CHA01,Watershed A01CHA01,Indus (Up to border) Basin,Chautang and others,704.87175163,0.0625,2.1996071173720164,1.0,0.0625,0.0,NO ALERT,NO ALERT,20260911,12
watershed,A01CHA02,Watershed A01CHA02,Indus (Up to border) Basin,Chautang and others,683.04618271,0.0,0.0,1.0,0.0,0.0,NO ALERT,NO ALERT,20260911,12
watershed,A01CHA03,Watershed A01CHA03,Indus (Up to border) Basin,Chautang and others,668.15480234,0.0,2.018632038897031,1.0,0.0,0.0,NO ALERT,NO ALERT,20260911,12
watershed,A01CHA04,Watershed A01CHA04,Indus (Up to border) Basin,Chautang and others,1028.66218883,0.0,1.4131083444169121,1.0,0.0,0.0,NO ALERT,NO ALERT,20260911,12
watershed,A01CHA05,Watershed A01CHA05,Indus (Up to border) Basin,Chautang and others,942.53116185,0.0,1.3263408535351493,1.0,0.0,0.0,NO ALERT,NO ALERT,20260911,12
watershed,A01CHA06,Watershed A01CHA06,Indus (Up to border) Basin,Chautang and others,842.03472109,0.0,1.556479616483597,1.0,0.0,0.0,NO ALERT,NO ALERT,20260911,12
watershed,A01CHA07,Watershed A01CHA07,Indus (Up to border) Basin,Chautang and others,717.55449015,0.0,1.370168442187244,1.0,0.0,0.0,NO ALERT,NO ALERT,20260911,12
watershed,A01CHA08,Watershed A01CHA08,Indus (Up to border) Basin,Chautang and others,337.17140251,0.0,0.0,1.0,0.0,0.0,NO ALERT,NO ALERT,20260911,12
watershed,A01CHA09,Watershed A01CHA09,Indus (Up to border) Basin,Chautang and others,774.41829238,0.0,2.141530951428903,1.0,0.0,0.0,NO ALERT,NO ALERT,20260911,12
watershed,A01CHA10,Watershed A01CHA10,Indus (Up to border) Basin,Chautang and others,388.28061643,0.0,0.0,1.0,0.0,0.0,NO ALERT,NO ALERT,20260911,12
watershed,A01CHA11,Watershed A01CHA11,Indus (Up to border) Basin,Chautang and others,514.80039494,0.0,1.565454417752893,1.0,0.0,0.0,NO ALERT,NO ALERT,20260911,12
watershed,A01CHA12,Watershed A01CHA12,Indus (Up to border) Basin,Chautang and others,778.63375813,0.3125,1.9238482505083083,3.0,0.9375,0.0,NO ALERT,NO ALERT,20260911,12
watershed,A01CHA13,Watershed A01CHA13,Indus (Up to border) Basin,Chautang and others,326.2726744,0.0,0.0,1.0,0.0,0.0,NO ALERT,NO ALERT,20260911,12
watershed,A01CHA14,Watershed A01CHA14,Indus (Up to border) Basin,Chautang and others,609.37373152,0.0,2.019692518653935,1.0,0.0,0.0,NO ALERT,NO ALERT,20260911,12
watershed,A01CHA15,Watershed A01CHA15,Indus (Up to border) Basin,Chautang and others,624.98291999,0.25,2.6178571911707316,3.0,0.75,0.0,NO ALERT,NO ALERT,20260911,12
watershed,A01CHA16,Watershed A01CHA16,Indus (Up to border) Basin,Chautang and others,960.83853112,0.0,2.4483322312060283,1.0,0.0,0.0,NO ALERT,NO ALERT,20260911,12
watershed,A01CHA17,Watershed A01CHA17,Indus (Up to border) Basin,Chautang and others,802.34356069,0.3125,2.3803093078201765,3.0,0.9375,0.0,NO ALERT,NO ALERT,20260911,12
watershed,A01CHA18,Watershed A01CHA18,Indus (Up to border) Basin,Chautang and others,330.56808822,1.3125,2.1836393390616324,1.6637252107136247,2.1836393390616324,0.0,NO ALERT,NO ALERT,20260911,12
watershed,A01CHA19,Watershed A01CHA19,Indus (Up to border) Basin,Chautang and others,811.01638774,0.0,2.548266901259553,1.0,0.0,0.0,NO ALERT,NO ALERT,20260911,12
watershed,A01CHA20,Watershed A01CHA20,Indus (Up to border) Basin,Chautang and others,488.06822842,0.0625,2.363460393597002,1.0,0.0625,0.0,NO ALERT,NO ALERT,20260911,12
watershed,A01CHA21,Watershed A01CHA21,Indus (Up to border) Basin,Chautang and others,654.67021434,0.0625,2.2856365010142325,1.0,0.0625,0.0,NO ALERT,NO ALERT,20260911,12
watershed,A01CHA22,Watershed A01CHA22,Indus (Up to border) Basin,Chautang and others,1405.47749769,1.8125,2.239073753928485,1.2353510366501985,2.239073753928485,0.0,NO ALERT,NO ALERT,20260911,12
watershed,A01CHA23,Watershed A01CHA23,Indus (Up to border) Basin,Chautang and others,895.41510242,0.09375,1.7902142633109877,1.0,0.09375,0.0,NO ALERT,NO ALERT,20260911,12
watershed,A01CHA24,Watershed A01CHA24,Indus (Up to border) Basin,Chautang and others,473.48451164,0.0,0.0,1.0,0.0,0.0,NO ALERT,NO ALERT,20260911,12
watershed,A01CHA25,Watershed A01CHA25,Indus (Up to border) Basin,Chautang and others,500.3391306,0.1875,2.3134764148152036,3.0,0.5625,0.0,NO ALERT,NO ALERT,20260911,12
watershed,A01CHA26,Watershed A01CHA26,Indus (Up to border) Basin,Chautang and others,729.64424185,0.0,1.4541372219585393,1.0,0.0,0.0,NO ALERT,NO ALERT,20260911,12
watershed,A01CHA27,Watershed A01CHA27,Indus (Up to border) Basin,Chautang and others,1140.40926567,0.020833333333333332,1.552932407308931,1.0,0.020833333333333332,0.0,NO ALERT,NO ALERT,20260911,12
watershed,A01CHA28,Watershed A01CHA28,Indus (Up to border) Basin,Chautang and others,541.49565456,0.0,0.0,1.0,0.0,0.0,NO ALERT,NO ALERT,20260911,12
watershed,A01CHA29,Watershed A01CHA29,Indus (Up to border) Basin,Chautang and others,609.30316423,0.0,0.0,1.0,0.0,0.0,NO ALERT,NO ALERT,20260911,12
watershed,A01CHA30,Watershed A01CHA30,Indus (Up to border) Basin,Chautang and others,908.32110925,0.0,0.0,1.0,0.0,0.0,NO ALERT,NO ALERT,20260911,12
watershed,A01CHA31,Watershed A01CHA31,Indus (Up to border) Basin,Chautang and others,774.53300362,0.0,1.0673334666719176,1.0,0.0,0.0,NO ALERT,NO ALERT,20260911,12
watershed,A01CHA32,Watershed A01CHA32,Indus (Up to border) Basin,Chautang and others,585.13772244,0.0,1.372678040906991,1.0,0.0,0.0,NO ALERT,NO ALERT,20260911,12
watershed,A01CHA33,Watershed A01CHA33,Indus (Up to border) Basin,Chautang and others,923.04492682,0.375,2.880413897253879,3.0,1.125,0.0,NO ALERT,NO ALERT,20260911,12
watershed,A01CHA34,Watershed A01CHA34,Indus (Up to border) Basin,Chautang and others,703.68696516,0.0,0.0,1.0,0.0,0.0,NO ALERT,NO ALERT,20260911,12
watershed,A01CHA35,Watershed A01CHA35,Indus (Up to border) Basin,Chautang and others,490.44399998,0.0625,2.341197838807759,1.0,0.0625,0.0,NO ALERT,NO ALERT,20260911,12
watershed,A01CHA36,Watershed A01CHA36,Indus (Up to border) Basin,Chautang and others,448.14271624,0.0,0.0,1.0,0.0,0.0,NO ALERT,NO ALERT,20260911,12
watershed,A01CHA37,Watershed A01CHA37,Indus (Up to border) Basin,Chautang and others,1122.36796389,0.1875,2.1913005559922083,3.0,0.5625,0.0,NO ALERT,NO ALERT,20260911,12
watershed,A01CHA38,Watershed A01CHA38,Indus (Up to border) Basin,Chautang and others,543.36177183,0.0,0.0,1.0,0.0,0.0,NO ALERT,NO ALERT,20260911,12
watershed,A01CHA39,Watershed A01CHA39,Indus (Up to border) Basin,Chautang and others,921.34212944,0.0,1.6011646973556035,1.0,0.0,0.0,NO ALERT,NO ALERT,20260911,12
watershed,A01CHE01,Watershed A01CHE01,Indus (Up to border) Basin,Chenab,700.06755505,0.125,1.9832157335256877,3.0,0.375,0.0,NO ALERT,NO ALERT,20260911,12
watershed,A01CHE02,Watershed A01CHE02,Indus (Up to border) Basin,Chenab,636.57427696,0.0,0.0,1.0,0.0,0.0,NO ALERT,NO ALERT,20260911,12
watershed,A01CHE03,Watershed A01CHE03,Indus (Up to border) Basin,Chenab,499.8270915,0.5625,2.559220401575304,3.0,1.6875,0.0,NO ALERT,NO ALERT,20260911,12
watershed,A01CHE04,Watershed A01CHE04,Indus (Up to border) Basin,Chenab,518.75547819,1.625,3.3732859921679923,2.075868302872611,3.3732859921679927,0.0,NO ALERT,NO ALERT,20260911,12
watershed,A01CHE05,Watershed A01CHE05,Indus (Up to border) Basin,Chenab,684.1201345,0.25,2.820506547697603,3.0,0.75,0.0,NO ALERT,NO ALERT,20260911,12
watershed,A01CHE06,Watershed A01CHE06,Indus (Up to border) Basin,Chenab,947.23171135,0.875,3.1926056592840037,3.0,2.625,0.0,NO ALERT,NO ALERT,20260911,12
watershed,A01CHE07,Watershed A01CHE07,Indus (Up to border) Basin,Chenab,863.72284317,0.0,0.0,1.0,0.0,0.0,NO ALERT,NO ALERT,20260911,12
watershed,A01CHE08,Watershed A01CHE08,Indus (Up to border) Basin,Chenab,541.53485893,0.0,0.0,1.0,0.0,0.0,NO ALERT,NO ALERT,20260911,12
watershed,A01CHE09,Watershed A01CHE09,Indus (Up to border) Basin,Chenab,410.92514155,0.4375,2.58945285126771,3.0,1.3125,0.0,NO ALERT,NO ALERT,20260911,12
watershed,A01CHE10,Watershed A01CHE10,Indus (Up to border) Basin,Chenab,721.75313483,1.0,2.690362981084275,2.690362981084275,2.690362981084275,0.0,NO ALERT,NO ALERT,20260911,12
watershed,A01CHE11,Watershed A01CHE11,Indus (Up to border) Basin,Chenab,671.57864343,0.75,2.6990923832540643,3.0,2.25,0.0,NO ALERT,NO ALERT,20260911,12
watershed,A01CHE12,Watershed A01CHE12,Indus (Up to border) Basin,Chenab,766.93815448,1.03125,3.3349062439717656,3.0,3.09375,0.0,NO ALERT,NO ALERT,20260911,12
watershed,A01CHE13,Watershed A01CHE13,Indus (Up to border) Basin,Chenab,416.8332767,1.25,3.138950542881064,2.511160434304851,3.138950542881064,0.0,NO ALERT,NO ALERT,20260911,12
watershed,A01CHE14,Watershed A01CHE14,Indus (Up to border) Basin,Chenab,531.62565817,0.125,2.575288388867901,3.0,0.375,0.0,NO ALERT,NO ALERT,20260911,12
watershed,A01CHE15,Watershed A01CHE15,Indus (Up to border) Basin,Chenab,698.27400239,0.46875,2.853565022553483,3.0,1.40625,0.0,NO ALERT,NO ALERT,20260911,12
watershed,A01CHE16,Watershed A01CHE16,Indus (Up to border) Basin,Chenab,633.41392086,0.0,0.0,1.0,0.0,0.0,NO ALERT,NO ALERT,20260911,12
watershed,A01CHE17,Watershed A01CHE17,Indus (Up to border) Basin,Chenab,578.74394812,3.125,2.725901508372124,0.8722884826790797,2.725901508372124,0.0,NO ALERT,NO ALERT,20260911,12
watershed,A01CHE18,Watershed A01CHE18,Indus (Up to border) Basin,Chenab,797.02439824,0.75,2.427627489613752,3.0,2.25,0.0,NO ALERT,NO ALERT,20260911,12
watershed,A01CHE19,Watershed A01CHE19,Indus (Up to border) Basin,Chenab,664.74365054,1.65625,2.5733879574970024,1.5537436724510203,2.5733879574970024,0.0,NO ALERT,NO ALERT,20260911,12
watershed,A01CHE20,Watershed A01CHE20,Indus (Up to border) Basin,Chenab,678.57159548,0.375,2.310007133549207,3.0,1.125,0.0,NO ALERT,NO ALERT,20260911,12
watershed,A01CHE21,Watershed A01CHE21,Indus (Up to border) Basin,Chenab,711.25021208,0.0,0.0,1.0,0.0,0.0,NO ALERT,NO ALERT,20260911,12
watershed,A01CHE22,Watershed A01CHE22,Indus (Up to border) Basin,Chenab,544.81227621,0.25,1.874577994236391,3.0,0.75,0.0,NO ALERT,NO ALERT,20260911,12
watershed,A01CHE23,Watershed A01CHE23,Indus (Up to border) Basin,Chenab,780.15551329,1.125,2.757160152770477,2.4508090246848684,2.757160152770477,0.0,NO ALERT,NO ALERT,20260911,12
watershed,A01CHE24,Watershed A01CHE24,Indus (Up to border) Basin,Chenab,429.76635179,1.125,3.111685662890134,2.7659428114578968,3.111685662890134,0.0,NO ALERT,NO ALERT,20260911,12
watershed,A01CHE25,Watershed A01CHE25,Indus (Up to border) Basin,Chenab,571.66965796,2.625,3.6250097820407725,1.380956107444104,3.625009782040773,0.0,NO ALERT,NO ALERT,20260911,12
watershed,A01CHE26,Watershed A01CHE26,Indus (Up to border) Basin,Chenab,418.76343528,0.0,0.0,1.0,0.0,0.0,NO ALERT,NO ALERT,20260911,12
watershed,A01CHE27,Watershed A01CHE27,Indus (Up to border) Basin,Chenab,493.26071206,2.0,2.6718141112833806,1.3359070556416903,2.6718141112833806,0.0,NO ALERT,NO ALERT,20260911,12
watershed,A01CHE28,Watershed A01CHE28,Indus (Up to border) Basin,Chenab,854.68839168,2.75,3.7854975831835236,1.3765445757030994,3.785497583183523,0.0,NO ALERT,NO ALERT,20260911,12
watershed,A01CHE29,Watershed A01CHE29,Indus (Up to border) Basin,Chenab,340.44766973,1.625,2.9798475796841597,1.8337523567287137,2.9798475796841597,0.0,NO ALERT,NO ALERT,20260911,12
watershed,A01CHE30,Watershed A01CHE30,Indus (Up to border) Basin,Chenab,643.56522003,1.1875,4.039008074621224,3.0,3.5625,0.0,NO ALERT,NO ALERT,20260911,12
watershed,A01CHE31,Watershed A01CHE31,Indus (Up to border) Basin,Chenab,623.61308669,0.0,0.0,1.0,0.0,0.0,NO ALERT,NO ALERT,20260911,12
watershed,A01CHE32,Watershed A01CHE32,Indus (Up to border) Basin,Chenab,787.76896971,1.75,5.629154458744068,3.0,5.25,0.0,NO ALERT,NO ALERT,20260911,12
watershed,A01CHE33,Watershed A01CHE33,Indus (Up to border) Basin,Chenab,566.51904446,0.0,0.0,1.0,0.0,0.0,NO ALERT,NO ALERT,20260911,12
watershed,A01CHE34,Watershed A01CHE34,Indus (Up to border) Basin,Chenab,780.3841527,2.5,8.542626280000764,3.0,7.5,0.0,NO ALERT,NO ALERT,20260911,12
watershed,A01CHE35,Watershed A01CHE35,Indus (Up to border) Basin,Chenab,597.80410289,0.0,0.0,1.0,0.0,0.0,NO ALERT,NO ALERT,20260911,12
watershed,A01CHE36,Watershed A01CHE36,Indus (Up to border) Basin,Chenab,704.92876134,0.5,4.720580614470456,3.0,1.5,0.0,NO ALERT,NO ALERT,20260911,12
watershed,A01CHE37,Watershed A01CHE37,Indus (Up to border) Basin,Chenab,478.77148334,0.8125,4.755688519428854,3.0,2.4375,0.0,NO ALERT,NO ALERT,20260911,12
watershed,A01CHE38,Watershed A01CHE38,Indus (Up to border) Basin,Chenab,936.13429211,1.25,6.130045407153156,3.0,3.75,0.0,NO ALERT,NO ALERT,20260911,12
watershed,A01CHE39,Watershed A01CHE39,Indus (Up to border) Basin,Chenab,1126.77128799,2.09375,6.7057489975164195,3.0,6.28125,0.0,NO ALERT,NO ALERT,20260911,12
watershed,A01CHE40,Watershed A01CHE40,Indus (Up to border) Basin,Chenab,762.69861922,1.0,3.214001508557225,3.0,3.0,0.0,NO ALERT,NO ALERT,20260911,12
watershed,A01CHE41,Watershed A01CHE41,Indus (Up to border) Basin,Chenab,448.78441964,0.5625,4.0909432679823,3.0,1.6875,0.0,NO ALERT,NO ALERT,20260911,12
watershed,A01CHE42,Watershed A01CHE42,Indus (Up to border) Basin,Chenab,358.10288449,1.0625,6.550150344775964,3.0,3.1875,0.0,NO ALERT,NO ALERT,20260911,12
watershed,A01CHE43,Watershed A01CHE43,Indus (Up to border) Basin,Chenab,657.25973185,0.0,0.0,1.0,0.0,0.0,NO ALERT,NO ALERT,20260911,12
watershed,A01CHE44,Watershed A01CHE44,Indus (Up to border) Basin,Chenab,562.20342169,0.75,7.900753409323627,3.0,2.25,0.0,NO ALERT,NO ALERT,20260911,12
watershed,A01CHE45,Watershed A01CHE45,Indus (Up to border) Basin,Chenab,323.39443984,0.0,0.0,1.0,0.0,0.0,NO ALERT,NO ALERT,20260911,12
watershed,A01CHE46,Watershed A01CHE46,Indus (Up to border) Basin,Chenab,362.9049853,0.75,5.595478555437636,3.0,2.25,0.0,NO ALERT,NO ALERT,20260911,12
watershed,A01CHE47,Watershed A01CHE47,Indus (Up to border) Basin,Chenab,611.39332046,0.8125,5.4926196926668895,3.0,2.4375,0.0,NO ALERT,NO ALERT,20260911,12
watershed,A01CHE48,Watershed A01CHE48,Indus (Up to border) Basin,Chenab,541.30689022,0.375,5.865465855149374,3.0,1.125,0.0,NO ALERT,NO ALERT,20260911,12
watershed,A01CHR01,Watershed A01CHR01,Indus (Up to border) Basin,Churu,727.15210529,2.1875,2.929972842376526,1.3394161565149834,2.929972842376526,0.0,NO ALERT,NO ALERT,20260911,12
watershed,A01CHR02,Watershed A01CHR02,Indus (Up to border) Basin,Churu,850.51524638,0.78125,2.6144542664493597,3.0,2.34375,0.0,NO ALERT,NO ALERT,20260911,12
watershed,A01CHR03,Watershed A01CHR03,Indus (Up to border) Basin,Churu,949.71042385,2.5625,2.6344202538875683,1.02806644054149,2.6344202538875683,0.0,NO ALERT,NO ALERT,20260911,12
watershed,A01CHR04,Watershed A01CHR04,Indus (Up to border) Basin,Churu,557.62045304,0.8125,2.406148348605796,2.9614133521302106,2.406148348605796,0.0,NO ALERT,NO ALERT,20260911,12
watershed,A01CHR05,Watershed A01CHR05,Indus (Up to border) Basin,Churu,856.13062645,0.0,0.0,1.0,0.0,0.0,NO ALERT,NO ALERT,20260911,12
watershed,A01CHR06,Watershed A01CHR06,Indus (Up to border) Basin,Churu,666.04939513,0.0,0.0,1.0,0.0,0.0,NO ALERT,NO ALERT,20260911,12
watershed,A01CHR07,Watershed A01CHR07,Indus (Up to border) Basin,Churu,648.63919172,0.0,0.0,1.0,0.0,0.0,NO ALERT,NO ALERT,20260911,12
watershed,A01CHR08,Watershed A01CHR08,Indus (Up to border) Basin,Churu,636.97898486,3.1875,1.9095784405731175,0.5990834323366643,1.9095784405731173,0.0,NO ALERT,NO ALERT,20260911,12
watershed,A01CHR09,Watershed A01CHR09,Indus (Up to border) Basin,Churu,656.67340463,0.4375,1.5295201973555839,3.0,1.3125,0.0,NO ALERT,NO ALERT,20260911,12
watershed,A01CHR10,Watershed A01CHR10,Indus (Up to border) Basin,Churu,551.86644218,0.875,2.1220384343029703,2.4251867820605377,2.1220384343029703,0.0,NO ALERT,NO ALERT,20260911,12
watershed,A01CHR11,Watershed A01CHR11,Indus (Up to border) Basin,Churu,557.09361942,0.09375,1.6958185761758726,1.0,0.09375,0.0,NO ALERT,NO ALERT,20260911,12
watershed,A01CHR12,Watershed A01CHR12,Indus (Up to border) Basin,Churu,534.89897911,0.0,0.0,1.0,0.0,0.0,NO ALERT,NO ALERT,20260911,12
watershed,A01CHR13,Watershed A01CHR13,Indus (Up to border) Basin,Churu,1023.5238401,0.125,1.3908247361648574,3.0,0.375,0.0,NO ALERT,NO ALERT,20260911,12
watershed,A01CHR14,Watershed A01CHR14,Indus (Up to border) Basin,Churu,1090.55761574,0.09375,1.8644179138520809,1.0,0.09375,0.0,NO ALERT,NO ALERT,20260911,12
watershed,A01CHR15,Watershed A01CHR15,Indus (Up to border) Basin,Churu,1133.00051878,0.3125,1.2875749648433843,3.0,0.9375,0.0,NO ALERT,NO ALERT,20260911,12
watershed,A01CHR16,Watershed A01CHR16,Indus (Up to border) Basin,Churu,626.61919283,0.0,0.0,1.0,0.0,0.0,NO ALERT,NO ALERT,20260911,12
watershed,A01CHR17,Watershed A01CHR17,Indus (Up to border) Basin,Churu,1037.63172924,0.09375,1.3312413899457618,1.0,0.09375,0.0,NO ALERT,NO ALERT,20260911,12
watershed,A01CHR18,Watershed A01CHR18,Indus (Up to border) Basin,Churu,614.56787319,0.6875,1.8845386366729866,2.7411471078879805,1.8845386366729866,0.0,NO ALERT,NO ALERT,20260911,12
watershed,A01CHR19,Watershed A01CHR19,Indus (Up to border) Basin,Churu,826.74187937,0.0,1.138938465204141,1.0,0.0,0.0,NO ALERT,NO ALERT,20260911,12
watershed,A01CHR20,Watershed A01CHR20,Indus (Up to border) Basin,Churu,836.38621766,0.125,1.029519416146899,3.0,0.375,0.0,NO ALERT,NO ALERT,20260911,12
watershed,A01CHR21,Watershed A01CHR21,Indus (Up to border) Basin,Churu,1101.5487718,0.40625,1.0551217631322063,2.5972228015562,1.0551217631322063,0.0,NO ALERT,NO ALERT,20260911,12
watershed,A01CHR22,Watershed A01CHR22,Indus (Up to border) Basin,Churu,867.65646302,0.09375,0.9659281848840517,1.0,0.09375,0.0,NO ALERT,NO ALERT,20260911,12
watershed,A01CHR23,Watershed A01CHR23,Indus (Up to border) Basin,Churu,716.6946122,0.125,0.9589658277287875,3.0,0.375,0.0,NO ALERT,NO ALERT,20260911,12
watershed,A01CHR24,Watershed A01CHR24,Indus (Up to border) Basin,Churu,1041.28663799,0.0625,0.7234609900272055,1.0,0.0625,0.0,NO ALERT,NO ALERT,20260911,12
watershed,A01CHR25,Watershed A01CHR25,Indus (Up to border) Basin,Churu,490.89368277,0.375,0.6981433716538834,1.861715657743689,0.6981433716538834,0.0,NO ALERT,NO ALERT,20260911,12
watershed,A01CHR26,Watershed A01CHR26,Indus (Up to border) Basin,Churu,537.68219189,0.0,0.6619376996608629,1.0,0.0,0.0,NO ALERT,NO ALERT,20260911,12
watershed,A01CHR27,Watershed A01CHR27,Indus (Up to border) Basin,Churu,731.23556247,0.0,0.6825405239038271,1.0,0.0,0.0,NO ALERT,NO ALERT,20260911,12
watershed,A01CHR28,Watershed A01CHR28,Indus (Up to border) Basin,Churu,554.27734663,0.0,0.0,1.0,0.0,0.0,NO ALERT,NO ALERT,20260911,12
watershed,A01CHR29,Watershed A01CHR29,Indus (Up to border) Basin,Churu,530.78931915,0.0625,0.7882757939296225,1.0,0.0625,0.0,NO ALERT,NO ALERT,20260911,12
watershed,A01CHR30,Watershed A01CHR30,Indus (Up to border) Basin,Churu,593.22288067,0.09375,0.8916488549684825,1.0,0.09375,0.0,NO ALERT,NO ALERT,20260911,12
watershed,A01CHR31,Watershed A01CHR31,Indus (Up to border) Basin,Churu,885.07987844,0.0,0.722303588218885,1.0,0.0,0.0,NO ALERT,NO ALERT,20260911,12
watershed,A01CHR32,Watershed A01CHR32,Indus (Up to border) Basin,Churu,443.84999556,0.0,0.7236029551249661,1.0,0.0,0.0,NO ALERT,NO ALERT,20260911,12
watershed,A01CHR33,Watershed A01CHR33,Indus (Up to border) Basin,Churu,828.55287092,0.25,0.6654041217614527,2.6616164870458108,0.6654041217614527,0.0,NO ALERT,NO ALERT,20260911,12
watershed,A01CHR34,Watershed A01CHR34,Indus (Up to border) Basin,Churu,885.78516693,0.0,0.0,1.0,0.0,0.0,NO ALERT,NO ALERT,20260911,12
watershed,A01CHR35,Watershed A01CHR35,Indus (Up to border) Basin,Churu,493.24549519,0.5625,2.2472873190086182,3.0,1.6875,0.0,NO ALERT,NO ALERT,20260911,12
watershed,A01CHR36,Watershed A01CHR36,Indus (Up to border) Basin,Churu,776.63913011,1.125,2.512476712036623,2.2333126329214426,2.512476712036623,0.0,NO ALERT,NO ALERT,20260911,12
watershed,A01CHR37,Watershed A01CHR37,Indus (Up to border) Basin,Churu,1235.1640388,0.03125,2.0529189738917024,1.0,0.03125,0.0,NO ALERT,NO ALERT,20260911,12
watershed,A01CHR38,Watershed A01CHR38,Indus (Up to border) Basin,Churu,805.44269884,0.0,2.357159651836304,1.0,0.0,0.0,NO ALERT,NO ALERT,20260911,12
watershed,A01CHR39,Watershed A01CHR39,Indus (Up to border) Basin,Churu,780.95857238,0.0,1.9061349087790267,1.0,0.0,0.0,NO ALERT,NO ALERT,20260911,12
watershed,A01CHR40,Watershed A01CHR40,Indus (Up to border) Basin,Churu,553.97905787,0.0,0.0,1.0,0.0,0.0,NO ALERT,NO ALERT,20260911,12
watershed,A01CHR41,Watershed A01CHR41,Indus (Up to border) Basin,Churu,782.30675727,1.875,2.2785173582602036,1.2152092577387752,2.2785173582602036,0.0,NO ALERT,NO ALERT,20260911,12
watershed,A01CHR42,Watershed A01CHR42,Indus (Up to border) Basin,Churu,672.29101863,0.8125,2.0284243458754396,2.496522271846695,2.0284243458754396,0.0,NO ALERT,NO ALERT,20260911,12
watershed,A01CHR43,Watershed A01CHR43,Indus (Up to border) Basin,Churu,569.46978651,0.0,1.933396413697772,1.0,0.0,0.0,NO ALERT,NO ALERT,20260911,12
watershed,A01CHR44,Watershed A01CHR44,Indus (Up to border) Basin,Churu,583.81657892,0.0625,1.9121636576440237,1.0,0.0625,0.0,NO ALERT,NO ALERT,20260911,12
watershed,A01CHR45,Watershed A01CHR45,Indus (Up to border) Basin,Churu,960.40172807,0.0,1.6947512162466571,1.0,0.0,0.0,NO ALERT,NO ALERT,20260911,12
watershed,A01CHR46,Watershed A01CHR46,Indus (Up to border) Basin,Churu,551.80882103,0.1875,1.9339826716135626,3.0,0.5625,0.0,NO ALERT,NO ALERT,20260911,12
watershed,A01CHR47,Watershed A01CHR47,Indus (Up to border) Basin,Churu,756.74460993,0.25,1.997800644170748,3.0,0.75,0.0,NO ALERT,NO ALERT,20260911,12
watershed,A01CHR48,Watershed A01CHR48,Indus (Up to border) Basin,Churu,480.0030427,0.0,0.0,1.0,0.0,0.0,NO ALERT,NO ALERT,20260911,12
watershed,A01CHR49,Watershed A01CHR49,Indus (Up to border) Basin,Churu,767.41002168,2.5625,2.0711509778891526,0.8082540401518644,2.0711509778891526,0.0,NO ALERT,NO ALERT,20260911,12
watershed,A01CHR50,Watershed A01CHR50,Indus (Up to border) Basin,Churu,827.68030408,0.0,1.3897086604409021,1.0,0.0,0.0,NO ALERT,NO ALERT,20260911,12
watershed,A01CHR51,Watershed A01CHR51,Indus (Up to border) Basin,Churu,691.10646585,1.125,1.749131592761164,1.5547836380099236,1.749131592761164,0.0,NO ALERT,NO ALERT,20260911,12
watershed,A01CHR52,Watershed A01CHR52,Indus (Up to border) Basin,Churu,550.59286932,0.0,1.1946102405247623,1.0,0.0,0.0,NO ALERT,NO ALERT,20260911,12
watershed,A01CHR53,Watershed A01CHR53,Indus (Up to border) Basin,Churu,585.21336427,0.0,0.0,1.0,0.0,0.0,NO ALERT,NO ALERT,20260911,12
watershed,A01CHR54,Watershed A01CHR54,Indus (Up to border) Basin,Churu,791.78976281,0.46875,0.865183691966207,1.8457252095279084,0.865183691966207,0.0,NO ALERT,NO ALERT,20260911,12
watershed,A01CHR55,Watershed A01CHR55,Indus (Up to border) Basin,Churu,862.78059192,0.0,1.4234410913227356,1.0,0.0,0.0,NO ALERT,NO ALERT,20260911,12
watershed,A01CHR56,Watershed A01CHR56,Indus (Up to border) Basin,Churu,528.43880984,0.0,0.0,1.0,0.0,0.0,NO ALERT,NO ALERT,20260911,12
watershed,A01CHR57,Watershed A01CHR57,Indus (Up to border) Basin,Churu,772.56856767,0.3125,0.8014850004078591,2.5647520013051492,0.8014850004078591,0.0,NO ALERT,NO ALERT,20260911,12
watershed,A01CHR58,Watershed A01CHR58,Indus (Up to border) Basin,Churu,563.3250733,0.0,0.0,1.0,0.0,0.0,NO ALERT,NO ALERT,20260911,12
watershed,A01CHR59,Watershed A01CHR59,Indus (Up to border) Basin,Churu,798.02121658,0.1875,0.7630230728996127,3.0,0.5625,0.0,NO ALERT,NO ALERT,20260911,12
watershed,A01CHR60,Watershed A01CHR60,Indus (Up to border) Basin,Churu,754.44219864,0.5,0.6225882916417841,1.2451765832835682,0.6225882916417841,0.0,NO ALERT,NO ALERT,20260911,12
watershed,A01CHR61,Watershed A01CHR61,Indus (Up to border) Basin,Churu,889.25398071,0.0,0.0,1.0,0.0,0.0,NO ALERT,NO ALERT,20260911,12
watershed,A01CHR62,Watershed A01CHR62,Indus (Up to border) Basin,Churu,794.62972532,0.0,0.7694215598886143,1.0,0.0,0.0,NO ALERT,NO ALERT,20260911,12
watershed,A01CHR63,Watershed A01CHR63,Indus (Up to border) Basin,Churu,543.80753451,0.125,0.7675431716829947,3.0,0.375,0.0,NO ALERT,NO ALERT,20260911,12
watershed,A01CHR64,Watershed A01CHR64,Indus (Up to border) Basin,Churu,416.41258101,0.0,0.0,1.0,0.0,0.0,NO ALERT,NO ALERT,20260911,12
watershed,A01CHR65,Watershed A01CHR65,Indus (Up to border) Basin,Churu,437.51427019,0.0,0.0,1.0,0.0,0.0,NO ALERT,NO ALERT,20260911,12
watershed,A01CHR66,Watershed A01CHR66,Indus (Up to border) Basin,Churu,455.09802824,0.0,0.9058512886501339,1.0,0.0,0.0,NO ALERT,NO ALERT,20260911,12
watershed,A01CHR67,Watershed A01CHR67,Indus (Up to border) Basin,Churu,455.25034294,0.0,0.0,1.0,0.0,0.0,NO ALERT,NO ALERT,20260911,12
watershed,A01CHR68,Watershed A01CHR68,Indus (Up to border) Basin,Churu,918.37295244,0.0,0.9111732063534325,1.0,0.0,0.0,NO ALERT,NO ALERT,20260911,12
watershed,A01CHR69,Watershed A01CHR69,Indus (Up to border) Basin,Churu,809.69487142,0.0,0.8772482670333287,1.0,0.0,0.0,NO ALERT,NO ALERT,20260911,12
watershed,A01CHR70,Watershed A01CHR70,Indus (Up to border) Basin,Churu,456.48279843,0.0,0.0,1.0,0.0,0.0,NO ALERT,NO ALERT,20260911,12
watershed,A01CHR71,Watershed A01CHR71,Indus (Up to border) Basin,Churu,447.5945459,1.4375,0.8456627967627082,0.5882871629653622,0.8456627967627082,0.0,NO ALERT,NO ALERT,20260911,12
watershed,A01CHR72,Watershed A01CHR72,Indus (Up to border) Basin,Churu,883.16246725,0.4375,1.409097608066585,3.0,1.3125,0.0,NO ALERT,NO ALERT,20260911,12
watershed,A01CHR73,Watershed A01CHR73,Indus (Up to border) Basin,Churu,893.71633546,0.125,1.531176849954749,3.0,0.375,0.0,NO ALERT,NO ALERT,20260911,12
watershed,A01CHR74,Watershed A01CHR74,Indus (Up to border) Basin,Churu,796.50098503,0.3125,1.5501700887737209,3.0,0.9375,0.0,NO ALERT,NO ALERT,20260911,12
watershed,A01CHR75,Watershed A01CHR75,Indus (Up to border) Basin,Churu,466.55284722,0.0,0.5904323461937577,1.0,0.0,0.0,NO ALERT,NO ALERT,20260911,12
watershed,A01CHR76,Watershed A01CHR76,Indus (Up to border) Basin,Churu,466.83515329,0.0625,1.2525457117655505,1.0,0.0625,0.0,NO ALERT,NO ALERT,20260911,12
watershed,A01CHR77,Watershed A01CHR77,Indus (Up to border) Basin,Churu,1134.33888343,0.09375,0.9694745597365784,1.0,0.09375,0.0,NO ALERT,NO ALERT,20260911,12
watershed,A01CHR78,Watershed A01CHR78,Indus (Up to border) Basin,Churu,552.26156771,0.0625,1.0784736733730524,1.0,0.0625,0.0,NO ALERT,NO ALERT,20260911,12
watershed,A01CHR79,Watershed A01CHR79,Indus (Up to border) Basin,Churu,455.14261472,0.0,0.0,1.0,0.0,0.0,NO ALERT,NO ALERT,20260911,12
watershed,A01CHR80,Watershed A01CHR80,Indus (Up to border) Basin,Churu,456.74677282,0.0,0.6032568778893719,1.0,0.0,0.0,NO ALERT,NO ALERT,20260911,12
watershed,A01CHR81,Watershed A01CHR81,Indus (Up to border) Basin,Churu,614.62549712,0.0,0.6283128158686913,1.0,0.0,0.0,NO ALERT,NO ALERT,20260911,12
watershed,A01CHR82,Watershed A01CHR82,Indus (Up to border) Basin,Churu,680.57024763,0.0,1.047649112894927,1.0,0.0,0.0,NO ALERT,NO ALERT,20260911,12
watershed,A01CHR83,Watershed A01CHR83,Indus (Up to border) Basin,Churu,548.45025561,0.0,0.8370388371487186,1.0,0.0,0.0,NO ALERT,NO ALERT,20260911,12
watershed,A01CHR84,Watershed A01CHR84,Indus (Up to border) Basin,Churu,775.96541774,0.0,0.6094091233325332,1.0,0.0,0.0,NO ALERT,NO ALERT,20260911,12
watershed,A01CHR85,Watershed A01CHR85,Indus (Up to border) Basin,Churu,792.7102927,0.0,0.6567262109828322,1.0,0.0,0.0,NO ALERT,NO ALERT,20260911,12
watershed,A01CHR86,Watershed A01CHR86,Indus (Up to border) Basin,Churu,459.84342693,0.0,0.6260203786908763,1.0,0.0,0.0,NO ALERT,NO ALERT,20260911,12
watershed,A01CHR87,Watershed A01CHR87,Indus (Up to border) Basin,Churu,753.48526012,0.0,0.5444349553078821,1.0,0.0,0.0,NO ALERT,NO ALERT,20260911,12
watershed,A01CHR88,Watershed A01CHR88,Indus (Up to border) Basin,Churu,536.55534019,0.0,0.6281311202539157,1.0,0.0,0.0,NO ALERT,NO ALERT,20260911,12
watershed,A01CHR89,Watershed A01CHR89,Indus (Up to border) Basin,Churu,533.22790382,0.0,0.5115351629583803,1.0,0.0,0.0,NO ALERT,NO ALERT,20260911,12
watershed,A01CHR90,Watershed A01CHR90,Indus (Up to border) Basin,Churu,746.76120704,0.0,0.6682825945828059,1.0,0.0,0.0,NO ALERT,NO ALERT,20260911,12
watershed,A01CHR91,Watershed A01CHR91,Indus (Up to border) Basin,Churu,1093.20018793,0.0,0.7936612802213185,1.0,0.0,0.0,NO ALERT,NO ALERT,20260911,12
watershed,A01CHR92,Watershed A01CHR92,Indus (Up to border) Basin,Churu,476.13995159,0.0,0.4714230581505658,1.0,0.0,0.0,NO ALERT,NO ALERT,20260911,12
watershed,A01CHR93,Watershed A01CHR93,Indus (Up to border) Basin,Churu,701.81399314,0.0,0.48228097031377765,1.0,0.0,0.0,NO ALERT,NO ALERT,20260911,12
watershed,A01CHR94,Watershed A01CHR94,Indus (Up to border) Basin,Churu,854.59625416,0.0,0.47116837628083685,1.0,0.0,0.0,NO ALERT,NO ALERT,20260911,12
watershed,A01CHR95,Watershed A01CHR95,Indus (Up to border) Basin,Churu,448.88653276,0.0,0.4646053201327585,1.0,0.0,0.0,NO ALERT,NO ALERT,20260911,12
watershed,A01GHO01,Watershed A01GHO01,Indus (Up to border) Basin,Ghaghar and others,430.04339754,2.0,6.045965971930387,3.0,6.0,0.0,NO ALERT,NO ALERT,20260911,12
watershed,A01GHO02,Watershed A01GHO02,Indus (Up to border) Basin,Ghaghar and others,448.96558925,0.0,0.0,1.0,0.0,0.0,NO ALERT,NO ALERT,20260911,12
watershed,A01GHO03,Watershed A01GHO03,Indus (Up to border) Basin,Ghaghar and others,478.14140194,0.25,1.8815930838862511,3.0,0.75,0.0,NO ALERT,NO ALERT,20260911,12
watershed,A01GHO04,Watershed A01GHO04,Indus (Up to border) Basin,Ghaghar and others,890.84026954,0.9375,5.439176083611299,3.0,2.8125,0.0,NO ALERT,NO ALERT,20260911,12
watershed,A01GHO05,Watershed A01GHO05,Indus (Up to border) Basin,Ghaghar and others,329.98812901,0.0,0.0,1.0,0.0,0.0,NO ALERT,NO ALERT,20260911,12
watershed,A01GHO06,Watershed A01GHO06,Indus (Up to border) Basin,Ghaghar and others,784.14317784,0.375,2.7209578707405964,3.0,1.125,0.0,NO ALERT,NO ALERT,20260911,12
watershed,A01GHO07,Watershed A01GHO07,Indus (Up to border) Basin,Ghaghar and others,605.93604324,0.0,2.5471543863211594,1.0,0.0,0.0,NO ALERT,NO ALERT,20260911,12
watershed,A01GHO08,Watershed A01GHO08,Indus (Up to border) Basin,Ghaghar and others,434.21708399,0.0,2.273496311760112,1.0,0.0,0.0,NO ALERT,NO ALERT,20260911,12
watershed,A01GHO09,Watershed A01GHO09,Indus (Up to border) Basin,Ghaghar and others,455.52632967,0.0,4.181347030074629,1.0,0.0,0.0,NO ALERT,NO ALERT,20260911,12
watershed,A01GHO10,Watershed A01GHO10,Indus (Up to border) Basin,Ghaghar and others,487.03992411,0.0,2.3087621042989706,1.0,0.0,0.0,NO ALERT,NO ALERT,20260911,12
watershed,A01GHO11,Watershed A01GHO11,Indus (Up to border) Basin,Ghaghar and others,720.11097632,0.0,3.064537949196688,1.0,0.0,0.0,NO ALERT,NO ALERT,20260911,12
watershed,A01GHO12,Watershed A01GHO12,Indus (Up to border) Basin,Ghaghar and others,397.54314368,0.25,3.3424762437196627,3.0,0.75,0.0,NO ALERT,NO ALERT,20260911,12
watershed,A01GHO13,Watershed A01GHO13,Indus (Up to border) Basin,Ghaghar and others,598.59866857,0.1875,2.2637988172165335,3.0,0.5625,0.0,NO ALERT,NO ALERT,20260911,12
watershed,A01GHO14,Watershed A01GHO14,Indus (Up to border) Basin,Ghaghar and others,744.07506538,0.375,2.3285229335092517,3.0,1.125,0.0,NO ALERT,NO ALERT,20260911,12
watershed,A01GHO15,Watershed A01GHO15,Indus (Up to border) Basin,Ghaghar and others,648.76645373,0.0,2.066870662467937,1.0,0.0,0.0,NO ALERT,NO ALERT,20260911,12
watershed,A01GHO16,Watershed A01GHO16,Indus (Up to border) Basin,Ghaghar and others,950.40604744,0.0,0.0,1.0,0.0,0.0,NO ALERT,NO ALERT,20260911,12
watershed,A01GHO17,Watershed A01GHO17,Indus (Up to border) Basin,Ghaghar and others,395.29727903,0.0,1.4169071605352506,1.0,0.0,0.0,NO ALERT,NO ALERT,20260911,12
watershed,A01GHO18,Watershed A01GHO18,Indus (Up to border) Basin,Ghaghar and others,460.54669267,0.0,1.685597799861268,1.0,0.0,0.0,NO ALERT,NO ALERT,20260911,12
watershed,A01GHO19,Watershed A01GHO19,Indus (Up to border) Basin,Ghaghar and others,895.73028749,0.09375,1.4787891273629175,1.0,0.09375,0.0,NO ALERT,NO ALERT,20260911,12
watershed,A01GHO20,Watershed A01GHO20,Indus (Up to border) Basin,Ghaghar and others,670.49301244,0.1875,2.044192735483385,3.0,0.5625,0.0,NO ALERT,NO ALERT,20260911,12
watershed,A01GHO21,Watershed A01GHO21,Indus (Up to border) Basin,Ghaghar and others,586.82384727,0.1875,1.585731698878824,3.0,0.5625,0.0,NO ALERT,NO ALERT,20260911,12
watershed,A01GHO22,Watershed A01GHO22,Indus (Up to border) Basin,Ghaghar and others,1157.91064243,0.1875,2.038137460755159,3.0,0.5625,0.0,NO ALERT,NO ALERT,20260911,12
watershed,A01GHO23,Watershed A01GHO23,Indus (Up to border) Basin,Ghaghar and others,906.1864196,0.4375,1.1898321764926387,2.7196164034117456,1.1898321764926387,0.0,NO ALERT,NO ALERT,20260911,12
watershed,A01GHO24,Watershed A01GHO24,Indus (Up to border) Basin,Ghaghar and others,966.798029,0.125,1.32166070278785,3.0,0.375,0.0,NO ALERT,NO ALERT,20260911,12
watershed,A01GHO25,Watershed A01GHO25,Indus (Up to border) Basin,Ghaghar and others,530.80860103,0.0,0.0,1.0,0.0,0.0,NO ALERT,NO ALERT,20260911,12
watershed,A01GHO26,Watershed A01GHO26,Indus (Up to border) Basin,Ghaghar and others,509.62669219,0.6875,1.7763771770955765,2.583821348502657,1.7763771770955765,0.0,NO ALERT,NO ALERT,20260911,12
watershed,A01GHO27,Watershed A01GHO27,Indus (Up to border) Basin,Ghaghar and others,382.86598013,0.375,1.407805075343341,3.0,1.125,0.0,NO ALERT,NO ALERT,20260911,12
watershed,A01GHO28,Watershed A01GHO28,Indus (Up to border) Basin,Ghaghar and others,383.32256393,0.8125,1.3379095123034634,1.6466578612965703,1.3379095123034634,0.0,NO ALERT,NO ALERT,20260911,12
watershed,A01GHO29,Watershed A01GHO29,Indus (Up to border) Basin,Ghaghar and others,551.80634741,0.8125,1.6104508088467873,1.982093303196046,1.6104508088467873,0.0,NO ALERT,NO ALERT,20260911,12
watershed,A01GHO30,Watershed A01GHO30,Indus (Up to border) Basin,Ghaghar and others,441.3447156,0.0,0.0,1.0,0.0,0.0,NO ALERT,NO ALERT,20260911,12
watershed,A01GHO31,Watershed A01GHO31,Indus (Up to border) Basin,Ghaghar and others,594.92032785,0.25,1.2994866534046932,3.0,0.75,0.0,NO ALERT,NO ALERT,20260911,12
watershed,A01GHO32,Watershed A01GHO32,Indus (Up to border) Basin,Ghaghar and others,361.39959915,0.0,0.0,1.0,0.0,0.0,NO ALERT,NO ALERT,20260911,12
watershed,A01GHO33,Watershed A01GHO33,Indus (Up to border) Basin,Ghaghar and others,532.5179025,0.1875,1.4422345477424257,3.0,0.5625,0.0,NO ALERT,NO ALERT,20260911,12
watershed,A01GHO34,Watershed A01GHO34,Indus (Up to border) Basin,Ghaghar and others,482.82884153,0.25,1.9598217849045583,3.0,0.75,0.0,NO ALERT,NO ALERT,20260911,12
watershed,A01GHO35,Watershed A01GHO35,Indus (Up to border) Basin,Ghaghar and others,559.9026639,0.0,0.0,1.0,0.0,0.0,NO ALERT,NO ALERT,20260911,12
watershed,A01GHO36,Watershed A01GHO36,Indus (Up to border) Basin,Ghaghar and others,1058.95407243,0.15625,1.4884508538429868,3.0,0.46875,0.0,NO ALERT,NO ALERT,20260911,12
watershed,A01GHO37,Watershed A01GHO37,Indus (Up to border) Basin,Ghaghar and others,501.49433309,0.0,0.0,1.0,0.0,0.0,NO ALERT,NO ALERT,20260911,12
watershed,A01GHO38,Watershed A01GHO38,Indus (Up to border) Basin,Ghaghar and others,441.51721378,0.1875,1.8383263493441555,3.0,0.5625,0.0,NO ALERT,NO ALERT,20260911,12
watershed,A01GHO39,Watershed A01GHO39,Indus (Up to border) Basin,Ghaghar and others,328.04529642,0.6875,2.8753678836234626,3.0,2.0625,0.0,NO ALERT,NO ALERT,20260911,12
watershed,A01GHO40,Watershed A01GHO40,Indus (Up to border) Basin,Ghaghar and others,585.08204895,0.375,2.387061938378092,3.0,1.125,0.0,NO ALERT,NO ALERT,20260911,12
watershed,A01GHO41,Watershed A01GHO41,Indus (Up to border) Basin,Ghaghar and others,656.81162188,2.1875,2.1339670365395613,0.9755277881323708,2.1339670365395613,0.0,NO ALERT,NO ALERT,20260911,12
watershed,A01GHO42,Watershed A01GHO42,Indus (Up to border) Basin,Ghaghar and others,424.62022219,0.71875,2.0742902885765244,2.885969097149947,2.0742902885765244,0.0,NO ALERT,NO ALERT,20260911,12
watershed,A01GHO43,Watershed A01GHO43,Indus (Up to border) Basin,Ghaghar and others,434.99364228,0.875,1.9766004547680893,2.258971948306388,1.9766004547680893,0.0,NO ALERT,NO ALERT,20260911,12
watershed,A01GHO44,Watershed A01GHO44,Indus (Up to border) Basin,Ghaghar and others,640.93307792,0.0,0.0,1.0,0.0,0.0,NO ALERT,NO ALERT,20260911,12
watershed,A01GHO45,Watershed A01GHO45,Indus (Up to border) Basin,Ghaghar and others,1494.81529421,0.125,1.8697532923458375,3.0,0.375,0.0,NO ALERT,NO ALERT,20260911,12
watershed,A01GHO46,Watershed A01GHO46,Indus (Up to border) Basin,Ghaghar and others,522.52868332,0.0625,2.041318476536911,1.0,0.0625,0.0,NO ALERT,NO ALERT,20260911,12
watershed,A01GHO47,Watershed A01GHO47,Indus (Up to border) Basin,Ghaghar and others,865.96493784,0.0,2.1057085791679278,1.0,0.0,0.0,NO ALERT,NO ALERT,20260911,12
watershed,A01GHO48,Watershed A01GHO48,Indus (Up to border) Basin,Ghaghar and others,1036.80097123,0.875,2.043278079122713,2.3351749475688153,2.043278079122713,0.0,NO ALERT,NO ALERT,20260911,12
watershed,A01GHO49,Watershed A01GHO49,Indus (Up to border) Basin,Ghaghar and others,614.55652094,0.125,1.834518538599145,3.0,0.375,0.0,NO ALERT,NO ALERT,20260911,12
watershed,A01GHO50,Watershed A01GHO50,Indus (Up to border) Basin,Ghaghar and others,595.3464843,0.5,1.710603168933359,3.0,1.5,0.0,NO ALERT,NO ALERT,20260911,12
watershed,A01GHO51,Watershed A01GHO51,Indus (Up to border) Basin,Ghaghar and others,1271.84662819,2.15625,1.8623890991998862,0.8637166836869037,1.8623890991998862,0.0,NO ALERT,NO ALERT,20260911,12
watershed,A01GHO52,Watershed A01GHO52,Indus (Up to border) Basin,Ghaghar and others,893.1804636,0.0,0.0,1.0,0.0,0.0,NO ALERT,NO ALERT,20260911,12
watershed,A01GHO53,Watershed A01GHO53,Indus (Up to border) Basin,Ghaghar and others,755.66012215,0.625,1.6267014000922033,2.6027222401475254,1.6267014000922033,0.0,NO ALERT,NO ALERT,20260911,12
watershed,A01GHO54,Watershed A01GHO54,Indus (Up to border) Basin,Ghaghar and others,392.06509014,0.3125,1.8335339199598522,3.0,0.9375,0.0,NO ALERT,NO ALERT,20260911,12
watershed,A01GHO55,Watershed A01GHO55,Indus (Up to border) Basin,Ghaghar and others,523.33342408,0.4375,1.2396614021022025,2.833511776233606,1.2396614021022025,0.0,NO ALERT,NO ALERT,20260911,12
watershed,A01GHO56,Watershed A01GHO56,Indus (Up to border) Basin,Ghaghar and others,589.70892671,0.25,1.675660824040844,3.0,0.75,0.0,NO ALERT,NO ALERT,20260911,12
watershed,A01GHO57,Watershed A01GHO57,Indus (Up to border) Basin,Ghaghar and others,647.53505819,0.0,0.0,1.0,0.0,0.0,NO ALERT,NO ALERT,20260911,12
watershed,A01GHO58,Watershed A01GHO58,Indus (Up to border) Basin,Ghaghar and others,736.41872205,0.875,1.6429868536452725,1.877699261308883,1.6429868536452725,0.0,NO ALERT,NO ALERT,20260911,12
watershed,A01GHO59,Watershed A01GHO59,Indus (Up to border) Basin,Ghaghar and others,854.13312331,0.0625,1.949615366767122,1.0,0.0625,0.0,NO ALERT,NO ALERT,20260911,12
watershed,A01GHO60,Watershed A01GHO60,Indus (Up to border) Basin,Ghaghar and others,838.0651705,0.28125,1.4548554813616896,3.0,0.84375,0.0,NO ALERT,NO ALERT,20260911,12
watershed,A01GHO61,Watershed A01GHO61,Indus (Up to border) Basin,Ghaghar and others,801.28071532,0.0,0.0,1.0,0.0,0.0,NO ALERT,NO ALERT,20260911,12
watershed,A01GHO62,Watershed A01GHO62,Indus (Up to border) Basin,Ghaghar and others,402.44281878,0.375,1.4357582456649167,3.0,1.125,0.0,NO ALERT,NO ALERT,20260911,12
watershed,A01GHO63,Watershed A01GHO63,Indus (Up to border) Basin,Ghaghar and others,1052.05153904,0.75,1.3520827910059119,1.8027770546745492,1.3520827910059119,0.0,NO ALERT,NO ALERT,20260911,12
watershed,A01GHO64,Watershed A01GHO64,Indus (Up to border) Basin,Ghaghar and others,777.22816625,0.25,1.5338606669682346,3.0,0.75,0.0,NO ALERT,NO ALERT,20260911,12
watershed,A01GHO65,Watershed A01GHO65,Indus (Up to border) Basin,Ghaghar and others,775.6777651,0.4375,1.92715709456434,3.0,1.3125,0.0,NO ALERT,NO ALERT,20260911,12
watershed,A01GHO66,Watershed A01GHO66,Indus (Up to border) Basin,Ghaghar and others,982.78336079,0.0,1.2561643835616438,1.0,0.0,0.0,NO ALERT,NO ALERT,20260911,12
watershed,A01GHO67,Watershed A01GHO67,Indus (Up to border) Basin,Ghaghar and others,717.2714124,0.125,1.4154252322161034,3.0,0.375,0.0,NO ALERT,NO ALERT,20260911,12
watershed,A01GHO68,Watershed A01GHO68,Indus (Up to border) Basin,Ghaghar and others,317.4360571,0.0,0.0,1.0,0.0,0.0,NO ALERT,NO ALERT,20260911,12
watershed,A01GHO69,Watershed A01GHO69,Indus (Up to border) Basin,Ghaghar and others,826.07862837,0.25,1.5991587063323145,3.0,0.75,0.0,NO ALERT,NO ALERT,20260911,12
watershed,A01GHO70,Watershed A01GHO70,Indus (Up to border) Basin,Ghaghar and others,938.40844028,0.0,0.8763161782940773,1.0,0.0,0.0,NO ALERT,NO ALERT,20260911,12
watershed,A01GHO71,Watershed A01GHO71,Indus (Up to border) Basin,Ghaghar and others,924.09686162,0.0,1.0570748556966651,1.0,0.0,0.0,NO ALERT,NO ALERT,20260911,12
watershed,A01GHO72,Watershed A01GHO72,Indus (Up to border) Basin,Ghaghar and others,750.21805312,0.041666666666666664,0.7962895482710507,1.0,0.041666666666666664,0.0,NO ALERT,NO ALERT,20260911,12
watershed,A01GHO73,Watershed A01GHO73,Indus (Up to border) Basin,Ghaghar and others,612.55864357,0.03125,1.3205318911843105,1.0,0.03125,0.0,NO ALERT,NO ALERT,20260911,12
watershed,A01GHO74,Watershed A01GHO74,Indus (Up to border) Basin,Ghaghar and others,663.82349078,0.0,0.9400301710383533,1.0,0.0,0.0,NO ALERT,NO ALERT,20260911,12
watershed,A01GHO75,Watershed A01GHO75,Indus (Up to border) Basin,Ghaghar and others,957.69379671,0.0,0.0,1.0,0.0,0.0,NO ALERT,NO ALERT,20260911,12
watershed,A01GIL01,Watershed A01GIL01,Indus (Up to border) Basin,Gilgit,646.9362468,4.4375,1.681463295935768,0.37892130612637026,1.681463295935768,0.0,NO ALERT,NO ALERT,20260911,12
watershed,A01GIL02,Watershed A01GIL02,Indus (Up to border) Basin,Gilgit,723.89699164,8.5625,1.6782115961794983,0.3,2.56875,0.0,NO ALERT,NO ALERT,20260911,12
watershed,A01GIL03,Watershed A01GIL03,Indus (Up to border) Basin,Gilgit,493.14469446,8.3125,1.6773830484445782,0.3,2.49375,0.0,NO ALERT,NO ALERT,20260911,12
watershed,A01GIL04,Watershed A01GIL04,Indus (Up to border) Basin,Gilgit,916.71975225,8.4375,1.678080209844733,0.3,2.53125,0.0,NO ALERT,NO ALERT,20260911,12
watershed,A01GIL05,Watershed A01GIL05,Indus (Up to border) Basin,Gilgit,820.69981907,5.78125,1.9592315385909114,0.338894103972482,1.9592315385909114,0.0,NO ALERT,NO ALERT,20260911,12
watershed,A01GIL06,Watershed A01GIL06,Indus (Up to border) Basin,Gilgit,758.59386925,12.0,1.7566061329147586,0.3,3.5999999999999996,0.0,NO ALERT,NO ALERT,20260911,12
watershed,A01GIL07,Watershed A01GIL07,Indus (Up to border) Basin,Gilgit,745.5764662,8.125,1.6980518201850865,0.3,2.4375,0.0,NO ALERT,NO ALERT,20260911,12
watershed,A01GIL08,Watershed A01GIL08,Indus (Up to border) Basin,Gilgit,625.69267685,3.3125,1.8198479067789366,0.5493880473294903,1.8198479067789366,0.0,NO ALERT,NO ALERT,20260911,12
watershed,A01GIL09,Watershed A01GIL09,Indus (Up to border) Basin,Gilgit,339.63345234,0.0,0.0,1.0,0.0,0.0,NO ALERT,NO ALERT,20260911,12
watershed,A01GIL10,Watershed A01GIL10,Indus (Up to border) Basin,Gilgit,564.2922631,0.0,0.0,1.0,0.0,0.0,NO ALERT,NO ALERT,20260911,12
watershed,A01GIL11,Watershed A01GIL11,Indus (Up to border) Basin,Gilgit,832.92692517,6.5,1.9204217841363933,0.3,1.95,0.0,NO ALERT,NO ALERT,20260911,12
watershed,A01GIL12,Watershed A01GIL12,Indus (Up to border) Basin,Gilgit,474.72319334,6.4375,1.9695703064742154,0.3059526689668684,1.9695703064742154,0.0,NO ALERT,NO ALERT,20260911,12
watershed,A01GIL13,Watershed A01GIL13,Indus (Up to border) Basin,Gilgit,570.177416,2.75,2.08337851934237,0.7575921888517709,2.08337851934237,0.0,NO ALERT,NO ALERT,20260911,12
watershed,A01GIL14,Watershed A01GIL14,Indus (Up to border) Basin,Gilgit,1011.50868858,4.9375,1.9508820014865431,0.3951153420732239,1.9508820014865431,0.0,NO ALERT,NO ALERT,20260911,12
watershed,A01GIL15,Watershed A01GIL15,Indus (Up to border) Basin,Gilgit,794.87543166,1.6875,2.0819649496715362,1.2337570072127622,2.0819649496715362,0.0,NO ALERT,NO ALERT,20260911,12
watershed,A01GIL16,Watershed A01GIL16,Indus (Up to border) Basin,Gilgit,834.75512075,2.6875,2.2433095963850413,0.8347198498176898,2.2433095963850413,0.0,NO ALERT,NO ALERT,20260911,12
watershed,A01GIL17,Watershed A01GIL17,Indus (Up to border) Basin,Gilgit,803.92044051,1.21875,2.2828731312939565,1.8731266718309387,2.2828731312939565,0.0,NO ALERT,NO ALERT,20260911,12
watershed,A01GIL18,Watershed A01GIL18,Indus (Up to border) Basin,Gilgit,636.39323728,1.0625,2.379218110646287,2.239264104137682,2.379218110646287,0.0,NO ALERT,NO ALERT,20260911,12
watershed,A01GIL19,Watershed A01GIL19,Indus (Up to border) Basin,Gilgit,481.71397891,5.125,2.0189589209956664,0.3939432040967154,2.0189589209956664,0.0,NO ALERT,NO ALERT,20260911,12
watershed,A01GIL20,Watershed A01GIL20,Indus (Up to border) Basin,Gilgit,577.19495983,3.9375,2.1000835050458777,0.5333545409640325,2.1000835050458777,0.0,NO ALERT,NO ALERT,20260911,12
watershed,A01GIL21,Watershed A01GIL21,Indus (Up to border) Basin,Gilgit,976.06868881,0.0,0.0,1.0,0.0,0.0,NO ALERT,NO ALERT,20260911,12
watershed,A01GIL22,Watershed A01GIL22,Indus (Up to border) Basin,Gilgit,371.55024698,0.0,0.0,1.0,0.0,0.0,NO ALERT,NO ALERT,20260911,12
watershed,A01GIL23,Watershed A01GIL23,Indus (Up to border) Basin,Gilgit,750.14888657,8.125,2.08765280818286,0.3,2.4375,0.0,NO ALERT,NO ALERT,20260911,12
watershed,A01GIL24,Watershed A01GIL24,Indus (Up to border) Basin,Gilgit,974.33579463,4.1875,2.079792421974548,0.49666684703869807,2.079792421974548,0.0,NO ALERT,NO ALERT,20260911,12
watershed,A01GIL25,Watershed A01GIL25,Indus (Up to border) Basin,Gilgit,626.23936002,8.09375,2.1233801478290397,0.3,2.428125,0.0,NO ALERT,NO ALERT,20260911,12
watershed,A01GIL26,Watershed A01GIL26,Indus (Up to border) Basin,Gilgit,405.10638971,0.0,0.0,1.0,0.0,0.0,NO ALERT,NO ALERT,20260911,12
watershed,A01GIL27,Watershed A01GIL27,Indus (Up to border) Basin,Gilgit,658.60871608,7.3125,1.6570069269570586,0.3,2.19375,0.0,NO ALERT,NO ALERT,20260911,12
watershed,A01GIL28,Watershed A01GIL28,Indus (Up to border) Basin,Gilgit,721.65441098,5.46875,1.5866952360594926,0.3,1.640625,0.0,NO ALERT,NO ALERT,20260911,12
watershed,A01GIL29,Watershed A01GIL29,Indus (Up to border) Basin,Gilgit,896.79508703,5.0625,1.9380212395770908,0.38281901028683274,1.9380212395770908,0.0,NO ALERT,NO ALERT,20260911,12
watershed,A01GIL30,Watershed A01GIL30,Indus (Up to border) Basin,Gilgit,894.48204109,8.4375,2.099235448710722,0.3,2.53125,0.0,NO ALERT,NO ALERT,20260911,12
watershed,A01GIL31,Watershed A01GIL31,Indus (Up to border) Basin,Gilgit,859.58250137,0.0,0.0,1.0,0.0,0.0,NO ALERT,NO ALERT,20260911,12
watershed,A01GIL32,Watershed A01GIL32,Indus (Up to border) Basin,Gilgit,936.69707735,4.5,2.053739490972398,0.4563865535494218,2.053739490972398,0.0,NO ALERT,NO ALERT,20260911,12
watershed,A01GIL33,Watershed A01GIL33,Indus (Up to border) Basin,Gilgit,714.69962056,0.0,0.0,1.0,0.0,0.0,NO ALERT,NO ALERT,20260911,12
watershed,A01GIL34,Watershed A01GIL34,Indus (Up to border) Basin,Gilgit,816.48145083,3.25,2.145468853761072,0.6601442626957146,2.145468853761072,0.0,NO ALERT,NO ALERT,20260911,12
watershed,A01GIL35,Watershed A01GIL35,Indus (Up to border) Basin,Gilgit,961.45532788,3.65625,2.1787917224307582,0.5959088471605493,2.1787917224307582,0.0,NO ALERT,NO ALERT,20260911,12
watershed,A01GIL36,Watershed A01GIL36,Indus (Up to border) Basin,Gilgit,869.6061791,1.625,2.2967575530483297,1.4133892634143568,2.2967575530483297,0.0,NO ALERT,NO ALERT,20260911,12
watershed,A01GIL37,Watershed A01GIL37,Indus (Up to border) Basin,Gilgit,1001.80914152,3.25,1.993698681870552,0.6134457482678621,1.993698681870552,0.0,NO ALERT,NO ALERT,20260911,12
watershed,A01JHE01,Watershed A01JHE01,Indus (Up to border) Basin,Jhelum,623.28156074,0.0,0.0,1.0,0.0,0.0,NO ALERT,NO ALERT,20260911,12
watershed,A01JHE02,Watershed A01JHE02,Indus (Up to border) Basin,Jhelum,426.77008042,0.6875,2.8619575633169854,3.0,2.0625,0.0,NO ALERT,NO ALERT,20260911,12
watershed,A01JHE03,Watershed A01JHE03,Indus (Up to border) Basin,Jhelum,564.61729831,0.0,0.0,1.0,0.0,0.0,NO ALERT,NO ALERT,20260911,12
watershed,A01JHE04,Watershed A01JHE04,Indus (Up to border) Basin,Jhelum,450.4763048,0.4375,2.2362295585340015,3.0,1.3125,0.0,NO ALERT,NO ALERT,20260911,12
watershed,A01JHE05,Watershed A01JHE05,Indus (Up to border) Basin,Jhelum,568.05448043,2.375,3.105790802652705,1.3077013905906127,3.1057908026527055,0.0,NO ALERT,NO ALERT,20260911,12
watershed,A01JHE06,Watershed A01JHE06,Indus (Up to border) Basin,Jhelum,507.90713568,1.625,2.0657659869283846,1.2712406073405444,2.0657659869283846,0.0,NO ALERT,NO ALERT,20260911,12
watershed,A01JHE07,Watershed A01JHE07,Indus (Up to border) Basin,Jhelum,960.99139521,1.3125,2.372625843874396,1.8077149286662064,2.372625843874396,0.0,NO ALERT,NO ALERT,20260911,12
watershed,A01JHE08,Watershed A01JHE08,Indus (Up to border) Basin,Jhelum,1024.87900884,2.6875,1.133193589338701,0.4216534285911446,1.133193589338701,0.0,NO ALERT,NO ALERT,20260911,12
watershed,A01JHE09,Watershed A01JHE09,Indus (Up to border) Basin,Jhelum,649.71457494,1.8125,2.106416870837342,1.1621610321861198,2.106416870837342,0.0,NO ALERT,NO ALERT,20260911,12
watershed,A01JHE10,Watershed A01JHE10,Indus (Up to border) Basin,Jhelum,648.80133262,0.375,2.496093191492231,3.0,1.125,0.0,NO ALERT,NO ALERT,20260911,12
watershed,A01JHE11,Watershed A01JHE11,Indus (Up to border) Basin,Jhelum,957.19832529,0.25,1.904882312974293,3.0,0.75,0.0,NO ALERT,NO ALERT,20260911,12
watershed,A01JHE12,Watershed A01JHE12,Indus (Up to border) Basin,Jhelum,599.64460569,1.8125,1.5140921086072923,0.8353611633695406,1.5140921086072923,0.0,NO ALERT,NO ALERT,20260911,12
watershed,A01JHE13,Watershed A01JHE13,Indus (Up to border) Basin,Jhelum,860.94517032,2.0,1.7056712818676478,0.8528356409338239,1.7056712818676478,0.0,NO ALERT,NO ALERT,20260911,12
watershed,A01JHE14,Watershed A01JHE14,Indus (Up to border) Basin,Jhelum,1296.31515587,0.3125,1.9123152091486812,3.0,0.9375,0.0,NO ALERT,NO ALERT,20260911,12
watershed,A01JHE15,Watershed A01JHE15,Indus (Up to border) Basin,Jhelum,507.92497229,0.0625,2.23489086954561,1.0,0.0625,0.0,NO ALERT,NO ALERT,20260911,12
watershed,A01JHE16,Watershed A01JHE16,Indus (Up to border) Basin,Jhelum,853.03554917,0.1875,2.0339378421029,3.0,0.5625,0.0,NO ALERT,NO ALERT,20260911,12
watershed,A01JHE17,Watershed A01JHE17,Indus (Up to border) Basin,Jhelum,531.75147233,0.0,0.0,1.0,0.0,0.0,NO ALERT,NO ALERT,20260911,12
watershed,A01JHE18,Watershed A01JHE18,Indus (Up to border) Basin,Jhelum,1322.17253419,1.125,2.2024962368757213,1.957774432778419,2.2024962368757213,0.0,NO ALERT,NO ALERT,20260911,12
watershed,A01JHE19,Watershed A01JHE19,Indus (Up to border) Basin,Jhelum,482.57391523,0.53125,2.402766069688209,3.0,1.59375,0.0,NO ALERT,NO ALERT,20260911,12
watershed,A01JHE20,Watershed A01JHE20,Indus (Up to border) Basin,Jhelum,460.45282102,0.0,0.0,1.0,0.0,0.0,NO ALERT,NO ALERT,20260911,12
watershed,A01JHE21,Watershed A01JHE21,Indus (Up to border) Basin,Jhelum,532.81295148,0.0625,2.245885323130921,1.0,0.0625,0.0,NO ALERT,NO ALERT,20260911,12
watershed,A01JHE22,Watershed A01JHE22,Indus (Up to border) Basin,Jhelum,676.30632183,0.1875,2.0059005305579265,3.0,0.5625,0.0,NO ALERT,NO ALERT,20260911,12
watershed,A01JHE23,Watershed A01JHE23,Indus (Up to border) Basin,Jhelum,920.99849563,0.0,2.1052655548979975,1.0,0.0,0.0,NO ALERT,NO ALERT,20260911,12
watershed,A01JHE24,Watershed A01JHE24,Indus (Up to border) Basin,Jhelum,660.51446619,0.1875,1.9266351809648619,3.0,0.5625,0.0,NO ALERT,NO ALERT,20260911,12
watershed,A01JHE25,Watershed A01JHE25,Indus (Up to border) Basin,Jhelum,501.86844053,0.25,1.9686215336396269,3.0,0.75,0.0,NO ALERT,NO ALERT,20260911,12
watershed,A01JHE26,Watershed A01JHE26,Indus (Up to border) Basin,Jhelum,804.58156157,1.4375,2.029635373298844,1.4119202596861524,2.029635373298844,0.0,NO ALERT,NO ALERT,20260911,12
watershed,A01JHE27,Watershed A01JHE27,Indus (Up to border) Basin,Jhelum,551.63072082,4.3125,2.0435541377492146,0.4738676261447454,2.0435541377492146,0.0,NO ALERT,NO ALERT,20260911,12
watershed,A01JHE28,Watershed A01JHE28,Indus (Up to border) Basin,Jhelum,724.06399238,2.0,2.1834624582365767,1.0917312291182883,2.1834624582365767,0.0,NO ALERT,NO ALERT,20260911,12
watershed,A01JHE29,Watershed A01JHE29,Indus (Up to border) Basin,Jhelum,790.64783997,4.375,2.235637504719708,0.5110028582216475,2.235637504719708,0.0,NO ALERT,NO ALERT,20260911,12
watershed,A01JHE30,Watershed A01JHE30,Indus (Up to border) Basin,Jhelum,579.22552003,0.0,0.0,1.0,0.0,0.0,NO ALERT,NO ALERT,20260911,12
watershed,A01JHE31,Watershed A01JHE31,Indus (Up to border) Basin,Jhelum,739.65218463,0.71875,2.278245978996362,3.0,2.15625,0.0,NO ALERT,NO ALERT,20260911,12
watershed,A01JHE32,Watershed A01JHE32,Indus (Up to border) Basin,Jhelum,599.72501723,0.0,0.0,1.0,0.0,0.0,NO ALERT,NO ALERT,20260911,12
watershed,A01JHE33,Watershed A01JHE33,Indus (Up to border) Basin,Jhelum,423.70956816,0.9375,2.477577747322925,2.6427495971444532,2.477577747322925,0.0,NO ALERT,NO ALERT,20260911,12
watershed,A01JHE34,Watershed A01JHE34,Indus (Up to border) Basin,Jhelum,535.41782779,2.6875,2.751220555256491,1.0237099740489268,2.751220555256491,0.0,NO ALERT,NO ALERT,20260911,12
watershed,A01JHE35,Watershed A01JHE35,Indus (Up to border) Basin,Jhelum,462.18583138,0.9375,2.1163673755240766,2.2574585338923483,2.1163673755240766,0.0,NO ALERT,NO ALERT,20260911,12
watershed,A01JHE36,Watershed A01JHE36,Indus (Up to border) Basin,Jhelum,742.70464339,0.0625,3.380050972369436,1.0,0.0625,0.0,NO ALERT,NO ALERT,20260911,12
watershed,A01JHE37,Watershed A01JHE37,Indus (Up to border) Basin,Jhelum,398.89930021,0.125,2.5056201155667437,3.0,0.375,0.0,NO ALERT,NO ALERT,20260911,12
watershed,A01JHE38,Watershed A01JHE38,Indus (Up to border) Basin,Jhelum,451.02092732,0.0,0.0,1.0,0.0,0.0,NO ALERT,NO ALERT,20260911,12
watershed,A01JHE39,Watershed A01JHE39,Indus (Up to border) Basin,Jhelum,554.80396766,0.0,0.0,1.0,0.0,0.0,NO ALERT,NO ALERT,20260911,12
watershed,A01JHE40,Watershed A01JHE40,Indus (Up to border) Basin,Jhelum,700.11999778,0.8125,3.292325309633392,3.0,2.4375,0.0,NO ALERT,NO ALERT,20260911,12
watershed,A01JHE41,Watershed A01JHE41,Indus (Up to border) Basin,Jhelum,320.23769244,0.5625,2.2371126655029925,3.0,1.6875,0.0,NO ALERT,NO ALERT,20260911,12
watershed,A01JHE42,Watershed A01JHE42,Indus (Up to border) Basin,Jhelum,738.77976001,0.5,2.46531180212759,3.0,1.5,0.0,NO ALERT,NO ALERT,20260911,12
watershed,A01JHE43,Watershed A01JHE43,Indus (Up to border) Basin,Jhelum,740.01582739,0.3125,2.8683873192904747,3.0,0.9375,0.0,NO ALERT,NO ALERT,20260911,12
watershed,A01JHE44,Watershed A01JHE44,Indus (Up to border) Basin,Jhelum,753.08814829,0.78125,4.08643031277477,3.0,2.34375,0.0,NO ALERT,NO ALERT,20260911,12
watershed,A01LIN01,Watershed A01LIN01,Indus (Up to border) Basin,Lower Indus,835.44927813,0.125,0.3892092952989552,3.0,0.375,0.0,NO ALERT,NO ALERT,20260911,12
watershed,A01LIN02,Watershed A01LIN02,Indus (Up to border) Basin,Lower Indus,912.99808514,0.09375,0.47794624544578057,1.0,0.09375,0.0,NO ALERT,NO ALERT,20260911,12
watershed,A01LIN03,Watershed A01LIN03,Indus (Up to border) Basin,Lower Indus,852.42626136,0.375,0.5500052872994174,1.4666807661317798,0.5500052872994174,0.0,NO ALERT,NO ALERT,20260911,12
watershed,A01LIN04,Watershed A01LIN04,Indus (Up to border) Basin,Lower Indus,319.29926225,1.1875,0.6380661546367489,0.5373188670625254,0.6380661546367489,0.0,NO ALERT,NO ALERT,20260911,12
watershed,A01LIN05,Watershed A01LIN05,Indus (Up to border) Basin,Lower Indus,696.12469004,0.0,0.0,1.0,0.0,0.0,NO ALERT,NO ALERT,20260911,12
watershed,A01LIN06,Watershed A01LIN06,Indus (Up to border) Basin,Lower Indus,867.75952762,1.125,0.6309128550021615,0.5608114266685881,0.6309128550021615,0.0,NO ALERT,NO ALERT,20260911,12
watershed,A01LIN07,Watershed A01LIN07,Indus (Up to border) Basin,Lower Indus,755.62875801,2.125,1.9974162777809248,0.9399606013086705,1.9974162777809248,0.0,NO ALERT,NO ALERT,20260911,12
watershed,A01LIN08,Watershed A01LIN08,Indus (Up to border) Basin,Lower Indus,531.88279532,3.1875,1.2589638568971255,0.3949690531441962,1.2589638568971255,0.0,NO ALERT,NO ALERT,20260911,12
watershed,A01LIN09,Watershed A01LIN09,Indus (Up to border) Basin,Lower Indus,413.76438769,0.0,0.0,1.0,0.0,0.0,NO ALERT,NO ALERT,20260911,12
watershed,A01LIN10,Watershed A01LIN10,Indus (Up to border) Basin,Lower Indus,896.96482933,0.5,0.6177771275072066,1.2355542550144132,0.6177771275072066,0.0,NO ALERT,NO ALERT,20260911,12
watershed,A01LIN11,Watershed A01LIN11,Indus (Up to border) Basin,Lower Indus,505.27101355,0.0,0.6518000358179824,1.0,0.0,0.0,NO ALERT,NO ALERT,20260911,12
watershed,A01LIN12,Watershed A01LIN12,Indus (Up to border) Basin,Lower Indus,609.81281811,0.0625,0.823437428351951,1.0,0.0625,0.0,NO ALERT,NO ALERT,20260911,12
watershed,A01LIN13,Watershed A01LIN13,Indus (Up to border) Basin,Lower Indus,853.98414741,1.6875,1.5783109524478651,0.9352953792283645,1.5783109524478651,0.0,NO ALERT,NO ALERT,20260911,12
watershed,A01LIN14,Watershed A01LIN14,Indus (Up to border) Basin,Lower Indus,782.946215,3.125,1.297757140393943,0.41528228492606173,1.297757140393943,0.0,NO ALERT,NO ALERT,20260911,12
watershed,A01LIN15,Watershed A01LIN15,Indus (Up to border) Basin,Lower Indus,835.86398556,3.0,1.9936988543157708,0.6645662847719236,1.9936988543157708,0.0,NO ALERT,NO ALERT,20260911,12
watershed,A01LIN16,Watershed A01LIN16,Indus (Up to border) Basin,Lower Indus,684.33992069,2.9375,2.0005867493989533,0.6810508083060267,2.0005867493989533,0.0,NO ALERT,NO ALERT,20260911,12
watershed,A01LIN17,Watershed A01LIN17,Indus (Up to border) Basin,Lower Indus,666.81566151,3.6875,2.0011337267209406,0.5426803326700855,2.0011337267209406,0.0,NO ALERT,NO ALERT,20260911,12
watershed,A01LIN18,Watershed A01LIN18,Indus (Up to border) Basin,Lower Indus,578.56710592,6.125,2.0261285515680707,0.3307964982151952,2.0261285515680707,0.0,NO ALERT,NO ALERT,20260911,12
watershed,A01LIN19,Watershed A01LIN19,Indus (Up to border) Basin,Lower Indus,1270.434681,0.8125,1.947629197625673,2.3970820893854436,1.947629197625673,0.0,NO ALERT,NO ALERT,20260911,12
watershed,A01LIN20,Watershed A01LIN20,Indus (Up to border) Basin,Lower Indus,1015.57584255,1.6875,1.972346015764426,1.1687976389715116,1.9723460157644257,0.0,NO ALERT,NO ALERT,20260911,12
watershed,A01LIN21,Watershed A01LIN21,Indus (Up to border) Basin,Lower Indus,768.28386136,0.0,0.0,1.0,0.0,0.0,NO ALERT,NO ALERT,20260911,12
watershed,A01LIN22,Watershed A01LIN22,Indus (Up to border) Basin,Lower Indus,831.49664233,3.21875,2.147733051585008,0.6672568703953423,2.147733051585008,0.0,NO ALERT,NO ALERT,20260911,12
watershed,A01LIN23,Watershed A01LIN23,Indus (Up to border) Basin,Lower Indus,684.69879713,4.1875,2.0102895884889445,0.4800691554600464,2.0102895884889445,0.0,NO ALERT,NO ALERT,20260911,12
watershed,A01LIN24,Watershed A01LIN24,Indus (Up to border) Basin,Lower Indus,875.66404646,3.3125,2.0564731487876746,0.6208220826528829,2.0564731487876746,0.0,NO ALERT,NO ALERT,20260911,12
watershed,A01LIN25,Watershed A01LIN25,Indus (Up to border) Basin,Lower Indus,932.18859958,3.9375,2.0630651552689403,0.5239530553063976,2.0630651552689403,0.0,NO ALERT,NO ALERT,20260911,12
watershed,A01LIN26,Watershed A01LIN26,Indus (Up to border) Basin,Lower Indus,940.10469334,3.4375,2.0659113950721206,0.6009924058391624,2.0659113950721206,0.0,NO ALERT,NO ALERT,20260911,12
watershed,A01LIN27,Watershed A01LIN27,Indus (Up to border) Basin,Lower Indus,842.06870567,1.96875,2.146056784628189,1.0900605890174928,2.146056784628189,0.0,NO ALERT,NO ALERT,20260911,12
watershed,A01LIN28,Watershed A01LIN28,Indus (Up to border) Basin,Lower Indus,726.97051661,3.3125,2.2790482846024918,0.6880145764837711,2.2790482846024918,0.0,NO ALERT,NO ALERT,20260911,12
watershed,A01LIN29,Watershed A01LIN29,Indus (Up to border) Basin,Lower Indus,676.55981804,3.0,2.155905901283434,0.7186353004278113,2.155905901283434,0.0,NO ALERT,NO ALERT,20260911,12
watershed,A01LIN30,Watershed A01LIN30,Indus (Up to border) Basin,Lower Indus,730.75217211,1.71875,2.327184515323949,1.3539982634612069,2.327184515323949,0.0,NO ALERT,NO ALERT,20260911,12
watershed,A01LIN31,Watershed A01LIN31,Indus (Up to border) Basin,Lower Indus,999.39832753,7.375,1.991458989700226,0.3,2.2125,0.0,NO ALERT,NO ALERT,20260911,12
watershed,A01RAV01,Watershed A01RAV01,Indus (Up to border) Basin,Ravi,628.51764955,4.0,5.304871038010676,1.326217759502669,5.304871038010676,0.0,NO ALERT,NO ALERT,20260911,12
watershed,A01RAV02,Watershed A01RAV02,Indus (Up to border) Basin,Ravi,686.8953911,3.03125,5.869074586523722,1.9361895543171044,5.869074586523722,0.0,NO ALERT,NO ALERT,20260911,12
watershed,A01RAV03,Watershed A01RAV03,Indus (Up to border) Basin,Ravi,837.0499294,0.71875,3.268880800617068,3.0,2.15625,0.0,NO ALERT,NO ALERT,20260911,12
watershed,A01RAV04,Watershed A01RAV04,Indus (Up to border) Basin,Ravi,528.90182476,2.125,2.8777543358198585,1.3542373345034628,2.8777543358198585,0.0,NO ALERT,NO ALERT,20260911,12
watershed,A01RAV05,Watershed A01RAV05,Indus (Up to border) Basin,Ravi,662.11407723,0.0,0.0,1.0,0.0,0.0,NO ALERT,NO ALERT,20260911,12
watershed,A01RAV06,Watershed A01RAV06,Indus (Up to border) Basin,Ravi,390.22895105,1.5,3.7579049408231695,2.50526996054878,3.7579049408231695,0.0,NO ALERT,NO ALERT,20260911,12
watershed,A01RAV07,Watershed A01RAV07,Indus (Up to border) Basin,Ravi,588.11397031,3.75,4.097587485182776,1.0926899960487402,4.097587485182776,0.0,NO ALERT,NO ALERT,20260911,12
watershed,A01RAV08,Watershed A01RAV08,Indus (Up to border) Basin,Ravi,580.02436661,0.0,0.0,1.0,0.0,0.0,NO ALERT,NO ALERT,20260911,12
watershed,A01RAV09,Watershed A01RAV09,Indus (Up to border) Basin,Ravi,489.8511472,5.25,5.402651902196342,1.0290765527993033,5.402651902196342,0.0,NO ALERT,NO ALERT,20260911,12
watershed,A01RAV10,Watershed A01RAV10,Indus (Up to border) Basin,Ravi,633.8960363,2.1875,7.4063596398250695,3.0,6.5625,0.0,NO ALERT,NO ALERT,20260911,12
watershed,A01RAV11,Watershed A01RAV11,Indus (Up to border) Basin,Ravi,556.76453776,0.0,4.663179747984834,1.0,0.0,0.0,NO ALERT,NO ALERT,20260911,12
watershed,A01RAV12,Watershed A01RAV12,Indus (Up to border) Basin,Ravi,857.3144042,2.875,5.012746191922933,1.7435638928427593,5.012746191922933,0.0,NO ALERT,NO ALERT,20260911,12
watershed,A01RAV13,Watershed A01RAV13,Indus (Up to border) Basin,Ravi,597.29139644,0.8125,6.651019507932336,3.0,2.4375,0.0,NO ALERT,NO ALERT,20260911,12
watershed,A01RAV14,Watershed A01RAV14,Indus (Up to border) Basin,Ravi,598.87510326,0.3125,5.913839671444403,3.0,0.9375,0.0,NO ALERT,NO ALERT,20260911,12
watershed,A01RAV15,Watershed A01RAV15,Indus (Up to border) Basin,Ravi,474.55829827,0.0,0.0,1.0,0.0,0.0,NO ALERT,NO ALERT,20260911,12
watershed,A01RAV16,Watershed A01RAV16,Indus (Up to border) Basin,Ravi,434.220973,0.0,3.6670462935346446,1.0,0.0,0.0,NO ALERT,NO ALERT,20260911,12
watershed,A01RAV17,Watershed A01RAV17,Indus (Up to border) Basin,Ravi,1302.52486025,0.0,3.2419272268879906,1.0,0.0,0.0,NO ALERT,NO ALERT,20260911,12
watershed,A01RAV18,Watershed A01RAV18,Indus (Up to border) Basin,Ravi,822.29150691,0.0,2.862898189952112,1.0,0.0,0.0,NO ALERT,NO ALERT,20260911,12
watershed,A01RAV19,Watershed A01RAV19,Indus (Up to border) Basin,Ravi,1179.3916688,0.0,2.6459889356404136,1.0,0.0,0.0,NO ALERT,NO ALERT,20260911,12
watershed,A01RAV20,Watershed A01RAV20,Indus (Up to border) Basin,Ravi,861.37038091,0.0,0.0,1.0,0.0,0.0,NO ALERT,NO ALERT,20260911,12
watershed,A01SHY01,Watershed A01SHY01,Indus (Up to border) Basin,Shyok,1373.85546391,0.020833333333333332,0.36478462939120865,1.0,0.020833333333333332,0.0,NO ALERT,NO ALERT,20260911,12
watershed,A01SHY02,Watershed A01SHY02,Indus (Up to border) Basin,Shyok,561.90240214,0.0625,0.3786238295574711,1.0,0.0625,0.0,NO ALERT,NO ALERT,20260911,12
watershed,A01SHY03,Watershed A01SHY03,Indus (Up to border) Basin,Shyok,829.46723294,0.0,0.0,1.0,0.0,0.0,NO ALERT,NO ALERT,20260911,12
watershed,A01SHY04,Watershed A01SHY04,Indus (Up to border) Basin,Shyok,790.60528247,0.0,0.37529683758134713,1.0,0.0,0.0,NO ALERT,NO ALERT,20260911,12
watershed,A01SHY05,Watershed A01SHY05,Indus (Up to border) Basin,Shyok,531.73829425,0.0,0.3942141063001058,1.0,0.0,0.0,NO ALERT,NO ALERT,20260911,12
watershed,A01SHY06,Watershed A01SHY06,Indus (Up to border) Basin,Shyok,737.2118056,0.0,0.38319820469781146,1.0,0.0,0.0,NO ALERT,NO ALERT,20260911,12
watershed,A01SHY07,Watershed A01SHY07,Indus (Up to border) Basin,Shyok,635.7104784,0.0,0.0,1.0,0.0,0.0,NO ALERT,NO ALERT,20260911,12
watershed,A01SHY08,Watershed A01SHY08,Indus (Up to border) Basin,Shyok,461.14370094,0.0,0.4701358423861739,1.0,0.0,0.0,NO ALERT,NO ALERT,20260911,12
watershed,A01SHY09,Watershed A01SHY09,Indus (Up to border) Basin,Shyok,732.60546059,0.0,0.4389380506456715,1.0,0.0,0.0,NO ALERT,NO ALERT,20260911,12
watershed,A01SHY10,Watershed A01SHY10,Indus (Up to border) Basin,Shyok,929.07822684,0.0,0.3779153479288702,1.0,0.0,0.0,NO ALERT,NO ALERT,20260911,12
watershed,A01SHY11,Watershed A01SHY11,Indus (Up to border) Basin,Shyok,832.5081107,0.0,0.40833682960843387,1.0,0.0,0.0,NO ALERT,NO ALERT,20260911,12
watershed,A01SHY12,Watershed A01SHY12,Indus (Up to border) Basin,Shyok,767.78300458,0.0,0.46858250329347506,1.0,0.0,0.0,NO ALERT,NO ALERT,20260911,12
watershed,A01SHY13,Watershed A01SHY13,Indus (Up to border) Basin,Shyok,545.58693134,0.0,0.5743738922660482,1.0,0.0,0.0,NO ALERT,NO ALERT,20260911,12
watershed,A01SHY14,Watershed A01SHY14,Indus (Up to border) Basin,Shyok,850.43392007,0.0,0.0,1.0,0.0,0.0,NO ALERT,NO ALERT,20260911,12
watershed,A01SHY15,Watershed A01SHY15,Indus (Up to border) Basin,Shyok,604.30987627,0.0,0.5086847790912405,1.0,0.0,0.0,NO ALERT,NO ALERT,20260911,12
watershed,A01SHY16,Watershed A01SHY16,Indus (Up to border) Basin,Shyok,577.31257086,0.0,0.4874532392171964,1.0,0.0,0.0,NO ALERT,NO ALERT,20260911,12
watershed,A01SHY17,Watershed A01SHY17,Indus (Up to border) Basin,Shyok,522.01118598,0.0,0.5357159652938581,1.0,0.0,0.0,NO ALERT,NO ALERT,20260911,12
watershed,A01SHY18,Watershed A01SHY18,Indus (Up to border) Basin,Shyok,1070.81621749,0.0,0.5002364536874915,1.0,0.0,0.0,NO ALERT,NO ALERT,20260911,12
watershed,A01SHY19,Watershed A01SHY19,Indus (Up to border) Basin,Shyok,876.80843768,0.0,0.48576121750759754,1.0,0.0,0.0,NO ALERT,NO ALERT,20260911,12
watershed,A01SHY20,Watershed A01SHY20,Indus (Up to border) Basin,Shyok,542.88218712,0.0,0.0,1.0,0.0,0.0,NO ALERT,NO ALERT,20260911,12
watershed,A01SHY21,Watershed A01SHY21,Indus (Up to border) Basin,Shyok,856.49827993,0.0,0.5634956382725337,1.0,0.0,0.0,NO ALERT,NO ALERT,20260911,12
watershed,A01SHY22,Watershed A01SHY22,Indus (Up to border) Basin,Shyok,1221.2358653,0.0,0.6234334136831434,1.0,0.0,0.0,NO ALERT,NO ALERT,20260911,12
watershed,A01SHY23,Watershed A01SHY23,Indus (Up to border) Basin,Shyok,440.55246107,0.0,0.6398139748467158,1.0,0.0,0.0,NO ALERT,NO ALERT,20260911,12
watershed,A01SHY24,Watershed A01SHY24,Indus (Up to border) Basin,Shyok,789.31270324,0.0,0.5550084215525078,1.0,0.0,0.0,NO ALERT,NO ALERT,20260911,12
watershed,A01SHY25,Watershed A01SHY25,Indus (Up to border) Basin,Shyok,834.38088141,0.0,0.49024581378453397,1.0,0.0,0.0,NO ALERT,NO ALERT,20260911,12
watershed,A01SHY26,Watershed A01SHY26,Indus (Up to border) Basin,Shyok,724.5837186,0.0,0.49288865327835085,1.0,0.0,0.0,NO ALERT,NO ALERT,20260911,12
watershed,A01SHY27,Watershed A01SHY27,Indus (Up to border) Basin,Shyok,626.90310208,0.0,0.5227570192964927,1.0,0.0,0.0,NO ALERT,NO ALERT,20260911,12
watershed,A01SHY28,Watershed A01SHY28,Indus (Up to border) Basin,Shyok,463.83967236,0.0,0.0,1.0,0.0,0.0,NO ALERT,NO ALERT,20260911,12
watershed,A01SHY29,Watershed A01SHY29,Indus (Up to border) Basin,Shyok,805.98265523,0.0,0.49303927237856876,1.0,0.0,0.0,NO ALERT,NO ALERT,20260911,12
watershed,A01SHY30,Watershed A01SHY30,Indus (Up to border) Basin,Shyok,607.41731651,0.0,0.4794039301472167,1.0,0.0,0.0,NO ALERT,NO ALERT,20260911,12
watershed,A01SHY31,Watershed A01SHY31,Indus (Up to border) Basin,Shyok,801.70154605,0.0,0.46561503944127525,1.0,0.0,0.0,NO ALERT,NO ALERT,20260911,12
watershed,A01SHY32,Watershed A01SHY32,Indus (Up to border) Basin,Shyok,839.09990999,0.0,0.44565264282569494,1.0,0.0,0.0,NO ALERT,NO ALERT,20260911,12
watershed,A01SHY33,Watershed A01SHY33,Indus (Up to border) Basin,Shyok,1012.67599412,0.0,0.382409026300254,1.0,0.0,0.0,NO ALERT,NO ALERT,20260911,12
watershed,A01SHY34,Watershed A01SHY34,Indus (Up to border) Basin,Shyok,486.8842646,0.0,0.3933956467329639,1.0,0.0,0.0,NO ALERT,NO ALERT,20260911,12
watershed,A01SHY35,Watershed A01SHY35,Indus (Up to border) Basin,Shyok,561.76336353,0.0,0.4014062337679406,1.0,0.0,0.0,NO ALERT,NO ALERT,20260911,12
watershed,A01SHY36,Watershed A01SHY36,Indus (Up to border) Basin,Shyok,919.8171187,0.0,0.39582232763505965,1.0,0.0,0.0,NO ALERT,NO ALERT,20260911,12
watershed,A01SHY37,Watershed A01SHY37,Indus (Up to border) Basin,Shyok,769.9152141,0.0625,0.37930441711046925,1.0,0.0625,0.0,NO ALERT,NO ALERT,20260911,12
watershed,A01SHY38,Watershed A01SHY38,Indus (Up to border) Basin,Shyok,626.94659054,0.0,0.37889459147436977,1.0,0.0,0.0,NO ALERT,NO ALERT,20260911,12
watershed,A01SHY39,Watershed A01SHY39,Indus (Up to border) Basin,Shyok,716.14779616,0.0,0.38102630580941294,1.0,0.0,0.0,NO ALERT,NO ALERT,20260911,12
watershed,A01SHY40,Watershed A01SHY40,Indus (Up to border) Basin,Shyok,672.72643464,0.0,0.35621900676864465,1.0,0.0,0.0,NO ALERT,NO ALERT,20260911,12
watershed,A01SHY41,Watershed A01SHY41,Indus (Up to border) Basin,Shyok,660.87879811,0.0,0.37508432901885413,1.0,0.0,0.0,NO ALERT,NO ALERT,20260911,12
watershed,A01SHY42,Watershed A01SHY42,Indus (Up to border) Basin,Shyok,824.3375372,0.0,0.0,1.0,0.0,0.0,NO ALERT,NO ALERT,20260911,12
watershed,A01SHY43,Watershed A01SHY43,Indus (Up to border) Basin,Shyok,823.49845722,0.0,0.3987135485631146,1.0,0.0,0.0,NO ALERT,NO ALERT,20260911,12
watershed,A01SHY44,Watershed A01SHY44,Indus (Up to border) Basin,Shyok,661.86136486,0.03125,0.395657039964444,1.0,0.03125,0.0,NO ALERT,NO ALERT,20260911,12
watershed,A01SHY45,Watershed A01SHY45,Indus (Up to border) Basin,Shyok,599.79951085,0.0,0.0,1.0,0.0,0.0,NO ALERT,NO ALERT,20260911,12
watershed,A01SHY46,Watershed A01SHY46,Indus (Up to border) Basin,Shyok,806.89211651,0.0,0.4689866804505048,1.0,0.0,0.0,NO ALERT,NO ALERT,20260911,12
watershed,A01SHY47,Watershed A01SHY47,Indus (Up to border) Basin,Shyok,451.12757667,0.0,0.3561654681416407,1.0,0.0,0.0,NO ALERT,NO ALERT,20260911,12
watershed,A01SHY48,Watershed A01SHY48,Indus (Up to border) Basin,Shyok,430.0460774,0.0,0.38047768996186454,1.0,0.0,0.0,NO ALERT,NO ALERT,20260911,12
watershed,A01SHY49,Watershed A01SHY49,Indus (Up to border) Basin,Shyok,982.26798873,0.0,0.0,1.0,0.0,0.0,NO ALERT,NO ALERT,20260911,12
watershed,A01SHY50,Watershed A01SHY50,Indus (Up to border) Basin,Shyok,1003.68914056,0.0,0.4739692958862814,1.0,0.0,0.0,NO ALERT,NO ALERT,20260911,12
watershed,A01SHY51,Watershed A01SHY51,Indus (Up to border) Basin,Shyok,583.44040134,0.0,0.5019931596027661,1.0,0.0,0.0,NO ALERT,NO ALERT,20260911,12
watershed,A01SHY52,Watershed A01SHY52,Indus (Up to border) Basin,Shyok,457.89671279,0.0,0.0,1.0,0.0,0.0,NO ALERT,NO ALERT,20260911,12
watershed,A01SHY53,Watershed A01SHY53,Indus (Up to border) Basin,Shyok,707.15673948,0.0,0.4953348364527912,1.0,0.0,0.0,NO ALERT,NO ALERT,20260911,12
watershed,A01SUL01,Watershed A01SUL01,Indus (Up to border) Basin,Sutlaj Lower,640.4665654,0.1875,4.945719593579638,3.0,0.5625,0.0,NO ALERT,NO ALERT,20260911,12
watershed,A01SUL02,Watershed A01SUL02,Indus (Up to border) Basin,Sutlaj Lower,610.70937325,0.0,4.575810194423754,1.0,0.0,0.0,NO ALERT,NO ALERT,20260911,12
watershed,A01SUL03,Watershed A01SUL03,Indus (Up to border) Basin,Sutlaj Lower,674.45261494,0.25,4.811217603250726,3.0,0.75,0.0,NO ALERT,NO ALERT,20260911,12
watershed,A01SUL04,Watershed A01SUL04,Indus (Up to border) Basin,Sutlaj Lower,966.36314101,0.0,4.956479844573426,1.0,0.0,0.0,NO ALERT,NO ALERT,20260911,12
watershed,A01SUL05,Watershed A01SUL05,Indus (Up to border) Basin,Sutlaj Lower,577.99943604,0.0,4.097279803924365,1.0,0.0,0.0,NO ALERT,NO ALERT,20260911,12
watershed,A01SUL06,Watershed A01SUL06,Indus (Up to border) Basin,Sutlaj Lower,329.08486307,0.0,2.837774444218368,1.0,0.0,0.0,NO ALERT,NO ALERT,20260911,12
watershed,A01SUL07,Watershed A01SUL07,Indus (Up to border) Basin,Sutlaj Lower,805.17098138,0.0,0.0,1.0,0.0,0.0,NO ALERT,NO ALERT,20260911,12
watershed,A01SUL08,Watershed A01SUL08,Indus (Up to border) Basin,Sutlaj Lower,897.66541919,0.0,2.694300354384396,1.0,0.0,0.0,NO ALERT,NO ALERT,20260911,12
watershed,A01SUL09,Watershed A01SUL09,Indus (Up to border) Basin,Sutlaj Lower,717.01285937,0.0,2.9567872015376615,1.0,0.0,0.0,NO ALERT,NO ALERT,20260911,12
watershed,A01SUL10,Watershed A01SUL10,Indus (Up to border) Basin,Sutlaj Lower,1043.33150575,0.0,4.133517759732188,1.0,0.0,0.0,NO ALERT,NO ALERT,20260911,12
watershed,A01SUL11,Watershed A01SUL11,Indus (Up to border) Basin,Sutlaj Lower,1081.42080308,0.0,4.760937924948458,1.0,0.0,0.0,NO ALERT,NO ALERT,20260911,12
watershed,A01SUL12,Watershed A01SUL12,Indus (Up to border) Basin,Sutlaj Lower,661.66220674,0.0,1.7262865347813254,1.0,0.0,0.0,NO ALERT,NO ALERT,20260911,12
watershed,A01SUL13,Watershed A01SUL13,Indus (Up to border) Basin,Sutlaj Lower,509.13204309,0.0,1.9220079878013427,1.0,0.0,0.0,NO ALERT,NO ALERT,20260911,12
watershed,A01SUL14,Watershed A01SUL14,Indus (Up to border) Basin,Sutlaj Lower,830.60626958,0.0,3.1826166426890516,1.0,0.0,0.0,NO ALERT,NO ALERT,20260911,12
watershed,A01SUL15,Watershed A01SUL15,Indus (Up to border) Basin,Sutlaj Lower,737.89279858,0.0,0.0,1.0,0.0,0.0,NO ALERT,NO ALERT,20260911,12
watershed,A01SUL16,Watershed A01SUL16,Indus (Up to border) Basin,Sutlaj Lower,612.85624099,0.0,1.848823308454801,1.0,0.0,0.0,NO ALERT,NO ALERT,20260911,12
watershed,A01SUL17,Watershed A01SUL17,Indus (Up to border) Basin,Sutlaj Lower,542.92268568,0.0,0.0,1.0,0.0,0.0,NO ALERT,NO ALERT,20260911,12
watershed,A01SUL18,Watershed A01SUL18,Indus (Up to border) Basin,Sutlaj Lower,494.84270767,0.0,0.0,1.0,0.0,0.0,NO ALERT,NO ALERT,20260911,12
watershed,A01SUL19,Watershed A01SUL19,Indus (Up to border) Basin,Sutlaj Lower,428.61120554,0.0,1.9519375738215774,1.0,0.0,0.0,NO ALERT,NO ALERT,20260911,12
watershed,A01SUL20,Watershed A01SUL20,Indus (Up to border) Basin,Sutlaj Lower,387.10184379,0.0,1.0875963312714068,1.0,0.0,0.0,NO ALERT,NO ALERT,20260911,12
watershed,A01SUL21,Watershed A01SUL21,Indus (Up to border) Basin,Sutlaj Lower,486.94699034,0.0,1.6407179992084633,1.0,0.0,0.0,NO ALERT,NO ALERT,20260911,12
watershed,A01SUL22,Watershed A01SUL22,Indus (Up to border) Basin,Sutlaj Lower,652.51398593,0.0,1.3496222544818708,1.0,0.0,0.0,NO ALERT,NO ALERT,20260911,12
watershed,A01SUL23,Watershed A01SUL23,Indus (Up to border) Basin,Sutlaj Lower,704.21642768,0.0,2.2292493717719433,1.0,0.0,0.0,NO ALERT,NO ALERT,20260911,12
watershed,A01SUL24,Watershed A01SUL24,Indus (Up to border) Basin,Sutlaj Lower,556.02471531,0.0,1.495519800463768,1.0,0.0,0.0,NO ALERT,NO ALERT,20260911,12
watershed,A01SUL25,Watershed A01SUL25,Indus (Up to border) Basin,Sutlaj Lower,738.77667005,0.0,0.0,1.0,0.0,0.0,NO ALERT,NO ALERT,20260911,12
watershed,A01SUL26,Watershed A01SUL26,Indus (Up to border) Basin,Sutlaj Lower,612.32972499,0.0,1.2822934833903834,1.0,0.0,0.0,NO ALERT,NO ALERT,20260911,12
watershed,A01SUL27,Watershed A01SUL27,Indus (Up to border) Basin,Sutlaj Lower,972.07774926,0.0,1.1558799179857724,1.0,0.0,0.0,NO ALERT,NO ALERT,20260911,12
watershed,A01SUL28,Watershed A01SUL28,Indus (Up to border) Basin,Sutlaj Lower,751.12800795,0.0,1.6086177156396109,1.0,0.0,0.0,NO ALERT,NO ALERT,20260911,12
watershed,A01SUL29,Watershed A01SUL29,Indus (Up to border) Basin,Sutlaj Lower,784.96914984,0.0,1.3688076746484188,1.0,0.0,0.0,NO ALERT,NO ALERT,20260911,12
watershed,A01SUL30,Watershed A01SUL30,Indus (Up to border) Basin,Sutlaj Lower,683.67846155,0.0,1.2040648071937365,1.0,0.0,0.0,NO ALERT,NO ALERT,20260911,12
watershed,A01SUL31,Watershed A01SUL31,Indus (Up to border) Basin,Sutlaj Lower,807.17438453,0.0625,1.9304712562528374,1.0,0.0625,0.0,NO ALERT,NO ALERT,20260911,12
watershed,A01SUL32,Watershed A01SUL32,Indus (Up to border) Basin,Sutlaj Lower,495.01416287,0.0,2.199817643957595,1.0,0.0,0.0,NO ALERT,NO ALERT,20260911,12
watershed,A01SUL33,Watershed A01SUL33,Indus (Up to border) Basin,Sutlaj Lower,509.00324928,0.0625,2.4694458163356128,1.0,0.0625,0.0,NO ALERT,NO ALERT,20260911,12
watershed,A01SUL34,Watershed A01SUL34,Indus (Up to border) Basin,Sutlaj Lower,489.24496539,0.0,2.47669495360492,1.0,0.0,0.0,NO ALERT,NO ALERT,20260911,12
watershed,A01SUL35,Watershed A01SUL35,Indus (Up to border) Basin,Sutlaj Lower,526.97156892,0.0,2.115554242509685,1.0,0.0,0.0,NO ALERT,NO ALERT,20260911,12
watershed,A01SUL36,Watershed A01SUL36,Indus (Up to border) Basin,Sutlaj Lower,831.16399821,0.0,0.0,1.0,0.0,0.0,NO ALERT,NO ALERT,20260911,12
watershed,A01SUL37,Watershed A01SUL37,Indus (Up to border) Basin,Sutlaj Lower,846.62944817,0.0625,1.0641573668546873,1.0,0.0625,0.0,NO ALERT,NO ALERT,20260911,12
watershed,A01SUL38,Watershed A01SUL38,Indus (Up to border) Basin,Sutlaj Lower,404.63394307,0.0625,1.2732833087036055,1.0,0.0625,0.0,NO ALERT,NO ALERT,20260911,12
watershed,A01SUL39,Watershed A01SUL39,Indus (Up to border) Basin,Sutlaj Lower,382.50711732,0.0,0.0,1.0,0.0,0.0,NO ALERT,NO ALERT,20260911,12
watershed,A01SUL40,Watershed A01SUL40,Indus (Up to border) Basin,Sutlaj Lower,656.87348771,0.5625,1.1943248633652517,2.1232442015382254,1.1943248633652517,0.0,NO ALERT,NO ALERT,20260911,12
watershed,A01SUL41,Watershed A01SUL41,Indus (Up to border) Basin,Sutlaj Lower,581.15457956,0.0,1.4918127426954164,1.0,0.0,0.0,NO ALERT,NO ALERT,20260911,12
watershed,A01SUL42,Watershed A01SUL42,Indus (Up to border) Basin,Sutlaj Lower,458.13529061,0.0625,2.120725767089896,1.0,0.0625,0.0,NO ALERT,NO ALERT,20260911,12
watershed,A01SUL43,Watershed A01SUL43,Indus (Up to border) Basin,Sutlaj Lower,347.00383232,0.0,0.0,1.0,0.0,0.0,NO ALERT,NO ALERT,20260911,12
watershed,A01SUL44,Watershed A01SUL44,Indus (Up to border) Basin,Sutlaj Lower,871.2261357,0.0625,1.794247672288385,1.0,0.0625,0.0,NO ALERT,NO ALERT,20260911,12
watershed,A01SUL45,Watershed A01SUL45,Indus (Up to border) Basin,Sutlaj Lower,427.9839388,0.125,1.230216493467762,3.0,0.375,0.0,NO ALERT,NO ALERT,20260911,12
watershed,A01SUL46,Watershed A01SUL46,Indus (Up to border) Basin,Sutlaj Lower,912.78254161,0.375,1.0030408915999818,2.6747757109332846,1.0030408915999818,0.0,NO ALERT,NO ALERT,20260911,12
watershed,A01SUL47,Watershed A01SUL47,Indus (Up to border) Basin,Sutlaj Lower,998.99941604,0.29166666666666663,1.7220292682925316,3.0,0.8749999999999999,0.0,NO ALERT,NO ALERT,20260911,12
watershed,A01SUL48,Watershed A01SUL48,Indus (Up to border) Basin,Sutlaj Lower,553.6803065,0.625,1.0454021858025904,1.6726434972841446,1.0454021858025904,0.0,NO ALERT,NO ALERT,20260911,12
watershed,A01SUL49,Watershed A01SUL49,Indus (Up to border) Basin,Sutlaj Lower,815.2112368,0.34375,1.4729480610420442,3.0,1.03125,0.0,NO ALERT,NO ALERT,20260911,12
watershed,A01SUL50,Watershed A01SUL50,Indus (Up to border) Basin,Sutlaj Lower,526.63727862,0.125,1.4286714315210303,3.0,0.375,0.0,NO ALERT,NO ALERT,20260911,12
watershed,A01SUL51,Watershed A01SUL51,Indus (Up to border) Basin,Sutlaj Lower,757.34864549,0.0,1.5229509321794117,1.0,0.0,0.0,NO ALERT,NO ALERT,20260911,12
watershed,A01SUL52,Watershed A01SUL52,Indus (Up to border) Basin,Sutlaj Lower,707.41548676,0.0,0.0,1.0,0.0,0.0,NO ALERT,NO ALERT,20260911,12
watershed,A01SUL53,Watershed A01SUL53,Indus (Up to border) Basin,Sutlaj Lower,352.63690595,0.0,0.0,1.0,0.0,0.0,NO ALERT,NO ALERT,20260911,12
watershed,A01SUL54,Watershed A01SUL54,Indus (Up to border) Basin,Sutlaj Lower,726.66137174,0.0,1.5760056077005111,1.0,0.0,0.0,NO ALERT,NO ALERT,20260911,12
watershed,A01SUL55,Watershed A01SUL55,Indus (Up to border) Basin,Sutlaj Lower,549.80693551,0.125,1.7988063410128632,3.0,0.375,0.0,NO ALERT,NO ALERT,20260911,12
watershed,A01SUL56,Watershed A01SUL56,Indus (Up to border) Basin,Sutlaj Lower,1296.31216732,0.03125,1.273617360067286,1.0,0.03125,0.0,NO ALERT,NO ALERT,20260911,12
watershed,A01SUL57,Watershed A01SUL57,Indus (Up to border) Basin,Sutlaj Lower,477.48016892,0.0,0.0,1.0,0.0,0.0,NO ALERT,NO ALERT,20260911,12
watershed,A01SUL58,Watershed A01SUL58,Indus (Up to border) Basin,Sutlaj Lower,641.12899955,0.0,1.2456753285576219,1.0,0.0,0.0,NO ALERT,NO ALERT,20260911,12
watershed,A01SUU01,Watershed A01SUU01,Indus (Up to border) Basin,Sutlaj Upper,575.59004929,0.125,1.4377103502823882,3.0,0.375,0.0,NO ALERT,NO ALERT,20260911,12
watershed,A01SUU02,Watershed A01SUU02,Indus (Up to border) Basin,Sutlaj Upper,612.47471628,0.21875,1.2010302384218123,3.0,0.65625,0.0,NO ALERT,NO ALERT,20260911,12
watershed,A01SUU03,Watershed A01SUU03,Indus (Up to border) Basin,Sutlaj Upper,383.5406488,0.0,0.0,1.0,0.0,0.0,NO ALERT,NO ALERT,20260911,12
watershed,A01SUU04,Watershed A01SUU04,Indus (Up to border) Basin,Sutlaj Upper,726.28914565,0.0625,1.0659846320952455,1.0,0.0625,0.0,NO ALERT,NO ALERT,20260911,12
watershed,A01SUU05,Watershed A01SUU05,Indus (Up to border) Basin,Sutlaj Upper,896.49826989,0.0625,1.0452200660150344,1.0,0.0625,0.0,NO ALERT,NO ALERT,20260911,12
watershed,A01SUU06,Watershed A01SUU06,Indus (Up to border) Basin,Sutlaj Upper,952.20453028,0.0625,0.8064941766735626,1.0,0.0625,0.0,NO ALERT,NO ALERT,20260911,12
watershed,A01SUU07,Watershed A01SUU07,Indus (Up to border) Basin,Sutlaj Upper,566.35854198,0.0,1.6139100295019477,1.0,0.0,0.0,NO ALERT,NO ALERT,20260911,12
watershed,A01SUU08,Watershed A01SUU08,Indus (Up to border) Basin,Sutlaj Upper,498.92713989,0.0625,1.7669611148434143,1.0,0.0625,0.0,NO ALERT,NO ALERT,20260911,12
watershed,A01SUU09,Watershed A01SUU09,Indus (Up to border) Basin,Sutlaj Upper,890.8201012,0.0,1.098858712144094,1.0,0.0,0.0,NO ALERT,NO ALERT,20260911,12
watershed,A01SUU10,Watershed A01SUU10,Indus (Up to border) Basin,Sutlaj Upper,542.80431929,0.0,0.0,1.0,0.0,0.0,NO ALERT,NO ALERT,20260911,12
watershed,A01SUU11,Watershed A01SUU11,Indus (Up to border) Basin,Sutlaj Upper,572.1397039,0.0625,1.009478612978981,1.0,0.0625,0.0,NO ALERT,NO ALERT,20260911,12
watershed,A01SUU12,Watershed A01SUU12,Indus (Up to border) Basin,Sutlaj Upper,558.36572219,0.0,0.0,1.0,0.0,0.0,NO ALERT,NO ALERT,20260911,12
watershed,A01SUU13,Watershed A01SUU13,Indus (Up to border) Basin,Sutlaj Upper,723.55485677,0.625,0.8059063258848779,1.2894501214158045,0.8059063258848778,0.0,NO ALERT,NO ALERT,20260911,12
watershed,A01SUU14,Watershed A01SUU14,Indus (Up to border) Basin,Sutlaj Upper,951.98934485,0.53125,0.6904024151804513,1.2995810168102613,0.6904024151804513,0.0,NO ALERT,NO ALERT,20260911,12
watershed,A01SUU15,Watershed A01SUU15,Indus (Up to border) Basin,Sutlaj Upper,655.96173747,0.0,0.686087289534203,1.0,0.0,0.0,NO ALERT,NO ALERT,20260911,12
watershed,A01SUU16,Watershed A01SUU16,Indus (Up to border) Basin,Sutlaj Upper,474.19983647,0.0,0.0,1.0,0.0,0.0,NO ALERT,NO ALERT,20260911,12
watershed,A01SUU17,Watershed A01SUU17,Indus (Up to border) Basin,Sutlaj Upper,776.97581842,0.125,0.7105010981837364,3.0,0.375,0.0,NO ALERT,NO ALERT,20260911,12
watershed,A01SUU18,Watershed A01SUU18,Indus (Up to border) Basin,Sutlaj Upper,507.46109059,0.25,0.7612738613396475,3.0,0.75,0.0,NO ALERT,NO ALERT,20260911,12
watershed,A01SUU19,Watershed A01SUU19,Indus (Up to border) Basin,Sutlaj Upper,833.66857354,1.625,0.8891140243574365,0.5471470919122686,0.8891140243574365,0.0,NO ALERT,NO ALERT,20260911,12
watershed,A01SUU20,Watershed A01SUU20,Indus (Up to border) Basin,Sutlaj Upper,722.20689209,4.0,2.2436360298770746,0.5609090074692686,2.2436360298770746,0.0,NO ALERT,NO ALERT,20260911,12
watershed,A01SUU21,Watershed A01SUU21,Indus (Up to border) Basin,Sutlaj Upper,841.56085288,1.0625,1.0376739071044203,0.9766342655100426,1.0376739071044203,0.0,NO ALERT,NO ALERT,20260911,12
watershed,A01SUU22,Watershed A01SUU22,Indus (Up to border) Basin,Sutlaj Upper,837.14482468,1.4375,1.619834169031006,1.1268411610650477,1.619834169031006,0.0,NO ALERT,NO ALERT,20260911,12
watershed,A01SUU23,Watershed A01SUU23,Indus (Up to border) Basin,Sutlaj Upper,893.7621817,5.625,2.660258119869722,0.4729347768657283,2.660258119869722,0.0,NO ALERT,NO ALERT,20260911,12
watershed,A01SUU24,Watershed A01SUU24,Indus (Up to border) Basin,Sutlaj Upper,812.82464136,0.0,0.0,1.0,0.0,0.0,NO ALERT,NO ALERT,20260911,12
watershed,A01SUU25,Watershed A01SUU25,Indus (Up to border) Basin,Sutlaj Upper,705.21441661,6.4375,3.6557875650488354,0.5678893304930229,3.655787565048835,0.0,NO ALERT,NO ALERT,20260911,12
watershed,A01SUU26,Watershed A01SUU26,Indus (Up to border) Basin,Sutlaj Upper,830.66499471,3.5625,5.886030304044077,1.6522190327141268,5.886030304044077,0.0,NO ALERT,NO ALERT,20260911,12
watershed,A01SUU27,Watershed A01SUU27,Indus (Up to border) Basin,Sutlaj Upper,601.17939184,0.6875,5.470257925170742,3.0,2.0625,0.0,NO ALERT,NO ALERT,20260911,12
watershed,A01SUU28,Watershed A01SUU28,Indus (Up to border) Basin,Sutlaj Upper,471.73241257,0.0,0.0,1.0,0.0,0.0,NO ALERT,NO ALERT,20260911,12
watershed,A01SUU29,Watershed A01SUU29,Indus (Up to border) Basin,Sutlaj Upper,634.33603596,0.0625,5.13370181091436,1.0,0.0625,0.0,NO ALERT,NO ALERT,20260911,12
watershed,A01SUU30,Watershed A01SUU30,Indus (Up to border) Basin,Sutlaj Upper,676.8496975,1.4375,4.7418685797959155,3.0,4.3125,0.0,NO ALERT,NO ALERT,20260911,12
watershed,A01SUU31,Watershed A01SUU31,Indus (Up to border) Basin,Sutlaj Upper,712.12943746,0.0625,4.946684296939471,1.0,0.0625,0.0,NO ALERT,NO ALERT,20260911,12
watershed,A01UIN01,Watershed A01UIN01,Indus (Up to border) Basin,Upper Indus,590.49580093,0.0625,0.545743876695633,1.0,0.0625,0.0,NO ALERT,NO ALERT,20260911,12
watershed,A01UIN02,Watershed A01UIN02,Indus (Up to border) Basin,Upper Indus,578.39496588,0.0,0.5608257214092228,1.0,0.0,0.0,NO ALERT,NO ALERT,20260911,12
watershed,A01UIN03,Watershed A01UIN03,Indus (Up to border) Basin,Upper Indus,687.87353262,0.1875,0.5454986371406138,2.90932606474994,0.5454986371406138,0.0,NO ALERT,NO ALERT,20260911,12
watershed,A01UIN04,Watershed A01UIN04,Indus (Up to border) Basin,Upper Indus,686.18996661,0.0,0.0,1.0,0.0,0.0,NO ALERT,NO ALERT,20260911,12
watershed,A01UIN05,Watershed A01UIN05,Indus (Up to border) Basin,Upper Indus,441.38185201,0.375,0.5568656633978021,1.4849751023941389,0.5568656633978021,0.0,NO ALERT,NO ALERT,20260911,12
watershed,A01UIN06,Watershed A01UIN06,Indus (Up to border) Basin,Upper Indus,504.30604239,0.0,0.0,1.0,0.0,0.0,NO ALERT,NO ALERT,20260911,12
watershed,A01UIN07,Watershed A01UIN07,Indus (Up to border) Basin,Upper Indus,394.30475534,0.0,0.0,1.0,0.0,0.0,NO ALERT,NO ALERT,20260911,12
watershed,A01UIN08,Watershed A01UIN08,Indus (Up to border) Basin,Upper Indus,659.13087443,0.25,0.6156968551241372,2.4627874204965488,0.6156968551241372,0.0,NO ALERT,NO ALERT,20260911,12
watershed,A01UIN09,Watershed A01UIN09,Indus (Up to border) Basin,Upper Indus,753.51514569,0.0,0.585282665266566,1.0,0.0,0.0,NO ALERT,NO ALERT,20260911,12
watershed,A01UIN10,Watershed A01UIN10,Indus (Up to border) Basin,Upper Indus,772.33033632,0.0,0.6853350905522908,1.0,0.0,0.0,NO ALERT,NO ALERT,20260911,12
watershed,A01UIN11,Watershed A01UIN11,Indus (Up to border) Basin,Upper Indus,624.16089826,0.0,0.7872047451567159,1.0,0.0,0.0,NO ALERT,NO ALERT,20260911,12
watershed,A01UIN12,Watershed A01UIN12,Indus (Up to border) Basin,Upper Indus,549.7035846,0.0625,0.9053324559371765,1.0,0.0625,0.0,NO ALERT,NO ALERT,20260911,12
watershed,A01UIN13,Watershed A01UIN13,Indus (Up to border) Basin,Upper Indus,859.19717634,0.03125,0.8569327818102217,1.0,0.03125,0.0,NO ALERT,NO ALERT,20260911,12
watershed,A01UIN14,Watershed A01UIN14,Indus (Up to border) Basin,Upper Indus,727.10256247,0.0,0.6231789611994404,1.0,0.0,0.0,NO ALERT,NO ALERT,20260911,12
watershed,A01UIN15,Watershed A01UIN15,Indus (Up to border) Basin,Upper Indus,718.65550807,0.0,0.649465361237526,1.0,0.0,0.0,NO ALERT,NO ALERT,20260911,12
watershed,A01UIN16,Watershed A01UIN16,Indus (Up to border) Basin,Upper Indus,527.40939851,0.0,0.5023007962393434,1.0,0.0,0.0,NO ALERT,NO ALERT,20260911,12
watershed,A01UIN17,Watershed A01UIN17,Indus (Up to border) Basin,Upper Indus,707.41761682,0.03125,0.5758405043143933,1.0,0.03125,0.0,NO ALERT,NO ALERT,20260911,12
watershed,A01UIN18,Watershed A01UIN18,Indus (Up to border) Basin,Upper Indus,881.45107399,0.0,0.0,1.0,0.0,0.0,NO ALERT,NO ALERT,20260911,12
watershed,A01UIN19,Watershed A01UIN19,Indus (Up to border) Basin,Upper Indus,736.9742173,0.03125,0.4972036413746337,1.0,0.03125,0.0,NO ALERT,NO ALERT,20260911,12
watershed,A01UIN20,Watershed A01UIN20,Indus (Up to border) Basin,Upper Indus,645.87937996,0.0,0.4806947208022418,1.0,0.0,0.0,NO ALERT,NO ALERT,20260911,12
watershed,A01UIN21,Watershed A01UIN21,Indus (Up to border) Basin,Upper Indus,769.86350158,0.09375,0.49289773098409995,1.0,0.09375,0.0,NO ALERT,NO ALERT,20260911,12
watershed,A01UIN22,Watershed A01UIN22,Indus (Up to border) Basin,Upper Indus,624.10049439,0.0625,0.7987900354070206,1.0,0.0625,0.0,NO ALERT,NO ALERT,20260911,12
watershed,A01UIN23,Watershed A01UIN23,Indus (Up to border) Basin,Upper Indus,900.5234368,0.25,0.6472801758818431,2.5891207035273722,0.6472801758818431,0.0,NO ALERT,NO ALERT,20260911,12
watershed,A01UIN24,Watershed A01UIN24,Indus (Up to border) Basin,Upper Indus,535.97340759,0.25,1.9112446316301006,3.0,0.75,0.0,NO ALERT,NO ALERT,20260911,12
watershed,A01UIN25,Watershed A01UIN25,Indus (Up to border) Basin,Upper Indus,530.17238962,0.0,0.0,1.0,0.0,0.0,NO ALERT,NO ALERT,20260911,12
watershed,A01UIN26,Watershed A01UIN26,Indus (Up to border) Basin,Upper Indus,828.62845753,0.375,2.2140418899794145,3.0,1.125,0.0,NO ALERT,NO ALERT,20260911,12
watershed,A01UIN27,Watershed A01UIN27,Indus (Up to border) Basin,Upper Indus,612.1915023,0.0,0.0,1.0,0.0,0.0,NO ALERT,NO ALERT,20260911,12
watershed,A01UIN28,Watershed A01UIN28,Indus (Up to border) Basin,Upper Indus,973.92166713,0.3125,0.9278454795479775,2.969105534553528,0.9278454795479775,0.0,NO ALERT,NO ALERT,20260911,12
watershed,A01UIN29,Watershed A01UIN29,Indus (Up to border) Basin,Upper Indus,667.6806806,0.1875,1.1085736305133937,3.0,0.5625,0.0,NO ALERT,NO ALERT,20260911,12
watershed,A01UIN30,Watershed A01UIN30,Indus (Up to border) Basin,Upper Indus,884.32075551,0.5,1.8524217117935011,3.0,1.5,0.0,NO ALERT,NO ALERT,20260911,12
watershed,A01UIN31,Watershed A01UIN31,Indus (Up to border) Basin,Upper Indus,591.94728611,0.0,1.401045970292124,1.0,0.0,0.0,NO ALERT,NO ALERT,20260911,12
watershed,A01UIN32,Watershed A01UIN32,Indus (Up to border) Basin,Upper Indus,606.90995983,0.0625,0.9542199459998575,1.0,0.0625,0.0,NO ALERT,NO ALERT,20260911,12
watershed,A01UIN33,Watershed A01UIN33,Indus (Up to border) Basin,Upper Indus,547.06413344,0.0,1.9278145330817733,1.0,0.0,0.0,NO ALERT,NO ALERT,20260911,12
watershed,A01UIN34,Watershed A01UIN34,Indus (Up to border) Basin,Upper Indus,810.43442122,0.21875,2.8812170362839957,3.0,0.65625,0.0,NO ALERT,NO ALERT,20260911,12
watershed,A01UIN35,Watershed A01UIN35,Indus (Up to border) Basin,Upper Indus,560.06330223,0.0,2.8313819845449433,1.0,0.0,0.0,NO ALERT,NO ALERT,20260911,12
watershed,A01UIN36,Watershed A01UIN36,Indus (Up to border) Basin,Upper Indus,400.27882558,0.0,0.0,1.0,0.0,0.0,NO ALERT,NO ALERT,20260911,12
watershed,A01UIN37,Watershed A01UIN37,Indus (Up to border) Basin,Upper Indus,591.66913457,0.0,0.0,1.0,0.0,0.0,NO ALERT,NO ALERT,20260911,12
watershed,A01UIN38,Watershed A01UIN38,Indus (Up to border) Basin,Upper Indus,626.87833428,0.0,1.3443289896804993,1.0,0.0,0.0,NO ALERT,NO ALERT,20260911,12
watershed,A01UIN39,Watershed A01UIN39,Indus (Up to border) Basin,Upper Indus,772.59727503,0.0,1.7171022890569412,1.0,0.0,0.0,NO ALERT,NO ALERT,20260911,12
watershed,A01UIN40,Watershed A01UIN40,Indus (Up to border) Basin,Upper Indus,714.31403642,0.0,1.2153516964553153,1.0,0.0,0.0,NO ALERT,NO ALERT,20260911,12
watershed,A01UIN41,Watershed A01UIN41,Indus (Up to border) Basin,Upper Indus,754.13696427,0.0,0.5802010735012081,1.0,0.0,0.0,NO ALERT,NO ALERT,20260911,12
watershed,A01UIN42,Watershed A01UIN42,Indus (Up to border) Basin,Upper Indus,874.7231818,0.03125,0.5269170405215596,1.0,0.03125,0.0,NO ALERT,NO ALERT,20260911,12
watershed,A01UIN43,Watershed A01UIN43,Indus (Up to border) Basin,Upper Indus,488.77438733,0.0,0.0,1.0,0.0,0.0,NO ALERT,NO ALERT,20260911,12
watershed,A01UIN44,Watershed A01UIN44,Indus (Up to border) Basin,Upper Indus,811.88818532,0.0,0.44428294917492017,1.0,0.0,0.0,NO ALERT,NO ALERT,20260911,12
watershed,A01UIN45,Watershed A01UIN45,Indus (Up to border) Basin,Upper Indus,952.52806168,0.0,0.42557959997490663,1.0,0.0,0.0,NO ALERT,NO ALERT,20260911,12
watershed,A01UIN46,Watershed A01UIN46,Indus (Up to border) Basin,Upper Indus,648.3013775,0.0,0.4032304484856455,1.0,0.0,0.0,NO ALERT,NO ALERT,20260911,12
watershed,A01UIN47,Watershed A01UIN47,Indus (Up to border) Basin,Upper Indus,546.49502411,0.0625,0.4188781743180262,1.0,0.0625,0.0,NO ALERT,NO ALERT,20260911,12
watershed,A01UIN48,Watershed A01UIN48,Indus (Up to border) Basin,Upper Indus,564.70564231,0.0,0.0,1.0,0.0,0.0,NO ALERT,NO ALERT,20260911,12
watershed,A01UIN49,Watershed A01UIN49,Indus (Up to border) Basin,Upper Indus,885.38794302,0.0,0.5189507100680103,1.0,0.0,0.0,NO ALERT,NO ALERT,20260911,12
watershed,A01UIN50,Watershed A01UIN50,Indus (Up to border) Basin,Upper Indus,748.11841333,0.03125,0.5261132890128926,1.0,0.03125,0.0,NO ALERT,NO ALERT,20260911,12
watershed,A01UIN51,Watershed A01UIN51,Indus (Up to border) Basin,Upper Indus,383.02105365,0.0625,0.446372797391186,1.0,0.0625,0.0,NO ALERT,NO ALERT,20260911,12
watershed,A01UIN52,Watershed A01UIN52,Indus (Up to border) Basin,Upper Indus,600.5505157,0.0,0.556371109595854,1.0,0.0,0.0,NO ALERT,NO ALERT,20260911,12
watershed,A01UIN53,Watershed A01UIN53,Indus (Up to border) Basin,Upper Indus,524.3919114,0.0,0.47938628615173573,1.0,0.0,0.0,NO ALERT,NO ALERT,20260911,12
watershed,A01UIN54,Watershed A01UIN54,Indus (Up to border) Basin,Upper Indus,786.50278974,0.09375,1.1515907149098508,1.0,0.09375,0.0,NO ALERT,NO ALERT,20260911,12
watershed,A01UIN55,Watershed A01UIN55,Indus (Up to border) Basin,Upper Indus,730.33524743,0.0,0.0,1.0,0.0,0.0,NO ALERT,NO ALERT,20260911,12
watershed,A01UIN56,Watershed A01UIN56,Indus (Up to border) Basin,Upper Indus,616.88625687,0.0625,0.7408414198009119,1.0,0.0625,0.0,NO ALERT,NO ALERT,20260911,12
watershed,A01UIN57,Watershed A01UIN57,Indus (Up to border) Basin,Upper Indus,702.59139151,0.0,0.0,1.0,0.0,0.0,NO ALERT,NO ALERT,20260911,12
watershed,A01UIN58,Watershed A01UIN58,Indus (Up to border) Basin,Upper Indus,587.818428,0.125,2.2589704961401145,3.0,0.375,0.0,NO ALERT,NO ALERT,20260911,12
watershed,A01UIN59,Watershed A01UIN59,Indus (Up to border) Basin,Upper Indus,414.70406756,0.0,1.4375371712731988,1.0,0.0,0.0,NO ALERT,NO ALERT,20260911,12
watershed,A01UIN60,Watershed A01UIN60,Indus (Up to border) Basin,Upper Indus,641.348626,0.0,0.9239059356657883,1.0,0.0,0.0,NO ALERT,NO ALERT,20260911,12
watershed,A01UIN61,Watershed A01UIN61,Indus (Up to border) Basin,Upper Indus,800.22102269,0.0,0.0,1.0,0.0,0.0,NO ALERT,NO ALERT,20260911,12
watershed,A01UIN62,Watershed A01UIN62,Indus (Up to border) Basin,Upper Indus,676.43649674,0.0,0.0,1.0,0.0,0.0,NO ALERT,NO ALERT,20260911,12
watershed,A01UIN63,Watershed A01UIN63,Indus (Up to border) Basin,Upper Indus,727.04892868,0.0,0.0,1.0,0.0,0.0,NO ALERT,NO ALERT,20260911,12
watershed,A01UIN64,Watershed A01UIN64,Indus (Up to border) Basin,Upper Indus,585.48271828,0.03125,1.4564102214493164,1.0,0.03125,0.0,NO ALERT,NO ALERT,20260911,12
watershed,A01UIN65,Watershed A01UIN65,Indus (Up to border) Basin,Upper Indus,674.91259228,0.0,0.9992884526003714,1.0,0.0,0.0,NO ALERT,NO ALERT,20260911,12
watershed,A01UIN66,Watershed A01UIN66,Indus (Up to border) Basin,Upper Indus,385.5792846,0.0,0.0,1.0,0.0,0.0,NO ALERT,NO ALERT,20260911,12
watershed,A01UIN67,Watershed A01UIN67,Indus (Up to border) Basin,Upper Indus,618.90487992,0.0,0.7237606972455979,1.0,0.0,0.0,NO ALERT,NO ALERT,20260911,12
watershed,A01UIN68,Watershed A01UIN68,Indus (Up to border) Basin,Upper Indus,847.14162522,0.0,0.5450337198907382,1.0,0.0,0.0,NO ALERT,NO ALERT,20260911,12
watershed,A01UIN69,Watershed A01UIN69,Indus (Up to border) Basin,Upper Indus,720.10195201,0.0,0.6076099648663442,1.0,0.0,0.0,NO ALERT,NO ALERT,20260911,12
watershed,A01UIN70,Watershed A01UIN70,Indus (Up to border) Basin,Upper Indus,555.67971833,0.0,0.7587104567517973,1.0,0.0,0.0,NO ALERT,NO ALERT,20260911,12
watershed,B10MHL01,Watershed B10MHL01,Mahi Basin,Mahi Lower,545.056457,1.3125,2.1516365695489594,1.6393421482277786,2.1516365695489594,0.0,NO ALERT,NO ALERT,20260911,12
watershed,B10MHL02,Watershed B10MHL02,Mahi Basin,Mahi Lower,467.4221712,1.0,2.4530488515145157,2.4530488515145157,2.4530488515145157,0.0,NO ALERT,NO ALERT,20260911,12
watershed,B10MHL03,Watershed B10MHL03,Mahi Basin,Mahi Lower,489.15916112,0.0,0.0,1.0,0.0,0.0,NO ALERT,NO ALERT,20260911,12
watershed,B10MHL04,Watershed B10MHL04,Mahi Basin,Mahi Lower,756.49101249,0.90625,2.7468990250605425,3.0,2.71875,0.0,NO ALERT,NO ALERT,20260911,12
watershed,B10MHL05,Watershed B10MHL05,Mahi Basin,Mahi Lower,371.05019095,0.0,0.0,1.0,0.0,0.0,NO ALERT,NO ALERT,20260911,12
watershed,B10MHL06,Watershed B10MHL06,Mahi Basin,Mahi Lower,730.059272,0.46875,3.0966359823329808,3.0,1.40625,0.0,NO ALERT,NO ALERT,20260911,12
watershed,B10MHL07,Watershed B10MHL07,Mahi Basin,Mahi Lower,493.89720009,0.125,3.4683207050169984,3.0,0.375,0.0,NO ALERT,NO ALERT,20260911,12
watershed,B10MHL08,Watershed B10MHL08,Mahi Basin,Mahi Lower,546.57188436,0.0,0.0,1.0,0.0,0.0,NO ALERT,NO ALERT,20260911,12
watershed,B10MHL09,Watershed B10MHL09,Mahi Basin,Mahi Lower,811.35441796,0.0,0.0,1.0,0.0,0.0,NO ALERT,NO ALERT,20260911,12
watershed,B10MHL10,Watershed B10MHL10,Mahi Basin,Mahi Lower,615.90973214,1.5,3.716083074167167,2.4773887161114447,3.716083074167167,0.0,NO ALERT,NO ALERT,20260911,12
watershed,B10MHL11,Watershed B10MHL11,Mahi Basin,Mahi Lower,829.43635587,1.0,3.0329129125361574,3.0,3.0,0.0,NO ALERT,NO ALERT,20260911,12
watershed,B10MHL12,Watershed B10MHL12,Mahi Basin,Mahi Lower,872.94248095,0.65625,3.0388781390982134,3.0,1.96875,0.0,NO ALERT,NO ALERT,20260911,12
watershed,B10MHL13,Watershed B10MHL13,Mahi Basin,Mahi Lower,594.41379579,0.0,2.8652663385827246,1.0,0.0,0.0,NO ALERT,NO ALERT,20260911,12
watershed,B10MHL14,Watershed B10MHL14,Mahi Basin,Mahi Lower,540.20284495,2.1875,3.1752602931163083,1.4515475625674552,3.1752602931163083,0.0,NO ALERT,NO ALERT,20260911,12
watershed,B10MHL15,Watershed B10MHL15,Mahi Basin,Mahi Lower,678.07380895,0.375,2.817026312057286,3.0,1.125,0.0,NO ALERT,NO ALERT,20260911,12
watershed,B10MHL16,Watershed B10MHL16,Mahi Basin,Mahi Lower,665.09722899,1.25,4.3071916066212195,3.0,3.75,0.0,NO ALERT,NO ALERT,20260911,12
watershed,B10MHL17,Watershed B10MHL17,Mahi Basin,Mahi Lower,587.45746177,0.0,0.0,1.0,0.0,0.0,NO ALERT,NO ALERT,20260911,12
watershed,B10MHL18,Watershed B10MHL18,Mahi Basin,Mahi Lower,491.63216849,0.0,0.0,1.0,0.0,0.0,NO ALERT,NO ALERT,20260911,12
watershed,B10MHL19,Watershed B10MHL19,Mahi Basin,Mahi Lower,497.45889546,0.5625,3.395594202043259,3.0,1.6875,0.0,NO ALERT,NO ALERT,20260911,12
watershed,B10MHL20,Watershed B10MHL20,Mahi Basin,Mahi Lower,758.87577352,0.0,1.4535659380155066,1.0,0.0,0.0,NO ALERT,NO ALERT,20260911,12
watershed,B10MHL21,Watershed B10MHL21,Mahi Basin,Mahi Lower,372.28379419,0.0,0.0,1.0,0.0,0.0,NO ALERT,NO ALERT,20260911,12
watershed,B10MHL22,Watershed B10MHL22,Mahi Basin,Mahi Lower,662.15649189,0.0,0.0,1.0,0.0,0.0,NO ALERT,NO ALERT,20260911,12
watershed,B10MHU01,Watershed B10MHU01,Mahi Basin,Mahi Upper,903.83181675,7.25,3.10314045219797,0.4280193727169614,3.10314045219797,0.0,NO ALERT,NO ALERT,20260911,12
watershed,B10MHU02,Watershed B10MHU02,Mahi Basin,Mahi Upper,467.3533924,14.75,3.1048040817861686,0.3,4.425,0.0,NO ALERT,NO ALERT,20260911,12
watershed,B10MHU03,Watershed B10MHU03,Mahi Basin,Mahi Upper,467.69143518,10.625,3.6894458803820283,0.3472419652124262,3.6894458803820283,0.0,NO ALERT,NO ALERT,20260911,12
watershed,B10MHU04,Watershed B10MHU04,Mahi Basin,Mahi Upper,597.36650541,11.125,4.161712711355458,0.374086535852176,4.161712711355458,0.0,NO ALERT,NO ALERT,20260911,12
watershed,B10MHU05,Watershed B10MHU05,Mahi Basin,Mahi Upper,451.36463573,7.1875,3.455376947252718,0.4807480970090738,3.455376947252718,0.0,NO ALERT,NO ALERT,20260911,12
watershed,B10MHU06,Watershed B10MHU06,Mahi Basin,Mahi Upper,909.50293771,5.3125,5.075926611378585,0.9554685386124395,5.075926611378585,0.0,NO ALERT,NO ALERT,20260911,12
watershed,B10MHU07,Watershed B10MHU07,Mahi Basin,Mahi Upper,642.92779752,0.0,0.0,1.0,0.0,0.0,NO ALERT,NO ALERT,20260911,12
watershed,B10MHU08,Watershed B10MHU08,Mahi Basin,Mahi Upper,485.46727988,9.5625,3.700431933223385,0.3869732740625762,3.700431933223385,0.0,NO ALERT,NO ALERT,20260911,12
watershed,B10MHU09,Watershed B10MHU09,Mahi Basin,Mahi Upper,709.18221154,9.5,4.947526395443368,0.5207922521519335,4.947526395443368,0.0,NO ALERT,NO ALERT,20260911,12
watershed,B10MHU10,Watershed B10MHU10,Mahi Basin,Mahi Upper,387.66848467,4.125,3.5186473639044045,0.8530054215525829,3.5186473639044045,0.0,NO ALERT,NO ALERT,20260911,12
watershed,B10MHU11,Watershed B10MHU11,Mahi Basin,Mahi Upper,418.24346379,5.4375,3.6082965062905665,0.6635947597775754,3.6082965062905665,0.0,NO ALERT,NO ALERT,20260911,12
watershed,B10MHU12,Watershed B10MHU12,Mahi Basin,Mahi Upper,953.44141114,8.125,2.7288817591454886,0.33586237035636785,2.7288817591454886,0.0,NO ALERT,NO ALERT,20260911,12
watershed,B10MHU13,Watershed B10MHU13,Mahi Basin,Mahi Upper,729.5070862,5.625,3.405636135907206,0.605446424161281,3.405636135907206,0.0,NO ALERT,NO ALERT,20260911,12
watershed,B10MHU14,Watershed B10MHU14,Mahi Basin,Mahi Upper,584.60499718,3.0,3.043486020948789,1.014495340316263,3.043486020948789,0.0,NO ALERT,NO ALERT,20260911,12
watershed,B10MHU15,Watershed B10MHU15,Mahi Basin,Mahi Upper,556.17551641,4.5,3.11423338706771,0.6920518637928245,3.11423338706771,0.0,NO ALERT,NO ALERT,20260911,12
watershed,B10MHU16,Watershed B10MHU16,Mahi Basin,Mahi Upper,573.92540228,1.4375,3.7507487045983745,2.609216490155391,3.7507487045983745,0.0,NO ALERT,NO ALERT,20260911,12
watershed,B10MHU17,Watershed B10MHU17,Mahi Basin,Mahi Upper,709.96679815,0.875,2.4286810209081597,2.775635452466468,2.4286810209081597,0.0,NO ALERT,NO ALERT,20260911,12
watershed,B10MHU18,Watershed B10MHU18,Mahi Basin,Mahi Upper,766.71551684,7.875,2.769358107406799,0.3516645215754665,2.769358107406799,0.0,NO ALERT,NO ALERT,20260911,12
watershed,B10MHU19,Watershed B10MHU19,Mahi Basin,Mahi Upper,654.17464059,5.0,2.873587177908176,0.5747174355816351,2.873587177908176,0.0,NO ALERT,NO ALERT,20260911,12
watershed,B10MHU20,Watershed B10MHU20,Mahi Basin,Mahi Upper,330.18013657,6.375,2.6806687878419275,0.42049706475951804,2.6806687878419275,0.0,NO ALERT,NO ALERT,20260911,12
watershed,B10MHU21,Watershed B10MHU21,Mahi Basin,Mahi Upper,919.38991604,3.375,2.3420630214557256,0.6939445989498446,2.3420630214557256,0.0,NO ALERT,NO ALERT,20260911,12
watershed,B10MHU22,Watershed B10MHU22,Mahi Basin,Mahi Upper,644.06994936,0.0,0.0,1.0,0.0,0.0,NO ALERT,NO ALERT,20260911,12
watershed,B10MHU23,Watershed B10MHU23,Mahi Basin,Mahi Upper,731.98108874,1.5,3.202695015562724,2.1351300103751494,3.202695015562724,0.0,NO ALERT,NO ALERT,20260911,12
watershed,B10MHU24,Watershed B10MHU24,Mahi Basin,Mahi Upper,748.12369809,2.71875,3.620074325973449,1.331521591162648,3.620074325973449,0.0,NO ALERT,NO ALERT,20260911,12
watershed,B10MHU25,Watershed B10MHU25,Mahi Basin,Mahi Upper,873.22092915,0.0,0.0,1.0,0.0,0.0,NO ALERT,NO ALERT,20260911,12
watershed,B10MHU26,Watershed B10MHU26,Mahi Basin,Mahi Upper,386.35666992,0.875,3.1742115388177847,3.0,2.625,0.0,NO ALERT,NO ALERT,20260911,12
watershed,B10MHU27,Watershed B10MHU27,Mahi Basin,Mahi Upper,582.86107733,0.375,2.8395782687484403,3.0,1.125,0.0,NO ALERT,NO ALERT,20260911,12
watershed,B10MHU28,Watershed B10MHU28,Mahi Basin,Mahi Upper,787.54898241,0.3125,2.5655136014296582,3.0,0.9375,0.0,NO ALERT,NO ALERT,20260911,12
watershed,B10MHU29,Watershed B10MHU29,Mahi Basin,Mahi Upper,523.75594799,3.5625,3.510719105397185,0.9854650120413151,3.510719105397185,0.0,NO ALERT,NO ALERT,20260911,12
watershed,B10MHU30,Watershed B10MHU30,Mahi Basin,Mahi Upper,681.50711172,4.375,3.178584698638687,0.7265336454031285,3.178584698638687,0.0,NO ALERT,NO ALERT,20260911,12
watershed,B10MHU31,Watershed B10MHU31,Mahi Basin,Mahi Upper,389.81848282,0.0,0.0,1.0,0.0,0.0,NO ALERT,NO ALERT,20260911,12
watershed,B10MHU32,Watershed B10MHU32,Mahi Basin,Mahi Upper,572.80951215,4.625,3.326107112532609,0.7191582946016452,3.326107112532609,0.0,NO ALERT,NO ALERT,20260911,12
watershed,B10MHU33,Watershed B10MHU33,Mahi Basin,Mahi Upper,595.2432035,4.5625,3.0799632590110986,0.6750604403311997,3.0799632590110986,0.0,NO ALERT,NO ALERT,20260911,12
watershed,B10MHU34,Watershed B10MHU34,Mahi Basin,Mahi Upper,569.53955572,3.3125,2.8083248149246387,0.8477961705432872,2.8083248149246387,0.0,NO ALERT,NO ALERT,20260911,12
watershed,B10MHU35,Watershed B10MHU35,Mahi Basin,Mahi Upper,437.06114514,0.0,0.0,1.0,0.0,0.0,NO ALERT,NO ALERT,20260911,12
watershed,B10MHU36,Watershed B10MHU36,Mahi Basin,Mahi Upper,581.92051644,2.8125,3.426332051460057,1.218251396074687,3.426332051460057,0.0,NO ALERT,NO ALERT,20260911,12
watershed,B10MHU37,Watershed B10MHU37,Mahi Basin,Mahi Upper,716.44938564,1.875,3.263836405293582,1.7407127494899106,3.263836405293582,0.0,NO ALERT,NO ALERT,20260911,12
watershed,B10MHU38,Watershed B10MHU38,Mahi Basin,Mahi Upper,403.638041,0.0,0.0,1.0,0.0,0.0,NO ALERT,NO ALERT,20260911,12
watershed,B10MHU39,Watershed B10MHU39,Mahi Basin,Mahi Upper,391.79789363,0.4375,2.523569287788378,3.0,1.3125,0.0,NO ALERT,NO ALERT,20260911,12
watershed,B10MHU40,Watershed B10MHU40,Mahi Basin,Mahi Upper,722.72999955,1.25,3.7942030268989195,3.0,3.75,0.0,NO ALERT,NO ALERT,20260911,12
watershed,B10MHU41,Watershed B10MHU41,Mahi Basin,Mahi Upper,400.69008383,0.0,0.0,1.0,0.0,0.0,NO ALERT,NO ALERT,20260911,12
watershed,B11SAL01,Watershed B11SAL01,Sabarmati Basin,Sabarmati Lower,969.11099273,0.65625,2.9323379394942766,3.0,1.96875,0.0,NO ALERT,NO ALERT,20260911,12
watershed,B11SAL02,Watershed B11SAL02,Sabarmati Basin,Sabarmati Lower,704.83936298,0.25,2.07479544157443,3.0,0.75,0.0,NO ALERT,NO ALERT,20260911,12
watershed,B11SAL03,Watershed B11SAL03,Sabarmati Basin,Sabarmati Lower,649.55610857,0.0,1.9859760016202928,1.0,0.0,0.0,NO ALERT,NO ALERT,20260911,12
watershed,B11SAL04,Watershed B11SAL04,Sabarmati Basin,Sabarmati Lower,397.55300894,0.0,0.0,1.0,0.0,0.0,NO ALERT,NO ALERT,20260911,12
watershed,B11SAL05,Watershed B11SAL05,Sabarmati Basin,Sabarmati Lower,571.53940084,0.5,2.1206143138955715,3.0,1.5,0.0,NO ALERT,NO ALERT,20260911,12
watershed,B11SAL06,Watershed B11SAL06,Sabarmati Basin,Sabarmati Lower,449.65796355,0.0,1.701041447912177,1.0,0.0,0.0,NO ALERT,NO ALERT,20260911,12
watershed,B11SAL07,Watershed B11SAL07,Sabarmati Basin,Sabarmati Lower,733.83914155,0.0,0.0,1.0,0.0,0.0,NO ALERT,NO ALERT,20260911,12
watershed,B11SAL08,Watershed B11SAL08,Sabarmati Basin,Sabarmati Lower,562.80531775,0.0,1.937038534308133,1.0,0.0,0.0,NO ALERT,NO ALERT,20260911,12
watershed,B11SAL09,Watershed B11SAL09,Sabarmati Basin,Sabarmati Lower,551.33538053,0.3125,2.7566482643558556,3.0,0.9375,0.0,NO ALERT,NO ALERT,20260911,12
watershed,B11SAL10,Watershed B11SAL10,Sabarmati Basin,Sabarmati Lower,698.8971546,0.0,0.0,1.0,0.0,0.0,NO ALERT,NO ALERT,20260911,12
watershed,B11SAL11,Watershed B11SAL11,Sabarmati Basin,Sabarmati Lower,669.83017571,0.0,2.246410614374566,1.0,0.0,0.0,NO ALERT,NO ALERT,20260911,12
watershed,B11SAL12,Watershed B11SAL12,Sabarmati Basin,Sabarmati Lower,409.94901444,0.0,2.0150339840617897,1.0,0.0,0.0,NO ALERT,NO ALERT,20260911,12
watershed,B11SAL13,Watershed B11SAL13,Sabarmati Basin,Sabarmati Lower,986.46116552,0.4375,1.9258464306695005,3.0,1.3125,0.0,NO ALERT,NO ALERT,20260911,12
watershed,B11SAL14,Watershed B11SAL14,Sabarmati Basin,Sabarmati Lower,668.65369109,0.0,2.204688086248424,1.0,0.0,0.0,NO ALERT,NO ALERT,20260911,12
watershed,B11SAL15,Watershed B11SAL15,Sabarmati Basin,Sabarmati Lower,419.68935503,0.0,0.0,1.0,0.0,0.0,NO ALERT,NO ALERT,20260911,12
watershed,B11SAL16,Watershed B11SAL16,Sabarmati Basin,Sabarmati Lower,891.68573631,0.0,2.2126580817650443,1.0,0.0,0.0,NO ALERT,NO ALERT,20260911,12
watershed,B11SAL17,Watershed B11SAL17,Sabarmati Basin,Sabarmati Lower,529.91793009,0.0,2.5278628770619225,1.0,0.0,0.0,NO ALERT,NO ALERT,20260911,12
watershed,B11SAU01,Watershed B11SAU01,Sabarmati Basin,Sabarmati Upper,381.69784177,2.375,3.117937127408916,1.3128156325932276,3.117937127408916,0.0,NO ALERT,NO ALERT,20260911,12
watershed,B11SAU02,Watershed B11SAU02,Sabarmati Basin,Sabarmati Upper,748.79718788,5.3125,3.020534690193934,0.5685712358012112,3.0205346901939345,0.0,NO ALERT,NO ALERT,20260911,12
watershed,B11SAU03,Watershed B11SAU03,Sabarmati Basin,Sabarmati Upper,518.24669212,0.0,0.0,1.0,0.0,0.0,NO ALERT,NO ALERT,20260911,12
watershed,B11SAU04,Watershed B11SAU04,Sabarmati Basin,Sabarmati Upper,527.80040164,4.15625,3.204011913276698,0.770890084397401,3.204011913276698,0.0,NO ALERT,NO ALERT,20260911,12
watershed,B11SAU05,Watershed B11SAU05,Sabarmati Basin,Sabarmati Upper,469.34091379,0.0,0.0,1.0,0.0,0.0,NO ALERT,NO ALERT,20260911,12
watershed,B11SAU06,Watershed B11SAU06,Sabarmati Basin,Sabarmati Upper,601.1831147,0.0,0.0,1.0,0.0,0.0,NO ALERT,NO ALERT,20260911,12
watershed,B11SAU07,Watershed B11SAU07,Sabarmati Basin,Sabarmati Upper,600.996342,0.5,3.331501279179364,3.0,1.5,0.0,NO ALERT,NO ALERT,20260911,12
watershed,B11SAU08,Watershed B11SAU08,Sabarmati Basin,Sabarmati Upper,406.13626473,2.25,3.640608642974945,1.6180482857666423,3.640608642974945,0.0,NO ALERT,NO ALERT,20260911,12
watershed,B11SAU09,Watershed B11SAU09,Sabarmati Basin,Sabarmati Upper,825.61143341,0.28125,4.147951827392186,3.0,0.84375,0.0,NO ALERT,NO ALERT,20260911,12
watershed,B11SAU10,Watershed B11SAU10,Sabarmati Basin,Sabarmati Upper,487.50677041,0.0,0.0,1.0,0.0,0.0,NO ALERT,NO ALERT,20260911,12
watershed,B11SAU11,Watershed B11SAU11,Sabarmati Basin,Sabarmati Upper,481.29040971,0.5625,4.159550476604945,3.0,1.6875,0.0,NO ALERT,NO ALERT,20260911,12
watershed,B11SAU12,Watershed B11SAU12,Sabarmati Basin,Sabarmati Upper,485.1740607,0.0,0.0,1.0,0.0,0.0,NO ALERT,NO ALERT,20260911,12
watershed,B11SAU13,Watershed B11SAU13,Sabarmati Basin,Sabarmati Upper,726.69730952,1.75,3.665634350213286,2.094648200121878,3.6656343502132867,0.0,NO ALERT,NO ALERT,20260911,12
watershed,B11SAU14,Watershed B11SAU14,Sabarmati Basin,Sabarmati Upper,465.08868823,0.8125,2.8907423356624498,3.0,2.4375,0.0,NO ALERT,NO ALERT,20260911,12
watershed,B11SAU15,Watershed B11SAU15,Sabarmati Basin,Sabarmati Upper,607.38814195,0.0,2.5635136719742047,1.0,0.0,0.0,NO ALERT,NO ALERT,20260911,12
watershed,B11SAU16,Watershed B11SAU16,Sabarmati Basin,Sabarmati Upper,751.50153289,0.9375,2.6448373431620533,2.8211598327061904,2.6448373431620533,0.0,NO ALERT,NO ALERT,20260911,12
watershed,B11SAU17,Watershed B11SAU17,Sabarmati Basin,Sabarmati Upper,685.72318364,0.21875,3.584535088206399,3.0,0.65625,0.0,NO ALERT,NO ALERT,20260911,12
watershed,B11SAU18,Watershed B11SAU18,Sabarmati Basin,Sabarmati Upper,771.5619471,0.0,0.0,1.0,0.0,0.0,NO ALERT,NO ALERT,20260911,12
watershed,B11SAU19,Watershed B11SAU19,Sabarmati Basin,Sabarmati Upper,426.20787767,0.6875,3.9305162905013726,3.0,2.0625,0.0,NO ALERT,NO ALERT,20260911,12
watershed,B11SAU20,Watershed B11SAU20,Sabarmati Basin,Sabarmati Upper,393.10307206,0.0,0.0,1.0,0.0,0.0,NO ALERT,NO ALERT,20260911,12
watershed,B11SAU21,Watershed B11SAU21,Sabarmati Basin,Sabarmati Upper,828.33886479,0.375,3.0512035328231444,3.0,1.125,0.0,NO ALERT,NO ALERT,20260911,12
watershed,B11SAU22,Watershed B11SAU22,Sabarmati Basin,Sabarmati Upper,750.03393462,0.0,2.5116950594399072,1.0,0.0,0.0,NO ALERT,NO ALERT,20260911,12
watershed,B11SAU23,Watershed B11SAU23,Sabarmati Basin,Sabarmati Upper,651.72764407,0.34375,3.2735893358922983,3.0,1.03125,0.0,NO ALERT,NO ALERT,20260911,12
watershed,B11SAU24,Watershed B11SAU24,Sabarmati Basin,Sabarmati Upper,710.44613026,0.0,0.0,1.0,0.0,0.0,NO ALERT,NO ALERT,20260911,12
watershed,B11SAU25,Watershed B11SAU25,Sabarmati Basin,Sabarmati Upper,597.5753199,0.25,3.207480670001409,3.0,0.75,0.0,NO ALERT,NO ALERT,20260911,12
watershed,B11SAU26,Watershed B11SAU26,Sabarmati Basin,Sabarmati Upper,803.09771485,0.25,2.4729468711843228,3.0,0.75,0.0,NO ALERT,NO ALERT,20260911,12
watershed,B11SAU27,Watershed B11SAU27,Sabarmati Basin,Sabarmati Upper,669.2811976,0.53125,3.7558688045772786,3.0,1.59375,0.0,NO ALERT,NO ALERT,20260911,12
watershed,B11SAU28,Watershed B11SAU28,Sabarmati Basin,Sabarmati Upper,607.3531118,0.0,0.0,1.0,0.0,0.0,NO ALERT,NO ALERT,20260911,12
watershed,B11SAU29,Watershed B11SAU29,Sabarmati Basin,Sabarmati Upper,646.48805697,0.0,3.3213191539253275,1.0,0.0,0.0,NO ALERT,NO ALERT,20260911,12
watershed,B11SAU30,Watershed B11SAU30,Sabarmati Basin,Sabarmati Upper,436.4254007,0.0,3.368412648100559,1.0,0.0,0.0,NO ALERT,NO ALERT,20260911,12
watershed,B11SAU31,Watershed B11SAU31,Sabarmati Basin,Sabarmati Upper,465.78465889,0.0,0.0,1.0,0.0,0.0,NO ALERT,NO ALERT,20260911,12
watershed,B11SAU32,Watershed B11SAU32,Sabarmati Basin,Sabarmati Upper,313.37647907,0.0,0.0,1.0,0.0,0.0,NO ALERT,NO ALERT,20260911,12
watershed,B11SAU33,Watershed B11SAU33,Sabarmati Basin,Sabarmati Upper,358.14571859,0.0,2.907146166612024,1.0,0.0,0.0,NO ALERT,NO ALERT,20260911,12
watershed,B11SAU34,Watershed B11SAU34,Sabarmati Basin,Sabarmati Upper,614.14537827,0.0,0.0,1.0,0.0,0.0,NO ALERT,NO ALERT,20260911,12
watershed,B12NAL01,Watershed B12NAL01,Narmada Basin,Narmada Lower,628.37764901,3.5625,3.921849112090183,1.100869926200753,3.921849112090183,0.0,NO ALERT,NO ALERT,20260911,12
watershed,B12NAL02,Watershed B12NAL02,Narmada Basin,Narmada Lower,480.34329264,1.75,4.744829960126583,2.711331405786619,4.744829960126583,0.0,NO ALERT,NO ALERT,20260911,12
watershed,B12NAL03,Watershed B12NAL03,Narmada Basin,Narmada Lower,411.83397814,0.0,0.0,1.0,0.0,0.0,NO ALERT,NO ALERT,20260911,12
watershed,B12NAL04,Watershed B12NAL04,Narmada Basin,Narmada Lower,514.48062,0.0,0.0,1.0,0.0,0.0,NO ALERT,NO ALERT,20260911,12
watershed,B12NAL05,Watershed B12NAL05,Narmada Basin,Narmada Lower,563.86104682,1.53125,3.805139149378424,2.484988832247134,3.805139149378424,0.0,NO ALERT,NO ALERT,20260911,12
watershed,B12NAL06,Watershed B12NAL06,Narmada Basin,Narmada Lower,734.36419528,0.0,0.0,1.0,0.0,0.0,NO ALERT,NO ALERT,20260911,12
watershed,B12NAL07,Watershed B12NAL07,Narmada Basin,Narmada Lower,482.44440877,1.0625,3.7096078557510896,3.0,3.1875,0.0,NO ALERT,NO ALERT,20260911,12
watershed,B12NAL08,Watershed B12NAL08,Narmada Basin,Narmada Lower,385.73327157,0.0,0.0,1.0,0.0,0.0,NO ALERT,NO ALERT,20260911,12
watershed,B12NAL09,Watershed B12NAL09,Narmada Basin,Narmada Lower,750.24249157,2.25,3.1711305298217356,1.4093913465874381,3.1711305298217356,0.0,NO ALERT,NO ALERT,20260911,12
watershed,B12NAL10,Watershed B12NAL10,Narmada Basin,Narmada Lower,651.08893744,6.4375,5.945776471005727,0.9236157624863266,5.945776471005727,0.0,NO ALERT,NO ALERT,20260911,12
watershed,B12NAL11,Watershed B12NAL11,Narmada Basin,Narmada Lower,680.44577313,6.75,4.3073618643904386,0.6381276836133983,4.3073618643904386,0.0,NO ALERT,NO ALERT,20260911,12
watershed,B12NAL12,Watershed B12NAL12,Narmada Basin,Narmada Lower,495.02592986,0.0,0.0,1.0,0.0,0.0,NO ALERT,NO ALERT,20260911,12
watershed,B12NAL13,Watershed B12NAL13,Narmada Basin,Narmada Lower,564.46340741,4.3125,4.063866205207289,0.9423457867147338,4.063866205207289,0.0,NO ALERT,NO ALERT,20260911,12
watershed,B12NAL14,Watershed B12NAL14,Narmada Basin,Narmada Lower,599.61152109,0.0,0.0,1.0,0.0,0.0,NO ALERT,NO ALERT,20260911,12
watershed,B12NAL15,Watershed B12NAL15,Narmada Basin,Narmada Lower,653.76632175,0.375,3.4568062506922304,3.0,1.125,0.0,NO ALERT,NO ALERT,20260911,12
watershed,B12NAL16,Watershed B12NAL16,Narmada Basin,Narmada Lower,307.94135472,1.0,3.7977316786777484,3.0,3.0,0.0,NO ALERT,NO ALERT,20260911,12
watershed,B12NAM01,Watershed B12NAM01,Narmada Basin,Narmada Middle,535.76421701,10.6875,3.8675533414703525,0.3618763360440096,3.8675533414703525,0.0,NO ALERT,NO ALERT,20260911,12
watershed,B12NAM02,Watershed B12NAM02,Narmada Basin,Narmada Middle,691.51749693,6.3125,4.435437460978553,0.7026435581748204,4.435437460978553,0.0,NO ALERT,NO ALERT,20260911,12
watershed,B12NAM03,Watershed B12NAM03,Narmada Basin,Narmada Middle,432.6322684,12.75,4.006995243487292,0.3142741367441014,4.006995243487292,0.0,NO ALERT,NO ALERT,20260911,12
watershed,B12NAM04,Watershed B12NAM04,Narmada Basin,Narmada Middle,514.5912206,11.0,4.407295806277288,0.4006632551161171,4.407295806277288,0.0,NO ALERT,NO ALERT,20260911,12
watershed,B12NAM05,Watershed B12NAM05,Narmada Basin,Narmada Middle,674.76604908,7.5,4.096006041887688,0.5461341389183584,4.096006041887688,0.0,NO ALERT,NO ALERT,20260911,12
watershed,B12NAM06,Watershed B12NAM06,Narmada Basin,Narmada Middle,550.73299886,12.8125,3.9486765332009695,0.30818938795714884,3.9486765332009695,0.0,NO ALERT,NO ALERT,20260911,12
watershed,B12NAM07,Watershed B12NAM07,Narmada Basin,Narmada Middle,772.99611347,0.0,0.0,1.0,0.0,0.0,NO ALERT,NO ALERT,20260911,12
watershed,B12NAM08,Watershed B12NAM08,Narmada Basin,Narmada Middle,654.21604951,0.0,0.0,1.0,0.0,0.0,NO ALERT,NO ALERT,20260911,12
watershed,B12NAM09,Watershed B12NAM09,Narmada Basin,Narmada Middle,338.10622257,11.5,3.4235601715029103,0.3,3.4499999999999997,0.0,NO ALERT,NO ALERT,20260911,12
watershed,B12NAM10,Watershed B12NAM10,Narmada Basin,Narmada Middle,565.08760236,0.0,0.0,1.0,0.0,0.0,NO ALERT,NO ALERT,20260911,12
watershed,B12NAM11,Watershed B12NAM11,Narmada Basin,Narmada Middle,475.71537501,13.6875,3.7464540728150983,0.3,4.10625,0.0,NO ALERT,NO ALERT,20260911,12
watershed,B12NAM12,Watershed B12NAM12,Narmada Basin,Narmada Middle,512.7138239,0.0,0.0,1.0,0.0,0.0,NO ALERT,NO ALERT,20260911,12
watershed,B12NAM13,Watershed B12NAM13,Narmada Basin,Narmada Middle,582.28511152,10.21875,3.73527129459871,0.36553113586287067,3.73527129459871,0.0,NO ALERT,NO ALERT,20260911,12
watershed,B12NAM14,Watershed B12NAM14,Narmada Basin,Narmada Middle,539.03303068,11.5,3.808025730309421,0.3311326722008192,3.8080257303094207,0.0,NO ALERT,NO ALERT,20260911,12
watershed,B12NAM15,Watershed B12NAM15,Narmada Basin,Narmada Middle,548.89877332,10.6875,4.044843264679386,0.37846486687058584,4.044843264679386,0.0,NO ALERT,NO ALERT,20260911,12
watershed,B12NAM16,Watershed B12NAM16,Narmada Basin,Narmada Middle,630.7982829,0.0,0.0,1.0,0.0,0.0,NO ALERT,NO ALERT,20260911,12
watershed,B12NAM17,Watershed B12NAM17,Narmada Basin,Narmada Middle,735.89779025,11.1875,3.759246841767063,0.3360220640685643,3.759246841767063,0.0,NO ALERT,NO ALERT,20260911,12
watershed,B12NAM18,Watershed B12NAM18,Narmada Basin,Narmada Middle,953.79487034,13.3125,3.713641413831956,0.3,3.99375,0.0,NO ALERT,NO ALERT,20260911,12
watershed,B12NAM19,Watershed B12NAM19,Narmada Basin,Narmada Middle,345.80755253,0.0,0.0,1.0,0.0,0.0,NO ALERT,NO ALERT,20260911,12
watershed,B12NAM20,Watershed B12NAM20,Narmada Basin,Narmada Middle,519.52838859,13.6875,3.194263202482707,0.3,4.10625,0.0,NO ALERT,NO ALERT,20260911,12
watershed,B12NAM21,Watershed B12NAM21,Narmada Basin,Narmada Middle,746.30360519,19.75,3.6075860790193897,0.3,5.925,0.0,NO ALERT,NO ALERT,20260911,12
watershed,B12NAM22,Watershed B12NAM22,Narmada Basin,Narmada Middle,611.71934756,14.875,2.7060325063662987,0.3,4.4624999999999995,0.0,NO ALERT,NO ALERT,20260911,12
watershed,B12NAM23,Watershed B12NAM23,Narmada Basin,Narmada Middle,705.10597859,8.9375,2.9525237944232274,0.33035231266273873,2.9525237944232274,0.0,NO ALERT,NO ALERT,20260911,12
watershed,B12NAM24,Watershed B12NAM24,Narmada Basin,Narmada Middle,720.54637513,4.4375,2.191091611838504,0.4937671237945924,2.191091611838504,0.0,NO ALERT,NO ALERT,20260911,12
watershed,B12NAM25,Watershed B12NAM25,Narmada Basin,Narmada Middle,634.21742544,17.3125,2.6280472425565327,0.3,5.19375,0.0,NO ALERT,NO ALERT,20260911,12
watershed,B12NAM26,Watershed B12NAM26,Narmada Basin,Narmada Middle,493.11486378,0.0,0.0,1.0,0.0,0.0,NO ALERT,NO ALERT,20260911,12
watershed,B12NAM27,Watershed B12NAM27,Narmada Basin,Narmada Middle,843.48125894,19.90625,2.58915125011173,0.3,5.971875,0.0,NO ALERT,NO ALERT,20260911,12
watershed,B12NAM28,Watershed B12NAM28,Narmada Basin,Narmada Middle,546.25557102,16.5625,2.485667588551567,0.3,4.96875,0.0,NO ALERT,NO ALERT,20260911,12
watershed,B12NAM29,Watershed B12NAM29,Narmada Basin,Narmada Middle,591.33474835,15.0,3.445707593490816,0.3,4.5,0.0,NO ALERT,NO ALERT,20260911,12
watershed,B12NAM30,Watershed B12NAM30,Narmada Basin,Narmada Middle,434.49083146,17.9375,2.85802552726579,0.3,5.38125,0.0,NO ALERT,NO ALERT,20260911,12
watershed,B12NAM31,Watershed B12NAM31,Narmada Basin,Narmada Middle,472.60148168,18.0,2.496451309670324,0.3,5.3999999999999995,0.0,NO ALERT,NO ALERT,20260911,12
watershed,B12NAM32,Watershed B12NAM32,Narmada Basin,Narmada Middle,436.04892102,0.0,0.0,1.0,0.0,0.0,NO ALERT,NO ALERT,20260911,12
watershed,B12NAM33,Watershed B12NAM33,Narmada Basin,Narmada Middle,374.98159941,0.0,0.0,1.0,0.0,0.0,NO ALERT,NO ALERT,20260911,12
watershed,B12NAM34,Watershed B12NAM34,Narmada Basin,Narmada Middle,824.45908948,16.65625,2.5607414581596037,0.3,4.996875,0.0,NO ALERT,NO ALERT,20260911,12
watershed,B12NAM35,Watershed B12NAM35,Narmada Basin,Narmada Middle,957.42351488,10.6875,2.718264416717503,0.3,3.20625,0.0,NO ALERT,NO ALERT,20260911,12
watershed,B12NAM36,Watershed B12NAM36,Narmada Basin,Narmada Middle,551.37993306,13.25,3.018542720540746,0.3,3.9749999999999996,0.0,NO ALERT,NO ALERT,20260911,12
watershed,B12NAM37,Watershed B12NAM37,Narmada Basin,Narmada Middle,653.33934891,16.625,3.0141729238098613,0.3,4.9875,0.0,NO ALERT,NO ALERT,20260911,12
watershed,B12NAM38,Watershed B12NAM38,Narmada Basin,Narmada Middle,747.02780003,8.0625,2.2624184962413083,0.3,2.4187499999999997,0.0,NO ALERT,NO ALERT,20260911,12
watershed,B12NAM39,Watershed B12NAM39,Narmada Basin,Narmada Middle,889.70526056,6.0,2.178758330500289,0.36312638841671485,2.178758330500289,0.0,NO ALERT,NO ALERT,20260911,12
watershed,B12NAM40,Watershed B12NAM40,Narmada Basin,Narmada Middle,724.73125925,3.875,2.203364507751922,0.568610195548883,2.203364507751922,0.0,NO ALERT,NO ALERT,20260911,12
watershed,B12NAM41,Watershed B12NAM41,Narmada Basin,Narmada Middle,870.64714777,5.375,2.4065766823414254,0.4477351967146838,2.4065766823414254,0.0,NO ALERT,NO ALERT,20260911,12
watershed,B12NAM42,Watershed B12NAM42,Narmada Basin,Narmada Middle,540.04239647,9.25,2.202534557654433,0.3,2.775,0.0,NO ALERT,NO ALERT,20260911,12
watershed,B12NAM43,Watershed B12NAM43,Narmada Basin,Narmada Middle,739.46964249,10.0,2.705968309938908,0.3,3.0,0.0,NO ALERT,NO ALERT,20260911,12
watershed,B12NAM44,Watershed B12NAM44,Narmada Basin,Narmada Middle,784.99895543,11.875,3.015106106723008,0.3,3.5625,0.0,NO ALERT,NO ALERT,20260911,12
watershed,B12NAM45,Watershed B12NAM45,Narmada Basin,Narmada Middle,745.49380405,0.0,0.0,1.0,0.0,0.0,NO ALERT,NO ALERT,20260911,12
watershed,B12NAM46,Watershed B12NAM46,Narmada Basin,Narmada Middle,819.3086975,8.0625,2.954864118544206,0.3664947743930798,2.954864118544206,0.0,NO ALERT,NO ALERT,20260911,12
watershed,B12NAM47,Watershed B12NAM47,Narmada Basin,Narmada Middle,650.95351309,7.8125,2.404987345452178,0.3078383802178788,2.404987345452178,0.0,NO ALERT,NO ALERT,20260911,12
watershed,B12NAM48,Watershed B12NAM48,Narmada Basin,Narmada Middle,787.68400291,6.5,1.9565069726272806,0.3010010727118893,1.9565069726272806,0.0,NO ALERT,NO ALERT,20260911,12
watershed,B12NAM49,Watershed B12NAM49,Narmada Basin,Narmada Middle,790.37273613,5.25,2.532142108525724,0.48231278257632837,2.532142108525724,0.0,NO ALERT,NO ALERT,20260911,12
watershed,B12NAM50,Watershed B12NAM50,Narmada Basin,Narmada Middle,478.80440509,0.0,0.0,1.0,0.0,0.0,NO ALERT,NO ALERT,20260911,12
watershed,B12NAM51,Watershed B12NAM51,Narmada Basin,Narmada Middle,675.36970034,4.875,2.2979914652872573,0.4713828646743092,2.2979914652872573,0.0,NO ALERT,NO ALERT,20260911,12
watershed,B12NAM52,Watershed B12NAM52,Narmada Basin,Narmada Middle,782.89631775,5.9375,3.557491495429653,0.5991564623881521,3.557491495429653,0.0,NO ALERT,NO ALERT,20260911,12
watershed,B12NAM53,Watershed B12NAM53,Narmada Basin,Narmada Middle,573.38464738,0.0,0.0,1.0,0.0,0.0,NO ALERT,NO ALERT,20260911,12
watershed,B12NAM54,Watershed B12NAM54,Narmada Basin,Narmada Middle,813.98485939,5.25,2.843734623634652,0.5416637378351717,2.8437346236346515,0.0,NO ALERT,NO ALERT,20260911,12
watershed,B12NAM55,Watershed B12NAM55,Narmada Basin,Narmada Middle,932.44909095,3.5,2.308367420957513,0.6595335488450037,2.308367420957513,0.0,NO ALERT,NO ALERT,20260911,12
watershed,B12NAM56,Watershed B12NAM56,Narmada Basin,Narmada Middle,499.00371599,3.125,2.1893249657872604,0.7005839890519233,2.1893249657872604,0.0,NO ALERT,NO ALERT,20260911,12
watershed,B12NAM57,Watershed B12NAM57,Narmada Basin,Narmada Middle,741.12520573,4.0625,2.8275233500624357,0.6960057477076765,2.8275233500624357,0.0,NO ALERT,NO ALERT,20260911,12
watershed,B12NAM58,Watershed B12NAM58,Narmada Basin,Narmada Middle,841.27387696,2.875,2.446082062998863,0.8508111523474307,2.446082062998863,0.0,NO ALERT,NO ALERT,20260911,12
watershed,B12NAM59,Watershed B12NAM59,Narmada Basin,Narmada Middle,360.62590461,3.9375,4.377645942242178,1.1117830964424578,4.377645942242178,0.0,NO ALERT,NO ALERT,20260911,12
watershed,B12NAM60,Watershed B12NAM60,Narmada Basin,Narmada Middle,823.10055674,3.96875,2.3905314852930095,0.602338641963593,2.3905314852930095,0.0,NO ALERT,NO ALERT,20260911,12
watershed,B12NAM61,Watershed B12NAM61,Narmada Basin,Narmada Middle,598.70858066,3.9375,2.587374121665138,0.6571108880419398,2.587374121665138,0.0,NO ALERT,NO ALERT,20260911,12
watershed,B12NAM62,Watershed B12NAM62,Narmada Basin,Narmada Middle,455.32731711,6.625,3.346858342277677,0.5051861648721022,3.346858342277677,0.0,NO ALERT,NO ALERT,20260911,12
watershed,B12NAM63,Watershed B12NAM63,Narmada Basin,Narmada Middle,737.54213348,0.0,0.0,1.0,0.0,0.0,NO ALERT,NO ALERT,20260911,12
watershed,B12NAU01,Watershed B12NAU01,Narmada Basin,Narmada Upper,580.79261924,3.875,3.9383655534827544,1.0163524008987754,3.938365553482755,0.0,NO ALERT,NO ALERT,20260911,12
watershed,B12NAU02,Watershed B12NAU02,Narmada Basin,Narmada Upper,341.0966025,0.0,0.0,1.0,0.0,0.0,NO ALERT,NO ALERT,20260911,12
watershed,B12NAU03,Watershed B12NAU03,Narmada Basin,Narmada Upper,398.28807675,4.75,4.018124320980621,0.8459209096801308,4.018124320980621,0.0,NO ALERT,NO ALERT,20260911,12
watershed,B12NAU04,Watershed B12NAU04,Narmada Basin,Narmada Upper,641.67270316,0.0,0.0,1.0,0.0,0.0,NO ALERT,NO ALERT,20260911,12
watershed,B12NAU05,Watershed B12NAU05,Narmada Basin,Narmada Upper,493.84122256,6.75,2.765595605214165,0.4097178674391355,2.765595605214165,0.0,NO ALERT,NO ALERT,20260911,12
watershed,B12NAU06,Watershed B12NAU06,Narmada Basin,Narmada Upper,440.09218334,0.0,0.0,1.0,0.0,0.0,NO ALERT,NO ALERT,20260911,12
watershed,B12NAU07,Watershed B12NAU07,Narmada Basin,Narmada Upper,434.86534262,5.625,3.4009972830953665,0.6046217392169541,3.4009972830953665,0.0,NO ALERT,NO ALERT,20260911,12
watershed,B12NAU08,Watershed B12NAU08,Narmada Basin,Narmada Upper,763.02896061,8.0,3.125174650386588,0.3906468312983235,3.125174650386588,0.0,NO ALERT,NO ALERT,20260911,12
watershed,B12NAU09,Watershed B12NAU09,Narmada Basin,Narmada Upper,644.0672115,9.125,4.0997964184578155,0.44929275818715786,4.0997964184578155,0.0,NO ALERT,NO ALERT,20260911,12
watershed,B12NAU10,Watershed B12NAU10,Narmada Basin,Narmada Upper,788.27196496,7.8125,2.9441132514239987,0.37684649618227184,2.9441132514239987,0.0,NO ALERT,NO ALERT,20260911,12
watershed,B12NAU11,Watershed B12NAU11,Narmada Basin,Narmada Upper,738.54407267,6.125,3.052915860120564,0.49843524246866355,3.052915860120564,0.0,NO ALERT,NO ALERT,20260911,12
watershed,B12NAU12,Watershed B12NAU12,Narmada Basin,Narmada Upper,503.66795119,0.0,0.0,1.0,0.0,0.0,NO ALERT,NO ALERT,20260911,12
watershed,B12NAU13,Watershed B12NAU13,Narmada Basin,Narmada Upper,642.24442116,11.9375,4.3701632553379826,0.3660869742691504,4.3701632553379826,0.0,NO ALERT,NO ALERT,20260911,12
watershed,B12NAU14,Watershed B12NAU14,Narmada Basin,Narmada Upper,544.64496769,9.8125,3.957816742258529,0.4033443813766654,3.957816742258529,0.0,NO ALERT,NO ALERT,20260911,12
watershed,B12NAU15,Watershed B12NAU15,Narmada Basin,Narmada Upper,553.6581759,10.0,2.6509856523716286,0.3,3.0,0.0,NO ALERT,NO ALERT,20260911,12
watershed,B12NAU16,Watershed B12NAU16,Narmada Basin,Narmada Upper,548.02068262,0.0,0.0,1.0,0.0,0.0,NO ALERT,NO ALERT,20260911,12
watershed,B12NAU17,Watershed B12NAU17,Narmada Basin,Narmada Upper,933.56333643,11.53125,3.0080039929445475,0.3,3.459375,0.0,NO ALERT,NO ALERT,20260911,12
watershed,B12NAU18,Watershed B12NAU18,Narmada Basin,Narmada Upper,691.2448494,0.0,0.0,1.0,0.0,0.0,NO ALERT,NO ALERT,20260911,12
watershed,B12NAU19,Watershed B12NAU19,Narmada Basin,Narmada Upper,744.51357539,9.3125,5.575264929153331,0.5986861668889483,5.575264929153331,0.0,NO ALERT,NO ALERT,20260911,12
watershed,B12NAU20,Watershed B12NAU20,Narmada Basin,Narmada Upper,854.63214408,12.0,5.007906484726357,0.4173255403938631,5.007906484726357,0.0,NO ALERT,NO ALERT,20260911,12
watershed,B12NAU21,Watershed B12NAU21,Narmada Basin,Narmada Upper,687.27637694,0.0,0.0,1.0,0.0,0.0,NO ALERT,NO ALERT,20260911,12
watershed,B12NAU22,Watershed B12NAU22,Narmada Basin,Narmada Upper,441.47705184,0.0,0.0,1.0,0.0,0.0,NO ALERT,NO ALERT,20260911,12
watershed,B12NAU23,Watershed B12NAU23,Narmada Basin,Narmada Upper,327.05921276,0.0,0.0,1.0,0.0,0.0,NO ALERT,NO ALERT,20260911,12
watershed,B12NAU24,Watershed B12NAU24,Narmada Basin,Narmada Upper,739.29613338,7.71875,4.524996159613541,0.586234320273819,4.524996159613541,0.0,NO ALERT,NO ALERT,20260911,12
watershed,B12NAU25,Watershed B12NAU25,Narmada Basin,Narmada Upper,810.14191409,14.75,4.563312746727303,0.3093771353713426,4.563312746727303,0.0,NO ALERT,NO ALERT,20260911,12
watershed,B12NAU26,Watershed B12NAU26,Narmada Basin,Narmada Upper,494.16636734,7.0,4.411801770982677,0.6302573958546682,4.411801770982677,0.0,NO ALERT,NO ALERT,20260911,12
watershed,B12NAU27,Watershed B12NAU27,Narmada Basin,Narmada Upper,556.12839605,9.25,4.486914766855436,0.48507186668707414,4.486914766855436,0.0,NO ALERT,NO ALERT,20260911,12
watershed,B12NAU28,Watershed B12NAU28,Narmada Basin,Narmada Upper,526.64251701,10.0,3.2481909733112544,0.32481909733112546,3.248190973311255,0.0,NO ALERT,NO ALERT,20260911,12
watershed,B12NAU29,Watershed B12NAU29,Narmada Basin,Narmada Upper,770.51053362,0.0,0.0,1.0,0.0,0.0,NO ALERT,NO ALERT,20260911,12
watershed,B12NAU30,Watershed B12NAU30,Narmada Basin,Narmada Upper,739.5551721,13.5625,3.484327569930521,0.3,4.06875,0.0,NO ALERT,NO ALERT,20260911,12
watershed,B12NAU31,Watershed B12NAU31,Narmada Basin,Narmada Upper,463.56948694,8.5625,2.9954451322963793,0.34983300815140195,2.9954451322963793,0.0,NO ALERT,NO ALERT,20260911,12
watershed,B12NAU32,Watershed B12NAU32,Narmada Basin,Narmada Upper,640.48533796,0.0,0.0,1.0,0.0,0.0,NO ALERT,NO ALERT,20260911,12
watershed,B12NAU33,Watershed B12NAU33,Narmada Basin,Narmada Upper,479.2448235,12.0625,3.91922690182516,0.32491000222384747,3.91922690182516,0.0,NO ALERT,NO ALERT,20260911,12
watershed,B12NAU34,Watershed B12NAU34,Narmada Basin,Narmada Upper,693.87455912,13.3125,3.6800869303206873,0.3,3.99375,0.0,NO ALERT,NO ALERT,20260911,12
watershed,B12NAU35,Watershed B12NAU35,Narmada Basin,Narmada Upper,864.91021909,12.875,3.138782906246512,0.3,3.8625,0.0,NO ALERT,NO ALERT,20260911,12
watershed,B12NAU36,Watershed B12NAU36,Narmada Basin,Narmada Upper,587.67645912,9.6875,3.7562084350071543,0.38773764490396434,3.7562084350071547,0.0,NO ALERT,NO ALERT,20260911,12
watershed,B12NAU37,Watershed B12NAU37,Narmada Basin,Narmada Upper,563.80665437,14.1875,3.759885813520379,0.3,4.25625,0.0,NO ALERT,NO ALERT,20260911,12
watershed,B12NAU38,Watershed B12NAU38,Narmada Basin,Narmada Upper,511.21252722,12.3125,3.88847871169652,0.3158155298839813,3.88847871169652,0.0,NO ALERT,NO ALERT,20260911,12
watershed,B12NAU39,Watershed B12NAU39,Narmada Basin,Narmada Upper,878.05186215,17.5625,4.063121052372129,0.3,5.26875,0.0,NO ALERT,NO ALERT,20260911,12
watershed,B12NAU40,Watershed B12NAU40,Narmada Basin,Narmada Upper,464.21865054,0.0,0.0,1.0,0.0,0.0,NO ALERT,NO ALERT,20260911,12
watershed,B12NAU41,Watershed B12NAU41,Narmada Basin,Narmada Upper,598.03230979,16.75,3.6242517174106754,0.3,5.0249999999999995,0.0,NO ALERT,NO ALERT,20260911,12
watershed,B12NAU42,Watershed B12NAU42,Narmada Basin,Narmada Upper,641.16613681,11.4375,4.0143646153276915,0.3509826986078856,4.0143646153276915,0.0,NO ALERT,NO ALERT,20260911,12
watershed,B12NAU43,Watershed B12NAU43,Narmada Basin,Narmada Upper,388.50595438,14.1875,4.195153054390868,0.3,4.25625,0.0,NO ALERT,NO ALERT,20260911,12
watershed,B12NAU44,Watershed B12NAU44,Narmada Basin,Narmada Upper,589.33390841,10.4375,4.183284683015248,0.4007937420852933,4.183284683015248,0.0,NO ALERT,NO ALERT,20260911,12
watershed,B12NAU45,Watershed B12NAU45,Narmada Basin,Narmada Upper,803.15750529,5.25,3.709523398929263,0.7065758855103358,3.709523398929263,0.0,NO ALERT,NO ALERT,20260911,12
watershed,B12NAU46,Watershed B12NAU46,Narmada Basin,Narmada Upper,557.4837844,6.4375,3.6368138522317963,0.5649419576282402,3.6368138522317963,0.0,NO ALERT,NO ALERT,20260911,12
watershed,B12NAU47,Watershed B12NAU47,Narmada Basin,Narmada Upper,506.46705198,0.0,0.0,1.0,0.0,0.0,NO ALERT,NO ALERT,20260911,12
watershed,B12NAU48,Watershed B12NAU48,Narmada Basin,Narmada Upper,335.93181479,7.375,4.361616644018317,0.5914056466465514,4.361616644018317,0.0,NO ALERT,NO ALERT,20260911,12
watershed,B12NAU49,Watershed B12NAU49,Narmada Basin,Narmada Upper,736.20394942,5.5625,4.633738347275616,0.8330316129933693,4.633738347275616,0.0,NO ALERT,NO ALERT,20260911,12
watershed,B12NAU50,Watershed B12NAU50,Narmada Basin,Narmada Upper,709.14974487,7.4375,3.2618647738270563,0.4385700536238059,3.2618647738270563,0.0,NO ALERT,NO ALERT,20260911,12
watershed,B12NAU51,Watershed B12NAU51,Narmada Basin,Narmada Upper,826.90119294,5.75,4.260962974739401,0.7410370390851133,4.260962974739401,0.0,NO ALERT,NO ALERT,20260911,12
watershed,B12NAU52,Watershed B12NAU52,Narmada Basin,Narmada Upper,363.87730159,6.5625,4.606478905514495,0.7019396427450658,4.606478905514495,0.0,NO ALERT,NO ALERT,20260911,12
watershed,B12NAU53,Watershed B12NAU53,Narmada Basin,Narmada Upper,564.80199003,0.0,0.0,1.0,0.0,0.0,NO ALERT,NO ALERT,20260911,12
watershed,B12NAU54,Watershed B12NAU54,Narmada Basin,Narmada Upper,531.11515696,8.1875,4.846139690157485,0.5918949239887005,4.846139690157485,0.0,NO ALERT,NO ALERT,20260911,12
watershed,B12NAU55,Watershed B12NAU55,Narmada Basin,Narmada Upper,602.03782526,8.6875,4.421269470861513,0.5089231045595987,4.421269470861513,0.0,NO ALERT,NO ALERT,20260911,12
watershed,B12NAU56,Watershed B12NAU56,Narmada Basin,Narmada Upper,656.66770507,7.3125,4.449064720340379,0.6084191070550946,4.449064720340379,0.0,NO ALERT,NO ALERT,20260911,12
watershed,B12NAU57,Watershed B12NAU57,Narmada Basin,Narmada Upper,471.47667174,4.9375,4.848674321378747,0.9820099891399994,4.848674321378747,0.0,NO ALERT,NO ALERT,20260911,12
watershed,B12NAU58,Watershed B12NAU58,Narmada Basin,Narmada Upper,470.15360587,0.0,0.0,1.0,0.0,0.0,NO ALERT,NO ALERT,20260911,12
watershed,B12NAU59,Watershed B12NAU59,Narmada Basin,Narmada Upper,551.05999089,4.8125,5.757702543433399,1.196405723310836,5.757702543433399,0.0,NO ALERT,NO ALERT,20260911,12
watershed,B12NAU60,Watershed B12NAU60,Narmada Basin,Narmada Upper,544.94743904,5.4375,5.566015736513759,1.0236350779795418,5.566015736513759,0.0,NO ALERT,NO ALERT,20260911,12
watershed,B12NAU61,Watershed B12NAU61,Narmada Basin,Narmada Upper,569.1350533,0.0,0.0,1.0,0.0,0.0,NO ALERT,NO ALERT,20260911,12
watershed,B12NAU62,Watershed B12NAU62,Narmada Basin,Narmada Upper,527.90908466,0.0,0.0,1.0,0.0,0.0,NO ALERT,NO ALERT,20260911,12
watershed,B12NAU63,Watershed B12NAU63,Narmada Basin,Narmada Upper,809.25076296,8.25,5.027679529439096,0.6094157005380723,5.027679529439096,0.0,NO ALERT,NO ALERT,20260911,12
watershed,B12NAU64,Watershed B12NAU64,Narmada Basin,Narmada Upper,715.18022984,11.25,4.070267477468269,0.361801553552735,4.070267477468269,0.0,NO ALERT,NO ALERT,20260911,12
watershed,B12NAU65,Watershed B12NAU65,Narmada Basin,Narmada Upper,551.27208515,14.375,2.7706103636589767,0.3,4.3125,0.0,NO ALERT,NO ALERT,20260911,12
watershed,B12NAU66,Watershed B12NAU66,Narmada Basin,Narmada Upper,936.28152168,14.5,2.821037402830712,0.3,4.35,0.0,NO ALERT,NO ALERT,20260911,12
watershed,B12NAU67,Watershed B12NAU67,Narmada Basin,Narmada Upper,599.58412767,12.125,3.4421754197102703,0.3,3.6374999999999997,0.0,NO ALERT,NO ALERT,20260911,12
watershed,B12NAU68,Watershed B12NAU68,Narmada Basin,Narmada Upper,435.09343739,0.0,0.0,1.0,0.0,0.0,NO ALERT,NO ALERT,20260911,12
watershed,B12NAU69,Watershed B12NAU69,Narmada Basin,Narmada Upper,606.77671685,10.4375,4.817161569938268,0.4615244617904927,4.817161569938268,0.0,NO ALERT,NO ALERT,20260911,12
watershed,B12NAU70,Watershed B12NAU70,Narmada Basin,Narmada Upper,487.66276171,0.0,0.0,1.0,0.0,0.0,NO ALERT,NO ALERT,20260911,12
watershed,B12NAU71,Watershed B12NAU71,Narmada Basin,Narmada Upper,986.00436911,5.8125,5.138812638063953,0.8840967979464867,5.138812638063953,0.0,NO ALERT,NO ALERT,20260911,12
watershed,B13TAL01,Watershed B13TAL01,Tapi Basin,Tapi Lower,727.78554752,1.9375,7.15008220917558,3.0,5.8125,0.0,NO ALERT,NO ALERT,20260911,12
watershed,B13TAL02,Watershed B13TAL02,Tapi Basin,Tapi Lower,544.6884764,0.5,4.549703087565834,3.0,1.5,0.0,NO ALERT,NO ALERT,20260911,12
watershed,B13TAL03,Watershed B13TAL03,Tapi Basin,Tapi Lower,427.18290542,0.1875,3.4516431242227554,3.0,0.5625,0.0,NO ALERT,NO ALERT,20260911,12
watershed,B13TAL04,Watershed B13TAL04,Tapi Basin,Tapi Lower,781.84328245,2.8125,7.023016090874803,2.497072387866597,7.023016090874804,0.0,NO ALERT,NO ALERT,20260911,12
watershed,B13TAL05,Watershed B13TAL05,Tapi Basin,Tapi Lower,487.46396247,0.625,4.330034990537248,3.0,1.875,0.0,NO ALERT,NO ALERT,20260911,12
watershed,B13TAL06,Watershed B13TAL06,Tapi Basin,Tapi Lower,603.05565011,0.25,4.236970517223012,3.0,0.75,0.0,NO ALERT,NO ALERT,20260911,12
watershed,B13TAM01,Watershed B13TAM01,Tapi Basin,Tapi Middle,397.61494229,0.0,0.0,1.0,0.0,0.0,NO ALERT,NO ALERT,20260911,12
watershed,B13TAM02,Watershed B13TAM02,Tapi Basin,Tapi Middle,502.7907473,0.0,0.0,1.0,0.0,0.0,NO ALERT,NO ALERT,20260911,12
watershed,B13TAM03,Watershed B13TAM03,Tapi Basin,Tapi Middle,723.53291838,2.8125,2.4517603606189766,0.8717370171089694,2.4517603606189766,0.0,NO ALERT,NO ALERT,20260911,12
watershed,B13TAM04,Watershed B13TAM04,Tapi Basin,Tapi Middle,825.91000079,4.125,2.2463551705626594,0.5445709504394326,2.2463551705626594,0.0,NO ALERT,NO ALERT,20260911,12
watershed,B13TAM05,Watershed B13TAM05,Tapi Basin,Tapi Middle,836.73332176,6.75,1.4756143727939424,0.3,2.025,0.0,NO ALERT,NO ALERT,20260911,12
watershed,B13TAM06,Watershed B13TAM06,Tapi Basin,Tapi Middle,792.63868434,4.375,1.953374873612025,0.4464856853970343,1.953374873612025,0.0,NO ALERT,NO ALERT,20260911,12
watershed,B13TAM07,Watershed B13TAM07,Tapi Basin,Tapi Middle,767.55054569,6.0,3.043886707519015,0.5073144512531692,3.0438867075190155,0.0,NO ALERT,NO ALERT,20260911,12
watershed,B13TAM08,Watershed B13TAM08,Tapi Basin,Tapi Middle,892.64714932,2.5,2.8925310607029964,1.1570124242811985,2.8925310607029964,0.0,NO ALERT,NO ALERT,20260911,12
watershed,B13TAM09,Watershed B13TAM09,Tapi Basin,Tapi Middle,383.97298383,0.0,0.0,1.0,0.0,0.0,NO ALERT,NO ALERT,20260911,12
watershed,B13TAM10,Watershed B13TAM10,Tapi Basin,Tapi Middle,523.85643703,1.375,1.4467793483031939,1.052203162402323,1.446779348303194,0.0,NO ALERT,NO ALERT,20260911,12
watershed,B13TAM11,Watershed B13TAM11,Tapi Basin,Tapi Middle,869.04798271,1.03125,2.5914988120533016,2.5129685450213834,2.5914988120533016,0.0,NO ALERT,NO ALERT,20260911,12
watershed,B13TAM12,Watershed B13TAM12,Tapi Basin,Tapi Middle,708.71064894,0.0,0.0,1.0,0.0,0.0,NO ALERT,NO ALERT,20260911,12
watershed,B13TAM13,Watershed B13TAM13,Tapi Basin,Tapi Middle,457.46852956,2.375,2.6715827342173823,1.1248769407231083,2.6715827342173823,0.0,NO ALERT,NO ALERT,20260911,12
watershed,B13TAM14,Watershed B13TAM14,Tapi Basin,Tapi Middle,579.57740563,0.625,1.9464118090190299,3.0,1.875,0.0,NO ALERT,NO ALERT,20260911,12
watershed,B13TAM15,Watershed B13TAM15,Tapi Basin,Tapi Middle,880.35691016,4.0,2.4855069411535786,0.6213767352883947,2.4855069411535786,0.0,NO ALERT,NO ALERT,20260911,12
watershed,B13TAM16,Watershed B13TAM16,Tapi Basin,Tapi Middle,555.95922764,1.5625,2.060118457368792,1.3184758127160268,2.060118457368792,0.0,NO ALERT,NO ALERT,20260911,12
watershed,B13TAM17,Watershed B13TAM17,Tapi Basin,Tapi Middle,410.80104766,0.0,0.0,1.0,0.0,0.0,NO ALERT,NO ALERT,20260911,12
watershed,B13TAM18,Watershed B13TAM18,Tapi Basin,Tapi Middle,520.80670154,9.125,3.0123398070057776,0.33011943090474277,3.0123398070057776,0.0,NO ALERT,NO ALERT,20260911,12
watershed,B13TAM19,Watershed B13TAM19,Tapi Basin,Tapi Middle,474.30215092,5.125,2.2742380249990175,0.4437537609754181,2.2742380249990175,0.0,NO ALERT,NO ALERT,20260911,12
watershed,B13TAM20,Watershed B13TAM20,Tapi Basin,Tapi Middle,902.037336,9.4375,2.8999676370457426,0.30728133902471444,2.8999676370457426,0.0,NO ALERT,NO ALERT,20260911,12
watershed,B13TAM21,Watershed B13TAM21,Tapi Basin,Tapi Middle,600.92117511,6.270833333333334,2.51763947549612,0.40148403595951415,2.51763947549612,0.0,NO ALERT,NO ALERT,20260911,12
watershed,B13TAM22,Watershed B13TAM22,Tapi Basin,Tapi Middle,365.64004159,0.0,0.0,1.0,0.0,0.0,NO ALERT,NO ALERT,20260911,12
watershed,B13TAM23,Watershed B13TAM23,Tapi Basin,Tapi Middle,701.43116185,0.0,0.0,1.0,0.0,0.0,NO ALERT,NO ALERT,20260911,12
watershed,B13TAM24,Watershed B13TAM24,Tapi Basin,Tapi Middle,504.05746546,4.75,2.1736862457370103,0.4576181569972653,2.1736862457370103,0.0,NO ALERT,NO ALERT,20260911,12
watershed,B13TAM25,Watershed B13TAM25,Tapi Basin,Tapi Middle,807.87120171,1.03125,2.368147349990394,2.296385309081594,2.368147349990394,0.0,NO ALERT,NO ALERT,20260911,12
watershed,B13TAM26,Watershed B13TAM26,Tapi Basin,Tapi Middle,566.56395364,2.9375,2.3288736584251875,0.7928080539319787,2.3288736584251875,0.0,NO ALERT,NO ALERT,20260911,12
watershed,B13TAM27,Watershed B13TAM27,Tapi Basin,Tapi Middle,925.5899886,3.71875,2.1910625695978125,0.5891932960263025,2.1910625695978125,0.0,NO ALERT,NO ALERT,20260911,12
watershed,B13TAM28,Watershed B13TAM28,Tapi Basin,Tapi Middle,616.91274737,5.9375,2.564781841758179,0.4319632575592723,2.564781841758179,0.0,NO ALERT,NO ALERT,20260911,12
watershed,B13TAM29,Watershed B13TAM29,Tapi Basin,Tapi Middle,726.56981763,7.5625,2.7373113353774974,0.3619585236862806,2.7373113353774974,0.0,NO ALERT,NO ALERT,20260911,12
watershed,B13TAM30,Watershed B13TAM30,Tapi Basin,Tapi Middle,719.80349649,3.375,3.041504633712442,0.9011865581370198,3.041504633712442,0.0,NO ALERT,NO ALERT,20260911,12
watershed,B13TAM31,Watershed B13TAM31,Tapi Basin,Tapi Middle,365.85771247,1.1875,2.4526689734769196,2.065405451348985,2.4526689734769196,0.0,NO ALERT,NO ALERT,20260911,12
watershed,B13TAM32,Watershed B13TAM32,Tapi Basin,Tapi Middle,937.44311861,1.875,2.5565116986836474,1.363472905964612,2.5565116986836474,0.0,NO ALERT,NO ALERT,20260911,12
watershed,B13TAM33,Watershed B13TAM33,Tapi Basin,Tapi Middle,852.08515735,2.3125,2.5160459185708057,1.0880198566792674,2.5160459185708057,0.0,NO ALERT,NO ALERT,20260911,12
watershed,B13TAM34,Watershed B13TAM34,Tapi Basin,Tapi Middle,749.15523045,5.875,3.1873564812214408,0.5425287627610963,3.1873564812214408,0.0,NO ALERT,NO ALERT,20260911,12
watershed,B13TAM35,Watershed B13TAM35,Tapi Basin,Tapi Middle,833.14561611,0.0,0.0,1.0,0.0,0.0,NO ALERT,NO ALERT,20260911,12
watershed,B13TAM36,Watershed B13TAM36,Tapi Basin,Tapi Middle,823.83850632,3.34375,2.3424831318222497,0.7005557029748783,2.3424831318222497,0.0,NO ALERT,NO ALERT,20260911,12
watershed,B13TAM37,Watershed B13TAM37,Tapi Basin,Tapi Middle,844.88586031,4.25,2.6637799195639076,0.6267717457797429,2.6637799195639076,0.0,NO ALERT,NO ALERT,20260911,12
watershed,B13TAM38,Watershed B13TAM38,Tapi Basin,Tapi Middle,531.10797926,1.34375,2.219392242068297,1.6516407382833838,2.219392242068297,0.0,NO ALERT,NO ALERT,20260911,12
watershed,B13TAM39,Watershed B13TAM39,Tapi Basin,Tapi Middle,788.83421207,5.625,3.3442106566200516,0.5945263389546759,3.344210656620052,0.0,NO ALERT,NO ALERT,20260911,12
watershed,B13TAM40,Watershed B13TAM40,Tapi Basin,Tapi Middle,907.13937245,2.375,2.401753069358329,1.0112644502561385,2.401753069358329,0.0,NO ALERT,NO ALERT,20260911,12
watershed,B13TAM41,Watershed B13TAM41,Tapi Basin,Tapi Middle,422.14642313,3.0,2.5619474073387174,0.8539824691129058,2.5619474073387174,0.0,NO ALERT,NO ALERT,20260911,12
watershed,B13TAM42,Watershed B13TAM42,Tapi Basin,Tapi Middle,756.81106539,2.875,2.4548677347498398,0.8538670381738573,2.4548677347498398,0.0,NO ALERT,NO ALERT,20260911,12
watershed,B13TAM43,Watershed B13TAM43,Tapi Basin,Tapi Middle,790.32605502,0.0,0.0,1.0,0.0,0.0,NO ALERT,NO ALERT,20260911,12
watershed,B13TAM44,Watershed B13TAM44,Tapi Basin,Tapi Middle,628.62500159,5.125,4.276740984496188,0.8344860457553538,4.276740984496188,0.0,NO ALERT,NO ALERT,20260911,12
watershed,B13TAM45,Watershed B13TAM45,Tapi Basin,Tapi Middle,437.03175568,0.0,0.0,1.0,0.0,0.0,NO ALERT,NO ALERT,20260911,12
watershed,B13TAM46,Watershed B13TAM46,Tapi Basin,Tapi Middle,668.96912434,5.25,2.837489974457924,0.5404742808491283,2.8374899744579234,0.0,NO ALERT,NO ALERT,20260911,12
watershed,B13TAM47,Watershed B13TAM47,Tapi Basin,Tapi Middle,887.59545489,5.3125,3.418687809473031,0.6435177053125706,3.418687809473031,0.0,NO ALERT,NO ALERT,20260911,12
watershed,B13TAU01,Watershed B13TAU01,Tapi Basin,Tapi Upper,721.36990024,12.375,3.048598213350936,0.3,3.7125,0.0,NO ALERT,NO ALERT,20260911,12
watershed,B13TAU02,Watershed B13TAU02,Tapi Basin,Tapi Upper,708.71653082,12.0,2.8743584241360836,0.3,3.5999999999999996,0.0,NO ALERT,NO ALERT,20260911,12
watershed,B13TAU03,Watershed B13TAU03,Tapi Basin,Tapi Upper,770.6729288,13.5,2.8505026159731495,0.3,4.05,0.0,NO ALERT,NO ALERT,20260911,12
watershed,B13TAU04,Watershed B13TAU04,Tapi Basin,Tapi Upper,746.3816069,14.9375,3.1576177883229843,0.3,4.48125,0.0,NO ALERT,NO ALERT,20260911,12
watershed,B13TAU05,Watershed B13TAU05,Tapi Basin,Tapi Upper,329.76108663,15.40625,3.0572746460568414,0.3,4.621875,0.0,NO ALERT,NO ALERT,20260911,12
watershed,B13TAU06,Watershed B13TAU06,Tapi Basin,Tapi Upper,522.23133967,0.0,0.0,1.0,0.0,0.0,NO ALERT,NO ALERT,20260911,12
watershed,B13TAU07,Watershed B13TAU07,Tapi Basin,Tapi Upper,536.37355281,0.0,0.0,1.0,0.0,0.0,NO ALERT,NO ALERT,20260911,12
watershed,B13TAU08,Watershed B13TAU08,Tapi Basin,Tapi Upper,867.81414406,14.125,2.849412911364885,0.3,4.2375,0.0,NO ALERT,NO ALERT,20260911,12
watershed,B13TAU09,Watershed B13TAU09,Tapi Basin,Tapi Upper,566.90037955,18.9375,3.2405673644722324,0.3,5.6812499999999995,0.0,NO ALERT,NO ALERT,20260911,12
watershed,B13TAU10,Watershed B13TAU10,Tapi Basin,Tapi Upper,789.45065801,0.0,0.0,1.0,0.0,0.0,NO ALERT,NO ALERT,20260911,12
watershed,B13TAU11,Watershed B13TAU11,Tapi Basin,Tapi Upper,588.05837613,12.0625,2.47376537010686,0.3,3.61875,0.0,NO ALERT,NO ALERT,20260911,12
watershed,B13TAU12,Watershed B13TAU12,Tapi Basin,Tapi Upper,358.74216722,0.0,0.0,1.0,0.0,0.0,NO ALERT,NO ALERT,20260911,12
watershed,B13TAU13,Watershed B13TAU13,Tapi Basin,Tapi Upper,500.24701409,9.84375,3.2680530330497923,0.3319926890717249,3.268053033049792,0.0,NO ALERT,NO ALERT,20260911,12
watershed,B13TAU14,Watershed B13TAU14,Tapi Basin,Tapi Upper,640.21053963,9.0,2.6791953027860758,0.3,2.6999999999999997,0.0,NO ALERT,NO ALERT,20260911,12
watershed,B13TAU15,Watershed B13TAU15,Tapi Basin,Tapi Upper,619.02237669,8.375,2.7506565034797745,0.32843659743042086,2.7506565034797745,0.0,NO ALERT,NO ALERT,20260911,12
watershed,B13TAU16,Watershed B13TAU16,Tapi Basin,Tapi Upper,417.53547642,0.0,0.0,1.0,0.0,0.0,NO ALERT,NO ALERT,20260911,12
watershed,B13TAU17,Watershed B13TAU17,Tapi Basin,Tapi Upper,516.84997647,5.875,2.0792641236765745,0.3539172976470765,2.0792641236765745,0.0,NO ALERT,NO ALERT,20260911,12
watershed,B13TAU18,Watershed B13TAU18,Tapi Basin,Tapi Upper,885.52456482,18.3125,2.6371626469982816,0.3,5.4937499999999995,0.0,NO ALERT,NO ALERT,20260911,12
watershed,B13TAU19,Watershed B13TAU19,Tapi Basin,Tapi Upper,488.24960642,0.0,0.0,1.0,0.0,0.0,NO ALERT,NO ALERT,20260911,12
watershed,B13TAU20,Watershed B13TAU20,Tapi Basin,Tapi Upper,695.676852,12.875,2.2978793352842333,0.3,3.8625,0.0,NO ALERT,NO ALERT,20260911,12
watershed,B13TAU21,Watershed B13TAU21,Tapi Basin,Tapi Upper,585.74814689,0.0,0.0,1.0,0.0,0.0,NO ALERT,NO ALERT,20260911,12
watershed,B13TAU22,Watershed B13TAU22,Tapi Basin,Tapi Upper,597.29512058,10.6875,2.38049654413576,0.3,3.20625,0.0,NO ALERT,NO ALERT,20260911,12
watershed,B13TAU23,Watershed B13TAU23,Tapi Basin,Tapi Upper,506.16788216,5.875,3.395847180016237,0.5780165412793594,3.3958471800162364,0.0,NO ALERT,NO ALERT,20260911,12
watershed,B13TAU24,Watershed B13TAU24,Tapi Basin,Tapi Upper,720.05309628,5.40625,2.7758167982713813,0.5134458817611803,2.7758167982713813,0.0,NO ALERT,NO ALERT,20260911,12
watershed,B13TAU25,Watershed B13TAU25,Tapi Basin,Tapi Upper,458.78927179,17.3125,2.326468921238429,0.3,5.19375,0.0,NO ALERT,NO ALERT,20260911,12
watershed,B13TAU26,Watershed B13TAU26,Tapi Basin,Tapi Upper,797.70895367,18.1875,2.219717649401051,0.3,5.45625,0.0,NO ALERT,NO ALERT,20260911,12
watershed,B13TAU27,Watershed B13TAU27,Tapi Basin,Tapi Upper,656.57367054,0.0,0.0,1.0,0.0,0.0,NO ALERT,NO ALERT,20260911,12
watershed,B13TAU28,Watershed B13TAU28,Tapi Basin,Tapi Upper,825.82480441,11.25,2.30218511163576,0.3,3.375,0.0,NO ALERT,NO ALERT,20260911,12
watershed,B13TAU29,Watershed B13TAU29,Tapi Basin,Tapi Upper,563.59994005,0.0,0.0,1.0,0.0,0.0,NO ALERT,NO ALERT,20260911,12
watershed,B13TAU30,Watershed B13TAU30,Tapi Basin,Tapi Upper,615.11676825,4.3125,2.495403566466619,0.5786443052676218,2.495403566466619,0.0,NO ALERT,NO ALERT,20260911,12
watershed,B13TAU31,Watershed B13TAU31,Tapi Basin,Tapi Upper,652.73226479,1.5625,2.556079150470969,1.6358906563014202,2.556079150470969,0.0,NO ALERT,NO ALERT,20260911,12
watershed,B13TAU32,Watershed B13TAU32,Tapi Basin,Tapi Upper,543.9004383,0.0,0.0,1.0,0.0,0.0,NO ALERT,NO ALERT,20260911,12
watershed,B13TAU33,Watershed B13TAU33,Tapi Basin,Tapi Upper,470.99588389,10.34375,2.391245439373059,0.3,3.103125,0.0,NO ALERT,NO ALERT,20260911,12
watershed,B13TAU34,Watershed B13TAU34,Tapi Basin,Tapi Upper,935.32366396,0.875,2.808593199963439,3.0,2.625,0.0,NO ALERT,NO ALERT,20260911,12
watershed,B13TAU35,Watershed B13TAU35,Tapi Basin,Tapi Upper,694.29570277,0.0,0.0,1.0,0.0,0.0,NO ALERT,NO ALERT,20260911,12
watershed,B13TAU36,Watershed B13TAU36,Tapi Basin,Tapi Upper,705.82678157,2.03125,2.287304271328939,1.1260574874234777,2.287304271328939,0.0,NO ALERT,NO ALERT,20260911,12
watershed,B13TAU37,Watershed B13TAU37,Tapi Basin,Tapi Upper,937.28296783,10.9375,2.5277275356527875,0.3,3.28125,0.0,NO ALERT,NO ALERT,20260911,12
watershed,B13TAU38,Watershed B13TAU38,Tapi Basin,Tapi Upper,679.22030409,2.25,2.336636498305079,1.038505110357813,2.336636498305079,0.0,NO ALERT,NO ALERT,20260911,12
watershed,B13TAU39,Watershed B13TAU39,Tapi Basin,Tapi Upper,553.93658907,0.0,0.0,1.0,0.0,0.0,NO ALERT,NO ALERT,20260911,12
watershed,B13TAU40,Watershed B13TAU40,Tapi Basin,Tapi Upper,751.56891307,6.4375,1.8808918594293398,0.3,1.93125,0.0,NO ALERT,NO ALERT,20260911,12
watershed,B13TAU41,Watershed B13TAU41,Tapi Basin,Tapi Upper,493.82312886,0.0,0.0,1.0,0.0,0.0,NO ALERT,NO ALERT,20260911,12
watershed,B13TAU42,Watershed B13TAU42,Tapi Basin,Tapi Upper,322.12477504,0.0,0.0,1.0,0.0,0.0,NO ALERT,NO ALERT,20260911,12
watershed,B13TAU43,Watershed B13TAU43,Tapi Basin,Tapi Upper,330.62013865,4.5625,2.0003939595124494,0.4384425116739615,2.0003939595124494,0.0,NO ALERT,NO ALERT,20260911,12
watershed,B13TAU44,Watershed B13TAU44,Tapi Basin,Tapi Upper,531.11295748,1.875,2.0685885202803025,1.1032472108161613,2.0685885202803025,0.0,NO ALERT,NO ALERT,20260911,12
watershed,B13TAU45,Watershed B13TAU45,Tapi Basin,Tapi Upper,434.39413941,3.375,1.8670772473085417,0.5532080732766049,1.8670772473085417,0.0,NO ALERT,NO ALERT,20260911,12
watershed,B13TAU46,Watershed B13TAU46,Tapi Basin,Tapi Upper,413.51392132,3.875,1.7661613379439263,0.45578357108230355,1.7661613379439263,0.0,NO ALERT,NO ALERT,20260911,12
watershed,B14BHT01,Watershed B14BHT01,West flowing rivers South of Tapi Basin,Bhatsol and others,486.59354635,0.0,0.0,1.0,0.0,0.0,NO ALERT,NO ALERT,20260911,12
watershed,B14BHT02,Watershed B14BHT02,West flowing rivers South of Tapi Basin,Bhatsol and others,496.69508479,16.625,10.62468244713055,0.6390786434364241,10.62468244713055,0.0,MODERATE,NO ALERT,20260911,12
watershed,B14BHT03,Watershed B14BHT03,West flowing rivers South of Tapi Basin,Bhatsol and others,460.57420977,0.0,0.0,1.0,0.0,0.0,NO ALERT,NO ALERT,20260911,12
watershed,B14BHT04,Watershed B14BHT04,West flowing rivers South of Tapi Basin,Bhatsol and others,631.89400443,13.625,8.159664177118916,0.5988744350179022,8.159664177118916,0.0,NO ALERT,NO ALERT,20260911,12
watershed,B14BHT05,Watershed B14BHT05,West flowing rivers South of Tapi Basin,Bhatsol and others,1148.78720211,0.0,0.0,1.0,0.0,0.0,NO ALERT,NO ALERT,20260911,12
watershed,B14BHT06,Watershed B14BHT06,West flowing rivers South of Tapi Basin,Bhatsol and others,476.69926152,6.9375,6.57688860264543,0.9480199787597016,6.57688860264543,0.0,NO ALERT,NO ALERT,20260911,12
watershed,B14BHT07,Watershed B14BHT07,West flowing rivers South of Tapi Basin,Bhatsol and others,565.84527768,9.375,11.603263634810709,1.237681454379809,11.603263634810709,0.0,MODERATE,NO ALERT,20260911,12
watershed,B14BHT08,Watershed B14BHT08,West flowing rivers South of Tapi Basin,Bhatsol and others,582.67486923,1.3125,5.809805716063878,3.0,3.9375,0.0,NO ALERT,NO ALERT,20260911,12
watershed,B14BHT09,Watershed B14BHT09,West flowing rivers South of Tapi Basin,Bhatsol and others,391.35469588,0.0,0.0,1.0,0.0,0.0,NO ALERT,NO ALERT,20260911,12
watershed,B14BHT10,Watershed B14BHT10,West flowing rivers South of Tapi Basin,Bhatsol and others,561.45886062,0.0,0.0,1.0,0.0,0.0,NO ALERT,NO ALERT,20260911,12
watershed,B14BHT11,Watershed B14BHT11,West flowing rivers South of Tapi Basin,Bhatsol and others,916.12512845,0.0,0.0,1.0,0.0,0.0,NO ALERT,NO ALERT,20260911,12
watershed,B14BHT12,Watershed B14BHT12,West flowing rivers South of Tapi Basin,Bhatsol and others,721.41523501,4.8125,5.629949600504686,1.169859657247727,5.629949600504686,0.0,NO ALERT,NO ALERT,20260911,12
watershed,B14BHT13,Watershed B14BHT13,West flowing rivers South of Tapi Basin,Bhatsol and others,868.41170651,1.625,7.875410486818993,3.0,4.875,0.0,NO ALERT,NO ALERT,20260911,12
watershed,B14BHT14,Watershed B14BHT14,West flowing rivers South of Tapi Basin,Bhatsol and others,615.00683269,0.65625,5.731480350192279,3.0,1.96875,0.0,NO ALERT,NO ALERT,20260911,12
watershed,B14BHT15,Watershed B14BHT15,West flowing rivers South of Tapi Basin,Bhatsol and others,511.58138561,3.625,6.591730059948686,1.8184082923996376,6.591730059948686,0.0,NO ALERT,NO ALERT,20260911,12
watershed,B14BHT16,Watershed B14BHT16,West flowing rivers South of Tapi Basin,Bhatsol and others,404.4325229,4.25,7.8881707959795655,1.8560401872893095,7.8881707959795655,0.0,NO ALERT,NO ALERT,20260911,12
watershed,B14BHT17,Watershed B14BHT17,West flowing rivers South of Tapi Basin,Bhatsol and others,432.93489907,0.0,0.0,1.0,0.0,0.0,NO ALERT,NO ALERT,20260911,12
watershed,B14BHT18,Watershed B14BHT18,West flowing rivers South of Tapi Basin,Bhatsol and others,853.53362639,3.25,6.499660658336257,1.9998955871803867,6.499660658336257,0.0,NO ALERT,NO ALERT,20260911,12
watershed,B14BHT19,Watershed B14BHT19,West flowing rivers South of Tapi Basin,Bhatsol and others,356.96634581,0.0,0.0,1.0,0.0,0.0,NO ALERT,NO ALERT,20260911,12
watershed,B14BHT20,Watershed B14BHT20,West flowing rivers South of Tapi Basin,Bhatsol and others,424.08769711,0.0,0.0,1.0,0.0,0.0,NO ALERT,NO ALERT,20260911,12
watershed,B14BHT21,Watershed B14BHT21,West flowing rivers South of Tapi Basin,Bhatsol and others,581.78117405,0.0,0.0,1.0,0.0,0.0,NO ALERT,NO ALERT,20260911,12
watershed,B14BHT22,Watershed B14BHT22,West flowing rivers South of Tapi Basin,Bhatsol and others,310.70107232,0.0,0.0,1.0,0.0,0.0,NO ALERT,NO ALERT,20260911,12
watershed,B14BHT23,Watershed B14BHT23,West flowing rivers South of Tapi Basin,Bhatsol and others,523.00361925,0.0,0.0,1.0,0.0,0.0,NO ALERT,NO ALERT,20260911,12
watershed,B14BHT24,Watershed B14BHT24,West flowing rivers South of Tapi Basin,Bhatsol and others,680.75946392,4.6875,8.129821812861586,1.734361986743805,8.129821812861586,0.0,NO ALERT,NO ALERT,20260911,12
watershed,B14BHT25,Watershed B14BHT25,West flowing rivers South of Tapi Basin,Bhatsol and others,442.35337608,1.9375,8.636049737219942,3.0,5.8125,0.0,NO ALERT,NO ALERT,20260911,12
watershed,B14BHT26,Watershed B14BHT26,West flowing rivers South of Tapi Basin,Bhatsol and others,671.10402081,7.375,9.877445762900457,1.3393146797153161,9.877445762900457,0.0,NO ALERT,NO ALERT,20260911,12
watershed,B14BHT27,Watershed B14BHT27,West flowing rivers South of Tapi Basin,Bhatsol and others,812.50485209,2.625,5.7908817797491,2.2060502018091808,5.7908817797491,0.0,NO ALERT,NO ALERT,20260911,12
watershed,B14BHT28,Watershed B14BHT28,West flowing rivers South of Tapi Basin,Bhatsol and others,762.08363053,3.0625,8.632634329744807,2.818819372977896,8.632634329744807,0.0,NO ALERT,NO ALERT,20260911,12
watershed,B14BHT29,Watershed B14BHT29,West flowing rivers South of Tapi Basin,Bhatsol and others,619.79542419,2.0625,9.788420446809024,3.0,6.1875,0.0,NO ALERT,NO ALERT,20260911,12
watershed,B14BHT30,Watershed B14BHT30,West flowing rivers South of Tapi Basin,Bhatsol and others,421.64426903,2.4375,9.86615512281248,3.0,7.3125,0.0,NO ALERT,NO ALERT,20260911,12
watershed,B14BHT31,Watershed B14BHT31,West flowing rivers South of Tapi Basin,Bhatsol and others,661.74728971,8.3125,11.2280776850573,1.3507461876760662,11.2280776850573,0.0,MODERATE,NO ALERT,20260911,12
watershed,B14BHT32,Watershed B14BHT32,West flowing rivers South of Tapi Basin,Bhatsol and others,622.3820719,12.1875,12.456827844250691,1.0220986949128772,12.456827844250691,0.0,MODERATE,NO ALERT,20260911,12
watershed,B14BHT33,Watershed B14BHT33,West flowing rivers South of Tapi Basin,Bhatsol and others,514.47971386,0.0,0.0,1.0,0.0,0.0,NO ALERT,NO ALERT,20260911,12
watershed,B14BHT34,Watershed B14BHT34,West flowing rivers South of Tapi Basin,Bhatsol and others,816.92069182,6.65625,8.02198143244198,1.2051803090992645,8.02198143244198,0.0,NO ALERT,NO ALERT,20260911,12
watershed,B14BHT35,Watershed B14BHT35,West flowing rivers South of Tapi Basin,Bhatsol and others,488.72803898,0.6875,9.405103447829207,3.0,2.0625,0.0,NO ALERT,NO ALERT,20260911,12
watershed,B14BHT36,Watershed B14BHT36,West flowing rivers South of Tapi Basin,Bhatsol and others,425.84988593,4.75,14.248458131372113,2.9996753960783393,14.248458131372113,0.0,MODERATE,NO ALERT,20260911,12
watershed,B14BHT37,Watershed B14BHT37,West flowing rivers South of Tapi Basin,Bhatsol and others,932.2884642,1.125,10.87407198981063,3.0,3.375,0.0,NO ALERT,NO ALERT,20260911,12
watershed,B14BHT38,Watershed B14BHT38,West flowing rivers South of Tapi Basin,Bhatsol and others,575.40921936,3.875,15.685907457911805,3.0,11.625,0.0,MODERATE,NO ALERT,20260911,12
watershed,B14BHT39,Watershed B14BHT39,West flowing rivers South of Tapi Basin,Bhatsol and others,698.37102756,8.6875,11.44222642240459,1.317090811212039,11.44222642240459,0.0,MODERATE,NO ALERT,20260911,12
watershed,B14BHT40,Watershed B14BHT40,West flowing rivers South of Tapi Basin,Bhatsol and others,727.31980777,1.8125,10.410123376854479,3.0,5.4375,0.0,NO ALERT,NO ALERT,20260911,12
watershed,B14BHT41,Watershed B14BHT41,West flowing rivers South of Tapi Basin,Bhatsol and others,410.80455593,0.0,0.0,1.0,0.0,0.0,NO ALERT,NO ALERT,20260911,12
watershed,B14BHT42,Watershed B14BHT42,West flowing rivers South of Tapi Basin,Bhatsol and others,670.1941022,1.5,11.67481323831702,3.0,4.5,0.0,NO ALERT,NO ALERT,20260911,12
watershed,B14BHT43,Watershed B14BHT43,West flowing rivers South of Tapi Basin,Bhatsol and others,668.86629707,5.4375,11.44162161709511,2.104206274408296,11.44162161709511,0.0,MODERATE,NO ALERT,20260911,12
watershed,B14BHT44,Watershed B14BHT44,West flowing rivers South of Tapi Basin,Bhatsol and others,802.79439822,5.09375,12.115019172940354,2.37840867198829,12.115019172940354,0.0,MODERATE,NO ALERT,20260911,12
watershed,B14BHT45,Watershed B14BHT45,West flowing rivers South of Tapi Basin,Bhatsol and others,732.09082268,3.25,12.728580317268634,3.0,9.75,0.0,NO ALERT,NO ALERT,20260911,12
watershed,B14BHT46,Watershed B14BHT46,West flowing rivers South of Tapi Basin,Bhatsol and others,568.06774449,0.0,0.0,1.0,0.0,0.0,NO ALERT,NO ALERT,20260911,12
watershed,B14BHT47,Watershed B14BHT47,West flowing rivers South of Tapi Basin,Bhatsol and others,915.89265868,0.34375,7.760189379088274,3.0,1.03125,0.0,NO ALERT,NO ALERT,20260911,12
watershed,B14BHT48,Watershed B14BHT48,West flowing rivers South of Tapi Basin,Bhatsol and others,361.11402489,0.0,0.0,1.0,0.0,0.0,NO ALERT,NO ALERT,20260911,12
watershed,B14BHT49,Watershed B14BHT49,West flowing rivers South of Tapi Basin,Bhatsol and others,788.63486051,0.9375,12.369298103125129,3.0,2.8125,0.0,NO ALERT,NO ALERT,20260911,12
watershed,B14NET01,Watershed B14NET01,West flowing rivers South of Tapi Basin,Netravati and others,637.87397692,0.3125,8.479554869908176,3.0,0.9375,0.0,NO ALERT,NO ALERT,20260911,12
watershed,B14NET02,Watershed B14NET02,West flowing rivers South of Tapi Basin,Netravati and others,786.94049282,0.0,0.0,1.0,0.0,0.0,NO ALERT,NO ALERT,20260911,12
watershed,B14NET03,Watershed B14NET03,West flowing rivers South of Tapi Basin,Netravati and others,376.45609182,0.25,13.74109012721336,3.0,0.75,0.0,NO ALERT,NO ALERT,20260911,12
watershed,B14NET04,Watershed B14NET04,West flowing rivers South of Tapi Basin,Netravati and others,601.9075689,0.25,11.149971548804682,3.0,0.75,0.0,NO ALERT,NO ALERT,20260911,12
watershed,B14NET05,Watershed B14NET05,West flowing rivers South of Tapi Basin,Netravati and others,524.78347776,0.1875,14.081602121746704,3.0,0.5625,0.0,NO ALERT,NO ALERT,20260911,12
watershed,B14NET06,Watershed B14NET06,West flowing rivers South of Tapi Basin,Netravati and others,874.67762991,0.375,14.279853858482348,3.0,1.125,0.0,NO ALERT,NO ALERT,20260911,12
watershed,B14NET07,Watershed B14NET07,West flowing rivers South of Tapi Basin,Netravati and others,570.0816015,0.0,0.0,1.0,0.0,0.0,NO ALERT,NO ALERT,20260911,12
watershed,B14NET08,Watershed B14NET08,West flowing rivers South of Tapi Basin,Netravati and others,675.66282072,0.0625,4.903642646090625,1.0,0.0625,0.0,NO ALERT,NO ALERT,20260911,12
watershed,B14NET09,Watershed B14NET09,West flowing rivers South of Tapi Basin,Netravati and others,423.05399614,0.125,6.879223658491488,3.0,0.375,0.0,NO ALERT,NO ALERT,20260911,12
watershed,B14NET10,Watershed B14NET10,West flowing rivers South of Tapi Basin,Netravati and others,928.91842385,0.375,14.270335337805422,3.0,1.125,0.0,NO ALERT,NO ALERT,20260911,12
watershed,B14NET11,Watershed B14NET11,West flowing rivers South of Tapi Basin,Netravati and others,409.81118644,0.25,10.773836162686347,3.0,0.75,0.0,NO ALERT,NO ALERT,20260911,12
watershed,B14NET12,Watershed B14NET12,West flowing rivers South of Tapi Basin,Netravati and others,460.22343482,0.0,0.0,1.0,0.0,0.0,NO ALERT,NO ALERT,20260911,12
watershed,B14NET13,Watershed B14NET13,West flowing rivers South of Tapi Basin,Netravati and others,385.44999632,0.0,0.0,1.0,0.0,0.0,NO ALERT,NO ALERT,20260911,12
watershed,B14NET14,Watershed B14NET14,West flowing rivers South of Tapi Basin,Netravati and others,782.40821541,0.0,0.0,1.0,0.0,0.0,NO ALERT,NO ALERT,20260911,12
watershed,B14NET15,Watershed B14NET15,West flowing rivers South of Tapi Basin,Netravati and others,410.54945035,0.21875,13.101828898938551,3.0,0.65625,0.0,NO ALERT,NO ALERT,20260911,12
watershed,B14NET16,Watershed B14NET16,West flowing rivers South of Tapi Basin,Netravati and others,775.34173046,0.5,13.47545813215922,3.0,1.5,0.0,NO ALERT,NO ALERT,20260911,12
watershed,B14NET17,Watershed B14NET17,West flowing rivers South of Tapi Basin,Netravati and others,669.15909266,0.53125,15.035182324358045,3.0,1.59375,0.0,NO ALERT,NO ALERT,20260911,12
watershed,B14NET18,Watershed B14NET18,West flowing rivers South of Tapi Basin,Netravati and others,906.89491058,0.65625,13.649772556901794,3.0,1.96875,0.0,NO ALERT,NO ALERT,20260911,12
watershed,B14NET19,Watershed B14NET19,West flowing rivers South of Tapi Basin,Netravati and others,546.75820497,0.4375,13.019909602669005,3.0,1.3125,0.0,NO ALERT,NO ALERT,20260911,12
watershed,B14NET20,Watershed B14NET20,West flowing rivers South of Tapi Basin,Netravati and others,503.21924657,0.0,0.0,1.0,0.0,0.0,NO ALERT,NO ALERT,20260911,12
watershed,B14NET21,Watershed B14NET21,West flowing rivers South of Tapi Basin,Netravati and others,794.82648715,0.1875,14.199513003230095,3.0,0.5625,0.0,NO ALERT,NO ALERT,20260911,12
watershed,B14NET22,Watershed B14NET22,West flowing rivers South of Tapi Basin,Netravati and others,397.54865311,0.0,0.0,1.0,0.0,0.0,NO ALERT,NO ALERT,20260911,12
watershed,B14NET23,Watershed B14NET23,West flowing rivers South of Tapi Basin,Netravati and others,524.40634792,0.125,7.589222672153009,3.0,0.375,0.0,NO ALERT,NO ALERT,20260911,12
watershed,B14NET24,Watershed B14NET24,West flowing rivers South of Tapi Basin,Netravati and others,403.14494437,0.0,0.0,1.0,0.0,0.0,NO ALERT,NO ALERT,20260911,12
watershed,B14NET25,Watershed B14NET25,West flowing rivers South of Tapi Basin,Netravati and others,494.44707673,0.0,11.709353310094304,1.0,0.0,0.0,NO ALERT,NO ALERT,20260911,12
watershed,B14NET26,Watershed B14NET26,West flowing rivers South of Tapi Basin,Netravati and others,600.72670189,0.0,0.0,1.0,0.0,0.0,NO ALERT,NO ALERT,20260911,12
watershed,B14NET27,Watershed B14NET27,West flowing rivers South of Tapi Basin,Netravati and others,481.37335128,0.875,14.12406945679694,3.0,2.625,0.0,NO ALERT,NO ALERT,20260911,12
watershed,B14NET28,Watershed B14NET28,West flowing rivers South of Tapi Basin,Netravati and others,586.09015495,0.0,0.0,1.0,0.0,0.0,NO ALERT,NO ALERT,20260911,12
watershed,B14NET29,Watershed B14NET29,West flowing rivers South of Tapi Basin,Netravati and others,317.42148096,0.375,14.027701216711574,3.0,1.125,0.0,NO ALERT,NO ALERT,20260911,12
watershed,B14NET30,Watershed B14NET30,West flowing rivers South of Tapi Basin,Netravati and others,780.8217091,0.0,0.0,1.0,0.0,0.0,NO ALERT,NO ALERT,20260911,12
watershed,B14NET31,Watershed B14NET31,West flowing rivers South of Tapi Basin,Netravati and others,546.68629194,0.1875,10.468591700678003,3.0,0.5625,0.0,NO ALERT,NO ALERT,20260911,12
watershed,B14NET32,Watershed B14NET32,West flowing rivers South of Tapi Basin,Netravati and others,584.42315933,0.0625,12.500650645772073,1.0,0.0625,0.0,NO ALERT,NO ALERT,20260911,12
watershed,B14PAR01,Watershed B14PAR01,West flowing rivers South of Tapi Basin,Periyar and others,737.54586077,7.0,2.639107621389709,0.37701537448424416,2.639107621389709,0.0,NO ALERT,NO ALERT,20260911,12
watershed,B14PAR02,Watershed B14PAR02,West flowing rivers South of Tapi Basin,Periyar and others,637.52382582,3.0625,6.776037807272721,2.2125837738033374,6.77603780727272,0.0,NO ALERT,NO ALERT,20260911,12
watershed,B14PAR03,Watershed B14PAR03,West flowing rivers South of Tapi Basin,Periyar and others,520.66943046,0.0,0.0,1.0,0.0,0.0,NO ALERT,NO ALERT,20260911,12
watershed,B14PAR04,Watershed B14PAR04,West flowing rivers South of Tapi Basin,Periyar and others,488.92075757,6.625,14.289538907861873,2.1569115332621696,14.289538907861873,0.0,MODERATE,NO ALERT,20260911,12
watershed,B14PAR05,Watershed B14PAR05,West flowing rivers South of Tapi Basin,Periyar and others,558.54723647,4.4375,9.262141017289194,2.0872430461496774,9.262141017289194,0.0,NO ALERT,NO ALERT,20260911,12
watershed,B14PAR06,Watershed B14PAR06,West flowing rivers South of Tapi Basin,Periyar and others,631.62624375,5.5625,1.6391963436178965,0.3,1.66875,0.0,NO ALERT,NO ALERT,20260911,12
watershed,B14PAR07,Watershed B14PAR07,West flowing rivers South of Tapi Basin,Periyar and others,366.88601259,0.0,0.0,1.0,0.0,0.0,NO ALERT,NO ALERT,20260911,12
watershed,B14PAR08,Watershed B14PAR08,West flowing rivers South of Tapi Basin,Periyar and others,603.24597269,0.4375,8.72575654875334,3.0,1.3125,0.0,NO ALERT,NO ALERT,20260911,12
watershed,B14PAR09,Watershed B14PAR09,West flowing rivers South of Tapi Basin,Periyar and others,525.70503455,1.6875,6.710500382070672,3.0,5.0625,0.0,NO ALERT,NO ALERT,20260911,12
watershed,B14PAR10,Watershed B14PAR10,West flowing rivers South of Tapi Basin,Periyar and others,771.55134841,0.0,0.0,1.0,0.0,0.0,NO ALERT,NO ALERT,20260911,12
watershed,B14PAR11,Watershed B14PAR11,West flowing rivers South of Tapi Basin,Periyar and others,538.29827811,0.0,0.0,1.0,0.0,0.0,NO ALERT,NO ALERT,20260911,12
watershed,B14PAR12,Watershed B14PAR12,West flowing rivers South of Tapi Basin,Periyar and others,487.89708435,0.3125,9.827944050423087,3.0,0.9375,0.0,NO ALERT,NO ALERT,20260911,12
watershed,B14PAR13,Watershed B14PAR13,West flowing rivers South of Tapi Basin,Periyar and others,815.27981395,2.6875,2.683820341711175,0.9986308248227627,2.683820341711175,0.0,NO ALERT,NO ALERT,20260911,12
watershed,B14PAR14,Watershed B14PAR14,West flowing rivers South of Tapi Basin,Periyar and others,629.82551093,1.625,4.218487691368959,2.595992425457821,4.218487691368959,0.0,NO ALERT,NO ALERT,20260911,12
watershed,B14PAR15,Watershed B14PAR15,West flowing rivers South of Tapi Basin,Periyar and others,616.48051064,0.9375,9.130161097074208,3.0,2.8125,0.0,NO ALERT,NO ALERT,20260911,12
watershed,B14PAR16,Watershed B14PAR16,West flowing rivers South of Tapi Basin,Periyar and others,588.96615668,2.03125,9.693320961663986,3.0,6.09375,0.0,NO ALERT,NO ALERT,20260911,12
watershed,B14PAR17,Watershed B14PAR17,West flowing rivers South of Tapi Basin,Periyar and others,738.59950858,0.4375,9.227419978216902,3.0,1.3125,0.0,NO ALERT,NO ALERT,20260911,12
watershed,B14PAR18,Watershed B14PAR18,West flowing rivers South of Tapi Basin,Periyar and others,453.08047956,1.1875,11.585692518745383,3.0,3.5625,0.0,NO ALERT,NO ALERT,20260911,12
watershed,B14PAR19,Watershed B14PAR19,West flowing rivers South of Tapi Basin,Periyar and others,626.62036005,0.0,0.0,1.0,0.0,0.0,NO ALERT,NO ALERT,20260911,12
watershed,B14PAR20,Watershed B14PAR20,West flowing rivers South of Tapi Basin,Periyar and others,717.876151,0.75,10.77232720441606,3.0,2.25,0.0,NO ALERT,NO ALERT,20260911,12
watershed,B14PAR21,Watershed B14PAR21,West flowing rivers South of Tapi Basin,Periyar and others,628.72701831,1.375,11.426302286410985,3.0,4.125,0.0,NO ALERT,NO ALERT,20260911,12
watershed,B14PAR22,Watershed B14PAR22,West flowing rivers South of Tapi Basin,Periyar and others,403.25591941,0.0,0.0,1.0,0.0,0.0,NO ALERT,NO ALERT,20260911,12
watershed,B14PAR23,Watershed B14PAR23,West flowing rivers South of Tapi Basin,Periyar and others,440.50152906,0.6875,11.014383549804556,3.0,2.0625,0.0,NO ALERT,NO ALERT,20260911,12
watershed,B14PAR24,Watershed B14PAR24,West flowing rivers South of Tapi Basin,Periyar and others,744.0225774,0.0,0.0,1.0,0.0,0.0,NO ALERT,NO ALERT,20260911,12
watershed,B14PAR25,Watershed B14PAR25,West flowing rivers South of Tapi Basin,Periyar and others,933.86435353,1.65625,9.723906203696172,3.0,4.96875,0.0,NO ALERT,NO ALERT,20260911,12
watershed,B14PAR26,Watershed B14PAR26,West flowing rivers South of Tapi Basin,Periyar and others,573.58608125,0.0,0.0,1.0,0.0,0.0,NO ALERT,NO ALERT,20260911,12
watershed,B14PAR27,Watershed B14PAR27,West flowing rivers South of Tapi Basin,Periyar and others,659.73225388,1.0625,6.068461225722751,3.0,3.1875,0.0,NO ALERT,NO ALERT,20260911,12
watershed,B14PAR28,Watershed B14PAR28,West flowing rivers South of Tapi Basin,Periyar and others,416.99505988,0.0,0.0,1.0,0.0,0.0,NO ALERT,NO ALERT,20260911,12
watershed,B14PAR29,Watershed B14PAR29,West flowing rivers South of Tapi Basin,Periyar and others,373.11968492,2.3125,4.565906472769502,1.9744460422787036,4.565906472769502,0.0,NO ALERT,NO ALERT,20260911,12
watershed,B14PAR30,Watershed B14PAR30,West flowing rivers South of Tapi Basin,Periyar and others,545.64944252,0.0,0.0,1.0,0.0,0.0,NO ALERT,NO ALERT,20260911,12
watershed,B14PAR31,Watershed B14PAR31,West flowing rivers South of Tapi Basin,Periyar and others,476.7820602,0.0,0.0,1.0,0.0,0.0,NO ALERT,NO ALERT,20260911,12
watershed,B14PAR32,Watershed B14PAR32,West flowing rivers South of Tapi Basin,Periyar and others,780.88791358,0.5625,7.428988591663233,3.0,1.6875,0.0,NO ALERT,NO ALERT,20260911,12
watershed,B14PAR33,Watershed B14PAR33,West flowing rivers South of Tapi Basin,Periyar and others,642.91220887,0.5,5.056922994533631,3.0,1.5,0.0,NO ALERT,NO ALERT,20260911,12
watershed,B14PAR34,Watershed B14PAR34,West flowing rivers South of Tapi Basin,Periyar and others,538.99697708,0.0,0.0,1.0,0.0,0.0,NO ALERT,NO ALERT,20260911,12
watershed,B14PAR35,Watershed B14PAR35,West flowing rivers South of Tapi Basin,Periyar and others,838.89591874,2.0625,4.02200124933295,1.950061211797794,4.02200124933295,0.0,NO ALERT,NO ALERT,20260911,12
watershed,B14PAR36,Watershed B14PAR36,West flowing rivers South of Tapi Basin,Periyar and others,502.02593717,0.3125,2.9138486866877504,3.0,0.9375,0.0,NO ALERT,NO ALERT,20260911,12
watershed,B14PAR37,Watershed B14PAR37,West flowing rivers South of Tapi Basin,Periyar and others,340.10850552,0.0625,2.103602265821744,1.0,0.0625,0.0,NO ALERT,NO ALERT,20260911,12
watershed,B14VAR01,Watershed B14VAR01,West flowing rivers South of Tapi Basin,Varrar and others,392.97539668,3.6875,4.093034871555354,1.1099755583878927,4.093034871555354,0.0,NO ALERT,NO ALERT,20260911,12
watershed,B14VAR02,Watershed B14VAR02,West flowing rivers South of Tapi Basin,Varrar and others,549.22746617,0.0,0.0,1.0,0.0,0.0,NO ALERT,NO ALERT,20260911,12
watershed,B14VAR03,Watershed B14VAR03,West flowing rivers South of Tapi Basin,Varrar and others,726.7488805,0.125,2.628691479604538,3.0,0.375,0.0,NO ALERT,NO ALERT,20260911,12
watershed,B14VAR04,Watershed B14VAR04,West flowing rivers South of Tapi Basin,Varrar and others,690.39360298,0.0,0.0,1.0,0.0,0.0,NO ALERT,NO ALERT,20260911,12
watershed,B14VAR05,Watershed B14VAR05,West flowing rivers South of Tapi Basin,Varrar and others,372.93379353,0.3125,4.898553585618326,3.0,0.9375,0.0,NO ALERT,NO ALERT,20260911,12
watershed,B14VAR06,Watershed B14VAR06,West flowing rivers South of Tapi Basin,Varrar and others,520.49754038,0.0,0.0,1.0,0.0,0.0,NO ALERT,NO ALERT,20260911,12
watershed,B14VAR07,Watershed B14VAR07,West flowing rivers South of Tapi Basin,Varrar and others,538.51467456,0.375,6.136692670069329,3.0,1.125,0.0,NO ALERT,NO ALERT,20260911,12
watershed,B14VAR08,Watershed B14VAR08,West flowing rivers South of Tapi Basin,Varrar and others,363.17002253,0.5625,6.933302793355837,3.0,1.6875,0.0,NO ALERT,NO ALERT,20260911,12
watershed,B14VAR09,Watershed B14VAR09,West flowing rivers South of Tapi Basin,Varrar and others,591.06668855,2.5625,6.874278767141577,2.6826453725430546,6.874278767141577,0.0,NO ALERT,NO ALERT,20260911,12
watershed,B14VAR10,Watershed B14VAR10,West flowing rivers South of Tapi Basin,Varrar and others,978.15617963,0.125,7.25200630459067,3.0,0.375,0.0,NO ALERT,NO ALERT,20260911,12
watershed,B14VAR11,Watershed B14VAR11,West flowing rivers South of Tapi Basin,Varrar and others,761.26833572,0.4375,8.331352660896844,3.0,1.3125,0.0,NO ALERT,NO ALERT,20260911,12
watershed,B14VAR12,Watershed B14VAR12,West flowing rivers South of Tapi Basin,Varrar and others,814.712398,9.875,5.419420778710548,0.5488021041732201,5.419420778710548,0.0,NO ALERT,NO ALERT,20260911,12
watershed,B14VAR13,Watershed B14VAR13,West flowing rivers South of Tapi Basin,Varrar and others,509.46102887,4.5,8.50468429061648,1.8899298423592177,8.50468429061648,0.0,NO ALERT,NO ALERT,20260911,12
watershed,B14VAR14,Watershed B14VAR14,West flowing rivers South of Tapi Basin,Varrar and others,694.2508252,2.1875,5.587309694698412,2.554198717576417,5.587309694698412,0.0,NO ALERT,NO ALERT,20260911,12
watershed,B14VAR15,Watershed B14VAR15,West flowing rivers South of Tapi Basin,Varrar and others,512.20325333,0.9375,8.561116217403379,3.0,2.8125,0.0,NO ALERT,NO ALERT,20260911,12
watershed,B14VAR16,Watershed B14VAR16,West flowing rivers South of Tapi Basin,Varrar and others,504.22272171,3.875,9.624969288563891,2.4838630422100363,9.624969288563891,0.0,NO ALERT,NO ALERT,20260911,12
watershed,B14VAR17,Watershed B14VAR17,West flowing rivers South of Tapi Basin,Varrar and others,699.2164247,0.25,7.655443857018262,3.0,0.75,0.0,NO ALERT,NO ALERT,20260911,12
watershed,B14VAR18,Watershed B14VAR18,West flowing rivers South of Tapi Basin,Varrar and others,561.70401839,0.0625,7.985242042455771,1.0,0.0625,0.0,NO ALERT,NO ALERT,20260911,12
watershed,B14VAR19,Watershed B14VAR19,West flowing rivers South of Tapi Basin,Varrar and others,797.61014973,0.0,0.0,1.0,0.0,0.0,NO ALERT,NO ALERT,20260911,12
watershed,B14VAR20,Watershed B14VAR20,West flowing rivers South of Tapi Basin,Varrar and others,868.59133396,0.375,9.197004006374373,3.0,1.125,0.0,NO ALERT,NO ALERT,20260911,12
watershed,B14VAR21,Watershed B14VAR21,West flowing rivers South of Tapi Basin,Varrar and others,416.34874174,0.6875,8.498275263382965,3.0,2.0625,0.0,NO ALERT,NO ALERT,20260911,12
watershed,B14VAR22,Watershed B14VAR22,West flowing rivers South of Tapi Basin,Varrar and others,668.96394325,0.0,0.0,1.0,0.0,0.0,NO ALERT,NO ALERT,20260911,12
watershed,B14VAR23,Watershed B14VAR23,West flowing rivers South of Tapi Basin,Varrar and others,632.45952156,0.5,11.19935141344593,3.0,1.5,0.0,NO ALERT,NO ALERT,20260911,12
watershed,B14VAS01,Watershed B14VAS01,West flowing rivers South of Tapi Basin,Vasishti and others,754.50067829,0.0,2.3429104580862883,1.0,0.0,0.0,NO ALERT,NO ALERT,20260911,12
watershed,B14VAS02,Watershed B14VAS02,West flowing rivers South of Tapi Basin,Vasishti and others,487.23987947,0.0,2.7585751224258175,1.0,0.0,0.0,NO ALERT,NO ALERT,20260911,12
watershed,B14VAS03,Watershed B14VAS03,West flowing rivers South of Tapi Basin,Vasishti and others,402.81587645,0.0,0.0,1.0,0.0,0.0,NO ALERT,NO ALERT,20260911,12
watershed,B14VAS04,Watershed B14VAS04,West flowing rivers South of Tapi Basin,Vasishti and others,547.32009867,0.0,3.596542371564532,1.0,0.0,0.0,NO ALERT,NO ALERT,20260911,12
watershed,B14VAS05,Watershed B14VAS05,West flowing rivers South of Tapi Basin,Vasishti and others,518.68796259,0.0625,5.231735807983843,1.0,0.0625,0.0,NO ALERT,NO ALERT,20260911,12
watershed,B14VAS06,Watershed B14VAS06,West flowing rivers South of Tapi Basin,Vasishti and others,501.3209819,0.0,0.0,1.0,0.0,0.0,NO ALERT,NO ALERT,20260911,12
watershed,B14VAS07,Watershed B14VAS07,West flowing rivers South of Tapi Basin,Vasishti and others,571.28735515,0.0625,10.2756695136632,1.0,0.0625,0.0,NO ALERT,NO ALERT,20260911,12
watershed,B14VAS08,Watershed B14VAS08,West flowing rivers South of Tapi Basin,Vasishti and others,549.63478974,0.0625,6.406479214723796,1.0,0.0625,0.0,NO ALERT,NO ALERT,20260911,12
watershed,B14VAS09,Watershed B14VAS09,West flowing rivers South of Tapi Basin,Vasishti and others,466.48882634,0.0625,7.132153416333133,1.0,0.0625,0.0,NO ALERT,NO ALERT,20260911,12
watershed,B14VAS10,Watershed B14VAS10,West flowing rivers South of Tapi Basin,Vasishti and others,669.90912195,0.0,3.10868801784842,1.0,0.0,0.0,NO ALERT,NO ALERT,20260911,12
watershed,B14VAS11,Watershed B14VAS11,West flowing rivers South of Tapi Basin,Vasishti and others,594.58132127,0.0,2.9978559419104496,1.0,0.0,0.0,NO ALERT,NO ALERT,20260911,12
watershed,B14VAS12,Watershed B14VAS12,West flowing rivers South of Tapi Basin,Vasishti and others,594.97827803,0.0,0.0,1.0,0.0,0.0,NO ALERT,NO ALERT,20260911,12
watershed,B14VAS13,Watershed B14VAS13,West flowing rivers South of Tapi Basin,Vasishti and others,669.30807841,0.0,0.0,1.0,0.0,0.0,NO ALERT,NO ALERT,20260911,12
watershed,B14VAS14,Watershed B14VAS14,West flowing rivers South of Tapi Basin,Vasishti and others,414.50895683,0.0625,8.879829060418965,1.0,0.0625,0.0,NO ALERT,NO ALERT,20260911,12
watershed,B14VAS15,Watershed B14VAS15,West flowing rivers South of Tapi Basin,Vasishti and others,447.63745161,0.4375,14.503442872182964,3.0,1.3125,0.0,NO ALERT,NO ALERT,20260911,12
watershed,B14VAS16,Watershed B14VAS16,West flowing rivers South of Tapi Basin,Vasishti and others,979.24826036,0.25,12.787788622387469,3.0,0.75,0.0,NO ALERT,NO ALERT,20260911,12
watershed,B14VAS17,Watershed B14VAS17,West flowing rivers South of Tapi Basin,Vasishti and others,833.32770472,2.75,13.177991057177113,3.0,8.25,0.0,NO ALERT,NO ALERT,20260911,12
watershed,B14VAS18,Watershed B14VAS18,West flowing rivers South of Tapi Basin,Vasishti and others,725.014271,2.9375,11.184570046626542,3.0,8.8125,0.0,NO ALERT,NO ALERT,20260911,12
watershed,B14VAS19,Watershed B14VAS19,West flowing rivers South of Tapi Basin,Vasishti and others,766.95472677,1.125,11.771828505988807,3.0,3.375,0.0,NO ALERT,NO ALERT,20260911,12
watershed,B14VAS20,Watershed B14VAS20,West flowing rivers South of Tapi Basin,Vasishti and others,479.65286893,0.0,0.0,1.0,0.0,0.0,NO ALERT,NO ALERT,20260911,12
watershed,B14VAS21,Watershed B14VAS21,West flowing rivers South of Tapi Basin,Vasishti and others,335.11845283,2.375,11.180127058821181,3.0,7.125,0.0,NO ALERT,NO ALERT,20260911,12
watershed,B14VAS22,Watershed B14VAS22,West flowing rivers South of Tapi Basin,Vasishti and others,549.26425808,2.5,12.704948557362165,3.0,7.5,0.0,NO ALERT,NO ALERT,20260911,12
watershed,B14VAS23,Watershed B14VAS23,West flowing rivers South of Tapi Basin,Vasishti and others,545.90527757,0.0,0.0,1.0,0.0,0.0,NO ALERT,NO ALERT,20260911,12
watershed,B14VAS24,Watershed B14VAS24,West flowing rivers South of Tapi Basin,Vasishti and others,640.45696669,0.9375,11.547000687497937,3.0,2.8125,0.0,NO ALERT,NO ALERT,20260911,12
watershed,B14VAS25,Watershed B14VAS25,West flowing rivers South of Tapi Basin,Vasishti and others,508.14620546,2.5,17.21273768303329,3.0,7.5,0.0,NO ALERT,NO ALERT,20260911,12
watershed,B14VAS26,Watershed B14VAS26,West flowing rivers South of Tapi Basin,Vasishti and others,516.9515466,2.125,13.792786704677425,3.0,6.375,0.0,NO ALERT,NO ALERT,20260911,12
watershed,B14VAS27,Watershed B14VAS27,West flowing rivers South of Tapi Basin,Vasishti and others,482.02827361,1.9375,14.444381749874925,3.0,5.8125,0.0,NO ALERT,NO ALERT,20260911,12
watershed,B14VAS28,Watershed B14VAS28,West flowing rivers South of Tapi Basin,Vasishti and others,541.64492581,0.0,0.0,1.0,0.0,0.0,NO ALERT,NO ALERT,20260911,12
watershed,B14VAS29,Watershed B14VAS29,West flowing rivers South of Tapi Basin,Vasishti and others,514.31964538,0.5625,7.801508573136509,3.0,1.6875,0.0,NO ALERT,NO ALERT,20260911,12
watershed,B14VAS30,Watershed B14VAS30,West flowing rivers South of Tapi Basin,Vasishti and others,365.82891773,0.0,0.0,1.0,0.0,0.0,NO ALERT,NO ALERT,20260911,12
watershed,B14VAS31,Watershed B14VAS31,West flowing rivers South of Tapi Basin,Vasishti and others,634.09951515,0.75,14.224582658279433,3.0,2.25,0.0,NO ALERT,NO ALERT,20260911,12
watershed,B14VAS32,Watershed B14VAS32,West flowing rivers South of Tapi Basin,Vasishti and others,686.70532944,0.0,0.0,1.0,0.0,0.0,NO ALERT,NO ALERT,20260911,12
watershed,B14VAS33,Watershed B14VAS33,West flowing rivers South of Tapi Basin,Vasishti and others,800.27825945,0.75,12.78627954074373,3.0,2.25,0.0,NO ALERT,NO ALERT,20260911,12
watershed,B14VAS34,Watershed B14VAS34,West flowing rivers South of Tapi Basin,Vasishti and others,643.43368111,0.8125,14.702043546185102,3.0,2.4375,0.0,NO ALERT,NO ALERT,20260911,12
watershed,B14VAS35,Watershed B14VAS35,West flowing rivers South of Tapi Basin,Vasishti and others,665.50607869,0.875,13.691598015615385,3.0,2.625,0.0,NO ALERT,NO ALERT,20260911,12
watershed,B14VAS36,Watershed B14VAS36,West flowing rivers South of Tapi Basin,Vasishti and others,430.95156515,0.1875,6.829590172187923,3.0,0.5625,0.0,NO ALERT,NO ALERT,20260911,12
watershed,B14VAS37,Watershed B14VAS37,West flowing rivers South of Tapi Basin,Vasishti and others,569.31862281,0.0,0.0,1.0,0.0,0.0,NO ALERT,NO ALERT,20260911,12
watershed,B14VAS38,Watershed B14VAS38,West flowing rivers South of Tapi Basin,Vasishti and others,551.01473449,0.125,13.90152978019355,3.0,0.375,0.0,NO ALERT,NO ALERT,20260911,12
watershed,B14VAS39,Watershed B14VAS39,West flowing rivers South of Tapi Basin,Vasishti and others,619.66166463,0.0,0.0,1.0,0.0,0.0,NO ALERT,NO ALERT,20260911,12
watershed,B14VAS40,Watershed B14VAS40,West flowing rivers South of Tapi Basin,Vasishti and others,526.48129681,1.5,7.1073442170064745,3.0,4.5,0.0,NO ALERT,NO ALERT,20260911,12
watershed,B14VAS41,Watershed B14VAS41,West flowing rivers South of Tapi Basin,Vasishti and others,915.03230249,2.8125,13.359919830054453,3.0,8.4375,0.0,NO ALERT,NO ALERT,20260911,12
watershed,B14VAS42,Watershed B14VAS42,West flowing rivers South of Tapi Basin,Vasishti and others,599.62239721,2.25,10.9571074154279,3.0,6.75,0.0,NO ALERT,NO ALERT,20260911,12
watershed,B14VAS43,Watershed B14VAS43,West flowing rivers South of Tapi Basin,Vasishti and others,437.28664163,0.0,0.0,1.0,0.0,0.0,NO ALERT,NO ALERT,20260911,12
watershed,B14VAS44,Watershed B14VAS44,West flowing rivers South of Tapi Basin,Vasishti and others,463.71066488,1.75,11.693098522539008,3.0,5.25,0.0,NO ALERT,NO ALERT,20260911,12
watershed,B14VAS45,Watershed B14VAS45,West flowing rivers South of Tapi Basin,Vasishti and others,787.7840486,1.0,11.364008668503942,3.0,3.0,0.0,NO ALERT,NO ALERT,20260911,12
watershed,B14VAS46,Watershed B14VAS46,West flowing rivers South of Tapi Basin,Vasishti and others,436.2697509,0.0,0.0,1.0,0.0,0.0,NO ALERT,NO ALERT,20260911,12
watershed,B14VAS47,Watershed B14VAS47,West flowing rivers South of Tapi Basin,Vasishti and others,732.71158497,0.59375,9.302885371058771,3.0,1.78125,0.0,NO ALERT,NO ALERT,20260911,12
watershed,B20BHA01,Watershed B20BHA01,West flowing rivers of Kutch and Saurashtra including Luni Basin,Bhadar and other west flowing rivers,410.66567897,0.8125,1.6359515894357473,2.013478879305535,1.6359515894357473,0.0,NO ALERT,NO ALERT,20260911,12
watershed,B20BHA02,Watershed B20BHA02,West flowing rivers of Kutch and Saurashtra including Luni Basin,Bhadar and other west flowing rivers,512.6555223,0.375,1.7958477606512095,3.0,1.125,0.0,NO ALERT,NO ALERT,20260911,12
watershed,B20BHA03,Watershed B20BHA03,West flowing rivers of Kutch and Saurashtra including Luni Basin,Bhadar and other west flowing rivers,709.95367794,0.3125,2.246518942917863,3.0,0.9375,0.0,NO ALERT,NO ALERT,20260911,12
watershed,B20BHA04,Watershed B20BHA04,West flowing rivers of Kutch and Saurashtra including Luni Basin,Bhadar and other west flowing rivers,706.13817524,0.0,0.0,1.0,0.0,0.0,NO ALERT,NO ALERT,20260911,12
watershed,B20BHA05,Watershed B20BHA05,West flowing rivers of Kutch and Saurashtra including Luni Basin,Bhadar and other west flowing rivers,708.30695621,0.375,2.9867316279509297,3.0,1.125,0.0,NO ALERT,NO ALERT,20260911,12
watershed,B20BHA06,Watershed B20BHA06,West flowing rivers of Kutch and Saurashtra including Luni Basin,Bhadar and other west flowing rivers,564.92419147,0.25,2.7204566592223025,3.0,0.75,0.0,NO ALERT,NO ALERT,20260911,12
watershed,B20BHA07,Watershed B20BHA07,West flowing rivers of Kutch and Saurashtra including Luni Basin,Bhadar and other west flowing rivers,556.6281613,0.0625,2.862800709597052,1.0,0.0625,0.0,NO ALERT,NO ALERT,20260911,12
watershed,B20BHA08,Watershed B20BHA08,West flowing rivers of Kutch and Saurashtra including Luni Basin,Bhadar and other west flowing rivers,456.50275784,0.0,0.0,1.0,0.0,0.0,NO ALERT,NO ALERT,20260911,12
watershed,B20BHA09,Watershed B20BHA09,West flowing rivers of Kutch and Saurashtra including Luni Basin,Bhadar and other west flowing rivers,502.6434987,1.25,2.8466806555447515,2.2773445244358013,2.8466806555447515,0.0,NO ALERT,NO ALERT,20260911,12
watershed,B20BHA10,Watershed B20BHA10,West flowing rivers of Kutch and Saurashtra including Luni Basin,Bhadar and other west flowing rivers,695.89701684,1.0625,2.5058689966287515,2.358464938003531,2.5058689966287515,0.0,NO ALERT,NO ALERT,20260911,12
watershed,B20BHA11,Watershed B20BHA11,West flowing rivers of Kutch and Saurashtra including Luni Basin,Bhadar and other west flowing rivers,661.41711082,3.75,1.956347994649247,0.5216927985731326,1.956347994649247,0.0,NO ALERT,NO ALERT,20260911,12
watershed,B20BHA12,Watershed B20BHA12,West flowing rivers of Kutch and Saurashtra including Luni Basin,Bhadar and other west flowing rivers,709.22608956,0.6875,3.0912264698784644,3.0,2.0625,0.0,NO ALERT,NO ALERT,20260911,12
watershed,B20BHA13,Watershed B20BHA13,West flowing rivers of Kutch and Saurashtra including Luni Basin,Bhadar and other west flowing rivers,693.73341412,4.9375,3.082567402822514,0.6243174486729143,3.082567402822514,0.0,NO ALERT,NO ALERT,20260911,12
watershed,B20BHA14,Watershed B20BHA14,West flowing rivers of Kutch and Saurashtra including Luni Basin,Bhadar and other west flowing rivers,635.7499287,0.0,0.0,1.0,0.0,0.0,NO ALERT,NO ALERT,20260911,12
watershed,B20BHA15,Watershed B20BHA15,West flowing rivers of Kutch and Saurashtra including Luni Basin,Bhadar and other west flowing rivers,771.37485415,0.0,0.0,1.0,0.0,0.0,NO ALERT,NO ALERT,20260911,12
watershed,B20BHA16,Watershed B20BHA16,West flowing rivers of Kutch and Saurashtra including Luni Basin,Bhadar and other west flowing rivers,377.44501086,1.5625,3.766196032909498,2.410365461062079,3.766196032909498,0.0,NO ALERT,NO ALERT,20260911,12
watershed,B20BHA17,Watershed B20BHA17,West flowing rivers of Kutch and Saurashtra including Luni Basin,Bhadar and other west flowing rivers,657.00811239,2.6875,3.912025129448061,1.455637257469046,3.912025129448061,0.0,NO ALERT,NO ALERT,20260911,12
watershed,B20BHA18,Watershed B20BHA18,West flowing rivers of Kutch and Saurashtra including Luni Basin,Bhadar and other west flowing rivers,679.82514672,0.0,3.640326046657889,1.0,0.0,0.0,NO ALERT,NO ALERT,20260911,12
watershed,B20BHA19,Watershed B20BHA19,West flowing rivers of Kutch and Saurashtra including Luni Basin,Bhadar and other west flowing rivers,331.14127909,0.25,3.9625831212082954,3.0,0.75,0.0,NO ALERT,NO ALERT,20260911,12
watershed,B20BHA20,Watershed B20BHA20,West flowing rivers of Kutch and Saurashtra including Luni Basin,Bhadar and other west flowing rivers,726.26817119,0.0,3.6204180437408082,1.0,0.0,0.0,NO ALERT,NO ALERT,20260911,12
watershed,B20BHA21,Watershed B20BHA21,West flowing rivers of Kutch and Saurashtra including Luni Basin,Bhadar and other west flowing rivers,964.84106182,0.8125,4.144012841500648,3.0,2.4375,0.0,NO ALERT,NO ALERT,20260911,12
watershed,B20BHA22,Watershed B20BHA22,West flowing rivers of Kutch and Saurashtra including Luni Basin,Bhadar and other west flowing rivers,885.50711327,2.0625,3.7278090114054616,1.8074225509844661,3.7278090114054616,0.0,NO ALERT,NO ALERT,20260911,12
watershed,B20BHA23,Watershed B20BHA23,West flowing rivers of Kutch and Saurashtra including Luni Basin,Bhadar and other west flowing rivers,761.43330924,1.3125,2.9119260831748788,2.2186103490856217,2.9119260831748783,0.0,NO ALERT,NO ALERT,20260911,12
watershed,B20BHA24,Watershed B20BHA24,West flowing rivers of Kutch and Saurashtra including Luni Basin,Bhadar and other west flowing rivers,630.82946395,0.0625,3.270682067495503,1.0,0.0625,0.0,NO ALERT,NO ALERT,20260911,12
watershed,B20BHA25,Watershed B20BHA25,West flowing rivers of Kutch and Saurashtra including Luni Basin,Bhadar and other west flowing rivers,344.58941128,0.0625,3.3418817034731174,1.0,0.0625,0.0,NO ALERT,NO ALERT,20260911,12
watershed,B20BHA26,Watershed B20BHA26,West flowing rivers of Kutch and Saurashtra including Luni Basin,Bhadar and other west flowing rivers,516.25495288,1.0625,2.6837479501146158,2.5258804236372856,2.6837479501146158,0.0,NO ALERT,NO ALERT,20260911,12
watershed,B20BHA27,Watershed B20BHA27,West flowing rivers of Kutch and Saurashtra including Luni Basin,Bhadar and other west flowing rivers,529.50603364,0.3125,3.140833930814103,3.0,0.9375,0.0,NO ALERT,NO ALERT,20260911,12
watershed,B20BHA28,Watershed B20BHA28,West flowing rivers of Kutch and Saurashtra including Luni Basin,Bhadar and other west flowing rivers,567.53323782,0.0,0.0,1.0,0.0,0.0,NO ALERT,NO ALERT,20260911,12
watershed,B20BHA29,Watershed B20BHA29,West flowing rivers of Kutch and Saurashtra including Luni Basin,Bhadar and other west flowing rivers,660.97836253,0.0,3.6214119977534636,1.0,0.0,0.0,NO ALERT,NO ALERT,20260911,12
watershed,B20BHA30,Watershed B20BHA30,West flowing rivers of Kutch and Saurashtra including Luni Basin,Bhadar and other west flowing rivers,560.72502968,0.0,2.6619247532462422,1.0,0.0,0.0,NO ALERT,NO ALERT,20260911,12
watershed,B20LUL01,Watershed B20LUL01,West flowing rivers of Kutch and Saurashtra including Luni Basin,Luni Lower,928.89920042,0.09375,2.3859826439557827,1.0,0.09375,0.0,NO ALERT,NO ALERT,20260911,12
watershed,B20LUL02,Watershed B20LUL02,West flowing rivers of Kutch and Saurashtra including Luni Basin,Luni Lower,766.9468888,0.0,2.2324487751069135,1.0,0.0,0.0,NO ALERT,NO ALERT,20260911,12
watershed,B20LUL03,Watershed B20LUL03,West flowing rivers of Kutch and Saurashtra including Luni Basin,Luni Lower,1023.66273667,0.0,2.2575482499517805,1.0,0.0,0.0,NO ALERT,NO ALERT,20260911,12
watershed,B20LUL04,Watershed B20LUL04,West flowing rivers of Kutch and Saurashtra including Luni Basin,Luni Lower,1418.63613211,0.0,2.715292184708053,1.0,0.0,0.0,NO ALERT,NO ALERT,20260911,12
watershed,B20LUL05,Watershed B20LUL05,West flowing rivers of Kutch and Saurashtra including Luni Basin,Luni Lower,1050.49338444,0.0,2.179441491014337,1.0,0.0,0.0,NO ALERT,NO ALERT,20260911,12
watershed,B20LUL06,Watershed B20LUL06,West flowing rivers of Kutch and Saurashtra including Luni Basin,Luni Lower,941.47267892,0.0,2.6289679421953958,1.0,0.0,0.0,NO ALERT,NO ALERT,20260911,12
watershed,B20LUL07,Watershed B20LUL07,West flowing rivers of Kutch and Saurashtra including Luni Basin,Luni Lower,777.72540283,0.0,2.16696196383197,1.0,0.0,0.0,NO ALERT,NO ALERT,20260911,12
watershed,B20LUL08,Watershed B20LUL08,West flowing rivers of Kutch and Saurashtra including Luni Basin,Luni Lower,620.11555709,0.0,0.0,1.0,0.0,0.0,NO ALERT,NO ALERT,20260911,12
watershed,B20LUL09,Watershed B20LUL09,West flowing rivers of Kutch and Saurashtra including Luni Basin,Luni Lower,747.81138582,0.0,2.078828366651927,1.0,0.0,0.0,NO ALERT,NO ALERT,20260911,12
watershed,B20LUL10,Watershed B20LUL10,West flowing rivers of Kutch and Saurashtra including Luni Basin,Luni Lower,811.00517828,0.0,2.1953840993446847,1.0,0.0,0.0,NO ALERT,NO ALERT,20260911,12
watershed,B20LUL11,Watershed B20LUL11,West flowing rivers of Kutch and Saurashtra including Luni Basin,Luni Lower,785.72379176,0.0,2.22856884190481,1.0,0.0,0.0,NO ALERT,NO ALERT,20260911,12
watershed,B20LUL12,Watershed B20LUL12,West flowing rivers of Kutch and Saurashtra including Luni Basin,Luni Lower,971.29005939,0.0,2.2556532826733915,1.0,0.0,0.0,NO ALERT,NO ALERT,20260911,12
watershed,B20LUL13,Watershed B20LUL13,West flowing rivers of Kutch and Saurashtra including Luni Basin,Luni Lower,750.95618941,0.0,2.3307590090044554,1.0,0.0,0.0,NO ALERT,NO ALERT,20260911,12
watershed,B20LUL14,Watershed B20LUL14,West flowing rivers of Kutch and Saurashtra including Luni Basin,Luni Lower,531.62046383,0.0,2.2493129874337208,1.0,0.0,0.0,NO ALERT,NO ALERT,20260911,12
watershed,B20LUL15,Watershed B20LUL15,West flowing rivers of Kutch and Saurashtra including Luni Basin,Luni Lower,345.98443463,0.0,0.0,1.0,0.0,0.0,NO ALERT,NO ALERT,20260911,12
watershed,B20LUL16,Watershed B20LUL16,West flowing rivers of Kutch and Saurashtra including Luni Basin,Luni Lower,683.72353832,0.0,2.2520320291388525,1.0,0.0,0.0,NO ALERT,NO ALERT,20260911,12
watershed,B20LUL17,Watershed B20LUL17,West flowing rivers of Kutch and Saurashtra including Luni Basin,Luni Lower,638.66849608,0.0,2.276933338197127,1.0,0.0,0.0,NO ALERT,NO ALERT,20260911,12
watershed,B20LUL18,Watershed B20LUL18,West flowing rivers of Kutch and Saurashtra including Luni Basin,Luni Lower,771.05156944,0.0,2.2497976768098464,1.0,0.0,0.0,NO ALERT,NO ALERT,20260911,12
watershed,B20LUL19,Watershed B20LUL19,West flowing rivers of Kutch and Saurashtra including Luni Basin,Luni Lower,523.53460581,0.0,2.102430620830353,1.0,0.0,0.0,NO ALERT,NO ALERT,20260911,12
watershed,B20LUL20,Watershed B20LUL20,West flowing rivers of Kutch and Saurashtra including Luni Basin,Luni Lower,358.10757103,0.0,0.0,1.0,0.0,0.0,NO ALERT,NO ALERT,20260911,12
watershed,B20LUL21,Watershed B20LUL21,West flowing rivers of Kutch and Saurashtra including Luni Basin,Luni Lower,668.42650648,0.0,2.1412177249789237,1.0,0.0,0.0,NO ALERT,NO ALERT,20260911,12
watershed,B20LUL22,Watershed B20LUL22,West flowing rivers of Kutch and Saurashtra including Luni Basin,Luni Lower,620.94520812,0.0,0.0,1.0,0.0,0.0,NO ALERT,NO ALERT,20260911,12
watershed,B20LUL23,Watershed B20LUL23,West flowing rivers of Kutch and Saurashtra including Luni Basin,Luni Lower,600.03382159,0.0,2.1495512293217933,1.0,0.0,0.0,NO ALERT,NO ALERT,20260911,12
watershed,B20LUL24,Watershed B20LUL24,West flowing rivers of Kutch and Saurashtra including Luni Basin,Luni Lower,526.02912769,0.0,2.292046317294852,1.0,0.0,0.0,NO ALERT,NO ALERT,20260911,12
watershed,B20LUL25,Watershed B20LUL25,West flowing rivers of Kutch and Saurashtra including Luni Basin,Luni Lower,466.32619867,0.0,0.0,1.0,0.0,0.0,NO ALERT,NO ALERT,20260911,12
watershed,B20LUL26,Watershed B20LUL26,West flowing rivers of Kutch and Saurashtra including Luni Basin,Luni Lower,473.92491153,0.0,0.0,1.0,0.0,0.0,NO ALERT,NO ALERT,20260911,12
watershed,B20LUL27,Watershed B20LUL27,West flowing rivers of Kutch and Saurashtra including Luni Basin,Luni Lower,618.11327753,0.0,2.2045435544970915,1.0,0.0,0.0,NO ALERT,NO ALERT,20260911,12
watershed,B20LUL28,Watershed B20LUL28,West flowing rivers of Kutch and Saurashtra including Luni Basin,Luni Lower,564.25523868,0.0,2.1402202575582345,1.0,0.0,0.0,NO ALERT,NO ALERT,20260911,12
watershed,B20LUL29,Watershed B20LUL29,West flowing rivers of Kutch and Saurashtra including Luni Basin,Luni Lower,749.12433455,0.0,1.9067345760048253,1.0,0.0,0.0,NO ALERT,NO ALERT,20260911,12
watershed,B20LUL30,Watershed B20LUL30,West flowing rivers of Kutch and Saurashtra including Luni Basin,Luni Lower,615.13746924,0.0,1.9928422038277536,1.0,0.0,0.0,NO ALERT,NO ALERT,20260911,12
watershed,B20LUL31,Watershed B20LUL31,West flowing rivers of Kutch and Saurashtra including Luni Basin,Luni Lower,611.64351738,0.1875,2.0221917750900738,3.0,0.5625,0.0,NO ALERT,NO ALERT,20260911,12
watershed,B20LUL32,Watershed B20LUL32,West flowing rivers of Kutch and Saurashtra including Luni Basin,Luni Lower,401.69865812,0.0625,2.0725630652006357,1.0,0.0625,0.0,NO ALERT,NO ALERT,20260911,12
watershed,B20LUL33,Watershed B20LUL33,West flowing rivers of Kutch and Saurashtra including Luni Basin,Luni Lower,315.94618505,0.0,0.0,1.0,0.0,0.0,NO ALERT,NO ALERT,20260911,12
watershed,B20LUL34,Watershed B20LUL34,West flowing rivers of Kutch and Saurashtra including Luni Basin,Luni Lower,950.50233479,0.0,2.1928961668112508,1.0,0.0,0.0,NO ALERT,NO ALERT,20260911,12
watershed,B20LUL35,Watershed B20LUL35,West flowing rivers of Kutch and Saurashtra including Luni Basin,Luni Lower,669.89049852,0.0,2.0810909724398834,1.0,0.0,0.0,NO ALERT,NO ALERT,20260911,12
watershed,B20LUL36,Watershed B20LUL36,West flowing rivers of Kutch and Saurashtra including Luni Basin,Luni Lower,627.4482245,0.0,0.0,1.0,0.0,0.0,NO ALERT,NO ALERT,20260911,12
watershed,B20LUL37,Watershed B20LUL37,West flowing rivers of Kutch and Saurashtra including Luni Basin,Luni Lower,713.42348176,0.0,1.785264722125171,1.0,0.0,0.0,NO ALERT,NO ALERT,20260911,12
watershed,B20LUL38,Watershed B20LUL38,West flowing rivers of Kutch and Saurashtra including Luni Basin,Luni Lower,959.59009994,0.0,1.937672479198948,1.0,0.0,0.0,NO ALERT,NO ALERT,20260911,12
watershed,B20LUL39,Watershed B20LUL39,West flowing rivers of Kutch and Saurashtra including Luni Basin,Luni Lower,666.5537075,0.0,1.7380107926179285,1.0,0.0,0.0,NO ALERT,NO ALERT,20260911,12
watershed,B20LUL40,Watershed B20LUL40,West flowing rivers of Kutch and Saurashtra including Luni Basin,Luni Lower,505.37599151,0.0,0.0,1.0,0.0,0.0,NO ALERT,NO ALERT,20260911,12
watershed,B20LUL41,Watershed B20LUL41,West flowing rivers of Kutch and Saurashtra including Luni Basin,Luni Lower,840.22975105,0.0,1.728822993313613,1.0,0.0,0.0,NO ALERT,NO ALERT,20260911,12
watershed,B20LUL42,Watershed B20LUL42,West flowing rivers of Kutch and Saurashtra including Luni Basin,Luni Lower,568.06882848,0.0,0.0,1.0,0.0,0.0,NO ALERT,NO ALERT,20260911,12
watershed,B20LUU01,Watershed B20LUU01,West flowing rivers of Kutch and Saurashtra including Luni Basin,Luni Upper,585.64998639,3.25,2.338063676696118,0.71940420821419,2.338063676696118,0.0,NO ALERT,NO ALERT,20260911,12
watershed,B20LUU02,Watershed B20LUU02,West flowing rivers of Kutch and Saurashtra including Luni Basin,Luni Upper,869.91975525,0.5625,2.973174002317533,3.0,1.6875,0.0,NO ALERT,NO ALERT,20260911,12
watershed,B20LUU03,Watershed B20LUU03,West flowing rivers of Kutch and Saurashtra including Luni Basin,Luni Upper,954.02745006,1.65625,2.5607614554158626,1.5461201240246718,2.5607614554158626,0.0,NO ALERT,NO ALERT,20260911,12
watershed,B20LUU04,Watershed B20LUU04,West flowing rivers of Kutch and Saurashtra including Luni Basin,Luni Upper,597.4687185,0.8125,2.518656244077911,3.0,2.4375,0.0,NO ALERT,NO ALERT,20260911,12
watershed,B20LUU05,Watershed B20LUU05,West flowing rivers of Kutch and Saurashtra including Luni Basin,Luni Upper,632.17161183,0.0,0.0,1.0,0.0,0.0,NO ALERT,NO ALERT,20260911,12
watershed,B20LUU06,Watershed B20LUU06,West flowing rivers of Kutch and Saurashtra including Luni Basin,Luni Upper,822.45496593,0.0,2.260629672587734,1.0,0.0,0.0,NO ALERT,NO ALERT,20260911,12
watershed,B20LUU07,Watershed B20LUU07,West flowing rivers of Kutch and Saurashtra including Luni Basin,Luni Upper,871.26511043,0.0,2.0927642180086816,1.0,0.0,0.0,NO ALERT,NO ALERT,20260911,12
watershed,B20LUU08,Watershed B20LUU08,West flowing rivers of Kutch and Saurashtra including Luni Basin,Luni Upper,713.49480069,3.5,3.143125571371758,0.898035877534788,3.143125571371758,0.0,NO ALERT,NO ALERT,20260911,12
watershed,B20LUU09,Watershed B20LUU09,West flowing rivers of Kutch and Saurashtra including Luni Basin,Luni Upper,696.72116133,3.5,2.710683364778349,0.7744809613652425,2.710683364778349,0.0,NO ALERT,NO ALERT,20260911,12
watershed,B20LUU10,Watershed B20LUU10,West flowing rivers of Kutch and Saurashtra including Luni Basin,Luni Upper,801.82152267,0.3125,2.1720042592858615,3.0,0.9375,0.0,NO ALERT,NO ALERT,20260911,12
watershed,B20LUU11,Watershed B20LUU11,West flowing rivers of Kutch and Saurashtra including Luni Basin,Luni Upper,562.59661486,5.375,2.15447099915106,0.40083181379554605,2.15447099915106,0.0,NO ALERT,NO ALERT,20260911,12
watershed,B20LUU12,Watershed B20LUU12,West flowing rivers of Kutch and Saurashtra including Luni Basin,Luni Upper,818.48413359,3.21875,2.2134361956217514,0.6876694976688936,2.2134361956217514,0.0,NO ALERT,NO ALERT,20260911,12
watershed,B20LUU13,Watershed B20LUU13,West flowing rivers of Kutch and Saurashtra including Luni Basin,Luni Upper,678.3534284,0.0,1.9994544207233271,1.0,0.0,0.0,NO ALERT,NO ALERT,20260911,12
watershed,B20LUU14,Watershed B20LUU14,West flowing rivers of Kutch and Saurashtra including Luni Basin,Luni Upper,652.20181795,0.0,1.856469246459334,1.0,0.0,0.0,NO ALERT,NO ALERT,20260911,12
watershed,B20LUU15,Watershed B20LUU15,West flowing rivers of Kutch and Saurashtra including Luni Basin,Luni Upper,1152.60306716,0.0,2.156369630277973,1.0,0.0,0.0,NO ALERT,NO ALERT,20260911,12
watershed,B20LUU16,Watershed B20LUU16,West flowing rivers of Kutch and Saurashtra including Luni Basin,Luni Upper,769.51112164,0.0625,1.6092846840415915,1.0,0.0625,0.0,NO ALERT,NO ALERT,20260911,12
watershed,B20LUU17,Watershed B20LUU17,West flowing rivers of Kutch and Saurashtra including Luni Basin,Luni Upper,827.26404476,2.25,2.5245394588333285,1.1220175372592571,2.5245394588333285,0.0,NO ALERT,NO ALERT,20260911,12
watershed,B20LUU18,Watershed B20LUU18,West flowing rivers of Kutch and Saurashtra including Luni Basin,Luni Upper,840.67992078,0.9375,2.533892456809544,2.7028186205968465,2.533892456809544,0.0,NO ALERT,NO ALERT,20260911,12
watershed,B20LUU19,Watershed B20LUU19,West flowing rivers of Kutch and Saurashtra including Luni Basin,Luni Upper,715.95511752,0.0,2.5614697664159616,1.0,0.0,0.0,NO ALERT,NO ALERT,20260911,12
watershed,B20LUU20,Watershed B20LUU20,West flowing rivers of Kutch and Saurashtra including Luni Basin,Luni Upper,811.89745235,0.0,0.0,1.0,0.0,0.0,NO ALERT,NO ALERT,20260911,12
watershed,B20LUU21,Watershed B20LUU21,West flowing rivers of Kutch and Saurashtra including Luni Basin,Luni Upper,966.07504467,0.28125,3.273582716082057,3.0,0.84375,0.0,NO ALERT,NO ALERT,20260911,12
watershed,B20LUU22,Watershed B20LUU22,West flowing rivers of Kutch and Saurashtra including Luni Basin,Luni Upper,522.37555781,0.0625,2.4664228490362428,1.0,0.0625,0.0,NO ALERT,NO ALERT,20260911,12
watershed,B20LUU23,Watershed B20LUU23,West flowing rivers of Kutch and Saurashtra including Luni Basin,Luni Upper,656.72313925,0.125,2.5700212214091054,3.0,0.375,0.0,NO ALERT,NO ALERT,20260911,12
watershed,B20LUU24,Watershed B20LUU24,West flowing rivers of Kutch and Saurashtra including Luni Basin,Luni Upper,962.7847697,0.46875,2.4755087641514324,3.0,1.40625,0.0,NO ALERT,NO ALERT,20260911,12
watershed,B20LUU25,Watershed B20LUU25,West flowing rivers of Kutch and Saurashtra including Luni Basin,Luni Upper,593.10512874,0.625,3.502914019970045,3.0,1.875,0.0,NO ALERT,NO ALERT,20260911,12
watershed,B20LUU26,Watershed B20LUU26,West flowing rivers of Kutch and Saurashtra including Luni Basin,Luni Upper,931.64584675,2.125,2.8069388612492445,1.3209124052937622,2.8069388612492445,0.0,NO ALERT,NO ALERT,20260911,12
watershed,B20LUU27,Watershed B20LUU27,West flowing rivers of Kutch and Saurashtra including Luni Basin,Luni Upper,958.02845474,0.9375,1.925757145146801,2.0541409548232545,1.9257571451468012,0.0,NO ALERT,NO ALERT,20260911,12
watershed,B20LUU28,Watershed B20LUU28,West flowing rivers of Kutch and Saurashtra including Luni Basin,Luni Upper,711.08294074,0.0,0.0,1.0,0.0,0.0,NO ALERT,NO ALERT,20260911,12
watershed,B20LUU29,Watershed B20LUU29,West flowing rivers of Kutch and Saurashtra including Luni Basin,Luni Upper,602.66470918,4.5,2.697148395074557,0.5993663100165683,2.6971483950745574,0.0,NO ALERT,NO ALERT,20260911,12
watershed,B20LUU30,Watershed B20LUU30,West flowing rivers of Kutch and Saurashtra including Luni Basin,Luni Upper,815.26360368,2.25,2.4700530951153743,1.097801375606833,2.4700530951153743,0.0,NO ALERT,NO ALERT,20260911,12
watershed,B20LUU31,Watershed B20LUU31,West flowing rivers of Kutch and Saurashtra including Luni Basin,Luni Upper,731.08768239,0.0,0.0,1.0,0.0,0.0,NO ALERT,NO ALERT,20260911,12
watershed,B20LUU32,Watershed B20LUU32,West flowing rivers of Kutch and Saurashtra including Luni Basin,Luni Upper,747.05210048,1.25,2.176727721942206,1.7413821775537648,2.176727721942206,0.0,NO ALERT,NO ALERT,20260911,12
watershed,B20LUU33,Watershed B20LUU33,West flowing rivers of Kutch and Saurashtra including Luni Basin,Luni Upper,858.3089609,1.1875,1.8295438070411552,1.5406684690872885,1.8295438070411552,0.0,NO ALERT,NO ALERT,20260911,12
watershed,B20LUU34,Watershed B20LUU34,West flowing rivers of Kutch and Saurashtra including Luni Basin,Luni Upper,842.14070619,0.0,0.0,1.0,0.0,0.0,NO ALERT,NO ALERT,20260911,12
watershed,B20LUU35,Watershed B20LUU35,West flowing rivers of Kutch and Saurashtra including Luni Basin,Luni Upper,815.83053831,3.28125,1.714823971525447,0.5226130198934695,1.714823971525447,0.0,NO ALERT,NO ALERT,20260911,12
watershed,B20LUU36,Watershed B20LUU36,West flowing rivers of Kutch and Saurashtra including Luni Basin,Luni Upper,514.95005068,0.125,1.8034996098851503,3.0,0.375,0.0,NO ALERT,NO ALERT,20260911,12
watershed,B20LUU37,Watershed B20LUU37,West flowing rivers of Kutch and Saurashtra including Luni Basin,Luni Upper,608.27457785,0.09375,2.0124665079868,1.0,0.09375,0.0,NO ALERT,NO ALERT,20260911,12
watershed,B20LUU38,Watershed B20LUU38,West flowing rivers of Kutch and Saurashtra including Luni Basin,Luni Upper,1131.39014061,0.8125,1.599718330902596,1.9688840995724257,1.599718330902596,0.0,NO ALERT,NO ALERT,20260911,12
watershed,B20LUU39,Watershed B20LUU39,West flowing rivers of Kutch and Saurashtra including Luni Basin,Luni Upper,869.14421565,0.1875,1.6518490855007955,3.0,0.5625,0.0,NO ALERT,NO ALERT,20260911,12
watershed,B20LUU40,Watershed B20LUU40,West flowing rivers of Kutch and Saurashtra including Luni Basin,Luni Upper,1047.71587713,1.5625,1.6402471120635125,1.049758151720648,1.6402471120635125,0.0,NO ALERT,NO ALERT,20260911,12
watershed,B20LUU41,Watershed B20LUU41,West flowing rivers of Kutch and Saurashtra including Luni Basin,Luni Upper,1019.41136331,3.1875,1.593111306684066,0.4997996256263737,1.593111306684066,0.0,NO ALERT,NO ALERT,20260911,12
watershed,B20LUU42,Watershed B20LUU42,West flowing rivers of Kutch and Saurashtra including Luni Basin,Luni Upper,706.6433097,1.125,1.3848908531951578,1.231014091729029,1.3848908531951578,0.0,NO ALERT,NO ALERT,20260911,12
watershed,B20LUU43,Watershed B20LUU43,West flowing rivers of Kutch and Saurashtra including Luni Basin,Luni Upper,724.31103982,1.375,1.465381175157142,1.0657317637506487,1.465381175157142,0.0,NO ALERT,NO ALERT,20260911,12
watershed,B20LUU44,Watershed B20LUU44,West flowing rivers of Kutch and Saurashtra including Luni Basin,Luni Upper,1134.70332766,2.40625,1.5606423878914688,0.6485786547081429,1.5606423878914688,0.0,NO ALERT,NO ALERT,20260911,12
watershed,B20LUU45,Watershed B20LUU45,West flowing rivers of Kutch and Saurashtra including Luni Basin,Luni Upper,893.62690853,0.3125,1.3313229905415889,3.0,0.9375,0.0,NO ALERT,NO ALERT,20260911,12
watershed,B20LUU46,Watershed B20LUU46,West flowing rivers of Kutch and Saurashtra including Luni Basin,Luni Upper,1173.53900019,4.65625,1.572120199056521,0.3376365528175079,1.572120199056521,0.0,NO ALERT,NO ALERT,20260911,12
watershed,B20LUU47,Watershed B20LUU47,West flowing rivers of Kutch and Saurashtra including Luni Basin,Luni Upper,865.61854982,0.0,0.0,1.0,0.0,0.0,NO ALERT,NO ALERT,20260911,12
watershed,B20LUU48,Watershed B20LUU48,West flowing rivers of Kutch and Saurashtra including Luni Basin,Luni Upper,1366.4762013,0.65625,1.2823442705281793,1.954048412233416,1.2823442705281793,0.0,NO ALERT,NO ALERT,20260911,12
watershed,B20LUU49,Watershed B20LUU49,West flowing rivers of Kutch and Saurashtra including Luni Basin,Luni Upper,1011.49448819,0.375,1.457581166657683,3.0,1.125,0.0,NO ALERT,NO ALERT,20260911,12
watershed,B20LUU50,Watershed B20LUU50,West flowing rivers of Kutch and Saurashtra including Luni Basin,Luni Upper,943.36817077,1.0625,1.4104894175377067,1.3275194518001945,1.4104894175377067,0.0,NO ALERT,NO ALERT,20260911,12
watershed,B20LUU51,Watershed B20LUU51,West flowing rivers of Kutch and Saurashtra including Luni Basin,Luni Upper,847.2850139,0.0,0.8895825756331013,1.0,0.0,0.0,NO ALERT,NO ALERT,20260911,12
watershed,B20LUU52,Watershed B20LUU52,West flowing rivers of Kutch and Saurashtra including Luni Basin,Luni Upper,1122.88279326,0.0,0.7908112690260966,1.0,0.0,0.0,NO ALERT,NO ALERT,20260911,12
watershed,B20LUU53,Watershed B20LUU53,West flowing rivers of Kutch and Saurashtra including Luni Basin,Luni Upper,381.48499836,0.0,0.0,1.0,0.0,0.0,NO ALERT,NO ALERT,20260911,12
watershed,B20LUU54,Watershed B20LUU54,West flowing rivers of Kutch and Saurashtra including Luni Basin,Luni Upper,581.14782927,0.0,0.9402255463273558,1.0,0.0,0.0,NO ALERT,NO ALERT,20260911,12
watershed,B20LUU55,Watershed B20LUU55,West flowing rivers of Kutch and Saurashtra including Luni Basin,Luni Upper,797.47425749,0.0,1.0995115025811,1.0,0.0,0.0,NO ALERT,NO ALERT,20260911,12
watershed,B20LUU56,Watershed B20LUU56,West flowing rivers of Kutch and Saurashtra including Luni Basin,Luni Upper,1162.84766228,0.25,1.1930439362174843,3.0,0.75,0.0,NO ALERT,NO ALERT,20260911,12
watershed,B20LUU57,Watershed B20LUU57,West flowing rivers of Kutch and Saurashtra including Luni Basin,Luni Upper,908.94775196,1.125,1.6043648807561561,1.4261021162276943,1.6043648807561561,0.0,NO ALERT,NO ALERT,20260911,12
watershed,B20LUU58,Watershed B20LUU58,West flowing rivers of Kutch and Saurashtra including Luni Basin,Luni Upper,854.9058746,0.0,0.0,1.0,0.0,0.0,NO ALERT,NO ALERT,20260911,12
watershed,B20LUU59,Watershed B20LUU59,West flowing rivers of Kutch and Saurashtra including Luni Basin,Luni Upper,904.8813142,0.4375,1.85531915616091,3.0,1.3125,0.0,NO ALERT,NO ALERT,20260911,12
watershed,B20LUU60,Watershed B20LUU60,West flowing rivers of Kutch and Saurashtra including Luni Basin,Luni Upper,903.96845416,0.0,1.1620087044696286,1.0,0.0,0.0,NO ALERT,NO ALERT,20260911,12
watershed,B20LUU61,Watershed B20LUU61,West flowing rivers of Kutch and Saurashtra including Luni Basin,Luni Upper,811.49943917,0.0,0.0,1.0,0.0,0.0,NO ALERT,NO ALERT,20260911,12
watershed,B20LUU62,Watershed B20LUU62,West flowing rivers of Kutch and Saurashtra including Luni Basin,Luni Upper,1447.70810445,0.0,1.3926841573968325,1.0,0.0,0.0,NO ALERT,NO ALERT,20260911,12
watershed,B20LUU63,Watershed B20LUU63,West flowing rivers of Kutch and Saurashtra including Luni Basin,Luni Upper,679.0692703,2.0,2.58638219617001,1.293191098085005,2.58638219617001,0.0,NO ALERT,NO ALERT,20260911,12
watershed,B20LUU64,Watershed B20LUU64,West flowing rivers of Kutch and Saurashtra including Luni Basin,Luni Upper,792.37048358,2.3125,2.228000112469882,0.9634595080950842,2.228000112469882,0.0,NO ALERT,NO ALERT,20260911,12
watershed,B20LUU65,Watershed B20LUU65,West flowing rivers of Kutch and Saurashtra including Luni Basin,Luni Upper,853.28227559,2.0,2.9081097798396462,1.4540548899198231,2.9081097798396462,0.0,NO ALERT,NO ALERT,20260911,12
watershed,B20LUU66,Watershed B20LUU66,West flowing rivers of Kutch and Saurashtra including Luni Basin,Luni Upper,1211.83569662,0.5833333333333334,2.800285204870788,3.0,1.75,0.0,NO ALERT,NO ALERT,20260911,12
watershed,B20LUU67,Watershed B20LUU67,West flowing rivers of Kutch and Saurashtra including Luni Basin,Luni Upper,1208.89021534,0.9375,2.6778400911758204,2.8563627639208753,2.6778400911758204,0.0,NO ALERT,NO ALERT,20260911,12
watershed,B20LUU68,Watershed B20LUU68,West flowing rivers of Kutch and Saurashtra including Luni Basin,Luni Upper,625.73525814,1.1875,2.1844423633323955,1.8395304112272803,2.1844423633323955,0.0,NO ALERT,NO ALERT,20260911,12
watershed,B20LUU69,Watershed B20LUU69,West flowing rivers of Kutch and Saurashtra including Luni Basin,Luni Upper,1130.09850052,0.0625,2.2726600835584616,1.0,0.0625,0.0,NO ALERT,NO ALERT,20260911,12
watershed,B20LUU70,Watershed B20LUU70,West flowing rivers of Kutch and Saurashtra including Luni Basin,Luni Upper,735.96818549,0.0,1.8115502952712856,1.0,0.0,0.0,NO ALERT,NO ALERT,20260911,12
watershed,B20LUU71,Watershed B20LUU71,West flowing rivers of Kutch and Saurashtra including Luni Basin,Luni Upper,1085.59171452,0.125,1.7807426117054403,3.0,0.375,0.0,NO ALERT,NO ALERT,20260911,12
watershed,B20LUU72,Watershed B20LUU72,West flowing rivers of Kutch and Saurashtra including Luni Basin,Luni Upper,760.21543466,0.0,0.9561957138246053,1.0,0.0,0.0,NO ALERT,NO ALERT,20260911,12
watershed,B20LUU73,Watershed B20LUU73,West flowing rivers of Kutch and Saurashtra including Luni Basin,Luni Upper,1130.14532386,0.0,1.099416090568451,1.0,0.0,0.0,NO ALERT,NO ALERT,20260911,12
watershed,B20LUU74,Watershed B20LUU74,West flowing rivers of Kutch and Saurashtra including Luni Basin,Luni Upper,1080.97803425,0.0,1.452079111419312,1.0,0.0,0.0,NO ALERT,NO ALERT,20260911,12
watershed,B20LUU75,Watershed B20LUU75,West flowing rivers of Kutch and Saurashtra including Luni Basin,Luni Upper,840.57146249,0.125,2.4832262728006054,3.0,0.375,0.0,NO ALERT,NO ALERT,20260911,12
watershed,B20LUU76,Watershed B20LUU76,West flowing rivers of Kutch and Saurashtra including Luni Basin,Luni Upper,1091.91995276,0.0625,2.0469106810141917,1.0,0.0625,0.0,NO ALERT,NO ALERT,20260911,12
watershed,B20LUU77,Watershed B20LUU77,West flowing rivers of Kutch and Saurashtra including Luni Basin,Luni Upper,1109.85633319,0.0,1.106914406688246,1.0,0.0,0.0,NO ALERT,NO ALERT,20260911,12
watershed,B20LUU78,Watershed B20LUU78,West flowing rivers of Kutch and Saurashtra including Luni Basin,Luni Upper,739.29130257,0.0,1.239914675934674,1.0,0.0,0.0,NO ALERT,NO ALERT,20260911,12
watershed,B20LUU79,Watershed B20LUU79,West flowing rivers of Kutch and Saurashtra including Luni Basin,Luni Upper,1355.52658891,0.0,2.41201513997496,1.0,0.0,0.0,NO ALERT,NO ALERT,20260911,12
watershed,B20LUU80,Watershed B20LUU80,West flowing rivers of Kutch and Saurashtra including Luni Basin,Luni Upper,742.49293882,0.0,1.2280541121755562,1.0,0.0,0.0,NO ALERT,NO ALERT,20260911,12
watershed,B20LUU81,Watershed B20LUU81,West flowing rivers of Kutch and Saurashtra including Luni Basin,Luni Upper,1204.32821192,0.0,2.008912221332119,1.0,0.0,0.0,NO ALERT,NO ALERT,20260911,12
watershed,B20RAN01,Watershed B20RAN01,West flowing rivers of Kutch and Saurashtra including Luni Basin,Drainage of Rann,665.88537258,0.0,1.6534823037990152,1.0,0.0,0.0,NO ALERT,NO ALERT,20260911,12
watershed,B20RAN02,Watershed B20RAN02,West flowing rivers of Kutch and Saurashtra including Luni Basin,Drainage of Rann,407.11022842,0.0,0.0,1.0,0.0,0.0,NO ALERT,NO ALERT,20260911,12
watershed,B20RAN03,Watershed B20RAN03,West flowing rivers of Kutch and Saurashtra including Luni Basin,Drainage of Rann,484.63998382,0.0,1.7038844860375744,1.0,0.0,0.0,NO ALERT,NO ALERT,20260911,12
watershed,B20RAN04,Watershed B20RAN04,West flowing rivers of Kutch and Saurashtra including Luni Basin,Drainage of Rann,549.75682056,0.0,1.49909389447676,1.0,0.0,0.0,NO ALERT,NO ALERT,20260911,12
watershed,B20RAN05,Watershed B20RAN05,West flowing rivers of Kutch and Saurashtra including Luni Basin,Drainage of Rann,560.4739288,0.0,1.4860200466766749,1.0,0.0,0.0,NO ALERT,NO ALERT,20260911,12
watershed,B20RAN06,Watershed B20RAN06,West flowing rivers of Kutch and Saurashtra including Luni Basin,Drainage of Rann,491.04379439,0.0,0.0,1.0,0.0,0.0,NO ALERT,NO ALERT,20260911,12
watershed,B20RAN07,Watershed B20RAN07,West flowing rivers of Kutch and Saurashtra including Luni Basin,Drainage of Rann,459.36757238,0.0,1.7780489692949268,1.0,0.0,0.0,NO ALERT,NO ALERT,20260911,12
watershed,B20RAN08,Watershed B20RAN08,West flowing rivers of Kutch and Saurashtra including Luni Basin,Drainage of Rann,512.7482593,0.0,1.4311319950916996,1.0,0.0,0.0,NO ALERT,NO ALERT,20260911,12
watershed,B20RAN09,Watershed B20RAN09,West flowing rivers of Kutch and Saurashtra including Luni Basin,Drainage of Rann,577.39856381,0.0,2.1688076663098923,1.0,0.0,0.0,NO ALERT,NO ALERT,20260911,12
watershed,B20RAN10,Watershed B20RAN10,West flowing rivers of Kutch and Saurashtra including Luni Basin,Drainage of Rann,478.38347338,0.0,1.5204619446437653,1.0,0.0,0.0,NO ALERT,NO ALERT,20260911,12
watershed,B20RAN11,Watershed B20RAN11,West flowing rivers of Kutch and Saurashtra including Luni Basin,Drainage of Rann,596.76861632,0.0625,1.8141735261025493,1.0,0.0625,0.0,NO ALERT,NO ALERT,20260911,12
watershed,B20RAN12,Watershed B20RAN12,West flowing rivers of Kutch and Saurashtra including Luni Basin,Drainage of Rann,440.73399246,0.0,0.0,1.0,0.0,0.0,NO ALERT,NO ALERT,20260911,12
watershed,B20RAN13,Watershed B20RAN13,West flowing rivers of Kutch and Saurashtra including Luni Basin,Drainage of Rann,444.12002811,0.0,0.0,1.0,0.0,0.0,NO ALERT,NO ALERT,20260911,12
watershed,B20RAN14,Watershed B20RAN14,West flowing rivers of Kutch and Saurashtra including Luni Basin,Drainage of Rann,423.22222017,0.5,1.8815070556451197,3.0,1.5,0.0,NO ALERT,NO ALERT,20260911,12
watershed,B20RAN15,Watershed B20RAN15,West flowing rivers of Kutch and Saurashtra including Luni Basin,Drainage of Rann,570.91753996,0.0,0.0,1.0,0.0,0.0,NO ALERT,NO ALERT,20260911,12
watershed,B20RAN16,Watershed B20RAN16,West flowing rivers of Kutch and Saurashtra including Luni Basin,Drainage of Rann,412.24915629,0.0,0.0,1.0,0.0,0.0,NO ALERT,NO ALERT,20260911,12
watershed,B20RAN17,Watershed B20RAN17,West flowing rivers of Kutch and Saurashtra including Luni Basin,Drainage of Rann,310.81539177,0.375,2.0162419876823687,3.0,1.125,0.0,NO ALERT,NO ALERT,20260911,12
watershed,B20RAN18,Watershed B20RAN18,West flowing rivers of Kutch and Saurashtra including Luni Basin,Drainage of Rann,471.56695931,0.25,2.2612618679053162,3.0,0.75,0.0,NO ALERT,NO ALERT,20260911,12
watershed,B20RAN19,Watershed B20RAN19,West flowing rivers of Kutch and Saurashtra including Luni Basin,Drainage of Rann,336.28613259,0.0,0.0,1.0,0.0,0.0,NO ALERT,NO ALERT,20260911,12
watershed,B20RAN20,Watershed B20RAN20,West flowing rivers of Kutch and Saurashtra including Luni Basin,Drainage of Rann,941.03796525,0.125,2.1948042803635337,3.0,0.375,0.0,NO ALERT,NO ALERT,20260911,12
watershed,B20RAN21,Watershed B20RAN21,West flowing rivers of Kutch and Saurashtra including Luni Basin,Drainage of Rann,604.20181853,0.0,2.2547585740073086,1.0,0.0,0.0,NO ALERT,NO ALERT,20260911,12
watershed,B20RAN22,Watershed B20RAN22,West flowing rivers of Kutch and Saurashtra including Luni Basin,Drainage of Rann,469.49752373,0.125,2.2801480906058664,3.0,0.375,0.0,NO ALERT,NO ALERT,20260911,12
watershed,B20RAN23,Watershed B20RAN23,West flowing rivers of Kutch and Saurashtra including Luni Basin,Drainage of Rann,497.05283117,0.0,0.0,1.0,0.0,0.0,NO ALERT,NO ALERT,20260911,12
watershed,B20RAN24,Watershed B20RAN24,West flowing rivers of Kutch and Saurashtra including Luni Basin,Drainage of Rann,803.81799391,0.625,2.4583065431514015,3.0,1.875,0.0,NO ALERT,NO ALERT,20260911,12
watershed,B20RAN25,Watershed B20RAN25,West flowing rivers of Kutch and Saurashtra including Luni Basin,Drainage of Rann,411.07152693,1.25,2.2285196265537444,1.7828157012429955,2.2285196265537444,0.0,NO ALERT,NO ALERT,20260911,12
watershed,B20RAN26,Watershed B20RAN26,West flowing rivers of Kutch and Saurashtra including Luni Basin,Drainage of Rann,435.23654597,0.0,0.0,1.0,0.0,0.0,NO ALERT,NO ALERT,20260911,12
watershed,B20RAN27,Watershed B20RAN27,West flowing rivers of Kutch and Saurashtra including Luni Basin,Drainage of Rann,670.4721482,0.0,0.0,1.0,0.0,0.0,NO ALERT,NO ALERT,20260911,12
watershed,B20RAN28,Watershed B20RAN28,West flowing rivers of Kutch and Saurashtra including Luni Basin,Drainage of Rann,576.43637132,0.125,2.678178485064474,3.0,0.375,0.0,NO ALERT,NO ALERT,20260911,12
watershed,B20RAN29,Watershed B20RAN29,West flowing rivers of Kutch and Saurashtra including Luni Basin,Drainage of Rann,441.56768793,0.0,0.0,1.0,0.0,0.0,NO ALERT,NO ALERT,20260911,12
watershed,B20RAN30,Watershed B20RAN30,West flowing rivers of Kutch and Saurashtra including Luni Basin,Drainage of Rann,484.05959103,0.3125,2.4570064285438353,3.0,0.9375,0.0,NO ALERT,NO ALERT,20260911,12
watershed,B20RAN31,Watershed B20RAN31,West flowing rivers of Kutch and Saurashtra including Luni Basin,Drainage of Rann,968.30382994,0.0625,2.3246416516704103,1.0,0.0625,0.0,NO ALERT,NO ALERT,20260911,12
watershed,B20RAN32,Watershed B20RAN32,West flowing rivers of Kutch and Saurashtra including Luni Basin,Drainage of Rann,517.3238453,0.6875,1.600289227211312,2.3276934213982723,1.6002892272113123,0.0,NO ALERT,NO ALERT,20260911,12
watershed,B20RAN33,Watershed B20RAN33,West flowing rivers of Kutch and Saurashtra including Luni Basin,Drainage of Rann,377.46867042,0.0625,2.1743850744750404,1.0,0.0625,0.0,NO ALERT,NO ALERT,20260911,12
watershed,B20RAN34,Watershed B20RAN34,West flowing rivers of Kutch and Saurashtra including Luni Basin,Drainage of Rann,905.87292239,0.0,2.0935760176855407,1.0,0.0,0.0,NO ALERT,NO ALERT,20260911,12
watershed,B20RAN35,Watershed B20RAN35,West flowing rivers of Kutch and Saurashtra including Luni Basin,Drainage of Rann,471.28574096,0.125,1.9928114614258075,3.0,0.375,0.0,NO ALERT,NO ALERT,20260911,12
watershed,B20RAN36,Watershed B20RAN36,West flowing rivers of Kutch and Saurashtra including Luni Basin,Drainage of Rann,509.62224431,0.0,0.0,1.0,0.0,0.0,NO ALERT,NO ALERT,20260911,12
watershed,B20RAN37,Watershed B20RAN37,West flowing rivers of Kutch and Saurashtra including Luni Basin,Drainage of Rann,454.61869735,0.0,0.0,1.0,0.0,0.0,NO ALERT,NO ALERT,20260911,12
watershed,B20RAN38,Watershed B20RAN38,West flowing rivers of Kutch and Saurashtra including Luni Basin,Drainage of Rann,638.63481771,0.25,2.114034478958339,3.0,0.75,0.0,NO ALERT,NO ALERT,20260911,12
watershed,B20RAN39,Watershed B20RAN39,West flowing rivers of Kutch and Saurashtra including Luni Basin,Drainage of Rann,488.71325775,0.0,2.869906299500024,1.0,0.0,0.0,NO ALERT,NO ALERT,20260911,12
watershed,B20RAN40,Watershed B20RAN40,West flowing rivers of Kutch and Saurashtra including Luni Basin,Drainage of Rann,370.11782535,0.0,0.0,1.0,0.0,0.0,NO ALERT,NO ALERT,20260911,12
watershed,B20SAR01,Watershed B20SAR01,West flowing rivers of Kutch and Saurashtra including Luni Basin,Saraswati,477.67770822,1.0,2.9296014098067804,2.9296014098067804,2.9296014098067804,0.0,NO ALERT,NO ALERT,20260911,12
watershed,B20SAR02,Watershed B20SAR02,West flowing rivers of Kutch and Saurashtra including Luni Basin,Saraswati,899.19538552,0.6875,3.149099120620179,3.0,2.0625,0.0,NO ALERT,NO ALERT,20260911,12
watershed,B20SAR03,Watershed B20SAR03,West flowing rivers of Kutch and Saurashtra including Luni Basin,Saraswati,634.7963728,0.0,3.437274461331433,1.0,0.0,0.0,NO ALERT,NO ALERT,20260911,12
watershed,B20SAR04,Watershed B20SAR04,West flowing rivers of Kutch and Saurashtra including Luni Basin,Saraswati,774.65621167,0.0,3.0240652273370796,1.0,0.0,0.0,NO ALERT,NO ALERT,20260911,12
watershed,B20SAR05,Watershed B20SAR05,West flowing rivers of Kutch and Saurashtra including Luni Basin,Saraswati,480.40157516,0.0,0.0,1.0,0.0,0.0,NO ALERT,NO ALERT,20260911,12
watershed,B20SAR06,Watershed B20SAR06,West flowing rivers of Kutch and Saurashtra including Luni Basin,Saraswati,737.31332629,0.09375,3.494338416542909,1.0,0.09375,0.0,NO ALERT,NO ALERT,20260911,12
watershed,B20SAR07,Watershed B20SAR07,West flowing rivers of Kutch and Saurashtra including Luni Basin,Saraswati,354.03528956,0.0,0.0,1.0,0.0,0.0,NO ALERT,NO ALERT,20260911,12
watershed,B20SAR08,Watershed B20SAR08,West flowing rivers of Kutch and Saurashtra including Luni Basin,Saraswati,662.45469482,0.125,2.8453606204627313,3.0,0.375,0.0,NO ALERT,NO ALERT,20260911,12
watershed,B20SAR09,Watershed B20SAR09,West flowing rivers of Kutch and Saurashtra including Luni Basin,Saraswati,867.67427187,0.03125,2.8308261211910475,1.0,0.03125,0.0,NO ALERT,NO ALERT,20260911,12
watershed,B20SAR10,Watershed B20SAR10,West flowing rivers of Kutch and Saurashtra including Luni Basin,Saraswati,530.10882105,0.0,0.0,1.0,0.0,0.0,NO ALERT,NO ALERT,20260911,12
watershed,B20SAR11,Watershed B20SAR11,West flowing rivers of Kutch and Saurashtra including Luni Basin,Saraswati,530.3258537,0.0,2.588371536462274,1.0,0.0,0.0,NO ALERT,NO ALERT,20260911,12
watershed,B20SAR12,Watershed B20SAR12,West flowing rivers of Kutch and Saurashtra including Luni Basin,Saraswati,844.24215249,0.0,2.349824556994111,1.0,0.0,0.0,NO ALERT,NO ALERT,20260911,12
watershed,B20SAR13,Watershed B20SAR13,West flowing rivers of Kutch and Saurashtra including Luni Basin,Saraswati,542.68332505,0.0,0.0,1.0,0.0,0.0,NO ALERT,NO ALERT,20260911,12
watershed,B20SAR14,Watershed B20SAR14,West flowing rivers of Kutch and Saurashtra including Luni Basin,Saraswati,510.98902642,0.0,2.0172636012100194,1.0,0.0,0.0,NO ALERT,NO ALERT,20260911,12
watershed,B20SAR15,Watershed B20SAR15,West flowing rivers of Kutch and Saurashtra including Luni Basin,Saraswati,498.34136605,0.0,0.0,1.0,0.0,0.0,NO ALERT,NO ALERT,20260911,12
watershed,B20SAR16,Watershed B20SAR16,West flowing rivers of Kutch and Saurashtra including Luni Basin,Saraswati,345.08592677,0.3125,2.9149471113943073,3.0,0.9375,0.0,NO ALERT,NO ALERT,20260911,12
watershed,B20SAR17,Watershed B20SAR17,West flowing rivers of Kutch and Saurashtra including Luni Basin,Saraswati,417.06149792,0.0,0.0,1.0,0.0,0.0,NO ALERT,NO ALERT,20260911,12
watershed,B20SAR18,Watershed B20SAR18,West flowing rivers of Kutch and Saurashtra including Luni Basin,Saraswati,871.68757043,0.3125,1.3716114154825472,3.0,0.9375,0.0,NO ALERT,NO ALERT,20260911,12
watershed,B20SAR19,Watershed B20SAR19,West flowing rivers of Kutch and Saurashtra including Luni Basin,Saraswati,494.90012374,0.625,1.8495137498803336,2.9592219998085336,1.8495137498803336,0.0,NO ALERT,NO ALERT,20260911,12
watershed,B20SAR20,Watershed B20SAR20,West flowing rivers of Kutch and Saurashtra including Luni Basin,Saraswati,587.44610115,0.4375,2.089423198365185,3.0,1.3125,0.0,NO ALERT,NO ALERT,20260911,12
watershed,B20SAR21,Watershed B20SAR21,West flowing rivers of Kutch and Saurashtra including Luni Basin,Saraswati,1017.93289414,0.5625,2.178654745670214,3.0,1.6875,0.0,NO ALERT,NO ALERT,20260911,12
watershed,B20SAR22,Watershed B20SAR22,West flowing rivers of Kutch and Saurashtra including Luni Basin,Saraswati,498.64297529,0.6875,1.4366355614711162,2.089651725776169,1.4366355614711162,0.0,NO ALERT,NO ALERT,20260911,12
watershed,B20SAR23,Watershed B20SAR23,West flowing rivers of Kutch and Saurashtra including Luni Basin,Saraswati,406.40807159,0.5625,1.4293912418084602,2.5411399854372627,1.4293912418084602,0.0,NO ALERT,NO ALERT,20260911,12
watershed,B20SAR24,Watershed B20SAR24,West flowing rivers of Kutch and Saurashtra including Luni Basin,Saraswati,675.9455337,0.375,1.1798120069177183,3.0,1.125,0.0,NO ALERT,NO ALERT,20260911,12
watershed,B20SAR25,Watershed B20SAR25,West flowing rivers of Kutch and Saurashtra including Luni Basin,Saraswati,971.05520772,0.0,1.4827198075105066,1.0,0.0,0.0,NO ALERT,NO ALERT,20260911,12
watershed,B20SAR26,Watershed B20SAR26,West flowing rivers of Kutch and Saurashtra including Luni Basin,Saraswati,871.24439006,0.125,1.740508201187604,3.0,0.375,0.0,NO ALERT,NO ALERT,20260911,12
watershed,B20SAR27,Watershed B20SAR27,West flowing rivers of Kutch and Saurashtra including Luni Basin,Saraswati,565.2594744,0.0,1.59564178312478,1.0,0.0,0.0,NO ALERT,NO ALERT,20260911,12
watershed,B20SAR28,Watershed B20SAR28,West flowing rivers of Kutch and Saurashtra including Luni Basin,Saraswati,819.87662247,0.4375,1.5745393464418307,3.0,1.3125,0.0,NO ALERT,NO ALERT,20260911,12
watershed,B20SAR29,Watershed B20SAR29,West flowing rivers of Kutch and Saurashtra including Luni Basin,Saraswati,551.22790597,0.0,2.301775713856906,1.0,0.0,0.0,NO ALERT,NO ALERT,20260911,12
watershed,B20SAR30,Watershed B20SAR30,West flowing rivers of Kutch and Saurashtra including Luni Basin,Saraswati,308.9882036,0.0,1.4564540585018184,1.0,0.0,0.0,NO ALERT,NO ALERT,20260911,12
watershed,B20SAR31,Watershed B20SAR31,West flowing rivers of Kutch and Saurashtra including Luni Basin,Saraswati,840.59725955,0.0,0.0,1.0,0.0,0.0,NO ALERT,NO ALERT,20260911,12
watershed,B20SAR32,Watershed B20SAR32,West flowing rivers of Kutch and Saurashtra including Luni Basin,Saraswati,852.26879312,0.0,1.8431296282639242,1.0,0.0,0.0,NO ALERT,NO ALERT,20260911,12
watershed,B20SAR33,Watershed B20SAR33,West flowing rivers of Kutch and Saurashtra including Luni Basin,Saraswati,738.194674,0.0,1.6356513027867225,1.0,0.0,0.0,NO ALERT,NO ALERT,20260911,12
watershed,B20SAR34,Watershed B20SAR34,West flowing rivers of Kutch and Saurashtra including Luni Basin,Saraswati,692.88076446,0.0,2.3338399516801314,1.0,0.0,0.0,NO ALERT,NO ALERT,20260911,12
watershed,B20SAR35,Watershed B20SAR35,West flowing rivers of Kutch and Saurashtra including Luni Basin,Saraswati,514.48646157,0.0,1.8858820864190795,1.0,0.0,0.0,NO ALERT,NO ALERT,20260911,12
watershed,B20SAR36,Watershed B20SAR36,West flowing rivers of Kutch and Saurashtra including Luni Basin,Saraswati,960.95876925,0.0,2.1767824076218147,1.0,0.0,0.0,NO ALERT,NO ALERT,20260911,12
watershed,B20SAR37,Watershed B20SAR37,West flowing rivers of Kutch and Saurashtra including Luni Basin,Saraswati,499.76907377,0.0,0.0,1.0,0.0,0.0,NO ALERT,NO ALERT,20260911,12
watershed,B20SAR38,Watershed B20SAR38,West flowing rivers of Kutch and Saurashtra including Luni Basin,Saraswati,593.06582732,0.0625,2.099640049877232,1.0,0.0625,0.0,NO ALERT,NO ALERT,20260911,12
watershed,B20SAR39,Watershed B20SAR39,West flowing rivers of Kutch and Saurashtra including Luni Basin,Saraswati,709.77785484,0.8125,2.54737802241763,3.0,2.4375,0.0,NO ALERT,NO ALERT,20260911,12
watershed,B20SAR40,Watershed B20SAR40,West flowing rivers of Kutch and Saurashtra including Luni Basin,Saraswati,577.60749899,1.0,2.28327346580894,2.28327346580894,2.28327346580894,0.0,NO ALERT,NO ALERT,20260911,12
watershed,B20SAR41,Watershed B20SAR41,West flowing rivers of Kutch and Saurashtra including Luni Basin,Saraswati,642.05899786,0.625,2.1930049212419824,3.0,1.875,0.0,NO ALERT,NO ALERT,20260911,12
watershed,B20SAR42,Watershed B20SAR42,West flowing rivers of Kutch and Saurashtra including Luni Basin,Saraswati,422.75821571,0.1875,2.4403542459419327,3.0,0.5625,0.0,NO ALERT,NO ALERT,20260911,12
watershed,B20SAR43,Watershed B20SAR43,West flowing rivers of Kutch and Saurashtra including Luni Basin,Saraswati,468.75665375,0.0,2.267234490260686,1.0,0.0,0.0,NO ALERT,NO ALERT,20260911,12
watershed,B20SHE01,Watershed B20SHE01,West flowing rivers of Kutch and Saurashtra including Luni Basin,Shetranjuli and other east flowing rivers,508.84649717,0.0,2.5284302860906678,1.0,0.0,0.0,NO ALERT,NO ALERT,20260911,12
watershed,B20SHE02,Watershed B20SHE02,West flowing rivers of Kutch and Saurashtra including Luni Basin,Shetranjuli and other east flowing rivers,630.11748392,0.0,2.260822704883471,1.0,0.0,0.0,NO ALERT,NO ALERT,20260911,12
watershed,B20SHE03,Watershed B20SHE03,West flowing rivers of Kutch and Saurashtra including Luni Basin,Shetranjuli and other east flowing rivers,577.65423311,0.0,0.0,1.0,0.0,0.0,NO ALERT,NO ALERT,20260911,12
watershed,B20SHE04,Watershed B20SHE04,West flowing rivers of Kutch and Saurashtra including Luni Basin,Shetranjuli and other east flowing rivers,359.51411203,0.0,2.521636424244267,1.0,0.0,0.0,NO ALERT,NO ALERT,20260911,12
watershed,B20SHE05,Watershed B20SHE05,West flowing rivers of Kutch and Saurashtra including Luni Basin,Shetranjuli and other east flowing rivers,420.60361184,0.0,0.0,1.0,0.0,0.0,NO ALERT,NO ALERT,20260911,12
watershed,B20SHE06,Watershed B20SHE06,West flowing rivers of Kutch and Saurashtra including Luni Basin,Shetranjuli and other east flowing rivers,300.06436537,0.0,2.703821378864654,1.0,0.0,0.0,NO ALERT,NO ALERT,20260911,12
watershed,B20SHE07,Watershed B20SHE07,West flowing rivers of Kutch and Saurashtra including Luni Basin,Shetranjuli and other east flowing rivers,328.99867283,0.0,0.0,1.0,0.0,0.0,NO ALERT,NO ALERT,20260911,12
watershed,B20SHE08,Watershed B20SHE08,West flowing rivers of Kutch and Saurashtra including Luni Basin,Shetranjuli and other east flowing rivers,644.23426527,0.0625,3.0292612361173106,1.0,0.0625,0.0,NO ALERT,NO ALERT,20260911,12
watershed,B20SHE09,Watershed B20SHE09,West flowing rivers of Kutch and Saurashtra including Luni Basin,Shetranjuli and other east flowing rivers,419.5879805,0.5,2.650027988585707,3.0,1.5,0.0,NO ALERT,NO ALERT,20260911,12
watershed,B20SHE10,Watershed B20SHE10,West flowing rivers of Kutch and Saurashtra including Luni Basin,Shetranjuli and other east flowing rivers,767.18081931,0.0,0.0,1.0,0.0,0.0,NO ALERT,NO ALERT,20260911,12
watershed,B20SHE11,Watershed B20SHE11,West flowing rivers of Kutch and Saurashtra including Luni Basin,Shetranjuli and other east flowing rivers,484.95059766,0.625,2.827206055962876,3.0,1.875,0.0,NO ALERT,NO ALERT,20260911,12
watershed,B20SHE12,Watershed B20SHE12,West flowing rivers of Kutch and Saurashtra including Luni Basin,Shetranjuli and other east flowing rivers,348.0978182,0.125,3.380473765363432,3.0,0.375,0.0,NO ALERT,NO ALERT,20260911,12
watershed,B20SHE13,Watershed B20SHE13,West flowing rivers of Kutch and Saurashtra including Luni Basin,Shetranjuli and other east flowing rivers,494.64624899,0.0,0.0,1.0,0.0,0.0,NO ALERT,NO ALERT,20260911,12
watershed,B20SHE14,Watershed B20SHE14,West flowing rivers of Kutch and Saurashtra including Luni Basin,Shetranjuli and other east flowing rivers,623.59200132,0.0,2.8900638447232443,1.0,0.0,0.0,NO ALERT,NO ALERT,20260911,12
watershed,B20SHE15,Watershed B20SHE15,West flowing rivers of Kutch and Saurashtra including Luni Basin,Shetranjuli and other east flowing rivers,653.27206479,0.1875,0.0,0.3,0.056249999999999994,0.0,NO ALERT,NO ALERT,20260911,12
watershed,B20SHE16,Watershed B20SHE16,West flowing rivers of Kutch and Saurashtra including Luni Basin,Shetranjuli and other east flowing rivers,432.83282266,9.625,2.043185695638395,0.3,2.8874999999999997,0.0,NO ALERT,NO ALERT,20260911,12
watershed,B20SHE17,Watershed B20SHE17,West flowing rivers of Kutch and Saurashtra including Luni Basin,Shetranjuli and other east flowing rivers,665.90015434,4.5,2.1893757008934673,0.4865279335318816,2.1893757008934673,0.0,NO ALERT,NO ALERT,20260911,12
watershed,B20SHE18,Watershed B20SHE18,West flowing rivers of Kutch and Saurashtra including Luni Basin,Shetranjuli and other east flowing rivers,581.34170261,0.4375,2.07522913613548,3.0,1.3125,0.0,NO ALERT,NO ALERT,20260911,12
watershed,B20SHE19,Watershed B20SHE19,West flowing rivers of Kutch and Saurashtra including Luni Basin,Shetranjuli and other east flowing rivers,583.04105378,5.0625,2.681346264655051,0.5296486448701335,2.6813462646550508,0.0,NO ALERT,NO ALERT,20260911,12
watershed,B20SHE20,Watershed B20SHE20,West flowing rivers of Kutch and Saurashtra including Luni Basin,Shetranjuli and other east flowing rivers,746.61605058,0.0,0.0,1.0,0.0,0.0,NO ALERT,NO ALERT,20260911,12
watershed,B20SHE21,Watershed B20SHE21,West flowing rivers of Kutch and Saurashtra including Luni Basin,Shetranjuli and other east flowing rivers,716.69166895,0.875,2.4029215544053955,2.746196062177595,2.4029215544053955,0.0,NO ALERT,NO ALERT,20260911,12
watershed,B20SHE22,Watershed B20SHE22,West flowing rivers of Kutch and Saurashtra including Luni Basin,Shetranjuli and other east flowing rivers,366.69639242,0.0,0.0,1.0,0.0,0.0,NO ALERT,NO ALERT,20260911,12
watershed,B20SHE23,Watershed B20SHE23,West flowing rivers of Kutch and Saurashtra including Luni Basin,Shetranjuli and other east flowing rivers,744.63832439,0.375,2.777859478004991,3.0,1.125,0.0,NO ALERT,NO ALERT,20260911,12
watershed,B20SHE24,Watershed B20SHE24,West flowing rivers of Kutch and Saurashtra including Luni Basin,Shetranjuli and other east flowing rivers,746.92055706,0.0625,2.859108572463467,1.0,0.0625,0.0,NO ALERT,NO ALERT,20260911,12
watershed,B20SHE25,Watershed B20SHE25,West flowing rivers of Kutch and Saurashtra including Luni Basin,Shetranjuli and other east flowing rivers,441.43493927,1.625,2.8255506829243817,1.738800420261158,2.8255506829243817,0.0,NO ALERT,NO ALERT,20260911,12
watershed,B20SHE26,Watershed B20SHE26,West flowing rivers of Kutch and Saurashtra including Luni Basin,Shetranjuli and other east flowing rivers,744.2016093,2.0625,3.5238929496644293,1.7085541574130567,3.5238929496644293,0.0,NO ALERT,NO ALERT,20260911,12
watershed,B20SHE27,Watershed B20SHE27,West flowing rivers of Kutch and Saurashtra including Luni Basin,Shetranjuli and other east flowing rivers,567.9523835,7.375,3.158410918386015,0.42825910757776475,3.158410918386015,0.0,NO ALERT,NO ALERT,20260911,12
watershed,B20SHE28,Watershed B20SHE28,West flowing rivers of Kutch and Saurashtra including Luni Basin,Shetranjuli and other east flowing rivers,810.13644436,9.5,3.713594110616266,0.39090464322276486,3.713594110616266,0.0,NO ALERT,NO ALERT,20260911,12
watershed,B20SHE29,Watershed B20SHE29,West flowing rivers of Kutch and Saurashtra including Luni Basin,Shetranjuli and other east flowing rivers,461.07124015,8.75,2.9174479514156304,0.33342262301892917,2.9174479514156304,0.0,NO ALERT,NO ALERT,20260911,12
watershed,B20SHE30,Watershed B20SHE30,West flowing rivers of Kutch and Saurashtra including Luni Basin,Shetranjuli and other east flowing rivers,855.85911288,0.0,0.0,1.0,0.0,0.0,NO ALERT,NO ALERT,20260911,12
watershed,B20SHE31,Watershed B20SHE31,West flowing rivers of Kutch and Saurashtra including Luni Basin,Shetranjuli and other east flowing rivers,642.44198216,2.53125,3.380944033671324,1.335681593549165,3.380944033671324,0.0,NO ALERT,NO ALERT,20260911,12
watershed,B20SHE32,Watershed B20SHE32,West flowing rivers of Kutch and Saurashtra including Luni Basin,Shetranjuli and other east flowing rivers,552.53364646,0.0625,3.6368206819851103,1.0,0.0625,0.0,NO ALERT,NO ALERT,20260911,12
watershed,B25DAL01,Watershed B25DAL01,Drainage Area of Lakshadweep Islands Basin,Drainage Area of Lakshadweep Islands,669.81244768,0.0,0.0,1.0,0.0,0.0,NO ALERT,NO ALERT,20260911,12
watershed,C03GDL01,Watershed C03GDL01,Godavari Basin,Godavari Lower,395.34110432,0.0,0.0,1.0,0.0,0.0,NO ALERT,NO ALERT,20260911,12
watershed,C03GDL02,Watershed C03GDL02,Godavari Basin,Godavari Lower,606.84385984,19.96875,5.170360585251084,0.3,5.990625,0.0,NO ALERT,NO ALERT,20260911,12
watershed,C03GDL03,Watershed C03GDL03,Godavari Basin,Godavari Lower,593.17923219,19.25,4.441675968835615,0.3,5.7749999999999995,0.0,NO ALERT,NO ALERT,20260911,12
watershed,C03GDL04,Watershed C03GDL04,Godavari Basin,Godavari Lower,813.68207012,12.5,5.589490460277828,0.44715923682222625,5.589490460277828,0.0,NO ALERT,NO ALERT,20260911,12
watershed,C03GDL05,Watershed C03GDL05,Godavari Basin,Godavari Lower,368.125936,0.0,0.0,1.0,0.0,0.0,NO ALERT,NO ALERT,20260911,12
watershed,C03GDL06,Watershed C03GDL06,Godavari Basin,Godavari Lower,653.20681837,32.6875,5.041166225116546,0.3,9.80625,0.0,NO ALERT,NO ALERT,20260911,12
watershed,C03GDL07,Watershed C03GDL07,Godavari Basin,Godavari Lower,833.04206481,24.5625,5.20630630275158,0.3,7.3687499999999995,0.0,NO ALERT,NO ALERT,20260911,12
watershed,C03GDL08,Watershed C03GDL08,Godavari Basin,Godavari Lower,751.19849329,16.875,5.971066118184834,0.35384095515169384,5.971066118184834,0.0,NO ALERT,NO ALERT,20260911,12
watershed,C03GDL09,Watershed C03GDL09,Godavari Basin,Godavari Lower,732.5544908,21.875,5.921703898294331,0.3,6.5625,0.0,NO ALERT,NO ALERT,20260911,12
watershed,C03GDL10,Watershed C03GDL10,Godavari Basin,Godavari Lower,696.21508105,0.0,0.0,1.0,0.0,0.0,NO ALERT,NO ALERT,20260911,12
watershed,C03GDL11,Watershed C03GDL11,Godavari Basin,Godavari Lower,463.11322333,17.3125,5.194982424827471,0.30007118699364455,5.194982424827471,0.0,NO ALERT,NO ALERT,20260911,12
watershed,C03GDL12,Watershed C03GDL12,Godavari Basin,Godavari Lower,559.84759464,0.0,0.0,1.0,0.0,0.0,NO ALERT,NO ALERT,20260911,12
watershed,C03GDL13,Watershed C03GDL13,Godavari Basin,Godavari Lower,469.06285878,16.8125,5.27327661008051,0.3136521403765359,5.27327661008051,0.0,NO ALERT,NO ALERT,20260911,12
watershed,C03GDL14,Watershed C03GDL14,Godavari Basin,Godavari Lower,758.74155388,12.875,5.0865906545356525,0.39507500229403125,5.0865906545356525,0.0,NO ALERT,NO ALERT,20260911,12
watershed,C03GDL15,Watershed C03GDL15,Godavari Basin,Godavari Lower,514.33395574,0.0,0.0,1.0,0.0,0.0,NO ALERT,NO ALERT,20260911,12
watershed,C03GDL16,Watershed C03GDL16,Godavari Basin,Godavari Lower,503.42067785,8.6875,5.0884848492806904,0.5857248747373457,5.0884848492806904,0.0,NO ALERT,NO ALERT,20260911,12
watershed,C03GDL17,Watershed C03GDL17,Godavari Basin,Godavari Lower,438.55087295,0.0,0.0,1.0,0.0,0.0,NO ALERT,NO ALERT,20260911,12
watershed,C03GDL18,Watershed C03GDL18,Godavari Basin,Godavari Lower,644.72882222,12.5625,4.920639748789676,0.39169271632156627,4.920639748789676,0.0,NO ALERT,NO ALERT,20260911,12
watershed,C03GDL19,Watershed C03GDL19,Godavari Basin,Godavari Lower,630.51423333,11.75,4.73130980551447,0.4026646642991038,4.73130980551447,0.0,NO ALERT,NO ALERT,20260911,12
watershed,C03GDL20,Watershed C03GDL20,Godavari Basin,Godavari Lower,327.10213247,7.8125,5.0276225374169545,0.6435356847893702,5.0276225374169545,0.0,NO ALERT,NO ALERT,20260911,12
watershed,C03GDL21,Watershed C03GDL21,Godavari Basin,Godavari Lower,595.65981321,6.5625,4.297109204591954,0.6547975930806786,4.297109204591954,0.0,NO ALERT,NO ALERT,20260911,12
watershed,C03GDL22,Watershed C03GDL22,Godavari Basin,Godavari Lower,813.33416165,22.5625,4.386292843091978,0.3,6.76875,0.0,NO ALERT,NO ALERT,20260911,12
watershed,C03GDL23,Watershed C03GDL23,Godavari Basin,Godavari Lower,696.24585248,0.0,0.0,1.0,0.0,0.0,NO ALERT,NO ALERT,20260911,12
watershed,C03GDL24,Watershed C03GDL24,Godavari Basin,Godavari Lower,403.6596456,28.3125,4.244743184704487,0.3,8.49375,0.0,NO ALERT,NO ALERT,20260911,12
watershed,C03GDL25,Watershed C03GDL25,Godavari Basin,Godavari Lower,827.6921129,21.6875,5.637527412829334,0.3,6.50625,0.0,NO ALERT,NO ALERT,20260911,12
watershed,C03GDL26,Watershed C03GDL26,Godavari Basin,Godavari Lower,617.29538457,23.25,4.250374723052325,0.3,6.975,0.0,NO ALERT,NO ALERT,20260911,12
watershed,C03GDL27,Watershed C03GDL27,Godavari Basin,Godavari Lower,423.26194741,18.125,3.7308348280722146,0.3,5.4375,0.0,NO ALERT,NO ALERT,20260911,12
watershed,C03GDL28,Watershed C03GDL28,Godavari Basin,Godavari Lower,480.02103249,0.0,0.0,1.0,0.0,0.0,NO ALERT,NO ALERT,20260911,12
watershed,C03GDL29,Watershed C03GDL29,Godavari Basin,Godavari Lower,517.84024537,21.625,4.626309126390987,0.3,6.4875,0.0,NO ALERT,NO ALERT,20260911,12
watershed,C03GDL30,Watershed C03GDL30,Godavari Basin,Godavari Lower,925.77677787,12.5,3.5294893518702626,0.3,3.75,0.0,NO ALERT,NO ALERT,20260911,12
watershed,C03GDL31,Watershed C03GDL31,Godavari Basin,Godavari Lower,669.84045886,0.0,0.0,1.0,0.0,0.0,NO ALERT,NO ALERT,20260911,12
watershed,C03GDL32,Watershed C03GDL32,Godavari Basin,Godavari Lower,974.83665987,7.125,4.06590245474283,0.5706529761042569,4.06590245474283,0.0,NO ALERT,NO ALERT,20260911,12
watershed,C03GDL33,Watershed C03GDL33,Godavari Basin,Godavari Lower,454.61184195,0.0,0.0,1.0,0.0,0.0,NO ALERT,NO ALERT,20260911,12
watershed,C03GDL34,Watershed C03GDL34,Godavari Basin,Godavari Lower,715.14532076,7.8125,3.9536038758003547,0.5060612961024454,3.953603875800355,0.0,NO ALERT,NO ALERT,20260911,12
watershed,C03GDL35,Watershed C03GDL35,Godavari Basin,Godavari Lower,407.90923239,0.0,0.0,1.0,0.0,0.0,NO ALERT,NO ALERT,20260911,12
watershed,C03GDL36,Watershed C03GDL36,Godavari Basin,Godavari Lower,735.99629253,0.0,0.0,1.0,0.0,0.0,NO ALERT,NO ALERT,20260911,12
watershed,C03GDL37,Watershed C03GDL37,Godavari Basin,Godavari Lower,831.0348129,9.5625,5.853267906891973,0.6121064477795527,5.853267906891973,0.0,NO ALERT,NO ALERT,20260911,12
watershed,C03GDL38,Watershed C03GDL38,Godavari Basin,Godavari Lower,733.40478874,11.25,5.24782485433229,0.4664733203850924,5.24782485433229,0.0,NO ALERT,NO ALERT,20260911,12
watershed,C03GDL39,Watershed C03GDL39,Godavari Basin,Godavari Lower,778.83291543,9.625,4.669837016765386,0.4851778718717284,4.669837016765386,0.0,NO ALERT,NO ALERT,20260911,12
watershed,C03GDL40,Watershed C03GDL40,Godavari Basin,Godavari Lower,739.58432321,7.6875,4.912465570846649,0.6390199116548486,4.912465570846649,0.0,NO ALERT,NO ALERT,20260911,12
watershed,C03GDL41,Watershed C03GDL41,Godavari Basin,Godavari Lower,673.52751355,0.0,0.0,1.0,0.0,0.0,NO ALERT,NO ALERT,20260911,12
watershed,C03GDL42,Watershed C03GDL42,Godavari Basin,Godavari Lower,625.91764197,16.1875,5.233673057205056,0.3233157100976097,5.233673057205056,0.0,NO ALERT,NO ALERT,20260911,12
watershed,C03GDL43,Watershed C03GDL43,Godavari Basin,Godavari Lower,866.77729193,11.4375,4.6554007069705285,0.4070295700083522,4.6554007069705285,0.0,NO ALERT,NO ALERT,20260911,12
watershed,C03GDL44,Watershed C03GDL44,Godavari Basin,Godavari Lower,747.23422864,6.3125,4.5264528467230605,0.7170618371046432,4.5264528467230605,0.0,NO ALERT,NO ALERT,20260911,12
watershed,C03GDL45,Watershed C03GDL45,Godavari Basin,Godavari Lower,443.34276156,0.0,0.0,1.0,0.0,0.0,NO ALERT,NO ALERT,20260911,12
watershed,C03GDL46,Watershed C03GDL46,Godavari Basin,Godavari Lower,695.29257434,9.71875,4.6776204976419065,0.48129857210463345,4.6776204976419065,0.0,NO ALERT,NO ALERT,20260911,12
watershed,C03GDL47,Watershed C03GDL47,Godavari Basin,Godavari Lower,717.77758209,7.375,4.073309758836276,0.5523131876388171,4.073309758836276,0.0,NO ALERT,NO ALERT,20260911,12
watershed,C03GDL48,Watershed C03GDL48,Godavari Basin,Godavari Lower,728.88407051,1.25,4.993312916282105,3.0,3.75,0.0,NO ALERT,NO ALERT,20260911,12
watershed,C03GDL49,Watershed C03GDL49,Godavari Basin,Godavari Lower,846.91971853,2.5625,3.9825262921721967,1.5541566018232962,3.9825262921721967,0.0,NO ALERT,NO ALERT,20260911,12
watershed,C03GDL50,Watershed C03GDL50,Godavari Basin,Godavari Lower,756.90402332,10.0625,4.843779297030135,0.4813693711334296,4.843779297030135,0.0,NO ALERT,NO ALERT,20260911,12
watershed,C03GDL51,Watershed C03GDL51,Godavari Basin,Godavari Lower,920.17405137,5.1875,4.981518774367359,0.9602927757816596,4.981518774367359,0.0,NO ALERT,NO ALERT,20260911,12
watershed,C03GDL52,Watershed C03GDL52,Godavari Basin,Godavari Lower,948.16272079,5.9375,4.544103284996666,0.7653226585257543,4.544103284996666,0.0,NO ALERT,NO ALERT,20260911,12
watershed,C03GDL53,Watershed C03GDL53,Godavari Basin,Godavari Lower,717.79332033,5.0625,3.6540200344911993,0.7217817352081382,3.6540200344911993,0.0,NO ALERT,NO ALERT,20260911,12
watershed,C03GDL54,Watershed C03GDL54,Godavari Basin,Godavari Lower,622.97502262,7.34375,3.671949380768897,0.5000101284451264,3.671949380768897,0.0,NO ALERT,NO ALERT,20260911,12
watershed,C03GDL55,Watershed C03GDL55,Godavari Basin,Godavari Lower,668.05613406,0.0,0.0,1.0,0.0,0.0,NO ALERT,NO ALERT,20260911,12
watershed,C03GDL56,Watershed C03GDL56,Godavari Basin,Godavari Lower,751.45449349,7.625,3.546657787732882,0.46513544757152553,3.546657787732882,0.0,NO ALERT,NO ALERT,20260911,12
watershed,C03GDL57,Watershed C03GDL57,Godavari Basin,Godavari Lower,496.12958936,5.0,3.452370268780075,0.690474053756015,3.452370268780075,0.0,NO ALERT,NO ALERT,20260911,12
watershed,C03GDL58,Watershed C03GDL58,Godavari Basin,Godavari Lower,574.59549747,5.8125,3.320880325444757,0.571334249538883,3.3208803254447576,0.0,NO ALERT,NO ALERT,20260911,12
watershed,C03GDL59,Watershed C03GDL59,Godavari Basin,Godavari Lower,451.5401721,0.0,0.0,1.0,0.0,0.0,NO ALERT,NO ALERT,20260911,12
watershed,C03GDL60,Watershed C03GDL60,Godavari Basin,Godavari Lower,489.68050419,2.8125,3.77464334170704,1.3420954103847254,3.77464334170704,0.0,NO ALERT,NO ALERT,20260911,12
watershed,C03GDL61,Watershed C03GDL61,Godavari Basin,Godavari Lower,989.27711762,1.5,3.237349775372303,2.1582331835815354,3.2373497753723033,0.0,NO ALERT,NO ALERT,20260911,12
watershed,C03GDL62,Watershed C03GDL62,Godavari Basin,Godavari Lower,304.77316504,1.3125,3.530233892104397,2.6897020130319214,3.530233892104397,0.0,NO ALERT,NO ALERT,20260911,12
watershed,C03GDL63,Watershed C03GDL63,Godavari Basin,Godavari Lower,552.17544545,0.0625,3.3408233609101545,1.0,0.0625,0.0,NO ALERT,NO ALERT,20260911,12
watershed,C03GDL64,Watershed C03GDL64,Godavari Basin,Godavari Lower,520.05443535,0.625,3.334432219520007,3.0,1.875,0.0,NO ALERT,NO ALERT,20260911,12
watershed,C03GDL65,Watershed C03GDL65,Godavari Basin,Godavari Lower,915.56528699,0.3125,3.135907434478198,3.0,0.9375,0.0,NO ALERT,NO ALERT,20260911,12
watershed,C03GDL66,Watershed C03GDL66,Godavari Basin,Godavari Lower,817.68175321,0.0625,3.4643647365578234,1.0,0.0625,0.0,NO ALERT,NO ALERT,20260911,12
watershed,C03GDL67,Watershed C03GDL67,Godavari Basin,Godavari Lower,834.08112659,0.0,0.0,1.0,0.0,0.0,NO ALERT,NO ALERT,20260911,12
watershed,C03GDM01,Watershed C03GDM01,Godavari Basin,Godavari Middle,733.68768301,5.0625,2.0744009660939646,0.40975821552473374,2.0744009660939646,0.0,NO ALERT,NO ALERT,20260911,12
watershed,C03GDM02,Watershed C03GDM02,Godavari Basin,Godavari Middle,438.28739948,0.0,0.0,1.0,0.0,0.0,NO ALERT,NO ALERT,20260911,12
watershed,C03GDM03,Watershed C03GDM03,Godavari Basin,Godavari Middle,773.39315685,1.75,2.2311860843472284,1.2749634767698448,2.2311860843472284,0.0,NO ALERT,NO ALERT,20260911,12
watershed,C03GDM04,Watershed C03GDM04,Godavari Basin,Godavari Middle,492.06033502,0.5625,2.6880264370817026,3.0,1.6875,0.0,NO ALERT,NO ALERT,20260911,12
watershed,C03GDM05,Watershed C03GDM05,Godavari Basin,Godavari Middle,784.3110254,1.125,1.799765462785551,1.5997915224760453,1.799765462785551,0.0,NO ALERT,NO ALERT,20260911,12
watershed,C03GDM06,Watershed C03GDM06,Godavari Basin,Godavari Middle,732.81272995,1.375,2.360575144145995,1.716781923015269,2.360575144145995,0.0,NO ALERT,NO ALERT,20260911,12
watershed,C03GDM07,Watershed C03GDM07,Godavari Basin,Godavari Middle,424.79854177,0.0,0.0,1.0,0.0,0.0,NO ALERT,NO ALERT,20260911,12
watershed,C03GDM08,Watershed C03GDM08,Godavari Basin,Godavari Middle,526.13244033,1.625,3.2270164725715165,1.9858562908132409,3.2270164725715165,0.0,NO ALERT,NO ALERT,20260911,12
watershed,C03GDM09,Watershed C03GDM09,Godavari Basin,Godavari Middle,706.90920085,2.4375,3.217689452126418,1.3200777239492998,3.217689452126418,0.0,NO ALERT,NO ALERT,20260911,12
watershed,C03GDM10,Watershed C03GDM10,Godavari Basin,Godavari Middle,757.67813805,2.6875,2.631074101937144,0.9790043169998676,2.631074101937144,0.0,NO ALERT,NO ALERT,20260911,12
watershed,C03GDM11,Watershed C03GDM11,Godavari Basin,Godavari Middle,799.93433603,4.9375,3.034969724418774,0.6146774125405112,3.034969724418774,0.0,NO ALERT,NO ALERT,20260911,12
watershed,C03GDM12,Watershed C03GDM12,Godavari Basin,Godavari Middle,754.5403762,12.875,2.4425788698539344,0.3,3.8625,0.0,NO ALERT,NO ALERT,20260911,12
watershed,C03GDM13,Watershed C03GDM13,Godavari Basin,Godavari Middle,441.03154885,0.0,0.0,1.0,0.0,0.0,NO ALERT,NO ALERT,20260911,12
watershed,C03GDM14,Watershed C03GDM14,Godavari Basin,Godavari Middle,519.65069199,8.875,2.4287426276566233,0.3,2.6625,0.0,NO ALERT,NO ALERT,20260911,12
watershed,C03GDM15,Watershed C03GDM15,Godavari Basin,Godavari Middle,699.1535505,0.6875,2.292901569400748,3.0,2.0625,0.0,NO ALERT,NO ALERT,20260911,12
watershed,C03GDM16,Watershed C03GDM16,Godavari Basin,Godavari Middle,775.01743126,0.5625,2.334476898018628,3.0,1.6875,0.0,NO ALERT,NO ALERT,20260911,12
watershed,C03GDM17,Watershed C03GDM17,Godavari Basin,Godavari Middle,547.57631954,0.0,0.0,1.0,0.0,0.0,NO ALERT,NO ALERT,20260911,12
watershed,C03GDM18,Watershed C03GDM18,Godavari Basin,Godavari Middle,614.32660862,1.5625,2.5763827091414635,1.6488849338505367,2.5763827091414635,0.0,NO ALERT,NO ALERT,20260911,12
watershed,C03GDM19,Watershed C03GDM19,Godavari Basin,Godavari Middle,533.29059748,0.0,0.0,1.0,0.0,0.0,NO ALERT,NO ALERT,20260911,12
watershed,C03GDM20,Watershed C03GDM20,Godavari Basin,Godavari Middle,604.10007302,1.4375,2.835679516951515,1.9726466204880106,2.835679516951515,0.0,NO ALERT,NO ALERT,20260911,12
watershed,C03GDM21,Watershed C03GDM21,Godavari Basin,Godavari Middle,576.71559208,8.8125,2.5129797328008365,0.3,2.64375,0.0,NO ALERT,NO ALERT,20260911,12
watershed,C03GDM22,Watershed C03GDM22,Godavari Basin,Godavari Middle,473.19727488,5.6875,3.1007967813782495,0.5451950384840878,3.100796781378249,0.0,NO ALERT,NO ALERT,20260911,12
watershed,C03GDM23,Watershed C03GDM23,Godavari Basin,Godavari Middle,691.05735223,0.0,0.0,1.0,0.0,0.0,NO ALERT,NO ALERT,20260911,12
watershed,C03GDM24,Watershed C03GDM24,Godavari Basin,Godavari Middle,954.31835695,12.4375,3.3756220929324625,0.3,3.7312499999999997,0.0,NO ALERT,NO ALERT,20260911,12
watershed,C03GDM25,Watershed C03GDM25,Godavari Basin,Godavari Middle,855.36082769,0.875,2.5051944375242274,2.8630793571705455,2.5051944375242274,0.0,NO ALERT,NO ALERT,20260911,12
watershed,C03GDM26,Watershed C03GDM26,Godavari Basin,Godavari Middle,673.79708969,1.1875,3.064617989120418,2.580730938206668,3.064617989120418,0.0,NO ALERT,NO ALERT,20260911,12
watershed,C03GDM27,Watershed C03GDM27,Godavari Basin,Godavari Middle,438.40628309,1.4375,1.8597236112372515,1.2937207730346096,1.8597236112372513,0.0,NO ALERT,NO ALERT,20260911,12
watershed,C03GDM28,Watershed C03GDM28,Godavari Basin,Godavari Middle,463.76833823,1.3125,2.821793574747974,2.1499379617127423,2.821793574747974,0.0,NO ALERT,NO ALERT,20260911,12
watershed,C03GDM29,Watershed C03GDM29,Godavari Basin,Godavari Middle,880.07114015,2.3125,1.9915952887845365,0.8612303951500698,1.9915952887845365,0.0,NO ALERT,NO ALERT,20260911,12
watershed,C03GDM30,Watershed C03GDM30,Godavari Basin,Godavari Middle,771.00494668,8.1875,2.507370750238634,0.306243755754337,2.507370750238634,0.0,NO ALERT,NO ALERT,20260911,12
watershed,C03GDM31,Watershed C03GDM31,Godavari Basin,Godavari Middle,632.2018332,3.0,3.055705079762903,1.0185683599209676,3.0557050797629026,0.0,NO ALERT,NO ALERT,20260911,12
watershed,C03GDM32,Watershed C03GDM32,Godavari Basin,Godavari Middle,646.01908289,3.1875,2.974487151838329,0.9331724397924169,2.974487151838329,0.0,NO ALERT,NO ALERT,20260911,12
watershed,C03GDM33,Watershed C03GDM33,Godavari Basin,Godavari Middle,696.43059504,9.125,2.486812571630086,0.3,2.7375,0.0,NO ALERT,NO ALERT,20260911,12
watershed,C03GDM34,Watershed C03GDM34,Godavari Basin,Godavari Middle,548.67295722,0.0,0.0,1.0,0.0,0.0,NO ALERT,NO ALERT,20260911,12
watershed,C03GDM35,Watershed C03GDM35,Godavari Basin,Godavari Middle,592.74378385,0.0,0.0,1.0,0.0,0.0,NO ALERT,NO ALERT,20260911,12
watershed,C03GDM36,Watershed C03GDM36,Godavari Basin,Godavari Middle,731.86705061,10.46875,2.911687740377367,0.3,3.140625,0.0,NO ALERT,NO ALERT,20260911,12
watershed,C03GDM37,Watershed C03GDM37,Godavari Basin,Godavari Middle,523.28665375,0.0,0.0,1.0,0.0,0.0,NO ALERT,NO ALERT,20260911,12
watershed,C03GDM38,Watershed C03GDM38,Godavari Basin,Godavari Middle,592.39581706,20.5625,3.3887906122085165,0.3,6.16875,0.0,NO ALERT,NO ALERT,20260911,12
watershed,C03GDM39,Watershed C03GDM39,Godavari Basin,Godavari Middle,776.93309131,13.4375,2.6841251491071425,0.3,4.03125,0.0,NO ALERT,NO ALERT,20260911,12
watershed,C03GDM40,Watershed C03GDM40,Godavari Basin,Godavari Middle,325.87006979,17.0,3.404383507003523,0.3,5.1,0.0,NO ALERT,NO ALERT,20260911,12
watershed,C03GDM41,Watershed C03GDM41,Godavari Basin,Godavari Middle,909.53323297,23.0625,3.495566549315436,0.3,6.91875,0.0,NO ALERT,NO ALERT,20260911,12
watershed,C03GDM42,Watershed C03GDM42,Godavari Basin,Godavari Middle,683.2157525,0.0,0.0,1.0,0.0,0.0,NO ALERT,NO ALERT,20260911,12
watershed,C03GDM43,Watershed C03GDM43,Godavari Basin,Godavari Middle,664.27168808,13.8125,4.275041110384954,0.3095052387609017,4.275041110384954,0.0,NO ALERT,NO ALERT,20260911,12
watershed,C03GDM44,Watershed C03GDM44,Godavari Basin,Godavari Middle,647.34122251,13.0,3.990153928448076,0.3069349175729289,3.9901539284480756,0.0,NO ALERT,NO ALERT,20260911,12
watershed,C03GDM45,Watershed C03GDM45,Godavari Basin,Godavari Middle,508.90097854,0.0,0.0,1.0,0.0,0.0,NO ALERT,NO ALERT,20260911,12
watershed,C03GDM46,Watershed C03GDM46,Godavari Basin,Godavari Middle,878.92363672,0.0,0.0,1.0,0.0,0.0,NO ALERT,NO ALERT,20260911,12
watershed,C03GDM47,Watershed C03GDM47,Godavari Basin,Godavari Middle,549.60833415,14.125,3.7113348337273075,0.3,4.2375,0.0,NO ALERT,NO ALERT,20260911,12
watershed,C03GDM48,Watershed C03GDM48,Godavari Basin,Godavari Middle,646.99731382,13.3125,3.6956856413859214,0.3,3.99375,0.0,NO ALERT,NO ALERT,20260911,12
watershed,C03GDM49,Watershed C03GDM49,Godavari Basin,Godavari Middle,487.05802575,0.0,0.0,1.0,0.0,0.0,NO ALERT,NO ALERT,20260911,12
watershed,C03GDM50,Watershed C03GDM50,Godavari Basin,Godavari Middle,589.53373381,9.3125,4.552306110789514,0.48883824008478005,4.552306110789514,0.0,NO ALERT,NO ALERT,20260911,12
watershed,C03GDM51,Watershed C03GDM51,Godavari Basin,Godavari Middle,661.95769831,17.625,5.3922415023388925,0.3059427802745471,5.3922415023388925,0.0,NO ALERT,NO ALERT,20260911,12
watershed,C03GDM52,Watershed C03GDM52,Godavari Basin,Godavari Middle,717.81748393,0.0,0.0,1.0,0.0,0.0,NO ALERT,NO ALERT,20260911,12
watershed,C03GDM53,Watershed C03GDM53,Godavari Basin,Godavari Middle,641.81255525,15.40625,3.8524387816247874,0.3,4.621875,0.0,NO ALERT,NO ALERT,20260911,12
watershed,C03GDM54,Watershed C03GDM54,Godavari Basin,Godavari Middle,846.68863799,18.875,4.627503688939631,0.3,5.6625,0.0,NO ALERT,NO ALERT,20260911,12
watershed,C03GDM55,Watershed C03GDM55,Godavari Basin,Godavari Middle,623.20301109,22.125,3.6163144571323915,0.3,6.6375,0.0,NO ALERT,NO ALERT,20260911,12
watershed,C03GDM56,Watershed C03GDM56,Godavari Basin,Godavari Middle,730.80126655,10.75,3.5949350633441584,0.33441256403201475,3.5949350633441584,0.0,NO ALERT,NO ALERT,20260911,12
watershed,C03GDU01,Watershed C03GDU01,Godavari Basin,Godavari Upper,792.32021459,2.75,7.148306821388741,2.599384298686815,7.148306821388741,0.0,NO ALERT,NO ALERT,20260911,12
watershed,C03GDU02,Watershed C03GDU02,Godavari Basin,Godavari Upper,856.35605824,6.75,2.3150440890699215,0.3429694946770254,2.3150440890699215,0.0,NO ALERT,NO ALERT,20260911,12
watershed,C03GDU03,Watershed C03GDU03,Godavari Basin,Godavari Upper,821.81188922,6.0625,6.382779508910767,1.0528296097172398,6.382779508910766,0.0,NO ALERT,NO ALERT,20260911,12
watershed,C03GDU04,Watershed C03GDU04,Godavari Basin,Godavari Upper,823.71396863,12.5625,3.8857560904875195,0.30931391765074784,3.88575609048752,0.0,NO ALERT,NO ALERT,20260911,12
watershed,C03GDU05,Watershed C03GDU05,Godavari Basin,Godavari Upper,440.13995064,0.0,0.0,1.0,0.0,0.0,NO ALERT,NO ALERT,20260911,12
watershed,C03GDU06,Watershed C03GDU06,Godavari Basin,Godavari Upper,463.07743057,7.9375,2.188282627745034,0.3,2.38125,0.0,NO ALERT,NO ALERT,20260911,12
watershed,C03GDU07,Watershed C03GDU07,Godavari Basin,Godavari Upper,553.37846088,3.71875,1.9486969454137428,0.5240193466658805,1.948696945413743,0.0,NO ALERT,NO ALERT,20260911,12
watershed,C03GDU08,Watershed C03GDU08,Godavari Basin,Godavari Upper,840.75479053,7.375,2.3605731457063595,0.32007771467204876,2.3605731457063595,0.0,NO ALERT,NO ALERT,20260911,12
watershed,C03GDU09,Watershed C03GDU09,Godavari Basin,Godavari Upper,612.24104481,3.5625,1.6099706914326917,0.4519215975951415,1.6099706914326917,0.0,NO ALERT,NO ALERT,20260911,12
watershed,C03GDU10,Watershed C03GDU10,Godavari Basin,Godavari Upper,534.17794497,0.0,0.0,1.0,0.0,0.0,NO ALERT,NO ALERT,20260911,12
watershed,C03GDU11,Watershed C03GDU11,Godavari Basin,Godavari Upper,437.23778246,7.5,2.1548123421326077,0.3,2.25,0.0,NO ALERT,NO ALERT,20260911,12
watershed,C03GDU12,Watershed C03GDU12,Godavari Basin,Godavari Upper,837.06694375,4.6875,2.0471710862362222,0.4367298317303941,2.0471710862362222,0.0,NO ALERT,NO ALERT,20260911,12
watershed,C03GDU13,Watershed C03GDU13,Godavari Basin,Godavari Upper,470.49676269,7.25,2.4521755644311645,0.33823111233533304,2.4521755644311645,0.0,NO ALERT,NO ALERT,20260911,12
watershed,C03GDU14,Watershed C03GDU14,Godavari Basin,Godavari Upper,535.10348197,2.375,2.109416420819008,0.8881753350816876,2.109416420819008,0.0,NO ALERT,NO ALERT,20260911,12
watershed,C03GDU15,Watershed C03GDU15,Godavari Basin,Godavari Upper,668.93526295,11.0,2.9624453567784945,0.3,3.3,0.0,NO ALERT,NO ALERT,20260911,12
watershed,C03GDU16,Watershed C03GDU16,Godavari Basin,Godavari Upper,1185.7099781900001,2.375,2.3533265699466615,0.9908743452406995,2.3533265699466615,0.0,NO ALERT,NO ALERT,20260911,12
watershed,C03GDU18,Watershed C03GDU18,Godavari Basin,Godavari Upper,702.94727241,1.03125,2.4434949355072355,2.3694496344312586,2.4434949355072355,0.0,NO ALERT,NO ALERT,20260911,12
watershed,C03GDU19,Watershed C03GDU19,Godavari Basin,Godavari Upper,987.05760277,2.3125,1.958378298519409,0.8468662912516363,1.958378298519409,0.0,NO ALERT,NO ALERT,20260911,12
watershed,C03GDU20,Watershed C03GDU20,Godavari Basin,Godavari Upper,965.13646466,3.0,2.567488615970089,0.8558295386566964,2.567488615970089,0.0,NO ALERT,NO ALERT,20260911,12
watershed,C03GDU21,Watershed C03GDU21,Godavari Basin,Godavari Upper,331.11135033,0.0,0.0,1.0,0.0,0.0,NO ALERT,NO ALERT,20260911,12
watershed,C03GDU22,Watershed C03GDU22,Godavari Basin,Godavari Upper,545.48059466,4.0,2.6483002560595943,0.6620750640148986,2.6483002560595943,0.0,NO ALERT,NO ALERT,20260911,12
watershed,C03GDU23,Watershed C03GDU23,Godavari Basin,Godavari Upper,792.93222455,1.25,2.4297508326295305,1.9438006661036245,2.4297508326295305,0.0,NO ALERT,NO ALERT,20260911,12
watershed,C03GDU24,Watershed C03GDU24,Godavari Basin,Godavari Upper,546.0518834,0.0,0.0,1.0,0.0,0.0,NO ALERT,NO ALERT,20260911,12
watershed,C03GDU25,Watershed C03GDU25,Godavari Basin,Godavari Upper,481.28541385,6.28125,2.366818271567152,0.3768068890057158,2.366818271567152,0.0,NO ALERT,NO ALERT,20260911,12
watershed,C03GDU26,Watershed C03GDU26,Godavari Basin,Godavari Upper,706.19604834,2.4375,2.944003543910915,1.207796325707042,2.944003543910915,0.0,NO ALERT,NO ALERT,20260911,12
watershed,C03GDU27,Watershed C03GDU27,Godavari Basin,Godavari Upper,704.80058513,0.0,0.0,1.0,0.0,0.0,NO ALERT,NO ALERT,20260911,12
watershed,C03GDU28,Watershed C03GDU28,Godavari Basin,Godavari Upper,854.94948152,1.3125,2.6588554611353024,2.0257946370554683,2.658855461135302,0.0,NO ALERT,NO ALERT,20260911,12
watershed,C03GDU29,Watershed C03GDU29,Godavari Basin,Godavari Upper,727.58340856,0.625,2.081971305506687,3.0,1.875,0.0,NO ALERT,NO ALERT,20260911,12
watershed,C03GDU30,Watershed C03GDU30,Godavari Basin,Godavari Upper,558.94632635,4.75,2.9534955913685774,0.6217885455512795,2.9534955913685774,0.0,NO ALERT,NO ALERT,20260911,12
watershed,C03GDU31,Watershed C03GDU31,Godavari Basin,Godavari Upper,609.82752524,3.25,2.843657944137103,0.8749716751191087,2.843657944137103,0.0,NO ALERT,NO ALERT,20260911,12
watershed,C03GDU32,Watershed C03GDU32,Godavari Basin,Godavari Upper,390.9230903,0.0,0.0,1.0,0.0,0.0,NO ALERT,NO ALERT,20260911,12
watershed,C03GDU33,Watershed C03GDU33,Godavari Basin,Godavari Upper,665.48201488,1.1875,3.203485374132248,2.6976718940061035,3.203485374132248,0.0,NO ALERT,NO ALERT,20260911,12
watershed,C03IND01,Watershed C03IND01,Godavari Basin,Indravati,474.26060039,10.125,4.320412054494636,0.4267073634068776,4.320412054494636,0.0,NO ALERT,NO ALERT,20260911,12
watershed,C03IND02,Watershed C03IND02,Godavari Basin,Indravati,683.668118,8.6875,4.62767075855438,0.532681526164533,4.62767075855438,0.0,NO ALERT,NO ALERT,20260911,12
watershed,C03IND03,Watershed C03IND03,Godavari Basin,Indravati,367.065641,0.0,0.0,1.0,0.0,0.0,NO ALERT,NO ALERT,20260911,12
watershed,C03IND04,Watershed C03IND04,Godavari Basin,Indravati,992.92299216,18.65625,5.1231628575961885,0.3,5.596875,0.0,NO ALERT,NO ALERT,20260911,12
watershed,C03IND05,Watershed C03IND05,Godavari Basin,Indravati,849.17634079,10.1875,4.3284785575654405,0.4248813308039696,4.3284785575654405,0.0,NO ALERT,NO ALERT,20260911,12
watershed,C03IND06,Watershed C03IND06,Godavari Basin,Indravati,662.1688312,0.0,0.0,1.0,0.0,0.0,NO ALERT,NO ALERT,20260911,12
watershed,C03IND07,Watershed C03IND07,Godavari Basin,Indravati,460.40484258,0.0,0.0,1.0,0.0,0.0,NO ALERT,NO ALERT,20260911,12
watershed,C03IND08,Watershed C03IND08,Godavari Basin,Indravati,589.60012276,16.0625,4.86838140624435,0.30308989299575717,4.86838140624435,0.0,NO ALERT,NO ALERT,20260911,12
watershed,C03IND09,Watershed C03IND09,Godavari Basin,Indravati,743.03666916,8.9375,3.736224118732426,0.41803906223579596,3.7362241187324265,0.0,NO ALERT,NO ALERT,20260911,12
watershed,C03IND10,Watershed C03IND10,Godavari Basin,Indravati,857.83142707,21.15625,4.974554685523657,0.3,6.346875,0.0,NO ALERT,NO ALERT,20260911,12
watershed,C03IND11,Watershed C03IND11,Godavari Basin,Indravati,772.05451104,32.625,6.41568513357476,0.3,9.7875,0.0,NO ALERT,NO ALERT,20260911,12
watershed,C03IND12,Watershed C03IND12,Godavari Basin,Indravati,369.91723818,0.0,0.0,1.0,0.0,0.0,NO ALERT,NO ALERT,20260911,12
watershed,C03IND13,Watershed C03IND13,Godavari Basin,Indravati,978.23195946,13.25,3.672740625447198,0.3,3.9749999999999996,0.0,NO ALERT,NO ALERT,20260911,12
watershed,C03IND14,Watershed C03IND14,Godavari Basin,Indravati,903.54539284,18.1875,4.278498513976189,0.3,5.45625,0.0,NO ALERT,NO ALERT,20260911,12
watershed,C03IND15,Watershed C03IND15,Godavari Basin,Indravati,577.62654897,40.6875,3.921171688319069,0.3,12.206249999999999,0.0,MODERATE,NO ALERT,20260911,12
watershed,C03IND16,Watershed C03IND16,Godavari Basin,Indravati,931.76231256,33.6875,3.7911037999881456,0.3,10.10625,0.0,MODERATE,NO ALERT,20260911,12
watershed,C03IND17,Watershed C03IND17,Godavari Basin,Indravati,460.3247821,25.5,2.8794952586905596,0.3,7.6499999999999995,0.0,NO ALERT,NO ALERT,20260911,12
watershed,C03IND18,Watershed C03IND18,Godavari Basin,Indravati,654.97135015,31.1875,3.5082468036919425,0.3,9.35625,0.0,NO ALERT,NO ALERT,20260911,12
watershed,C03IND19,Watershed C03IND19,Godavari Basin,Indravati,918.38594648,11.1875,3.4764820856590792,0.3107470020700853,3.4764820856590797,0.0,NO ALERT,NO ALERT,20260911,12
watershed,C03IND20,Watershed C03IND20,Godavari Basin,Indravati,633.09659614,0.0,0.0,1.0,0.0,0.0,NO ALERT,NO ALERT,20260911,12
watershed,C03IND21,Watershed C03IND21,Godavari Basin,Indravati,499.57089037,46.65625,4.094716593163879,0.3,13.996875,0.0,MODERATE,NO ALERT,20260911,12
watershed,C03IND22,Watershed C03IND22,Godavari Basin,Indravati,680.33879913,36.5,4.681200115362259,0.3,10.95,0.0,MODERATE,NO ALERT,20260911,12
watershed,C03IND23,Watershed C03IND23,Godavari Basin,Indravati,950.79554116,61.84375,4.2960087815784425,0.3,18.553124999999998,0.0,MODERATE,NO ALERT,20260911,12
watershed,C03IND24,Watershed C03IND24,Godavari Basin,Indravati,724.07895273,47.75,4.647763983966553,0.3,14.325,0.0,MODERATE,NO ALERT,20260911,12
watershed,C03IND25,Watershed C03IND25,Godavari Basin,Indravati,542.25611736,17.75,3.9389071946682996,0.3,5.325,0.0,NO ALERT,NO ALERT,20260911,12
watershed,C03IND26,Watershed C03IND26,Godavari Basin,Indravati,805.51368345,31.59375,5.694619138732756,0.3,9.478125,0.0,NO ALERT,NO ALERT,20260911,12
watershed,C03IND27,Watershed C03IND27,Godavari Basin,Indravati,453.93765868,27.8125,5.314019370089246,0.3,8.34375,0.0,NO ALERT,NO ALERT,20260911,12
watershed,C03IND28,Watershed C03IND28,Godavari Basin,Indravati,945.96460989,0.0,0.0,1.0,0.0,0.0,NO ALERT,NO ALERT,20260911,12
watershed,C03IND29,Watershed C03IND29,Godavari Basin,Indravati,548.18180456,0.0,0.0,1.0,0.0,0.0,NO ALERT,NO ALERT,20260911,12
watershed,C03IND30,Watershed C03IND30,Godavari Basin,Indravati,721.39135064,19.75,4.587889501656571,0.3,5.925,0.0,NO ALERT,NO ALERT,20260911,12
watershed,C03IND31,Watershed C03IND31,Godavari Basin,Indravati,713.47486764,23.125,5.560888188709951,0.3,6.9375,0.0,NO ALERT,NO ALERT,20260911,12
watershed,C03IND32,Watershed C03IND32,Godavari Basin,Indravati,546.91783719,0.0,0.0,1.0,0.0,0.0,NO ALERT,NO ALERT,20260911,12
watershed,C03IND33,Watershed C03IND33,Godavari Basin,Indravati,686.72162742,28.21875,5.737436053401803,0.3,8.465625,0.0,NO ALERT,NO ALERT,20260911,12
watershed,C03IND34,Watershed C03IND34,Godavari Basin,Indravati,695.28604769,38.75,4.815201964566152,0.3,11.625,0.0,MODERATE,NO ALERT,20260911,12
watershed,C03IND35,Watershed C03IND35,Godavari Basin,Indravati,882.59329962,23.5625,4.497585135004292,0.3,7.06875,0.0,NO ALERT,NO ALERT,20260911,12
watershed,C03IND36,Watershed C03IND36,Godavari Basin,Indravati,361.98454236,32.625,5.351972377014487,0.3,9.7875,0.0,NO ALERT,NO ALERT,20260911,12
watershed,C03IND37,Watershed C03IND37,Godavari Basin,Indravati,645.15780346,0.0,0.0,1.0,0.0,0.0,NO ALERT,NO ALERT,20260911,12
watershed,C03IND38,Watershed C03IND38,Godavari Basin,Indravati,483.20690488,58.5625,4.994760959360698,0.3,17.568749999999998,0.0,MODERATE,NO ALERT,20260911,12
watershed,C03IND39,Watershed C03IND39,Godavari Basin,Indravati,651.18573707,50.71875,4.55218652769515,0.3,15.215625,0.0,MODERATE,NO ALERT,20260911,12
watershed,C03IND40,Watershed C03IND40,Godavari Basin,Indravati,410.25295958,0.0,0.0,1.0,0.0,0.0,NO ALERT,NO ALERT,20260911,12
watershed,C03IND41,Watershed C03IND41,Godavari Basin,Indravati,657.29733734,0.0,0.0,1.0,0.0,0.0,NO ALERT,NO ALERT,20260911,12
watershed,C03IND42,Watershed C03IND42,Godavari Basin,Indravati,852.82594112,55.3125,5.116009287352432,0.3,16.59375,0.0,MODERATE,NO ALERT,20260911,12
watershed,C03IND43,Watershed C03IND43,Godavari Basin,Indravati,710.12048004,61.5625,4.5964398758868645,0.3,18.46875,0.0,MODERATE,NO ALERT,20260911,12
watershed,C03IND44,Watershed C03IND44,Godavari Basin,Indravati,499.90551287,0.0,0.0,1.0,0.0,0.0,NO ALERT,NO ALERT,20260911,12
watershed,C03IND45,Watershed C03IND45,Godavari Basin,Indravati,533.09167307,89.5625,4.5205077318908415,0.3,26.86875,0.0,MODERATE,NO ALERT,20260911,12
watershed,C03IND46,Watershed C03IND46,Godavari Basin,Indravati,522.84977656,40.0625,5.051106615405376,0.3,12.018749999999999,0.0,MODERATE,NO ALERT,20260911,12
watershed,C03IND47,Watershed C03IND47,Godavari Basin,Indravati,520.80962348,0.0,0.0,1.0,0.0,0.0,NO ALERT,NO ALERT,20260911,12
watershed,C03IND48,Watershed C03IND48,Godavari Basin,Indravati,695.61738876,23.25,5.611402482284259,0.3,6.975,0.0,NO ALERT,NO ALERT,20260911,12
watershed,C03IND49,Watershed C03IND49,Godavari Basin,Indravati,651.32440678,44.3125,4.067972099189072,0.3,13.29375,0.0,MODERATE,NO ALERT,20260911,12
watershed,C03IND50,Watershed C03IND50,Godavari Basin,Indravati,758.9015763,49.9375,5.046526482721714,0.3,14.98125,0.0,MODERATE,NO ALERT,20260911,12
watershed,C03IND51,Watershed C03IND51,Godavari Basin,Indravati,505.01427533,34.96875,5.160953033623629,0.3,10.490625,0.0,MODERATE,NO ALERT,20260911,12
watershed,C03IND52,Watershed C03IND52,Godavari Basin,Indravati,538.86659634,0.0,0.0,1.0,0.0,0.0,NO ALERT,NO ALERT,20260911,12
watershed,C03IND53,Watershed C03IND53,Godavari Basin,Indravati,782.30718642,17.78125,5.144901291413666,0.3,5.334375,0.0,NO ALERT,NO ALERT,20260911,12
watershed,C03IND54,Watershed C03IND54,Godavari Basin,Indravati,343.14140441,14.0625,5.546754910643787,0.3944359047568915,5.546754910643787,0.0,NO ALERT,NO ALERT,20260911,12
watershed,C03IND55,Watershed C03IND55,Godavari Basin,Indravati,541.39524513,13.0,5.808067420696559,0.4467744169766584,5.808067420696559,0.0,NO ALERT,NO ALERT,20260911,12
watershed,C03IND56,Watershed C03IND56,Godavari Basin,Indravati,494.10735988,0.0,0.0,1.0,0.0,0.0,NO ALERT,NO ALERT,20260911,12
watershed,C03IND57,Watershed C03IND57,Godavari Basin,Indravati,778.47879148,9.875,4.541604034561817,0.45990926932271564,4.541604034561817,0.0,NO ALERT,NO ALERT,20260911,12
watershed,C03IND58,Watershed C03IND58,Godavari Basin,Indravati,797.490126,17.4375,6.424103583783319,0.3684073739804054,6.424103583783319,0.0,NO ALERT,NO ALERT,20260911,12
watershed,C03IND59,Watershed C03IND59,Godavari Basin,Indravati,610.20936364,12.875,6.293806424492026,0.4888393339411283,6.293806424492026,0.0,NO ALERT,NO ALERT,20260911,12
watershed,C03IND60,Watershed C03IND60,Godavari Basin,Indravati,404.87754389,0.0,0.0,1.0,0.0,0.0,NO ALERT,NO ALERT,20260911,12
watershed,C03MAJ01,Watershed C03MAJ01,Godavari Basin,Manjra,421.07135003,6.6875,3.646069283599723,0.5452066218466876,3.646069283599723,0.0,NO ALERT,NO ALERT,20260911,12
watershed,C03MAJ02,Watershed C03MAJ02,Godavari Basin,Manjra,513.63073246,10.125,3.0685239865355296,0.30306409743560786,3.0685239865355296,0.0,NO ALERT,NO ALERT,20260911,12
watershed,C03MAJ03,Watershed C03MAJ03,Godavari Basin,Manjra,830.12008251,12.5,2.907478290061428,0.3,3.75,0.0,NO ALERT,NO ALERT,20260911,12
watershed,C03MAJ04,Watershed C03MAJ04,Godavari Basin,Manjra,654.74619721,14.4375,2.8499463647195737,0.3,4.33125,0.0,NO ALERT,NO ALERT,20260911,12
watershed,C03MAJ05,Watershed C03MAJ05,Godavari Basin,Manjra,750.03162277,13.84375,3.010902815975555,0.3,4.153125,0.0,NO ALERT,NO ALERT,20260911,12
watershed,C03MAJ06,Watershed C03MAJ06,Godavari Basin,Manjra,650.13848606,8.6875,3.684135672552128,0.4240731709412522,3.684135672552128,0.0,NO ALERT,NO ALERT,20260911,12
watershed,C03MAJ07,Watershed C03MAJ07,Godavari Basin,Manjra,721.30204591,10.25,3.7054600084481173,0.36150829350713337,3.705460008448117,0.0,NO ALERT,NO ALERT,20260911,12
watershed,C03MAJ08,Watershed C03MAJ08,Godavari Basin,Manjra,738.6678158,4.5,3.6602589193680517,0.8133908709706782,3.6602589193680517,0.0,NO ALERT,NO ALERT,20260911,12
watershed,C03MAJ09,Watershed C03MAJ09,Godavari Basin,Manjra,572.98634806,4.875,3.784061104794071,0.7762176625218608,3.784061104794071,0.0,NO ALERT,NO ALERT,20260911,12
watershed,C03MAJ10,Watershed C03MAJ10,Godavari Basin,Manjra,640.87440881,0.0,0.0,1.0,0.0,0.0,NO ALERT,NO ALERT,20260911,12
watershed,C03MAJ11,Watershed C03MAJ11,Godavari Basin,Manjra,504.01531137,3.25,4.076188307694376,1.2542117869828848,4.076188307694376,0.0,NO ALERT,NO ALERT,20260911,12
watershed,C03MAJ12,Watershed C03MAJ12,Godavari Basin,Manjra,587.76668835,0.0,0.0,1.0,0.0,0.0,NO ALERT,NO ALERT,20260911,12
watershed,C03MAJ13,Watershed C03MAJ13,Godavari Basin,Manjra,455.67642126,4.75,3.561125480883742,0.7497106275544719,3.561125480883742,0.0,NO ALERT,NO ALERT,20260911,12
watershed,C03MAJ14,Watershed C03MAJ14,Godavari Basin,Manjra,872.61527412,5.75,3.7209386180116706,0.6471197596542035,3.7209386180116706,0.0,NO ALERT,NO ALERT,20260911,12
watershed,C03MAJ15,Watershed C03MAJ15,Godavari Basin,Manjra,851.13057914,5.3125,3.837043751714981,0.7222670591463494,3.837043751714981,0.0,NO ALERT,NO ALERT,20260911,12
watershed,C03MAJ16,Watershed C03MAJ16,Godavari Basin,Manjra,731.80178663,3.0,3.4519046937153766,1.1506348979051255,3.4519046937153766,0.0,NO ALERT,NO ALERT,20260911,12
watershed,C03MAJ17,Watershed C03MAJ17,Godavari Basin,Manjra,447.89980824,0.0,0.0,1.0,0.0,0.0,NO ALERT,NO ALERT,20260911,12
watershed,C03MAJ18,Watershed C03MAJ18,Godavari Basin,Manjra,803.99563346,6.9375,3.8167635438989285,0.5501641144358815,3.816763543898928,0.0,NO ALERT,NO ALERT,20260911,12
watershed,C03MAJ19,Watershed C03MAJ19,Godavari Basin,Manjra,876.42508584,11.25,4.260270604838247,0.3786907204300664,4.260270604838247,0.0,NO ALERT,NO ALERT,20260911,12
watershed,C03MAJ20,Watershed C03MAJ20,Godavari Basin,Manjra,451.92015073,0.0,0.0,1.0,0.0,0.0,NO ALERT,NO ALERT,20260911,12
watershed,C03MAJ21,Watershed C03MAJ21,Godavari Basin,Manjra,526.50072308,7.125,3.631635441233034,0.5097032198221801,3.6316354412330334,0.0,NO ALERT,NO ALERT,20260911,12
watershed,C03MAJ22,Watershed C03MAJ22,Godavari Basin,Manjra,791.25162258,8.3125,4.379696531410087,0.5268807857335442,4.379696531410087,0.0,NO ALERT,NO ALERT,20260911,12
watershed,C03MAJ23,Watershed C03MAJ23,Godavari Basin,Manjra,702.6931889,0.0,0.0,1.0,0.0,0.0,NO ALERT,NO ALERT,20260911,12
watershed,C03MAJ24,Watershed C03MAJ24,Godavari Basin,Manjra,681.96686594,2.9375,3.152341725340445,1.0731376086265345,3.1523417253404453,0.0,NO ALERT,NO ALERT,20260911,12
watershed,C03MAJ25,Watershed C03MAJ25,Godavari Basin,Manjra,467.40922669,3.25,4.091689297516052,1.2589813223126316,4.091689297516052,0.0,NO ALERT,NO ALERT,20260911,12
watershed,C03MAJ26,Watershed C03MAJ26,Godavari Basin,Manjra,464.18407085,1.25,2.960911282325444,2.3687290258603553,2.960911282325444,0.0,NO ALERT,NO ALERT,20260911,12
watershed,C03MAJ27,Watershed C03MAJ27,Godavari Basin,Manjra,840.69971957,1.875,3.1906829058103368,1.701697549765513,3.1906829058103368,0.0,NO ALERT,NO ALERT,20260911,12
watershed,C03MAJ28,Watershed C03MAJ28,Godavari Basin,Manjra,738.0006712,3.4375,3.770213511055463,1.0967893850343164,3.770213511055463,0.0,NO ALERT,NO ALERT,20260911,12
watershed,C03MAJ29,Watershed C03MAJ29,Godavari Basin,Manjra,844.39368813,4.5,4.945161664138918,1.0989248142530927,4.945161664138917,0.0,NO ALERT,NO ALERT,20260911,12
watershed,C03MAJ30,Watershed C03MAJ30,Godavari Basin,Manjra,980.21451557,4.78125,4.139221503708052,0.8657195301873051,4.139221503708052,0.0,NO ALERT,NO ALERT,20260911,12
watershed,C03MAJ31,Watershed C03MAJ31,Godavari Basin,Manjra,800.94526969,5.625,4.648277736302108,0.8263604864537082,4.648277736302108,0.0,NO ALERT,NO ALERT,20260911,12
watershed,C03MAJ32,Watershed C03MAJ32,Godavari Basin,Manjra,801.58764172,0.0,0.0,1.0,0.0,0.0,NO ALERT,NO ALERT,20260911,12
watershed,C03MAJ33,Watershed C03MAJ33,Godavari Basin,Manjra,806.43560838,7.78125,5.487597638409431,0.7052334314421759,5.487597638409431,0.0,NO ALERT,NO ALERT,20260911,12
watershed,C03MAJ34,Watershed C03MAJ34,Godavari Basin,Manjra,575.18060085,8.625,3.7516309677533908,0.43497170640619026,3.751630967753391,0.0,NO ALERT,NO ALERT,20260911,12
watershed,C03MAJ35,Watershed C03MAJ35,Godavari Basin,Manjra,879.14834548,8.375,5.273350856626687,0.6296538336270671,5.273350856626687,0.0,NO ALERT,NO ALERT,20260911,12
watershed,C03MAJ36,Watershed C03MAJ36,Godavari Basin,Manjra,637.88506577,8.625,3.848689017516293,0.4462248136250775,3.8486890175162936,0.0,NO ALERT,NO ALERT,20260911,12
watershed,C03MAJ37,Watershed C03MAJ37,Godavari Basin,Manjra,657.87764422,10.75,3.499758442338199,0.32555892486866966,3.499758442338199,0.0,NO ALERT,NO ALERT,20260911,12
watershed,C03MAJ38,Watershed C03MAJ38,Godavari Basin,Manjra,438.45159871,8.5625,4.8432544041578085,0.565635550850547,4.8432544041578085,0.0,NO ALERT,NO ALERT,20260911,12
watershed,C03MAJ39,Watershed C03MAJ39,Godavari Basin,Manjra,709.15511634,10.5625,3.393004921854359,0.3212312352051464,3.393004921854359,0.0,NO ALERT,NO ALERT,20260911,12
watershed,C03MAJ40,Watershed C03MAJ40,Godavari Basin,Manjra,584.41426278,14.4375,4.062897633220235,0.3,4.33125,0.0,NO ALERT,NO ALERT,20260911,12
watershed,C03MAJ41,Watershed C03MAJ41,Godavari Basin,Manjra,521.41368082,16.75,4.013548779528435,0.3,5.0249999999999995,0.0,NO ALERT,NO ALERT,20260911,12
watershed,C03MAJ42,Watershed C03MAJ42,Godavari Basin,Manjra,772.17200597,13.9375,3.7427016257423245,0.3,4.1812499999999995,0.0,NO ALERT,NO ALERT,20260911,12
watershed,C03MAJ43,Watershed C03MAJ43,Godavari Basin,Manjra,617.97096946,15.25,2.7450153877065606,0.3,4.575,0.0,NO ALERT,NO ALERT,20260911,12
watershed,C03MAJ44,Watershed C03MAJ44,Godavari Basin,Manjra,556.11023483,15.875,3.985900563716072,0.3,4.7625,0.0,NO ALERT,NO ALERT,20260911,12
watershed,C03PRA01,Watershed C03PRA01,Godavari Basin,Pranhita and others,705.69684198,26.125,3.150128497856937,0.3,7.8374999999999995,0.0,NO ALERT,NO ALERT,20260911,12
watershed,C03PRA02,Watershed C03PRA02,Godavari Basin,Pranhita and others,579.78208426,0.0,0.0,1.0,0.0,0.0,NO ALERT,NO ALERT,20260911,12
watershed,C03PRA03,Watershed C03PRA03,Godavari Basin,Pranhita and others,649.17360237,5.625,4.510589281990104,0.8018825390204629,4.510589281990104,0.0,NO ALERT,NO ALERT,20260911,12
watershed,C03PRA04,Watershed C03PRA04,Godavari Basin,Pranhita and others,375.86644025,4.25,3.8377443609988853,0.9029986731762083,3.8377443609988853,0.0,NO ALERT,NO ALERT,20260911,12
watershed,C03PRA05,Watershed C03PRA05,Godavari Basin,Pranhita and others,928.77813602,9.5625,0.9395521538306589,0.3,2.86875,0.0,NO ALERT,NO ALERT,20260911,12
watershed,C03PRA06,Watershed C03PRA06,Godavari Basin,Pranhita and others,843.20472778,23.875,3.89010810741823,0.3,7.1625,0.0,NO ALERT,NO ALERT,20260911,12
watershed,C03PRA07,Watershed C03PRA07,Godavari Basin,Pranhita and others,396.64591966,0.0,0.0,1.0,0.0,0.0,NO ALERT,NO ALERT,20260911,12
watershed,C03PRA08,Watershed C03PRA08,Godavari Basin,Pranhita and others,523.21389031,25.40625,4.629088033970496,0.3,7.621874999999999,0.0,NO ALERT,NO ALERT,20260911,12
watershed,C03PRA09,Watershed C03PRA09,Godavari Basin,Pranhita and others,422.57992698,23.875,4.241326593413745,0.3,7.1625,0.0,NO ALERT,NO ALERT,20260911,12
watershed,C03PRA10,Watershed C03PRA10,Godavari Basin,Pranhita and others,445.12950542,0.0,0.0,1.0,0.0,0.0,NO ALERT,NO ALERT,20260911,12
watershed,C03PRA11,Watershed C03PRA11,Godavari Basin,Pranhita and others,748.55089382,3.625,1.8970575940527328,0.5233262328421332,1.8970575940527328,0.0,NO ALERT,NO ALERT,20260911,12
watershed,C03PRA12,Watershed C03PRA12,Godavari Basin,Pranhita and others,611.1508288,7.8125,3.668720181919124,0.4695961832856479,3.668720181919124,0.0,NO ALERT,NO ALERT,20260911,12
watershed,C03PRA13,Watershed C03PRA13,Godavari Basin,Pranhita and others,847.00884662,6.5,3.483542145849907,0.5359295608999857,3.4835421458499067,0.0,NO ALERT,NO ALERT,20260911,12
watershed,C03PRA14,Watershed C03PRA14,Godavari Basin,Pranhita and others,905.97780366,5.75,3.000058298527378,0.5217492693091093,3.000058298527378,0.0,NO ALERT,NO ALERT,20260911,12
watershed,C03PRA15,Watershed C03PRA15,Godavari Basin,Pranhita and others,489.64565755,0.0,0.0,1.0,0.0,0.0,NO ALERT,NO ALERT,20260911,12
watershed,C03PRA16,Watershed C03PRA16,Godavari Basin,Pranhita and others,483.05567497,3.8125,4.322702347864843,1.1338235666530736,4.322702347864843,0.0,NO ALERT,NO ALERT,20260911,12
watershed,C03PRA17,Watershed C03PRA17,Godavari Basin,Pranhita and others,903.61133277,5.34375,3.062211120424614,0.5730453558689336,3.062211120424614,0.0,NO ALERT,NO ALERT,20260911,12
watershed,C03PRA18,Watershed C03PRA18,Godavari Basin,Pranhita and others,477.68542394,5.125,3.354213824704902,0.6544807462838833,3.354213824704902,0.0,NO ALERT,NO ALERT,20260911,12
watershed,C03PRA19,Watershed C03PRA19,Godavari Basin,Pranhita and others,511.22229574,0.0,0.0,1.0,0.0,0.0,NO ALERT,NO ALERT,20260911,12
watershed,C03PRA20,Watershed C03PRA20,Godavari Basin,Pranhita and others,820.18882676,2.3125,3.606738174992473,1.5596705621589073,3.606738174992473,0.0,NO ALERT,NO ALERT,20260911,12
watershed,C03PRA21,Watershed C03PRA21,Godavari Basin,Pranhita and others,541.16353805,0.0,0.0,1.0,0.0,0.0,NO ALERT,NO ALERT,20260911,12
watershed,C03PRA22,Watershed C03PRA22,Godavari Basin,Pranhita and others,780.67895059,3.0625,3.797007946690468,1.2398393295315815,3.7970079466904685,0.0,NO ALERT,NO ALERT,20260911,12
watershed,C03PRA23,Watershed C03PRA23,Godavari Basin,Pranhita and others,773.77418848,2.625,3.3946073613550567,1.2931837567066882,3.3946073613550563,0.0,NO ALERT,NO ALERT,20260911,12
watershed,C03PRA24,Watershed C03PRA24,Godavari Basin,Pranhita and others,676.64197053,2.96875,3.0904474880189112,1.040992838069528,3.090447488018911,0.0,NO ALERT,NO ALERT,20260911,12
watershed,C03PRA25,Watershed C03PRA25,Godavari Basin,Pranhita and others,329.41640445,0.0,0.0,1.0,0.0,0.0,NO ALERT,NO ALERT,20260911,12
watershed,C03PRA26,Watershed C03PRA26,Godavari Basin,Pranhita and others,705.91840787,0.0,0.0,1.0,0.0,0.0,NO ALERT,NO ALERT,20260911,12
watershed,C03PRA27,Watershed C03PRA27,Godavari Basin,Pranhita and others,637.87178453,2.125,3.7332392577235014,1.7568184742228241,3.7332392577235014,0.0,NO ALERT,NO ALERT,20260911,12
watershed,C03PRA28,Watershed C03PRA28,Godavari Basin,Pranhita and others,537.37510968,2.625,4.71741099686247,1.7971089511857028,4.71741099686247,0.0,NO ALERT,NO ALERT,20260911,12
watershed,C03PRA29,Watershed C03PRA29,Godavari Basin,Pranhita and others,674.60466978,0.0,0.0,1.0,0.0,0.0,NO ALERT,NO ALERT,20260911,12
watershed,C03PRA30,Watershed C03PRA30,Godavari Basin,Pranhita and others,769.76531663,4.90625,3.2396948217018826,0.6603199636589825,3.239694821701883,0.0,NO ALERT,NO ALERT,20260911,12
watershed,C03PRA31,Watershed C03PRA31,Godavari Basin,Pranhita and others,419.44441907,1.1875,3.8031610689138713,3.0,3.5625,0.0,NO ALERT,NO ALERT,20260911,12
watershed,C03PRA32,Watershed C03PRA32,Godavari Basin,Pranhita and others,640.0822353,1.5,4.143018622737225,2.76201241515815,4.143018622737225,0.0,NO ALERT,NO ALERT,20260911,12
watershed,C03PRA33,Watershed C03PRA33,Godavari Basin,Pranhita and others,858.86962041,3.6875,4.995143086606101,1.3546150743338579,4.995143086606101,0.0,NO ALERT,NO ALERT,20260911,12
watershed,C03PRA34,Watershed C03PRA34,Godavari Basin,Pranhita and others,452.80374416,1.8125,4.204237361823859,2.3195792341097152,4.204237361823859,0.0,NO ALERT,NO ALERT,20260911,12
watershed,C03PRA35,Watershed C03PRA35,Godavari Basin,Pranhita and others,606.29916209,2.5,3.7565280637716594,1.5026112255086637,3.7565280637716594,0.0,NO ALERT,NO ALERT,20260911,12
watershed,C03PRA36,Watershed C03PRA36,Godavari Basin,Pranhita and others,605.01708947,4.375,3.514827327756849,0.8033891034872798,3.514827327756849,0.0,NO ALERT,NO ALERT,20260911,12
watershed,C03PRA37,Watershed C03PRA37,Godavari Basin,Pranhita and others,387.48946456,0.0,0.0,1.0,0.0,0.0,NO ALERT,NO ALERT,20260911,12
watershed,C03PRA38,Watershed C03PRA38,Godavari Basin,Pranhita and others,830.866262,7.4375,6.027908997605108,0.8104751593418632,6.027908997605108,0.0,NO ALERT,NO ALERT,20260911,12
watershed,C03PRA39,Watershed C03PRA39,Godavari Basin,Pranhita and others,715.72418211,5.9375,4.348803819613914,0.7324301169876065,4.348803819613914,0.0,NO ALERT,NO ALERT,20260911,12
watershed,C03PRA40,Watershed C03PRA40,Godavari Basin,Pranhita and others,511.42333652,37.5,5.211327933693585,0.3,11.25,0.0,MODERATE,NO ALERT,20260911,12
watershed,C03PRA41,Watershed C03PRA41,Godavari Basin,Pranhita and others,449.09885782,17.6875,5.337710768147691,0.30177870067266094,5.337710768147691,0.0,NO ALERT,NO ALERT,20260911,12
watershed,C03PRA42,Watershed C03PRA42,Godavari Basin,Pranhita and others,520.64022496,13.6875,4.660389538599204,0.34048508044560394,4.660389538599204,0.0,NO ALERT,NO ALERT,20260911,12
watershed,C03PRA43,Watershed C03PRA43,Godavari Basin,Pranhita and others,326.10597306,0.0,0.0,1.0,0.0,0.0,NO ALERT,NO ALERT,20260911,12
watershed,C03PRA44,Watershed C03PRA44,Godavari Basin,Pranhita and others,812.23416323,7.1875,4.569143009349092,0.6357068534746563,4.569143009349092,0.0,NO ALERT,NO ALERT,20260911,12
watershed,C03PRA45,Watershed C03PRA45,Godavari Basin,Pranhita and others,753.59393953,27.9375,4.666787962799203,0.3,8.38125,0.0,NO ALERT,NO ALERT,20260911,12
watershed,C03PRA46,Watershed C03PRA46,Godavari Basin,Pranhita and others,458.49965985,24.4375,4.3561123978193494,0.3,7.33125,0.0,NO ALERT,NO ALERT,20260911,12
watershed,C03PRA47,Watershed C03PRA47,Godavari Basin,Pranhita and others,556.57170716,13.875,4.815165857521638,0.34703898072228023,4.815165857521638,0.0,NO ALERT,NO ALERT,20260911,12
watershed,C03PRA48,Watershed C03PRA48,Godavari Basin,Pranhita and others,594.62868444,22.6875,4.57418366842074,0.3,6.8062499999999995,0.0,NO ALERT,NO ALERT,20260911,12
watershed,C03PRA49,Watershed C03PRA49,Godavari Basin,Pranhita and others,851.09152722,0.0,0.0,1.0,0.0,0.0,NO ALERT,NO ALERT,20260911,12
watershed,C03PRA50,Watershed C03PRA50,Godavari Basin,Pranhita and others,523.52558497,0.0,0.0,1.0,0.0,0.0,NO ALERT,NO ALERT,20260911,12
watershed,C03PRA51,Watershed C03PRA51,Godavari Basin,Pranhita and others,626.44170997,4.90625,4.357697214492379,0.8881930628264723,4.357697214492379,0.0,NO ALERT,NO ALERT,20260911,12
watershed,C03PRA52,Watershed C03PRA52,Godavari Basin,Pranhita and others,801.50577304,5.25,3.594683458258028,0.6847016110967672,3.594683458258028,0.0,NO ALERT,NO ALERT,20260911,12
watershed,C03PRA53,Watershed C03PRA53,Godavari Basin,Pranhita and others,835.93435754,7.0,4.146917154772641,0.5924167363960916,4.146917154772641,0.0,NO ALERT,NO ALERT,20260911,12
watershed,C03PRA54,Watershed C03PRA54,Godavari Basin,Pranhita and others,981.76883741,6.5625,3.2415361392171413,0.4939483640711834,3.2415361392171413,0.0,NO ALERT,NO ALERT,20260911,12
watershed,C03PRA55,Watershed C03PRA55,Godavari Basin,Pranhita and others,437.50780786,0.0,0.0,1.0,0.0,0.0,NO ALERT,NO ALERT,20260911,12
watershed,C03PRA56,Watershed C03PRA56,Godavari Basin,Pranhita and others,836.13294489,9.03125,4.493082969584694,0.49750399663221523,4.493082969584694,0.0,NO ALERT,NO ALERT,20260911,12
watershed,C03PRA57,Watershed C03PRA57,Godavari Basin,Pranhita and others,630.92001075,12.375,4.6566169199878225,0.37629227636265233,4.6566169199878225,0.0,NO ALERT,NO ALERT,20260911,12
watershed,C03WAR01,Watershed C03WAR01,Godavari Basin,Wardha,871.12705397,2.1875,3.704108715343149,1.6933068412997252,3.704108715343149,0.0,NO ALERT,NO ALERT,20260911,12
watershed,C03WAR02,Watershed C03WAR02,Godavari Basin,Wardha,785.22729883,0.0,0.0,1.0,0.0,0.0,NO ALERT,NO ALERT,20260911,12
watershed,C03WAR03,Watershed C03WAR03,Godavari Basin,Wardha,734.37039452,4.5625,3.313176262899213,0.7261756192655809,3.313176262899213,0.0,NO ALERT,NO ALERT,20260911,12
watershed,C03WAR04,Watershed C03WAR04,Godavari Basin,Wardha,838.85671436,12.5625,3.072404116739149,0.3,3.76875,0.0,NO ALERT,NO ALERT,20260911,12
watershed,C03WAR05,Watershed C03WAR05,Godavari Basin,Wardha,594.48947318,12.0625,2.9319529958375514,0.3,3.61875,0.0,NO ALERT,NO ALERT,20260911,12
watershed,C03WAR06,Watershed C03WAR06,Godavari Basin,Wardha,502.57069332,16.0,2.2745066364129927,0.3,4.8,0.0,NO ALERT,NO ALERT,20260911,12
watershed,C03WAR07,Watershed C03WAR07,Godavari Basin,Wardha,593.11552657,13.1875,3.167536245449765,0.3,3.95625,0.0,NO ALERT,NO ALERT,20260911,12
watershed,C03WAR08,Watershed C03WAR08,Godavari Basin,Wardha,508.6435866,13.0625,1.6979036412418704,0.3,3.9187499999999997,0.0,NO ALERT,NO ALERT,20260911,12
watershed,C03WAR09,Watershed C03WAR09,Godavari Basin,Wardha,828.33290372,0.0,0.0,1.0,0.0,0.0,NO ALERT,NO ALERT,20260911,12
watershed,C03WAR10,Watershed C03WAR10,Godavari Basin,Wardha,750.48298938,20.96875,3.0886252393257125,0.3,6.2906249999999995,0.0,NO ALERT,NO ALERT,20260911,12
watershed,C03WAR11,Watershed C03WAR11,Godavari Basin,Wardha,715.67225744,14.0625,4.300430182724783,0.3058083685493179,4.300430182724783,0.0,NO ALERT,NO ALERT,20260911,12
watershed,C03WAR12,Watershed C03WAR12,Godavari Basin,Wardha,824.12368825,19.625,4.178701264992968,0.3,5.8875,0.0,NO ALERT,NO ALERT,20260911,12
watershed,C03WAR13,Watershed C03WAR13,Godavari Basin,Wardha,642.99414015,26.5625,4.8877343115333005,0.3,7.96875,0.0,NO ALERT,NO ALERT,20260911,12
watershed,C03WAR14,Watershed C03WAR14,Godavari Basin,Wardha,582.42492498,0.0,0.0,1.0,0.0,0.0,NO ALERT,NO ALERT,20260911,12
watershed,C03WAR15,Watershed C03WAR15,Godavari Basin,Wardha,683.86588829,0.0,0.0,1.0,0.0,0.0,NO ALERT,NO ALERT,20260911,12
watershed,C03WAR16,Watershed C03WAR16,Godavari Basin,Wardha,552.55218686,8.75,2.9235562690316814,0.3341207164607636,2.9235562690316814,0.0,NO ALERT,NO ALERT,20260911,12
watershed,C03WAR17,Watershed C03WAR17,Godavari Basin,Wardha,572.32942798,10.625,3.3408221083961123,0.31443031608433997,3.3408221083961123,0.0,NO ALERT,NO ALERT,20260911,12
watershed,C03WAR18,Watershed C03WAR18,Godavari Basin,Wardha,541.05577826,12.375,3.9356324754145047,0.3180309071042024,3.9356324754145047,0.0,NO ALERT,NO ALERT,20260911,12
watershed,C03WAR19,Watershed C03WAR19,Godavari Basin,Wardha,817.72366425,6.5625,3.1580967051321513,0.48123378363918495,3.1580967051321513,0.0,NO ALERT,NO ALERT,20260911,12
watershed,C03WAR20,Watershed C03WAR20,Godavari Basin,Wardha,805.05156799,3.4375,3.183096588596906,0.9259917348645544,3.183096588596906,0.0,NO ALERT,NO ALERT,20260911,12
watershed,C03WAR21,Watershed C03WAR21,Godavari Basin,Wardha,783.4702049,6.0,3.208721071706243,0.5347868452843738,3.208721071706243,0.0,NO ALERT,NO ALERT,20260911,12
watershed,C03WAR22,Watershed C03WAR22,Godavari Basin,Wardha,927.01441709,4.125,3.159213205049299,0.7658698678907392,3.159213205049299,0.0,NO ALERT,NO ALERT,20260911,12
watershed,C03WAR23,Watershed C03WAR23,Godavari Basin,Wardha,576.30166392,8.5,3.371169084249294,0.3966081275587405,3.371169084249294,0.0,NO ALERT,NO ALERT,20260911,12
watershed,C03WAR24,Watershed C03WAR24,Godavari Basin,Wardha,539.24803795,0.0,0.0,1.0,0.0,0.0,NO ALERT,NO ALERT,20260911,12
watershed,C03WAR25,Watershed C03WAR25,Godavari Basin,Wardha,799.61714179,7.3125,3.172155859413212,0.4337990918855675,3.172155859413212,0.0,NO ALERT,NO ALERT,20260911,12
watershed,C03WAR26,Watershed C03WAR26,Godavari Basin,Wardha,903.01357549,7.8125,3.4416943565929587,0.4405368776438987,3.4416943565929587,0.0,NO ALERT,NO ALERT,20260911,12
watershed,C03WAR27,Watershed C03WAR27,Godavari Basin,Wardha,713.14811429,11.625,4.5354306782353415,0.39014457447185735,4.5354306782353415,0.0,NO ALERT,NO ALERT,20260911,12
watershed,C03WAR28,Watershed C03WAR28,Godavari Basin,Wardha,414.11317057,0.0,0.0,1.0,0.0,0.0,NO ALERT,NO ALERT,20260911,12
watershed,C03WAR29,Watershed C03WAR29,Godavari Basin,Wardha,592.87526237,13.0625,4.501784326258588,0.3446342067949158,4.501784326258588,0.0,NO ALERT,NO ALERT,20260911,12
watershed,C03WAR30,Watershed C03WAR30,Godavari Basin,Wardha,733.20768767,6.75,3.6057372680877986,0.5341832989759702,3.6057372680877986,0.0,NO ALERT,NO ALERT,20260911,12
watershed,C03WAR31,Watershed C03WAR31,Godavari Basin,Wardha,635.54375645,6.5625,3.7595864945690924,0.5728893706010045,3.7595864945690924,0.0,NO ALERT,NO ALERT,20260911,12
watershed,C03WAR32,Watershed C03WAR32,Godavari Basin,Wardha,554.10572655,13.5,4.604301356289485,0.341059359725147,4.604301356289485,0.0,NO ALERT,NO ALERT,20260911,12
watershed,C03WAR33,Watershed C03WAR33,Godavari Basin,Wardha,640.43649733,7.75,4.007071950623434,0.517041542015927,4.007071950623434,0.0,NO ALERT,NO ALERT,20260911,12
watershed,C03WAR34,Watershed C03WAR34,Godavari Basin,Wardha,590.76716136,0.0,0.0,1.0,0.0,0.0,NO ALERT,NO ALERT,20260911,12
watershed,C03WAR35,Watershed C03WAR35,Godavari Basin,Wardha,393.00364023,11.4375,4.178397752201721,0.36532439363512315,4.178397752201721,0.0,NO ALERT,NO ALERT,20260911,12
watershed,C03WAR36,Watershed C03WAR36,Godavari Basin,Wardha,450.41651477,0.0,0.0,1.0,0.0,0.0,NO ALERT,NO ALERT,20260911,12
watershed,C03WAR37,Watershed C03WAR37,Godavari Basin,Wardha,630.984586,13.3125,2.878432041488282,0.3,3.99375,0.0,NO ALERT,NO ALERT,20260911,12
watershed,C03WAR38,Watershed C03WAR38,Godavari Basin,Wardha,569.14338415,11.5,2.8531244329801977,0.3,3.4499999999999997,0.0,NO ALERT,NO ALERT,20260911,12
watershed,C03WAR39,Watershed C03WAR39,Godavari Basin,Wardha,579.65483952,14.0,2.6606861425793333,0.3,4.2,0.0,NO ALERT,NO ALERT,20260911,12
watershed,C03WAR40,Watershed C03WAR40,Godavari Basin,Wardha,823.13604048,11.6875,2.7876432162033367,0.3,3.50625,0.0,NO ALERT,NO ALERT,20260911,12
watershed,C03WAR41,Watershed C03WAR41,Godavari Basin,Wardha,686.20770126,13.6875,2.7742019476547632,0.3,4.10625,0.0,NO ALERT,NO ALERT,20260911,12
watershed,C03WAR42,Watershed C03WAR42,Godavari Basin,Wardha,510.52317211,14.75,3.4875712191405364,0.3,4.425,0.0,NO ALERT,NO ALERT,20260911,12
watershed,C03WAR43,Watershed C03WAR43,Godavari Basin,Wardha,856.01873518,17.3125,3.566912204925328,0.3,5.19375,0.0,NO ALERT,NO ALERT,20260911,12
watershed,C03WAR44,Watershed C03WAR44,Godavari Basin,Wardha,842.55467518,7.5625,2.735652295357152,0.3617391464935077,2.735652295357152,0.0,NO ALERT,NO ALERT,20260911,12
watershed,C03WAR45,Watershed C03WAR45,Godavari Basin,Wardha,766.11065709,5.0,2.791535116425932,0.5583070232851864,2.791535116425932,0.0,NO ALERT,NO ALERT,20260911,12
watershed,C03WAR46,Watershed C03WAR46,Godavari Basin,Wardha,714.16800854,12.0,3.0914205615651116,0.3,3.5999999999999996,0.0,NO ALERT,NO ALERT,20260911,12
watershed,C03WAR47,Watershed C03WAR47,Godavari Basin,Wardha,597.92654741,8.375,2.60347643782423,0.31086285824766924,2.60347643782423,0.0,NO ALERT,NO ALERT,20260911,12
watershed,C03WAR48,Watershed C03WAR48,Godavari Basin,Wardha,712.42992197,16.3125,3.329505126851879,0.3,4.89375,0.0,NO ALERT,NO ALERT,20260911,12
watershed,C03WAR49,Watershed C03WAR49,Godavari Basin,Wardha,784.54778581,10.71875,3.2973050979514644,0.30762030068351853,3.2973050979514644,0.0,NO ALERT,NO ALERT,20260911,12
watershed,C03WAR50,Watershed C03WAR50,Godavari Basin,Wardha,811.1409584,15.875,3.3066274516998906,0.3,4.7625,0.0,NO ALERT,NO ALERT,20260911,12
watershed,C03WAR51,Watershed C03WAR51,Godavari Basin,Wardha,361.21577996,15.5,3.3727794950955534,0.3,4.6499999999999995,0.0,NO ALERT,NO ALERT,20260911,12
watershed,C03WAR52,Watershed C03WAR52,Godavari Basin,Wardha,635.01992132,0.0,0.0,1.0,0.0,0.0,NO ALERT,NO ALERT,20260911,12
watershed,C03WAR53,Watershed C03WAR53,Godavari Basin,Wardha,523.27799647,12.0625,3.222376177960063,0.3,3.61875,0.0,NO ALERT,NO ALERT,20260911,12
watershed,C03WAR54,Watershed C03WAR54,Godavari Basin,Wardha,562.13639465,14.75,3.6947445438332753,0.3,4.425,0.0,NO ALERT,NO ALERT,20260911,12
watershed,C03WAR55,Watershed C03WAR55,Godavari Basin,Wardha,487.92798231,0.0,0.0,1.0,0.0,0.0,NO ALERT,NO ALERT,20260911,12
watershed,C03WAR56,Watershed C03WAR56,Godavari Basin,Wardha,945.70614574,14.96875,3.794527239168752,0.3,4.490625,0.0,NO ALERT,NO ALERT,20260911,12
watershed,C03WAR57,Watershed C03WAR57,Godavari Basin,Wardha,428.24772652,14.8125,3.365771478434948,0.3,4.44375,0.0,NO ALERT,NO ALERT,20260911,12
watershed,C03WAR58,Watershed C03WAR58,Godavari Basin,Wardha,716.01252134,12.625,3.8649610693528227,0.3061355302457681,3.8649610693528227,0.0,NO ALERT,NO ALERT,20260911,12
watershed,C03WAR59,Watershed C03WAR59,Godavari Basin,Wardha,806.18565173,12.0,3.5318557720070016,0.3,3.5999999999999996,0.0,NO ALERT,NO ALERT,20260911,12
watershed,C03WAR60,Watershed C03WAR60,Godavari Basin,Wardha,746.7185866,0.0,0.0,1.0,0.0,0.0,NO ALERT,NO ALERT,20260911,12
watershed,C03WAR61,Watershed C03WAR61,Godavari Basin,Wardha,554.13711333,7.4375,3.8444977749700415,0.5169072638615182,3.8444977749700415,0.0,NO ALERT,NO ALERT,20260911,12
watershed,C03WAR62,Watershed C03WAR62,Godavari Basin,Wardha,748.96998132,8.5625,3.901955158518602,0.4557027922357491,3.901955158518602,0.0,NO ALERT,NO ALERT,20260911,12
watershed,C03WAR63,Watershed C03WAR63,Godavari Basin,Wardha,845.57444557,7.6875,4.586547902103972,0.5966241173468582,4.586547902103972,0.0,NO ALERT,NO ALERT,20260911,12
watershed,C03WAR64,Watershed C03WAR64,Godavari Basin,Wardha,577.28499254,11.5,4.8185378003202075,0.4190032869843659,4.8185378003202075,0.0,NO ALERT,NO ALERT,20260911,12
watershed,C03WAR65,Watershed C03WAR65,Godavari Basin,Wardha,729.09063069,11.40625,4.130852240507734,0.3621569087568424,4.130852240507734,0.0,NO ALERT,NO ALERT,20260911,12
watershed,C03WAR66,Watershed C03WAR66,Godavari Basin,Wardha,529.93816495,6.25,4.693655819006978,0.7509849310411165,4.693655819006978,0.0,NO ALERT,NO ALERT,20260911,12
watershed,C03WAR67,Watershed C03WAR67,Godavari Basin,Wardha,511.83939572,11.125,4.4094359130483785,0.3963537899369329,4.4094359130483785,0.0,NO ALERT,NO ALERT,20260911,12
watershed,C03WAR68,Watershed C03WAR68,Godavari Basin,Wardha,858.90080276,17.875,4.258139168971206,0.3,5.3625,0.0,NO ALERT,NO ALERT,20260911,12
watershed,C03WAR69,Watershed C03WAR69,Godavari Basin,Wardha,798.07039732,14.1875,4.655217737898434,0.32812107403689406,4.655217737898434,0.0,NO ALERT,NO ALERT,20260911,12
watershed,C03WEI01,Watershed C03WEI01,Godavari Basin,Weinganga,610.9989754,7.25,3.8556117398893996,0.5318085158468138,3.8556117398893996,0.0,NO ALERT,NO ALERT,20260911,12
watershed,C03WEI02,Watershed C03WEI02,Godavari Basin,Weinganga,437.33838294,5.625,3.4252481132745745,0.60893299791548,3.425248113274575,0.0,NO ALERT,NO ALERT,20260911,12
watershed,C03WEI03,Watershed C03WEI03,Godavari Basin,Weinganga,602.09940469,0.0,0.0,1.0,0.0,0.0,NO ALERT,NO ALERT,20260911,12
watershed,C03WEI04,Watershed C03WEI04,Godavari Basin,Weinganga,963.82562696,14.96875,4.3830428718295815,0.3,4.490625,0.0,NO ALERT,NO ALERT,20260911,12
watershed,C03WEI05,Watershed C03WEI05,Godavari Basin,Weinganga,902.15439265,14.75,4.150784136048735,0.3,4.425,0.0,NO ALERT,NO ALERT,20260911,12
watershed,C03WEI06,Watershed C03WEI06,Godavari Basin,Weinganga,445.23029365,11.0625,4.766850215604861,0.43090171440495917,4.766850215604861,0.0,NO ALERT,NO ALERT,20260911,12
watershed,C03WEI07,Watershed C03WEI07,Godavari Basin,Weinganga,685.4327341,16.4375,4.527124606909817,0.3,4.9312499999999995,0.0,NO ALERT,NO ALERT,20260911,12
watershed,C03WEI08,Watershed C03WEI08,Godavari Basin,Weinganga,423.6548773,12.6875,3.953976006703834,0.3116434290998096,3.953976006703834,0.0,NO ALERT,NO ALERT,20260911,12
watershed,C03WEI09,Watershed C03WEI09,Godavari Basin,Weinganga,560.29875758,0.0,0.0,1.0,0.0,0.0,NO ALERT,NO ALERT,20260911,12
watershed,C03WEI10,Watershed C03WEI10,Godavari Basin,Weinganga,648.58001512,16.40625,4.7382901125983015,0.3,4.921875,0.0,NO ALERT,NO ALERT,20260911,12
watershed,C03WEI11,Watershed C03WEI11,Godavari Basin,Weinganga,626.38497586,0.0,0.0,1.0,0.0,0.0,NO ALERT,NO ALERT,20260911,12
watershed,C03WEI12,Watershed C03WEI12,Godavari Basin,Weinganga,714.75960877,14.75,4.357159388269464,0.3,4.425,0.0,NO ALERT,NO ALERT,20260911,12
watershed,C03WEI13,Watershed C03WEI13,Godavari Basin,Weinganga,541.37122034,14.125,3.7949401044784343,0.3,4.2375,0.0,NO ALERT,NO ALERT,20260911,12
watershed,C03WEI14,Watershed C03WEI14,Godavari Basin,Weinganga,942.03764231,17.78125,2.5483469189233974,0.3,5.334375,0.0,NO ALERT,NO ALERT,20260911,12
watershed,C03WEI15,Watershed C03WEI15,Godavari Basin,Weinganga,482.20328969,0.0,0.0,1.0,0.0,0.0,NO ALERT,NO ALERT,20260911,12
watershed,C03WEI16,Watershed C03WEI16,Godavari Basin,Weinganga,529.10301612,0.0,0.0,1.0,0.0,0.0,NO ALERT,NO ALERT,20260911,12
watershed,C03WEI17,Watershed C03WEI17,Godavari Basin,Weinganga,965.24145281,22.8125,3.29459572079247,0.3,6.84375,0.0,NO ALERT,NO ALERT,20260911,12
watershed,C03WEI18,Watershed C03WEI18,Godavari Basin,Weinganga,552.0540124,22.0625,3.0883265264230233,0.3,6.6187499999999995,0.0,NO ALERT,NO ALERT,20260911,12
watershed,C03WEI19,Watershed C03WEI19,Godavari Basin,Weinganga,781.27661768,20.125,2.904924622178078,0.3,6.0375,0.0,NO ALERT,NO ALERT,20260911,12
watershed,C03WEI20,Watershed C03WEI20,Godavari Basin,Weinganga,755.31565877,16.1875,3.6738580842540687,0.3,4.85625,0.0,NO ALERT,NO ALERT,20260911,12
watershed,C03WEI21,Watershed C03WEI21,Godavari Basin,Weinganga,709.33917544,13.875,4.510954497815812,0.32511383768041885,4.510954497815812,0.0,NO ALERT,NO ALERT,20260911,12
watershed,C03WEI22,Watershed C03WEI22,Godavari Basin,Weinganga,631.06664755,9.875,3.4139717855477985,0.3457186618276252,3.4139717855477985,0.0,NO ALERT,NO ALERT,20260911,12
watershed,C03WEI23,Watershed C03WEI23,Godavari Basin,Weinganga,490.34148803,0.0,0.0,1.0,0.0,0.0,NO ALERT,NO ALERT,20260911,12
watershed,C03WEI24,Watershed C03WEI24,Godavari Basin,Weinganga,940.9944186,11.25,3.059369750933288,0.3,3.375,0.0,NO ALERT,NO ALERT,20260911,12
watershed,C03WEI25,Watershed C03WEI25,Godavari Basin,Weinganga,501.85844322,14.625,3.435048538405601,0.3,4.3875,0.0,NO ALERT,NO ALERT,20260911,12
watershed,C03WEI26,Watershed C03WEI26,Godavari Basin,Weinganga,575.12732938,16.4375,4.144103394652882,0.3,4.9312499999999995,0.0,NO ALERT,NO ALERT,20260911,12
watershed,C03WEI27,Watershed C03WEI27,Godavari Basin,Weinganga,709.7497731,22.4375,3.964951519688515,0.3,6.73125,0.0,NO ALERT,NO ALERT,20260911,12
watershed,C03WEI28,Watershed C03WEI28,Godavari Basin,Weinganga,891.85983569,23.1875,3.1218276703092336,0.3,6.95625,0.0,NO ALERT,NO ALERT,20260911,12
watershed,C03WEI29,Watershed C03WEI29,Godavari Basin,Weinganga,539.83883334,8.5625,3.1248197939297926,0.36494245768523126,3.1248197939297926,0.0,NO ALERT,NO ALERT,20260911,12
watershed,C03WEI30,Watershed C03WEI30,Godavari Basin,Weinganga,437.07070045,0.0,0.0,1.0,0.0,0.0,NO ALERT,NO ALERT,20260911,12
watershed,C03WEI31,Watershed C03WEI31,Godavari Basin,Weinganga,559.74336942,7.3125,2.681178697045535,0.36665691583528687,2.681178697045535,0.0,NO ALERT,NO ALERT,20260911,12
watershed,C03WEI32,Watershed C03WEI32,Godavari Basin,Weinganga,866.2672552,4.8125,2.9187209814991038,0.6064874766751385,2.9187209814991038,0.0,NO ALERT,NO ALERT,20260911,12
watershed,C03WEI33,Watershed C03WEI33,Godavari Basin,Weinganga,512.56652665,3.5625,3.487199848727004,0.9788631154321416,3.487199848727004,0.0,NO ALERT,NO ALERT,20260911,12
watershed,C03WEI34,Watershed C03WEI34,Godavari Basin,Weinganga,472.18451086,11.125,2.87897205991696,0.3,3.3375,0.0,NO ALERT,NO ALERT,20260911,12
watershed,C03WEI35,Watershed C03WEI35,Godavari Basin,Weinganga,617.02433405,7.8125,3.2307382341117075,0.41353449396629854,3.2307382341117075,0.0,NO ALERT,NO ALERT,20260911,12
watershed,C03WEI36,Watershed C03WEI36,Godavari Basin,Weinganga,591.23033072,4.625,3.572245318636502,0.7723773661916762,3.572245318636502,0.0,NO ALERT,NO ALERT,20260911,12
watershed,C03WEI37,Watershed C03WEI37,Godavari Basin,Weinganga,492.11727336,7.4375,3.0950574991229463,0.4161421847560264,3.0950574991229463,0.0,NO ALERT,NO ALERT,20260911,12
watershed,C03WEI38,Watershed C03WEI38,Godavari Basin,Weinganga,409.62111908,0.0,0.0,1.0,0.0,0.0,NO ALERT,NO ALERT,20260911,12
watershed,C03WEI39,Watershed C03WEI39,Godavari Basin,Weinganga,584.35206301,11.75,2.929055747716394,0.3,3.525,0.0,NO ALERT,NO ALERT,20260911,12
watershed,C03WEI40,Watershed C03WEI40,Godavari Basin,Weinganga,639.66028642,12.1875,3.0532112750492684,0.3,3.65625,0.0,NO ALERT,NO ALERT,20260911,12
watershed,C03WEI41,Watershed C03WEI41,Godavari Basin,Weinganga,709.48978953,11.28125,3.969689988395939,0.35188387708772867,3.969689988395939,0.0,NO ALERT,NO ALERT,20260911,12
watershed,C03WEI42,Watershed C03WEI42,Godavari Basin,Weinganga,825.05011512,0.0,0.0,1.0,0.0,0.0,NO ALERT,NO ALERT,20260911,12
watershed,C03WEI43,Watershed C03WEI43,Godavari Basin,Weinganga,499.36883018,7.4375,2.9261212565311014,0.39342806810502207,2.9261212565311014,0.0,NO ALERT,NO ALERT,20260911,12
watershed,C03WEI44,Watershed C03WEI44,Godavari Basin,Weinganga,584.88220734,9.25,3.1866527704751655,0.3445030022135314,3.1866527704751655,0.0,NO ALERT,NO ALERT,20260911,12
watershed,C03WEI45,Watershed C03WEI45,Godavari Basin,Weinganga,783.98566251,6.75,3.4359425521468463,0.5090285262439772,3.4359425521468463,0.0,NO ALERT,NO ALERT,20260911,12
watershed,C03WEI46,Watershed C03WEI46,Godavari Basin,Weinganga,576.97395054,9.4375,3.285998034109808,0.34818522215733066,3.285998034109808,0.0,NO ALERT,NO ALERT,20260911,12
watershed,C03WEI47,Watershed C03WEI47,Godavari Basin,Weinganga,493.5840279,12.125,2.8920870756449766,0.3,3.6374999999999997,0.0,NO ALERT,NO ALERT,20260911,12
watershed,C03WEI48,Watershed C03WEI48,Godavari Basin,Weinganga,492.07805054,12.375,3.620926854871724,0.3,3.7125,0.0,NO ALERT,NO ALERT,20260911,12
watershed,C03WEI49,Watershed C03WEI49,Godavari Basin,Weinganga,886.8017107,12.8125,3.792159241070486,0.3,3.84375,0.0,NO ALERT,NO ALERT,20260911,12
watershed,C03WEI50,Watershed C03WEI50,Godavari Basin,Weinganga,761.69315302,8.0,3.502551769026338,0.43781897112829227,3.502551769026338,0.0,NO ALERT,NO ALERT,20260911,12
watershed,C03WEI51,Watershed C03WEI51,Godavari Basin,Weinganga,735.11651856,19.75,3.3182826285084634,0.3,5.925,0.0,NO ALERT,NO ALERT,20260911,12
watershed,C03WEI52,Watershed C03WEI52,Godavari Basin,Weinganga,818.47077634,17.0625,3.299819103067052,0.3,5.1187499999999995,0.0,NO ALERT,NO ALERT,20260911,12
watershed,C03WEI53,Watershed C03WEI53,Godavari Basin,Weinganga,718.29864662,23.625,3.9474370730045725,0.3,7.0874999999999995,0.0,NO ALERT,NO ALERT,20260911,12
watershed,C03WEI54,Watershed C03WEI54,Godavari Basin,Weinganga,306.08162834,19.625,3.791896330452945,0.3,5.8875,0.0,NO ALERT,NO ALERT,20260911,12
watershed,C03WEI55,Watershed C03WEI55,Godavari Basin,Weinganga,412.19752846,26.9375,3.598535599978003,0.3,8.081249999999999,0.0,NO ALERT,NO ALERT,20260911,12
watershed,C03WEI56,Watershed C03WEI56,Godavari Basin,Weinganga,401.81308265,0.0,0.0,1.0,0.0,0.0,NO ALERT,NO ALERT,20260911,12
watershed,C03WEI57,Watershed C03WEI57,Godavari Basin,Weinganga,494.83542989,0.0,0.0,1.0,0.0,0.0,NO ALERT,NO ALERT,20260911,12
watershed,C03WEI58,Watershed C03WEI58,Godavari Basin,Weinganga,708.3392466,24.5,4.0246034001242625,0.3,7.35,0.0,NO ALERT,NO ALERT,20260911,12
watershed,C03WEI59,Watershed C03WEI59,Godavari Basin,Weinganga,481.24672577,0.0,0.0,1.0,0.0,0.0,NO ALERT,NO ALERT,20260911,12
watershed,C03WEI60,Watershed C03WEI60,Godavari Basin,Weinganga,420.7596302,25.625,4.705518852766246,0.3,7.6875,0.0,NO ALERT,NO ALERT,20260911,12
watershed,C03WEI61,Watershed C03WEI61,Godavari Basin,Weinganga,442.22564343,0.0,0.0,1.0,0.0,0.0,NO ALERT,NO ALERT,20260911,12
watershed,C03WEI62,Watershed C03WEI62,Godavari Basin,Weinganga,670.66837705,25.375,4.3956119256272705,0.3,7.6125,0.0,NO ALERT,NO ALERT,20260911,12
watershed,C03WEI63,Watershed C03WEI63,Godavari Basin,Weinganga,860.15394058,20.854166666666668,5.540848269194501,0.3,6.2562500000000005,0.0,NO ALERT,NO ALERT,20260911,12
watershed,C03WEI64,Watershed C03WEI64,Godavari Basin,Weinganga,805.5367231,19.875,5.615804816925363,0.3,5.9624999999999995,0.0,NO ALERT,NO ALERT,20260911,12
watershed,C03WEI65,Watershed C03WEI65,Godavari Basin,Weinganga,971.62122796,21.25,4.35129268528664,0.3,6.375,0.0,NO ALERT,NO ALERT,20260911,12
watershed,C03WEI66,Watershed C03WEI66,Godavari Basin,Weinganga,509.05997849,0.0,0.0,1.0,0.0,0.0,NO ALERT,NO ALERT,20260911,12
watershed,C03WEI67,Watershed C03WEI67,Godavari Basin,Weinganga,650.92266093,27.375,4.532626994464495,0.3,8.2125,0.0,NO ALERT,NO ALERT,20260911,12
watershed,C03WEI68,Watershed C03WEI68,Godavari Basin,Weinganga,330.74182747,26.1875,5.1398920224137505,0.3,7.856249999999999,0.0,NO ALERT,NO ALERT,20260911,12
watershed,C03WEI69,Watershed C03WEI69,Godavari Basin,Weinganga,500.52458961,24.9375,5.476210887934247,0.3,7.481249999999999,0.0,NO ALERT,NO ALERT,20260911,12
watershed,C03WEI70,Watershed C03WEI70,Godavari Basin,Weinganga,863.23510978,32.125,4.8308148303566725,0.3,9.6375,0.0,NO ALERT,NO ALERT,20260911,12
watershed,C03WEI71,Watershed C03WEI71,Godavari Basin,Weinganga,753.87496879,0.0,0.0,1.0,0.0,0.0,NO ALERT,NO ALERT,20260911,12
watershed,C03WEI72,Watershed C03WEI72,Godavari Basin,Weinganga,305.64318116,0.0,0.0,1.0,0.0,0.0,NO ALERT,NO ALERT,20260911,12
watershed,C03WEI73,Watershed C03WEI73,Godavari Basin,Weinganga,898.11457878,19.375,4.494243056684324,0.3,5.8125,0.0,NO ALERT,NO ALERT,20260911,12
watershed,C03WEI74,Watershed C03WEI74,Godavari Basin,Weinganga,554.15638445,0.0,0.0,1.0,0.0,0.0,NO ALERT,NO ALERT,20260911,12
watershed,C03WEI75,Watershed C03WEI75,Godavari Basin,Weinganga,307.76263718,11.75,4.419595752676872,0.3761358087384572,4.419595752676872,0.0,NO ALERT,NO ALERT,20260911,12
watershed,C03WEI76,Watershed C03WEI76,Godavari Basin,Weinganga,815.25943972,8.6875,4.124427034307833,0.47475419099946276,4.124427034307833,0.0,NO ALERT,NO ALERT,20260911,12
watershed,C03WEI77,Watershed C03WEI77,Godavari Basin,Weinganga,491.87990338,21.0,5.117248719767348,0.3,6.3,0.0,NO ALERT,NO ALERT,20260911,12
watershed,C03WEI78,Watershed C03WEI78,Godavari Basin,Weinganga,436.74293739,0.0,0.0,1.0,0.0,0.0,NO ALERT,NO ALERT,20260911,12
watershed,C03WEI79,Watershed C03WEI79,Godavari Basin,Weinganga,411.17502963,0.0,0.0,1.0,0.0,0.0,NO ALERT,NO ALERT,20260911,12
watershed,C03WEI80,Watershed C03WEI80,Godavari Basin,Weinganga,663.66059513,20.96875,4.799504535706484,0.3,6.2906249999999995,0.0,NO ALERT,NO ALERT,20260911,12
watershed,C04BHL01,Watershed C04BHL01,Krishna Basin,Bhima Lower,571.23083789,0.0,0.0,1.0,0.0,0.0,NO ALERT,NO ALERT,20260911,12
watershed,C04BHL02,Watershed C04BHL02,Krishna Basin,Bhima Lower,642.35317658,3.40625,3.1366518579321365,0.9208519215947557,3.1366518579321365,0.0,NO ALERT,NO ALERT,20260911,12
watershed,C04BHL03,Watershed C04BHL03,Krishna Basin,Bhima Lower,621.44392282,1.375,2.7910130747377058,2.0298276907183315,2.7910130747377058,0.0,NO ALERT,NO ALERT,20260911,12
watershed,C04BHL04,Watershed C04BHL04,Krishna Basin,Bhima Lower,469.60776484,1.1875,3.2338965663354693,2.7232813190193426,3.2338965663354693,0.0,NO ALERT,NO ALERT,20260911,12
watershed,C04BHL05,Watershed C04BHL05,Krishna Basin,Bhima Lower,466.26800345,1.125,2.5199428305029867,2.2399491826693216,2.5199428305029867,0.0,NO ALERT,NO ALERT,20260911,12
watershed,C04BHL06,Watershed C04BHL06,Krishna Basin,Bhima Lower,841.92345396,1.1875,2.7321488635589,2.3007569377338104,2.7321488635589,0.0,NO ALERT,NO ALERT,20260911,12
watershed,C04BHL07,Watershed C04BHL07,Krishna Basin,Bhima Lower,545.7039532,0.5625,2.807013368157491,3.0,1.6875,0.0,NO ALERT,NO ALERT,20260911,12
watershed,C04BHL08,Watershed C04BHL08,Krishna Basin,Bhima Lower,719.52796778,1.5625,2.667188945902537,1.7070009253776237,2.667188945902537,0.0,NO ALERT,NO ALERT,20260911,12
watershed,C04BHL09,Watershed C04BHL09,Krishna Basin,Bhima Lower,509.72527448,0.0,0.0,1.0,0.0,0.0,NO ALERT,NO ALERT,20260911,12
watershed,C04BHL10,Watershed C04BHL10,Krishna Basin,Bhima Lower,532.61467195,0.0,0.0,1.0,0.0,0.0,NO ALERT,NO ALERT,20260911,12
watershed,C04BHL11,Watershed C04BHL11,Krishna Basin,Bhima Lower,683.58419297,1.6875,2.9573746600992057,1.7525183170958256,2.9573746600992057,0.0,NO ALERT,NO ALERT,20260911,12
watershed,C04BHL12,Watershed C04BHL12,Krishna Basin,Bhima Lower,789.72248157,0.6875,2.9899421092990326,3.0,2.0625,0.0,NO ALERT,NO ALERT,20260911,12
watershed,C04BHL13,Watershed C04BHL13,Krishna Basin,Bhima Lower,776.20367231,1.6875,2.637213022414952,1.5627929021718234,2.637213022414952,0.0,NO ALERT,NO ALERT,20260911,12
watershed,C04BHL14,Watershed C04BHL14,Krishna Basin,Bhima Lower,822.40568178,0.5625,3.014283999474081,3.0,1.6875,0.0,NO ALERT,NO ALERT,20260911,12
watershed,C04BHL15,Watershed C04BHL15,Krishna Basin,Bhima Lower,759.4525996,1.0625,3.035837389406276,2.857258719441201,3.035837389406276,0.0,NO ALERT,NO ALERT,20260911,12
watershed,C04BHL16,Watershed C04BHL16,Krishna Basin,Bhima Lower,709.29185797,0.0,0.0,1.0,0.0,0.0,NO ALERT,NO ALERT,20260911,12
watershed,C04BHL17,Watershed C04BHL17,Krishna Basin,Bhima Lower,740.35095568,1.375,3.2102608138363657,2.3347351373355387,3.2102608138363657,0.0,NO ALERT,NO ALERT,20260911,12
watershed,C04BHL18,Watershed C04BHL18,Krishna Basin,Bhima Lower,448.68021227,6.0625,3.2897364742135347,0.5426369442001706,3.289736474213534,0.0,NO ALERT,NO ALERT,20260911,12
watershed,C04BHL19,Watershed C04BHL19,Krishna Basin,Bhima Lower,563.91053431,6.75,3.650861098382571,0.540868310871492,3.650861098382571,0.0,NO ALERT,NO ALERT,20260911,12
watershed,C04BHL20,Watershed C04BHL20,Krishna Basin,Bhima Lower,476.57307112,0.0,0.0,1.0,0.0,0.0,NO ALERT,NO ALERT,20260911,12
watershed,C04BHL21,Watershed C04BHL21,Krishna Basin,Bhima Lower,564.23898332,1.8125,3.1636094923092895,1.7454397198947804,3.1636094923092895,0.0,NO ALERT,NO ALERT,20260911,12
watershed,C04BHL22,Watershed C04BHL22,Krishna Basin,Bhima Lower,429.53893193,3.25,3.7303408735418975,1.1477971918590453,3.730340873541897,0.0,NO ALERT,NO ALERT,20260911,12
watershed,C04BHL23,Watershed C04BHL23,Krishna Basin,Bhima Lower,557.56813636,0.0,0.0,1.0,0.0,0.0,NO ALERT,NO ALERT,20260911,12
watershed,C04BHL24,Watershed C04BHL24,Krishna Basin,Bhima Lower,928.24848486,3.25,3.8469784162224157,1.183685666529974,3.8469784162224157,0.0,NO ALERT,NO ALERT,20260911,12
watershed,C04BHL25,Watershed C04BHL25,Krishna Basin,Bhima Lower,896.79898646,5.125,3.2022543775912835,0.6248301224568358,3.2022543775912835,0.0,NO ALERT,NO ALERT,20260911,12
watershed,C04BHL26,Watershed C04BHL26,Krishna Basin,Bhima Lower,621.84773767,6.625,3.6179873478943354,0.5461112977953714,3.6179873478943354,0.0,NO ALERT,NO ALERT,20260911,12
watershed,C04BHL27,Watershed C04BHL27,Krishna Basin,Bhima Lower,844.04670721,4.34375,3.5889209764563055,0.8262264118460559,3.5889209764563055,0.0,NO ALERT,NO ALERT,20260911,12
watershed,C04BHL28,Watershed C04BHL28,Krishna Basin,Bhima Lower,449.30552242,0.0,0.0,1.0,0.0,0.0,NO ALERT,NO ALERT,20260911,12
watershed,C04BHL29,Watershed C04BHL29,Krishna Basin,Bhima Lower,611.93882636,0.0,0.0,1.0,0.0,0.0,NO ALERT,NO ALERT,20260911,12
watershed,C04BHL30,Watershed C04BHL30,Krishna Basin,Bhima Lower,678.55700363,4.5625,3.3654903694272855,0.7376417248059803,3.365490369427285,0.0,NO ALERT,NO ALERT,20260911,12
watershed,C04BHL31,Watershed C04BHL31,Krishna Basin,Bhima Lower,905.24034915,2.5,3.7450412656958787,1.4980165062783515,3.7450412656958787,0.0,NO ALERT,NO ALERT,20260911,12
watershed,C04BHL32,Watershed C04BHL32,Krishna Basin,Bhima Lower,396.71175872,0.0,0.0,1.0,0.0,0.0,NO ALERT,NO ALERT,20260911,12
watershed,C04BHL33,Watershed C04BHL33,Krishna Basin,Bhima Lower,725.72744141,1.96875,3.355207093335586,1.7042321743926785,3.355207093335586,0.0,NO ALERT,NO ALERT,20260911,12
watershed,C04BHL34,Watershed C04BHL34,Krishna Basin,Bhima Lower,803.87203191,3.1875,2.1678142470447983,0.680098587308172,2.1678142470447983,0.0,NO ALERT,NO ALERT,20260911,12
watershed,C04BHL35,Watershed C04BHL35,Krishna Basin,Bhima Lower,725.14322135,1.75,3.0826222638765426,1.7614984365008814,3.0826222638765426,0.0,NO ALERT,NO ALERT,20260911,12
watershed,C04BHL36,Watershed C04BHL36,Krishna Basin,Bhima Lower,823.33953418,1.96875,3.2892734314480876,1.6707420604180763,3.2892734314480876,0.0,NO ALERT,NO ALERT,20260911,12
watershed,C04BHU01,Watershed C04BHU01,Krishna Basin,Bhima Upper,384.26708124,0.0,0.0,1.0,0.0,0.0,NO ALERT,NO ALERT,20260911,12
watershed,C04BHU02,Watershed C04BHU02,Krishna Basin,Bhima Upper,545.44632257,2.125,5.785287246087643,2.7224881158059495,5.785287246087643,0.0,NO ALERT,NO ALERT,20260911,12
watershed,C04BHU03,Watershed C04BHU03,Krishna Basin,Bhima Upper,407.85137438,1.625,3.0331227622211796,1.8665370844438027,3.0331227622211796,0.0,NO ALERT,NO ALERT,20260911,12
watershed,C04BHU04,Watershed C04BHU04,Krishna Basin,Bhima Upper,712.71054249,5.0625,2.851333670930503,0.5632264041344204,2.851333670930503,0.0,NO ALERT,NO ALERT,20260911,12
watershed,C04BHU05,Watershed C04BHU05,Krishna Basin,Bhima Upper,562.22016197,0.0,0.0,1.0,0.0,0.0,NO ALERT,NO ALERT,20260911,12
watershed,C04BHU06,Watershed C04BHU06,Krishna Basin,Bhima Upper,486.84788571,0.0,0.0,1.0,0.0,0.0,NO ALERT,NO ALERT,20260911,12
watershed,C04BHU07,Watershed C04BHU07,Krishna Basin,Bhima Upper,717.92953223,0.0,0.0,1.0,0.0,0.0,NO ALERT,NO ALERT,20260911,12
watershed,C04BHU08,Watershed C04BHU08,Krishna Basin,Bhima Upper,774.63219855,3.59375,4.018658002915039,1.1182352703763587,4.018658002915039,0.0,NO ALERT,NO ALERT,20260911,12
watershed,C04BHU09,Watershed C04BHU09,Krishna Basin,Bhima Upper,855.48371778,4.0625,2.276659166016807,0.5604084100964448,2.276659166016807,0.0,NO ALERT,NO ALERT,20260911,12
watershed,C04BHU10,Watershed C04BHU10,Krishna Basin,Bhima Upper,481.03920049,1.1875,2.0401047991563197,1.7179829887632165,2.0401047991563197,0.0,NO ALERT,NO ALERT,20260911,12
watershed,C04BHU11,Watershed C04BHU11,Krishna Basin,Bhima Upper,655.02362099,8.8125,2.4647939705073014,0.3,2.64375,0.0,NO ALERT,NO ALERT,20260911,12
watershed,C04BHU12,Watershed C04BHU12,Krishna Basin,Bhima Upper,814.5210468,1.75,1.2326823699964236,0.704389925712242,1.2326823699964236,0.0,NO ALERT,NO ALERT,20260911,12
watershed,C04BHU13,Watershed C04BHU13,Krishna Basin,Bhima Upper,354.54420603,0.0,0.0,1.0,0.0,0.0,NO ALERT,NO ALERT,20260911,12
watershed,C04BHU14,Watershed C04BHU14,Krishna Basin,Bhima Upper,742.63024247,7.25,2.54872683760238,0.35154852932446623,2.54872683760238,0.0,NO ALERT,NO ALERT,20260911,12
watershed,C04BHU15,Watershed C04BHU15,Krishna Basin,Bhima Upper,395.75885121,0.0,0.0,1.0,0.0,0.0,NO ALERT,NO ALERT,20260911,12
watershed,C04BHU16,Watershed C04BHU16,Krishna Basin,Bhima Upper,550.4182564,2.4375,1.936390462538151,0.7944166000156516,1.9363904625381507,0.0,NO ALERT,NO ALERT,20260911,12
watershed,C04BHU17,Watershed C04BHU17,Krishna Basin,Bhima Upper,903.87245512,4.25,2.801253724669757,0.6591185234517075,2.801253724669757,0.0,NO ALERT,NO ALERT,20260911,12
watershed,C04BHU18,Watershed C04BHU18,Krishna Basin,Bhima Upper,606.27068094,2.5625,2.4697424860645647,0.9638019457812935,2.4697424860645647,0.0,NO ALERT,NO ALERT,20260911,12
watershed,C04BHU19,Watershed C04BHU19,Krishna Basin,Bhima Upper,779.63228596,4.6875,2.2727552084686007,0.4848544444733015,2.2727552084686007,0.0,NO ALERT,NO ALERT,20260911,12
watershed,C04BHU20,Watershed C04BHU20,Krishna Basin,Bhima Upper,908.08960363,8.0,2.2644771857825043,0.3,2.4,0.0,NO ALERT,NO ALERT,20260911,12
watershed,C04BHU21,Watershed C04BHU21,Krishna Basin,Bhima Upper,464.97435806,1.5625,2.4026876754956703,1.537720112317229,2.4026876754956703,0.0,NO ALERT,NO ALERT,20260911,12
watershed,C04BHU22,Watershed C04BHU22,Krishna Basin,Bhima Upper,742.31328181,1.5625,2.496277785627809,1.597617782801798,2.496277785627809,0.0,NO ALERT,NO ALERT,20260911,12
watershed,C04BHU23,Watershed C04BHU23,Krishna Basin,Bhima Upper,690.42434025,0.5625,1.852725622588641,3.0,1.6875,0.0,NO ALERT,NO ALERT,20260911,12
watershed,C04BHU24,Watershed C04BHU24,Krishna Basin,Bhima Upper,524.62888671,7.875,3.444847827578244,0.4374409939781897,3.444847827578244,0.0,NO ALERT,NO ALERT,20260911,12
watershed,C04BHU25,Watershed C04BHU25,Krishna Basin,Bhima Upper,638.55154334,0.0,0.0,1.0,0.0,0.0,NO ALERT,NO ALERT,20260911,12
watershed,C04BHU26,Watershed C04BHU26,Krishna Basin,Bhima Upper,537.94190966,9.125,2.1558763712644575,0.3,2.7375,0.0,NO ALERT,NO ALERT,20260911,12
watershed,C04BHU27,Watershed C04BHU27,Krishna Basin,Bhima Upper,503.93177207,0.0,0.0,1.0,0.0,0.0,NO ALERT,NO ALERT,20260911,12
watershed,C04BHU28,Watershed C04BHU28,Krishna Basin,Bhima Upper,548.19158082,1.125,2.546804128546421,2.263825892041263,2.5468041285464205,0.0,NO ALERT,NO ALERT,20260911,12
watershed,C04BHU29,Watershed C04BHU29,Krishna Basin,Bhima Upper,607.31743961,0.75,2.0632297026172077,2.7509729368229436,2.0632297026172077,0.0,NO ALERT,NO ALERT,20260911,12
watershed,C04BHU30,Watershed C04BHU30,Krishna Basin,Bhima Upper,614.93898881,0.0,0.0,1.0,0.0,0.0,NO ALERT,NO ALERT,20260911,12
watershed,C04BHU31,Watershed C04BHU31,Krishna Basin,Bhima Upper,685.8859669,0.78125,2.2507578538092847,2.8809700528758846,2.2507578538092847,0.0,NO ALERT,NO ALERT,20260911,12
watershed,C04BHU32,Watershed C04BHU32,Krishna Basin,Bhima Upper,365.64893704,0.0,0.0,1.0,0.0,0.0,NO ALERT,NO ALERT,20260911,12
watershed,C04BHU33,Watershed C04BHU33,Krishna Basin,Bhima Upper,700.48950267,0.4375,1.7398543818152115,3.0,1.3125,0.0,NO ALERT,NO ALERT,20260911,12
watershed,C04BHU34,Watershed C04BHU34,Krishna Basin,Bhima Upper,721.33652073,0.0,0.0,1.0,0.0,0.0,NO ALERT,NO ALERT,20260911,12
watershed,C04BHU35,Watershed C04BHU35,Krishna Basin,Bhima Upper,596.58331478,0.25,2.3143415778058847,3.0,0.75,0.0,NO ALERT,NO ALERT,20260911,12
watershed,C04BHU36,Watershed C04BHU36,Krishna Basin,Bhima Upper,698.6158389,0.4375,1.9331407410232988,3.0,1.3125,0.0,NO ALERT,NO ALERT,20260911,12
watershed,C04BHU37,Watershed C04BHU37,Krishna Basin,Bhima Upper,854.02079293,0.3125,1.9168919330998644,3.0,0.9375,0.0,NO ALERT,NO ALERT,20260911,12
watershed,C04BHU38,Watershed C04BHU38,Krishna Basin,Bhima Upper,420.8876816,0.625,2.1386259418236064,3.0,1.875,0.0,NO ALERT,NO ALERT,20260911,12
watershed,C04BHU39,Watershed C04BHU39,Krishna Basin,Bhima Upper,670.3079437,2.625,0.7598895884948234,0.3,0.7875,0.0,NO ALERT,NO ALERT,20260911,12
watershed,C04BHU40,Watershed C04BHU40,Krishna Basin,Bhima Upper,549.3858972,1.625,1.3383116177295986,0.8235763801412914,1.3383116177295986,0.0,NO ALERT,NO ALERT,20260911,12
watershed,C04BHU41,Watershed C04BHU41,Krishna Basin,Bhima Upper,749.35846637,0.4375,1.2956486967940855,2.961482735529338,1.2956486967940855,0.0,NO ALERT,NO ALERT,20260911,12
watershed,C04BHU42,Watershed C04BHU42,Krishna Basin,Bhima Upper,806.50973287,0.0,1.7053705715969818,1.0,0.0,0.0,NO ALERT,NO ALERT,20260911,12
watershed,C04BHU43,Watershed C04BHU43,Krishna Basin,Bhima Upper,545.3732773,0.0,0.0,1.0,0.0,0.0,NO ALERT,NO ALERT,20260911,12
watershed,C04BHU44,Watershed C04BHU44,Krishna Basin,Bhima Upper,622.69727236,0.25,1.6619945155839397,3.0,0.75,0.0,NO ALERT,NO ALERT,20260911,12
watershed,C04BHU45,Watershed C04BHU45,Krishna Basin,Bhima Upper,691.82564497,0.4375,1.1234552089890388,2.5678976205463746,1.1234552089890388,0.0,NO ALERT,NO ALERT,20260911,12
watershed,C04BHU46,Watershed C04BHU46,Krishna Basin,Bhima Upper,762.80559838,1.1875,1.8593042872744063,1.565729926125816,1.8593042872744066,0.0,NO ALERT,NO ALERT,20260911,12
watershed,C04BHU47,Watershed C04BHU47,Krishna Basin,Bhima Upper,520.09147214,1.1875,1.7098128146708829,1.4398423702491645,1.7098128146708829,0.0,NO ALERT,NO ALERT,20260911,12
watershed,C04BHU48,Watershed C04BHU48,Krishna Basin,Bhima Upper,616.24879352,10.9375,2.8078641771657824,0.3,3.28125,0.0,NO ALERT,NO ALERT,20260911,12
watershed,C04BHU49,Watershed C04BHU49,Krishna Basin,Bhima Upper,820.56873698,0.0,0.0,1.0,0.0,0.0,NO ALERT,NO ALERT,20260911,12
watershed,C04BHU50,Watershed C04BHU50,Krishna Basin,Bhima Upper,526.78228045,14.9375,2.608964046570536,0.3,4.48125,0.0,NO ALERT,NO ALERT,20260911,12
watershed,C04BHU51,Watershed C04BHU51,Krishna Basin,Bhima Upper,641.31012265,0.0,0.0,1.0,0.0,0.0,NO ALERT,NO ALERT,20260911,12
watershed,C04BHU52,Watershed C04BHU52,Krishna Basin,Bhima Upper,351.71921044,9.0,2.3028741121700365,0.3,2.6999999999999997,0.0,NO ALERT,NO ALERT,20260911,12
watershed,C04BHU53,Watershed C04BHU53,Krishna Basin,Bhima Upper,797.55960072,6.6875,3.1352920746966584,0.4688287214499676,3.1352920746966584,0.0,NO ALERT,NO ALERT,20260911,12
watershed,C04BHU54,Watershed C04BHU54,Krishna Basin,Bhima Upper,691.22763246,5.3125,2.8092142366791424,0.5287932680807798,2.8092142366791424,0.0,NO ALERT,NO ALERT,20260911,12
watershed,C04BHU55,Watershed C04BHU55,Krishna Basin,Bhima Upper,666.54928031,0.0,0.0,1.0,0.0,0.0,NO ALERT,NO ALERT,20260911,12
watershed,C04BHU56,Watershed C04BHU56,Krishna Basin,Bhima Upper,631.29210305,11.0,4.095337940895394,0.37230344917230856,4.095337940895394,0.0,NO ALERT,NO ALERT,20260911,12
watershed,C04BHU57,Watershed C04BHU57,Krishna Basin,Bhima Upper,602.85110493,3.5,3.6011885636881606,1.0289110181966172,3.60118856368816,0.0,NO ALERT,NO ALERT,20260911,12
watershed,C04BHU58,Watershed C04BHU58,Krishna Basin,Bhima Upper,650.12529824,0.0,0.0,1.0,0.0,0.0,NO ALERT,NO ALERT,20260911,12
watershed,C04BHU59,Watershed C04BHU59,Krishna Basin,Bhima Upper,617.56953555,1.25,2.9734495971096706,2.3787596776877367,2.9734495971096706,0.0,NO ALERT,NO ALERT,20260911,12
watershed,C04BHU60,Watershed C04BHU60,Krishna Basin,Bhima Upper,388.6624194,0.0,0.0,1.0,0.0,0.0,NO ALERT,NO ALERT,20260911,12
watershed,C04BHU61,Watershed C04BHU61,Krishna Basin,Bhima Upper,525.80645539,0.0,0.0,1.0,0.0,0.0,NO ALERT,NO ALERT,20260911,12
watershed,C04BHU62,Watershed C04BHU62,Krishna Basin,Bhima Upper,663.18947276,0.84375,2.3704181715029558,2.8093844995590587,2.3704181715029558,0.0,NO ALERT,NO ALERT,20260911,12
watershed,C04BHU63,Watershed C04BHU63,Krishna Basin,Bhima Upper,756.49026747,0.25,1.8754103720596391,3.0,0.75,0.0,NO ALERT,NO ALERT,20260911,12
watershed,C04BHU64,Watershed C04BHU64,Krishna Basin,Bhima Upper,709.67339487,1.1875,2.6342480377383426,2.2183141370428148,2.6342480377383426,0.0,NO ALERT,NO ALERT,20260911,12
watershed,C04BHU65,Watershed C04BHU65,Krishna Basin,Bhima Upper,819.27521671,0.75,2.902770698887028,3.0,2.25,0.0,NO ALERT,NO ALERT,20260911,12
watershed,C04BHU66,Watershed C04BHU66,Krishna Basin,Bhima Upper,530.02354533,0.0,0.0,1.0,0.0,0.0,NO ALERT,NO ALERT,20260911,12
watershed,C04BHU67,Watershed C04BHU67,Krishna Basin,Bhima Upper,666.72134007,0.25,2.909673038757827,3.0,0.75,0.0,NO ALERT,NO ALERT,20260911,12
watershed,C04BHU68,Watershed C04BHU68,Krishna Basin,Bhima Upper,563.28418218,0.0,0.0,1.0,0.0,0.0,NO ALERT,NO ALERT,20260911,12
watershed,C04BHU69,Watershed C04BHU69,Krishna Basin,Bhima Upper,439.81344069,0.0,0.0,1.0,0.0,0.0,NO ALERT,NO ALERT,20260911,12
watershed,C04BHU70,Watershed C04BHU70,Krishna Basin,Bhima Upper,702.51004957,0.5625,2.7790907303764394,3.0,1.6875,0.0,NO ALERT,NO ALERT,20260911,12
watershed,C04BHU71,Watershed C04BHU71,Krishna Basin,Bhima Upper,939.84196676,1.1875,2.901711684557265,2.4435466817324336,2.901711684557265,0.0,NO ALERT,NO ALERT,20260911,12
watershed,C04KRL01,Watershed C04KRL01,Krishna Basin,Krishna Lower,653.58957651,2.78125,3.0108380963643118,1.0825485290298649,3.0108380963643118,0.0,NO ALERT,NO ALERT,20260911,12
watershed,C04KRL02,Watershed C04KRL02,Krishna Basin,Krishna Lower,670.41461499,0.0,0.0,1.0,0.0,0.0,NO ALERT,NO ALERT,20260911,12
watershed,C04KRL03,Watershed C04KRL03,Krishna Basin,Krishna Lower,729.65360749,0.0,0.0,1.0,0.0,0.0,NO ALERT,NO ALERT,20260911,12
watershed,C04KRL04,Watershed C04KRL04,Krishna Basin,Krishna Lower,855.70659271,1.5625,3.023398629769887,1.9349751230527277,3.023398629769887,0.0,NO ALERT,NO ALERT,20260911,12
watershed,C04KRL05,Watershed C04KRL05,Krishna Basin,Krishna Lower,625.05299765,1.625,2.669623355404155,1.6428451417871723,2.669623355404155,0.0,NO ALERT,NO ALERT,20260911,12
watershed,C04KRL06,Watershed C04KRL06,Krishna Basin,Krishna Lower,970.03476921,0.625,3.2287997015535015,3.0,1.875,0.0,NO ALERT,NO ALERT,20260911,12
watershed,C04KRL07,Watershed C04KRL07,Krishna Basin,Krishna Lower,469.74181737,0.0,0.0,1.0,0.0,0.0,NO ALERT,NO ALERT,20260911,12
watershed,C04KRL08,Watershed C04KRL08,Krishna Basin,Krishna Lower,516.73669409,1.125,3.9005062838327396,3.0,3.375,0.0,NO ALERT,NO ALERT,20260911,12
watershed,C04KRL09,Watershed C04KRL09,Krishna Basin,Krishna Lower,933.60083981,0.0,0.0,1.0,0.0,0.0,NO ALERT,NO ALERT,20260911,12
watershed,C04KRL10,Watershed C04KRL10,Krishna Basin,Krishna Lower,690.10878851,1.125,3.785160624858451,3.0,3.375,0.0,NO ALERT,NO ALERT,20260911,12
watershed,C04KRL11,Watershed C04KRL11,Krishna Basin,Krishna Lower,779.09395458,1.3125,3.41529893226003,2.602132519817166,3.41529893226003,0.0,NO ALERT,NO ALERT,20260911,12
watershed,C04KRL12,Watershed C04KRL12,Krishna Basin,Krishna Lower,924.23144052,0.4375,4.021687935660147,3.0,1.3125,0.0,NO ALERT,NO ALERT,20260911,12
watershed,C04KRL13,Watershed C04KRL13,Krishna Basin,Krishna Lower,464.75486542,0.0625,3.384069657039969,1.0,0.0625,0.0,NO ALERT,NO ALERT,20260911,12
watershed,C04KRL14,Watershed C04KRL14,Krishna Basin,Krishna Lower,613.32661911,0.625,2.8867161124026124,3.0,1.875,0.0,NO ALERT,NO ALERT,20260911,12
watershed,C04KRL15,Watershed C04KRL15,Krishna Basin,Krishna Lower,570.06757486,0.0,0.0,1.0,0.0,0.0,NO ALERT,NO ALERT,20260911,12
watershed,C04KRL16,Watershed C04KRL16,Krishna Basin,Krishna Lower,549.07504819,0.0,0.0,1.0,0.0,0.0,NO ALERT,NO ALERT,20260911,12
watershed,C04KRL17,Watershed C04KRL17,Krishna Basin,Krishna Lower,836.40899784,0.4375,3.480950475147326,3.0,1.3125,0.0,NO ALERT,NO ALERT,20260911,12
watershed,C04KRL18,Watershed C04KRL18,Krishna Basin,Krishna Lower,610.25926899,1.09375,2.5913887262446424,2.3692696925665304,2.5913887262446424,0.0,NO ALERT,NO ALERT,20260911,12
watershed,C04KRL19,Watershed C04KRL19,Krishna Basin,Krishna Lower,573.96925842,3.625,2.885658090183996,0.7960436110852404,2.885658090183996,0.0,NO ALERT,NO ALERT,20260911,12
watershed,C04KRL20,Watershed C04KRL20,Krishna Basin,Krishna Lower,708.0081468,0.0,0.0,1.0,0.0,0.0,NO ALERT,NO ALERT,20260911,12
watershed,C04KRL21,Watershed C04KRL21,Krishna Basin,Krishna Lower,434.7921479,0.9375,2.4760880823821236,2.6411606212075984,2.4760880823821236,0.0,NO ALERT,NO ALERT,20260911,12
watershed,C04KRL22,Watershed C04KRL22,Krishna Basin,Krishna Lower,657.12113828,0.0,0.0,1.0,0.0,0.0,NO ALERT,NO ALERT,20260911,12
watershed,C04KRL23,Watershed C04KRL23,Krishna Basin,Krishna Lower,823.44826153,1.375,2.4001459571596695,1.7455606961161232,2.4001459571596695,0.0,NO ALERT,NO ALERT,20260911,12
watershed,C04KRL24,Watershed C04KRL24,Krishna Basin,Krishna Lower,683.47943277,1.1875,2.267515113561937,1.9094864114205787,2.267515113561937,0.0,NO ALERT,NO ALERT,20260911,12
watershed,C04KRL25,Watershed C04KRL25,Krishna Basin,Krishna Lower,767.72822068,1.1875,2.617993563597333,2.2046261588188067,2.617993563597333,0.0,NO ALERT,NO ALERT,20260911,12
watershed,C04KRL26,Watershed C04KRL26,Krishna Basin,Krishna Lower,736.57179906,1.25,3.3419603993427263,2.673568319474181,3.3419603993427263,0.0,NO ALERT,NO ALERT,20260911,12
watershed,C04KRL27,Watershed C04KRL27,Krishna Basin,Krishna Lower,688.67723356,2.1875,2.654445688600001,1.2134608862171432,2.654445688600001,0.0,NO ALERT,NO ALERT,20260911,12
watershed,C04KRL28,Watershed C04KRL28,Krishna Basin,Krishna Lower,560.25926936,0.0,0.0,1.0,0.0,0.0,NO ALERT,NO ALERT,20260911,12
watershed,C04KRL29,Watershed C04KRL29,Krishna Basin,Krishna Lower,697.41961108,0.125,4.138824062059595,3.0,0.375,0.0,NO ALERT,NO ALERT,20260911,12
watershed,C04KRL30,Watershed C04KRL30,Krishna Basin,Krishna Lower,520.9186222,0.0,0.0,1.0,0.0,0.0,NO ALERT,NO ALERT,20260911,12
watershed,C04KRL31,Watershed C04KRL31,Krishna Basin,Krishna Lower,492.78206093,0.0,0.0,1.0,0.0,0.0,NO ALERT,NO ALERT,20260911,12
watershed,C04KRL32,Watershed C04KRL32,Krishna Basin,Krishna Lower,725.41603221,0.0625,3.6330075700907676,1.0,0.0625,0.0,NO ALERT,NO ALERT,20260911,12
watershed,C04KRL33,Watershed C04KRL33,Krishna Basin,Krishna Lower,540.23004261,1.375,3.7287952646000746,2.711851101527327,3.728795264600074,0.0,NO ALERT,NO ALERT,20260911,12
watershed,C04KRL34,Watershed C04KRL34,Krishna Basin,Krishna Lower,812.02866845,4.0,3.2518580898846667,0.8129645224711667,3.2518580898846667,0.0,NO ALERT,NO ALERT,20260911,12
watershed,C04KRL35,Watershed C04KRL35,Krishna Basin,Krishna Lower,689.89767729,0.5,4.303678992553933,3.0,1.5,0.0,NO ALERT,NO ALERT,20260911,12
watershed,C04KRL36,Watershed C04KRL36,Krishna Basin,Krishna Lower,965.94700853,1.0625,5.5610007293828545,3.0,3.1875,0.0,NO ALERT,NO ALERT,20260911,12
watershed,C04KRL37,Watershed C04KRL37,Krishna Basin,Krishna Lower,748.72739548,0.25,4.626752591459718,3.0,0.75,0.0,NO ALERT,NO ALERT,20260911,12
watershed,C04KRL38,Watershed C04KRL38,Krishna Basin,Krishna Lower,530.63593794,0.0,0.0,1.0,0.0,0.0,NO ALERT,NO ALERT,20260911,12
watershed,C04KRL39,Watershed C04KRL39,Krishna Basin,Krishna Lower,956.0073937,4.96875,5.599187614431937,1.126880526174981,5.599187614431937,0.0,NO ALERT,NO ALERT,20260911,12
watershed,C04KRL40,Watershed C04KRL40,Krishna Basin,Krishna Lower,519.4036732,4.625,5.21019412254634,1.1265284589289384,5.21019412254634,0.0,NO ALERT,NO ALERT,20260911,12
watershed,C04KRL41,Watershed C04KRL41,Krishna Basin,Krishna Lower,504.03551712,0.0,0.0,1.0,0.0,0.0,NO ALERT,NO ALERT,20260911,12
watershed,C04KRL42,Watershed C04KRL42,Krishna Basin,Krishna Lower,596.75471133,0.875,5.2516263235921725,3.0,2.625,0.0,NO ALERT,NO ALERT,20260911,12
watershed,C04KRL43,Watershed C04KRL43,Krishna Basin,Krishna Lower,600.08782714,0.0,0.0,1.0,0.0,0.0,NO ALERT,NO ALERT,20260911,12
watershed,C04KRL44,Watershed C04KRL44,Krishna Basin,Krishna Lower,553.88789963,0.1875,4.623923263586548,3.0,0.5625,0.0,NO ALERT,NO ALERT,20260911,12
watershed,C04KRL45,Watershed C04KRL45,Krishna Basin,Krishna Lower,832.23045769,0.1875,4.281758504534421,3.0,0.5625,0.0,NO ALERT,NO ALERT,20260911,12
watershed,C04KRL46,Watershed C04KRL46,Krishna Basin,Krishna Lower,483.20324015,0.0,0.0,1.0,0.0,0.0,NO ALERT,NO ALERT,20260911,12
watershed,C04KRL47,Watershed C04KRL47,Krishna Basin,Krishna Lower,277.57722037,0.375,3.852303753037975,3.0,1.125,0.0,NO ALERT,NO ALERT,20260911,12
watershed,C04KRL48,Watershed C04KRL48,Krishna Basin,Krishna Lower,818.42036019,0.9375,4.642765530086543,3.0,2.8125,0.0,NO ALERT,NO ALERT,20260911,12
watershed,C04KRL49,Watershed C04KRL49,Krishna Basin,Krishna Lower,480.20048073,1.0,4.105559257428124,3.0,3.0,0.0,NO ALERT,NO ALERT,20260911,12
watershed,C04KRL50,Watershed C04KRL50,Krishna Basin,Krishna Lower,570.30920481,4.40625,4.034857561714845,0.9157123544317378,4.034857561714845,0.0,NO ALERT,NO ALERT,20260911,12
watershed,C04KRL51,Watershed C04KRL51,Krishna Basin,Krishna Lower,711.46234807,2.71875,3.354132103042243,1.2337037620385263,3.3541321030422435,0.0,NO ALERT,NO ALERT,20260911,12
watershed,C04KRL52,Watershed C04KRL52,Krishna Basin,Krishna Lower,563.19031864,0.0,0.0,1.0,0.0,0.0,NO ALERT,NO ALERT,20260911,12
watershed,C04KRL53,Watershed C04KRL53,Krishna Basin,Krishna Lower,863.80954561,0.0,0.0,1.0,0.0,0.0,NO ALERT,NO ALERT,20260911,12
watershed,C04KRL54,Watershed C04KRL54,Krishna Basin,Krishna Lower,903.64420035,1.875,2.838410986919109,1.513819193023525,2.838410986919109,0.0,NO ALERT,NO ALERT,20260911,12
watershed,C04KRL55,Watershed C04KRL55,Krishna Basin,Krishna Lower,766.98655287,2.5625,3.184274957155528,1.2426438857192303,3.1842749571555276,0.0,NO ALERT,NO ALERT,20260911,12
watershed,C04KRL56,Watershed C04KRL56,Krishna Basin,Krishna Lower,753.38817111,5.8125,3.015367283396525,0.5187728659606925,3.0153672833965253,0.0,NO ALERT,NO ALERT,20260911,12
watershed,C04KRL57,Watershed C04KRL57,Krishna Basin,Krishna Lower,567.98447463,0.0,0.0,1.0,0.0,0.0,NO ALERT,NO ALERT,20260911,12
watershed,C04KRL58,Watershed C04KRL58,Krishna Basin,Krishna Lower,796.27956548,2.8125,3.0619093457721682,1.088678878496771,3.0619093457721682,0.0,NO ALERT,NO ALERT,20260911,12
watershed,C04KRL59,Watershed C04KRL59,Krishna Basin,Krishna Lower,555.555396,5.0625,2.933758542064118,0.5795078601608135,2.933758542064118,0.0,NO ALERT,NO ALERT,20260911,12
watershed,C04KRM01,Watershed C04KRM01,Krishna Basin,Krishna Middle,772.0021724,7.375,3.457796218236015,0.4688537245065783,3.457796218236015,0.0,NO ALERT,NO ALERT,20260911,12
watershed,C04KRM02,Watershed C04KRM02,Krishna Basin,Krishna Middle,408.7542424,0.0,0.0,1.0,0.0,0.0,NO ALERT,NO ALERT,20260911,12
watershed,C04KRM03,Watershed C04KRM03,Krishna Basin,Krishna Middle,607.01789211,11.375,3.4698272580561573,0.30503975894999186,3.4698272580561573,0.0,NO ALERT,NO ALERT,20260911,12
watershed,C04KRM04,Watershed C04KRM04,Krishna Basin,Krishna Middle,532.9834674,2.1875,3.1243152385296886,1.4282583947564291,3.1243152385296886,0.0,NO ALERT,NO ALERT,20260911,12
watershed,C04KRM05,Watershed C04KRM05,Krishna Basin,Krishna Middle,581.66214023,13.4375,4.266511318740779,0.3175078190690812,4.266511318740779,0.0,NO ALERT,NO ALERT,20260911,12
watershed,C04KRM06,Watershed C04KRM06,Krishna Basin,Krishna Middle,447.38211895,0.0,0.0,1.0,0.0,0.0,NO ALERT,NO ALERT,20260911,12
watershed,C04KRM07,Watershed C04KRM07,Krishna Basin,Krishna Middle,518.42706371,3.0625,3.548205712968356,1.158597783826402,3.5482057129683566,0.0,NO ALERT,NO ALERT,20260911,12
watershed,C04KRM08,Watershed C04KRM08,Krishna Basin,Krishna Middle,437.40920958,0.0,0.0,1.0,0.0,0.0,NO ALERT,NO ALERT,20260911,12
watershed,C04KRM09,Watershed C04KRM09,Krishna Basin,Krishna Middle,714.96730719,7.75,3.207630756293258,0.41388783952171065,3.207630756293258,0.0,NO ALERT,NO ALERT,20260911,12
watershed,C04KRM10,Watershed C04KRM10,Krishna Basin,Krishna Middle,610.6776723,2.4375,2.7809908984254483,1.1409193429437736,2.7809908984254483,0.0,NO ALERT,NO ALERT,20260911,12
watershed,C04KRM11,Watershed C04KRM11,Krishna Basin,Krishna Middle,781.97746476,0.4375,2.709538050914464,3.0,1.3125,0.0,NO ALERT,NO ALERT,20260911,12
watershed,C04KRM12,Watershed C04KRM12,Krishna Basin,Krishna Middle,821.82333887,0.375,2.7986310002738484,3.0,1.125,0.0,NO ALERT,NO ALERT,20260911,12
watershed,C04KRM13,Watershed C04KRM13,Krishna Basin,Krishna Middle,592.81530241,0.1875,2.507574457460887,3.0,0.5625,0.0,NO ALERT,NO ALERT,20260911,12
watershed,C04KRM14,Watershed C04KRM14,Krishna Basin,Krishna Middle,575.74096394,0.8125,3.598584009155835,3.0,2.4375,0.0,NO ALERT,NO ALERT,20260911,12
watershed,C04KRM15,Watershed C04KRM15,Krishna Basin,Krishna Middle,519.04180443,0.125,3.0817875703924322,3.0,0.375,0.0,NO ALERT,NO ALERT,20260911,12
watershed,C04KRM16,Watershed C04KRM16,Krishna Basin,Krishna Middle,800.09379236,0.8125,3.584192189492591,3.0,2.4375,0.0,NO ALERT,NO ALERT,20260911,12
watershed,C04KRM17,Watershed C04KRM17,Krishna Basin,Krishna Middle,666.35565522,0.0,0.0,1.0,0.0,0.0,NO ALERT,NO ALERT,20260911,12
watershed,C04KRM18,Watershed C04KRM18,Krishna Basin,Krishna Middle,962.56022126,0.7291666666666667,3.145339741683714,3.0,2.1875,0.0,NO ALERT,NO ALERT,20260911,12
watershed,C04KRM19,Watershed C04KRM19,Krishna Basin,Krishna Middle,684.1007435,1.625,3.375379429410582,2.0771565719449736,3.3753794294105823,0.0,NO ALERT,NO ALERT,20260911,12
watershed,C04KRM20,Watershed C04KRM20,Krishna Basin,Krishna Middle,465.40295104,0.0,0.0,1.0,0.0,0.0,NO ALERT,NO ALERT,20260911,12
watershed,C04KRM21,Watershed C04KRM21,Krishna Basin,Krishna Middle,662.44057884,4.625,3.462909238428286,0.7487371326331429,3.462909238428286,0.0,NO ALERT,NO ALERT,20260911,12
watershed,C04KRM22,Watershed C04KRM22,Krishna Basin,Krishna Middle,603.32539134,0.0,0.0,1.0,0.0,0.0,NO ALERT,NO ALERT,20260911,12
watershed,C04KRM23,Watershed C04KRM23,Krishna Basin,Krishna Middle,341.29284232,4.9375,3.2320028082965173,0.6545828472499275,3.2320028082965173,0.0,NO ALERT,NO ALERT,20260911,12
watershed,C04KRM24,Watershed C04KRM24,Krishna Basin,Krishna Middle,385.28541249,0.0,0.0,1.0,0.0,0.0,NO ALERT,NO ALERT,20260911,12
watershed,C04KRM25,Watershed C04KRM25,Krishna Basin,Krishna Middle,861.31425268,10.6875,2.916654176744696,0.3,3.20625,0.0,NO ALERT,NO ALERT,20260911,12
watershed,C04KRM26,Watershed C04KRM26,Krishna Basin,Krishna Middle,671.79345799,5.4375,2.737276431509893,0.5034071598179114,2.737276431509893,0.0,NO ALERT,NO ALERT,20260911,12
watershed,C04KRM27,Watershed C04KRM27,Krishna Basin,Krishna Middle,345.62661999,8.0,4.452471373914039,0.5565589217392549,4.452471373914039,0.0,NO ALERT,NO ALERT,20260911,12
watershed,C04KRM28,Watershed C04KRM28,Krishna Basin,Krishna Middle,463.87032498,4.125,3.6271888604311093,0.8793185116196629,3.6271888604311093,0.0,NO ALERT,NO ALERT,20260911,12
watershed,C04KRM29,Watershed C04KRM29,Krishna Basin,Krishna Middle,599.3952995,4.625,3.713065273590284,0.8028249240195209,3.713065273590284,0.0,NO ALERT,NO ALERT,20260911,12
watershed,C04KRM30,Watershed C04KRM30,Krishna Basin,Krishna Middle,763.97687897,2.75,3.5417521468988835,1.287909871599594,3.5417521468988835,0.0,NO ALERT,NO ALERT,20260911,12
watershed,C04KRM31,Watershed C04KRM31,Krishna Basin,Krishna Middle,528.8393415,3.4375,3.304399112234377,0.9612797417409097,3.304399112234377,0.0,NO ALERT,NO ALERT,20260911,12
watershed,C04KRM32,Watershed C04KRM32,Krishna Basin,Krishna Middle,603.668663,2.375,2.9875069814185573,1.2578976763867609,2.987506981418557,0.0,NO ALERT,NO ALERT,20260911,12
watershed,C04KRM33,Watershed C04KRM33,Krishna Basin,Krishna Middle,587.16413268,2.375,3.157750063971297,1.329578974303704,3.157750063971297,0.0,NO ALERT,NO ALERT,20260911,12
watershed,C04KRM34,Watershed C04KRM34,Krishna Basin,Krishna Middle,751.70917186,0.0,0.0,1.0,0.0,0.0,NO ALERT,NO ALERT,20260911,12
watershed,C04KRM35,Watershed C04KRM35,Krishna Basin,Krishna Middle,859.09147329,3.8125,3.1941281478698937,0.8378041043593164,3.1941281478698937,0.0,NO ALERT,NO ALERT,20260911,12
watershed,C04KRM36,Watershed C04KRM36,Krishna Basin,Krishna Middle,699.13292486,1.875,3.35426556700713,1.788941635737136,3.35426556700713,0.0,NO ALERT,NO ALERT,20260911,12
watershed,C04KRU01,Watershed C04KRU01,Krishna Basin,Krishna Upper,728.85081389,5.6875,2.34805725508765,0.41284523166376264,2.34805725508765,0.0,NO ALERT,NO ALERT,20260911,12
watershed,C04KRU02,Watershed C04KRU02,Krishna Basin,Krishna Upper,528.61541646,2.375,1.1823312110892714,0.49782366782706167,1.1823312110892714,0.0,NO ALERT,NO ALERT,20260911,12
watershed,C04KRU03,Watershed C04KRU03,Krishna Basin,Krishna Upper,598.36615443,2.5,2.8968741448162354,1.1587496579264942,2.8968741448162354,0.0,NO ALERT,NO ALERT,20260911,12
watershed,C04KRU04,Watershed C04KRU04,Krishna Basin,Krishna Upper,400.91724868,0.0,0.0,1.0,0.0,0.0,NO ALERT,NO ALERT,20260911,12
watershed,C04KRU05,Watershed C04KRU05,Krishna Basin,Krishna Upper,418.76487249,0.3125,0.7785788952079538,2.491452464665452,0.7785788952079538,0.0,NO ALERT,NO ALERT,20260911,12
watershed,C04KRU06,Watershed C04KRU06,Krishna Basin,Krishna Upper,714.73292838,0.5,3.1471464084435814,3.0,1.5,0.0,NO ALERT,NO ALERT,20260911,12
watershed,C04KRU07,Watershed C04KRU07,Krishna Basin,Krishna Upper,876.55961693,1.96875,2.697675160390057,1.3702477005155846,2.697675160390057,0.0,NO ALERT,NO ALERT,20260911,12
watershed,C04KRU08,Watershed C04KRU08,Krishna Basin,Krishna Upper,464.56692441,0.0,0.0,1.0,0.0,0.0,NO ALERT,NO ALERT,20260911,12
watershed,C04KRU09,Watershed C04KRU09,Krishna Basin,Krishna Upper,547.24020922,0.3125,2.5051602156807298,3.0,0.9375,0.0,NO ALERT,NO ALERT,20260911,12
watershed,C04KRU10,Watershed C04KRU10,Krishna Basin,Krishna Upper,651.46052272,0.125,1.7461030818828165,3.0,0.375,0.0,NO ALERT,NO ALERT,20260911,12
watershed,C04KRU11,Watershed C04KRU11,Krishna Basin,Krishna Upper,722.6065241,0.0,0.0,1.0,0.0,0.0,NO ALERT,NO ALERT,20260911,12
watershed,C04KRU12,Watershed C04KRU12,Krishna Basin,Krishna Upper,350.16957405,0.625,0.6909796777040991,1.1055674843265586,0.6909796777040991,0.0,NO ALERT,NO ALERT,20260911,12
watershed,C04KRU13,Watershed C04KRU13,Krishna Basin,Krishna Upper,476.87868657,0.0,0.0,1.0,0.0,0.0,NO ALERT,NO ALERT,20260911,12
watershed,C04KRU14,Watershed C04KRU14,Krishna Basin,Krishna Upper,476.06712869,0.0,0.0,1.0,0.0,0.0,NO ALERT,NO ALERT,20260911,12
watershed,C04KRU15,Watershed C04KRU15,Krishna Basin,Krishna Upper,486.10440818,0.0,1.4238662003654323,1.0,0.0,0.0,NO ALERT,NO ALERT,20260911,12
watershed,C04KRU16,Watershed C04KRU16,Krishna Basin,Krishna Upper,454.01816478,0.0,0.0,1.0,0.0,0.0,NO ALERT,NO ALERT,20260911,12
watershed,C04KRU17,Watershed C04KRU17,Krishna Basin,Krishna Upper,617.94647563,0.0,1.6836359725014804,1.0,0.0,0.0,NO ALERT,NO ALERT,20260911,12
watershed,C04KRU18,Watershed C04KRU18,Krishna Basin,Krishna Upper,416.56199691,0.0,0.0,1.0,0.0,0.0,NO ALERT,NO ALERT,20260911,12
watershed,C04KRU19,Watershed C04KRU19,Krishna Basin,Krishna Upper,648.5868375,0.9375,3.6652990694119505,3.0,2.8125,0.0,NO ALERT,NO ALERT,20260911,12
watershed,C04KRU20,Watershed C04KRU20,Krishna Basin,Krishna Upper,509.80616312,0.0,0.0,1.0,0.0,0.0,NO ALERT,NO ALERT,20260911,12
watershed,C04KRU21,Watershed C04KRU21,Krishna Basin,Krishna Upper,457.85438321,0.0,0.0,1.0,0.0,0.0,NO ALERT,NO ALERT,20260911,12
watershed,C04KRU22,Watershed C04KRU22,Krishna Basin,Krishna Upper,322.33227223,0.0625,1.4452054794520548,1.0,0.0625,0.0,NO ALERT,NO ALERT,20260911,12
watershed,C04KRU23,Watershed C04KRU23,Krishna Basin,Krishna Upper,559.62675781,0.0,2.195997317359872,1.0,0.0,0.0,NO ALERT,NO ALERT,20260911,12
watershed,C04KRU24,Watershed C04KRU24,Krishna Basin,Krishna Upper,531.77441884,0.5625,8.420801591383269,3.0,1.6875,0.0,NO ALERT,NO ALERT,20260911,12
watershed,C04KRU25,Watershed C04KRU25,Krishna Basin,Krishna Upper,1368.87007875,0.0625,2.069234423421017,1.0,0.0625,0.0,NO ALERT,NO ALERT,20260911,12
watershed,C04KRU26,Watershed C04KRU26,Krishna Basin,Krishna Upper,621.7294452,0.375,3.9994510283208875,3.0,1.125,0.0,NO ALERT,NO ALERT,20260911,12
watershed,C04KRU27,Watershed C04KRU27,Krishna Basin,Krishna Upper,777.04257176,0.5,3.1807399032458865,3.0,1.5,0.0,NO ALERT,NO ALERT,20260911,12
watershed,C04KRU28,Watershed C04KRU28,Krishna Basin,Krishna Upper,717.25405008,0.34375,4.798919801505869,3.0,1.03125,0.0,NO ALERT,NO ALERT,20260911,12
watershed,C04KRU29,Watershed C04KRU29,Krishna Basin,Krishna Upper,346.17319003,0.0,0.0,1.0,0.0,0.0,NO ALERT,NO ALERT,20260911,12
watershed,C04KRU30,Watershed C04KRU30,Krishna Basin,Krishna Upper,676.1263032,0.0,0.0,1.0,0.0,0.0,NO ALERT,NO ALERT,20260911,12
watershed,C04KRU31,Watershed C04KRU31,Krishna Basin,Krishna Upper,363.88122369,0.0,0.0,1.0,0.0,0.0,NO ALERT,NO ALERT,20260911,12
watershed,C04KRU32,Watershed C04KRU32,Krishna Basin,Krishna Upper,781.8367854,0.0,2.2953013641377016,1.0,0.0,0.0,NO ALERT,NO ALERT,20260911,12
watershed,C04KRU33,Watershed C04KRU33,Krishna Basin,Krishna Upper,782.00934619,0.125,1.2751552385010132,3.0,0.375,0.0,NO ALERT,NO ALERT,20260911,12
watershed,C04KRU34,Watershed C04KRU34,Krishna Basin,Krishna Upper,602.0081127,0.0625,2.1917017382709947,1.0,0.0625,0.0,NO ALERT,NO ALERT,20260911,12
watershed,C04KRU35,Watershed C04KRU35,Krishna Basin,Krishna Upper,493.3438334,0.125,2.0011776412186557,3.0,0.375,0.0,NO ALERT,NO ALERT,20260911,12
watershed,C04KRU36,Watershed C04KRU36,Krishna Basin,Krishna Upper,771.649716,0.0,1.6146850204426948,1.0,0.0,0.0,NO ALERT,NO ALERT,20260911,12
watershed,C04KRU37,Watershed C04KRU37,Krishna Basin,Krishna Upper,810.3028557,0.0625,1.7828154154428064,1.0,0.0625,0.0,NO ALERT,NO ALERT,20260911,12
watershed,C04KRU38,Watershed C04KRU38,Krishna Basin,Krishna Upper,733.54403074,0.0625,2.2371705619847937,1.0,0.0625,0.0,NO ALERT,NO ALERT,20260911,12
watershed,C04KRU39,Watershed C04KRU39,Krishna Basin,Krishna Upper,818.79425183,0.03125,2.133132208669431,1.0,0.03125,0.0,NO ALERT,NO ALERT,20260911,12
watershed,C04KRU40,Watershed C04KRU40,Krishna Basin,Krishna Upper,843.95452546,0.0,0.0,1.0,0.0,0.0,NO ALERT,NO ALERT,20260911,12
watershed,C04KRU41,Watershed C04KRU41,Krishna Basin,Krishna Upper,580.28662965,0.125,3.460008549547359,3.0,0.375,0.0,NO ALERT,NO ALERT,20260911,12
watershed,C04KRU42,Watershed C04KRU42,Krishna Basin,Krishna Upper,631.88650341,0.0,2.355042393546398,1.0,0.0,0.0,NO ALERT,NO ALERT,20260911,12
watershed,C04KRU43,Watershed C04KRU43,Krishna Basin,Krishna Upper,532.30391901,0.0,0.0,1.0,0.0,0.0,NO ALERT,NO ALERT,20260911,12
watershed,C04KRU44,Watershed C04KRU44,Krishna Basin,Krishna Upper,476.14277922,0.125,5.8026607695507675,3.0,0.375,0.0,NO ALERT,NO ALERT,20260911,12
watershed,C04KRU45,Watershed C04KRU45,Krishna Basin,Krishna Upper,345.18660931,0.0,0.0,1.0,0.0,0.0,NO ALERT,NO ALERT,20260911,12
watershed,C04KRU46,Watershed C04KRU46,Krishna Basin,Krishna Upper,432.46886081,0.0,0.0,1.0,0.0,0.0,NO ALERT,NO ALERT,20260911,12
watershed,C04KRU47,Watershed C04KRU47,Krishna Basin,Krishna Upper,567.37855222,0.0,2.547609725227095,1.0,0.0,0.0,NO ALERT,NO ALERT,20260911,12
watershed,C04KRU48,Watershed C04KRU48,Krishna Basin,Krishna Upper,656.64805988,0.0,2.346591453407317,1.0,0.0,0.0,NO ALERT,NO ALERT,20260911,12
watershed,C04KRU49,Watershed C04KRU49,Krishna Basin,Krishna Upper,388.77689503,0.0,0.0,1.0,0.0,0.0,NO ALERT,NO ALERT,20260911,12
watershed,C04KRU50,Watershed C04KRU50,Krishna Basin,Krishna Upper,687.15220099,0.0,2.130385899196749,1.0,0.0,0.0,NO ALERT,NO ALERT,20260911,12
watershed,C04KRU51,Watershed C04KRU51,Krishna Basin,Krishna Upper,503.53884597,0.0,1.7941622708758262,1.0,0.0,0.0,NO ALERT,NO ALERT,20260911,12
watershed,C04KRU52,Watershed C04KRU52,Krishna Basin,Krishna Upper,656.61647331,0.0,0.0,1.0,0.0,0.0,NO ALERT,NO ALERT,20260911,12
watershed,C04KRU53,Watershed C04KRU53,Krishna Basin,Krishna Upper,787.06175546,0.0,1.5085430225484993,1.0,0.0,0.0,NO ALERT,NO ALERT,20260911,12
watershed,C04KRU54,Watershed C04KRU54,Krishna Basin,Krishna Upper,680.86596459,0.0,2.1891853477856884,1.0,0.0,0.0,NO ALERT,NO ALERT,20260911,12
watershed,C04KRU55,Watershed C04KRU55,Krishna Basin,Krishna Upper,581.176061,0.0,2.555824514488651,1.0,0.0,0.0,NO ALERT,NO ALERT,20260911,12
watershed,C04KRU56,Watershed C04KRU56,Krishna Basin,Krishna Upper,760.55907553,0.0625,2.797231887342179,1.0,0.0625,0.0,NO ALERT,NO ALERT,20260911,12
watershed,C04KRU57,Watershed C04KRU57,Krishna Basin,Krishna Upper,680.72161673,0.0,2.4640477669157392,1.0,0.0,0.0,NO ALERT,NO ALERT,20260911,12
watershed,C04KRU58,Watershed C04KRU58,Krishna Basin,Krishna Upper,819.72886456,0.0,2.763101284410039,1.0,0.0,0.0,NO ALERT,NO ALERT,20260911,12
watershed,C04KRU59,Watershed C04KRU59,Krishna Basin,Krishna Upper,689.49079633,0.0,2.44176660020874,1.0,0.0,0.0,NO ALERT,NO ALERT,20260911,12
watershed,C04KRU60,Watershed C04KRU60,Krishna Basin,Krishna Upper,837.37106356,0.0,2.3430160155035047,1.0,0.0,0.0,NO ALERT,NO ALERT,20260911,12
watershed,C04KRU61,Watershed C04KRU61,Krishna Basin,Krishna Upper,913.52444845,0.0,2.589104345767465,1.0,0.0,0.0,NO ALERT,NO ALERT,20260911,12
watershed,C04KRU62,Watershed C04KRU62,Krishna Basin,Krishna Upper,670.13866716,0.0,2.126584856089664,1.0,0.0,0.0,NO ALERT,NO ALERT,20260911,12
watershed,C04KRU63,Watershed C04KRU63,Krishna Basin,Krishna Upper,807.30104944,0.0,2.510885998729157,1.0,0.0,0.0,NO ALERT,NO ALERT,20260911,12
watershed,C04KRU64,Watershed C04KRU64,Krishna Basin,Krishna Upper,592.76302849,0.0,2.6862884786643395,1.0,0.0,0.0,NO ALERT,NO ALERT,20260911,12
watershed,C04KRU65,Watershed C04KRU65,Krishna Basin,Krishna Upper,624.95819767,0.0,2.379787684915817,1.0,0.0,0.0,NO ALERT,NO ALERT,20260911,12
watershed,C04KRU66,Watershed C04KRU66,Krishna Basin,Krishna Upper,677.91114594,0.0,2.49123276698671,1.0,0.0,0.0,NO ALERT,NO ALERT,20260911,12
watershed,C04KRU67,Watershed C04KRU67,Krishna Basin,Krishna Upper,950.79206618,0.0,2.9209926759339355,1.0,0.0,0.0,NO ALERT,NO ALERT,20260911,12
watershed,C04KRU68,Watershed C04KRU68,Krishna Basin,Krishna Upper,630.25844417,0.03125,2.4933559193696877,1.0,0.03125,0.0,NO ALERT,NO ALERT,20260911,12
watershed,C04KRU69,Watershed C04KRU69,Krishna Basin,Krishna Upper,830.50293699,0.0,2.508519719214472,1.0,0.0,0.0,NO ALERT,NO ALERT,20260911,12
watershed,C04KRU70,Watershed C04KRU70,Krishna Basin,Krishna Upper,718.87113459,0.0,0.0,1.0,0.0,0.0,NO ALERT,NO ALERT,20260911,12
watershed,C04KRU71,Watershed C04KRU71,Krishna Basin,Krishna Upper,894.33906192,0.0,2.69928469170038,1.0,0.0,0.0,NO ALERT,NO ALERT,20260911,12
watershed,C04KRU72,Watershed C04KRU72,Krishna Basin,Krishna Upper,934.39653852,0.125,3.141678302347252,3.0,0.375,0.0,NO ALERT,NO ALERT,20260911,12
watershed,C04KRU73,Watershed C04KRU73,Krishna Basin,Krishna Upper,884.62531246,0.0,2.666670635342598,1.0,0.0,0.0,NO ALERT,NO ALERT,20260911,12
watershed,C04KRU74,Watershed C04KRU74,Krishna Basin,Krishna Upper,505.04607585,0.03125,2.279135400271171,1.0,0.03125,0.0,NO ALERT,NO ALERT,20260911,12
watershed,C04KRU75,Watershed C04KRU75,Krishna Basin,Krishna Upper,458.81204556,0.375,2.7884185239876786,3.0,1.125,0.0,NO ALERT,NO ALERT,20260911,12
watershed,C04KRU76,Watershed C04KRU76,Krishna Basin,Krishna Upper,766.66212742,0.6875,2.7617127028842496,3.0,2.0625,0.0,NO ALERT,NO ALERT,20260911,12
watershed,C04KRU77,Watershed C04KRU77,Krishna Basin,Krishna Upper,849.1186797,0.4375,2.865747123834205,3.0,1.3125,0.0,NO ALERT,NO ALERT,20260911,12
watershed,C04KRU79,Watershed C04KRU79,Krishna Basin,Krishna Upper,469.82352831,0.0,0.0,1.0,0.0,0.0,NO ALERT,NO ALERT,20260911,12
watershed,C04KRU80,Watershed C04KRU80,Krishna Basin,Krishna Upper,711.57124633,0.0625,2.510725481787773,1.0,0.0625,0.0,NO ALERT,NO ALERT,20260911,12
watershed,C04KRU81,Watershed C04KRU81,Krishna Basin,Krishna Upper,633.21294802,0.0625,2.5786143415594753,1.0,0.0625,0.0,NO ALERT,NO ALERT,20260911,12
watershed,C04KRU82,Watershed C04KRU82,Krishna Basin,Krishna Upper,963.80420645,0.4375,2.95413281380722,3.0,1.3125,0.0,NO ALERT,NO ALERT,20260911,12
watershed,C04KRU83,Watershed C04KRU83,Krishna Basin,Krishna Upper,1459.70602925,0.125,3.6274777342399505,3.0,0.375,0.0,NO ALERT,NO ALERT,20260911,12
watershed,C04KRU85,Watershed C04KRU85,Krishna Basin,Krishna Upper,792.34144841,0.125,2.38443750702355,3.0,0.375,0.0,NO ALERT,NO ALERT,20260911,12
watershed,C04TUL01,Watershed C04TUL01,Krishna Basin,Tungabhadra Lower,836.4586403,0.0,2.140785876651333,1.0,0.0,0.0,NO ALERT,NO ALERT,20260911,12
watershed,C04TUL02,Watershed C04TUL02,Krishna Basin,Tungabhadra Lower,725.020483,0.0,2.2985978710324795,1.0,0.0,0.0,NO ALERT,NO ALERT,20260911,12
watershed,C04TUL03,Watershed C04TUL03,Krishna Basin,Tungabhadra Lower,859.95569221,0.0,1.814921578601615,1.0,0.0,0.0,NO ALERT,NO ALERT,20260911,12
watershed,C04TUL04,Watershed C04TUL04,Krishna Basin,Tungabhadra Lower,830.3912954,0.0,2.0215096184243895,1.0,0.0,0.0,NO ALERT,NO ALERT,20260911,12
watershed,C04TUL05,Watershed C04TUL05,Krishna Basin,Tungabhadra Lower,966.31831991,0.0,1.8324452261402182,1.0,0.0,0.0,NO ALERT,NO ALERT,20260911,12
watershed,C04TUL06,Watershed C04TUL06,Krishna Basin,Tungabhadra Lower,687.84160977,0.0,0.0,1.0,0.0,0.0,NO ALERT,NO ALERT,20260911,12
watershed,C04TUL07,Watershed C04TUL07,Krishna Basin,Tungabhadra Lower,499.48150002,0.0,1.8015707932922937,1.0,0.0,0.0,NO ALERT,NO ALERT,20260911,12
watershed,C04TUL08,Watershed C04TUL08,Krishna Basin,Tungabhadra Lower,972.81722796,0.0,2.303192049305733,1.0,0.0,0.0,NO ALERT,NO ALERT,20260911,12
watershed,C04TUL09,Watershed C04TUL09,Krishna Basin,Tungabhadra Lower,874.09275441,0.0,1.8971269447305432,1.0,0.0,0.0,NO ALERT,NO ALERT,20260911,12
watershed,C04TUL10,Watershed C04TUL10,Krishna Basin,Tungabhadra Lower,539.41317471,0.0,1.5492298500995114,1.0,0.0,0.0,NO ALERT,NO ALERT,20260911,12
watershed,C04TUL11,Watershed C04TUL11,Krishna Basin,Tungabhadra Lower,507.69203844,0.0,2.0877053616185712,1.0,0.0,0.0,NO ALERT,NO ALERT,20260911,12
watershed,C04TUL12,Watershed C04TUL12,Krishna Basin,Tungabhadra Lower,766.5654897,0.0,1.905629900546923,1.0,0.0,0.0,NO ALERT,NO ALERT,20260911,12
watershed,C04TUL13,Watershed C04TUL13,Krishna Basin,Tungabhadra Lower,855.38299592,0.0,1.825512936180585,1.0,0.0,0.0,NO ALERT,NO ALERT,20260911,12
watershed,C04TUL14,Watershed C04TUL14,Krishna Basin,Tungabhadra Lower,808.22301514,0.0,1.3723408218524227,1.0,0.0,0.0,NO ALERT,NO ALERT,20260911,12
watershed,C04TUL15,Watershed C04TUL15,Krishna Basin,Tungabhadra Lower,689.89954621,0.0,1.6175523801617426,1.0,0.0,0.0,NO ALERT,NO ALERT,20260911,12
watershed,C04TUL16,Watershed C04TUL16,Krishna Basin,Tungabhadra Lower,903.87350604,0.0,2.0303419806369365,1.0,0.0,0.0,NO ALERT,NO ALERT,20260911,12
watershed,C04TUL17,Watershed C04TUL17,Krishna Basin,Tungabhadra Lower,954.0355079,0.0,1.9703049139617241,1.0,0.0,0.0,NO ALERT,NO ALERT,20260911,12
watershed,C04TUL18,Watershed C04TUL18,Krishna Basin,Tungabhadra Lower,728.69656478,0.0,1.8662119563924122,1.0,0.0,0.0,NO ALERT,NO ALERT,20260911,12
watershed,C04TUL19,Watershed C04TUL19,Krishna Basin,Tungabhadra Lower,399.19775876,0.0,0.0,1.0,0.0,0.0,NO ALERT,NO ALERT,20260911,12
watershed,C04TUL20,Watershed C04TUL20,Krishna Basin,Tungabhadra Lower,805.52140058,0.0,1.9963192802177716,1.0,0.0,0.0,NO ALERT,NO ALERT,20260911,12
watershed,C04TUL21,Watershed C04TUL21,Krishna Basin,Tungabhadra Lower,474.29212349,0.0,0.0,1.0,0.0,0.0,NO ALERT,NO ALERT,20260911,12
watershed,C04TUL22,Watershed C04TUL22,Krishna Basin,Tungabhadra Lower,732.1621158,0.0,2.436061884707784,1.0,0.0,0.0,NO ALERT,NO ALERT,20260911,12
watershed,C04TUL23,Watershed C04TUL23,Krishna Basin,Tungabhadra Lower,920.98978743,0.0,1.6977427046388796,1.0,0.0,0.0,NO ALERT,NO ALERT,20260911,12
watershed,C04TUL24,Watershed C04TUL24,Krishna Basin,Tungabhadra Lower,749.15270649,0.0,1.6542942188782235,1.0,0.0,0.0,NO ALERT,NO ALERT,20260911,12
watershed,C04TUL25,Watershed C04TUL25,Krishna Basin,Tungabhadra Lower,843.70097641,0.0,0.0,1.0,0.0,0.0,NO ALERT,NO ALERT,20260911,12
watershed,C04TUL26,Watershed C04TUL26,Krishna Basin,Tungabhadra Lower,568.35885234,0.0,1.8136971192817166,1.0,0.0,0.0,NO ALERT,NO ALERT,20260911,12
watershed,C04TUL27,Watershed C04TUL27,Krishna Basin,Tungabhadra Lower,956.0996758,0.0,2.190095545484187,1.0,0.0,0.0,NO ALERT,NO ALERT,20260911,12
watershed,C04TUL28,Watershed C04TUL28,Krishna Basin,Tungabhadra Lower,965.99883776,0.0,2.298193200197938,1.0,0.0,0.0,NO ALERT,NO ALERT,20260911,12
watershed,C04TUL29,Watershed C04TUL29,Krishna Basin,Tungabhadra Lower,547.08332138,0.0,2.2739380725238423,1.0,0.0,0.0,NO ALERT,NO ALERT,20260911,12
watershed,C04TUL30,Watershed C04TUL30,Krishna Basin,Tungabhadra Lower,623.60032153,0.0,0.0,1.0,0.0,0.0,NO ALERT,NO ALERT,20260911,12
watershed,C04TUL31,Watershed C04TUL31,Krishna Basin,Tungabhadra Lower,590.82787931,0.0,2.032116216033289,1.0,0.0,0.0,NO ALERT,NO ALERT,20260911,12
watershed,C04TUL32,Watershed C04TUL32,Krishna Basin,Tungabhadra Lower,975.83547192,0.0,0.0,1.0,0.0,0.0,NO ALERT,NO ALERT,20260911,12
watershed,C04TUL33,Watershed C04TUL33,Krishna Basin,Tungabhadra Lower,712.77166258,0.1875,2.044732482649692,3.0,0.5625,0.0,NO ALERT,NO ALERT,20260911,12
watershed,C04TUL34,Watershed C04TUL34,Krishna Basin,Tungabhadra Lower,451.81534158,0.0625,2.9124247969217496,1.0,0.0625,0.0,NO ALERT,NO ALERT,20260911,12
watershed,C04TUL35,Watershed C04TUL35,Krishna Basin,Tungabhadra Lower,556.93474671,0.03125,2.1437819577549417,1.0,0.03125,0.0,NO ALERT,NO ALERT,20260911,12
watershed,C04TUL36,Watershed C04TUL36,Krishna Basin,Tungabhadra Lower,397.29436761,0.0,2.0463979704739295,1.0,0.0,0.0,NO ALERT,NO ALERT,20260911,12
watershed,C04TUL37,Watershed C04TUL37,Krishna Basin,Tungabhadra Lower,784.76681938,0.125,3.1516473874653856,3.0,0.375,0.0,NO ALERT,NO ALERT,20260911,12
watershed,C04TUL38,Watershed C04TUL38,Krishna Basin,Tungabhadra Lower,749.67514246,0.0,2.0628923400215906,1.0,0.0,0.0,NO ALERT,NO ALERT,20260911,12
watershed,C04TUL39,Watershed C04TUL39,Krishna Basin,Tungabhadra Lower,646.59937307,0.0,0.0,1.0,0.0,0.0,NO ALERT,NO ALERT,20260911,12
watershed,C04TUL40,Watershed C04TUL40,Krishna Basin,Tungabhadra Lower,503.44125638,0.03125,2.6146447300706823,1.0,0.03125,0.0,NO ALERT,NO ALERT,20260911,12
watershed,C04TUL41,Watershed C04TUL41,Krishna Basin,Tungabhadra Lower,864.94023772,0.0,2.3211611983404588,1.0,0.0,0.0,NO ALERT,NO ALERT,20260911,12
watershed,C04TUL42,Watershed C04TUL42,Krishna Basin,Tungabhadra Lower,473.21201967,0.0,0.0,1.0,0.0,0.0,NO ALERT,NO ALERT,20260911,12
watershed,C04TUL43,Watershed C04TUL43,Krishna Basin,Tungabhadra Lower,775.93872831,0.0,2.3960585135507255,1.0,0.0,0.0,NO ALERT,NO ALERT,20260911,12
watershed,C04TUL44,Watershed C04TUL44,Krishna Basin,Tungabhadra Lower,707.60438287,0.0,2.6516609258847694,1.0,0.0,0.0,NO ALERT,NO ALERT,20260911,12
watershed,C04TUL45,Watershed C04TUL45,Krishna Basin,Tungabhadra Lower,656.55540136,0.0,0.0,1.0,0.0,0.0,NO ALERT,NO ALERT,20260911,12
watershed,C04TUL46,Watershed C04TUL46,Krishna Basin,Tungabhadra Lower,698.74679579,0.0,2.5033923815782755,1.0,0.0,0.0,NO ALERT,NO ALERT,20260911,12
watershed,C04TUL47,Watershed C04TUL47,Krishna Basin,Tungabhadra Lower,617.17105653,0.0,0.0,1.0,0.0,0.0,NO ALERT,NO ALERT,20260911,12
watershed,C04TUL48,Watershed C04TUL48,Krishna Basin,Tungabhadra Lower,547.02572135,0.0,2.5615635316869985,1.0,0.0,0.0,NO ALERT,NO ALERT,20260911,12
watershed,C04TUL49,Watershed C04TUL49,Krishna Basin,Tungabhadra Lower,497.70476547,0.0,2.4523421231810363,1.0,0.0,0.0,NO ALERT,NO ALERT,20260911,12
watershed,C04TUL50,Watershed C04TUL50,Krishna Basin,Tungabhadra Lower,357.51403379,0.0,0.0,1.0,0.0,0.0,NO ALERT,NO ALERT,20260911,12
watershed,C04TUL51,Watershed C04TUL51,Krishna Basin,Tungabhadra Lower,500.06187641,0.0,2.7582361189061646,1.0,0.0,0.0,NO ALERT,NO ALERT,20260911,12
watershed,C04TUL52,Watershed C04TUL52,Krishna Basin,Tungabhadra Lower,431.85196428,0.0,2.265976817171051,1.0,0.0,0.0,NO ALERT,NO ALERT,20260911,12
watershed,C04TUL53,Watershed C04TUL53,Krishna Basin,Tungabhadra Lower,830.75177394,0.0625,2.6076444906118796,1.0,0.0625,0.0,NO ALERT,NO ALERT,20260911,12
watershed,C04TUL54,Watershed C04TUL54,Krishna Basin,Tungabhadra Lower,623.35971937,0.0625,2.4838371320538326,1.0,0.0625,0.0,NO ALERT,NO ALERT,20260911,12
watershed,C04TUL55,Watershed C04TUL55,Krishna Basin,Tungabhadra Lower,858.52726628,0.0,2.1700351673446288,1.0,0.0,0.0,NO ALERT,NO ALERT,20260911,12
watershed,C04TUL56,Watershed C04TUL56,Krishna Basin,Tungabhadra Lower,972.28772766,0.03125,2.338253984590099,1.0,0.03125,0.0,NO ALERT,NO ALERT,20260911,12
watershed,C04TUL57,Watershed C04TUL57,Krishna Basin,Tungabhadra Lower,823.04537843,0.0,0.0,1.0,0.0,0.0,NO ALERT,NO ALERT,20260911,12
watershed,C04TUL58,Watershed C04TUL58,Krishna Basin,Tungabhadra Lower,840.94278958,0.0,2.3544818870212936,1.0,0.0,0.0,NO ALERT,NO ALERT,20260911,12
watershed,C04TUL59,Watershed C04TUL59,Krishna Basin,Tungabhadra Lower,516.9637808,0.0,0.0,1.0,0.0,0.0,NO ALERT,NO ALERT,20260911,12
watershed,C04TUU01,Watershed C04TUU01,Krishna Basin,Tungabhadra Upper,508.62792797,0.1875,10.497458016749931,3.0,0.5625,0.0,NO ALERT,NO ALERT,20260911,12
watershed,C04TUU02,Watershed C04TUU02,Krishna Basin,Tungabhadra Upper,601.8913044,0.0625,7.986022251987294,1.0,0.0625,0.0,NO ALERT,NO ALERT,20260911,12
watershed,C04TUU03,Watershed C04TUU03,Krishna Basin,Tungabhadra Upper,923.94223906,0.0,3.7387131343047098,1.0,0.0,0.0,NO ALERT,NO ALERT,20260911,12
watershed,C04TUU04,Watershed C04TUU04,Krishna Basin,Tungabhadra Upper,808.7557786,0.0,2.574494433729616,1.0,0.0,0.0,NO ALERT,NO ALERT,20260911,12
watershed,C04TUU05,Watershed C04TUU05,Krishna Basin,Tungabhadra Upper,557.25727133,0.0,2.3461306952858623,1.0,0.0,0.0,NO ALERT,NO ALERT,20260911,12
watershed,C04TUU06,Watershed C04TUU06,Krishna Basin,Tungabhadra Upper,636.88469989,0.0,0.0,1.0,0.0,0.0,NO ALERT,NO ALERT,20260911,12
watershed,C04TUU07,Watershed C04TUU07,Krishna Basin,Tungabhadra Upper,758.94367234,0.09375,8.985030809738864,1.0,0.09375,0.0,NO ALERT,NO ALERT,20260911,12
watershed,C04TUU08,Watershed C04TUU08,Krishna Basin,Tungabhadra Upper,702.33375017,0.0,0.0,1.0,0.0,0.0,NO ALERT,NO ALERT,20260911,12
watershed,C04TUU09,Watershed C04TUU09,Krishna Basin,Tungabhadra Upper,853.22279397,0.0,2.752240598691653,1.0,0.0,0.0,NO ALERT,NO ALERT,20260911,12
watershed,C04TUU10,Watershed C04TUU10,Krishna Basin,Tungabhadra Upper,833.93935303,0.0,0.0,1.0,0.0,0.0,NO ALERT,NO ALERT,20260911,12
watershed,C04TUU11,Watershed C04TUU11,Krishna Basin,Tungabhadra Upper,520.17282907,0.0,0.0,1.0,0.0,0.0,NO ALERT,NO ALERT,20260911,12
watershed,C04TUU12,Watershed C04TUU12,Krishna Basin,Tungabhadra Upper,413.86457389,0.0,3.4207005346474584,1.0,0.0,0.0,NO ALERT,NO ALERT,20260911,12
watershed,C04TUU13,Watershed C04TUU13,Krishna Basin,Tungabhadra Upper,756.14867471,0.0,0.0,1.0,0.0,0.0,NO ALERT,NO ALERT,20260911,12
watershed,C04TUU14,Watershed C04TUU14,Krishna Basin,Tungabhadra Upper,478.31176709,0.0,2.2745753844306895,1.0,0.0,0.0,NO ALERT,NO ALERT,20260911,12
watershed,C04TUU15,Watershed C04TUU15,Krishna Basin,Tungabhadra Upper,690.46817013,0.0,2.248600173210853,1.0,0.0,0.0,NO ALERT,NO ALERT,20260911,12
watershed,C04TUU16,Watershed C04TUU16,Krishna Basin,Tungabhadra Upper,667.22499098,0.0,2.071763059435642,1.0,0.0,0.0,NO ALERT,NO ALERT,20260911,12
watershed,C04TUU17,Watershed C04TUU17,Krishna Basin,Tungabhadra Upper,551.55856045,0.0,2.0831009233651097,1.0,0.0,0.0,NO ALERT,NO ALERT,20260911,12
watershed,C04TUU18,Watershed C04TUU18,Krishna Basin,Tungabhadra Upper,641.39049094,0.0,2.3286890023987588,1.0,0.0,0.0,NO ALERT,NO ALERT,20260911,12
watershed,C04TUU19,Watershed C04TUU19,Krishna Basin,Tungabhadra Upper,664.1050378,0.0,0.0,1.0,0.0,0.0,NO ALERT,NO ALERT,20260911,12
watershed,C04TUU20,Watershed C04TUU20,Krishna Basin,Tungabhadra Upper,876.52791322,0.0,2.370990452078516,1.0,0.0,0.0,NO ALERT,NO ALERT,20260911,12
watershed,C04TUU21,Watershed C04TUU21,Krishna Basin,Tungabhadra Upper,507.91710575,0.0,2.4089566633717654,1.0,0.0,0.0,NO ALERT,NO ALERT,20260911,12
watershed,C04TUU22,Watershed C04TUU22,Krishna Basin,Tungabhadra Upper,823.26825575,0.0,4.981585133136952,1.0,0.0,0.0,NO ALERT,NO ALERT,20260911,12
watershed,C04TUU23,Watershed C04TUU23,Krishna Basin,Tungabhadra Upper,562.73910122,0.0625,4.4335377926491715,1.0,0.0625,0.0,NO ALERT,NO ALERT,20260911,12
watershed,C04TUU24,Watershed C04TUU24,Krishna Basin,Tungabhadra Upper,705.52615504,0.0,0.0,1.0,0.0,0.0,NO ALERT,NO ALERT,20260911,12
watershed,C04TUU25,Watershed C04TUU25,Krishna Basin,Tungabhadra Upper,587.18832739,0.0625,3.490722352286724,1.0,0.0625,0.0,NO ALERT,NO ALERT,20260911,12
watershed,C04TUU26,Watershed C04TUU26,Krishna Basin,Tungabhadra Upper,761.20093364,0.0,2.602274661143757,1.0,0.0,0.0,NO ALERT,NO ALERT,20260911,12
watershed,C04TUU27,Watershed C04TUU27,Krishna Basin,Tungabhadra Upper,446.92413175,0.0,0.0,1.0,0.0,0.0,NO ALERT,NO ALERT,20260911,12
watershed,C04TUU28,Watershed C04TUU28,Krishna Basin,Tungabhadra Upper,734.8257137,0.0,2.3296578604064577,1.0,0.0,0.0,NO ALERT,NO ALERT,20260911,12
watershed,C04TUU29,Watershed C04TUU29,Krishna Basin,Tungabhadra Upper,557.78134862,0.0,2.048219122921359,1.0,0.0,0.0,NO ALERT,NO ALERT,20260911,12
watershed,C04TUU30,Watershed C04TUU30,Krishna Basin,Tungabhadra Upper,650.31434514,0.0,0.0,1.0,0.0,0.0,NO ALERT,NO ALERT,20260911,12
watershed,C04TUU31,Watershed C04TUU31,Krishna Basin,Tungabhadra Upper,737.82267364,0.0,1.630125604345374,1.0,0.0,0.0,NO ALERT,NO ALERT,20260911,12
watershed,C04TUU32,Watershed C04TUU32,Krishna Basin,Tungabhadra Upper,425.40208676,0.0,0.0,1.0,0.0,0.0,NO ALERT,NO ALERT,20260911,12
watershed,C04TUU33,Watershed C04TUU33,Krishna Basin,Tungabhadra Upper,568.8251444,0.0,2.1633567467740136,1.0,0.0,0.0,NO ALERT,NO ALERT,20260911,12
watershed,C04TUU34,Watershed C04TUU34,Krishna Basin,Tungabhadra Upper,798.76471391,0.0625,1.8231337393799874,1.0,0.0625,0.0,NO ALERT,NO ALERT,20260911,12
watershed,C04TUU35,Watershed C04TUU35,Krishna Basin,Tungabhadra Upper,921.23586486,0.0,2.4803578181626045,1.0,0.0,0.0,NO ALERT,NO ALERT,20260911,12
watershed,C04TUU36,Watershed C04TUU36,Krishna Basin,Tungabhadra Upper,384.28103687,0.0625,2.282573984502113,1.0,0.0625,0.0,NO ALERT,NO ALERT,20260911,12
watershed,C04TUU37,Watershed C04TUU37,Krishna Basin,Tungabhadra Upper,572.04641987,0.0,0.0,1.0,0.0,0.0,NO ALERT,NO ALERT,20260911,12
watershed,C04TUU38,Watershed C04TUU38,Krishna Basin,Tungabhadra Upper,347.82179492,0.375,2.3156923922365658,3.0,1.125,0.0,NO ALERT,NO ALERT,20260911,12
watershed,C04TUU39,Watershed C04TUU39,Krishna Basin,Tungabhadra Upper,331.59987342,0.0,0.0,1.0,0.0,0.0,NO ALERT,NO ALERT,20260911,12
watershed,C04TUU40,Watershed C04TUU40,Krishna Basin,Tungabhadra Upper,510.57447941,0.0,2.49818645095172,1.0,0.0,0.0,NO ALERT,NO ALERT,20260911,12
watershed,C04TUU41,Watershed C04TUU41,Krishna Basin,Tungabhadra Upper,479.8219509,0.0,0.0,1.0,0.0,0.0,NO ALERT,NO ALERT,20260911,12
watershed,C04TUU42,Watershed C04TUU42,Krishna Basin,Tungabhadra Upper,527.70158467,0.03125,2.206608051459675,1.0,0.03125,0.0,NO ALERT,NO ALERT,20260911,12
watershed,C04TUU43,Watershed C04TUU43,Krishna Basin,Tungabhadra Upper,739.34028062,0.0,0.0,1.0,0.0,0.0,NO ALERT,NO ALERT,20260911,12
watershed,C04TUU44,Watershed C04TUU44,Krishna Basin,Tungabhadra Upper,646.40167351,0.0,2.3552045731511835,1.0,0.0,0.0,NO ALERT,NO ALERT,20260911,12
watershed,C04TUU45,Watershed C04TUU45,Krishna Basin,Tungabhadra Upper,744.51264275,0.0,3.0089759179990585,1.0,0.0,0.0,NO ALERT,NO ALERT,20260911,12
watershed,C05CAL01,Watershed C05CAL01,Cauvery Basin,Cauvery Lower,403.20578821,0.0,0.0,1.0,0.0,0.0,NO ALERT,NO ALERT,20260911,12
watershed,C05CAL02,Watershed C05CAL02,Cauvery Basin,Cauvery Lower,733.63897195,0.71875,1.1936177701982733,1.6606855933193367,1.1936177701982733,0.0,NO ALERT,NO ALERT,20260911,12
watershed,C05CAL03,Watershed C05CAL03,Cauvery Basin,Cauvery Lower,637.56130872,0.75,1.5423226676983377,2.0564302235977836,1.5423226676983377,0.0,NO ALERT,NO ALERT,20260911,12
watershed,C05CAL04,Watershed C05CAL04,Cauvery Basin,Cauvery Lower,451.75087924,0.0,0.0,1.0,0.0,0.0,NO ALERT,NO ALERT,20260911,12
watershed,C05CAL05,Watershed C05CAL05,Cauvery Basin,Cauvery Lower,440.32190175,2.5625,2.626652550860627,1.0250351417992691,2.6266525508606273,0.0,NO ALERT,NO ALERT,20260911,12
watershed,C05CAL06,Watershed C05CAL06,Cauvery Basin,Cauvery Lower,754.39703637,0.5,2.124635916703368,3.0,1.5,0.0,NO ALERT,NO ALERT,20260911,12
watershed,C05CAL07,Watershed C05CAL07,Cauvery Basin,Cauvery Lower,708.66107278,1.3125,1.8690779855194157,1.4240594175386025,1.8690779855194157,0.0,NO ALERT,NO ALERT,20260911,12
watershed,C05CAL08,Watershed C05CAL08,Cauvery Basin,Cauvery Lower,802.94003037,0.0,0.0,1.0,0.0,0.0,NO ALERT,NO ALERT,20260911,12
watershed,C05CAL09,Watershed C05CAL09,Cauvery Basin,Cauvery Lower,678.41221727,0.6875,1.4976345626254604,2.178377545637033,1.4976345626254604,0.0,NO ALERT,NO ALERT,20260911,12
watershed,C05CAL10,Watershed C05CAL10,Cauvery Basin,Cauvery Lower,767.17115284,0.25,3.0854962212786283,3.0,0.75,0.0,NO ALERT,NO ALERT,20260911,12
watershed,C05CAL11,Watershed C05CAL11,Cauvery Basin,Cauvery Lower,1428.76403769,0.6875,2.865065119242015,3.0,2.0625,0.0,NO ALERT,NO ALERT,20260911,12
watershed,C05CAL12,Watershed C05CAL12,Cauvery Basin,Cauvery Lower,465.4314907,0.125,3.4729428486464773,3.0,0.375,0.0,NO ALERT,NO ALERT,20260911,12
watershed,C05CAL13,Watershed C05CAL13,Cauvery Basin,Cauvery Lower,485.63057867,0.0,0.0,1.0,0.0,0.0,NO ALERT,NO ALERT,20260911,12
watershed,C05CAL15,Watershed C05CAL15,Cauvery Basin,Cauvery Lower,644.27196931,0.25,3.9527675033840413,3.0,0.75,0.0,NO ALERT,NO ALERT,20260911,12
watershed,C05CAL16,Watershed C05CAL16,Cauvery Basin,Cauvery Lower,736.48067408,6.625,4.204700622819875,0.6346717921237547,4.204700622819875,0.0,NO ALERT,NO ALERT,20260911,12
watershed,C05CAL17,Watershed C05CAL17,Cauvery Basin,Cauvery Lower,979.20313298,2.5625,4.985199968251464,1.9454438900493516,4.985199968251464,0.0,NO ALERT,NO ALERT,20260911,12
watershed,C05CAL18,Watershed C05CAL18,Cauvery Basin,Cauvery Lower,547.11041863,0.0,0.0,1.0,0.0,0.0,NO ALERT,NO ALERT,20260911,12
watershed,C05CAL19,Watershed C05CAL19,Cauvery Basin,Cauvery Lower,320.6990125,0.375,2.8741634089652806,3.0,1.125,0.0,NO ALERT,NO ALERT,20260911,12
watershed,C05CAL20,Watershed C05CAL20,Cauvery Basin,Cauvery Lower,520.05606939,2.0625,4.425643626590298,2.1457666068316597,4.425643626590298,0.0,NO ALERT,NO ALERT,20260911,12
watershed,C05CAL21,Watershed C05CAL21,Cauvery Basin,Cauvery Lower,757.79624981,0.6875,4.697477745856732,3.0,2.0625,0.0,NO ALERT,NO ALERT,20260911,12
watershed,C05CAL22,Watershed C05CAL22,Cauvery Basin,Cauvery Lower,755.47231516,0.0,0.0,1.0,0.0,0.0,NO ALERT,NO ALERT,20260911,12
watershed,C05CAL23,Watershed C05CAL23,Cauvery Basin,Cauvery Lower,568.52031151,1.25,4.517955868742237,3.0,3.75,0.0,NO ALERT,NO ALERT,20260911,12
watershed,C05CAL24,Watershed C05CAL24,Cauvery Basin,Cauvery Lower,585.24293853,0.0,0.0,1.0,0.0,0.0,NO ALERT,NO ALERT,20260911,12
watershed,C05CAL25,Watershed C05CAL25,Cauvery Basin,Cauvery Lower,564.65005832,3.4375,3.8618398611880327,1.1234443232547004,3.8618398611880327,0.0,NO ALERT,NO ALERT,20260911,12
watershed,C05CAL26,Watershed C05CAL26,Cauvery Basin,Cauvery Lower,672.23284596,0.0,0.0,1.0,0.0,0.0,NO ALERT,NO ALERT,20260911,12
watershed,C05CAL27,Watershed C05CAL27,Cauvery Basin,Cauvery Lower,396.23822826,0.0,0.0,1.0,0.0,0.0,NO ALERT,NO ALERT,20260911,12
watershed,C05CAL28,Watershed C05CAL28,Cauvery Basin,Cauvery Lower,580.58795086,2.75,4.640312108887385,1.6873862214135946,4.640312108887385,0.0,NO ALERT,NO ALERT,20260911,12
watershed,C05CAM01,Watershed C05CAM01,Cauvery Basin,Cauvery Middle,870.84920362,0.0,2.3680201200589743,1.0,0.0,0.0,NO ALERT,NO ALERT,20260911,12
watershed,C05CAM02,Watershed C05CAM02,Cauvery Basin,Cauvery Middle,504.80275845,0.0,2.678532955662845,1.0,0.0,0.0,NO ALERT,NO ALERT,20260911,12
watershed,C05CAM03,Watershed C05CAM03,Cauvery Basin,Cauvery Middle,763.85815464,0.0,2.509963642448595,1.0,0.0,0.0,NO ALERT,NO ALERT,20260911,12
watershed,C05CAM04,Watershed C05CAM04,Cauvery Basin,Cauvery Middle,492.33098364,0.0,2.5336835563795206,1.0,0.0,0.0,NO ALERT,NO ALERT,20260911,12
watershed,C05CAM05,Watershed C05CAM05,Cauvery Basin,Cauvery Middle,787.24230295,0.0,0.0,1.0,0.0,0.0,NO ALERT,NO ALERT,20260911,12
watershed,C05CAM06,Watershed C05CAM06,Cauvery Basin,Cauvery Middle,681.93035704,0.0,2.4898936871796438,1.0,0.0,0.0,NO ALERT,NO ALERT,20260911,12
watershed,C05CAM07,Watershed C05CAM07,Cauvery Basin,Cauvery Middle,741.80688577,0.0,2.2921411559189835,1.0,0.0,0.0,NO ALERT,NO ALERT,20260911,12
watershed,C05CAM08,Watershed C05CAM08,Cauvery Basin,Cauvery Middle,931.97475963,0.0,5.191027455195172,1.0,0.0,0.0,NO ALERT,NO ALERT,20260911,12
watershed,C05CAM09,Watershed C05CAM09,Cauvery Basin,Cauvery Middle,785.14813465,0.0,2.666664682226638,1.0,0.0,0.0,NO ALERT,NO ALERT,20260911,12
watershed,C05CAM10,Watershed C05CAM10,Cauvery Basin,Cauvery Middle,806.03664333,0.0,0.0,1.0,0.0,0.0,NO ALERT,NO ALERT,20260911,12
watershed,C05CAM11,Watershed C05CAM11,Cauvery Basin,Cauvery Middle,598.58836533,0.0,1.9620964057233237,1.0,0.0,0.0,NO ALERT,NO ALERT,20260911,12
watershed,C05CAM12,Watershed C05CAM12,Cauvery Basin,Cauvery Middle,677.11499848,0.0625,1.3909128122950254,1.0,0.0625,0.0,NO ALERT,NO ALERT,20260911,12
watershed,C05CAM13,Watershed C05CAM13,Cauvery Basin,Cauvery Middle,849.73258286,3.5625,5.2727651803460835,1.4800744365883742,5.2727651803460835,0.0,NO ALERT,NO ALERT,20260911,12
watershed,C05CAM14,Watershed C05CAM14,Cauvery Basin,Cauvery Middle,623.72865393,0.0,0.0,1.0,0.0,0.0,NO ALERT,NO ALERT,20260911,12
watershed,C05CAM15,Watershed C05CAM15,Cauvery Basin,Cauvery Middle,703.28857459,2.03125,3.8578825697813133,1.8992652651231081,3.8578825697813133,0.0,NO ALERT,NO ALERT,20260911,12
watershed,C05CAM16,Watershed C05CAM16,Cauvery Basin,Cauvery Middle,579.27062582,0.0,0.0,1.0,0.0,0.0,NO ALERT,NO ALERT,20260911,12
watershed,C05CAM17,Watershed C05CAM17,Cauvery Basin,Cauvery Middle,682.98158419,0.125,2.081329381649625,3.0,0.375,0.0,NO ALERT,NO ALERT,20260911,12
watershed,C05CAM18,Watershed C05CAM18,Cauvery Basin,Cauvery Middle,739.26236288,0.0,0.0,1.0,0.0,0.0,NO ALERT,NO ALERT,20260911,12
watershed,C05CAM19,Watershed C05CAM19,Cauvery Basin,Cauvery Middle,550.74895359,2.3125,2.0725372687492465,0.8962323324321065,2.0725372687492465,0.0,NO ALERT,NO ALERT,20260911,12
watershed,C05CAM20,Watershed C05CAM20,Cauvery Basin,Cauvery Middle,775.13308724,1.6875,2.6813585130319204,1.5889531929078047,2.6813585130319204,0.0,NO ALERT,NO ALERT,20260911,12
watershed,C05CAM21,Watershed C05CAM21,Cauvery Basin,Cauvery Middle,814.74703957,0.6875,1.8129782469101148,2.6370592682328944,1.8129782469101148,0.0,NO ALERT,NO ALERT,20260911,12
watershed,C05CAM22,Watershed C05CAM22,Cauvery Basin,Cauvery Middle,775.30442012,0.3125,1.9745347660085926,3.0,0.9375,0.0,NO ALERT,NO ALERT,20260911,12
watershed,C05CAM23,Watershed C05CAM23,Cauvery Basin,Cauvery Middle,848.00287861,0.0,3.475842138226718,1.0,0.0,0.0,NO ALERT,NO ALERT,20260911,12
watershed,C05CAM24,Watershed C05CAM24,Cauvery Basin,Cauvery Middle,446.569476,0.0,0.0,1.0,0.0,0.0,NO ALERT,NO ALERT,20260911,12
watershed,C05CAM25,Watershed C05CAM25,Cauvery Basin,Cauvery Middle,545.26250323,0.3125,1.6475220948457718,3.0,0.9375,0.0,NO ALERT,NO ALERT,20260911,12
watershed,C05CAM26,Watershed C05CAM26,Cauvery Basin,Cauvery Middle,819.53661286,1.5,1.388676228425274,0.9257841522835161,1.388676228425274,0.0,NO ALERT,NO ALERT,20260911,12
watershed,C05CAM27,Watershed C05CAM27,Cauvery Basin,Cauvery Middle,591.7128188,1.0,1.580382041449416,1.580382041449416,1.580382041449416,0.0,NO ALERT,NO ALERT,20260911,12
watershed,C05CAM28,Watershed C05CAM28,Cauvery Basin,Cauvery Middle,1410.2786497900001,0.6875,2.1060412509800637,3.0,2.0625,0.0,NO ALERT,NO ALERT,20260911,12
watershed,C05CAM30,Watershed C05CAM30,Cauvery Basin,Cauvery Middle,462.14372556,0.0,0.0,1.0,0.0,0.0,NO ALERT,NO ALERT,20260911,12
watershed,C05CAM31,Watershed C05CAM31,Cauvery Basin,Cauvery Middle,597.63384284,0.0,2.5838788000075783,1.0,0.0,0.0,NO ALERT,NO ALERT,20260911,12
watershed,C05CAM32,Watershed C05CAM32,Cauvery Basin,Cauvery Middle,381.22766536,0.0,2.6475340299614487,1.0,0.0,0.0,NO ALERT,NO ALERT,20260911,12
watershed,C05CAM33,Watershed C05CAM33,Cauvery Basin,Cauvery Middle,517.98198977,0.03125,2.30095763030934,1.0,0.03125,0.0,NO ALERT,NO ALERT,20260911,12
watershed,C05CAM34,Watershed C05CAM34,Cauvery Basin,Cauvery Middle,870.76134276,0.0,2.3432883766211874,1.0,0.0,0.0,NO ALERT,NO ALERT,20260911,12
watershed,C05CAM35,Watershed C05CAM35,Cauvery Basin,Cauvery Middle,572.60408095,0.0,0.0,1.0,0.0,0.0,NO ALERT,NO ALERT,20260911,12
watershed,C05CAM36,Watershed C05CAM36,Cauvery Basin,Cauvery Middle,749.09335406,0.0,1.9792379637695339,1.0,0.0,0.0,NO ALERT,NO ALERT,20260911,12
watershed,C05CAM37,Watershed C05CAM37,Cauvery Basin,Cauvery Middle,743.67945183,1.25,2.274159485469126,1.8193275883753006,2.274159485469126,0.0,NO ALERT,NO ALERT,20260911,12
watershed,C05CAM38,Watershed C05CAM38,Cauvery Basin,Cauvery Middle,594.48210397,0.0625,2.398741098503544,1.0,0.0625,0.0,NO ALERT,NO ALERT,20260911,12
watershed,C05CAM39,Watershed C05CAM39,Cauvery Basin,Cauvery Middle,789.74411554,0.03125,2.3331937834620478,1.0,0.03125,0.0,NO ALERT,NO ALERT,20260911,12
watershed,C05CAM40,Watershed C05CAM40,Cauvery Basin,Cauvery Middle,656.3013924,0.0,0.0,1.0,0.0,0.0,NO ALERT,NO ALERT,20260911,12
watershed,C05CAM41,Watershed C05CAM41,Cauvery Basin,Cauvery Middle,377.45040021,0.0,2.5892878214790396,1.0,0.0,0.0,NO ALERT,NO ALERT,20260911,12
watershed,C05CAM42,Watershed C05CAM42,Cauvery Basin,Cauvery Middle,530.45494686,0.0,1.8912252931358062,1.0,0.0,0.0,NO ALERT,NO ALERT,20260911,12
watershed,C05CAM43,Watershed C05CAM43,Cauvery Basin,Cauvery Middle,725.30935791,1.875,1.5928910451392604,0.8495418907409389,1.5928910451392604,0.0,NO ALERT,NO ALERT,20260911,12
watershed,C05CAM44,Watershed C05CAM44,Cauvery Basin,Cauvery Middle,572.19133803,3.25,2.5924221703961288,0.7976683601218858,2.5924221703961288,0.0,NO ALERT,NO ALERT,20260911,12
watershed,C05CAM45,Watershed C05CAM45,Cauvery Basin,Cauvery Middle,641.03269347,0.0,0.0,1.0,0.0,0.0,NO ALERT,NO ALERT,20260911,12
watershed,C05CAM46,Watershed C05CAM46,Cauvery Basin,Cauvery Middle,474.62433054,0.25,2.180064952536805,3.0,0.75,0.0,NO ALERT,NO ALERT,20260911,12
watershed,C05CAM47,Watershed C05CAM47,Cauvery Basin,Cauvery Middle,525.8704512,0.5625,2.443696139426264,3.0,1.6875,0.0,NO ALERT,NO ALERT,20260911,12
watershed,C05CAM48,Watershed C05CAM48,Cauvery Basin,Cauvery Middle,805.71850125,2.21875,2.4447343176970744,1.1018520868493857,2.4447343176970744,0.0,NO ALERT,NO ALERT,20260911,12
watershed,C05CAM49,Watershed C05CAM49,Cauvery Basin,Cauvery Middle,614.5365703,0.0,0.0,1.0,0.0,0.0,NO ALERT,NO ALERT,20260911,12
watershed,C05CAM50,Watershed C05CAM50,Cauvery Basin,Cauvery Middle,557.1896369,2.125,3.512151930940478,1.6527773792661071,3.512151930940478,0.0,NO ALERT,NO ALERT,20260911,12
watershed,C05CAM51,Watershed C05CAM51,Cauvery Basin,Cauvery Middle,653.33514634,1.8125,1.9424148983947218,1.071677185321226,1.942414898394722,0.0,NO ALERT,NO ALERT,20260911,12
watershed,C05CAM52,Watershed C05CAM52,Cauvery Basin,Cauvery Middle,448.41861397,0.0,0.0,1.0,0.0,0.0,NO ALERT,NO ALERT,20260911,12
watershed,C05CAM53,Watershed C05CAM53,Cauvery Basin,Cauvery Middle,727.18066957,6.875,4.687674481329853,0.6818435609207059,4.687674481329853,0.0,NO ALERT,NO ALERT,20260911,12
watershed,C05CAM54,Watershed C05CAM54,Cauvery Basin,Cauvery Middle,559.11679643,2.5,5.833851993839218,2.3335407975356874,5.833851993839218,0.0,NO ALERT,NO ALERT,20260911,12
watershed,C05CAM55,Watershed C05CAM55,Cauvery Basin,Cauvery Middle,787.18725781,9.0,5.029701881661807,0.5588557646290897,5.029701881661808,0.0,NO ALERT,NO ALERT,20260911,12
watershed,C05CAM56,Watershed C05CAM56,Cauvery Basin,Cauvery Middle,707.47588195,7.6875,8.909528397738118,1.1589630436082106,8.909528397738118,0.0,NO ALERT,NO ALERT,20260911,12
watershed,C05CAM57,Watershed C05CAM57,Cauvery Basin,Cauvery Middle,913.01966259,1.25,2.678497019246833,2.1427976153974666,2.678497019246833,0.0,NO ALERT,NO ALERT,20260911,12
watershed,C05CAM58,Watershed C05CAM58,Cauvery Basin,Cauvery Middle,880.02330778,0.75,1.9127410104829972,2.5503213473106627,1.9127410104829972,0.0,NO ALERT,NO ALERT,20260911,12
watershed,C05CAM59,Watershed C05CAM59,Cauvery Basin,Cauvery Middle,616.28142208,0.0,0.0,1.0,0.0,0.0,NO ALERT,NO ALERT,20260911,12
watershed,C05CAM60,Watershed C05CAM60,Cauvery Basin,Cauvery Middle,877.26682176,1.1875,1.5234160550857243,1.2828766779669258,1.5234160550857245,0.0,NO ALERT,NO ALERT,20260911,12
watershed,C05CAM61,Watershed C05CAM61,Cauvery Basin,Cauvery Middle,658.201983,0.0,0.0,1.0,0.0,0.0,NO ALERT,NO ALERT,20260911,12
watershed,C05CAM62,Watershed C05CAM62,Cauvery Basin,Cauvery Middle,873.58854076,1.75,1.790659766327845,1.02323415218734,1.790659766327845,0.0,NO ALERT,NO ALERT,20260911,12
watershed,C05CAM63,Watershed C05CAM63,Cauvery Basin,Cauvery Middle,660.19799408,0.875,1.4392013948767968,1.6448015941449106,1.4392013948767968,0.0,NO ALERT,NO ALERT,20260911,12
watershed,C05CAM64,Watershed C05CAM64,Cauvery Basin,Cauvery Middle,872.59020097,0.0,0.0,1.0,0.0,0.0,NO ALERT,NO ALERT,20260911,12
watershed,C05CAM65,Watershed C05CAM65,Cauvery Basin,Cauvery Middle,785.86273947,0.5625,1.6015946352114416,2.8472793514870074,1.6015946352114416,0.0,NO ALERT,NO ALERT,20260911,12
watershed,C05CAM66,Watershed C05CAM66,Cauvery Basin,Cauvery Middle,652.49158377,0.75,1.5770009386212858,2.1026679181617145,1.577000938621286,0.0,NO ALERT,NO ALERT,20260911,12
watershed,C05CAM67,Watershed C05CAM67,Cauvery Basin,Cauvery Middle,597.26342296,2.6875,1.1696680672772943,0.4352253273589932,1.1696680672772943,0.0,NO ALERT,NO ALERT,20260911,12
watershed,C05CAM68,Watershed C05CAM68,Cauvery Basin,Cauvery Middle,629.21068207,2.3125,2.2077713093120757,0.954711917540357,2.2077713093120757,0.0,NO ALERT,NO ALERT,20260911,12
watershed,C05CAM69,Watershed C05CAM69,Cauvery Basin,Cauvery Middle,702.58381188,2.875,2.533027324447893,0.8810529824166585,2.533027324447893,0.0,NO ALERT,NO ALERT,20260911,12
watershed,C05CAM70,Watershed C05CAM70,Cauvery Basin,Cauvery Middle,700.2838946,2.09375,2.8807753893814674,1.375892723286671,2.8807753893814674,0.0,NO ALERT,NO ALERT,20260911,12
watershed,C05CAM71,Watershed C05CAM71,Cauvery Basin,Cauvery Middle,815.30088221,12.5625,3.5382491117879136,0.3,3.76875,0.0,NO ALERT,NO ALERT,20260911,12
watershed,C05CAM72,Watershed C05CAM72,Cauvery Basin,Cauvery Middle,442.47305109,4.0,1.6367404116751396,0.4091851029187849,1.6367404116751396,0.0,NO ALERT,NO ALERT,20260911,12
watershed,C05CAM73,Watershed C05CAM73,Cauvery Basin,Cauvery Middle,560.45812398,8.1875,1.5258542261711538,0.3,2.45625,0.0,NO ALERT,NO ALERT,20260911,12
watershed,C05CAM74,Watershed C05CAM74,Cauvery Basin,Cauvery Middle,673.29910921,4.25,1.9128460437467654,0.45008142205806245,1.9128460437467654,0.0,NO ALERT,NO ALERT,20260911,12
watershed,C05CAM75,Watershed C05CAM75,Cauvery Basin,Cauvery Middle,497.34615513,0.125,1.076881962769652,3.0,0.375,0.0,NO ALERT,NO ALERT,20260911,12
watershed,C05CAM76,Watershed C05CAM76,Cauvery Basin,Cauvery Middle,537.46766428,0.0,0.0,1.0,0.0,0.0,NO ALERT,NO ALERT,20260911,12
watershed,C05CAM77,Watershed C05CAM77,Cauvery Basin,Cauvery Middle,472.57956109,0.0,0.0,1.0,0.0,0.0,NO ALERT,NO ALERT,20260911,12
watershed,C05CAM78,Watershed C05CAM78,Cauvery Basin,Cauvery Middle,684.38219157,1.1875,0.8348375148969154,0.7030210651763498,0.8348375148969154,0.0,NO ALERT,NO ALERT,20260911,12
watershed,C05CAM79,Watershed C05CAM79,Cauvery Basin,Cauvery Middle,494.25686643,0.5625,1.5482502377604785,2.7524448671297397,1.5482502377604785,0.0,NO ALERT,NO ALERT,20260911,12
watershed,C05CAM80,Watershed C05CAM80,Cauvery Basin,Cauvery Middle,523.71167744,3.1875,1.7552517771925011,0.5506672242172552,1.755251777192501,0.0,NO ALERT,NO ALERT,20260911,12
watershed,C05CAM81,Watershed C05CAM81,Cauvery Basin,Cauvery Middle,695.24524858,0.0,0.0,1.0,0.0,0.0,NO ALERT,NO ALERT,20260911,12
watershed,C05CAM82,Watershed C05CAM82,Cauvery Basin,Cauvery Middle,738.78811018,0.0,0.0,1.0,0.0,0.0,NO ALERT,NO ALERT,20260911,12
watershed,C05CAM83,Watershed C05CAM83,Cauvery Basin,Cauvery Middle,842.95507677,2.90625,1.3579375434513778,0.46724732677896874,1.3579375434513778,0.0,NO ALERT,NO ALERT,20260911,12
watershed,C05CAM84,Watershed C05CAM84,Cauvery Basin,Cauvery Middle,711.78826998,3.4375,1.7500695517414238,0.5091111423247778,1.7500695517414238,0.0,NO ALERT,NO ALERT,20260911,12
watershed,C05CAM85,Watershed C05CAM85,Cauvery Basin,Cauvery Middle,449.19907302,1.875,1.525490209705209,0.8135947785094448,1.525490209705209,0.0,NO ALERT,NO ALERT,20260911,12
watershed,C05CAM86,Watershed C05CAM86,Cauvery Basin,Cauvery Middle,682.87294699,0.0,0.0,1.0,0.0,0.0,NO ALERT,NO ALERT,20260911,12
watershed,C05CAU01,Watershed C05CAU01,Cauvery Basin,Cauvery Upper,550.02267481,0.0,3.0488014688638794,1.0,0.0,0.0,NO ALERT,NO ALERT,20260911,12
watershed,C05CAU02,Watershed C05CAU02,Cauvery Basin,Cauvery Upper,613.50447692,0.0,2.1747678632605565,1.0,0.0,0.0,NO ALERT,NO ALERT,20260911,12
watershed,C05CAU03,Watershed C05CAU03,Cauvery Basin,Cauvery Upper,362.93946708,0.0,0.0,1.0,0.0,0.0,NO ALERT,NO ALERT,20260911,12
watershed,C05CAU04,Watershed C05CAU04,Cauvery Basin,Cauvery Upper,602.35081528,0.0625,3.0833694605182296,1.0,0.0625,0.0,NO ALERT,NO ALERT,20260911,12
watershed,C05CAU05,Watershed C05CAU05,Cauvery Basin,Cauvery Upper,768.41244268,0.0,3.109672596724066,1.0,0.0,0.0,NO ALERT,NO ALERT,20260911,12
watershed,C05CAU06,Watershed C05CAU06,Cauvery Basin,Cauvery Upper,505.10260494,0.0,2.4691835471007924,1.0,0.0,0.0,NO ALERT,NO ALERT,20260911,12
watershed,C05CAU07,Watershed C05CAU07,Cauvery Basin,Cauvery Upper,698.15206698,0.0,1.932623196750471,1.0,0.0,0.0,NO ALERT,NO ALERT,20260911,12
watershed,C05CAU08,Watershed C05CAU08,Cauvery Basin,Cauvery Upper,519.71287628,0.0,2.947111971574287,1.0,0.0,0.0,NO ALERT,NO ALERT,20260911,12
watershed,C05CAU09,Watershed C05CAU09,Cauvery Basin,Cauvery Upper,533.84490717,0.0,0.0,1.0,0.0,0.0,NO ALERT,NO ALERT,20260911,12
watershed,C05CAU10,Watershed C05CAU10,Cauvery Basin,Cauvery Upper,401.33659576,0.0,4.817415054611963,1.0,0.0,0.0,NO ALERT,NO ALERT,20260911,12
watershed,C05CAU11,Watershed C05CAU11,Cauvery Basin,Cauvery Upper,766.38213076,0.25,6.728578892799273,3.0,0.75,0.0,NO ALERT,NO ALERT,20260911,12
watershed,C05CAU12,Watershed C05CAU12,Cauvery Basin,Cauvery Upper,991.25109124,0.3125,4.369612301375768,3.0,0.9375,0.0,NO ALERT,NO ALERT,20260911,12
watershed,C05CAU13,Watershed C05CAU13,Cauvery Basin,Cauvery Upper,580.63989858,0.0,2.7374447871765044,1.0,0.0,0.0,NO ALERT,NO ALERT,20260911,12
watershed,C05CAU14,Watershed C05CAU14,Cauvery Basin,Cauvery Upper,594.94744991,0.0,2.45656308258233,1.0,0.0,0.0,NO ALERT,NO ALERT,20260911,12
watershed,C05CAU15,Watershed C05CAU15,Cauvery Basin,Cauvery Upper,388.7464561,0.0,2.3763340484197824,1.0,0.0,0.0,NO ALERT,NO ALERT,20260911,12
watershed,C05CAU16,Watershed C05CAU16,Cauvery Basin,Cauvery Upper,694.98897208,0.78125,2.5497268104491986,3.0,2.34375,0.0,NO ALERT,NO ALERT,20260911,12
watershed,C05CAU17,Watershed C05CAU17,Cauvery Basin,Cauvery Upper,762.01571891,0.3125,2.395921004982027,3.0,0.9375,0.0,NO ALERT,NO ALERT,20260911,12
watershed,C05CAU18,Watershed C05CAU18,Cauvery Basin,Cauvery Upper,624.44869649,0.0,0.0,1.0,0.0,0.0,NO ALERT,NO ALERT,20260911,12
watershed,C06SUB01,Watershed C06SUB01,Subernarekha Basin,Subernarekha,568.32388403,0.4375,4.3920573506861516,3.0,1.3125,0.0,NO ALERT,NO ALERT,20260911,12
watershed,C06SUB02,Watershed C06SUB02,Subernarekha Basin,Subernarekha,552.57395281,5.34375,4.323358997518886,0.8090496369625986,4.323358997518886,0.0,NO ALERT,NO ALERT,20260911,12
watershed,C06SUB03,Watershed C06SUB03,Subernarekha Basin,Subernarekha,600.86802686,4.375,5.197534338027647,1.1880078486920336,5.197534338027647,0.0,NO ALERT,NO ALERT,20260911,12
watershed,C06SUB04,Watershed C06SUB04,Subernarekha Basin,Subernarekha,532.84185498,2.0625,5.001392940217501,2.424917789196364,5.001392940217501,0.0,NO ALERT,NO ALERT,20260911,12
watershed,C06SUB05,Watershed C06SUB05,Subernarekha Basin,Subernarekha,451.97264104,7.75,4.5155245579268835,0.5826483300550818,4.5155245579268835,0.0,NO ALERT,NO ALERT,20260911,12
watershed,C06SUB06,Watershed C06SUB06,Subernarekha Basin,Subernarekha,471.64721504,0.0,0.0,1.0,0.0,0.0,NO ALERT,NO ALERT,20260911,12
watershed,C06SUB07,Watershed C06SUB07,Subernarekha Basin,Subernarekha,606.1770009,5.125,4.2735983477879875,0.8338728483488757,4.2735983477879875,0.0,NO ALERT,NO ALERT,20260911,12
watershed,C06SUB08,Watershed C06SUB08,Subernarekha Basin,Subernarekha,810.92122712,5.1875,5.4391000333305906,1.0485012112444512,5.4391000333305906,0.0,NO ALERT,NO ALERT,20260911,12
watershed,C06SUB09,Watershed C06SUB09,Subernarekha Basin,Subernarekha,667.97609986,5.1875,5.198832036024087,1.0021844888721132,5.198832036024087,0.0,NO ALERT,NO ALERT,20260911,12
watershed,C06SUB10,Watershed C06SUB10,Subernarekha Basin,Subernarekha,660.47439984,4.25,4.69821391995639,1.1054620988132682,4.69821391995639,0.0,NO ALERT,NO ALERT,20260911,12
watershed,C06SUB11,Watershed C06SUB11,Subernarekha Basin,Subernarekha,466.96414473,0.0,0.0,1.0,0.0,0.0,NO ALERT,NO ALERT,20260911,12
watershed,C06SUB12,Watershed C06SUB12,Subernarekha Basin,Subernarekha,530.8317379,4.0,4.754620072817149,1.1886550182042872,4.754620072817149,0.0,NO ALERT,NO ALERT,20260911,12
watershed,C06SUB13,Watershed C06SUB13,Subernarekha Basin,Subernarekha,462.29131027,0.0,0.0,1.0,0.0,0.0,NO ALERT,NO ALERT,20260911,12
watershed,C06SUB14,Watershed C06SUB14,Subernarekha Basin,Subernarekha,609.33932608,4.5,6.251317796396883,1.3891817325326405,6.251317796396883,0.0,NO ALERT,NO ALERT,20260911,12
watershed,C06SUB15,Watershed C06SUB15,Subernarekha Basin,Subernarekha,602.77628726,1.21875,5.567175415239922,3.0,3.65625,0.0,NO ALERT,NO ALERT,20260911,12
watershed,C06SUB16,Watershed C06SUB16,Subernarekha Basin,Subernarekha,651.04918989,0.0,0.0,1.0,0.0,0.0,NO ALERT,NO ALERT,20260911,12
watershed,C06SUB17,Watershed C06SUB17,Subernarekha Basin,Subernarekha,731.0000598,1.125,5.005459232220095,3.0,3.375,0.0,NO ALERT,NO ALERT,20260911,12
watershed,C06SUB18,Watershed C06SUB18,Subernarekha Basin,Subernarekha,486.80040776,2.75,6.8490510452895945,2.4905640164689435,6.8490510452895945,0.0,NO ALERT,NO ALERT,20260911,12
watershed,C06SUB19,Watershed C06SUB19,Subernarekha Basin,Subernarekha,487.92964015,3.0625,5.0795236094357215,1.6586199541014601,5.0795236094357215,0.0,NO ALERT,NO ALERT,20260911,12
watershed,C06SUB20,Watershed C06SUB20,Subernarekha Basin,Subernarekha,405.2237939,0.0,0.0,1.0,0.0,0.0,NO ALERT,NO ALERT,20260911,12
watershed,C06SUB21,Watershed C06SUB21,Subernarekha Basin,Subernarekha,565.32040096,0.0,0.0,1.0,0.0,0.0,NO ALERT,NO ALERT,20260911,12
watershed,C06SUB22,Watershed C06SUB22,Subernarekha Basin,Subernarekha,421.19115453,0.0,0.0,1.0,0.0,0.0,NO ALERT,NO ALERT,20260911,12
watershed,C06SUB23,Watershed C06SUB23,Subernarekha Basin,Subernarekha,696.90256297,1.15625,7.724279710364669,3.0,3.46875,0.0,NO ALERT,NO ALERT,20260911,12
watershed,C06SUB24,Watershed C06SUB24,Subernarekha Basin,Subernarekha,521.45214454,1.5,4.672264694371452,3.0,4.5,0.0,NO ALERT,NO ALERT,20260911,12
watershed,C06SUB25,Watershed C06SUB25,Subernarekha Basin,Subernarekha,473.88227548,0.0,0.0,1.0,0.0,0.0,NO ALERT,NO ALERT,20260911,12
watershed,C06SUB26,Watershed C06SUB26,Subernarekha Basin,Subernarekha,586.40711244,1.375,4.875284110295446,3.0,4.125,0.0,NO ALERT,NO ALERT,20260911,12
watershed,C06SUB27,Watershed C06SUB27,Subernarekha Basin,Subernarekha,609.06120434,0.0,0.0,1.0,0.0,0.0,NO ALERT,NO ALERT,20260911,12
watershed,C06SUB28,Watershed C06SUB28,Subernarekha Basin,Subernarekha,578.85336609,4.8125,4.672672152437576,0.9709448628441716,4.672672152437576,0.0,NO ALERT,NO ALERT,20260911,12
watershed,C06SUB29,Watershed C06SUB29,Subernarekha Basin,Subernarekha,534.29442892,4.5,4.71606898818114,1.04801533070692,4.71606898818114,0.0,NO ALERT,NO ALERT,20260911,12
watershed,C06SUB30,Watershed C06SUB30,Subernarekha Basin,Subernarekha,612.64305431,4.5625,4.543444182733967,0.9958233825170338,4.543444182733967,0.0,NO ALERT,NO ALERT,20260911,12
watershed,C06SUB31,Watershed C06SUB31,Subernarekha Basin,Subernarekha,622.03437617,5.875,4.432040345587143,0.754389846057386,4.432040345587143,0.0,NO ALERT,NO ALERT,20260911,12
watershed,C06SUB32,Watershed C06SUB32,Subernarekha Basin,Subernarekha,456.22681062,7.4375,4.5580583029413875,0.6128481751853966,4.5580583029413875,0.0,NO ALERT,NO ALERT,20260911,12
watershed,C06SUB33,Watershed C06SUB33,Subernarekha Basin,Subernarekha,444.07081867,0.0,0.0,1.0,0.0,0.0,NO ALERT,NO ALERT,20260911,12
watershed,C06SUB34,Watershed C06SUB34,Subernarekha Basin,Subernarekha,570.36510547,2.4375,5.968799305758248,2.4487381767213323,5.968799305758248,0.0,NO ALERT,NO ALERT,20260911,12
watershed,C06SUB35,Watershed C06SUB35,Subernarekha Basin,Subernarekha,565.18502216,9.25,4.160581782256087,0.44979262510876616,4.160581782256087,0.0,NO ALERT,NO ALERT,20260911,12
watershed,C06SUB36,Watershed C06SUB36,Subernarekha Basin,Subernarekha,554.66315038,17.3125,3.996859881730929,0.3,5.19375,0.0,NO ALERT,NO ALERT,20260911,12
watershed,C06SUB37,Watershed C06SUB37,Subernarekha Basin,Subernarekha,615.97322496,12.8125,5.289207890772656,0.41281622562128045,5.289207890772656,0.0,NO ALERT,NO ALERT,20260911,12
watershed,C06SUB38,Watershed C06SUB38,Subernarekha Basin,Subernarekha,740.87564113,17.0,4.781255415694354,0.3,5.1,0.0,NO ALERT,NO ALERT,20260911,12
watershed,C06SUB39,Watershed C06SUB39,Subernarekha Basin,Subernarekha,474.88473114,10.0,5.776709001521541,0.5776709001521542,5.776709001521541,0.0,NO ALERT,NO ALERT,20260911,12
watershed,C06SUB40,Watershed C06SUB40,Subernarekha Basin,Subernarekha,613.41558921,13.5625,4.517851721546421,0.33311349098959786,4.517851721546421,0.0,NO ALERT,NO ALERT,20260911,12
watershed,C06SUB41,Watershed C06SUB41,Subernarekha Basin,Subernarekha,387.01665942,0.0,0.0,1.0,0.0,0.0,NO ALERT,NO ALERT,20260911,12
watershed,C06SUB42,Watershed C06SUB42,Subernarekha Basin,Subernarekha,962.4013329,6.625,3.954704351090405,0.5969365058249668,3.954704351090405,0.0,NO ALERT,NO ALERT,20260911,12
watershed,C06SUB43,Watershed C06SUB43,Subernarekha Basin,Subernarekha,771.6136561,13.0,4.359282810271603,0.3353294469439695,4.359282810271603,0.0,NO ALERT,NO ALERT,20260911,12
watershed,C06SUB44,Watershed C06SUB44,Subernarekha Basin,Subernarekha,573.63107051,0.0,0.0,1.0,0.0,0.0,NO ALERT,NO ALERT,20260911,12
watershed,C06SUB45,Watershed C06SUB45,Subernarekha Basin,Subernarekha,481.81499655,0.0,0.0,1.0,0.0,0.0,NO ALERT,NO ALERT,20260911,12
watershed,C07BAI01,Watershed C07BAI01,Brahmani and Baitarni Basin,Baitarni,852.54608869,1.5625,4.732770291430085,3.0,4.6875,0.0,NO ALERT,NO ALERT,20260911,12
watershed,C07BAI02,Watershed C07BAI02,Brahmani and Baitarni Basin,Baitarni,900.29635276,0.4375,5.204144552023443,3.0,1.3125,0.0,NO ALERT,NO ALERT,20260911,12
watershed,C07BAI03,Watershed C07BAI03,Brahmani and Baitarni Basin,Baitarni,789.35082169,1.25,4.833003631683245,3.0,3.75,0.0,NO ALERT,NO ALERT,20260911,12
watershed,C07BAI04,Watershed C07BAI04,Brahmani and Baitarni Basin,Baitarni,472.2705901,0.0,0.0,1.0,0.0,0.0,NO ALERT,NO ALERT,20260911,12
watershed,C07BAI05,Watershed C07BAI05,Brahmani and Baitarni Basin,Baitarni,579.88946886,1.4375,5.477348805290379,3.0,4.3125,0.0,NO ALERT,NO ALERT,20260911,12
watershed,C07BAI06,Watershed C07BAI06,Brahmani and Baitarni Basin,Baitarni,585.97445151,0.125,6.343149601351725,3.0,0.375,0.0,NO ALERT,NO ALERT,20260911,12
watershed,C07BAI07,Watershed C07BAI07,Brahmani and Baitarni Basin,Baitarni,644.46573129,0.5,6.2535861870197404,3.0,1.5,0.0,NO ALERT,NO ALERT,20260911,12
watershed,C07BAI08,Watershed C07BAI08,Brahmani and Baitarni Basin,Baitarni,644.07164298,0.375,4.685154913304603,3.0,1.125,0.0,NO ALERT,NO ALERT,20260911,12
watershed,C07BAI09,Watershed C07BAI09,Brahmani and Baitarni Basin,Baitarni,655.55921347,0.0,0.0,1.0,0.0,0.0,NO ALERT,NO ALERT,20260911,12
watershed,C07BAI10,Watershed C07BAI10,Brahmani and Baitarni Basin,Baitarni,657.30633845,0.0,0.0,1.0,0.0,0.0,NO ALERT,NO ALERT,20260911,12
watershed,C07BAI11,Watershed C07BAI11,Brahmani and Baitarni Basin,Baitarni,607.22585498,1.9375,5.815910659271152,3.0,5.8125,0.0,NO ALERT,NO ALERT,20260911,12
watershed,C07BAI12,Watershed C07BAI12,Brahmani and Baitarni Basin,Baitarni,910.54253317,0.0,0.0,1.0,0.0,0.0,NO ALERT,NO ALERT,20260911,12
watershed,C07BAI13,Watershed C07BAI13,Brahmani and Baitarni Basin,Baitarni,615.51707106,5.9375,6.043006037665556,1.0177694379226199,6.043006037665555,0.0,NO ALERT,NO ALERT,20260911,12
watershed,C07BAI14,Watershed C07BAI14,Brahmani and Baitarni Basin,Baitarni,725.02515186,7.84375,4.204500098567303,0.5360318850763096,4.204500098567303,0.0,NO ALERT,NO ALERT,20260911,12
watershed,C07BAI15,Watershed C07BAI15,Brahmani and Baitarni Basin,Baitarni,657.78684101,4.9375,5.964562044711146,1.2080125660174472,5.964562044711146,0.0,NO ALERT,NO ALERT,20260911,12
watershed,C07BAI16,Watershed C07BAI16,Brahmani and Baitarni Basin,Baitarni,573.28834149,9.5625,4.148866973307035,0.43386844165302324,4.148866973307035,0.0,NO ALERT,NO ALERT,20260911,12
watershed,C07BAI17,Watershed C07BAI17,Brahmani and Baitarni Basin,Baitarni,543.94646227,0.0,0.0,1.0,0.0,0.0,NO ALERT,NO ALERT,20260911,12
watershed,C07BAI18,Watershed C07BAI18,Brahmani and Baitarni Basin,Baitarni,974.99071755,6.0625,3.6112122729828915,0.5956638800796522,3.6112122729828915,0.0,NO ALERT,NO ALERT,20260911,12
watershed,C07BAI19,Watershed C07BAI19,Brahmani and Baitarni Basin,Baitarni,722.89793335,6.375,4.2851499549125975,0.672180385084329,4.2851499549125975,0.0,NO ALERT,NO ALERT,20260911,12
watershed,C07BAI20,Watershed C07BAI20,Brahmani and Baitarni Basin,Baitarni,522.57044403,3.25,4.69247999950631,1.4438399998480955,4.69247999950631,0.0,NO ALERT,NO ALERT,20260911,12
watershed,C07BAI21,Watershed C07BAI21,Brahmani and Baitarni Basin,Baitarni,715.71093904,11.6875,4.7650443791526635,0.4077043319061103,4.7650443791526635,0.0,NO ALERT,NO ALERT,20260911,12
watershed,C07BRA01,Watershed C07BRA01,Brahmani and Baitarni Basin,Brahmani,503.94172963,0.0,0.0,1.0,0.0,0.0,NO ALERT,NO ALERT,20260911,12
watershed,C07BRA02,Watershed C07BRA02,Brahmani and Baitarni Basin,Brahmani,406.48859266,0.75,4.450114975073566,3.0,2.25,0.0,NO ALERT,NO ALERT,20260911,12
watershed,C07BRA03,Watershed C07BRA03,Brahmani and Baitarni Basin,Brahmani,702.76065964,1.125,4.829873720811654,3.0,3.375,0.0,NO ALERT,NO ALERT,20260911,12
watershed,C07BRA04,Watershed C07BRA04,Brahmani and Baitarni Basin,Brahmani,730.7369825,2.25,4.7679676807192095,2.1190967469863153,4.7679676807192095,0.0,NO ALERT,NO ALERT,20260911,12
watershed,C07BRA05,Watershed C07BRA05,Brahmani and Baitarni Basin,Brahmani,554.31706332,0.0,0.0,1.0,0.0,0.0,NO ALERT,NO ALERT,20260911,12
watershed,C07BRA06,Watershed C07BRA06,Brahmani and Baitarni Basin,Brahmani,662.21859756,3.15625,4.585197430961344,1.452735819710525,4.585197430961344,0.0,NO ALERT,NO ALERT,20260911,12
watershed,C07BRA07,Watershed C07BRA07,Brahmani and Baitarni Basin,Brahmani,721.24955916,2.8125,5.24351074246511,1.864359375098706,5.24351074246511,0.0,NO ALERT,NO ALERT,20260911,12
watershed,C07BRA08,Watershed C07BRA08,Brahmani and Baitarni Basin,Brahmani,737.55788565,1.75,5.175966069428888,2.9576948968165078,5.175966069428888,0.0,NO ALERT,NO ALERT,20260911,12
watershed,C07BRA09,Watershed C07BRA09,Brahmani and Baitarni Basin,Brahmani,532.36768276,3.3125,5.437775634474134,1.6415926443695499,5.437775634474134,0.0,NO ALERT,NO ALERT,20260911,12
watershed,C07BRA10,Watershed C07BRA10,Brahmani and Baitarni Basin,Brahmani,593.75783731,4.0,6.063821382718544,1.515955345679636,6.063821382718544,0.0,NO ALERT,NO ALERT,20260911,12
watershed,C07BRA11,Watershed C07BRA11,Brahmani and Baitarni Basin,Brahmani,580.87339375,3.25,4.879605872214657,1.5014171914506635,4.879605872214657,0.0,NO ALERT,NO ALERT,20260911,12
watershed,C07BRA12,Watershed C07BRA12,Brahmani and Baitarni Basin,Brahmani,693.77041616,0.0,0.0,1.0,0.0,0.0,NO ALERT,NO ALERT,20260911,12
watershed,C07BRA13,Watershed C07BRA13,Brahmani and Baitarni Basin,Brahmani,621.02831484,1.375,4.8217411307949725,3.0,4.125,0.0,NO ALERT,NO ALERT,20260911,12
watershed,C07BRA14,Watershed C07BRA14,Brahmani and Baitarni Basin,Brahmani,885.50534266,0.34375,5.177800573275922,3.0,1.03125,0.0,NO ALERT,NO ALERT,20260911,12
watershed,C07BRA15,Watershed C07BRA15,Brahmani and Baitarni Basin,Brahmani,442.92999582,2.5,4.839444630950281,1.9357778523801124,4.839444630950281,0.0,NO ALERT,NO ALERT,20260911,12
watershed,C07BRA16,Watershed C07BRA16,Brahmani and Baitarni Basin,Brahmani,704.34824728,0.3125,5.248267823580194,3.0,0.9375,0.0,NO ALERT,NO ALERT,20260911,12
watershed,C07BRA17,Watershed C07BRA17,Brahmani and Baitarni Basin,Brahmani,647.89977342,3.1875,5.018477182202552,1.5744242140243299,5.018477182202552,0.0,NO ALERT,NO ALERT,20260911,12
watershed,C07BRA18,Watershed C07BRA18,Brahmani and Baitarni Basin,Brahmani,482.55181085,0.0,0.0,1.0,0.0,0.0,NO ALERT,NO ALERT,20260911,12
watershed,C07BRA19,Watershed C07BRA19,Brahmani and Baitarni Basin,Brahmani,627.59859353,2.0625,5.781257524229076,2.80303395114137,5.781257524229076,0.0,NO ALERT,NO ALERT,20260911,12
watershed,C07BRA20,Watershed C07BRA20,Brahmani and Baitarni Basin,Brahmani,787.22438402,2.53125,4.7757304258134265,1.8867083163707363,4.7757304258134265,0.0,NO ALERT,NO ALERT,20260911,12
watershed,C07BRA21,Watershed C07BRA21,Brahmani and Baitarni Basin,Brahmani,682.13332112,5.0625,3.8458639791975284,0.7596768353970427,3.8458639791975284,0.0,NO ALERT,NO ALERT,20260911,12
watershed,C07BRA22,Watershed C07BRA22,Brahmani and Baitarni Basin,Brahmani,627.43302448,5.375,3.8338219506487454,0.7132692001206968,3.8338219506487454,0.0,NO ALERT,NO ALERT,20260911,12
watershed,C07BRA23,Watershed C07BRA23,Brahmani and Baitarni Basin,Brahmani,491.52181824,3.6875,4.494629331259695,1.2188825305111037,4.494629331259695,0.0,NO ALERT,NO ALERT,20260911,12
watershed,C07BRA24,Watershed C07BRA24,Brahmani and Baitarni Basin,Brahmani,620.67417283,0.0,0.0,1.0,0.0,0.0,NO ALERT,NO ALERT,20260911,12
watershed,C07BRA25,Watershed C07BRA25,Brahmani and Baitarni Basin,Brahmani,561.38499897,5.5,4.329147678205412,0.7871177596737112,4.329147678205412,0.0,NO ALERT,NO ALERT,20260911,12
watershed,C07BRA26,Watershed C07BRA26,Brahmani and Baitarni Basin,Brahmani,417.39224886,4.3125,4.505089861950646,1.0446585187131932,4.505089861950646,0.0,NO ALERT,NO ALERT,20260911,12
watershed,C07BRA27,Watershed C07BRA27,Brahmani and Baitarni Basin,Brahmani,332.752622,0.0,0.0,1.0,0.0,0.0,NO ALERT,NO ALERT,20260911,12
watershed,C07BRA28,Watershed C07BRA28,Brahmani and Baitarni Basin,Brahmani,625.5601077,4.0,4.535661465827733,1.1339153664569332,4.535661465827733,0.0,NO ALERT,NO ALERT,20260911,12
watershed,C07BRA29,Watershed C07BRA29,Brahmani and Baitarni Basin,Brahmani,656.5759514,3.6875,4.6310439501723195,1.2558763254704595,4.6310439501723195,0.0,NO ALERT,NO ALERT,20260911,12
watershed,C07BRA30,Watershed C07BRA30,Brahmani and Baitarni Basin,Brahmani,917.92578734,2.09375,4.5123041504356145,2.1551303405065623,4.5123041504356145,0.0,NO ALERT,NO ALERT,20260911,12
watershed,C07BRA31,Watershed C07BRA31,Brahmani and Baitarni Basin,Brahmani,741.36722551,1.9375,6.1003225706007385,3.0,5.8125,0.0,NO ALERT,NO ALERT,20260911,12
watershed,C07BRA32,Watershed C07BRA32,Brahmani and Baitarni Basin,Brahmani,899.05468036,0.8125,5.936094459748431,3.0,2.4375,0.0,NO ALERT,NO ALERT,20260911,12
watershed,C07BRA33,Watershed C07BRA33,Brahmani and Baitarni Basin,Brahmani,585.76247745,3.8125,6.120067338502571,1.6052635641973956,6.120067338502571,0.0,NO ALERT,NO ALERT,20260911,12
watershed,C07BRA34,Watershed C07BRA34,Brahmani and Baitarni Basin,Brahmani,778.42573865,2.375,7.260264533227438,3.0,7.125,0.0,NO ALERT,NO ALERT,20260911,12
watershed,C07BRA35,Watershed C07BRA35,Brahmani and Baitarni Basin,Brahmani,647.16038182,3.25,4.940199485747781,1.5200613802300866,4.940199485747781,0.0,NO ALERT,NO ALERT,20260911,12
watershed,C07BRA36,Watershed C07BRA36,Brahmani and Baitarni Basin,Brahmani,692.60481657,4.53125,4.369624079804715,0.9643308314051784,4.369624079804715,0.0,NO ALERT,NO ALERT,20260911,12
watershed,C07BRA37,Watershed C07BRA37,Brahmani and Baitarni Basin,Brahmani,556.99077249,2.5,4.856819398109227,1.942727759243691,4.856819398109227,0.0,NO ALERT,NO ALERT,20260911,12
watershed,C07BRA38,Watershed C07BRA38,Brahmani and Baitarni Basin,Brahmani,864.83619183,0.0,0.0,1.0,0.0,0.0,NO ALERT,NO ALERT,20260911,12
watershed,C07BRA39,Watershed C07BRA39,Brahmani and Baitarni Basin,Brahmani,606.34492534,0.0,0.0,1.0,0.0,0.0,NO ALERT,NO ALERT,20260911,12
watershed,C07BRA40,Watershed C07BRA40,Brahmani and Baitarni Basin,Brahmani,522.37246901,3.5625,4.739701250685404,1.330442456332745,4.739701250685404,0.0,NO ALERT,NO ALERT,20260911,12
watershed,C07BRA41,Watershed C07BRA41,Brahmani and Baitarni Basin,Brahmani,569.78254793,4.8125,5.330037815950504,1.1075403253923126,5.330037815950504,0.0,NO ALERT,NO ALERT,20260911,12
watershed,C07BRA42,Watershed C07BRA42,Brahmani and Baitarni Basin,Brahmani,670.37274074,6.5,3.20904378376595,0.49369904365629996,3.20904378376595,0.0,NO ALERT,NO ALERT,20260911,12
watershed,C07BRA43,Watershed C07BRA43,Brahmani and Baitarni Basin,Brahmani,605.43844311,5.6875,4.490073317738428,0.7894634404814819,4.490073317738428,0.0,NO ALERT,NO ALERT,20260911,12
watershed,C07BRA44,Watershed C07BRA44,Brahmani and Baitarni Basin,Brahmani,586.56048454,5.875,3.5378213056554535,0.6021823498988006,3.5378213056554535,0.0,NO ALERT,NO ALERT,20260911,12
watershed,C07BRA45,Watershed C07BRA45,Brahmani and Baitarni Basin,Brahmani,558.25885451,0.0,0.0,1.0,0.0,0.0,NO ALERT,NO ALERT,20260911,12
watershed,C07BRA46,Watershed C07BRA46,Brahmani and Baitarni Basin,Brahmani,604.11588057,5.75,3.7252465459581923,0.6478689645144682,3.725246545958192,0.0,NO ALERT,NO ALERT,20260911,12
watershed,C07BRA47,Watershed C07BRA47,Brahmani and Baitarni Basin,Brahmani,678.67940184,5.875,4.0039112552592195,0.6815168094058246,4.0039112552592195,0.0,NO ALERT,NO ALERT,20260911,12
watershed,C07BRA48,Watershed C07BRA48,Brahmani and Baitarni Basin,Brahmani,505.70787996,0.0,0.0,1.0,0.0,0.0,NO ALERT,NO ALERT,20260911,12
watershed,C07BRA49,Watershed C07BRA49,Brahmani and Baitarni Basin,Brahmani,738.04050227,5.46875,3.609342387277786,0.6599940365307951,3.609342387277786,0.0,NO ALERT,NO ALERT,20260911,12
watershed,C07BRA50,Watershed C07BRA50,Brahmani and Baitarni Basin,Brahmani,654.4541742,7.125,5.170331890329923,0.7256606161866558,5.170331890329923,0.0,NO ALERT,NO ALERT,20260911,12
watershed,C07BRA51,Watershed C07BRA51,Brahmani and Baitarni Basin,Brahmani,706.93905672,6.625,3.1368199030422184,0.47348224951580653,3.1368199030422184,0.0,NO ALERT,NO ALERT,20260911,12
watershed,C07BRA52,Watershed C07BRA52,Brahmani and Baitarni Basin,Brahmani,470.28046202,3.125,4.727161711862642,1.5126917477960455,4.727161711862642,0.0,NO ALERT,NO ALERT,20260911,12
watershed,C07BRA53,Watershed C07BRA53,Brahmani and Baitarni Basin,Brahmani,410.29649656,6.5,5.173379233765275,0.79590449750235,5.173379233765275,0.0,NO ALERT,NO ALERT,20260911,12
watershed,C07BRA54,Watershed C07BRA54,Brahmani and Baitarni Basin,Brahmani,806.8202037,0.0,0.0,1.0,0.0,0.0,NO ALERT,NO ALERT,20260911,12
watershed,C07BRA55,Watershed C07BRA55,Brahmani and Baitarni Basin,Brahmani,869.99449291,9.15625,4.655238613333196,0.508421964596117,4.655238613333196,0.0,NO ALERT,NO ALERT,20260911,12
watershed,C07BRA56,Watershed C07BRA56,Brahmani and Baitarni Basin,Brahmani,873.47420959,5.5625,4.453499175179495,0.800629065200808,4.453499175179495,0.0,NO ALERT,NO ALERT,20260911,12
watershed,C07BRA57,Watershed C07BRA57,Brahmani and Baitarni Basin,Brahmani,824.73426076,6.0,4.9967701934175945,0.8327950322362657,4.9967701934175945,0.0,NO ALERT,NO ALERT,20260911,12
watershed,C07BRA58,Watershed C07BRA58,Brahmani and Baitarni Basin,Brahmani,964.48305577,3.75,4.427655896748582,1.180708239132955,4.427655896748582,0.0,NO ALERT,NO ALERT,20260911,12
watershed,C08MAL01,Watershed C08MAL01,Mahanadi Basin,Mahanadi Lower,610.0808913,9.4375,3.672913723285884,0.38918291107664993,3.6729137232858835,0.0,NO ALERT,NO ALERT,20260911,12
watershed,C08MAL02,Watershed C08MAL02,Mahanadi Basin,Mahanadi Lower,326.71870915,0.0,0.0,1.0,0.0,0.0,NO ALERT,NO ALERT,20260911,12
watershed,C08MAL03,Watershed C08MAL03,Mahanadi Basin,Mahanadi Lower,563.3090206,11.4375,3.5925560676479993,0.31410326274518025,3.592556067647999,0.0,NO ALERT,NO ALERT,20260911,12
watershed,C08MAL04,Watershed C08MAL04,Mahanadi Basin,Mahanadi Lower,563.43765095,8.75,3.9850193675250223,0.45543078486000255,3.9850193675250223,0.0,NO ALERT,NO ALERT,20260911,12
watershed,C08MAL05,Watershed C08MAL05,Mahanadi Basin,Mahanadi Lower,405.71395171,0.0,0.0,1.0,0.0,0.0,NO ALERT,NO ALERT,20260911,12
watershed,C08MAL06,Watershed C08MAL06,Mahanadi Basin,Mahanadi Lower,413.2109174,0.0,0.0,1.0,0.0,0.0,NO ALERT,NO ALERT,20260911,12
watershed,C08MAL07,Watershed C08MAL07,Mahanadi Basin,Mahanadi Lower,505.55611513,9.0625,4.140277816334816,0.45685824180246243,4.140277816334816,0.0,NO ALERT,NO ALERT,20260911,12
watershed,C08MAL08,Watershed C08MAL08,Mahanadi Basin,Mahanadi Lower,704.56102989,8.375,4.202656321901165,0.501809710077751,4.202656321901165,0.0,NO ALERT,NO ALERT,20260911,12
watershed,C08MAL09,Watershed C08MAL09,Mahanadi Basin,Mahanadi Lower,401.7431351,12.75,3.4306932298696204,0.3,3.8249999999999997,0.0,NO ALERT,NO ALERT,20260911,12
watershed,C08MAL10,Watershed C08MAL10,Mahanadi Basin,Mahanadi Lower,535.91680997,12.1875,3.7679395025519478,0.30916426687605725,3.7679395025519478,0.0,NO ALERT,NO ALERT,20260911,12
watershed,C08MAL11,Watershed C08MAL11,Mahanadi Basin,Mahanadi Lower,654.51725365,15.8125,3.4077285230772136,0.3,4.7437499999999995,0.0,NO ALERT,NO ALERT,20260911,12
watershed,C08MAL12,Watershed C08MAL12,Mahanadi Basin,Mahanadi Lower,697.22090196,10.8125,3.4967723565150615,0.323400911585208,3.4967723565150615,0.0,NO ALERT,NO ALERT,20260911,12
watershed,C08MAL13,Watershed C08MAL13,Mahanadi Basin,Mahanadi Lower,389.31948346,13.5625,2.4701472095838963,0.3,4.06875,0.0,NO ALERT,NO ALERT,20260911,12
watershed,C08MAL14,Watershed C08MAL14,Mahanadi Basin,Mahanadi Lower,555.82098728,0.0,0.0,1.0,0.0,0.0,NO ALERT,NO ALERT,20260911,12
watershed,C08MAL15,Watershed C08MAL15,Mahanadi Basin,Mahanadi Lower,561.69853058,0.0,0.0,1.0,0.0,0.0,NO ALERT,NO ALERT,20260911,12
watershed,C08MAL16,Watershed C08MAL16,Mahanadi Basin,Mahanadi Lower,589.16237481,0.0,0.0,1.0,0.0,0.0,NO ALERT,NO ALERT,20260911,12
watershed,C08MAL17,Watershed C08MAL17,Mahanadi Basin,Mahanadi Lower,466.8620441,9.625,4.0990288263722645,0.42587312481789763,4.0990288263722645,0.0,NO ALERT,NO ALERT,20260911,12
watershed,C08MAL18,Watershed C08MAL18,Mahanadi Basin,Mahanadi Lower,438.4709014,8.3125,3.1338749280531113,0.3770075101417277,3.1338749280531113,0.0,NO ALERT,NO ALERT,20260911,12
watershed,C08MAL19,Watershed C08MAL19,Mahanadi Basin,Mahanadi Lower,469.98461506,13.5,2.7965910704985055,0.3,4.05,0.0,NO ALERT,NO ALERT,20260911,12
watershed,C08MAL20,Watershed C08MAL20,Mahanadi Basin,Mahanadi Lower,603.42457275,15.375,2.212602726400715,0.3,4.6125,0.0,NO ALERT,NO ALERT,20260911,12
watershed,C08MAL21,Watershed C08MAL21,Mahanadi Basin,Mahanadi Lower,409.3587771,28.5,3.7807244045277164,0.3,8.549999999999999,0.0,NO ALERT,NO ALERT,20260911,12
watershed,C08MAL22,Watershed C08MAL22,Mahanadi Basin,Mahanadi Lower,529.77538842,0.0,0.0,1.0,0.0,0.0,NO ALERT,NO ALERT,20260911,12
watershed,C08MAL23,Watershed C08MAL23,Mahanadi Basin,Mahanadi Lower,452.9073452,0.0,0.0,1.0,0.0,0.0,NO ALERT,NO ALERT,20260911,12
watershed,C08MAL24,Watershed C08MAL24,Mahanadi Basin,Mahanadi Lower,736.44457135,43.9375,4.133942866427441,0.3,13.18125,0.0,MODERATE,NO ALERT,20260911,12
watershed,C08MAL25,Watershed C08MAL25,Mahanadi Basin,Mahanadi Lower,738.23640558,0.0,0.0,1.0,0.0,0.0,NO ALERT,NO ALERT,20260911,12
watershed,C08MAL26,Watershed C08MAL26,Mahanadi Basin,Mahanadi Lower,782.99581068,8.6875,3.2629006370697935,0.37558568484256616,3.2629006370697935,0.0,NO ALERT,NO ALERT,20260911,12
watershed,C08MAL27,Watershed C08MAL27,Mahanadi Basin,Mahanadi Lower,744.37525701,24.5,3.621148249272206,0.3,7.35,0.0,NO ALERT,NO ALERT,20260911,12
watershed,C08MAL28,Watershed C08MAL28,Mahanadi Basin,Mahanadi Lower,389.61101945,0.0,0.0,1.0,0.0,0.0,NO ALERT,NO ALERT,20260911,12
watershed,C08MAL29,Watershed C08MAL29,Mahanadi Basin,Mahanadi Lower,661.52595068,13.0625,4.248438638387477,0.32523932159904134,4.248438638387477,0.0,NO ALERT,NO ALERT,20260911,12
watershed,C08MAL30,Watershed C08MAL30,Mahanadi Basin,Mahanadi Lower,320.04969609,0.0,0.0,1.0,0.0,0.0,NO ALERT,NO ALERT,20260911,12
watershed,C08MAL31,Watershed C08MAL31,Mahanadi Basin,Mahanadi Lower,662.03921464,9.125,3.608201451783311,0.3954193371817327,3.608201451783311,0.0,NO ALERT,NO ALERT,20260911,12
watershed,C08MAL32,Watershed C08MAL32,Mahanadi Basin,Mahanadi Lower,546.94469944,7.375,4.300757424472129,0.5831535490809667,4.300757424472129,0.0,NO ALERT,NO ALERT,20260911,12
watershed,C08MAL33,Watershed C08MAL33,Mahanadi Basin,Mahanadi Lower,432.68588382,0.0,0.0,1.0,0.0,0.0,NO ALERT,NO ALERT,20260911,12
watershed,C08MAL34,Watershed C08MAL34,Mahanadi Basin,Mahanadi Lower,618.47868907,9.375,5.101252926396181,0.5441336454822593,5.101252926396181,0.0,NO ALERT,NO ALERT,20260911,12
watershed,C08MAL35,Watershed C08MAL35,Mahanadi Basin,Mahanadi Lower,431.78419102,9.125,3.079437018441011,0.3374725499661382,3.079437018441011,0.0,NO ALERT,NO ALERT,20260911,12
watershed,C08MAL36,Watershed C08MAL36,Mahanadi Basin,Mahanadi Lower,668.18433968,5.3125,3.9353593590324873,0.7407735264061153,3.9353593590324873,0.0,NO ALERT,NO ALERT,20260911,12
watershed,C08MAL37,Watershed C08MAL37,Mahanadi Basin,Mahanadi Lower,460.50191301,5.9375,4.0569808880556115,0.6832809916725241,4.0569808880556115,0.0,NO ALERT,NO ALERT,20260911,12
watershed,C08MAL38,Watershed C08MAL38,Mahanadi Basin,Mahanadi Lower,519.98222349,0.0,0.0,1.0,0.0,0.0,NO ALERT,NO ALERT,20260911,12
watershed,C08MAL39,Watershed C08MAL39,Mahanadi Basin,Mahanadi Lower,601.76928587,5.8125,3.868660734022317,0.665576040261904,3.868660734022317,0.0,NO ALERT,NO ALERT,20260911,12
watershed,C08MAL40,Watershed C08MAL40,Mahanadi Basin,Mahanadi Lower,714.58314684,11.46875,3.8771293780064746,0.33806032723762175,3.8771293780064746,0.0,NO ALERT,NO ALERT,20260911,12
watershed,C08MAL41,Watershed C08MAL41,Mahanadi Basin,Mahanadi Lower,719.73859286,4.1875,3.153603280672472,0.7530992909068589,3.1536032806724714,0.0,NO ALERT,NO ALERT,20260911,12
watershed,C08MAL42,Watershed C08MAL42,Mahanadi Basin,Mahanadi Lower,855.05949164,4.6875,3.362627510644802,0.7173605356042244,3.362627510644802,0.0,NO ALERT,NO ALERT,20260911,12
watershed,C08MAL43,Watershed C08MAL43,Mahanadi Basin,Mahanadi Lower,657.40058208,0.0,0.0,1.0,0.0,0.0,NO ALERT,NO ALERT,20260911,12
watershed,C08MAL44,Watershed C08MAL44,Mahanadi Basin,Mahanadi Lower,649.31978806,4.375,3.357517277990302,0.7674325206834975,3.3575172779903015,0.0,NO ALERT,NO ALERT,20260911,12
watershed,C08MAL45,Watershed C08MAL45,Mahanadi Basin,Mahanadi Lower,875.08697502,6.15625,3.8002191140431245,0.6172944753775633,3.800219114043124,0.0,NO ALERT,NO ALERT,20260911,12
watershed,C08MAL46,Watershed C08MAL46,Mahanadi Basin,Mahanadi Lower,646.30259105,8.0,3.2578547216849785,0.4072318402106223,3.2578547216849785,0.0,NO ALERT,NO ALERT,20260911,12
watershed,C08MAL47,Watershed C08MAL47,Mahanadi Basin,Mahanadi Lower,554.08401678,0.0,0.0,1.0,0.0,0.0,NO ALERT,NO ALERT,20260911,12
watershed,C08MAL48,Watershed C08MAL48,Mahanadi Basin,Mahanadi Lower,389.4913992,8.0,4.256842224851047,0.5321052781063809,4.256842224851047,0.0,NO ALERT,NO ALERT,20260911,12
watershed,C08MAL49,Watershed C08MAL49,Mahanadi Basin,Mahanadi Lower,645.79749697,0.0,0.0,1.0,0.0,0.0,NO ALERT,NO ALERT,20260911,12
watershed,C08MAL50,Watershed C08MAL50,Mahanadi Basin,Mahanadi Lower,665.17809246,7.6875,4.282256402177353,0.5570414832100622,4.282256402177353,0.0,NO ALERT,NO ALERT,20260911,12
watershed,C08MAL51,Watershed C08MAL51,Mahanadi Basin,Mahanadi Lower,446.33466082,7.25,3.843439870256267,0.5301296372767265,3.8434398702562667,0.0,NO ALERT,NO ALERT,20260911,12
watershed,C08MAL52,Watershed C08MAL52,Mahanadi Basin,Mahanadi Lower,738.78121396,6.25,3.9601633788379904,0.6336261406140785,3.960163378837991,0.0,NO ALERT,NO ALERT,20260911,12
watershed,C08MAL53,Watershed C08MAL53,Mahanadi Basin,Mahanadi Lower,638.70830096,7.6875,4.562275563894886,0.5934667400188469,4.562275563894886,0.0,NO ALERT,NO ALERT,20260911,12
watershed,C08MAL54,Watershed C08MAL54,Mahanadi Basin,Mahanadi Lower,580.46263427,6.25,3.887657164751667,0.6220251463602667,3.887657164751667,0.0,NO ALERT,NO ALERT,20260911,12
watershed,C08MAL55,Watershed C08MAL55,Mahanadi Basin,Mahanadi Lower,406.8480715,8.625,4.049780414671931,0.46953975822283256,4.049780414671931,0.0,NO ALERT,NO ALERT,20260911,12
watershed,C08MAL56,Watershed C08MAL56,Mahanadi Basin,Mahanadi Lower,372.72299045,0.0,0.0,1.0,0.0,0.0,NO ALERT,NO ALERT,20260911,12
watershed,C08MAL57,Watershed C08MAL57,Mahanadi Basin,Mahanadi Lower,593.39256939,10.125,3.6788536433283596,0.36334356971144294,3.6788536433283596,0.0,NO ALERT,NO ALERT,20260911,12
watershed,C08MAL58,Watershed C08MAL58,Mahanadi Basin,Mahanadi Lower,464.79234124,0.0,0.0,1.0,0.0,0.0,NO ALERT,NO ALERT,20260911,12
watershed,C08MAL59,Watershed C08MAL59,Mahanadi Basin,Mahanadi Lower,684.65732799,9.1875,3.4924492003574765,0.38013052520897705,3.4924492003574765,0.0,NO ALERT,NO ALERT,20260911,12
watershed,C08MAL60,Watershed C08MAL60,Mahanadi Basin,Mahanadi Lower,748.01203109,7.9375,3.735377491622755,0.4705987391020794,3.735377491622755,0.0,NO ALERT,NO ALERT,20260911,12
watershed,C08MAL61,Watershed C08MAL61,Mahanadi Basin,Mahanadi Lower,769.03642606,5.59375,3.4570693021665697,0.6180235623984929,3.4570693021665697,0.0,NO ALERT,NO ALERT,20260911,12
watershed,C08MAL62,Watershed C08MAL62,Mahanadi Basin,Mahanadi Lower,625.41731297,19.5625,5.1709409836220415,0.3,5.8687499999999995,0.0,NO ALERT,NO ALERT,20260911,12
watershed,C08MAL63,Watershed C08MAL63,Mahanadi Basin,Mahanadi Lower,885.05531934,6.875,3.6189954678081486,0.5263993407720944,3.618995467808149,0.0,NO ALERT,NO ALERT,20260911,12
watershed,C08MAL64,Watershed C08MAL64,Mahanadi Basin,Mahanadi Lower,733.0785912,0.0,0.0,1.0,0.0,0.0,NO ALERT,NO ALERT,20260911,12
watershed,C08MAL65,Watershed C08MAL65,Mahanadi Basin,Mahanadi Lower,671.44834879,6.40625,4.19291381911464,0.6545036205447243,4.19291381911464,0.0,NO ALERT,NO ALERT,20260911,12
watershed,C08MAL66,Watershed C08MAL66,Mahanadi Basin,Mahanadi Lower,436.15881681,0.0,0.0,1.0,0.0,0.0,NO ALERT,NO ALERT,20260911,12
watershed,C08MAL67,Watershed C08MAL67,Mahanadi Basin,Mahanadi Lower,700.11548787,4.0625,3.068518187983395,0.7553275539651434,3.068518187983395,0.0,NO ALERT,NO ALERT,20260911,12
watershed,C08MAL68,Watershed C08MAL68,Mahanadi Basin,Mahanadi Lower,837.09301582,5.5,3.640186815188356,0.6618521482160648,3.6401868151883563,0.0,NO ALERT,NO ALERT,20260911,12
watershed,C08MAL69,Watershed C08MAL69,Mahanadi Basin,Mahanadi Lower,546.92210305,8.5625,3.585172991332126,0.41870633475411695,3.585172991332126,0.0,NO ALERT,NO ALERT,20260911,12
watershed,C08MAL70,Watershed C08MAL70,Mahanadi Basin,Mahanadi Lower,746.35889724,5.71875,2.9958898439391017,0.5238714481204987,2.9958898439391017,0.0,NO ALERT,NO ALERT,20260911,12
watershed,C08MAL71,Watershed C08MAL71,Mahanadi Basin,Mahanadi Lower,715.46584393,8.0,3.462295228202049,0.4327869035252561,3.462295228202049,0.0,NO ALERT,NO ALERT,20260911,12
watershed,C08MAL72,Watershed C08MAL72,Mahanadi Basin,Mahanadi Lower,535.63099993,6.875,3.672899588391389,0.5342399401296566,3.672899588391389,0.0,NO ALERT,NO ALERT,20260911,12
watershed,C08MAL73,Watershed C08MAL73,Mahanadi Basin,Mahanadi Lower,740.44594763,9.25,5.087090585288936,0.5499557389501553,5.087090585288936,0.0,NO ALERT,NO ALERT,20260911,12
watershed,C08MAL74,Watershed C08MAL74,Mahanadi Basin,Mahanadi Lower,491.11701118,11.4375,4.372424762502108,0.3822885038253209,4.372424762502108,0.0,NO ALERT,NO ALERT,20260911,12
watershed,C08MAL75,Watershed C08MAL75,Mahanadi Basin,Mahanadi Lower,766.3183186,7.1875,3.767662145626055,0.5241964724349294,3.767662145626055,0.0,NO ALERT,NO ALERT,20260911,12
watershed,C08MAL76,Watershed C08MAL76,Mahanadi Basin,Mahanadi Lower,628.06392912,0.0,0.0,1.0,0.0,0.0,NO ALERT,NO ALERT,20260911,12
watershed,C08MAL77,Watershed C08MAL77,Mahanadi Basin,Mahanadi Lower,855.89230712,8.0625,3.8958566169216207,0.48320702225384443,3.8958566169216207,0.0,NO ALERT,NO ALERT,20260911,12
watershed,C08MAL78,Watershed C08MAL78,Mahanadi Basin,Mahanadi Lower,884.64665106,7.1875,4.134707293159341,0.5752636233960822,4.134707293159341,0.0,NO ALERT,NO ALERT,20260911,12
watershed,C08MAL79,Watershed C08MAL79,Mahanadi Basin,Mahanadi Lower,601.47723165,8.53125,4.3429132282529785,0.5090594260223271,4.3429132282529785,0.0,NO ALERT,NO ALERT,20260911,12
watershed,C08MAL80,Watershed C08MAL80,Mahanadi Basin,Mahanadi Lower,1155.04758768,4.1875,4.378152343086456,1.0455289177519895,4.378152343086456,0.0,NO ALERT,NO ALERT,20260911,12
watershed,C08MAL81,Watershed C08MAL81,Mahanadi Basin,Mahanadi Lower,1101.14990628,0.0,0.0,1.0,0.0,0.0,NO ALERT,NO ALERT,20260911,12
watershed,C08MAL82,Watershed C08MAL82,Mahanadi Basin,Mahanadi Lower,929.01899848,2.8125,3.5297197348961276,1.255011461296401,3.5297197348961276,0.0,NO ALERT,NO ALERT,20260911,12
watershed,C08MAL83,Watershed C08MAL83,Mahanadi Basin,Mahanadi Lower,818.75530733,3.125,3.37692081638395,1.080614661242864,3.37692081638395,0.0,NO ALERT,NO ALERT,20260911,12
watershed,C08MAL84,Watershed C08MAL84,Mahanadi Basin,Mahanadi Lower,454.41818424,2.0625,3.660367045133081,1.7747234158221,3.660367045133081,0.0,NO ALERT,NO ALERT,20260911,12
watershed,C08MAL85,Watershed C08MAL85,Mahanadi Basin,Mahanadi Lower,953.04636895,2.3125,3.441464552140399,1.4882008874120645,3.441464552140399,0.0,NO ALERT,NO ALERT,20260911,12
watershed,C08MAL86,Watershed C08MAL86,Mahanadi Basin,Mahanadi Lower,734.69958673,5.9375,4.166610510014507,0.7017449280024434,4.166610510014507,0.0,NO ALERT,NO ALERT,20260911,12
watershed,C08MAL87,Watershed C08MAL87,Mahanadi Basin,Mahanadi Lower,1457.58872293,3.8125,3.802075402601941,0.997265679371001,3.802075402601941,0.0,NO ALERT,NO ALERT,20260911,12
watershed,C08MAL88,Watershed C08MAL88,Mahanadi Basin,Mahanadi Lower,612.9588526,8.5,3.084107376859613,0.36283616198348384,3.084107376859613,0.0,NO ALERT,NO ALERT,20260911,12
watershed,C08MAL89,Watershed C08MAL89,Mahanadi Basin,Mahanadi Lower,745.88978617,8.75,2.879792186281044,0.3291191070035479,2.879792186281044,0.0,NO ALERT,NO ALERT,20260911,12
watershed,C08MAL90,Watershed C08MAL90,Mahanadi Basin,Mahanadi Lower,895.60421564,11.25,2.267095518785797,0.3,3.375,0.0,NO ALERT,NO ALERT,20260911,12
watershed,C08MAL91,Watershed C08MAL91,Mahanadi Basin,Mahanadi Lower,719.82220888,0.0,0.0,1.0,0.0,0.0,NO ALERT,NO ALERT,20260911,12
watershed,C08MAM01,Watershed C08MAM01,Mahanadi Basin,Mahanadi Middle,667.92651881,7.875,4.256426135277095,0.5404985568605835,4.256426135277095,0.0,NO ALERT,NO ALERT,20260911,12
watershed,C08MAM02,Watershed C08MAM02,Mahanadi Basin,Mahanadi Middle,524.58631774,14.0625,3.6117245925411785,0.3,4.21875,0.0,NO ALERT,NO ALERT,20260911,12
watershed,C08MAM03,Watershed C08MAM03,Mahanadi Basin,Mahanadi Middle,409.73246076,9.875,3.5940473402812056,0.36395416104113476,3.5940473402812056,0.0,NO ALERT,NO ALERT,20260911,12
watershed,C08MAM04,Watershed C08MAM04,Mahanadi Basin,Mahanadi Middle,345.1693707,24.9375,3.3221629756566595,0.3,7.481249999999999,0.0,NO ALERT,NO ALERT,20260911,12
watershed,C08MAM05,Watershed C08MAM05,Mahanadi Basin,Mahanadi Middle,381.96152279,0.0,0.0,1.0,0.0,0.0,NO ALERT,NO ALERT,20260911,12
watershed,C08MAM06,Watershed C08MAM06,Mahanadi Basin,Mahanadi Middle,355.27539489,0.0,0.0,1.0,0.0,0.0,NO ALERT,NO ALERT,20260911,12
watershed,C08MAM07,Watershed C08MAM07,Mahanadi Basin,Mahanadi Middle,498.50725215,9.0625,3.696106075260737,0.4078461876149779,3.696106075260737,0.0,NO ALERT,NO ALERT,20260911,12
watershed,C08MAM08,Watershed C08MAM08,Mahanadi Basin,Mahanadi Middle,518.13503202,13.25,3.4850609523384537,0.3,3.9749999999999996,0.0,NO ALERT,NO ALERT,20260911,12
watershed,C08MAM09,Watershed C08MAM09,Mahanadi Basin,Mahanadi Middle,650.16786837,10.5625,3.3851207262440903,0.3204848024846476,3.3851207262440903,0.0,NO ALERT,NO ALERT,20260911,12
watershed,C08MAM10,Watershed C08MAM10,Mahanadi Basin,Mahanadi Middle,564.37222388,9.0,4.11690871670638,0.45743430185626444,4.11690871670638,0.0,NO ALERT,NO ALERT,20260911,12
watershed,C08MAM11,Watershed C08MAM11,Mahanadi Basin,Mahanadi Middle,497.13094473,0.0,0.0,1.0,0.0,0.0,NO ALERT,NO ALERT,20260911,12
watershed,C08MAM12,Watershed C08MAM12,Mahanadi Basin,Mahanadi Middle,465.41251109,11.4375,3.849150741794338,0.33653776977436833,3.849150741794338,0.0,NO ALERT,NO ALERT,20260911,12
watershed,C08MAM13,Watershed C08MAM13,Mahanadi Basin,Mahanadi Middle,820.46945897,11.25,4.622817710654377,0.4109171298359446,4.622817710654377,0.0,NO ALERT,NO ALERT,20260911,12
watershed,C08MAM14,Watershed C08MAM14,Mahanadi Basin,Mahanadi Middle,567.23096616,7.5,3.946728786499533,0.5262305048666044,3.946728786499533,0.0,NO ALERT,NO ALERT,20260911,12
watershed,C08MAM15,Watershed C08MAM15,Mahanadi Basin,Mahanadi Middle,841.26465603,10.4375,3.55036206618972,0.34015444945530254,3.55036206618972,0.0,NO ALERT,NO ALERT,20260911,12
watershed,C08MAM16,Watershed C08MAM16,Mahanadi Basin,Mahanadi Middle,423.96261376,8.9375,3.5736677419751475,0.39985093616505146,3.5736677419751475,0.0,NO ALERT,NO ALERT,20260911,12
watershed,C08MAM17,Watershed C08MAM17,Mahanadi Basin,Mahanadi Middle,733.69892263,7.625,5.876400557364503,0.7706754829330497,5.876400557364503,0.0,NO ALERT,NO ALERT,20260911,12
watershed,C08MAM18,Watershed C08MAM18,Mahanadi Basin,Mahanadi Middle,448.22938205,6.25,3.737142099011434,0.5979427358418294,3.737142099011434,0.0,NO ALERT,NO ALERT,20260911,12
watershed,C08MAM19,Watershed C08MAM19,Mahanadi Basin,Mahanadi Middle,444.66304387,0.0,0.0,1.0,0.0,0.0,NO ALERT,NO ALERT,20260911,12
watershed,C08MAM20,Watershed C08MAM20,Mahanadi Basin,Mahanadi Middle,315.09400344,0.0,0.0,1.0,0.0,0.0,NO ALERT,NO ALERT,20260911,12
watershed,C08MAM21,Watershed C08MAM21,Mahanadi Basin,Mahanadi Middle,437.57683537,9.875,3.1270356295451727,0.3166618359033086,3.1270356295451722,0.0,NO ALERT,NO ALERT,20260911,12
watershed,C08MAM22,Watershed C08MAM22,Mahanadi Basin,Mahanadi Middle,691.31401756,6.1875,3.9527779597942145,0.6388328015829033,3.9527779597942145,0.0,NO ALERT,NO ALERT,20260911,12
watershed,C08MAM23,Watershed C08MAM23,Mahanadi Basin,Mahanadi Middle,726.52414656,6.5625,3.2478099414338804,0.49490437202801985,3.2478099414338804,0.0,NO ALERT,NO ALERT,20260911,12
watershed,C08MAM24,Watershed C08MAM24,Mahanadi Basin,Mahanadi Middle,332.2517247,5.375,4.093845264674866,0.7616456306371844,4.093845264674866,0.0,NO ALERT,NO ALERT,20260911,12
watershed,C08MAM25,Watershed C08MAM25,Mahanadi Basin,Mahanadi Middle,549.32518383,0.0,0.0,1.0,0.0,0.0,NO ALERT,NO ALERT,20260911,12
watershed,C08MAM26,Watershed C08MAM26,Mahanadi Basin,Mahanadi Middle,784.36685852,4.9375,4.224848576073777,0.855665534394689,4.224848576073777,0.0,NO ALERT,NO ALERT,20260911,12
watershed,C08MAM27,Watershed C08MAM27,Mahanadi Basin,Mahanadi Middle,592.04090818,4.9375,3.074448739543353,0.6226731624391602,3.074448739543353,0.0,NO ALERT,NO ALERT,20260911,12
watershed,C08MAM28,Watershed C08MAM28,Mahanadi Basin,Mahanadi Middle,674.6758808,0.0,0.0,1.0,0.0,0.0,NO ALERT,NO ALERT,20260911,12
watershed,C08MAM29,Watershed C08MAM29,Mahanadi Basin,Mahanadi Middle,401.23751564,5.5625,3.3807760578312287,0.6077799654528051,3.3807760578312283,0.0,NO ALERT,NO ALERT,20260911,12
watershed,C08MAM30,Watershed C08MAM30,Mahanadi Basin,Mahanadi Middle,521.49676511,6.1875,3.255917763628372,0.5262089314954944,3.255917763628372,0.0,NO ALERT,NO ALERT,20260911,12
watershed,C08MAM31,Watershed C08MAM31,Mahanadi Basin,Mahanadi Middle,344.62586356,6.5,3.4191778270144986,0.5260273580022305,3.4191778270144986,0.0,NO ALERT,NO ALERT,20260911,12
watershed,C08MAM32,Watershed C08MAM32,Mahanadi Basin,Mahanadi Middle,633.83112225,7.28125,3.7635114564573113,0.5168771098997166,3.7635114564573113,0.0,NO ALERT,NO ALERT,20260911,12
watershed,C08MAM33,Watershed C08MAM33,Mahanadi Basin,Mahanadi Middle,862.45004657,8.28125,3.420929868743844,0.4130934181124642,3.420929868743844,0.0,NO ALERT,NO ALERT,20260911,12
watershed,C08MAM34,Watershed C08MAM34,Mahanadi Basin,Mahanadi Middle,476.87426761,0.0,0.0,1.0,0.0,0.0,NO ALERT,NO ALERT,20260911,12
watershed,C08MAM35,Watershed C08MAM35,Mahanadi Basin,Mahanadi Middle,408.47504532,0.0,0.0,1.0,0.0,0.0,NO ALERT,NO ALERT,20260911,12
watershed,C08MAM36,Watershed C08MAM36,Mahanadi Basin,Mahanadi Middle,530.18254066,0.0,0.0,1.0,0.0,0.0,NO ALERT,NO ALERT,20260911,12
watershed,C08MAM37,Watershed C08MAM37,Mahanadi Basin,Mahanadi Middle,668.34839365,10.375,3.9847143129126668,0.38406884943736547,3.9847143129126668,0.0,NO ALERT,NO ALERT,20260911,12
watershed,C08MAM38,Watershed C08MAM38,Mahanadi Basin,Mahanadi Middle,552.46955591,8.75,2.919150763954202,0.3336172301661945,2.919150763954202,0.0,NO ALERT,NO ALERT,20260911,12
watershed,C08MAM39,Watershed C08MAM39,Mahanadi Basin,Mahanadi Middle,694.0317485,11.8125,3.5544511138984602,0.30090591440410247,3.5544511138984602,0.0,NO ALERT,NO ALERT,20260911,12
watershed,C08MAM40,Watershed C08MAM40,Mahanadi Basin,Mahanadi Middle,812.97077968,5.9375,2.5555990142977403,0.430416676092251,2.5555990142977403,0.0,NO ALERT,NO ALERT,20260911,12
watershed,C08MAM41,Watershed C08MAM41,Mahanadi Basin,Mahanadi Middle,456.04208175,10.1875,2.833832401445467,0.3,3.05625,0.0,NO ALERT,NO ALERT,20260911,12
watershed,C08MAM42,Watershed C08MAM42,Mahanadi Basin,Mahanadi Middle,707.20112511,0.0,0.0,1.0,0.0,0.0,NO ALERT,NO ALERT,20260911,12
watershed,C08MAM43,Watershed C08MAM43,Mahanadi Basin,Mahanadi Middle,853.5507564,11.625,3.73440805359246,0.32123940245956645,3.73440805359246,0.0,NO ALERT,NO ALERT,20260911,12
watershed,C08MAM44,Watershed C08MAM44,Mahanadi Basin,Mahanadi Middle,492.86346067,6.6875,3.1811574444787145,0.47568709450149,3.1811574444787145,0.0,NO ALERT,NO ALERT,20260911,12
watershed,C08MAM45,Watershed C08MAM45,Mahanadi Basin,Mahanadi Middle,526.66814116,7.875,3.5164709278165476,0.4465359908338473,3.5164709278165476,0.0,NO ALERT,NO ALERT,20260911,12
watershed,C08MAM46,Watershed C08MAM46,Mahanadi Basin,Mahanadi Middle,514.81073952,0.0,0.0,1.0,0.0,0.0,NO ALERT,NO ALERT,20260911,12
watershed,C08MAM47,Watershed C08MAM47,Mahanadi Basin,Mahanadi Middle,849.47310303,8.75,4.234173372755312,0.4839055283148928,4.234173372755312,0.0,NO ALERT,NO ALERT,20260911,12
watershed,C08MAM48,Watershed C08MAM48,Mahanadi Basin,Mahanadi Middle,617.70879225,6.40625,3.685659668012841,0.57532248476298,3.6856596680128404,0.0,NO ALERT,NO ALERT,20260911,12
watershed,C08MAM49,Watershed C08MAM49,Mahanadi Basin,Mahanadi Middle,651.82532217,6.875,3.5479222347679205,0.516061415966243,3.5479222347679205,0.0,NO ALERT,NO ALERT,20260911,12
watershed,C08MAM50,Watershed C08MAM50,Mahanadi Basin,Mahanadi Middle,902.45662728,6.4375,4.149503584940956,0.6445830811558767,4.149503584940956,0.0,NO ALERT,NO ALERT,20260911,12
watershed,C08MAM51,Watershed C08MAM51,Mahanadi Basin,Mahanadi Middle,344.44812361,5.9375,4.413662254157131,0.7433536428054116,4.413662254157131,0.0,NO ALERT,NO ALERT,20260911,12
watershed,C08MAM52,Watershed C08MAM52,Mahanadi Basin,Mahanadi Middle,593.65135435,3.0,3.6779201238939208,1.2259733746313068,3.6779201238939203,0.0,NO ALERT,NO ALERT,20260911,12
watershed,C08MAM53,Watershed C08MAM53,Mahanadi Basin,Mahanadi Middle,358.44259334,0.0,0.0,1.0,0.0,0.0,NO ALERT,NO ALERT,20260911,12
watershed,C08MAM54,Watershed C08MAM54,Mahanadi Basin,Mahanadi Middle,884.18984478,5.609375,2.8513291453253733,0.5083149451276432,2.8513291453253737,0.0,NO ALERT,NO ALERT,20260911,12
watershed,C08MAM55,Watershed C08MAM55,Mahanadi Basin,Mahanadi Middle,388.99329369,0.0,0.0,1.0,0.0,0.0,NO ALERT,NO ALERT,20260911,12
watershed,C08MAM56,Watershed C08MAM56,Mahanadi Basin,Mahanadi Middle,643.69710135,5.875,3.095536666230796,0.5268998580818376,3.095536666230796,0.0,NO ALERT,NO ALERT,20260911,12
watershed,C08MAM57,Watershed C08MAM57,Mahanadi Basin,Mahanadi Middle,724.53775933,7.0,3.7863804399558942,0.5409114914222706,3.7863804399558942,0.0,NO ALERT,NO ALERT,20260911,12
watershed,C08MAM58,Watershed C08MAM58,Mahanadi Basin,Mahanadi Middle,496.03775416,5.6875,3.521928507946942,0.6192401772214403,3.521928507946942,0.0,NO ALERT,NO ALERT,20260911,12
watershed,C08MAM59,Watershed C08MAM59,Mahanadi Basin,Mahanadi Middle,420.98727248,5.8125,4.394353468022118,0.7560178009500418,4.394353468022118,0.0,NO ALERT,NO ALERT,20260911,12
watershed,C08MAM60,Watershed C08MAM60,Mahanadi Basin,Mahanadi Middle,619.41445592,5.5625,4.679120644722899,0.8411902282647908,4.679120644722899,0.0,NO ALERT,NO ALERT,20260911,12
watershed,C08MAM61,Watershed C08MAM61,Mahanadi Basin,Mahanadi Middle,520.70491264,0.0,0.0,1.0,0.0,0.0,NO ALERT,NO ALERT,20260911,12
watershed,C08MAM62,Watershed C08MAM62,Mahanadi Basin,Mahanadi Middle,426.0700824,0.0,0.0,1.0,0.0,0.0,NO ALERT,NO ALERT,20260911,12
watershed,C08MAM63,Watershed C08MAM63,Mahanadi Basin,Mahanadi Middle,753.47307327,6.875,3.6108845337204736,0.5252195685411598,3.6108845337204736,0.0,NO ALERT,NO ALERT,20260911,12
watershed,C08MAM64,Watershed C08MAM64,Mahanadi Basin,Mahanadi Middle,773.6465892,5.8125,4.284985328088068,0.7372017768753665,4.284985328088068,0.0,NO ALERT,NO ALERT,20260911,12
watershed,C08MAM65,Watershed C08MAM65,Mahanadi Basin,Mahanadi Middle,742.14848602,4.3125,3.432704675095539,0.7959894898772264,3.432704675095539,0.0,NO ALERT,NO ALERT,20260911,12
watershed,C08MAM66,Watershed C08MAM66,Mahanadi Basin,Mahanadi Middle,535.07400037,5.40625,3.9737889272607356,0.7350361021522748,3.9737889272607356,0.0,NO ALERT,NO ALERT,20260911,12
watershed,C08MAM67,Watershed C08MAM67,Mahanadi Basin,Mahanadi Middle,453.0328056,0.0,0.0,1.0,0.0,0.0,NO ALERT,NO ALERT,20260911,12
watershed,C08MAM68,Watershed C08MAM68,Mahanadi Basin,Mahanadi Middle,301.21775382,0.0,0.0,1.0,0.0,0.0,NO ALERT,NO ALERT,20260911,12
watershed,C08MAM69,Watershed C08MAM69,Mahanadi Basin,Mahanadi Middle,601.71325603,6.5,4.5275777299110205,0.6965504199863108,4.5275777299110205,0.0,NO ALERT,NO ALERT,20260911,12
watershed,C08MAM70,Watershed C08MAM70,Mahanadi Basin,Mahanadi Middle,655.99331415,0.0,0.0,1.0,0.0,0.0,NO ALERT,NO ALERT,20260911,12
watershed,C08MAM71,Watershed C08MAM71,Mahanadi Basin,Mahanadi Middle,751.99964641,5.84375,3.924214263239952,0.6715232963833073,3.924214263239952,0.0,NO ALERT,NO ALERT,20260911,12
watershed,C08MAM72,Watershed C08MAM72,Mahanadi Basin,Mahanadi Middle,670.36634643,0.0,0.0,1.0,0.0,0.0,NO ALERT,NO ALERT,20260911,12
watershed,C08MAM73,Watershed C08MAM73,Mahanadi Basin,Mahanadi Middle,584.00334944,8.0,4.005133581161499,0.5006416976451874,4.005133581161499,0.0,NO ALERT,NO ALERT,20260911,12
watershed,C08MAM74,Watershed C08MAM74,Mahanadi Basin,Mahanadi Middle,493.63063971,0.0,0.0,1.0,0.0,0.0,NO ALERT,NO ALERT,20260911,12
watershed,C08MAM75,Watershed C08MAM75,Mahanadi Basin,Mahanadi Middle,586.39837462,7.0625,4.0371367419827475,0.5716299811656987,4.0371367419827475,0.0,NO ALERT,NO ALERT,20260911,12
watershed,C08MAM76,Watershed C08MAM76,Mahanadi Basin,Mahanadi Middle,886.99640362,6.90625,3.763959342425,0.5450076875909503,3.7639593424250006,0.0,NO ALERT,NO ALERT,20260911,12
watershed,C08MAM77,Watershed C08MAM77,Mahanadi Basin,Mahanadi Middle,769.32448662,0.0,0.0,1.0,0.0,0.0,NO ALERT,NO ALERT,20260911,12
watershed,C08MAM78,Watershed C08MAM78,Mahanadi Basin,Mahanadi Middle,570.18148363,4.625,4.417752101935752,0.9551896436617843,4.417752101935752,0.0,NO ALERT,NO ALERT,20260911,12
watershed,C08MAM79,Watershed C08MAM79,Mahanadi Basin,Mahanadi Middle,561.94975335,0.0,0.0,1.0,0.0,0.0,NO ALERT,NO ALERT,20260911,12
watershed,C08MAM80,Watershed C08MAM80,Mahanadi Basin,Mahanadi Middle,888.24454541,7.34375,4.830543982982635,0.657776201938061,4.830543982982635,0.0,NO ALERT,NO ALERT,20260911,12
watershed,C08MAM81,Watershed C08MAM81,Mahanadi Basin,Mahanadi Middle,738.4109668,7.0,4.420662581634848,0.6315232259478354,4.420662581634848,0.0,NO ALERT,NO ALERT,20260911,12
watershed,C08MAM82,Watershed C08MAM82,Mahanadi Basin,Mahanadi Middle,754.61304427,3.0,5.830511139149535,1.943503713049845,5.830511139149535,0.0,NO ALERT,NO ALERT,20260911,12
watershed,C08MAM83,Watershed C08MAM83,Mahanadi Basin,Mahanadi Middle,530.10936798,4.75,3.921273511484878,0.8255312655757637,3.921273511484878,0.0,NO ALERT,NO ALERT,20260911,12
watershed,C08MAM84,Watershed C08MAM84,Mahanadi Basin,Mahanadi Middle,886.28317933,1.1875,5.185288373615644,3.0,3.5625,0.0,NO ALERT,NO ALERT,20260911,12
watershed,C08MAM85,Watershed C08MAM85,Mahanadi Basin,Mahanadi Middle,355.94722386,4.1875,4.708196719991018,1.1243454853709893,4.708196719991018,0.0,NO ALERT,NO ALERT,20260911,12
watershed,C08MAM86,Watershed C08MAM86,Mahanadi Basin,Mahanadi Middle,596.32280816,6.5,5.052572582386536,0.7773188588286979,5.052572582386536,0.0,NO ALERT,NO ALERT,20260911,12
watershed,C08MAM87,Watershed C08MAM87,Mahanadi Basin,Mahanadi Middle,651.47707395,0.0,0.0,1.0,0.0,0.0,NO ALERT,NO ALERT,20260911,12
watershed,C08MAM88,Watershed C08MAM88,Mahanadi Basin,Mahanadi Middle,641.51993698,0.0,0.0,1.0,0.0,0.0,NO ALERT,NO ALERT,20260911,12
watershed,C08MAU01,Watershed C08MAU01,Mahanadi Basin,Mahanadi Upper,594.4133797,21.75,3.8670302263269685,0.3,6.5249999999999995,0.0,NO ALERT,NO ALERT,20260911,12
watershed,C08MAU02,Watershed C08MAU02,Mahanadi Basin,Mahanadi Upper,823.93077447,19.875,3.7421185516739546,0.3,5.9624999999999995,0.0,NO ALERT,NO ALERT,20260911,12
watershed,C08MAU03,Watershed C08MAU03,Mahanadi Basin,Mahanadi Upper,725.74229485,19.1875,3.6146640564480874,0.3,5.75625,0.0,NO ALERT,NO ALERT,20260911,12
watershed,C08MAU04,Watershed C08MAU04,Mahanadi Basin,Mahanadi Upper,893.17081552,18.5625,3.4668340725645628,0.3,5.56875,0.0,NO ALERT,NO ALERT,20260911,12
watershed,C08MAU05,Watershed C08MAU05,Mahanadi Basin,Mahanadi Upper,581.86225312,17.8125,4.2427909042329,0.3,5.34375,0.0,NO ALERT,NO ALERT,20260911,12
watershed,C08MAU06,Watershed C08MAU06,Mahanadi Basin,Mahanadi Upper,669.22438887,17.375,3.8783650118602466,0.3,5.2124999999999995,0.0,NO ALERT,NO ALERT,20260911,12
watershed,C08MAU07,Watershed C08MAU07,Mahanadi Basin,Mahanadi Upper,793.21472936,23.15625,4.1015421816951605,0.3,6.9468749999999995,0.0,NO ALERT,NO ALERT,20260911,12
watershed,C08MAU08,Watershed C08MAU08,Mahanadi Basin,Mahanadi Upper,741.39501607,13.5,3.698767595013527,0.3,4.05,0.0,NO ALERT,NO ALERT,20260911,12
watershed,C08MAU09,Watershed C08MAU09,Mahanadi Basin,Mahanadi Upper,870.01548911,14.5625,3.8182401836734927,0.3,4.3687499999999995,0.0,NO ALERT,NO ALERT,20260911,12
watershed,C08MAU10,Watershed C08MAU10,Mahanadi Basin,Mahanadi Upper,638.72606336,21.4375,3.0905223255798426,0.3,6.4312499999999995,0.0,NO ALERT,NO ALERT,20260911,12
watershed,C08MAU11,Watershed C08MAU11,Mahanadi Basin,Mahanadi Upper,730.48019338,0.0,0.0,1.0,0.0,0.0,NO ALERT,NO ALERT,20260911,12
watershed,C08MAU12,Watershed C08MAU12,Mahanadi Basin,Mahanadi Upper,471.89363185,27.0625,2.3345829129627305,0.3,8.11875,0.0,NO ALERT,NO ALERT,20260911,12
watershed,C08MAU13,Watershed C08MAU13,Mahanadi Basin,Mahanadi Upper,471.40117741,0.0,0.0,1.0,0.0,0.0,NO ALERT,NO ALERT,20260911,12
watershed,C08MAU14,Watershed C08MAU14,Mahanadi Basin,Mahanadi Upper,827.46085136,23.0625,2.0349738590113104,0.3,6.91875,0.0,NO ALERT,NO ALERT,20260911,12
watershed,C08MAU15,Watershed C08MAU15,Mahanadi Basin,Mahanadi Upper,622.31583139,26.125,1.6552106282074157,0.3,7.8374999999999995,0.0,NO ALERT,NO ALERT,20260911,12
watershed,C08MAU16,Watershed C08MAU16,Mahanadi Basin,Mahanadi Upper,586.09314906,24.9375,1.7060785164163537,0.3,7.481249999999999,0.0,NO ALERT,NO ALERT,20260911,12
watershed,C08MAU17,Watershed C08MAU17,Mahanadi Basin,Mahanadi Upper,387.73946028,0.0,0.0,1.0,0.0,0.0,NO ALERT,NO ALERT,20260911,12
watershed,C08MAU18,Watershed C08MAU18,Mahanadi Basin,Mahanadi Upper,714.00670901,11.0625,3.2705238968746304,0.3,3.31875,0.0,NO ALERT,NO ALERT,20260911,12
watershed,C08MAU19,Watershed C08MAU19,Mahanadi Basin,Mahanadi Upper,555.50352015,0.0,0.0,1.0,0.0,0.0,NO ALERT,NO ALERT,20260911,12
watershed,C08MAU20,Watershed C08MAU20,Mahanadi Basin,Mahanadi Upper,584.45038582,10.4375,3.1507476341642744,0.30186803680615804,3.1507476341642744,0.0,NO ALERT,NO ALERT,20260911,12
watershed,C08MAU21,Watershed C08MAU21,Mahanadi Basin,Mahanadi Upper,536.09299213,15.5625,3.414622415479732,0.3,4.66875,0.0,NO ALERT,NO ALERT,20260911,12
watershed,C08MAU22,Watershed C08MAU22,Mahanadi Basin,Mahanadi Upper,396.4791674,0.0,0.0,1.0,0.0,0.0,NO ALERT,NO ALERT,20260911,12
watershed,C08MAU23,Watershed C08MAU23,Mahanadi Basin,Mahanadi Upper,519.01614514,14.625,2.998001531052263,0.3,4.3875,0.0,NO ALERT,NO ALERT,20260911,12
watershed,C08MAU24,Watershed C08MAU24,Mahanadi Basin,Mahanadi Upper,692.53402854,15.28125,2.95201600203163,0.3,4.584375,0.0,NO ALERT,NO ALERT,20260911,12
watershed,C08MAU25,Watershed C08MAU25,Mahanadi Basin,Mahanadi Upper,314.34321757,0.0,0.0,1.0,0.0,0.0,NO ALERT,NO ALERT,20260911,12
watershed,C08MAU26,Watershed C08MAU26,Mahanadi Basin,Mahanadi Upper,477.92239992,17.0625,1.9904868019157893,0.3,5.1187499999999995,0.0,NO ALERT,NO ALERT,20260911,12
watershed,C08MAU27,Watershed C08MAU27,Mahanadi Basin,Mahanadi Upper,563.2258246,18.375,2.3100064981473634,0.3,5.5125,0.0,NO ALERT,NO ALERT,20260911,12
watershed,C08MAU28,Watershed C08MAU28,Mahanadi Basin,Mahanadi Upper,530.193256,0.0,0.0,1.0,0.0,0.0,NO ALERT,NO ALERT,20260911,12
watershed,C08MAU29,Watershed C08MAU29,Mahanadi Basin,Mahanadi Upper,767.96906873,12.625,2.0343276063873343,0.3,3.7874999999999996,0.0,NO ALERT,NO ALERT,20260911,12
watershed,C08MAU30,Watershed C08MAU30,Mahanadi Basin,Mahanadi Upper,750.26920234,16.5625,2.833195839148678,0.3,4.96875,0.0,NO ALERT,NO ALERT,20260911,12
watershed,C08MAU31,Watershed C08MAU31,Mahanadi Basin,Mahanadi Upper,876.70452631,14.625,2.7742010585249286,0.3,4.3875,0.0,NO ALERT,NO ALERT,20260911,12
watershed,C08MAU32,Watershed C08MAU32,Mahanadi Basin,Mahanadi Upper,449.84447962,13.1875,3.9244728020813366,0.3,3.95625,0.0,NO ALERT,NO ALERT,20260911,12
watershed,C08MAU33,Watershed C08MAU33,Mahanadi Basin,Mahanadi Upper,344.85125995,0.0,0.0,1.0,0.0,0.0,NO ALERT,NO ALERT,20260911,12
watershed,C08MAU34,Watershed C08MAU34,Mahanadi Basin,Mahanadi Upper,457.8994718,0.0,0.0,1.0,0.0,0.0,NO ALERT,NO ALERT,20260911,12
watershed,C08MAU35,Watershed C08MAU35,Mahanadi Basin,Mahanadi Upper,771.92117404,7.03125,3.7825873553548774,0.5379679794282493,3.7825873553548774,0.0,NO ALERT,NO ALERT,20260911,12
watershed,C08MAU36,Watershed C08MAU36,Mahanadi Basin,Mahanadi Upper,650.8510219,9.875,3.035168412286941,0.3073588265607029,3.035168412286941,0.0,NO ALERT,NO ALERT,20260911,12
watershed,C08MAU37,Watershed C08MAU37,Mahanadi Basin,Mahanadi Upper,507.72890442,13.9375,3.616319300458856,0.3,4.1812499999999995,0.0,NO ALERT,NO ALERT,20260911,12
watershed,C08MAU38,Watershed C08MAU38,Mahanadi Basin,Mahanadi Upper,758.7814814,0.0,0.0,1.0,0.0,0.0,NO ALERT,NO ALERT,20260911,12
watershed,C08MAU39,Watershed C08MAU39,Mahanadi Basin,Mahanadi Upper,676.77018721,8.03125,3.824382044119786,0.4761876475168605,3.824382044119786,0.0,NO ALERT,NO ALERT,20260911,12
watershed,C08MAU40,Watershed C08MAU40,Mahanadi Basin,Mahanadi Upper,578.23980292,0.0,0.0,1.0,0.0,0.0,NO ALERT,NO ALERT,20260911,12
watershed,C08MAU41,Watershed C08MAU41,Mahanadi Basin,Mahanadi Upper,380.80867187,10.625,3.9096365268303925,0.3679657907605075,3.909636526830392,0.0,NO ALERT,NO ALERT,20260911,12
watershed,C08MAU42,Watershed C08MAU42,Mahanadi Basin,Mahanadi Upper,432.94670541,0.0,0.0,1.0,0.0,0.0,NO ALERT,NO ALERT,20260911,12
watershed,C08MAU43,Watershed C08MAU43,Mahanadi Basin,Mahanadi Upper,393.14858778,12.4375,4.384875091522524,0.35255277117769035,4.384875091522524,0.0,NO ALERT,NO ALERT,20260911,12
watershed,C08MAU44,Watershed C08MAU44,Mahanadi Basin,Mahanadi Upper,819.83561259,11.46875,3.2411882709864885,0.3,3.440625,0.0,NO ALERT,NO ALERT,20260911,12
watershed,C08MAU45,Watershed C08MAU45,Mahanadi Basin,Mahanadi Upper,907.63441362,11.65625,3.1844056284284754,0.3,3.4968749999999997,0.0,NO ALERT,NO ALERT,20260911,12
watershed,C08MAU46,Watershed C08MAU46,Mahanadi Basin,Mahanadi Upper,582.42231962,12.8125,3.811494893141805,0.3,3.84375,0.0,NO ALERT,NO ALERT,20260911,12
watershed,C08MAU47,Watershed C08MAU47,Mahanadi Basin,Mahanadi Upper,617.26786511,0.0,0.0,1.0,0.0,0.0,NO ALERT,NO ALERT,20260911,12
watershed,C08MAU48,Watershed C08MAU48,Mahanadi Basin,Mahanadi Upper,757.89397341,10.375,3.153342611169162,0.303936637221124,3.153342611169162,0.0,NO ALERT,NO ALERT,20260911,12
watershed,C09PEL01,Watershed C09PEL01,Pennar Basin,Pennar Lower,560.14717648,0.0,3.1746648305899474,1.0,0.0,0.0,NO ALERT,NO ALERT,20260911,12
watershed,C09PEL02,Watershed C09PEL02,Pennar Basin,Pennar Lower,680.86486779,0.0,3.6311613682198196,1.0,0.0,0.0,NO ALERT,NO ALERT,20260911,12
watershed,C09PEL03,Watershed C09PEL03,Pennar Basin,Pennar Lower,669.80706018,0.0,0.0,1.0,0.0,0.0,NO ALERT,NO ALERT,20260911,12
watershed,C09PEL04,Watershed C09PEL04,Pennar Basin,Pennar Lower,850.70225824,0.0,2.4951605725370043,1.0,0.0,0.0,NO ALERT,NO ALERT,20260911,12
watershed,C09PEL05,Watershed C09PEL05,Pennar Basin,Pennar Lower,692.06456045,0.0,2.6001389658614382,1.0,0.0,0.0,NO ALERT,NO ALERT,20260911,12
watershed,C09PEL06,Watershed C09PEL06,Pennar Basin,Pennar Lower,498.11277356,0.0,0.0,1.0,0.0,0.0,NO ALERT,NO ALERT,20260911,12
watershed,C09PEL07,Watershed C09PEL07,Pennar Basin,Pennar Lower,647.42422532,0.0,2.881480044698062,1.0,0.0,0.0,NO ALERT,NO ALERT,20260911,12
watershed,C09PEL08,Watershed C09PEL08,Pennar Basin,Pennar Lower,623.58910345,0.0,2.4944796443393784,1.0,0.0,0.0,NO ALERT,NO ALERT,20260911,12
watershed,C09PEL09,Watershed C09PEL09,Pennar Basin,Pennar Lower,762.31614728,0.0,3.7136874927029218,1.0,0.0,0.0,NO ALERT,NO ALERT,20260911,12
watershed,C09PEL10,Watershed C09PEL10,Pennar Basin,Pennar Lower,620.14150361,0.0625,2.996025449527453,1.0,0.0625,0.0,NO ALERT,NO ALERT,20260911,12
watershed,C09PEL11,Watershed C09PEL11,Pennar Basin,Pennar Lower,643.94279448,0.0,0.0,1.0,0.0,0.0,NO ALERT,NO ALERT,20260911,12
watershed,C09PEL12,Watershed C09PEL12,Pennar Basin,Pennar Lower,735.23100022,0.375,3.520701633005926,3.0,1.125,0.0,NO ALERT,NO ALERT,20260911,12
watershed,C09PEL13,Watershed C09PEL13,Pennar Basin,Pennar Lower,512.11993984,0.3125,2.653227683248585,3.0,0.9375,0.0,NO ALERT,NO ALERT,20260911,12
watershed,C09PEL14,Watershed C09PEL14,Pennar Basin,Pennar Lower,618.21386091,1.875,2.305297790202376,1.2294921547746005,2.305297790202376,0.0,NO ALERT,NO ALERT,20260911,12
watershed,C09PEL15,Watershed C09PEL15,Pennar Basin,Pennar Lower,763.67055892,1.1875,2.859973700507863,2.408398905690832,2.8599737005078634,0.0,NO ALERT,NO ALERT,20260911,12
watershed,C09PEL16,Watershed C09PEL16,Pennar Basin,Pennar Lower,818.01845555,0.625,2.8947060210247564,3.0,1.875,0.0,NO ALERT,NO ALERT,20260911,12
watershed,C09PEL17,Watershed C09PEL17,Pennar Basin,Pennar Lower,439.59613155,0.0,0.0,1.0,0.0,0.0,NO ALERT,NO ALERT,20260911,12
watershed,C09PEL18,Watershed C09PEL18,Pennar Basin,Pennar Lower,696.38982675,0.0625,2.7113447176267025,1.0,0.0625,0.0,NO ALERT,NO ALERT,20260911,12
watershed,C09PEL19,Watershed C09PEL19,Pennar Basin,Pennar Lower,777.10541864,0.0625,2.8555164571902525,1.0,0.0625,0.0,NO ALERT,NO ALERT,20260911,12
watershed,C09PEL20,Watershed C09PEL20,Pennar Basin,Pennar Lower,752.54944031,0.5,3.0491104196195735,3.0,1.5,0.0,NO ALERT,NO ALERT,20260911,12
watershed,C09PEL21,Watershed C09PEL21,Pennar Basin,Pennar Lower,543.28197375,1.4375,3.5791154078833043,2.48981941417969,3.5791154078833043,0.0,NO ALERT,NO ALERT,20260911,12
watershed,C09PEL22,Watershed C09PEL22,Pennar Basin,Pennar Lower,592.27502153,0.0,0.0,1.0,0.0,0.0,NO ALERT,NO ALERT,20260911,12
watershed,C09PEL23,Watershed C09PEL23,Pennar Basin,Pennar Lower,493.98614894,3.125,3.240862348981916,1.0370759516742132,3.240862348981916,0.0,NO ALERT,NO ALERT,20260911,12
watershed,C09PEL24,Watershed C09PEL24,Pennar Basin,Pennar Lower,457.26842831,0.9375,3.420830906233559,3.0,2.8125,0.0,NO ALERT,NO ALERT,20260911,12
watershed,C09PEL25,Watershed C09PEL25,Pennar Basin,Pennar Lower,519.32283623,0.25,3.299683380535204,3.0,0.75,0.0,NO ALERT,NO ALERT,20260911,12
watershed,C09PEL26,Watershed C09PEL26,Pennar Basin,Pennar Lower,593.266029,0.5625,3.6496602350718352,3.0,1.6875,0.0,NO ALERT,NO ALERT,20260911,12
watershed,C09PEL27,Watershed C09PEL27,Pennar Basin,Pennar Lower,626.34047427,0.625,3.457748293835823,3.0,1.875,0.0,NO ALERT,NO ALERT,20260911,12
watershed,C09PEL28,Watershed C09PEL28,Pennar Basin,Pennar Lower,357.62383354,0.0,0.0,1.0,0.0,0.0,NO ALERT,NO ALERT,20260911,12
watershed,C09PEL29,Watershed C09PEL29,Pennar Basin,Pennar Lower,434.48305518,1.9375,3.403102698881332,1.7564401026484293,3.403102698881332,0.0,NO ALERT,NO ALERT,20260911,12
watershed,C09PEU01,Watershed C09PEU01,Pennar Basin,Pennar Upper,837.90331762,0.0,2.6201656669786533,1.0,0.0,0.0,NO ALERT,NO ALERT,20260911,12
watershed,C09PEU02,Watershed C09PEU02,Pennar Basin,Pennar Upper,594.62888315,0.0,1.7569107880739316,1.0,0.0,0.0,NO ALERT,NO ALERT,20260911,12
watershed,C09PEU03,Watershed C09PEU03,Pennar Basin,Pennar Upper,545.95237792,0.0,2.1980829408315765,1.0,0.0,0.0,NO ALERT,NO ALERT,20260911,12
watershed,C09PEU04,Watershed C09PEU04,Pennar Basin,Pennar Upper,544.68134885,0.0,0.0,1.0,0.0,0.0,NO ALERT,NO ALERT,20260911,12
watershed,C09PEU05,Watershed C09PEU05,Pennar Basin,Pennar Upper,452.94392027,0.0,0.0,1.0,0.0,0.0,NO ALERT,NO ALERT,20260911,12
watershed,C09PEU06,Watershed C09PEU06,Pennar Basin,Pennar Upper,553.22552071,0.0,1.5863248074707919,1.0,0.0,0.0,NO ALERT,NO ALERT,20260911,12
watershed,C09PEU07,Watershed C09PEU07,Pennar Basin,Pennar Upper,926.9720508,0.0,2.0093543867134067,1.0,0.0,0.0,NO ALERT,NO ALERT,20260911,12
watershed,C09PEU08,Watershed C09PEU08,Pennar Basin,Pennar Upper,466.78559263,0.0,0.0,1.0,0.0,0.0,NO ALERT,NO ALERT,20260911,12
watershed,C09PEU09,Watershed C09PEU09,Pennar Basin,Pennar Upper,354.72583112,0.0,0.0,1.0,0.0,0.0,NO ALERT,NO ALERT,20260911,12
watershed,C09PEU10,Watershed C09PEU10,Pennar Basin,Pennar Upper,648.32771234,0.0,1.4472502430824383,1.0,0.0,0.0,NO ALERT,NO ALERT,20260911,12
watershed,C09PEU11,Watershed C09PEU11,Pennar Basin,Pennar Upper,610.46095798,0.0,1.9580053923881218,1.0,0.0,0.0,NO ALERT,NO ALERT,20260911,12
watershed,C09PEU12,Watershed C09PEU12,Pennar Basin,Pennar Upper,589.17090854,0.0,2.2047048106585465,1.0,0.0,0.0,NO ALERT,NO ALERT,20260911,12
watershed,C09PEU13,Watershed C09PEU13,Pennar Basin,Pennar Upper,608.0063361,0.0,1.7884030055918105,1.0,0.0,0.0,NO ALERT,NO ALERT,20260911,12
watershed,C09PEU14,Watershed C09PEU14,Pennar Basin,Pennar Upper,829.9867629,0.0,2.130906553301093,1.0,0.0,0.0,NO ALERT,NO ALERT,20260911,12
watershed,C09PEU15,Watershed C09PEU15,Pennar Basin,Pennar Upper,539.80170705,0.0,0.0,1.0,0.0,0.0,NO ALERT,NO ALERT,20260911,12
watershed,C09PEU16,Watershed C09PEU16,Pennar Basin,Pennar Upper,564.53366432,0.0,2.1264641015496974,1.0,0.0,0.0,NO ALERT,NO ALERT,20260911,12
watershed,C09PEU17,Watershed C09PEU17,Pennar Basin,Pennar Upper,868.45247114,0.0,1.9032127915384018,1.0,0.0,0.0,NO ALERT,NO ALERT,20260911,12
watershed,C09PEU18,Watershed C09PEU18,Pennar Basin,Pennar Upper,824.2879845,0.0,1.8421696458777337,1.0,0.0,0.0,NO ALERT,NO ALERT,20260911,12
watershed,C09PEU19,Watershed C09PEU19,Pennar Basin,Pennar Upper,835.32037194,0.0,1.9492130764134943,1.0,0.0,0.0,NO ALERT,NO ALERT,20260911,12
watershed,C09PEU20,Watershed C09PEU20,Pennar Basin,Pennar Upper,766.56347133,0.0,1.9478188127687532,1.0,0.0,0.0,NO ALERT,NO ALERT,20260911,12
watershed,C09PEU21,Watershed C09PEU21,Pennar Basin,Pennar Upper,394.3133742,0.0,0.0,1.0,0.0,0.0,NO ALERT,NO ALERT,20260911,12
watershed,C09PEU22,Watershed C09PEU22,Pennar Basin,Pennar Upper,593.27764131,0.0,2.038470174515084,1.0,0.0,0.0,NO ALERT,NO ALERT,20260911,12
watershed,C09PEU23,Watershed C09PEU23,Pennar Basin,Pennar Upper,470.12670279,0.0,2.0741964110364655,1.0,0.0,0.0,NO ALERT,NO ALERT,20260911,12
watershed,C09PEU24,Watershed C09PEU24,Pennar Basin,Pennar Upper,661.94688168,0.0,2.0742206798024374,1.0,0.0,0.0,NO ALERT,NO ALERT,20260911,12
watershed,C09PEU25,Watershed C09PEU25,Pennar Basin,Pennar Upper,661.61402266,0.0,1.867724730972558,1.0,0.0,0.0,NO ALERT,NO ALERT,20260911,12
watershed,C09PEU26,Watershed C09PEU26,Pennar Basin,Pennar Upper,619.481903,0.0,0.0,1.0,0.0,0.0,NO ALERT,NO ALERT,20260911,12
watershed,C09PEU27,Watershed C09PEU27,Pennar Basin,Pennar Upper,820.88187523,0.0625,1.8648729588887463,1.0,0.0625,0.0,NO ALERT,NO ALERT,20260911,12
watershed,C09PEU28,Watershed C09PEU28,Pennar Basin,Pennar Upper,596.1096078,0.0,0.0,1.0,0.0,0.0,NO ALERT,NO ALERT,20260911,12
watershed,C09PEU29,Watershed C09PEU29,Pennar Basin,Pennar Upper,533.54169934,0.0,2.089680948159466,1.0,0.0,0.0,NO ALERT,NO ALERT,20260911,12
watershed,C09PEU30,Watershed C09PEU30,Pennar Basin,Pennar Upper,570.28677825,0.0,2.1024728662143013,1.0,0.0,0.0,NO ALERT,NO ALERT,20260911,12
watershed,C09PEU31,Watershed C09PEU31,Pennar Basin,Pennar Upper,579.04339732,0.0625,2.1504243805290084,1.0,0.0625,0.0,NO ALERT,NO ALERT,20260911,12
watershed,C09PEU32,Watershed C09PEU32,Pennar Basin,Pennar Upper,310.2298074,0.0,0.0,1.0,0.0,0.0,NO ALERT,NO ALERT,20260911,12
watershed,C09PEU33,Watershed C09PEU33,Pennar Basin,Pennar Upper,374.630639,0.0,0.0,1.0,0.0,0.0,NO ALERT,NO ALERT,20260911,12
watershed,C09PEU34,Watershed C09PEU34,Pennar Basin,Pennar Upper,623.25937643,0.3125,2.4878778838539777,3.0,0.9375,0.0,NO ALERT,NO ALERT,20260911,12
watershed,C09PEU35,Watershed C09PEU35,Pennar Basin,Pennar Upper,596.64328512,0.15625,2.6875732476682694,3.0,0.46875,0.0,NO ALERT,NO ALERT,20260911,12
watershed,C09PEU36,Watershed C09PEU36,Pennar Basin,Pennar Upper,712.74159734,0.0,0.0,1.0,0.0,0.0,NO ALERT,NO ALERT,20260911,12
watershed,C09PEU37,Watershed C09PEU37,Pennar Basin,Pennar Upper,657.98013255,0.0,0.0,1.0,0.0,0.0,NO ALERT,NO ALERT,20260911,12
watershed,C09PEU38,Watershed C09PEU38,Pennar Basin,Pennar Upper,659.03534637,0.0,3.0371597958550063,1.0,0.0,0.0,NO ALERT,NO ALERT,20260911,12
watershed,C09PEU39,Watershed C09PEU39,Pennar Basin,Pennar Upper,579.01218139,0.0,2.4454201546842107,1.0,0.0,0.0,NO ALERT,NO ALERT,20260911,12
watershed,C09PEU40,Watershed C09PEU40,Pennar Basin,Pennar Upper,396.52758889,0.0,0.0,1.0,0.0,0.0,NO ALERT,NO ALERT,20260911,12
watershed,C09PEU41,Watershed C09PEU41,Pennar Basin,Pennar Upper,562.43400825,0.0,0.0,1.0,0.0,0.0,NO ALERT,NO ALERT,20260911,12
watershed,C09PEU42,Watershed C09PEU42,Pennar Basin,Pennar Upper,598.09495131,0.0625,2.4547924931531084,1.0,0.0625,0.0,NO ALERT,NO ALERT,20260911,12
watershed,C09PEU43,Watershed C09PEU43,Pennar Basin,Pennar Upper,641.74356869,0.0,3.2775489092893797,1.0,0.0,0.0,NO ALERT,NO ALERT,20260911,12
watershed,C09PEU44,Watershed C09PEU44,Pennar Basin,Pennar Upper,841.05352267,0.0625,2.774668799524438,1.0,0.0625,0.0,NO ALERT,NO ALERT,20260911,12
watershed,C09PEU45,Watershed C09PEU45,Pennar Basin,Pennar Upper,589.89051194,0.0,0.0,1.0,0.0,0.0,NO ALERT,NO ALERT,20260911,12
watershed,C09PEU46,Watershed C09PEU46,Pennar Basin,Pennar Upper,448.36678574,0.4375,2.562436781007133,3.0,1.3125,0.0,NO ALERT,NO ALERT,20260911,12
watershed,C09PEU47,Watershed C09PEU47,Pennar Basin,Pennar Upper,656.66712894,0.0625,2.654730179865066,1.0,0.0625,0.0,NO ALERT,NO ALERT,20260911,12
watershed,C09PEU48,Watershed C09PEU48,Pennar Basin,Pennar Upper,387.58700138,0.0,2.482529573897793,1.0,0.0,0.0,NO ALERT,NO ALERT,20260911,12
watershed,C09PEU49,Watershed C09PEU49,Pennar Basin,Pennar Upper,702.54228314,0.0,0.0,1.0,0.0,0.0,NO ALERT,NO ALERT,20260911,12
watershed,C09PEU50,Watershed C09PEU50,Pennar Basin,Pennar Upper,504.59082676,0.0,2.01996341688584,1.0,0.0,0.0,NO ALERT,NO ALERT,20260911,12
watershed,C09PEU51,Watershed C09PEU51,Pennar Basin,Pennar Upper,751.4061401,0.0,2.443297623659242,1.0,0.0,0.0,NO ALERT,NO ALERT,20260911,12
watershed,C09PEU52,Watershed C09PEU52,Pennar Basin,Pennar Upper,813.29859716,0.0,2.4214530900120734,1.0,0.0,0.0,NO ALERT,NO ALERT,20260911,12
watershed,C09PEU53,Watershed C09PEU53,Pennar Basin,Pennar Upper,414.50539767,0.0,1.7424966041560042,1.0,0.0,0.0,NO ALERT,NO ALERT,20260911,12
watershed,C09PEU54,Watershed C09PEU54,Pennar Basin,Pennar Upper,421.54076538,0.0,2.8771448481164565,1.0,0.0,0.0,NO ALERT,NO ALERT,20260911,12
watershed,C09PEU55,Watershed C09PEU55,Pennar Basin,Pennar Upper,497.08913128,0.0,0.0,1.0,0.0,0.0,NO ALERT,NO ALERT,20260911,12
watershed,C09PEU56,Watershed C09PEU56,Pennar Basin,Pennar Upper,573.69273857,0.0,2.0724669976593697,1.0,0.0,0.0,NO ALERT,NO ALERT,20260911,12
watershed,C09PEU57,Watershed C09PEU57,Pennar Basin,Pennar Upper,421.82547628,0.0,2.393751917942746,1.0,0.0,0.0,NO ALERT,NO ALERT,20260911,12
watershed,C09PEU58,Watershed C09PEU58,Pennar Basin,Pennar Upper,478.38940681,0.0,0.0,1.0,0.0,0.0,NO ALERT,NO ALERT,20260911,12
watershed,C09PEU59,Watershed C09PEU59,Pennar Basin,Pennar Upper,524.55939242,0.0,2.2711808993391793,1.0,0.0,0.0,NO ALERT,NO ALERT,20260911,12
watershed,C09PEU60,Watershed C09PEU60,Pennar Basin,Pennar Upper,556.75880927,0.0,0.0,1.0,0.0,0.0,NO ALERT,NO ALERT,20260911,12
watershed,C09PEU61,Watershed C09PEU61,Pennar Basin,Pennar Upper,504.1235394,0.3125,2.531957409194071,3.0,0.9375,0.0,NO ALERT,NO ALERT,20260911,12
watershed,C15NAG01,Watershed C15NAG01,East flowing rivers between Mahanadi and Godavari Basin,Nagvati and other,632.5199221,0.0,0.0,1.0,0.0,0.0,NO ALERT,NO ALERT,20260911,12
watershed,C15NAG02,Watershed C15NAG02,East flowing rivers between Mahanadi and Godavari Basin,Nagvati and other,430.69713287,10.3125,3.7753593147005122,0.36609544869823146,3.775359314700512,0.0,NO ALERT,NO ALERT,20260911,12
watershed,C15NAG03,Watershed C15NAG03,East flowing rivers between Mahanadi and Godavari Basin,Nagvati and other,740.98580074,10.625,3.590313122819548,0.33791182332419273,3.590313122819548,0.0,NO ALERT,NO ALERT,20260911,12
watershed,C15NAG04,Watershed C15NAG04,East flowing rivers between Mahanadi and Godavari Basin,Nagvati and other,766.48340691,12.0,3.19369984195657,0.3,3.5999999999999996,0.0,NO ALERT,NO ALERT,20260911,12
watershed,C15NAG05,Watershed C15NAG05,East flowing rivers between Mahanadi and Godavari Basin,Nagvati and other,512.50959199,0.0,0.0,1.0,0.0,0.0,NO ALERT,NO ALERT,20260911,12
watershed,C15NAG06,Watershed C15NAG06,East flowing rivers between Mahanadi and Godavari Basin,Nagvati and other,694.61582535,17.25,3.9677795473435156,0.3,5.175,0.0,NO ALERT,NO ALERT,20260911,12
watershed,C15NAG07,Watershed C15NAG07,East flowing rivers between Mahanadi and Godavari Basin,Nagvati and other,639.31037447,12.6875,3.6625564510691655,0.3,3.80625,0.0,NO ALERT,NO ALERT,20260911,12
watershed,C15NAG08,Watershed C15NAG08,East flowing rivers between Mahanadi and Godavari Basin,Nagvati and other,710.09447546,13.1875,3.518661148009235,0.3,3.95625,0.0,NO ALERT,NO ALERT,20260911,12
watershed,C15NAG09,Watershed C15NAG09,East flowing rivers between Mahanadi and Godavari Basin,Nagvati and other,756.072977,15.5,2.687920594439931,0.3,4.6499999999999995,0.0,NO ALERT,NO ALERT,20260911,12
watershed,C15NAG10,Watershed C15NAG10,East flowing rivers between Mahanadi and Godavari Basin,Nagvati and other,549.73585526,0.0,0.0,1.0,0.0,0.0,NO ALERT,NO ALERT,20260911,12
watershed,C15NAG11,Watershed C15NAG11,East flowing rivers between Mahanadi and Godavari Basin,Nagvati and other,563.38239337,8.65625,3.9155653950184175,0.4523396846230663,3.9155653950184175,0.0,NO ALERT,NO ALERT,20260911,12
watershed,C15NAG12,Watershed C15NAG12,East flowing rivers between Mahanadi and Godavari Basin,Nagvati and other,518.81690689,0.0,0.0,1.0,0.0,0.0,NO ALERT,NO ALERT,20260911,12
watershed,C15NAG13,Watershed C15NAG13,East flowing rivers between Mahanadi and Godavari Basin,Nagvati and other,553.99704325,0.0,0.0,1.0,0.0,0.0,NO ALERT,NO ALERT,20260911,12
watershed,C15NAG14,Watershed C15NAG14,East flowing rivers between Mahanadi and Godavari Basin,Nagvati and other,928.4496632,8.6875,3.991999751921386,0.45951076281109476,3.991999751921386,0.0,NO ALERT,NO ALERT,20260911,12
watershed,C15NAG15,Watershed C15NAG15,East flowing rivers between Mahanadi and Godavari Basin,Nagvati and other,380.19645488,0.0,0.0,1.0,0.0,0.0,NO ALERT,NO ALERT,20260911,12
watershed,C15NAG16,Watershed C15NAG16,East flowing rivers between Mahanadi and Godavari Basin,Nagvati and other,596.9944158,5.75,3.4389041376440495,0.5980702848076608,3.4389041376440495,0.0,NO ALERT,NO ALERT,20260911,12
watershed,C15NAG17,Watershed C15NAG17,East flowing rivers between Mahanadi and Godavari Basin,Nagvati and other,549.41398965,2.9375,3.309643417270216,1.1266871207728395,3.309643417270216,0.0,NO ALERT,NO ALERT,20260911,12
watershed,C15NAG18,Watershed C15NAG18,East flowing rivers between Mahanadi and Godavari Basin,Nagvati and other,722.33141117,12.3125,3.7685047522595485,0.3060714519601664,3.7685047522595485,0.0,NO ALERT,NO ALERT,20260911,12
watershed,C15NAG19,Watershed C15NAG19,East flowing rivers between Mahanadi and Godavari Basin,Nagvati and other,543.83709741,3.78125,3.5350564336531782,0.9348909576603447,3.5350564336531782,0.0,NO ALERT,NO ALERT,20260911,12
watershed,C15NAG20,Watershed C15NAG20,East flowing rivers between Mahanadi and Godavari Basin,Nagvati and other,482.32275797,0.0,0.0,1.0,0.0,0.0,NO ALERT,NO ALERT,20260911,12
watershed,C15NAG21,Watershed C15NAG21,East flowing rivers between Mahanadi and Godavari Basin,Nagvati and other,395.35593411,0.0,0.0,1.0,0.0,0.0,NO ALERT,NO ALERT,20260911,12
watershed,C15NAG22,Watershed C15NAG22,East flowing rivers between Mahanadi and Godavari Basin,Nagvati and other,567.77260523,14.5625,4.634463467744932,0.31824641838591805,4.634463467744932,0.0,NO ALERT,NO ALERT,20260911,12
watershed,C15NAG23,Watershed C15NAG23,East flowing rivers between Mahanadi and Godavari Basin,Nagvati and other,799.62029477,5.0,4.422542204554767,0.8845084409109534,4.422542204554767,0.0,NO ALERT,NO ALERT,20260911,12
watershed,C15NAG24,Watershed C15NAG24,East flowing rivers between Mahanadi and Godavari Basin,Nagvati and other,450.69594792,1.25,3.199305688681668,2.5594445509453343,3.199305688681668,0.0,NO ALERT,NO ALERT,20260911,12
watershed,C15NAG25,Watershed C15NAG25,East flowing rivers between Mahanadi and Godavari Basin,Nagvati and other,387.38188606,2.1875,4.246135353184727,1.9410904471701607,4.246135353184727,0.0,NO ALERT,NO ALERT,20260911,12
watershed,C15NAG26,Watershed C15NAG26,East flowing rivers between Mahanadi and Godavari Basin,Nagvati and other,546.86800687,7.625,4.201469595403704,0.5510124059545841,4.201469595403704,0.0,NO ALERT,NO ALERT,20260911,12
watershed,C15NAG27,Watershed C15NAG27,East flowing rivers between Mahanadi and Godavari Basin,Nagvati and other,357.78973915,1.4375,3.820976850370022,2.6580708524313197,3.820976850370022,0.0,NO ALERT,NO ALERT,20260911,12
watershed,C15NAG28,Watershed C15NAG28,East flowing rivers between Mahanadi and Godavari Basin,Nagvati and other,834.60306042,1.125,0.0,0.3,0.33749999999999997,0.0,NO ALERT,NO ALERT,20260911,12
watershed,C15NAG29,Watershed C15NAG29,East flowing rivers between Mahanadi and Godavari Basin,Nagvati and other,454.02703913,0.0,0.0,1.0,0.0,0.0,NO ALERT,NO ALERT,20260911,12
watershed,C15NAG30,Watershed C15NAG30,East flowing rivers between Mahanadi and Godavari Basin,Nagvati and other,526.89898011,6.25,3.698990736228146,0.5918385177965033,3.698990736228146,0.0,NO ALERT,NO ALERT,20260911,12
watershed,C15NAG31,Watershed C15NAG31,East flowing rivers between Mahanadi and Godavari Basin,Nagvati and other,538.73138363,2.0625,3.7183900353026718,1.8028557746922045,3.7183900353026718,0.0,NO ALERT,NO ALERT,20260911,12
watershed,C15NAG32,Watershed C15NAG32,East flowing rivers between Mahanadi and Godavari Basin,Nagvati and other,385.03367121,0.0,0.0,1.0,0.0,0.0,NO ALERT,NO ALERT,20260911,12
watershed,C15NAG33,Watershed C15NAG33,East flowing rivers between Mahanadi and Godavari Basin,Nagvati and other,617.73147699,8.625,3.439138472937558,0.39874069251449945,3.439138472937558,0.0,NO ALERT,NO ALERT,20260911,12
watershed,C15NAG34,Watershed C15NAG34,East flowing rivers between Mahanadi and Godavari Basin,Nagvati and other,615.30109219,8.21875,3.726249138929256,0.453383925649187,3.726249138929256,0.0,NO ALERT,NO ALERT,20260911,12
watershed,C15NAG35,Watershed C15NAG35,East flowing rivers between Mahanadi and Godavari Basin,Nagvati and other,701.06159111,3.25,3.1746111307650398,0.9768034248507814,3.1746111307650398,0.0,NO ALERT,NO ALERT,20260911,12
watershed,C15NAG36,Watershed C15NAG36,East flowing rivers between Mahanadi and Godavari Basin,Nagvati and other,429.12461833,0.0,0.0,1.0,0.0,0.0,NO ALERT,NO ALERT,20260911,12
watershed,C15NAG37,Watershed C15NAG37,East flowing rivers between Mahanadi and Godavari Basin,Nagvati and other,822.98883174,1.8125,3.4877611190284767,1.9242819967053664,3.4877611190284767,0.0,NO ALERT,NO ALERT,20260911,12
watershed,C15NAG38,Watershed C15NAG38,East flowing rivers between Mahanadi and Godavari Basin,Nagvati and other,720.02027717,6.0625,4.13575925904594,0.6821870942756191,4.13575925904594,0.0,NO ALERT,NO ALERT,20260911,12
watershed,C15NAG39,Watershed C15NAG39,East flowing rivers between Mahanadi and Godavari Basin,Nagvati and other,613.72724192,1.9375,3.358451640585514,1.7333943951409105,3.358451640585514,0.0,NO ALERT,NO ALERT,20260911,12
watershed,C15NAG40,Watershed C15NAG40,East flowing rivers between Mahanadi and Godavari Basin,Nagvati and other,732.9325958,0.6875,2.964305266635875,3.0,2.0625,0.0,NO ALERT,NO ALERT,20260911,12
watershed,C15NAG41,Watershed C15NAG41,East flowing rivers between Mahanadi and Godavari Basin,Nagvati and other,601.80535611,0.8125,2.793654791010569,3.0,2.4375,0.0,NO ALERT,NO ALERT,20260911,12
watershed,C15VAM01,Watershed C15VAM01,East flowing rivers between Mahanadi and Godavari Basin,Vamsadhara and other,695.38937117,28.125,4.801267970935123,0.3,8.4375,0.0,NO ALERT,NO ALERT,20260911,12
watershed,C15VAM02,Watershed C15VAM02,East flowing rivers between Mahanadi and Godavari Basin,Vamsadhara and other,600.20088325,15.8125,3.392914422693318,0.3,4.7437499999999995,0.0,NO ALERT,NO ALERT,20260911,12
watershed,C15VAM03,Watershed C15VAM03,East flowing rivers between Mahanadi and Godavari Basin,Vamsadhara and other,818.62473094,18.75,4.662388960465993,0.3,5.625,0.0,NO ALERT,NO ALERT,20260911,12
watershed,C15VAM04,Watershed C15VAM04,East flowing rivers between Mahanadi and Godavari Basin,Vamsadhara and other,564.05055921,11.0625,4.364389779837164,0.39452111004177753,4.364389779837164,0.0,NO ALERT,NO ALERT,20260911,12
watershed,C15VAM05,Watershed C15VAM05,East flowing rivers between Mahanadi and Godavari Basin,Vamsadhara and other,591.52346414,27.25,3.4668988407474677,0.3,8.174999999999999,0.0,NO ALERT,NO ALERT,20260911,12
watershed,C15VAM06,Watershed C15VAM06,East flowing rivers between Mahanadi and Godavari Basin,Vamsadhara and other,518.20635872,17.4375,3.806664177101769,0.3,5.23125,0.0,NO ALERT,NO ALERT,20260911,12
watershed,C15VAM07,Watershed C15VAM07,East flowing rivers between Mahanadi and Godavari Basin,Vamsadhara and other,572.46853938,16.0625,3.8650105208566745,0.3,4.81875,0.0,NO ALERT,NO ALERT,20260911,12
watershed,C15VAM08,Watershed C15VAM08,East flowing rivers between Mahanadi and Godavari Basin,Vamsadhara and other,587.54342749,0.0,0.0,1.0,0.0,0.0,NO ALERT,NO ALERT,20260911,12
watershed,C15VAM09,Watershed C15VAM09,East flowing rivers between Mahanadi and Godavari Basin,Vamsadhara and other,469.28860304,17.5,3.3631649063874596,0.3,5.25,0.0,NO ALERT,NO ALERT,20260911,12
watershed,C15VAM10,Watershed C15VAM10,East flowing rivers between Mahanadi and Godavari Basin,Vamsadhara and other,611.61656109,18.8125,3.63109264555451,0.3,5.64375,0.0,NO ALERT,NO ALERT,20260911,12
watershed,C15VAM11,Watershed C15VAM11,East flowing rivers between Mahanadi and Godavari Basin,Vamsadhara and other,652.9259525,14.09375,3.9941190119271406,0.3,4.2281249999999995,0.0,NO ALERT,NO ALERT,20260911,12
watershed,C15VAM12,Watershed C15VAM12,East flowing rivers between Mahanadi and Godavari Basin,Vamsadhara and other,502.05697076,0.0,0.0,1.0,0.0,0.0,NO ALERT,NO ALERT,20260911,12
watershed,C15VAM13,Watershed C15VAM13,East flowing rivers between Mahanadi and Godavari Basin,Vamsadhara and other,430.72943336,16.4375,4.209763863723572,0.3,4.9312499999999995,0.0,NO ALERT,NO ALERT,20260911,12
watershed,C15VAM14,Watershed C15VAM14,East flowing rivers between Mahanadi and Godavari Basin,Vamsadhara and other,543.47305537,0.0,0.0,1.0,0.0,0.0,NO ALERT,NO ALERT,20260911,12
watershed,C15VAM15,Watershed C15VAM15,East flowing rivers between Mahanadi and Godavari Basin,Vamsadhara and other,540.93202626,25.8125,3.5951709238633716,0.3,7.7437499999999995,0.0,NO ALERT,NO ALERT,20260911,12
watershed,C15VAM16,Watershed C15VAM16,East flowing rivers between Mahanadi and Godavari Basin,Vamsadhara and other,652.4961302,20.84375,3.600730751638543,0.3,6.253125,0.0,NO ALERT,NO ALERT,20260911,12
watershed,C15VAM17,Watershed C15VAM17,East flowing rivers between Mahanadi and Godavari Basin,Vamsadhara and other,589.09460775,8.875,3.590929413842012,0.404611764939945,3.590929413842012,0.0,NO ALERT,NO ALERT,20260911,12
watershed,C15VAM18,Watershed C15VAM18,East flowing rivers between Mahanadi and Godavari Basin,Vamsadhara and other,455.94413526,0.0,0.0,1.0,0.0,0.0,NO ALERT,NO ALERT,20260911,12
watershed,C15VAM19,Watershed C15VAM19,East flowing rivers between Mahanadi and Godavari Basin,Vamsadhara and other,392.57115435,17.75,3.785356293353316,0.3,5.325,0.0,NO ALERT,NO ALERT,20260911,12
watershed,C15VAM20,Watershed C15VAM20,East flowing rivers between Mahanadi and Godavari Basin,Vamsadhara and other,893.8081966,0.0,0.0,1.0,0.0,0.0,NO ALERT,NO ALERT,20260911,12
watershed,C15VAM21,Watershed C15VAM21,East flowing rivers between Mahanadi and Godavari Basin,Vamsadhara and other,848.58661758,15.0,4.02195291086419,0.3,4.5,0.0,NO ALERT,NO ALERT,20260911,12
watershed,C15VAM22,Watershed C15VAM22,East flowing rivers between Mahanadi and Godavari Basin,Vamsadhara and other,896.08864448,26.4375,3.9376137885737093,0.3,7.9312499999999995,0.0,NO ALERT,NO ALERT,20260911,12
watershed,C15VAM23,Watershed C15VAM23,East flowing rivers between Mahanadi and Godavari Basin,Vamsadhara and other,739.19949408,21.65625,3.700765475140859,0.3,6.496875,0.0,NO ALERT,NO ALERT,20260911,12
watershed,C15VAM24,Watershed C15VAM24,East flowing rivers between Mahanadi and Godavari Basin,Vamsadhara and other,605.09080621,10.25,3.6536578669939956,0.3564544260481947,3.6536578669939956,0.0,NO ALERT,NO ALERT,20260911,12
watershed,C15VAM25,Watershed C15VAM25,East flowing rivers between Mahanadi and Godavari Basin,Vamsadhara and other,930.45707871,13.25,3.978310067931267,0.30024981644764276,3.9783100679312664,0.0,NO ALERT,NO ALERT,20260911,12
watershed,C15VAM26,Watershed C15VAM26,East flowing rivers between Mahanadi and Godavari Basin,Vamsadhara and other,667.95341371,0.0,0.0,1.0,0.0,0.0,NO ALERT,NO ALERT,20260911,12
watershed,C15VAM27,Watershed C15VAM27,East flowing rivers between Mahanadi and Godavari Basin,Vamsadhara and other,595.2367493,18.65625,3.7220364163489377,0.3,5.596875,0.0,NO ALERT,NO ALERT,20260911,12
watershed,C15VAM28,Watershed C15VAM28,East flowing rivers between Mahanadi and Godavari Basin,Vamsadhara and other,729.54473132,0.0,0.0,1.0,0.0,0.0,NO ALERT,NO ALERT,20260911,12
watershed,C15VAM29,Watershed C15VAM29,East flowing rivers between Mahanadi and Godavari Basin,Vamsadhara and other,636.31435446,11.875,3.4802786809328485,0.3,3.5625,0.0,NO ALERT,NO ALERT,20260911,12
watershed,C15VAM30,Watershed C15VAM30,East flowing rivers between Mahanadi and Godavari Basin,Vamsadhara and other,392.22604468,0.0,0.0,1.0,0.0,0.0,NO ALERT,NO ALERT,20260911,12
watershed,C15VAM31,Watershed C15VAM31,East flowing rivers between Mahanadi and Godavari Basin,Vamsadhara and other,653.55400786,16.6875,3.533230407883043,0.3,5.00625,0.0,NO ALERT,NO ALERT,20260911,12
watershed,C15VAM32,Watershed C15VAM32,East flowing rivers between Mahanadi and Godavari Basin,Vamsadhara and other,874.11362528,20.9375,3.1200133697627344,0.3,6.28125,0.0,NO ALERT,NO ALERT,20260911,12
watershed,C15VAM33,Watershed C15VAM33,East flowing rivers between Mahanadi and Godavari Basin,Vamsadhara and other,874.97474933,29.53125,3.0878750517351987,0.3,8.859375,0.0,NO ALERT,NO ALERT,20260911,12
watershed,C15VAM34,Watershed C15VAM34,East flowing rivers between Mahanadi and Godavari Basin,Vamsadhara and other,744.34928228,16.75,0.0,0.3,5.0249999999999995,0.0,NO ALERT,NO ALERT,20260911,12
watershed,C16GTK01,Watershed C16GTK01,East flowing rivers between Godavari and Krishna Basin,East flowing rivers between Godavari and krishna,505.49873394,0.0,0.0,1.0,0.0,0.0,NO ALERT,NO ALERT,20260911,12
watershed,C16GTK02,Watershed C16GTK02,East flowing rivers between Godavari and Krishna Basin,East flowing rivers between Godavari and krishna,666.74301431,0.125,3.9361826452694526,3.0,0.375,0.0,NO ALERT,NO ALERT,20260911,12
watershed,C16GTK03,Watershed C16GTK03,East flowing rivers between Godavari and Krishna Basin,East flowing rivers between Godavari and krishna,653.94063405,1.65625,3.207612725888213,1.9366718344985436,3.207612725888213,0.0,NO ALERT,NO ALERT,20260911,12
watershed,C16GTK04,Watershed C16GTK04,East flowing rivers between Godavari and Krishna Basin,East flowing rivers between Godavari and krishna,520.01889793,1.1875,3.5132595258216335,2.958534337534007,3.5132595258216335,0.0,NO ALERT,NO ALERT,20260911,12
watershed,C16GTK05,Watershed C16GTK05,East flowing rivers between Godavari and Krishna Basin,East flowing rivers between Godavari and krishna,809.69583808,0.0,0.0,1.0,0.0,0.0,NO ALERT,NO ALERT,20260911,12
watershed,C16GTK06,Watershed C16GTK06,East flowing rivers between Godavari and Krishna Basin,East flowing rivers between Godavari and krishna,585.50979956,0.5625,3.153945983558485,3.0,1.6875,0.0,NO ALERT,NO ALERT,20260911,12
watershed,C16GTK07,Watershed C16GTK07,East flowing rivers between Godavari and Krishna Basin,East flowing rivers between Godavari and krishna,774.7932562,0.0,0.0,1.0,0.0,0.0,NO ALERT,NO ALERT,20260911,12
watershed,C16GTK08,Watershed C16GTK08,East flowing rivers between Godavari and Krishna Basin,East flowing rivers between Godavari and krishna,902.04086707,0.625,3.397230740789681,3.0,1.875,0.0,NO ALERT,NO ALERT,20260911,12
watershed,C16GTK09,Watershed C16GTK09,East flowing rivers between Godavari and Krishna Basin,East flowing rivers between Godavari and krishna,550.67847612,1.4375,4.541980263060086,3.0,4.3125,0.0,NO ALERT,NO ALERT,20260911,12
watershed,C16GTK10,Watershed C16GTK10,East flowing rivers between Godavari and Krishna Basin,East flowing rivers between Godavari and krishna,625.41470561,2.6875,3.7898464417008504,1.4101754201677583,3.7898464417008504,0.0,NO ALERT,NO ALERT,20260911,12
watershed,C16GTK11,Watershed C16GTK11,East flowing rivers between Godavari and Krishna Basin,East flowing rivers between Godavari and krishna,654.50983518,0.75,3.384724555664683,3.0,2.25,0.0,NO ALERT,NO ALERT,20260911,12
watershed,C16GTK12,Watershed C16GTK12,East flowing rivers between Godavari and Krishna Basin,East flowing rivers between Godavari and krishna,626.26203973,1.5,2.8992522124150026,1.9328348082766684,2.8992522124150026,0.0,NO ALERT,NO ALERT,20260911,12
watershed,C16GTK13,Watershed C16GTK13,East flowing rivers between Godavari and Krishna Basin,East flowing rivers between Godavari and krishna,723.98255404,0.3125,3.2578586592657923,3.0,0.9375,0.0,NO ALERT,NO ALERT,20260911,12
watershed,C16GTK14,Watershed C16GTK14,East flowing rivers between Godavari and Krishna Basin,East flowing rivers between Godavari and krishna,645.438274,0.0,0.0,1.0,0.0,0.0,NO ALERT,NO ALERT,20260911,12
watershed,C16GTK15,Watershed C16GTK15,East flowing rivers between Godavari and Krishna Basin,East flowing rivers between Godavari and krishna,625.44631874,0.59375,3.038976108272598,3.0,1.78125,0.0,NO ALERT,NO ALERT,20260911,12
watershed,C16GTK16,Watershed C16GTK16,East flowing rivers between Godavari and Krishna Basin,East flowing rivers between Godavari and krishna,472.31616028,0.0,0.0,1.0,0.0,0.0,NO ALERT,NO ALERT,20260911,12
watershed,C17KTP01,Watershed C17KTP01,East flowing rivers between Krishna and Pennar Basin,East flowing rivers between krishna and Pennar,458.61109023,0.0,0.0,1.0,0.0,0.0,NO ALERT,NO ALERT,20260911,12
watershed,C17KTP02,Watershed C17KTP02,East flowing rivers between Krishna and Pennar Basin,East flowing rivers between krishna and Pennar,520.55465052,1.9375,2.245717426501725,1.1590799620654064,2.245717426501725,0.0,NO ALERT,NO ALERT,20260911,12
watershed,C17KTP03,Watershed C17KTP03,East flowing rivers between Krishna and Pennar Basin,East flowing rivers between krishna and Pennar,554.31534434,0.0,0.0,1.0,0.0,0.0,NO ALERT,NO ALERT,20260911,12
watershed,C17KTP04,Watershed C17KTP04,East flowing rivers between Krishna and Pennar Basin,East flowing rivers between krishna and Pennar,586.63889298,3.25,2.7309329691202673,0.8402870674216207,2.7309329691202673,0.0,NO ALERT,NO ALERT,20260911,12
watershed,C17KTP05,Watershed C17KTP05,East flowing rivers between Krishna and Pennar Basin,East flowing rivers between krishna and Pennar,204.6585824,0.0,0.0,1.0,0.0,0.0,NO ALERT,NO ALERT,20260911,12
watershed,C17KTP06,Watershed C17KTP06,East flowing rivers between Krishna and Pennar Basin,East flowing rivers between krishna and Pennar,418.8433689,3.9375,2.7331768704603796,0.6941401575772392,2.7331768704603796,0.0,NO ALERT,NO ALERT,20260911,12
watershed,C17KTP07,Watershed C17KTP07,East flowing rivers between Krishna and Pennar Basin,East flowing rivers between krishna and Pennar,655.19213431,4.9375,3.0731794286468257,0.622416086814547,3.0731794286468257,0.0,NO ALERT,NO ALERT,20260911,12
watershed,C17KTP08,Watershed C17KTP08,East flowing rivers between Krishna and Pennar Basin,East flowing rivers between krishna and Pennar,590.31305238,0.0,0.0,1.0,0.0,0.0,NO ALERT,NO ALERT,20260911,12
watershed,C17KTP09,Watershed C17KTP09,East flowing rivers between Krishna and Pennar Basin,East flowing rivers between krishna and Pennar,569.14356147,4.625,3.183297816878312,0.6882806090547702,3.183297816878312,0.0,NO ALERT,NO ALERT,20260911,12
watershed,C17KTP10,Watershed C17KTP10,East flowing rivers between Krishna and Pennar Basin,East flowing rivers between krishna and Pennar,500.1303802,1.75,2.257678658525421,1.290102090585955,2.257678658525421,0.0,NO ALERT,NO ALERT,20260911,12
watershed,C17KTP11,Watershed C17KTP11,East flowing rivers between Krishna and Pennar Basin,East flowing rivers between krishna and Pennar,588.67928274,2.8125,2.7653735411493745,0.9832439257419998,2.7653735411493745,0.0,NO ALERT,NO ALERT,20260911,12
watershed,C17KTP12,Watershed C17KTP12,East flowing rivers between Krishna and Pennar Basin,East flowing rivers between krishna and Pennar,490.15800791,3.25,1.9344506456019128,0.595215583262127,1.9344506456019126,0.0,NO ALERT,NO ALERT,20260911,12
watershed,C17KTP13,Watershed C17KTP13,East flowing rivers between Krishna and Pennar Basin,East flowing rivers between krishna and Pennar,450.91155474,3.375,1.9046103939414025,0.5643290056122674,1.9046103939414025,0.0,NO ALERT,NO ALERT,20260911,12
watershed,C17KTP14,Watershed C17KTP14,East flowing rivers between Krishna and Pennar Basin,East flowing rivers between krishna and Pennar,449.32695496,0.0,0.0,1.0,0.0,0.0,NO ALERT,NO ALERT,20260911,12
watershed,C17KTP15,Watershed C17KTP15,East flowing rivers between Krishna and Pennar Basin,East flowing rivers between krishna and Pennar,567.31948066,2.1875,2.9392483695729137,1.3436563975190463,2.9392483695729137,0.0,NO ALERT,NO ALERT,20260911,12
watershed,C17KTP16,Watershed C17KTP16,East flowing rivers between Krishna and Pennar Basin,East flowing rivers between krishna and Pennar,446.78413107,4.625,3.3378448201573057,0.7216961773313093,3.3378448201573057,0.0,NO ALERT,NO ALERT,20260911,12
watershed,C17KTP17,Watershed C17KTP17,East flowing rivers between Krishna and Pennar Basin,East flowing rivers between krishna and Pennar,518.10711797,3.6875,2.8884875759890636,0.7833186646750003,2.8884875759890636,0.0,NO ALERT,NO ALERT,20260911,12
watershed,C17KTP18,Watershed C17KTP18,East flowing rivers between Krishna and Pennar Basin,East flowing rivers between krishna and Pennar,418.69587295,2.4375,2.4990699500866134,1.0252594667022004,2.4990699500866134,0.0,NO ALERT,NO ALERT,20260911,12
watershed,C17KTP19,Watershed C17KTP19,East flowing rivers between Krishna and Pennar Basin,East flowing rivers between krishna and Pennar,656.9831864,3.75,2.2798568317334946,0.6079618217955985,2.2798568317334946,0.0,NO ALERT,NO ALERT,20260911,12
watershed,C17KTP20,Watershed C17KTP20,East flowing rivers between Krishna and Pennar Basin,East flowing rivers between krishna and Pennar,627.79714687,0.0,0.0,1.0,0.0,0.0,NO ALERT,NO ALERT,20260911,12
watershed,C17KTP21,Watershed C17KTP21,East flowing rivers between Krishna and Pennar Basin,East flowing rivers between krishna and Pennar,459.44839113,1.3125,3.350953013337638,2.5531070577810575,3.350953013337638,0.0,NO ALERT,NO ALERT,20260911,12
watershed,C17KTP22,Watershed C17KTP22,East flowing rivers between Krishna and Pennar Basin,East flowing rivers between krishna and Pennar,331.84170729,0.0,0.0,1.0,0.0,0.0,NO ALERT,NO ALERT,20260911,12
watershed,C17KTP23,Watershed C17KTP23,East flowing rivers between Krishna and Pennar Basin,East flowing rivers between krishna and Pennar,711.45434191,3.625,2.403246773473204,0.6629646271650218,2.403246773473204,0.0,NO ALERT,NO ALERT,20260911,12
watershed,C17KTP24,Watershed C17KTP24,East flowing rivers between Krishna and Pennar Basin,East flowing rivers between krishna and Pennar,557.5347974,2.5625,2.97148376772665,1.1596034215518634,2.97148376772665,0.0,NO ALERT,NO ALERT,20260911,12
watershed,C17KTP25,Watershed C17KTP25,East flowing rivers between Krishna and Pennar Basin,East flowing rivers between krishna and Pennar,553.12864634,2.6875,2.363401301531759,0.8794051354536778,2.363401301531759,0.0,NO ALERT,NO ALERT,20260911,12
watershed,C17KTP26,Watershed C17KTP26,East flowing rivers between Krishna and Pennar Basin,East flowing rivers between krishna and Pennar,765.46013637,1.6875,3.1116341995049828,1.8439313774844341,3.1116341995049828,0.0,NO ALERT,NO ALERT,20260911,12
watershed,C17KTP27,Watershed C17KTP27,East flowing rivers between Krishna and Pennar Basin,East flowing rivers between krishna and Pennar,457.12431025,0.0,0.0,1.0,0.0,0.0,NO ALERT,NO ALERT,20260911,12
watershed,C17KTP28,Watershed C17KTP28,East flowing rivers between Krishna and Pennar Basin,East flowing rivers between krishna and Pennar,628.15916359,1.625,3.372315378997424,2.0752710024599534,3.3723153789974245,0.0,NO ALERT,NO ALERT,20260911,12
watershed,C17KTP29,Watershed C17KTP29,East flowing rivers between Krishna and Pennar Basin,East flowing rivers between krishna and Pennar,1404.19454826,2.46875,3.709260220866497,1.5024851527560494,3.709260220866497,0.0,NO ALERT,NO ALERT,20260911,12
watershed,C17KTP30,Watershed C17KTP30,East flowing rivers between Krishna and Pennar Basin,East flowing rivers between krishna and Pennar,566.80461856,0.0,0.0,1.0,0.0,0.0,NO ALERT,NO ALERT,20260911,12
watershed,C17KTP31,Watershed C17KTP31,East flowing rivers between Krishna and Pennar Basin,East flowing rivers between krishna and Pennar,429.83171682,2.375,4.936694562680101,2.0786082369179373,4.936694562680101,0.0,NO ALERT,NO ALERT,20260911,12
watershed,C17KTP32,Watershed C17KTP32,East flowing rivers between Krishna and Pennar Basin,East flowing rivers between krishna and Pennar,487.79435563,3.0,3.3018276939040994,1.1006092313013665,3.3018276939040994,0.0,NO ALERT,NO ALERT,20260911,12
watershed,C17KTP33,Watershed C17KTP33,East flowing rivers between Krishna and Pennar Basin,East flowing rivers between krishna and Pennar,388.31594188,5.0625,3.0525669202004395,0.6029761817679881,3.0525669202004395,0.0,NO ALERT,NO ALERT,20260911,12
watershed,C17KTP34,Watershed C17KTP34,East flowing rivers between Krishna and Pennar Basin,East flowing rivers between krishna and Pennar,687.66751638,5.1875,3.8295719178163843,0.7382307311453271,3.8295719178163843,0.0,NO ALERT,NO ALERT,20260911,12
watershed,C17KTP35,Watershed C17KTP35,East flowing rivers between Krishna and Pennar Basin,East flowing rivers between krishna and Pennar,782.38660759,1.0625,3.2149041993364897,3.0,3.1875,0.0,NO ALERT,NO ALERT,20260911,12
watershed,C17KTP36,Watershed C17KTP36,East flowing rivers between Krishna and Pennar Basin,East flowing rivers between krishna and Pennar,768.00343335,8.125,2.9857958887537865,0.367482570923543,2.9857958887537865,0.0,NO ALERT,NO ALERT,20260911,12
watershed,C17KTP37,Watershed C17KTP37,East flowing rivers between Krishna and Pennar Basin,East flowing rivers between krishna and Pennar,406.98463368,4.1875,3.6260101960129933,0.8659128826299686,3.6260101960129933,0.0,NO ALERT,NO ALERT,20260911,12
watershed,C17KTP38,Watershed C17KTP38,East flowing rivers between Krishna and Pennar Basin,East flowing rivers between krishna and Pennar,543.99675157,0.0,0.0,1.0,0.0,0.0,NO ALERT,NO ALERT,20260911,12
watershed,C17KTP39,Watershed C17KTP39,East flowing rivers between Krishna and Pennar Basin,East flowing rivers between krishna and Pennar,702.412263,2.25,3.409465343005037,1.5153179302244608,3.409465343005037,0.0,NO ALERT,NO ALERT,20260911,12
watershed,C17KTP40,Watershed C17KTP40,East flowing rivers between Krishna and Pennar Basin,East flowing rivers between krishna and Pennar,572.26148106,0.875,3.311082196276482,3.0,2.625,0.0,NO ALERT,NO ALERT,20260911,12
watershed,C17KTP41,Watershed C17KTP41,East flowing rivers between Krishna and Pennar Basin,East flowing rivers between krishna and Pennar,856.65885633,0.875,3.351839788482614,3.0,2.625,0.0,NO ALERT,NO ALERT,20260911,12
watershed,C18PAL01,Watershed C18PAL01,East flowing rivers between Pennar and Cauvery Basin,Palar and other,499.05113063,0.0,2.457000048111563,1.0,0.0,0.0,NO ALERT,NO ALERT,20260911,12
watershed,C18PAL02,Watershed C18PAL02,East flowing rivers between Pennar and Cauvery Basin,Palar and other,543.85128025,0.0,2.9979406469488796,1.0,0.0,0.0,NO ALERT,NO ALERT,20260911,12
watershed,C18PAL03,Watershed C18PAL03,East flowing rivers between Pennar and Cauvery Basin,Palar and other,641.09346709,0.0,0.0,1.0,0.0,0.0,NO ALERT,NO ALERT,20260911,12
watershed,C18PAL04,Watershed C18PAL04,East flowing rivers between Pennar and Cauvery Basin,Palar and other,590.7465315,0.0,3.2407966880153305,1.0,0.0,0.0,NO ALERT,NO ALERT,20260911,12
watershed,C18PAL05,Watershed C18PAL05,East flowing rivers between Pennar and Cauvery Basin,Palar and other,609.76748651,0.0,0.0,1.0,0.0,0.0,NO ALERT,NO ALERT,20260911,12
watershed,C18PAL06,Watershed C18PAL06,East flowing rivers between Pennar and Cauvery Basin,Palar and other,775.78673721,0.0,3.306186296433619,1.0,0.0,0.0,NO ALERT,NO ALERT,20260911,12
watershed,C18PAL07,Watershed C18PAL07,East flowing rivers between Pennar and Cauvery Basin,Palar and other,552.90472352,0.0,0.0,1.0,0.0,0.0,NO ALERT,NO ALERT,20260911,12
watershed,C18PAL08,Watershed C18PAL08,East flowing rivers between Pennar and Cauvery Basin,Palar and other,595.79515661,0.0,3.560537798845605,1.0,0.0,0.0,NO ALERT,NO ALERT,20260911,12
watershed,C18PAL09,Watershed C18PAL09,East flowing rivers between Pennar and Cauvery Basin,Palar and other,937.38425767,0.0,3.2514089967698268,1.0,0.0,0.0,NO ALERT,NO ALERT,20260911,12
watershed,C18PAL10,Watershed C18PAL10,East flowing rivers between Pennar and Cauvery Basin,Palar and other,445.53824648,0.0,3.232991852886873,1.0,0.0,0.0,NO ALERT,NO ALERT,20260911,12
watershed,C18PAL11,Watershed C18PAL11,East flowing rivers between Pennar and Cauvery Basin,Palar and other,577.05677422,0.0,0.0,1.0,0.0,0.0,NO ALERT,NO ALERT,20260911,12
watershed,C18PAL12,Watershed C18PAL12,East flowing rivers between Pennar and Cauvery Basin,Palar and other,703.53692193,0.0,0.0,1.0,0.0,0.0,NO ALERT,NO ALERT,20260911,12
watershed,C18PAL13,Watershed C18PAL13,East flowing rivers between Pennar and Cauvery Basin,Palar and other,779.15227324,0.0625,3.5649236898716183,1.0,0.0625,0.0,NO ALERT,NO ALERT,20260911,12
watershed,C18PAL14,Watershed C18PAL14,East flowing rivers between Pennar and Cauvery Basin,Palar and other,674.78272393,0.125,3.474725916022307,3.0,0.375,0.0,NO ALERT,NO ALERT,20260911,12
watershed,C18PAL15,Watershed C18PAL15,East flowing rivers between Pennar and Cauvery Basin,Palar and other,717.30563719,0.0625,3.4633009580002256,1.0,0.0625,0.0,NO ALERT,NO ALERT,20260911,12
watershed,C18PAL16,Watershed C18PAL16,East flowing rivers between Pennar and Cauvery Basin,Palar and other,533.11195356,0.0,0.0,1.0,0.0,0.0,NO ALERT,NO ALERT,20260911,12
watershed,C18PAL17,Watershed C18PAL17,East flowing rivers between Pennar and Cauvery Basin,Palar and other,578.69161389,0.3125,3.088785831977243,3.0,0.9375,0.0,NO ALERT,NO ALERT,20260911,12
watershed,C18PAL18,Watershed C18PAL18,East flowing rivers between Pennar and Cauvery Basin,Palar and other,533.92152597,0.0,2.5621833961712173,1.0,0.0,0.0,NO ALERT,NO ALERT,20260911,12
watershed,C18PAL19,Watershed C18PAL19,East flowing rivers between Pennar and Cauvery Basin,Palar and other,520.76713837,0.75,2.5543989003929375,3.0,2.25,0.0,NO ALERT,NO ALERT,20260911,12
watershed,C18PAL20,Watershed C18PAL20,East flowing rivers between Pennar and Cauvery Basin,Palar and other,355.8349519,0.0,0.0,1.0,0.0,0.0,NO ALERT,NO ALERT,20260911,12
watershed,C18PAL21,Watershed C18PAL21,East flowing rivers between Pennar and Cauvery Basin,Palar and other,630.99627728,1.0625,3.2500756614828763,3.0,3.1875,0.0,NO ALERT,NO ALERT,20260911,12
watershed,C18PAL22,Watershed C18PAL22,East flowing rivers between Pennar and Cauvery Basin,Palar and other,861.01610137,0.0625,3.8027137272366107,1.0,0.0625,0.0,NO ALERT,NO ALERT,20260911,12
watershed,C18PAL23,Watershed C18PAL23,East flowing rivers between Pennar and Cauvery Basin,Palar and other,622.89693208,0.375,3.7967587760458255,3.0,1.125,0.0,NO ALERT,NO ALERT,20260911,12
watershed,C18PAL24,Watershed C18PAL24,East flowing rivers between Pennar and Cauvery Basin,Palar and other,825.35488242,0.65625,2.676771667191427,3.0,1.96875,0.0,NO ALERT,NO ALERT,20260911,12
watershed,C18PAL25,Watershed C18PAL25,East flowing rivers between Pennar and Cauvery Basin,Palar and other,466.81537905,0.0,0.0,1.0,0.0,0.0,NO ALERT,NO ALERT,20260911,12
watershed,C18PAL26,Watershed C18PAL26,East flowing rivers between Pennar and Cauvery Basin,Palar and other,628.13485499,1.3125,2.261472158970898,1.72302640683497,2.261472158970898,0.0,NO ALERT,NO ALERT,20260911,12
watershed,C18PAL27,Watershed C18PAL27,East flowing rivers between Pennar and Cauvery Basin,Palar and other,669.51732164,0.65625,2.8915190266419764,3.0,1.96875,0.0,NO ALERT,NO ALERT,20260911,12
watershed,C18PAL28,Watershed C18PAL28,East flowing rivers between Pennar and Cauvery Basin,Palar and other,731.01507767,0.0,0.0,1.0,0.0,0.0,NO ALERT,NO ALERT,20260911,12
watershed,C18PAL29,Watershed C18PAL29,East flowing rivers between Pennar and Cauvery Basin,Palar and other,442.22484863,1.25,3.112829149749181,2.490263319799345,3.112829149749181,0.0,NO ALERT,NO ALERT,20260911,12
watershed,C18PAL30,Watershed C18PAL30,East flowing rivers between Pennar and Cauvery Basin,Palar and other,602.4838802,0.4375,3.699292551695484,3.0,1.3125,0.0,NO ALERT,NO ALERT,20260911,12
watershed,C18PAL31,Watershed C18PAL31,East flowing rivers between Pennar and Cauvery Basin,Palar and other,821.69077884,0.90625,3.593629535604013,3.0,2.71875,0.0,NO ALERT,NO ALERT,20260911,12
watershed,C18PAL32,Watershed C18PAL32,East flowing rivers between Pennar and Cauvery Basin,Palar and other,938.44666032,0.4375,4.4469852242771895,3.0,1.3125,0.0,NO ALERT,NO ALERT,20260911,12
watershed,C18PAL33,Watershed C18PAL33,East flowing rivers between Pennar and Cauvery Basin,Palar and other,580.81817881,0.5625,3.4931029637382456,3.0,1.6875,0.0,NO ALERT,NO ALERT,20260911,12
watershed,C18PAL34,Watershed C18PAL34,East flowing rivers between Pennar and Cauvery Basin,Palar and other,923.14534899,0.25,4.931822030756572,3.0,0.75,0.0,NO ALERT,NO ALERT,20260911,12
watershed,C18PAL35,Watershed C18PAL35,East flowing rivers between Pennar and Cauvery Basin,Palar and other,826.50303025,0.5625,4.683634657280086,3.0,1.6875,0.0,NO ALERT,NO ALERT,20260911,12
watershed,C18PAL36,Watershed C18PAL36,East flowing rivers between Pennar and Cauvery Basin,Palar and other,668.70760712,0.0,0.0,1.0,0.0,0.0,NO ALERT,NO ALERT,20260911,12
watershed,C18PAL37,Watershed C18PAL37,East flowing rivers between Pennar and Cauvery Basin,Palar and other,545.78960647,0.125,4.1092746387197545,3.0,0.375,0.0,NO ALERT,NO ALERT,20260911,12
watershed,C18PAL38,Watershed C18PAL38,East flowing rivers between Pennar and Cauvery Basin,Palar and other,421.52170588,0.0625,4.761643866316913,1.0,0.0625,0.0,NO ALERT,NO ALERT,20260911,12
watershed,C18PAL39,Watershed C18PAL39,East flowing rivers between Pennar and Cauvery Basin,Palar and other,631.39054355,0.65625,2.7851476478760375,3.0,1.96875,0.0,NO ALERT,NO ALERT,20260911,12
watershed,C18PAL40,Watershed C18PAL40,East flowing rivers between Pennar and Cauvery Basin,Palar and other,645.60833658,0.0,0.0,1.0,0.0,0.0,NO ALERT,NO ALERT,20260911,12
watershed,C18PAL41,Watershed C18PAL41,East flowing rivers between Pennar and Cauvery Basin,Palar and other,957.24999934,0.1875,3.164338204795367,3.0,0.5625,0.0,NO ALERT,NO ALERT,20260911,12
watershed,C18PAL42,Watershed C18PAL42,East flowing rivers between Pennar and Cauvery Basin,Palar and other,717.63726852,0.0625,3.8582686387104532,1.0,0.0625,0.0,NO ALERT,NO ALERT,20260911,12
watershed,C18PAL43,Watershed C18PAL43,East flowing rivers between Pennar and Cauvery Basin,Palar and other,444.99773322,0.0,0.0,1.0,0.0,0.0,NO ALERT,NO ALERT,20260911,12
watershed,C18PAL44,Watershed C18PAL44,East flowing rivers between Pennar and Cauvery Basin,Palar and other,396.94881866,0.0,0.0,1.0,0.0,0.0,NO ALERT,NO ALERT,20260911,12
watershed,C18PAL45,Watershed C18PAL45,East flowing rivers between Pennar and Cauvery Basin,Palar and other,816.75391967,0.0,0.0,1.0,0.0,0.0,NO ALERT,NO ALERT,20260911,12
watershed,C18PAL46,Watershed C18PAL46,East flowing rivers between Pennar and Cauvery Basin,Palar and other,727.09723163,0.28125,4.87829549083971,3.0,0.84375,0.0,NO ALERT,NO ALERT,20260911,12
watershed,C18PAL47,Watershed C18PAL47,East flowing rivers between Pennar and Cauvery Basin,Palar and other,371.32050973,0.0,0.0,1.0,0.0,0.0,NO ALERT,NO ALERT,20260911,12
watershed,C18PAL48,Watershed C18PAL48,East flowing rivers between Pennar and Cauvery Basin,Palar and other,393.84555546,0.0625,3.160343663210738,1.0,0.0625,0.0,NO ALERT,NO ALERT,20260911,12
watershed,C18PAL49,Watershed C18PAL49,East flowing rivers between Pennar and Cauvery Basin,Palar and other,524.61048412,0.375,3.3507063548246476,3.0,1.125,0.0,NO ALERT,NO ALERT,20260911,12
watershed,C18PAL50,Watershed C18PAL50,East flowing rivers between Pennar and Cauvery Basin,Palar and other,621.74679575,0.0,3.0047091713608944,1.0,0.0,0.0,NO ALERT,NO ALERT,20260911,12
watershed,C18PAL51,Watershed C18PAL51,East flowing rivers between Pennar and Cauvery Basin,Palar and other,672.37692606,0.0,0.0,1.0,0.0,0.0,NO ALERT,NO ALERT,20260911,12
watershed,C18PAL52,Watershed C18PAL52,East flowing rivers between Pennar and Cauvery Basin,Palar and other,737.81758703,0.625,3.1499072791983003,3.0,1.875,0.0,NO ALERT,NO ALERT,20260911,12
watershed,C18PAL53,Watershed C18PAL53,East flowing rivers between Pennar and Cauvery Basin,Palar and other,321.81109083,0.0,0.0,1.0,0.0,0.0,NO ALERT,NO ALERT,20260911,12
watershed,C18PAL54,Watershed C18PAL54,East flowing rivers between Pennar and Cauvery Basin,Palar and other,402.56612825,0.0,0.0,1.0,0.0,0.0,NO ALERT,NO ALERT,20260911,12
watershed,C18PAL55,Watershed C18PAL55,East flowing rivers between Pennar and Cauvery Basin,Palar and other,831.85968303,0.1875,3.300922010777748,3.0,0.5625,0.0,NO ALERT,NO ALERT,20260911,12
watershed,C18PAL56,Watershed C18PAL56,East flowing rivers between Pennar and Cauvery Basin,Palar and other,803.5417215,0.8125,0.0,0.3,0.24375,0.0,NO ALERT,NO ALERT,20260911,12
watershed,C18PON01,Watershed C18PON01,East flowing rivers between Pennar and Cauvery Basin,Ponnaiyar and other,571.44851296,0.0,2.078573145707176,1.0,0.0,0.0,NO ALERT,NO ALERT,20260911,12
watershed,C18PON02,Watershed C18PON02,East flowing rivers between Pennar and Cauvery Basin,Ponnaiyar and other,731.70622234,0.0,2.2534146818804413,1.0,0.0,0.0,NO ALERT,NO ALERT,20260911,12
watershed,C18PON03,Watershed C18PON03,East flowing rivers between Pennar and Cauvery Basin,Ponnaiyar and other,732.36146225,0.0,2.580444094640751,1.0,0.0,0.0,NO ALERT,NO ALERT,20260911,12
watershed,C18PON04,Watershed C18PON04,East flowing rivers between Pennar and Cauvery Basin,Ponnaiyar and other,467.19813555,0.0,2.3276631202191522,1.0,0.0,0.0,NO ALERT,NO ALERT,20260911,12
watershed,C18PON05,Watershed C18PON05,East flowing rivers between Pennar and Cauvery Basin,Ponnaiyar and other,455.09458332,0.0,0.0,1.0,0.0,0.0,NO ALERT,NO ALERT,20260911,12
watershed,C18PON06,Watershed C18PON06,East flowing rivers between Pennar and Cauvery Basin,Ponnaiyar and other,688.35623091,0.0,2.2710612181318948,1.0,0.0,0.0,NO ALERT,NO ALERT,20260911,12
watershed,C18PON07,Watershed C18PON07,East flowing rivers between Pennar and Cauvery Basin,Ponnaiyar and other,825.4516414,0.0,2.863722629763492,1.0,0.0,0.0,NO ALERT,NO ALERT,20260911,12
watershed,C18PON08,Watershed C18PON08,East flowing rivers between Pennar and Cauvery Basin,Ponnaiyar and other,593.78093533,0.0,3.0966537576832183,1.0,0.0,0.0,NO ALERT,NO ALERT,20260911,12
watershed,C18PON09,Watershed C18PON09,East flowing rivers between Pennar and Cauvery Basin,Ponnaiyar and other,744.79285085,0.0,2.536924439954431,1.0,0.0,0.0,NO ALERT,NO ALERT,20260911,12
watershed,C18PON10,Watershed C18PON10,East flowing rivers between Pennar and Cauvery Basin,Ponnaiyar and other,388.29970044,0.0,2.3896564206440156,1.0,0.0,0.0,NO ALERT,NO ALERT,20260911,12
watershed,C18PON11,Watershed C18PON11,East flowing rivers between Pennar and Cauvery Basin,Ponnaiyar and other,448.78443935,0.0,0.0,1.0,0.0,0.0,NO ALERT,NO ALERT,20260911,12
watershed,C18PON12,Watershed C18PON12,East flowing rivers between Pennar and Cauvery Basin,Ponnaiyar and other,758.31209996,0.0,0.0,1.0,0.0,0.0,NO ALERT,NO ALERT,20260911,12
watershed,C18PON13,Watershed C18PON13,East flowing rivers between Pennar and Cauvery Basin,Ponnaiyar and other,375.67663689,0.0,3.2665031254699786,1.0,0.0,0.0,NO ALERT,NO ALERT,20260911,12
watershed,C18PON14,Watershed C18PON14,East flowing rivers between Pennar and Cauvery Basin,Ponnaiyar and other,645.6358935,0.03125,3.271691744376535,1.0,0.03125,0.0,NO ALERT,NO ALERT,20260911,12
watershed,C18PON15,Watershed C18PON15,East flowing rivers between Pennar and Cauvery Basin,Ponnaiyar and other,435.4678166,0.0,0.0,1.0,0.0,0.0,NO ALERT,NO ALERT,20260911,12
watershed,C18PON16,Watershed C18PON16,East flowing rivers between Pennar and Cauvery Basin,Ponnaiyar and other,568.34091081,1.375,2.4439170710028035,1.7773942334565844,2.4439170710028035,0.0,NO ALERT,NO ALERT,20260911,12
watershed,C18PON17,Watershed C18PON17,East flowing rivers between Pennar and Cauvery Basin,Ponnaiyar and other,492.57929288,0.0,0.0,1.0,0.0,0.0,NO ALERT,NO ALERT,20260911,12
watershed,C18PON18,Watershed C18PON18,East flowing rivers between Pennar and Cauvery Basin,Ponnaiyar and other,356.71745931,0.0,0.0,1.0,0.0,0.0,NO ALERT,NO ALERT,20260911,12
watershed,C18PON19,Watershed C18PON19,East flowing rivers between Pennar and Cauvery Basin,Ponnaiyar and other,674.2013954,0.0,0.0,1.0,0.0,0.0,NO ALERT,NO ALERT,20260911,12
watershed,C18PON20,Watershed C18PON20,East flowing rivers between Pennar and Cauvery Basin,Ponnaiyar and other,604.34611303,1.0,2.4574481019826786,2.4574481019826786,2.4574481019826786,0.0,NO ALERT,NO ALERT,20260911,12
watershed,C18PON21,Watershed C18PON21,East flowing rivers between Pennar and Cauvery Basin,Ponnaiyar and other,846.0994649,0.625,2.0064312590515776,3.0,1.875,0.0,NO ALERT,NO ALERT,20260911,12
watershed,C18PON22,Watershed C18PON22,East flowing rivers between Pennar and Cauvery Basin,Ponnaiyar and other,750.07405657,1.59375,3.486172880416047,2.187402591633598,3.486172880416047,0.0,NO ALERT,NO ALERT,20260911,12
watershed,C18PON23,Watershed C18PON23,East flowing rivers between Pennar and Cauvery Basin,Ponnaiyar and other,508.52629148,0.0,0.0,1.0,0.0,0.0,NO ALERT,NO ALERT,20260911,12
watershed,C18PON24,Watershed C18PON24,East flowing rivers between Pennar and Cauvery Basin,Ponnaiyar and other,501.66800207,1.6875,2.0493235594197494,1.2144139611376292,2.0493235594197494,0.0,NO ALERT,NO ALERT,20260911,12
watershed,C18PON25,Watershed C18PON25,East flowing rivers between Pennar and Cauvery Basin,Ponnaiyar and other,756.85318184,1.3125,1.9370833165025059,1.4758730030495282,1.9370833165025056,0.0,NO ALERT,NO ALERT,20260911,12
watershed,C18PON26,Watershed C18PON26,East flowing rivers between Pennar and Cauvery Basin,Ponnaiyar and other,524.22270079,0.9375,1.8315496384689252,1.953652947700187,1.8315496384689252,0.0,NO ALERT,NO ALERT,20260911,12
watershed,C18PON27,Watershed C18PON27,East flowing rivers between Pennar and Cauvery Basin,Ponnaiyar and other,493.10783727,0.0,0.0,1.0,0.0,0.0,NO ALERT,NO ALERT,20260911,12
watershed,C18PON28,Watershed C18PON28,East flowing rivers between Pennar and Cauvery Basin,Ponnaiyar and other,604.99392021,0.0,0.0,1.0,0.0,0.0,NO ALERT,NO ALERT,20260911,12
watershed,C18PON29,Watershed C18PON29,East flowing rivers between Pennar and Cauvery Basin,Ponnaiyar and other,738.92984049,0.34375,2.7683407213385793,3.0,1.03125,0.0,NO ALERT,NO ALERT,20260911,12
watershed,C18PON30,Watershed C18PON30,East flowing rivers between Pennar and Cauvery Basin,Ponnaiyar and other,537.7893257,2.8125,3.1468488326219664,1.1188795849322548,3.146848832621967,0.0,NO ALERT,NO ALERT,20260911,12
watershed,C18PON31,Watershed C18PON31,East flowing rivers between Pennar and Cauvery Basin,Ponnaiyar and other,599.11098101,0.0,0.0,1.0,0.0,0.0,NO ALERT,NO ALERT,20260911,12
watershed,C18PON32,Watershed C18PON32,East flowing rivers between Pennar and Cauvery Basin,Ponnaiyar and other,732.12459116,2.25,2.29917845860736,1.0218570927143822,2.29917845860736,0.0,NO ALERT,NO ALERT,20260911,12
watershed,C18PON33,Watershed C18PON33,East flowing rivers between Pennar and Cauvery Basin,Ponnaiyar and other,588.83982172,0.375,2.645646039314874,3.0,1.125,0.0,NO ALERT,NO ALERT,20260911,12
watershed,C18PON34,Watershed C18PON34,East flowing rivers between Pennar and Cauvery Basin,Ponnaiyar and other,528.78897369,0.0,0.0,1.0,0.0,0.0,NO ALERT,NO ALERT,20260911,12
watershed,C18PON35,Watershed C18PON35,East flowing rivers between Pennar and Cauvery Basin,Ponnaiyar and other,834.38373286,5.625,4.768971147806677,0.8478170929434092,4.768971147806677,0.0,NO ALERT,NO ALERT,20260911,12
watershed,C18PON36,Watershed C18PON36,East flowing rivers between Pennar and Cauvery Basin,Ponnaiyar and other,425.17432285,0.0,0.0,1.0,0.0,0.0,NO ALERT,NO ALERT,20260911,12
watershed,C18PON37,Watershed C18PON37,East flowing rivers between Pennar and Cauvery Basin,Ponnaiyar and other,569.53218133,1.5,3.831896972533775,2.554597981689183,3.831896972533775,0.0,NO ALERT,NO ALERT,20260911,12
watershed,C18PON38,Watershed C18PON38,East flowing rivers between Pennar and Cauvery Basin,Ponnaiyar and other,900.10821654,1.75,4.621792443933552,2.6410242536763158,4.621792443933552,0.0,NO ALERT,NO ALERT,20260911,12
watershed,C18PON39,Watershed C18PON39,East flowing rivers between Pennar and Cauvery Basin,Ponnaiyar and other,514.16436442,2.75,3.828058661806257,1.3920213315659116,3.828058661806257,0.0,NO ALERT,NO ALERT,20260911,12
watershed,C18PON40,Watershed C18PON40,East flowing rivers between Pennar and Cauvery Basin,Ponnaiyar and other,678.34239946,1.125,3.534147485764059,3.0,3.375,0.0,NO ALERT,NO ALERT,20260911,12
watershed,C18PON41,Watershed C18PON41,East flowing rivers between Pennar and Cauvery Basin,Ponnaiyar and other,657.47116599,1.25,3.370718935581103,2.6965751484648823,3.370718935581103,0.0,NO ALERT,NO ALERT,20260911,12
watershed,C18PON42,Watershed C18PON42,East flowing rivers between Pennar and Cauvery Basin,Ponnaiyar and other,743.64222328,0.4375,3.4436425282122336,3.0,1.3125,0.0,NO ALERT,NO ALERT,20260911,12
watershed,C18PON43,Watershed C18PON43,East flowing rivers between Pennar and Cauvery Basin,Ponnaiyar and other,685.06810598,0.6875,3.5140365126198287,3.0,2.0625,0.0,NO ALERT,NO ALERT,20260911,12
watershed,C18PON44,Watershed C18PON44,East flowing rivers between Pennar and Cauvery Basin,Ponnaiyar and other,375.4560291,1.625,0.0,0.3,0.4875,0.0,NO ALERT,NO ALERT,20260911,12
watershed,C18PON45,Watershed C18PON45,East flowing rivers between Pennar and Cauvery Basin,Ponnaiyar and other,795.07931462,0.1875,2.8991958886384963,3.0,0.5625,0.0,NO ALERT,NO ALERT,20260911,12
watershed,C18PON46,Watershed C18PON46,East flowing rivers between Pennar and Cauvery Basin,Ponnaiyar and other,801.38319448,0.0,0.0,1.0,0.0,0.0,NO ALERT,NO ALERT,20260911,12
watershed,C19PAM01,Watershed C19PAM01,East flowing rivers South of Cauvery Basin,Pamba and others,586.06255703,5.4375,2.21978731551399,0.40823674768073376,2.21978731551399,0.0,NO ALERT,NO ALERT,20260911,12
watershed,C19PAM02,Watershed C19PAM02,East flowing rivers South of Cauvery Basin,Pamba and others,825.68089641,3.25,1.4172789421187688,0.43608582834423654,1.4172789421187688,0.0,NO ALERT,NO ALERT,20260911,12
watershed,C19PAM03,Watershed C19PAM03,East flowing rivers South of Cauvery Basin,Pamba and others,438.47858915,2.9375,2.441960856359299,0.8313058234414634,2.441960856359299,0.0,NO ALERT,NO ALERT,20260911,12
watershed,C19PAM04,Watershed C19PAM04,East flowing rivers South of Cauvery Basin,Pamba and others,423.24546629,0.0,0.0,1.0,0.0,0.0,NO ALERT,NO ALERT,20260911,12
watershed,C19PAM05,Watershed C19PAM05,East flowing rivers South of Cauvery Basin,Pamba and others,727.79785418,0.0,0.0,1.0,0.0,0.0,NO ALERT,NO ALERT,20260911,12
watershed,C19PAM06,Watershed C19PAM06,East flowing rivers South of Cauvery Basin,Pamba and others,637.81560742,1.875,2.3146505851859915,1.2344803120991954,2.3146505851859915,0.0,NO ALERT,NO ALERT,20260911,12
watershed,C19PAM07,Watershed C19PAM07,East flowing rivers South of Cauvery Basin,Pamba and others,792.36700858,2.40625,2.12079488734064,0.8813693038298764,2.12079488734064,0.0,NO ALERT,NO ALERT,20260911,12
watershed,C19PAM08,Watershed C19PAM08,East flowing rivers South of Cauvery Basin,Pamba and others,464.97147228,0.0,0.0,1.0,0.0,0.0,NO ALERT,NO ALERT,20260911,12
watershed,C19PAM09,Watershed C19PAM09,East flowing rivers South of Cauvery Basin,Pamba and others,844.33230696,1.5,1.890616584395709,1.260411056263806,1.890616584395709,0.0,NO ALERT,NO ALERT,20260911,12
watershed,C19PAM10,Watershed C19PAM10,East flowing rivers South of Cauvery Basin,Pamba and others,811.96997022,0.0,2.7720009332446205,1.0,0.0,0.0,NO ALERT,NO ALERT,20260911,12
watershed,C19PAM11,Watershed C19PAM11,East flowing rivers South of Cauvery Basin,Pamba and others,655.04981184,0.0,0.0,1.0,0.0,0.0,NO ALERT,NO ALERT,20260911,12
watershed,C19PAM12,Watershed C19PAM12,East flowing rivers South of Cauvery Basin,Pamba and others,423.30135234,0.25,2.548055309506312,3.0,0.75,0.0,NO ALERT,NO ALERT,20260911,12
watershed,C19PAM13,Watershed C19PAM13,East flowing rivers South of Cauvery Basin,Pamba and others,578.8170505,0.46875,2.232856037467718,3.0,1.40625,0.0,NO ALERT,NO ALERT,20260911,12
watershed,C19PAM14,Watershed C19PAM14,East flowing rivers South of Cauvery Basin,Pamba and others,637.84096497,0.0625,2.7670131750302773,1.0,0.0625,0.0,NO ALERT,NO ALERT,20260911,12
watershed,C19PAM15,Watershed C19PAM15,East flowing rivers South of Cauvery Basin,Pamba and others,769.7152761,0.0,0.0,1.0,0.0,0.0,NO ALERT,NO ALERT,20260911,12
watershed,C19PAM16,Watershed C19PAM16,East flowing rivers South of Cauvery Basin,Pamba and others,379.79448639,3.8125,2.351850287881616,0.6168787640345222,2.351850287881616,0.0,NO ALERT,NO ALERT,20260911,12
watershed,C19PAM17,Watershed C19PAM17,East flowing rivers South of Cauvery Basin,Pamba and others,316.52091552,0.0,0.0,1.0,0.0,0.0,NO ALERT,NO ALERT,20260911,12
watershed,C19PAM18,Watershed C19PAM18,East flowing rivers South of Cauvery Basin,Pamba and others,407.79613212,0.0,0.0,1.0,0.0,0.0,NO ALERT,NO ALERT,20260911,12
watershed,C19PAM19,Watershed C19PAM19,East flowing rivers South of Cauvery Basin,Pamba and others,712.85918314,1.25,2.5993512542484556,2.0794810033987643,2.5993512542484556,0.0,NO ALERT,NO ALERT,20260911,12
watershed,C19PAM20,Watershed C19PAM20,East flowing rivers South of Cauvery Basin,Pamba and others,811.55823642,0.3125,2.31114349982714,3.0,0.9375,0.0,NO ALERT,NO ALERT,20260911,12
watershed,C19PAM21,Watershed C19PAM21,East flowing rivers South of Cauvery Basin,Pamba and others,778.63320896,0.3125,3.1075770193991596,3.0,0.9375,0.0,NO ALERT,NO ALERT,20260911,12
watershed,C19PAM22,Watershed C19PAM22,East flowing rivers South of Cauvery Basin,Pamba and others,807.80518251,2.3125,2.149729141939993,0.929612601919997,2.149729141939993,0.0,NO ALERT,NO ALERT,20260911,12
watershed,C19PAM23,Watershed C19PAM23,East flowing rivers South of Cauvery Basin,Pamba and others,550.50758233,0.0,0.0,1.0,0.0,0.0,NO ALERT,NO ALERT,20260911,12
watershed,C19PAM24,Watershed C19PAM24,East flowing rivers South of Cauvery Basin,Pamba and others,585.0380179,0.0,0.0,1.0,0.0,0.0,NO ALERT,NO ALERT,20260911,12
watershed,C19PAM25,Watershed C19PAM25,East flowing rivers South of Cauvery Basin,Pamba and others,566.75409718,0.5,1.821944031874611,3.0,1.5,0.0,NO ALERT,NO ALERT,20260911,12
watershed,C19PAM26,Watershed C19PAM26,East flowing rivers South of Cauvery Basin,Pamba and others,322.22882835,1.0625,2.4680285112498557,2.322850363529276,2.4680285112498557,0.0,NO ALERT,NO ALERT,20260911,12
watershed,C19PAM27,Watershed C19PAM27,East flowing rivers South of Cauvery Basin,Pamba and others,814.14044217,0.5,3.427175282166429,3.0,1.5,0.0,NO ALERT,NO ALERT,20260911,12
watershed,C19PAM28,Watershed C19PAM28,East flowing rivers South of Cauvery Basin,Pamba and others,338.58692368,0.0,0.0,1.0,0.0,0.0,NO ALERT,NO ALERT,20260911,12
watershed,C19PAM29,Watershed C19PAM29,East flowing rivers South of Cauvery Basin,Pamba and others,937.66001971,0.4375,3.024243277199056,3.0,1.3125,0.0,NO ALERT,NO ALERT,20260911,12
watershed,C19PAM30,Watershed C19PAM30,East flowing rivers South of Cauvery Basin,Pamba and others,342.08406159,0.375,0.0,0.3,0.11249999999999999,0.0,NO ALERT,NO ALERT,20260911,12
watershed,C19VAI01,Watershed C19VAI01,East flowing rivers South of Cauvery Basin,Vaippar and others,478.61373141,1.0,1.7612866527005417,1.7612866527005417,1.7612866527005417,0.0,NO ALERT,NO ALERT,20260911,12
watershed,C19VAI02,Watershed C19VAI02,East flowing rivers South of Cauvery Basin,Vaippar and others,377.27143124,0.0,0.0,1.0,0.0,0.0,NO ALERT,NO ALERT,20260911,12
watershed,C19VAI03,Watershed C19VAI03,East flowing rivers South of Cauvery Basin,Vaippar and others,887.69614594,1.25,2.3717845552384036,1.897427644190723,2.3717845552384036,0.0,NO ALERT,NO ALERT,20260911,12
watershed,C19VAI04,Watershed C19VAI04,East flowing rivers South of Cauvery Basin,Vaippar and others,636.6862906,0.625,2.1989576180503794,3.0,1.875,0.0,NO ALERT,NO ALERT,20260911,12
watershed,C19VAI05,Watershed C19VAI05,East flowing rivers South of Cauvery Basin,Vaippar and others,525.43881616,0.125,1.9718395527095012,3.0,0.375,0.0,NO ALERT,NO ALERT,20260911,12
watershed,C19VAI06,Watershed C19VAI06,East flowing rivers South of Cauvery Basin,Vaippar and others,647.77939722,0.9375,2.1645127701024487,2.308813621442612,2.1645127701024487,0.0,NO ALERT,NO ALERT,20260911,12
watershed,C19VAI07,Watershed C19VAI07,East flowing rivers South of Cauvery Basin,Vaippar and others,661.87651786,0.25,1.9988073673354436,3.0,0.75,0.0,NO ALERT,NO ALERT,20260911,12
watershed,C19VAI08,Watershed C19VAI08,East flowing rivers South of Cauvery Basin,Vaippar and others,640.07724661,0.25,2.538612443453645,3.0,0.75,0.0,NO ALERT,NO ALERT,20260911,12
watershed,C19VAI09,Watershed C19VAI09,East flowing rivers South of Cauvery Basin,Vaippar and others,651.3172747,0.0,0.0,1.0,0.0,0.0,NO ALERT,NO ALERT,20260911,12
watershed,C19VAI10,Watershed C19VAI10,East flowing rivers South of Cauvery Basin,Vaippar and others,464.34362227,2.5625,2.4200333553838402,0.9444032606375962,2.4200333553838402,0.0,NO ALERT,NO ALERT,20260911,12
watershed,C19VAI11,Watershed C19VAI11,East flowing rivers South of Cauvery Basin,Vaippar and others,579.54362914,0.0,0.0,1.0,0.0,0.0,NO ALERT,NO ALERT,20260911,12
watershed,C19VAI12,Watershed C19VAI12,East flowing rivers South of Cauvery Basin,Vaippar and others,515.60351612,0.5625,2.1021440129778157,3.0,1.6875,0.0,NO ALERT,NO ALERT,20260911,12
watershed,C19VAI13,Watershed C19VAI13,East flowing rivers South of Cauvery Basin,Vaippar and others,712.94338233,1.75,2.1026427587009455,1.2015101478291117,2.1026427587009455,0.0,NO ALERT,NO ALERT,20260911,12
watershed,C19VAI14,Watershed C19VAI14,East flowing rivers South of Cauvery Basin,Vaippar and others,435.01394077,0.125,2.017434628450707,3.0,0.375,0.0,NO ALERT,NO ALERT,20260911,12
watershed,C19VAI15,Watershed C19VAI15,East flowing rivers South of Cauvery Basin,Vaippar and others,795.90504487,0.3125,1.4301152056210662,3.0,0.9375,0.0,NO ALERT,NO ALERT,20260911,12
watershed,C19VAI16,Watershed C19VAI16,East flowing rivers South of Cauvery Basin,Vaippar and others,569.13190546,0.0,0.0,1.0,0.0,0.0,NO ALERT,NO ALERT,20260911,12
watershed,C19VAI17,Watershed C19VAI17,East flowing rivers South of Cauvery Basin,Vaippar and others,761.80986785,0.6875,3.545943554235648,3.0,2.0625,0.0,NO ALERT,NO ALERT,20260911,12
watershed,C19VAI18,Watershed C19VAI18,East flowing rivers South of Cauvery Basin,Vaippar and others,488.05724494,0.0,2.1717293829950566,1.0,0.0,0.0,NO ALERT,NO ALERT,20260911,12
watershed,C19VAI19,Watershed C19VAI19,East flowing rivers South of Cauvery Basin,Vaippar and others,457.33650564,0.0,0.0,1.0,0.0,0.0,NO ALERT,NO ALERT,20260911,12
watershed,C19VAI20,Watershed C19VAI20,East flowing rivers South of Cauvery Basin,Vaippar and others,749.23029281,0.0625,1.8055118980881286,1.0,0.0625,0.0,NO ALERT,NO ALERT,20260911,12
watershed,C19VAI21,Watershed C19VAI21,East flowing rivers South of Cauvery Basin,Vaippar and others,612.37552641,3.0,3.095887965270101,1.0319626550900336,3.0958879652701006,0.0,NO ALERT,NO ALERT,20260911,12
watershed,C19VAI22,Watershed C19VAI22,East flowing rivers South of Cauvery Basin,Vaippar and others,863.17808158,0.375,2.2486210374799493,3.0,1.125,0.0,NO ALERT,NO ALERT,20260911,12
watershed,C19VAI23,Watershed C19VAI23,East flowing rivers South of Cauvery Basin,Vaippar and others,685.15263536,0.875,2.3543007618352156,2.6906294420973893,2.3543007618352156,0.0,NO ALERT,NO ALERT,20260911,12
watershed,C19VAI24,Watershed C19VAI24,East flowing rivers South of Cauvery Basin,Vaippar and others,629.19602818,0.0,0.0,1.0,0.0,0.0,NO ALERT,NO ALERT,20260911,12
watershed,C19VAI25,Watershed C19VAI25,East flowing rivers South of Cauvery Basin,Vaippar and others,656.59012919,0.0,3.3266064932901567,1.0,0.0,0.0,NO ALERT,NO ALERT,20260911,12
watershed,C19VAI26,Watershed C19VAI26,East flowing rivers South of Cauvery Basin,Vaippar and others,318.36589834,0.0625,3.4836304700537903,1.0,0.0625,0.0,NO ALERT,NO ALERT,20260911,12
watershed,C19VAI27,Watershed C19VAI27,East flowing rivers South of Cauvery Basin,Vaippar and others,635.94571889,0.0,0.0,1.0,0.0,0.0,NO ALERT,NO ALERT,20260911,12
watershed,C19VAI28,Watershed C19VAI28,East flowing rivers South of Cauvery Basin,Vaippar and others,343.78620612,0.0,0.0,1.0,0.0,0.0,NO ALERT,NO ALERT,20260911,12
watershed,C19VAI29,Watershed C19VAI29,East flowing rivers South of Cauvery Basin,Vaippar and others,713.75238864,0.0,0.0,1.0,0.0,0.0,NO ALERT,NO ALERT,20260911,12
watershed,C19VAI30,Watershed C19VAI30,East flowing rivers South of Cauvery Basin,Vaippar and others,455.24136977,0.0625,3.1999422310558083,1.0,0.0625,0.0,NO ALERT,NO ALERT,20260911,12
watershed,C19VAI31,Watershed C19VAI31,East flowing rivers South of Cauvery Basin,Vaippar and others,844.40845737,0.125,2.4236364768792504,3.0,0.375,0.0,NO ALERT,NO ALERT,20260911,12
watershed,C19VAI32,Watershed C19VAI32,East flowing rivers South of Cauvery Basin,Vaippar and others,692.75602479,0.03125,1.7161107064314085,1.0,0.03125,0.0,NO ALERT,NO ALERT,20260911,12
watershed,C19VAI33,Watershed C19VAI33,East flowing rivers South of Cauvery Basin,Vaippar and others,870.26437301,0.0625,2.1394126795538484,1.0,0.0625,0.0,NO ALERT,NO ALERT,20260911,12
watershed,C24DAN01,Watershed C24DAN01,Drainage Area of Andaman and Nicobar Islands Basin,Drainage Area of Andaman and Nicobar Islands,783.13789199,4.34375,0.0,0.3,1.3031249999999999,0.0,NO ALERT,NO ALERT,20260911,12
watershed,C24DAN02,Watershed C24DAN02,Drainage Area of Andaman and Nicobar Islands Basin,Drainage Area of Andaman and Nicobar Islands,399.39411008,6.5,0.0,0.3,1.95,0.0,NO ALERT,NO ALERT,20260911,12
watershed,C24DAN03,Watershed C24DAN03,Drainage Area of Andaman and Nicobar Islands Basin,Drainage Area of Andaman and Nicobar Islands,455.04296411,0.0,0.0,1.0,0.0,0.0,NO ALERT,NO ALERT,20260911,12
watershed,C24DAN04,Watershed C24DAN04,Drainage Area of Andaman and Nicobar Islands Basin,Drainage Area of Andaman and Nicobar Islands,484.16200578,0.0,0.0,1.0,0.0,0.0,NO ALERT,NO ALERT,20260911,12
watershed,C24DAN05,Watershed C24DAN05,Drainage Area of Andaman and Nicobar Islands Basin,Drainage Area of Andaman and Nicobar Islands,528.7164313,2.0625,0.0,0.3,0.61875,0.0,NO ALERT,NO ALERT,20260911,12
watershed,C24DAN06,Watershed C24DAN06,Drainage Area of Andaman and Nicobar Islands Basin,Drainage Area of Andaman and Nicobar Islands,482.31655779,0.0,0.0,1.0,0.0,0.0,NO ALERT,NO ALERT,20260911,12
watershed,C24DAN07,Watershed C24DAN07,Drainage Area of Andaman and Nicobar Islands Basin,Drainage Area of Andaman and Nicobar Islands,207.50183114,0.0,0.0,1.0,0.0,0.0,NO ALERT,NO ALERT,20260911,12
watershed,C24DAN08,Watershed C24DAN08,Drainage Area of Andaman and Nicobar Islands Basin,Drainage Area of Andaman and Nicobar Islands,261.13963056,5.875,0.0,0.3,1.7625,0.0,NO ALERT,NO ALERT,20260911,12
watershed,C24DAN09,Watershed C24DAN09,Drainage Area of Andaman and Nicobar Islands Basin,Drainage Area of Andaman and Nicobar Islands,288.91841237,0.0,0.0,1.0,0.0,0.0,NO ALERT,NO ALERT,20260911,12
watershed,C24DAN10,Watershed C24DAN10,Drainage Area of Andaman and Nicobar Islands Basin,Drainage Area of Andaman and Nicobar Islands,459.81478465,1.9375,0.0,0.3,0.5812499999999999,0.0,NO ALERT,NO ALERT,20260911,12
watershed,C24DAN11,Watershed C24DAN11,Drainage Area of Andaman and Nicobar Islands Basin,Drainage Area of Andaman and Nicobar Islands,444.35248604,0.0,0.0,1.0,0.0,0.0,NO ALERT,NO ALERT,20260911,12
watershed,C24DAN12,Watershed C24DAN12,Drainage Area of Andaman and Nicobar Islands Basin,Drainage Area of Andaman and Nicobar Islands,316.00037926,2.3125,0.0,0.3,0.69375,0.0,NO ALERT,NO ALERT,20260911,12
watershed,C24DAN13,Watershed C24DAN13,Drainage Area of Andaman and Nicobar Islands Basin,Drainage Area of Andaman and Nicobar Islands,696.17623689,1.9375,0.0,0.3,0.5812499999999999,0.0,NO ALERT,NO ALERT,20260911,12
watershed,C24DAN14,Watershed C24DAN14,Drainage Area of Andaman and Nicobar Islands Basin,Drainage Area of Andaman and Nicobar Islands,625.58441096,1.0625,0.0,0.3,0.31875,0.0,NO ALERT,NO ALERT,20260911,12
watershed,C24DAN15,Watershed C24DAN15,Drainage Area of Andaman and Nicobar Islands Basin,Drainage Area of Andaman and Nicobar Islands,744.39451409,3.125,0.0,0.3,0.9375,0.0,NO ALERT,NO ALERT,20260911,12
watershed,C24DAN16,Watershed C24DAN16,Drainage Area of Andaman and Nicobar Islands Basin,Drainage Area of Andaman and Nicobar Islands,401.1997119,0.0,0.0,1.0,0.0,0.0,NO ALERT,NO ALERT,20260911,12
watershed,C2AARA01,Watershed C2AARA01,Ganga Basin,Above Ramganga Confluence,680.31681491,2.375,4.364317063803542,1.837607184759386,4.364317063803542,0.0,NO ALERT,NO ALERT,20260911,12
watershed,C2AARA02,Watershed C2AARA02,Ganga Basin,Above Ramganga Confluence,593.12607496,5.3125,5.151350378745223,0.9696659536461596,5.151350378745223,0.0,NO ALERT,NO ALERT,20260911,12
watershed,C2AARA03,Watershed C2AARA03,Ganga Basin,Above Ramganga Confluence,469.29547921,0.0,0.0,1.0,0.0,0.0,NO ALERT,NO ALERT,20260911,12
watershed,C2AARA04,Watershed C2AARA04,Ganga Basin,Above Ramganga Confluence,914.65980458,6.03125,4.713414545418464,0.7814987847325952,4.713414545418464,0.0,NO ALERT,NO ALERT,20260911,12
watershed,C2AARA05,Watershed C2AARA05,Ganga Basin,Above Ramganga Confluence,558.52435022,1.5,4.159711207592324,2.7731408050615496,4.159711207592324,0.0,NO ALERT,NO ALERT,20260911,12
watershed,C2AARA06,Watershed C2AARA06,Ganga Basin,Above Ramganga Confluence,765.56375963,3.1875,3.983408863413824,1.2496968983259056,3.983408863413824,0.0,NO ALERT,NO ALERT,20260911,12
watershed,C2AARA07,Watershed C2AARA07,Ganga Basin,Above Ramganga Confluence,578.46973207,7.75,3.7267141934943524,0.4808663475476584,3.7267141934943524,0.0,NO ALERT,NO ALERT,20260911,12
watershed,C2AARA08,Watershed C2AARA08,Ganga Basin,Above Ramganga Confluence,506.14993782,11.375,5.58456437787781,0.4909507145387086,5.58456437787781,0.0,NO ALERT,NO ALERT,20260911,12
watershed,C2AARA09,Watershed C2AARA09,Ganga Basin,Above Ramganga Confluence,771.88681175,5.6875,5.411686130174219,0.9515052536570056,5.411686130174219,0.0,NO ALERT,NO ALERT,20260911,12
watershed,C2AARA10,Watershed C2AARA10,Ganga Basin,Above Ramganga Confluence,654.38110772,0.0,0.0,1.0,0.0,0.0,NO ALERT,NO ALERT,20260911,12
watershed,C2AARA11,Watershed C2AARA11,Ganga Basin,Above Ramganga Confluence,598.81333283,11.9375,3.003787995813644,0.3,3.58125,0.0,NO ALERT,NO ALERT,20260911,12
watershed,C2AARA12,Watershed C2AARA12,Ganga Basin,Above Ramganga Confluence,712.34754787,0.0,0.0,1.0,0.0,0.0,NO ALERT,NO ALERT,20260911,12
watershed,C2AARA13,Watershed C2AARA13,Ganga Basin,Above Ramganga Confluence,910.59578584,3.0,6.731547837449263,2.2438492791497544,6.731547837449263,0.0,NO ALERT,NO ALERT,20260911,12
watershed,C2AARA14,Watershed C2AARA14,Ganga Basin,Above Ramganga Confluence,473.4301873,14.8125,7.0407146170122985,0.4753225057898598,7.0407146170122985,0.0,NO ALERT,NO ALERT,20260911,12
watershed,C2AARA15,Watershed C2AARA15,Ganga Basin,Above Ramganga Confluence,959.70047196,5.125,4.91913904808972,0.95983200938336,4.91913904808972,0.0,NO ALERT,NO ALERT,20260911,12
watershed,C2AARA16,Watershed C2AARA16,Ganga Basin,Above Ramganga Confluence,554.68275389,14.375,4.611155406334629,0.32077602826675683,4.611155406334629,0.0,NO ALERT,NO ALERT,20260911,12
watershed,C2AARA17,Watershed C2AARA17,Ganga Basin,Above Ramganga Confluence,875.23171025,14.125,9.099980184395019,0.6442463847359305,9.099980184395019,0.0,NO ALERT,NO ALERT,20260911,12
watershed,C2AARA18,Watershed C2AARA18,Ganga Basin,Above Ramganga Confluence,495.38473428,7.3125,4.188274040981515,0.5727554244077285,4.188274040981515,0.0,NO ALERT,NO ALERT,20260911,12
watershed,C2AARA19,Watershed C2AARA19,Ganga Basin,Above Ramganga Confluence,547.89231124,8.0,5.410027299596838,0.6762534124496048,5.410027299596838,0.0,NO ALERT,NO ALERT,20260911,12
watershed,C2AARA20,Watershed C2AARA20,Ganga Basin,Above Ramganga Confluence,1084.72959544,17.96875,9.31683950962065,0.5185023727093231,9.31683950962065,0.0,NO ALERT,NO ALERT,20260911,12
watershed,C2AARA21,Watershed C2AARA21,Ganga Basin,Above Ramganga Confluence,761.14556947,9.75,4.7747590797608845,0.48971887997547536,4.7747590797608845,0.0,NO ALERT,NO ALERT,20260911,12
watershed,C2AARA22,Watershed C2AARA22,Ganga Basin,Above Ramganga Confluence,751.2152851,9.4375,5.151483204879173,0.5458525250203097,5.151483204879173,0.0,NO ALERT,NO ALERT,20260911,12
watershed,C2AARA23,Watershed C2AARA23,Ganga Basin,Above Ramganga Confluence,867.1524812,0.0,0.0,1.0,0.0,0.0,NO ALERT,NO ALERT,20260911,12
watershed,C2AARA24,Watershed C2AARA24,Ganga Basin,Above Ramganga Confluence,1063.77944712,6.15625,5.720153126559437,0.9291619291873198,5.720153126559437,0.0,NO ALERT,NO ALERT,20260911,12
watershed,C2AARA25,Watershed C2AARA25,Ganga Basin,Above Ramganga Confluence,754.6152957,5.3125,4.439476760282909,0.8356662137003122,4.439476760282909,0.0,NO ALERT,NO ALERT,20260911,12
watershed,C2AARA26,Watershed C2AARA26,Ganga Basin,Above Ramganga Confluence,979.85466946,9.25,3.637020180486653,0.39319137086342193,3.637020180486653,0.0,NO ALERT,NO ALERT,20260911,12
watershed,C2AARA27,Watershed C2AARA27,Ganga Basin,Above Ramganga Confluence,915.31376388,4.1875,3.0106052903688116,0.7189505171029998,3.0106052903688116,0.0,NO ALERT,NO ALERT,20260911,12
watershed,C2AARA28,Watershed C2AARA28,Ganga Basin,Above Ramganga Confluence,537.76937187,5.5,3.8474365853283503,0.6995339246051546,3.8474365853283503,0.0,NO ALERT,NO ALERT,20260911,12
watershed,C2AARA29,Watershed C2AARA29,Ganga Basin,Above Ramganga Confluence,802.80831085,3.8125,3.8771940723673937,1.0169689370143984,3.8771940723673937,0.0,NO ALERT,NO ALERT,20260911,12
watershed,C2AARA30,Watershed C2AARA30,Ganga Basin,Above Ramganga Confluence,911.15255933,1.3125,6.312046655216446,3.0,3.9375,0.0,NO ALERT,NO ALERT,20260911,12
watershed,C2AARA31,Watershed C2AARA31,Ganga Basin,Above Ramganga Confluence,573.53161851,0.3125,1.5336080610752105,3.0,0.9375,0.0,NO ALERT,NO ALERT,20260911,12
watershed,C2AARA32,Watershed C2AARA32,Ganga Basin,Above Ramganga Confluence,647.80564997,0.125,4.0858076703058535,3.0,0.375,0.0,NO ALERT,NO ALERT,20260911,12
watershed,C2AARA33,Watershed C2AARA33,Ganga Basin,Above Ramganga Confluence,898.34779414,0.125,6.683929804702328,3.0,0.375,0.0,NO ALERT,NO ALERT,20260911,12
watershed,C2AARA34,Watershed C2AARA34,Ganga Basin,Above Ramganga Confluence,1004.28411878,0.0,4.084425897569689,1.0,0.0,0.0,NO ALERT,NO ALERT,20260911,12
watershed,C2AARA35,Watershed C2AARA35,Ganga Basin,Above Ramganga Confluence,611.68000396,0.0,0.0,1.0,0.0,0.0,NO ALERT,NO ALERT,20260911,12
watershed,C2AARA36,Watershed C2AARA36,Ganga Basin,Above Ramganga Confluence,458.5869789,0.0,0.0,1.0,0.0,0.0,NO ALERT,NO ALERT,20260911,12
watershed,C2AARA37,Watershed C2AARA37,Ganga Basin,Above Ramganga Confluence,623.30577939,0.0,3.457251606044704,1.0,0.0,0.0,NO ALERT,NO ALERT,20260911,12
watershed,C2AARA38,Watershed C2AARA38,Ganga Basin,Above Ramganga Confluence,807.05177818,0.03125,3.0590829909460187,1.0,0.03125,0.0,NO ALERT,NO ALERT,20260911,12
watershed,C2AARA39,Watershed C2AARA39,Ganga Basin,Above Ramganga Confluence,1089.89212144,0.625,3.1000125704562826,3.0,1.875,0.0,NO ALERT,NO ALERT,20260911,12
watershed,C2AARA40,Watershed C2AARA40,Ganga Basin,Above Ramganga Confluence,889.84289229,0.0,0.0,1.0,0.0,0.0,NO ALERT,NO ALERT,20260911,12
watershed,C2AARA41,Watershed C2AARA41,Ganga Basin,Above Ramganga Confluence,697.20356719,0.09375,2.4928689864094125,1.0,0.09375,0.0,NO ALERT,NO ALERT,20260911,12
watershed,C2AARA42,Watershed C2AARA42,Ganga Basin,Above Ramganga Confluence,1008.33966903,2.53125,2.713984830003895,1.0721915377793165,2.713984830003895,0.0,NO ALERT,NO ALERT,20260911,12
watershed,C2AARA43,Watershed C2AARA43,Ganga Basin,Above Ramganga Confluence,548.12917983,7.4375,2.319832717862031,0.31191028139321425,2.319832717862031,0.0,NO ALERT,NO ALERT,20260911,12
watershed,C2AARA44,Watershed C2AARA44,Ganga Basin,Above Ramganga Confluence,1301.20211096,5.9375,1.8740794971993526,0.3156344416335752,1.8740794971993526,0.0,NO ALERT,NO ALERT,20260911,12
watershed,C2AARA45,Watershed C2AARA45,Ganga Basin,Above Ramganga Confluence,939.71041758,5.8125,1.8867848032957888,0.32460813820142603,1.8867848032957888,0.0,NO ALERT,NO ALERT,20260911,12
watershed,C2AARA46,Watershed C2AARA46,Ganga Basin,Above Ramganga Confluence,430.18020369,0.0,0.0,1.0,0.0,0.0,NO ALERT,NO ALERT,20260911,12
watershed,C2AARA47,Watershed C2AARA47,Ganga Basin,Above Ramganga Confluence,726.94670245,0.03125,3.089288017684466,1.0,0.03125,0.0,NO ALERT,NO ALERT,20260911,12
watershed,C2AARA48,Watershed C2AARA48,Ganga Basin,Above Ramganga Confluence,806.73825178,0.0,0.0,1.0,0.0,0.0,NO ALERT,NO ALERT,20260911,12
watershed,C2AARA49,Watershed C2AARA49,Ganga Basin,Above Ramganga Confluence,777.68655342,8.0,2.398157685219425,0.3,2.4,0.0,NO ALERT,NO ALERT,20260911,12
watershed,C2AARA50,Watershed C2AARA50,Ganga Basin,Above Ramganga Confluence,1219.46046933,7.6875,0.9722682051666796,0.3,2.30625,0.0,NO ALERT,NO ALERT,20260911,12
watershed,C2AARA51,Watershed C2AARA51,Ganga Basin,Above Ramganga Confluence,994.69743727,3.6875,1.412025981069836,0.38292229995114196,1.412025981069836,0.0,NO ALERT,NO ALERT,20260911,12
watershed,C2ABAN01,Watershed C2ABAN01,Ganga Basin,Banas,919.90808441,2.03125,3.0689372360196012,1.5108614085019576,3.0689372360196012,0.0,NO ALERT,NO ALERT,20260911,12
watershed,C2ABAN02,Watershed C2ABAN02,Ganga Basin,Banas,457.75866338,4.3125,2.6424569085852743,0.6127436309762955,2.6424569085852743,0.0,NO ALERT,NO ALERT,20260911,12
watershed,C2ABAN03,Watershed C2ABAN03,Ganga Basin,Banas,644.88711124,1.25,2.2758395911079563,1.820671672886365,2.2758395911079563,0.0,NO ALERT,NO ALERT,20260911,12
watershed,C2ABAN04,Watershed C2ABAN04,Ganga Basin,Banas,1068.00544518,2.0625,2.675862965732813,1.2973881045977274,2.675862965732813,0.0,NO ALERT,NO ALERT,20260911,12
watershed,C2ABAN05,Watershed C2ABAN05,Ganga Basin,Banas,578.73372208,2.4375,2.640185880293585,1.0831531816589066,2.640185880293585,0.0,NO ALERT,NO ALERT,20260911,12
watershed,C2ABAN06,Watershed C2ABAN06,Ganga Basin,Banas,748.04184132,5.125,2.898652662316414,0.5655907633788124,2.8986526623164135,0.0,NO ALERT,NO ALERT,20260911,12
watershed,C2ABAN07,Watershed C2ABAN07,Ganga Basin,Banas,949.62702566,6.78125,2.890028501740874,0.42617931822906896,2.890028501740874,0.0,NO ALERT,NO ALERT,20260911,12
watershed,C2ABAN08,Watershed C2ABAN08,Ganga Basin,Banas,790.32916298,2.6875,2.787843758235239,1.0373372123666007,2.7878437582352396,0.0,NO ALERT,NO ALERT,20260911,12
watershed,C2ABAN09,Watershed C2ABAN09,Ganga Basin,Banas,595.7577445,0.0,0.0,1.0,0.0,0.0,NO ALERT,NO ALERT,20260911,12
watershed,C2ABAN10,Watershed C2ABAN10,Ganga Basin,Banas,1109.21520211,5.40625,3.4836529900051962,0.6443751195385334,3.4836529900051962,0.0,NO ALERT,NO ALERT,20260911,12
watershed,C2ABAN11,Watershed C2ABAN11,Ganga Basin,Banas,983.84952419,9.0625,3.69162199477831,0.40735139252726177,3.69162199477831,0.0,NO ALERT,NO ALERT,20260911,12
watershed,C2ABAN12,Watershed C2ABAN12,Ganga Basin,Banas,1228.15679427,4.9375,3.4811368646278775,0.7050403776461525,3.481136864627878,0.0,NO ALERT,NO ALERT,20260911,12
watershed,C2ABAN13,Watershed C2ABAN13,Ganga Basin,Banas,1147.9908373,7.1875,3.2907826821281487,0.45784802533956853,3.2907826821281487,0.0,NO ALERT,NO ALERT,20260911,12
watershed,C2ABAN14,Watershed C2ABAN14,Ganga Basin,Banas,971.62855693,0.0,0.0,1.0,0.0,0.0,NO ALERT,NO ALERT,20260911,12
watershed,C2ABAN15,Watershed C2ABAN15,Ganga Basin,Banas,1060.09578826,6.390625,3.2714879360866465,0.5119198726394752,3.2714879360866465,0.0,NO ALERT,NO ALERT,20260911,12
watershed,C2ABAN16,Watershed C2ABAN16,Ganga Basin,Banas,1157.03176974,1.1875,2.228740611631576,1.8768341992686957,2.228740611631576,0.0,NO ALERT,NO ALERT,20260911,12
watershed,C2ABAN17,Watershed C2ABAN17,Ganga Basin,Banas,1049.0000331,4.375,3.0578849167856452,0.6989451238367189,3.0578849167856452,0.0,NO ALERT,NO ALERT,20260911,12
watershed,C2ABAN18,Watershed C2ABAN18,Ganga Basin,Banas,330.66067902,0.0,0.0,1.0,0.0,0.0,NO ALERT,NO ALERT,20260911,12
watershed,C2ABAN19,Watershed C2ABAN19,Ganga Basin,Banas,944.70740502,2.5,3.517053301285391,1.4068213205141564,3.517053301285391,0.0,NO ALERT,NO ALERT,20260911,12
watershed,C2ABAN20,Watershed C2ABAN20,Ganga Basin,Banas,1095.02182439,3.1875,2.2155559856801816,0.6950763876643707,2.2155559856801816,0.0,NO ALERT,NO ALERT,20260911,12
watershed,C2ABAN21,Watershed C2ABAN21,Ganga Basin,Banas,685.54219599,0.0,0.0,1.0,0.0,0.0,NO ALERT,NO ALERT,20260911,12
watershed,C2ABAN22,Watershed C2ABAN22,Ganga Basin,Banas,574.60034921,3.5625,2.6452262235014405,0.7425196416846149,2.6452262235014405,0.0,NO ALERT,NO ALERT,20260911,12
watershed,C2ABAN23,Watershed C2ABAN23,Ganga Basin,Banas,680.07979481,3.21875,2.5876730566971924,0.8039372603331083,2.5876730566971924,0.0,NO ALERT,NO ALERT,20260911,12
watershed,C2ABAN24,Watershed C2ABAN24,Ganga Basin,Banas,513.27263064,2.875,3.2067446879532238,1.1153894566793823,3.206744687953224,0.0,NO ALERT,NO ALERT,20260911,12
watershed,C2ABAN25,Watershed C2ABAN25,Ganga Basin,Banas,663.04099466,1.3125,2.948711226125286,2.2466371246668846,2.948711226125286,0.0,NO ALERT,NO ALERT,20260911,12
watershed,C2ABAN26,Watershed C2ABAN26,Ganga Basin,Banas,633.84342994,4.375,3.537686935516253,0.8086141566894293,3.5376869355162532,0.0,NO ALERT,NO ALERT,20260911,12
watershed,C2ABAN27,Watershed C2ABAN27,Ganga Basin,Banas,661.45250233,0.0,0.0,1.0,0.0,0.0,NO ALERT,NO ALERT,20260911,12
watershed,C2ABAN28,Watershed C2ABAN28,Ganga Basin,Banas,572.17569829,0.0,0.0,1.0,0.0,0.0,NO ALERT,NO ALERT,20260911,12
watershed,C2ABAN29,Watershed C2ABAN29,Ganga Basin,Banas,654.25510638,4.5,3.497075272035109,0.7771278382300242,3.497075272035109,0.0,NO ALERT,NO ALERT,20260911,12
watershed,C2ABAN30,Watershed C2ABAN30,Ganga Basin,Banas,708.63924529,4.5625,3.3703788283753067,0.7387131678630809,3.3703788283753067,0.0,NO ALERT,NO ALERT,20260911,12
watershed,C2ABAN31,Watershed C2ABAN31,Ganga Basin,Banas,442.414984,3.375,3.0413575278161322,0.9011429712047799,3.0413575278161322,0.0,NO ALERT,NO ALERT,20260911,12
watershed,C2ABAN32,Watershed C2ABAN32,Ganga Basin,Banas,840.00761532,4.625,3.173097320288828,0.6860750962786656,3.173097320288828,0.0,NO ALERT,NO ALERT,20260911,12
watershed,C2ABAN33,Watershed C2ABAN33,Ganga Basin,Banas,421.63558127,2.875,2.8192775812051067,0.9806182891148197,2.8192775812051067,0.0,NO ALERT,NO ALERT,20260911,12
watershed,C2ABAN34,Watershed C2ABAN34,Ganga Basin,Banas,742.85792446,2.0,2.7702755888030954,1.3851377944015477,2.7702755888030954,0.0,NO ALERT,NO ALERT,20260911,12
watershed,C2ABAN35,Watershed C2ABAN35,Ganga Basin,Banas,1183.85948595,3.3125,3.7546666206494312,1.133484262837564,3.7546666206494312,0.0,NO ALERT,NO ALERT,20260911,12
watershed,C2ABAN36,Watershed C2ABAN36,Ganga Basin,Banas,753.54992664,4.6875,3.2406306277093004,0.6913345339113174,3.2406306277093004,0.0,NO ALERT,NO ALERT,20260911,12
watershed,C2ABAN37,Watershed C2ABAN37,Ganga Basin,Banas,1007.57874583,4.125,3.3018461664653804,0.800447555506759,3.3018461664653804,0.0,NO ALERT,NO ALERT,20260911,12
watershed,C2ABAN38,Watershed C2ABAN38,Ganga Basin,Banas,1432.97229702,6.6875,2.8018406757549066,0.4189668300194253,2.8018406757549066,0.0,NO ALERT,NO ALERT,20260911,12
watershed,C2ABAN39,Watershed C2ABAN39,Ganga Basin,Banas,960.27029103,3.0,1.4782330112506266,0.4927443370835422,1.4782330112506266,0.0,NO ALERT,NO ALERT,20260911,12
watershed,C2ABAN40,Watershed C2ABAN40,Ganga Basin,Banas,658.03810836,2.1875,2.954993267867663,1.3508540653109318,2.954993267867663,0.0,NO ALERT,NO ALERT,20260911,12
watershed,C2ABAN41,Watershed C2ABAN41,Ganga Basin,Banas,1002.93769426,2.625,2.8794211233009213,1.0969223326860653,2.8794211233009213,0.0,NO ALERT,NO ALERT,20260911,12
watershed,C2ABAN42,Watershed C2ABAN42,Ganga Basin,Banas,548.73154652,3.9375,2.431724154234749,0.6175807375834284,2.431724154234749,0.0,NO ALERT,NO ALERT,20260911,12
watershed,C2ABAN43,Watershed C2ABAN43,Ganga Basin,Banas,1063.35474811,7.875,2.3495976543181563,0.3,2.3625,0.0,NO ALERT,NO ALERT,20260911,12
watershed,C2ABAN44,Watershed C2ABAN44,Ganga Basin,Banas,1225.97456324,5.21875,2.830599955847002,0.542390410701222,2.8305999558470023,0.0,NO ALERT,NO ALERT,20260911,12
watershed,C2ABAN45,Watershed C2ABAN45,Ganga Basin,Banas,614.20038751,14.1875,3.2521556181042164,0.3,4.25625,0.0,NO ALERT,NO ALERT,20260911,12
watershed,C2ABAN46,Watershed C2ABAN46,Ganga Basin,Banas,882.60947172,0.0,0.0,1.0,0.0,0.0,NO ALERT,NO ALERT,20260911,12
watershed,C2ABAN47,Watershed C2ABAN47,Ganga Basin,Banas,679.75611374,8.4375,3.1053571978660477,0.36804233456190194,3.1053571978660477,0.0,NO ALERT,NO ALERT,20260911,12
watershed,C2ABAN48,Watershed C2ABAN48,Ganga Basin,Banas,637.56055866,4.125,3.399293917713508,0.8240712527790323,3.399293917713508,0.0,NO ALERT,NO ALERT,20260911,12
watershed,C2ABAN49,Watershed C2ABAN49,Ganga Basin,Banas,929.05122494,3.375,3.5616022494557784,1.0552895553943047,3.5616022494557784,0.0,NO ALERT,NO ALERT,20260911,12
watershed,C2ABAN50,Watershed C2ABAN50,Ganga Basin,Banas,532.64013188,2.1875,3.5189909097674774,1.6086815587508467,3.5189909097674774,0.0,NO ALERT,NO ALERT,20260911,12
watershed,C2ABAN51,Watershed C2ABAN51,Ganga Basin,Banas,571.90197682,1.875,3.8227385071450715,2.0387938704773716,3.822738507145072,0.0,NO ALERT,NO ALERT,20260911,12
watershed,C2ABAN52,Watershed C2ABAN52,Ganga Basin,Banas,786.1207503,3.5,3.9087650488908974,1.1167900139688278,3.9087650488908974,0.0,NO ALERT,NO ALERT,20260911,12
watershed,C2ABAN53,Watershed C2ABAN53,Ganga Basin,Banas,1000.32952871,0.0,0.0,1.0,0.0,0.0,NO ALERT,NO ALERT,20260911,12
watershed,C2ABAN54,Watershed C2ABAN54,Ganga Basin,Banas,993.22822382,2.125,4.692773193325082,2.2083638556823915,4.692773193325082,0.0,NO ALERT,NO ALERT,20260911,12
watershed,C2ABAN55,Watershed C2ABAN55,Ganga Basin,Banas,1002.51163076,4.041666666666667,2.7815088632988605,0.6882083785481716,2.7815088632988605,0.0,NO ALERT,NO ALERT,20260911,12
watershed,C2ABAN56,Watershed C2ABAN56,Ganga Basin,Banas,629.21373394,2.375,4.235943365668597,1.7835551013341462,4.235943365668597,0.0,NO ALERT,NO ALERT,20260911,12
watershed,C2ABAN57,Watershed C2ABAN57,Ganga Basin,Banas,483.34662718,0.0,0.0,1.0,0.0,0.0,NO ALERT,NO ALERT,20260911,12
watershed,C2ABAN58,Watershed C2ABAN58,Ganga Basin,Banas,612.95525811,0.0,0.0,1.0,0.0,0.0,NO ALERT,NO ALERT,20260911,12
watershed,C2ABAN59,Watershed C2ABAN59,Ganga Basin,Banas,508.11081783,4.6875,2.5882224621021583,0.5521541252484604,2.5882224621021583,0.0,NO ALERT,NO ALERT,20260911,12
watershed,C2ABAN60,Watershed C2ABAN60,Ganga Basin,Banas,820.78167564,4.3125,3.450193893337903,0.8000449607740064,3.450193893337903,0.0,NO ALERT,NO ALERT,20260911,12
watershed,C2ABAN61,Watershed C2ABAN61,Ganga Basin,Banas,1125.98572055,4.354166666666666,3.7939961171177425,0.8713483905342185,3.7939961171177425,0.0,NO ALERT,NO ALERT,20260911,12
watershed,C2ABAN62,Watershed C2ABAN62,Ganga Basin,Banas,969.45392932,3.5625,3.200698185293642,0.8984415958718994,3.200698185293642,0.0,NO ALERT,NO ALERT,20260911,12
watershed,C2ABAN63,Watershed C2ABAN63,Ganga Basin,Banas,924.95472132,4.625,5.141938398676376,1.111770464578676,5.141938398676376,0.0,NO ALERT,NO ALERT,20260911,12
watershed,C2ABAN64,Watershed C2ABAN64,Ganga Basin,Banas,485.30366647,0.0,0.0,1.0,0.0,0.0,NO ALERT,NO ALERT,20260911,12
watershed,C2ABHG01,Watershed C2ABHG01,Ganga Basin,Bhagirathi and others (Ganga Lower),1410.66926508,13.416666666666666,8.919102856659727,0.6647778526702902,8.919102856659727,0.0,NO ALERT,NO ALERT,20260911,12
watershed,C2ABHG02,Watershed C2ABHG02,Ganga Basin,Bhagirathi and others (Ganga Lower),1146.75625681,3.1875,6.438786700735354,2.0200115139561894,6.438786700735354,0.0,NO ALERT,NO ALERT,20260911,12
watershed,C2ABHG03,Watershed C2ABHG03,Ganga Basin,Bhagirathi and others (Ganga Lower),1271.32102103,5.59375,4.642094904204754,0.8298717147181683,4.642094904204754,0.0,NO ALERT,NO ALERT,20260911,12
watershed,C2ABHG04,Watershed C2ABHG04,Ganga Basin,Bhagirathi and others (Ganga Lower),1263.85108141,3.0,4.404833210882258,1.4682777369607527,4.404833210882258,0.0,NO ALERT,NO ALERT,20260911,12
watershed,C2ABHG05,Watershed C2ABHG05,Ganga Basin,Bhagirathi and others (Ganga Lower),631.59550968,3.4375,3.046247980937566,0.886181230818201,3.046247980937566,0.0,NO ALERT,NO ALERT,20260911,12
watershed,C2ABHG06,Watershed C2ABHG06,Ganga Basin,Bhagirathi and others (Ganga Lower),1282.37619022,0.3125,3.4527632209944397,3.0,0.9375,0.0,NO ALERT,NO ALERT,20260911,12
watershed,C2ABHG07,Watershed C2ABHG07,Ganga Basin,Bhagirathi and others (Ganga Lower),939.95332904,5.0,3.195642974278698,0.6391285948557396,3.195642974278698,0.0,NO ALERT,NO ALERT,20260911,12
watershed,C2ABHG08,Watershed C2ABHG08,Ganga Basin,Bhagirathi and others (Ganga Lower),498.73516639,1.5,2.9642413019011284,1.9761608679340856,2.9642413019011284,0.0,NO ALERT,NO ALERT,20260911,12
watershed,C2ABHG09,Watershed C2ABHG09,Ganga Basin,Bhagirathi and others (Ganga Lower),346.16614624,0.0,0.0,1.0,0.0,0.0,NO ALERT,NO ALERT,20260911,12
watershed,C2ABHG10,Watershed C2ABHG10,Ganga Basin,Bhagirathi and others (Ganga Lower),1203.45618809,3.8125,3.010181419422093,0.7895557821434998,3.010181419422093,0.0,NO ALERT,NO ALERT,20260911,12
watershed,C2ABHG11,Watershed C2ABHG11,Ganga Basin,Bhagirathi and others (Ganga Lower),728.9299333,0.125,2.767091815479814,3.0,0.375,0.0,NO ALERT,NO ALERT,20260911,12
watershed,C2ABHG12,Watershed C2ABHG12,Ganga Basin,Bhagirathi and others (Ganga Lower),1107.12572246,1.1875,3.8724810868603727,3.0,3.5625,0.0,NO ALERT,NO ALERT,20260911,12
watershed,C2ABHG13,Watershed C2ABHG13,Ganga Basin,Bhagirathi and others (Ganga Lower),1459.05793412,1.8333333333333333,4.242081952054207,2.3138628829386585,4.242081952054207,0.0,NO ALERT,NO ALERT,20260911,12
watershed,C2ABHG14,Watershed C2ABHG14,Ganga Basin,Bhagirathi and others (Ganga Lower),956.02315485,4.375,4.01490257423218,0.9176920169673555,4.01490257423218,0.0,NO ALERT,NO ALERT,20260911,12
watershed,C2ABHG15,Watershed C2ABHG15,Ganga Basin,Bhagirathi and others (Ganga Lower),887.84210251,0.5625,4.517631821885501,3.0,1.6875,0.0,NO ALERT,NO ALERT,20260911,12
watershed,C2ABHG16,Watershed C2ABHG16,Ganga Basin,Bhagirathi and others (Ganga Lower),528.50633367,0.8125,4.502597647966588,3.0,2.4375,0.0,NO ALERT,NO ALERT,20260911,12
watershed,C2ABHG17,Watershed C2ABHG17,Ganga Basin,Bhagirathi and others (Ganga Lower),1740.707584,2.4375,4.440905973777923,1.8219101430883786,4.440905973777923,0.0,NO ALERT,NO ALERT,20260911,12
watershed,C2ABHG18,Watershed C2ABHG18,Ganga Basin,Bhagirathi and others (Ganga Lower),625.62231056,3.625,7.924319412855253,2.186019148373863,7.924319412855253,0.0,NO ALERT,NO ALERT,20260911,12
watershed,C2ABHG19,Watershed C2ABHG19,Ganga Basin,Bhagirathi and others (Ganga Lower),1112.512729,4.96875,4.027386928176227,0.8105432811423854,4.027386928176227,0.0,NO ALERT,NO ALERT,20260911,12
watershed,C2ABHG20,Watershed C2ABHG20,Ganga Basin,Bhagirathi and others (Ganga Lower),1456.5551414,1.5,3.7975851164084595,2.531723410938973,3.7975851164084595,0.0,NO ALERT,NO ALERT,20260911,12
watershed,C2ABHG21,Watershed C2ABHG21,Ganga Basin,Bhagirathi and others (Ganga Lower),1171.18777768,1.96875,4.148146052025769,2.106994820076581,4.148146052025769,0.0,NO ALERT,NO ALERT,20260911,12
watershed,C2ABHG22,Watershed C2ABHG22,Ganga Basin,Bhagirathi and others (Ganga Lower),615.31672729,0.0,0.0,1.0,0.0,0.0,NO ALERT,NO ALERT,20260911,12
watershed,C2ABHG23,Watershed C2ABHG23,Ganga Basin,Bhagirathi and others (Ganga Lower),775.10277839,1.125,4.67893424156594,3.0,3.375,0.0,NO ALERT,NO ALERT,20260911,12
watershed,C2ABHG24,Watershed C2ABHG24,Ganga Basin,Bhagirathi and others (Ganga Lower),429.71120596,2.375,3.34754465977623,1.4094924883268338,3.34754465977623,0.0,NO ALERT,NO ALERT,20260911,12
watershed,C2ABHG25,Watershed C2ABHG25,Ganga Basin,Bhagirathi and others (Ganga Lower),714.59171737,5.6875,3.6561705726670892,0.6428431776117959,3.6561705726670892,0.0,NO ALERT,NO ALERT,20260911,12
watershed,C2ABHG26,Watershed C2ABHG26,Ganga Basin,Bhagirathi and others (Ganga Lower),404.00664429,8.8125,3.535109503955057,0.40114717775376535,3.535109503955057,0.0,NO ALERT,NO ALERT,20260911,12
watershed,C2ABHG27,Watershed C2ABHG27,Ganga Basin,Bhagirathi and others (Ganga Lower),526.59870656,3.6875,0.0,0.3,1.10625,0.0,NO ALERT,NO ALERT,20260911,12
watershed,C2ABHG28,Watershed C2ABHG28,Ganga Basin,Bhagirathi and others (Ganga Lower),703.53741099,5.0,3.5170457679931433,0.7034091535986287,3.5170457679931433,0.0,NO ALERT,NO ALERT,20260911,12
watershed,C2ABHG29,Watershed C2ABHG29,Ganga Basin,Bhagirathi and others (Ganga Lower),328.26493828,5.0,3.616416517063363,0.7232833034126726,3.616416517063363,0.0,NO ALERT,NO ALERT,20260911,12
watershed,C2ABHG30,Watershed C2ABHG30,Ganga Basin,Bhagirathi and others (Ganga Lower),888.95311209,2.03125,3.6310458114600346,1.7875917841034017,3.6310458114600346,0.0,NO ALERT,NO ALERT,20260911,12
watershed,C2ABHG31,Watershed C2ABHG31,Ganga Basin,Bhagirathi and others (Ganga Lower),915.12861596,2.59375,4.0966908960615935,1.579447092457482,4.0966908960615935,0.0,NO ALERT,NO ALERT,20260911,12
watershed,C2ABHG32,Watershed C2ABHG32,Ganga Basin,Bhagirathi and others (Ganga Lower),935.62821412,2.0,4.183276806383917,2.0916384031919586,4.183276806383917,0.0,NO ALERT,NO ALERT,20260911,12
watershed,C2ABHG33,Watershed C2ABHG33,Ganga Basin,Bhagirathi and others (Ganga Lower),426.28269457,0.0,0.0,1.0,0.0,0.0,NO ALERT,NO ALERT,20260911,12
watershed,C2ABHG34,Watershed C2ABHG34,Ganga Basin,Bhagirathi and others (Ganga Lower),540.72915798,2.40625,4.15798039618012,1.7279918529579719,4.15798039618012,0.0,NO ALERT,NO ALERT,20260911,12
watershed,C2ABHG35,Watershed C2ABHG35,Ganga Basin,Bhagirathi and others (Ganga Lower),698.10238342,0.0,0.0,1.0,0.0,0.0,NO ALERT,NO ALERT,20260911,12
watershed,C2ABHG36,Watershed C2ABHG36,Ganga Basin,Bhagirathi and others (Ganga Lower),1220.20712514,2.96875,4.092220850013298,1.378432286320269,4.092220850013298,0.0,NO ALERT,NO ALERT,20260911,12
watershed,C2ABHG37,Watershed C2ABHG37,Ganga Basin,Bhagirathi and others (Ganga Lower),1223.19425326,2.40625,3.7537335204649462,1.5599931513620555,3.7537335204649462,0.0,NO ALERT,NO ALERT,20260911,12
watershed,C2ABHG38,Watershed C2ABHG38,Ganga Basin,Bhagirathi and others (Ganga Lower),862.26700051,3.75,3.795845498583496,1.0122254662889323,3.795845498583496,0.0,NO ALERT,NO ALERT,20260911,12
watershed,C2ABHG39,Watershed C2ABHG39,Ganga Basin,Bhagirathi and others (Ganga Lower),308.23723465,0.0,0.0,1.0,0.0,0.0,NO ALERT,NO ALERT,20260911,12
watershed,C2ABHG40,Watershed C2ABHG40,Ganga Basin,Bhagirathi and others (Ganga Lower),850.88113363,0.0,0.0,1.0,0.0,0.0,NO ALERT,NO ALERT,20260911,12
watershed,C2ABHG41,Watershed C2ABHG41,Ganga Basin,Bhagirathi and others (Ganga Lower),925.40794299,2.0625,3.273400425665999,1.587103236686545,3.273400425665999,0.0,NO ALERT,NO ALERT,20260911,12
watershed,C2ABHG42,Watershed C2ABHG42,Ganga Basin,Bhagirathi and others (Ganga Lower),520.32331178,3.1875,2.6619704001978652,0.8351279686895263,2.6619704001978652,0.0,NO ALERT,NO ALERT,20260911,12
watershed,C2ABHG43,Watershed C2ABHG43,Ganga Basin,Bhagirathi and others (Ganga Lower),1019.57622927,2.625,3.9712799098597813,1.5128685370894406,3.9712799098597813,0.0,NO ALERT,NO ALERT,20260911,12
watershed,C2ABHG44,Watershed C2ABHG44,Ganga Basin,Bhagirathi and others (Ganga Lower),636.5727755,0.0,0.0,1.0,0.0,0.0,NO ALERT,NO ALERT,20260911,12
watershed,C2ABHG45,Watershed C2ABHG45,Ganga Basin,Bhagirathi and others (Ganga Lower),758.82072206,1.21875,4.5890394280013975,3.0,3.65625,0.0,NO ALERT,NO ALERT,20260911,12
watershed,C2ABHG46,Watershed C2ABHG46,Ganga Basin,Bhagirathi and others (Ganga Lower),821.27966102,3.90625,4.753043691732295,1.2167791850834677,4.753043691732295,0.0,NO ALERT,NO ALERT,20260911,12
watershed,C2ABHG47,Watershed C2ABHG47,Ganga Basin,Bhagirathi and others (Ganga Lower),518.50516615,0.0,0.0,1.0,0.0,0.0,NO ALERT,NO ALERT,20260911,12
watershed,C2ABHG48,Watershed C2ABHG48,Ganga Basin,Bhagirathi and others (Ganga Lower),650.61886601,3.375,3.342016182370382,0.9902270169986317,3.342016182370382,0.0,NO ALERT,NO ALERT,20260911,12
watershed,C2ABHG49,Watershed C2ABHG49,Ganga Basin,Bhagirathi and others (Ganga Lower),604.49817802,3.75,3.00996445552127,0.8026571881390053,3.00996445552127,0.0,NO ALERT,NO ALERT,20260911,12
watershed,C2ABHG50,Watershed C2ABHG50,Ganga Basin,Bhagirathi and others (Ganga Lower),771.62659798,0.0,0.0,1.0,0.0,0.0,NO ALERT,NO ALERT,20260911,12
watershed,C2ABHG51,Watershed C2ABHG51,Ganga Basin,Bhagirathi and others (Ganga Lower),694.46522424,2.875,3.3155116619924976,1.1532214476495644,3.3155116619924976,0.0,NO ALERT,NO ALERT,20260911,12
watershed,C2ABHG52,Watershed C2ABHG52,Ganga Basin,Bhagirathi and others (Ganga Lower),1051.21061786,3.75,3.1618355972717884,0.8431561592724769,3.1618355972717884,0.0,NO ALERT,NO ALERT,20260911,12
watershed,C2ABHG53,Watershed C2ABHG53,Ganga Basin,Bhagirathi and others (Ganga Lower),732.83513251,5.21875,3.0010644374542856,0.5750542634642942,3.0010644374542856,0.0,NO ALERT,NO ALERT,20260911,12
watershed,C2ABHG54,Watershed C2ABHG54,Ganga Basin,Bhagirathi and others (Ganga Lower),866.21512031,4.3125,3.2031790284669563,0.7427661515285696,3.2031790284669563,0.0,NO ALERT,NO ALERT,20260911,12
watershed,C2ABHG55,Watershed C2ABHG55,Ganga Basin,Bhagirathi and others (Ganga Lower),702.60260283,0.0,0.0,1.0,0.0,0.0,NO ALERT,NO ALERT,20260911,12
watershed,C2ABHG56,Watershed C2ABHG56,Ganga Basin,Bhagirathi and others (Ganga Lower),732.48710813,7.625,3.576951216814453,0.4691083563035348,3.576951216814453,0.0,NO ALERT,NO ALERT,20260911,12
watershed,C2ABHG57,Watershed C2ABHG57,Ganga Basin,Bhagirathi and others (Ganga Lower),378.03988188,0.0,0.0,1.0,0.0,0.0,NO ALERT,NO ALERT,20260911,12
watershed,C2ABHG58,Watershed C2ABHG58,Ganga Basin,Bhagirathi and others (Ganga Lower),539.13041709,7.125,3.6258277617905237,0.5088881069179683,3.6258277617905237,0.0,NO ALERT,NO ALERT,20260911,12
watershed,C2ABHG59,Watershed C2ABHG59,Ganga Basin,Bhagirathi and others (Ganga Lower),536.09982458,7.0625,3.0649832348913364,0.43397992706426003,3.0649832348913364,0.0,NO ALERT,NO ALERT,20260911,12
watershed,C2ABHG60,Watershed C2ABHG60,Ganga Basin,Bhagirathi and others (Ganga Lower),367.12208991,0.0,0.0,1.0,0.0,0.0,NO ALERT,NO ALERT,20260911,12
watershed,C2ABHG61,Watershed C2ABHG61,Ganga Basin,Bhagirathi and others (Ganga Lower),1302.15161689,7.25,4.796170763508098,0.6615407949666342,4.796170763508098,0.0,NO ALERT,NO ALERT,20260911,12
watershed,C2ABHG62,Watershed C2ABHG62,Ganga Basin,Bhagirathi and others (Ganga Lower),1142.23452702,6.15625,4.118457553219305,0.6689880289493287,4.118457553219305,0.0,NO ALERT,NO ALERT,20260911,12
watershed,C2ABHG63,Watershed C2ABHG63,Ganga Basin,Bhagirathi and others (Ganga Lower),495.40076124,4.3125,4.996877900562057,1.1586963247680133,4.996877900562057,0.0,NO ALERT,NO ALERT,20260911,12
watershed,C2ABHG64,Watershed C2ABHG64,Ganga Basin,Bhagirathi and others (Ganga Lower),980.88770895,2.6875,4.862833923339571,1.8094265761263522,4.862833923339571,0.0,NO ALERT,NO ALERT,20260911,12
watershed,C2ABHG65,Watershed C2ABHG65,Ganga Basin,Bhagirathi and others (Ganga Lower),1140.49771472,3.0,5.802198349490558,1.9340661164968527,5.802198349490558,0.0,NO ALERT,NO ALERT,20260911,12
watershed,C2ABHG66,Watershed C2ABHG66,Ganga Basin,Bhagirathi and others (Ganga Lower),1754.954764,1.53125,5.410322391282614,3.0,4.59375,0.0,NO ALERT,NO ALERT,20260911,12
watershed,C2ABHG67,Watershed C2ABHG67,Ganga Basin,Bhagirathi and others (Ganga Lower),964.6806107,4.5,5.462586981670497,1.2139082181489993,5.462586981670497,0.0,NO ALERT,NO ALERT,20260911,12
watershed,C2ABHG68,Watershed C2ABHG68,Ganga Basin,Bhagirathi and others (Ganga Lower),572.5019401,1.125,5.522153302312714,3.0,3.375,0.0,NO ALERT,NO ALERT,20260911,12
watershed,C2ABHG69,Watershed C2ABHG69,Ganga Basin,Bhagirathi and others (Ganga Lower),727.8574306,0.0,0.0,1.0,0.0,0.0,NO ALERT,NO ALERT,20260911,12
watershed,C2ABHG70,Watershed C2ABHG70,Ganga Basin,Bhagirathi and others (Ganga Lower),1395.30856547,6.1875,5.065002349100701,0.8185862382384972,5.065002349100701,0.0,NO ALERT,NO ALERT,20260911,12
watershed,C2ABHG71,Watershed C2ABHG71,Ganga Basin,Bhagirathi and others (Ganga Lower),729.28967018,0.0,0.0,1.0,0.0,0.0,NO ALERT,NO ALERT,20260911,12
watershed,C2ABHG72,Watershed C2ABHG72,Ganga Basin,Bhagirathi and others (Ganga Lower),1112.94314976,4.1875,5.5483850572819575,1.3249874763658407,5.5483850572819575,0.0,NO ALERT,NO ALERT,20260911,12
watershed,C2ABHG73,Watershed C2ABHG73,Ganga Basin,Bhagirathi and others (Ganga Lower),1038.39104523,4.4375,5.448270448113549,1.2277792559129124,5.448270448113549,0.0,NO ALERT,NO ALERT,20260911,12
watershed,C2ABHG74,Watershed C2ABHG74,Ganga Basin,Bhagirathi and others (Ganga Lower),487.91080496,2.5625,5.5371550528153985,2.160840996220643,5.5371550528153985,0.0,NO ALERT,NO ALERT,20260911,12
watershed,C2ABHG75,Watershed C2ABHG75,Ganga Basin,Bhagirathi and others (Ganga Lower),1230.83137434,0.84375,5.636476482430549,3.0,2.53125,0.0,NO ALERT,NO ALERT,20260911,12
watershed,C2ACHL01,Watershed C2ACHL01,Ganga Basin,Chambal Lower,864.58447113,3.4375,4.5093660053937406,1.3118155652054517,4.5093660053937406,0.0,NO ALERT,NO ALERT,20260911,12
watershed,C2ACHL02,Watershed C2ACHL02,Ganga Basin,Chambal Lower,835.02380021,6.90625,4.45571785100723,0.6451718155304587,4.45571785100723,0.0,NO ALERT,NO ALERT,20260911,12
watershed,C2ACHL03,Watershed C2ACHL03,Ganga Basin,Chambal Lower,815.07129824,7.9375,4.1926066249608995,0.5282024094438929,4.1926066249608995,0.0,NO ALERT,NO ALERT,20260911,12
watershed,C2ACHL04,Watershed C2ACHL04,Ganga Basin,Chambal Lower,560.03492832,5.25,4.327589962049706,0.8243028499142298,4.327589962049706,0.0,NO ALERT,NO ALERT,20260911,12
watershed,C2ACHL05,Watershed C2ACHL05,Ganga Basin,Chambal Lower,831.34820586,4.125,4.090346430017523,0.9915991345497026,4.090346430017523,0.0,NO ALERT,NO ALERT,20260911,12
watershed,C2ACHL06,Watershed C2ACHL06,Ganga Basin,Chambal Lower,405.58648268,0.0,0.0,1.0,0.0,0.0,NO ALERT,NO ALERT,20260911,12
watershed,C2ACHL07,Watershed C2ACHL07,Ganga Basin,Chambal Lower,971.21117137,3.0625,4.792389284013069,1.5648618070246756,4.792389284013069,0.0,NO ALERT,NO ALERT,20260911,12
watershed,C2ACHL08,Watershed C2ACHL08,Ganga Basin,Chambal Lower,489.89508053,5.75,5.119826837149385,0.8904046673303279,5.119826837149385,0.0,NO ALERT,NO ALERT,20260911,12
watershed,C2ACHL09,Watershed C2ACHL09,Ganga Basin,Chambal Lower,950.28949092,3.6875,3.9795433162009877,1.0791981874443357,3.979543316200988,0.0,NO ALERT,NO ALERT,20260911,12
watershed,C2ACHL10,Watershed C2ACHL10,Ganga Basin,Chambal Lower,679.04258414,2.15625,3.136339417304078,1.4545342225178333,3.136339417304078,0.0,NO ALERT,NO ALERT,20260911,12
watershed,C2ACHL11,Watershed C2ACHL11,Ganga Basin,Chambal Lower,933.67113101,5.1875,2.7509491402400683,0.530303448720977,2.7509491402400683,0.0,NO ALERT,NO ALERT,20260911,12
watershed,C2ACHL12,Watershed C2ACHL12,Ganga Basin,Chambal Lower,607.18265084,12.625,3.452848385825549,0.3,3.7874999999999996,0.0,NO ALERT,NO ALERT,20260911,12
watershed,C2ACHL13,Watershed C2ACHL13,Ganga Basin,Chambal Lower,1135.93499102,9.0625,2.078367964964207,0.3,2.71875,0.0,NO ALERT,NO ALERT,20260911,12
watershed,C2ACHL14,Watershed C2ACHL14,Ganga Basin,Chambal Lower,862.38581062,2.75,2.7030233334392717,0.9829175757960988,2.7030233334392717,0.0,NO ALERT,NO ALERT,20260911,12
watershed,C2ACHU01,Watershed C2ACHU01,Ganga Basin,Chambal Upper,1186.87605283,15.125,3.3776447003426617,0.3,4.5375,0.0,NO ALERT,NO ALERT,20260911,12
watershed,C2ACHU02,Watershed C2ACHU02,Ganga Basin,Chambal Upper,1403.97460441,11.0,3.016636889968833,0.3,3.3,0.0,NO ALERT,NO ALERT,20260911,12
watershed,C2ACHU03,Watershed C2ACHU03,Ganga Basin,Chambal Upper,748.37801757,14.90625,2.6942388298168574,0.3,4.471875,0.0,NO ALERT,NO ALERT,20260911,12
watershed,C2ACHU04,Watershed C2ACHU04,Ganga Basin,Chambal Upper,941.08108391,12.6875,4.205531115258394,0.3314704327297256,4.205531115258394,0.0,NO ALERT,NO ALERT,20260911,12
watershed,C2ACHU05,Watershed C2ACHU05,Ganga Basin,Chambal Upper,913.87823379,13.5,2.6655689519153882,0.3,4.05,0.0,NO ALERT,NO ALERT,20260911,12
watershed,C2ACHU06,Watershed C2ACHU06,Ganga Basin,Chambal Upper,974.83780003,14.3125,3.3788483644185,0.3,4.29375,0.0,NO ALERT,NO ALERT,20260911,12
watershed,C2ACHU07,Watershed C2ACHU07,Ganga Basin,Chambal Upper,1123.96365992,17.75,2.6551069364564057,0.3,5.325,0.0,NO ALERT,NO ALERT,20260911,12
watershed,C2ACHU08,Watershed C2ACHU08,Ganga Basin,Chambal Upper,785.05064149,17.5,2.408013163853998,0.3,5.25,0.0,NO ALERT,NO ALERT,20260911,12
watershed,C2ACHU09,Watershed C2ACHU09,Ganga Basin,Chambal Upper,978.05450286,19.0625,3.261252189458233,0.3,5.71875,0.0,NO ALERT,NO ALERT,20260911,12
watershed,C2ACHU10,Watershed C2ACHU10,Ganga Basin,Chambal Upper,539.00577782,0.0,0.0,1.0,0.0,0.0,NO ALERT,NO ALERT,20260911,12
watershed,C2ACHU11,Watershed C2ACHU11,Ganga Basin,Chambal Upper,739.07176398,13.1875,2.543280664127167,0.3,3.95625,0.0,NO ALERT,NO ALERT,20260911,12
watershed,C2ACHU12,Watershed C2ACHU12,Ganga Basin,Chambal Upper,1209.39252729,11.5625,2.7911908229124056,0.3,3.46875,0.0,NO ALERT,NO ALERT,20260911,12
watershed,C2ACHU13,Watershed C2ACHU13,Ganga Basin,Chambal Upper,682.10355932,9.0625,2.6360263037559104,0.3,2.71875,0.0,NO ALERT,NO ALERT,20260911,12
watershed,C2ACHU14,Watershed C2ACHU14,Ganga Basin,Chambal Upper,887.1264084,13.3125,2.5926701072144183,0.3,3.99375,0.0,NO ALERT,NO ALERT,20260911,12
watershed,C2ACHU15,Watershed C2ACHU15,Ganga Basin,Chambal Upper,847.19657242,10.5,2.414625904811164,0.3,3.15,0.0,NO ALERT,NO ALERT,20260911,12
watershed,C2ACHU16,Watershed C2ACHU16,Ganga Basin,Chambal Upper,617.78581601,9.375,3.2562579590980323,0.3473341823037901,3.2562579590980323,0.0,NO ALERT,NO ALERT,20260911,12
watershed,C2ACHU17,Watershed C2ACHU17,Ganga Basin,Chambal Upper,694.12478106,6.5,3.063941166294764,0.4713755640453483,3.063941166294764,0.0,NO ALERT,NO ALERT,20260911,12
watershed,C2ACHU18,Watershed C2ACHU18,Ganga Basin,Chambal Upper,706.59473723,12.9375,3.541081978115317,0.3,3.8812499999999996,0.0,NO ALERT,NO ALERT,20260911,12
watershed,C2ACHU19,Watershed C2ACHU19,Ganga Basin,Chambal Upper,976.8530021,10.75,2.9837986451305754,0.3,3.225,0.0,NO ALERT,NO ALERT,20260911,12
watershed,C2ACHU20,Watershed C2ACHU20,Ganga Basin,Chambal Upper,584.57798439,13.5625,2.513548863036175,0.3,4.06875,0.0,NO ALERT,NO ALERT,20260911,12
watershed,C2ACHU21,Watershed C2ACHU21,Ganga Basin,Chambal Upper,660.48195974,8.9375,2.5811283828461007,0.3,2.68125,0.0,NO ALERT,NO ALERT,20260911,12
watershed,C2ACHU22,Watershed C2ACHU22,Ganga Basin,Chambal Upper,825.74040151,12.5,2.4067782200362586,0.3,3.75,0.0,NO ALERT,NO ALERT,20260911,12
watershed,C2ACHU23,Watershed C2ACHU23,Ganga Basin,Chambal Upper,908.29063578,12.0625,3.3388424252810545,0.3,3.61875,0.0,NO ALERT,NO ALERT,20260911,12
watershed,C2ACHU24,Watershed C2ACHU24,Ganga Basin,Chambal Upper,523.15217045,10.125,2.903636800997878,0.3,3.0375,0.0,NO ALERT,NO ALERT,20260911,12
watershed,C2ACHU25,Watershed C2ACHU25,Ganga Basin,Chambal Upper,405.14030974,0.0,0.0,1.0,0.0,0.0,NO ALERT,NO ALERT,20260911,12
watershed,C2ACHU26,Watershed C2ACHU26,Ganga Basin,Chambal Upper,1046.33291376,8.0,3.723346707143196,0.4654183383928995,3.723346707143196,0.0,NO ALERT,NO ALERT,20260911,12
watershed,C2ACHU27,Watershed C2ACHU27,Ganga Basin,Chambal Upper,964.23097982,8.0625,3.523618219017166,0.43703791863778807,3.523618219017166,0.0,NO ALERT,NO ALERT,20260911,12
watershed,C2ACHU28,Watershed C2ACHU28,Ganga Basin,Chambal Upper,714.67359932,11.75,3.6366689467164752,0.309503740146083,3.6366689467164752,0.0,NO ALERT,NO ALERT,20260911,12
watershed,C2ACHU29,Watershed C2ACHU29,Ganga Basin,Chambal Upper,604.33269073,8.1875,3.5853452573900353,0.43790476426137837,3.5853452573900353,0.0,NO ALERT,NO ALERT,20260911,12
watershed,C2ACHU30,Watershed C2ACHU30,Ganga Basin,Chambal Upper,1354.26679491,8.9375,4.1692191320739385,0.46648605673554555,4.1692191320739385,0.0,NO ALERT,NO ALERT,20260911,12
watershed,C2ADAM01,Watershed C2ADAM01,Ganga Basin,Damodar,801.01582915,0.5625,3.9135609368755393,3.0,1.6875,0.0,NO ALERT,NO ALERT,20260911,12
watershed,C2ADAM02,Watershed C2ADAM02,Ganga Basin,Damodar,527.35646518,0.125,3.6493790650612685,3.0,0.375,0.0,NO ALERT,NO ALERT,20260911,12
watershed,C2ADAM03,Watershed C2ADAM03,Ganga Basin,Damodar,522.66175792,0.375,4.028078982846377,3.0,1.125,0.0,NO ALERT,NO ALERT,20260911,12
watershed,C2ADAM04,Watershed C2ADAM04,Ganga Basin,Damodar,680.36688644,0.6875,4.027034045347612,3.0,2.0625,0.0,NO ALERT,NO ALERT,20260911,12
watershed,C2ADAM05,Watershed C2ADAM05,Ganga Basin,Damodar,582.85821799,0.0,0.0,1.0,0.0,0.0,NO ALERT,NO ALERT,20260911,12
watershed,C2ADAM06,Watershed C2ADAM06,Ganga Basin,Damodar,546.46448831,0.0,0.0,1.0,0.0,0.0,NO ALERT,NO ALERT,20260911,12
watershed,C2ADAM07,Watershed C2ADAM07,Ganga Basin,Damodar,1301.09433132,1.1875,3.8341413181530286,3.0,3.5625,0.0,NO ALERT,NO ALERT,20260911,12
watershed,C2ADAM08,Watershed C2ADAM08,Ganga Basin,Damodar,610.95083512,3.75,4.663566578230629,1.2436177541948343,4.663566578230629,0.0,NO ALERT,NO ALERT,20260911,12
watershed,C2ADAM09,Watershed C2ADAM09,Ganga Basin,Damodar,809.73651639,7.5625,4.429767386798989,0.5857543651965605,4.429767386798989,0.0,NO ALERT,NO ALERT,20260911,12
watershed,C2ADAM10,Watershed C2ADAM10,Ganga Basin,Damodar,921.52319243,2.53125,4.535936154404732,1.791974777048783,4.535936154404732,0.0,NO ALERT,NO ALERT,20260911,12
watershed,C2ADAM11,Watershed C2ADAM11,Ganga Basin,Damodar,789.65459982,5.625,6.711277832152092,1.1931160590492609,6.711277832152092,0.0,NO ALERT,NO ALERT,20260911,12
watershed,C2ADAM12,Watershed C2ADAM12,Ganga Basin,Damodar,473.07848725,4.59375,3.8306019669424183,0.8338725370214788,3.8306019669424183,0.0,NO ALERT,NO ALERT,20260911,12
watershed,C2ADAM13,Watershed C2ADAM13,Ganga Basin,Damodar,353.20566123,0.0,0.0,1.0,0.0,0.0,NO ALERT,NO ALERT,20260911,12
watershed,C2ADAM14,Watershed C2ADAM14,Ganga Basin,Damodar,423.88818672,2.4375,4.596240867490637,1.885637278970518,4.596240867490637,0.0,NO ALERT,NO ALERT,20260911,12
watershed,C2ADAM15,Watershed C2ADAM15,Ganga Basin,Damodar,682.28951148,4.1875,2.6197532410082753,0.6256127142706329,2.6197532410082753,0.0,NO ALERT,NO ALERT,20260911,12
watershed,C2ADAM16,Watershed C2ADAM16,Ganga Basin,Damodar,839.57639698,0.125,2.987464760876682,3.0,0.375,0.0,NO ALERT,NO ALERT,20260911,12
watershed,C2ADAM17,Watershed C2ADAM17,Ganga Basin,Damodar,824.37352864,0.0,0.0,1.0,0.0,0.0,NO ALERT,NO ALERT,20260911,12
watershed,C2ADAM18,Watershed C2ADAM18,Ganga Basin,Damodar,737.54639355,0.78125,3.301893987353534,3.0,2.34375,0.0,NO ALERT,NO ALERT,20260911,12
watershed,C2ADAM19,Watershed C2ADAM19,Ganga Basin,Damodar,516.48753925,0.0,0.0,1.0,0.0,0.0,NO ALERT,NO ALERT,20260911,12
watershed,C2ADAM20,Watershed C2ADAM20,Ganga Basin,Damodar,655.20228322,0.75,4.277080941608507,3.0,2.25,0.0,NO ALERT,NO ALERT,20260911,12
watershed,C2ADAM21,Watershed C2ADAM21,Ganga Basin,Damodar,784.86052343,1.625,3.3702959290106,2.074028264006523,3.3702959290106,0.0,NO ALERT,NO ALERT,20260911,12
watershed,C2ADAM22,Watershed C2ADAM22,Ganga Basin,Damodar,710.40628879,3.0,4.304763847222067,1.4349212824073556,4.304763847222067,0.0,NO ALERT,NO ALERT,20260911,12
watershed,C2ADAM23,Watershed C2ADAM23,Ganga Basin,Damodar,743.1065586,4.1875,5.45433074970768,1.3025267461988488,5.45433074970768,0.0,NO ALERT,NO ALERT,20260911,12
watershed,C2ADAM24,Watershed C2ADAM24,Ganga Basin,Damodar,419.15077754,2.6875,4.7915057811630914,1.7828858720606853,4.7915057811630914,0.0,NO ALERT,NO ALERT,20260911,12
watershed,C2ADAM25,Watershed C2ADAM25,Ganga Basin,Damodar,575.06525662,2.9375,4.368700960768412,1.4872173483466935,4.368700960768412,0.0,NO ALERT,NO ALERT,20260911,12
watershed,C2ADAM26,Watershed C2ADAM26,Ganga Basin,Damodar,874.16294077,4.5,4.596483003072542,1.0214406673494538,4.596483003072542,0.0,NO ALERT,NO ALERT,20260911,12
watershed,C2ADAM27,Watershed C2ADAM27,Ganga Basin,Damodar,759.09532865,1.6875,4.193146588255281,2.4848276078549816,4.193146588255281,0.0,NO ALERT,NO ALERT,20260911,12
watershed,C2ADAM28,Watershed C2ADAM28,Ganga Basin,Damodar,463.79398316,1.875,4.1156244865835525,2.194999726177895,4.1156244865835525,0.0,NO ALERT,NO ALERT,20260911,12
watershed,C2ADAM29,Watershed C2ADAM29,Ganga Basin,Damodar,733.58617975,5.6875,5.101303299975722,0.8969324483473797,5.101303299975722,0.0,NO ALERT,NO ALERT,20260911,12
watershed,C2ADAM30,Watershed C2ADAM30,Ganga Basin,Damodar,643.65910778,2.3125,4.447099037448021,1.9230698540315767,4.447099037448021,0.0,NO ALERT,NO ALERT,20260911,12
watershed,C2ADAM31,Watershed C2ADAM31,Ganga Basin,Damodar,573.87798815,7.0625,5.023489284699094,0.7112905181874823,5.023489284699094,0.0,NO ALERT,NO ALERT,20260911,12
watershed,C2ADAM32,Watershed C2ADAM32,Ganga Basin,Damodar,399.02110285,0.0,0.0,1.0,0.0,0.0,NO ALERT,NO ALERT,20260911,12
watershed,C2ADAM33,Watershed C2ADAM33,Ganga Basin,Damodar,814.57031837,2.125,4.113001028193186,1.9355298956203228,4.113001028193186,0.0,NO ALERT,NO ALERT,20260911,12
watershed,C2ADAM34,Watershed C2ADAM34,Ganga Basin,Damodar,940.75505701,2.5,5.571909693955151,2.22876387758206,5.571909693955151,0.0,NO ALERT,NO ALERT,20260911,12
watershed,C2ADAM35,Watershed C2ADAM35,Ganga Basin,Damodar,982.80978054,3.8125,4.613277224890173,1.2100399278400453,4.613277224890173,0.0,NO ALERT,NO ALERT,20260911,12
watershed,C2ADAM36,Watershed C2ADAM36,Ganga Basin,Damodar,636.51268156,6.5625,4.0278486211005955,0.6137674089296146,4.0278486211005955,0.0,NO ALERT,NO ALERT,20260911,12
watershed,C2ADAM37,Watershed C2ADAM37,Ganga Basin,Damodar,755.83977798,4.375,4.491941250258521,1.026729428630519,4.491941250258521,0.0,NO ALERT,NO ALERT,20260911,12
watershed,C2ADAM38,Watershed C2ADAM38,Ganga Basin,Damodar,377.20857995,0.0,0.0,1.0,0.0,0.0,NO ALERT,NO ALERT,20260911,12
watershed,C2ADAM39,Watershed C2ADAM39,Ganga Basin,Damodar,723.38586813,3.6875,5.63730615287611,1.5287609906104704,5.63730615287611,0.0,NO ALERT,NO ALERT,20260911,12
watershed,C2ADAM40,Watershed C2ADAM40,Ganga Basin,Damodar,812.40070243,3.375,4.5316456880879725,1.3427098335075474,4.5316456880879725,0.0,NO ALERT,NO ALERT,20260911,12
watershed,C2ADAM41,Watershed C2ADAM41,Ganga Basin,Damodar,773.30709263,3.625,4.328218323257688,1.1939912615883277,4.328218323257688,0.0,NO ALERT,NO ALERT,20260911,12
watershed,C2ADAM42,Watershed C2ADAM42,Ganga Basin,Damodar,686.43497615,3.5,4.248026165856074,1.213721761673164,4.248026165856074,0.0,NO ALERT,NO ALERT,20260911,12
watershed,C2ADAM43,Watershed C2ADAM43,Ganga Basin,Damodar,382.23501056,0.0,0.0,1.0,0.0,0.0,NO ALERT,NO ALERT,20260911,12
watershed,C2ADAM44,Watershed C2ADAM44,Ganga Basin,Damodar,392.60068541,0.0,0.0,1.0,0.0,0.0,NO ALERT,NO ALERT,20260911,12
watershed,C2ADAM45,Watershed C2ADAM45,Ganga Basin,Damodar,676.05860068,2.1875,4.628511363349549,2.115890908959794,4.628511363349549,0.0,NO ALERT,NO ALERT,20260911,12
watershed,C2ADAM46,Watershed C2ADAM46,Ganga Basin,Damodar,1202.45109335,2.0,4.081534359614326,2.040767179807163,4.081534359614326,0.0,NO ALERT,NO ALERT,20260911,12
watershed,C2ADAM47,Watershed C2ADAM47,Ganga Basin,Damodar,699.60536023,0.0,0.0,1.0,0.0,0.0,NO ALERT,NO ALERT,20260911,12
watershed,C2ADAM48,Watershed C2ADAM48,Ganga Basin,Damodar,891.62066248,2.0,5.642629210997934,2.821314605498967,5.642629210997934,0.0,NO ALERT,NO ALERT,20260911,12
watershed,C2ADAM49,Watershed C2ADAM49,Ganga Basin,Damodar,582.56071838,3.1875,5.006442015669117,1.5706484755040369,5.006442015669117,0.0,NO ALERT,NO ALERT,20260911,12
watershed,C2ADAM50,Watershed C2ADAM50,Ganga Basin,Damodar,703.454107,4.3125,4.653074566877051,1.0789738126091712,4.653074566877051,0.0,NO ALERT,NO ALERT,20260911,12
watershed,C2ADAM51,Watershed C2ADAM51,Ganga Basin,Damodar,503.58492041,4.625,4.4358999238438805,0.9591134970473255,4.4358999238438805,0.0,NO ALERT,NO ALERT,20260911,12
watershed,C2ADAM52,Watershed C2ADAM52,Ganga Basin,Damodar,326.15904735,0.0,0.0,1.0,0.0,0.0,NO ALERT,NO ALERT,20260911,12
watershed,C2ADAM53,Watershed C2ADAM53,Ganga Basin,Damodar,687.65909265,3.21875,4.363348067429376,1.3556032830848548,4.363348067429376,0.0,NO ALERT,NO ALERT,20260911,12
watershed,C2ADAM54,Watershed C2ADAM54,Ganga Basin,Damodar,838.9102523,2.25,4.305650742535722,1.9136225522380985,4.305650742535722,0.0,NO ALERT,NO ALERT,20260911,12
watershed,C2ADAM55,Watershed C2ADAM55,Ganga Basin,Damodar,507.52422174,4.25,4.476768772365296,1.053357358203599,4.476768772365296,0.0,NO ALERT,NO ALERT,20260911,12
watershed,C2ADAM56,Watershed C2ADAM56,Ganga Basin,Damodar,563.10015889,0.0,0.0,1.0,0.0,0.0,NO ALERT,NO ALERT,20260911,12
watershed,C2ADAM57,Watershed C2ADAM57,Ganga Basin,Damodar,745.10817076,2.6875,4.495233852712259,1.6726451544975847,4.495233852712259,0.0,NO ALERT,NO ALERT,20260911,12
watershed,C2ADAM58,Watershed C2ADAM58,Ganga Basin,Damodar,1216.25446988,1.53125,4.925491460861817,3.0,4.59375,0.0,NO ALERT,NO ALERT,20260911,12
watershed,C2ADAM59,Watershed C2ADAM59,Ganga Basin,Damodar,1193.74096877,3.25,5.006504347297835,1.5404628760916415,5.006504347297835,0.0,NO ALERT,NO ALERT,20260911,12
watershed,C2ADAM60,Watershed C2ADAM60,Ganga Basin,Damodar,1070.52426856,4.9375,4.9446396551107705,1.0014460060983839,4.9446396551107705,0.0,NO ALERT,NO ALERT,20260911,12
watershed,C2AGAN01,Watershed C2AGAN01,Ganga Basin,Gandak and others,574.01072091,0.5625,3.072123318849361,3.0,1.6875,0.0,NO ALERT,NO ALERT,20260911,12
watershed,C2AGAN02,Watershed C2AGAN02,Ganga Basin,Gandak and others,811.37305837,0.0,0.0,1.0,0.0,0.0,NO ALERT,NO ALERT,20260911,12
watershed,C2AGAN03,Watershed C2AGAN03,Ganga Basin,Gandak and others,513.83982152,0.9375,1.7697189228379564,1.8877001843604868,1.7697189228379564,0.0,NO ALERT,NO ALERT,20260911,12
watershed,C2AGAN04,Watershed C2AGAN04,Ganga Basin,Gandak and others,754.70046881,1.59375,3.6635917917200147,2.298724261471382,3.6635917917200147,0.0,NO ALERT,NO ALERT,20260911,12
watershed,C2AGAN05,Watershed C2AGAN05,Ganga Basin,Gandak and others,1036.25927339,0.875,2.7160426132483027,3.0,2.625,0.0,NO ALERT,NO ALERT,20260911,12
watershed,C2AGAN06,Watershed C2AGAN06,Ganga Basin,Gandak and others,935.90418092,0.75,2.345102085652825,3.0,2.25,0.0,NO ALERT,NO ALERT,20260911,12
watershed,C2AGAN07,Watershed C2AGAN07,Ganga Basin,Gandak and others,605.12175862,0.0,0.0,1.0,0.0,0.0,NO ALERT,NO ALERT,20260911,12
watershed,C2AGAN08,Watershed C2AGAN08,Ganga Basin,Gandak and others,681.47036213,2.375,2.216153830187778,0.9331174021843275,2.216153830187778,0.0,NO ALERT,NO ALERT,20260911,12
watershed,C2AGAN09,Watershed C2AGAN09,Ganga Basin,Gandak and others,1308.87616037,0.8333333333333333,2.4421270595089486,2.9305524714107385,2.4421270595089486,0.0,NO ALERT,NO ALERT,20260911,12
watershed,C2AGAN10,Watershed C2AGAN10,Ganga Basin,Gandak and others,557.79857729,0.0,3.056567998148807,1.0,0.0,0.0,NO ALERT,NO ALERT,20260911,12
watershed,C2AGAN11,Watershed C2AGAN11,Ganga Basin,Gandak and others,840.81792903,0.0,0.0,1.0,0.0,0.0,NO ALERT,NO ALERT,20260911,12
watershed,C2AGAN12,Watershed C2AGAN12,Ganga Basin,Gandak and others,543.79347354,3.25,2.7748311761715643,0.853794208052789,2.7748311761715643,0.0,NO ALERT,NO ALERT,20260911,12
watershed,C2AGAN13,Watershed C2AGAN13,Ganga Basin,Gandak and others,933.77468677,2.125,2.6842901029815414,1.2631953425795488,2.6842901029815414,0.0,NO ALERT,NO ALERT,20260911,12
watershed,C2AGAN14,Watershed C2AGAN14,Ganga Basin,Gandak and others,741.93629651,0.25,3.0736349968469305,3.0,0.75,0.0,NO ALERT,NO ALERT,20260911,12
watershed,C2AGAN15,Watershed C2AGAN15,Ganga Basin,Gandak and others,489.63915243,0.0,0.0,1.0,0.0,0.0,NO ALERT,NO ALERT,20260911,12
watershed,C2AGAN16,Watershed C2AGAN16,Ganga Basin,Gandak and others,568.97554004,2.375,1.45784567921129,0.6138297596679115,1.45784567921129,0.0,NO ALERT,NO ALERT,20260911,12
watershed,C2AGAN17,Watershed C2AGAN17,Ganga Basin,Gandak and others,610.09954337,0.875,2.4578577252487612,2.8089802574271556,2.4578577252487612,0.0,NO ALERT,NO ALERT,20260911,12
watershed,C2AGAN18,Watershed C2AGAN18,Ganga Basin,Gandak and others,564.37194179,3.0,2.375503671046806,0.7918345570156019,2.375503671046806,0.0,NO ALERT,NO ALERT,20260911,12
watershed,C2AGAN19,Watershed C2AGAN19,Ganga Basin,Gandak and others,668.08740909,1.0625,3.592705083464923,3.0,3.1875,0.0,NO ALERT,NO ALERT,20260911,12
watershed,C2AGAN20,Watershed C2AGAN20,Ganga Basin,Gandak and others,570.73963595,0.75,3.5125863183238737,3.0,2.25,0.0,NO ALERT,NO ALERT,20260911,12
watershed,C2AGAN21,Watershed C2AGAN21,Ganga Basin,Gandak and others,694.13455464,1.4375,3.21985189663629,2.239896971573071,3.21985189663629,0.0,NO ALERT,NO ALERT,20260911,12
watershed,C2AGAN22,Watershed C2AGAN22,Ganga Basin,Gandak and others,530.47616986,0.0,0.0,1.0,0.0,0.0,NO ALERT,NO ALERT,20260911,12
watershed,C2AGAN23,Watershed C2AGAN23,Ganga Basin,Gandak and others,1128.15900224,1.5,2.4696511178086067,1.6464340785390712,2.4696511178086067,0.0,NO ALERT,NO ALERT,20260911,12
watershed,C2AGAN24,Watershed C2AGAN24,Ganga Basin,Gandak and others,648.99719103,0.1875,2.6069187892524344,3.0,0.5625,0.0,NO ALERT,NO ALERT,20260911,12
watershed,C2AGAN25,Watershed C2AGAN25,Ganga Basin,Gandak and others,1056.53653304,1.09375,2.175731959939003,1.9892406490870882,2.175731959939003,0.0,NO ALERT,NO ALERT,20260911,12
watershed,C2AGAN26,Watershed C2AGAN26,Ganga Basin,Gandak and others,762.18727675,0.125,2.4182945472532755,3.0,0.375,0.0,NO ALERT,NO ALERT,20260911,12
watershed,C2AGAN27,Watershed C2AGAN27,Ganga Basin,Gandak and others,939.31273065,1.25,2.9427656521127648,2.354212521690212,2.9427656521127648,0.0,NO ALERT,NO ALERT,20260911,12
watershed,C2AGAN28,Watershed C2AGAN28,Ganga Basin,Gandak and others,665.84727517,0.3125,3.342841565037427,3.0,0.9375,0.0,NO ALERT,NO ALERT,20260911,12
watershed,C2AGAN29,Watershed C2AGAN29,Ganga Basin,Gandak and others,550.81825284,0.5,3.6352802448076744,3.0,1.5,0.0,NO ALERT,NO ALERT,20260911,12
watershed,C2AGAN30,Watershed C2AGAN30,Ganga Basin,Gandak and others,666.75353508,0.9375,3.726389847083451,3.0,2.8125,0.0,NO ALERT,NO ALERT,20260911,12
watershed,C2AGAN31,Watershed C2AGAN31,Ganga Basin,Gandak and others,477.72236907,0.0,0.0,1.0,0.0,0.0,NO ALERT,NO ALERT,20260911,12
watershed,C2AGAN32,Watershed C2AGAN32,Ganga Basin,Gandak and others,715.23053782,0.53125,2.907348279226316,3.0,1.59375,0.0,NO ALERT,NO ALERT,20260911,12
watershed,C2AGAN33,Watershed C2AGAN33,Ganga Basin,Gandak and others,1214.56758044,2.0,2.986961080317628,1.493480540158814,2.986961080317628,0.0,NO ALERT,NO ALERT,20260911,12
watershed,C2AGAN34,Watershed C2AGAN34,Ganga Basin,Gandak and others,684.82256986,0.6875,3.0718440776614293,3.0,2.0625,0.0,NO ALERT,NO ALERT,20260911,12
watershed,C2AGAN35,Watershed C2AGAN35,Ganga Basin,Gandak and others,814.42624861,0.0,0.0,1.0,0.0,0.0,NO ALERT,NO ALERT,20260911,12
watershed,C2AGAN36,Watershed C2AGAN36,Ganga Basin,Gandak and others,906.52083252,1.4375,3.319190182965504,2.309001866410785,3.319190182965504,0.0,NO ALERT,NO ALERT,20260911,12
watershed,C2AGAN37,Watershed C2AGAN37,Ganga Basin,Gandak and others,1176.94481888,0.1875,3.343895065723217,3.0,0.5625,0.0,NO ALERT,NO ALERT,20260911,12
watershed,C2AGAN38,Watershed C2AGAN38,Ganga Basin,Gandak and others,579.03245634,0.375,3.908156248927116,3.0,1.125,0.0,NO ALERT,NO ALERT,20260911,12
watershed,C2AGAN39,Watershed C2AGAN39,Ganga Basin,Gandak and others,555.0382226,0.1875,2.955985450826279,3.0,0.5625,0.0,NO ALERT,NO ALERT,20260911,12
watershed,C2AGAN40,Watershed C2AGAN40,Ganga Basin,Gandak and others,784.49058357,1.15625,3.5101308005721603,3.0,3.46875,0.0,NO ALERT,NO ALERT,20260911,12
watershed,C2AGAN41,Watershed C2AGAN41,Ganga Basin,Gandak and others,631.68382934,0.5625,2.6977009029216963,3.0,1.6875,0.0,NO ALERT,NO ALERT,20260911,12
watershed,C2AGAN42,Watershed C2AGAN42,Ganga Basin,Gandak and others,915.23170348,0.53125,2.2350686040847267,3.0,1.59375,0.0,NO ALERT,NO ALERT,20260911,12
watershed,C2AGAN43,Watershed C2AGAN43,Ganga Basin,Gandak and others,642.74141884,0.0,0.0,1.0,0.0,0.0,NO ALERT,NO ALERT,20260911,12
watershed,C2AGAN44,Watershed C2AGAN44,Ganga Basin,Gandak and others,630.63981316,0.0625,3.3031820538517547,1.0,0.0625,0.0,NO ALERT,NO ALERT,20260911,12
watershed,C2AGAN45,Watershed C2AGAN45,Ganga Basin,Gandak and others,1255.23538074,0.21875,2.693272957603817,3.0,0.65625,0.0,NO ALERT,NO ALERT,20260911,12
watershed,C2AGAN46,Watershed C2AGAN46,Ganga Basin,Gandak and others,646.96753646,1.8125,3.1950724773619275,1.762798608199684,3.1950724773619275,0.0,NO ALERT,NO ALERT,20260911,12
watershed,C2AGAN47,Watershed C2AGAN47,Ganga Basin,Gandak and others,613.03598835,1.5,2.7904679312689664,1.860311954179311,2.7904679312689664,0.0,NO ALERT,NO ALERT,20260911,12
watershed,C2AGAN48,Watershed C2AGAN48,Ganga Basin,Gandak and others,929.76226092,0.1875,2.6057337904017266,3.0,0.5625,0.0,NO ALERT,NO ALERT,20260911,12
watershed,C2AGAN49,Watershed C2AGAN49,Ganga Basin,Gandak and others,528.52179987,0.0,0.0,1.0,0.0,0.0,NO ALERT,NO ALERT,20260911,12
watershed,C2AGAN50,Watershed C2AGAN50,Ganga Basin,Gandak and others,1000.90544476,0.25,2.6267621918185933,3.0,0.75,0.0,NO ALERT,NO ALERT,20260911,12
watershed,C2AGAN51,Watershed C2AGAN51,Ganga Basin,Gandak and others,542.02836316,0.0,0.0,1.0,0.0,0.0,NO ALERT,NO ALERT,20260911,12
watershed,C2AGAN52,Watershed C2AGAN52,Ganga Basin,Gandak and others,775.74809102,1.1875,3.292958185954453,2.7730174197511186,3.292958185954453,0.0,NO ALERT,NO ALERT,20260911,12
watershed,C2AGAN53,Watershed C2AGAN53,Ganga Basin,Gandak and others,850.87063256,1.6875,3.3015611749703755,1.956480696278741,3.3015611749703755,0.0,NO ALERT,NO ALERT,20260911,12
watershed,C2AGAN54,Watershed C2AGAN54,Ganga Basin,Gandak and others,743.3091909,1.6875,2.991652023057415,1.772830828478468,2.991652023057415,0.0,NO ALERT,NO ALERT,20260911,12
watershed,C2AGAN55,Watershed C2AGAN55,Ganga Basin,Gandak and others,915.75330019,0.78125,2.52684772671902,3.0,2.34375,0.0,NO ALERT,NO ALERT,20260911,12
watershed,C2AGAN56,Watershed C2AGAN56,Ganga Basin,Gandak and others,385.9306798,0.0,0.0,1.0,0.0,0.0,NO ALERT,NO ALERT,20260911,12
watershed,C2AGAN57,Watershed C2AGAN57,Ganga Basin,Gandak and others,391.84195974,2.3125,2.6449459372317956,1.143760405289425,2.644945937231795,0.0,NO ALERT,NO ALERT,20260911,12
watershed,C2AGAN58,Watershed C2AGAN58,Ganga Basin,Gandak and others,852.37373958,0.90625,2.5917162721134623,2.859824851987269,2.5917162721134623,0.0,NO ALERT,NO ALERT,20260911,12
watershed,C2AGAN59,Watershed C2AGAN59,Ganga Basin,Gandak and others,1150.57146785,0.75,2.7880142840620588,3.0,2.25,0.0,NO ALERT,NO ALERT,20260911,12
watershed,C2AGAN60,Watershed C2AGAN60,Ganga Basin,Gandak and others,736.57641215,0.0,0.0,1.0,0.0,0.0,NO ALERT,NO ALERT,20260911,12
watershed,C2AGAN61,Watershed C2AGAN61,Ganga Basin,Gandak and others,408.47825383,1.1875,3.502704185900623,2.9496456302321037,3.502704185900623,0.0,NO ALERT,NO ALERT,20260911,12
watershed,C2AGAN62,Watershed C2AGAN62,Ganga Basin,Gandak and others,1307.51138533,0.4583333333333333,3.103149978387846,3.0,1.375,0.0,NO ALERT,NO ALERT,20260911,12
watershed,C2AGAN63,Watershed C2AGAN63,Ganga Basin,Gandak and others,437.17604079,0.0,0.0,1.0,0.0,0.0,NO ALERT,NO ALERT,20260911,12
watershed,C2AGAN64,Watershed C2AGAN64,Ganga Basin,Gandak and others,535.58631197,0.625,4.48608843296358,3.0,1.875,0.0,NO ALERT,NO ALERT,20260911,12
watershed,C2AGAN65,Watershed C2AGAN65,Ganga Basin,Gandak and others,925.05799537,0.625,3.1568585372950935,3.0,1.875,0.0,NO ALERT,NO ALERT,20260911,12
watershed,C2AGAN66,Watershed C2AGAN66,Ganga Basin,Gandak and others,572.29632438,0.125,3.78514078435016,3.0,0.375,0.0,NO ALERT,NO ALERT,20260911,12
watershed,C2AGAN67,Watershed C2AGAN67,Ganga Basin,Gandak and others,544.17560873,2.25,4.046919959212003,1.7986310929831124,4.046919959212003,0.0,NO ALERT,NO ALERT,20260911,12
watershed,C2AGAN68,Watershed C2AGAN68,Ganga Basin,Gandak and others,717.88400181,1.6875,3.502509407433745,2.075561130331108,3.502509407433745,0.0,NO ALERT,NO ALERT,20260911,12
watershed,C2AGAN69,Watershed C2AGAN69,Ganga Basin,Gandak and others,475.53016898,1.375,3.356131995928614,2.440823269766265,3.356131995928614,0.0,NO ALERT,NO ALERT,20260911,12
watershed,C2AGAN70,Watershed C2AGAN70,Ganga Basin,Gandak and others,731.89223779,1.375,3.281107602952278,2.386260074874384,3.281107602952278,0.0,NO ALERT,NO ALERT,20260911,12
watershed,C2AGAN71,Watershed C2AGAN71,Ganga Basin,Gandak and others,334.87377287,0.0,0.0,1.0,0.0,0.0,NO ALERT,NO ALERT,20260911,12
watershed,C2AGAN72,Watershed C2AGAN72,Ganga Basin,Gandak and others,1186.97819814,1.28125,3.5085220429689103,2.738358667683052,3.5085220429689103,0.0,NO ALERT,NO ALERT,20260911,12
watershed,C2AGAN73,Watershed C2AGAN73,Ganga Basin,Gandak and others,909.91657277,0.375,3.3259942141297745,3.0,1.125,0.0,NO ALERT,NO ALERT,20260911,12
watershed,C2AGAN74,Watershed C2AGAN74,Ganga Basin,Gandak and others,664.93364838,0.25,2.8407801158624153,3.0,0.75,0.0,NO ALERT,NO ALERT,20260911,12
watershed,C2AGAN75,Watershed C2AGAN75,Ganga Basin,Gandak and others,633.25870625,0.5,2.4035981285857826,3.0,1.5,0.0,NO ALERT,NO ALERT,20260911,12
watershed,C2AGAN76,Watershed C2AGAN76,Ganga Basin,Gandak and others,871.54097639,0.125,2.7766251962070596,3.0,0.375,0.0,NO ALERT,NO ALERT,20260911,12
watershed,C2AGHA01,Watershed C2AGHA01,Ganga Basin,Ghaghara,784.67268705,7.5,7.2947765093756045,0.9726368679167473,7.2947765093756045,0.0,NO ALERT,NO ALERT,20260911,12
watershed,C2AGHA02,Watershed C2AGHA02,Ganga Basin,Ghaghara,792.88868729,4.90625,7.039282301792952,1.4347581761616206,7.039282301792951,0.0,NO ALERT,NO ALERT,20260911,12
watershed,C2AGHA03,Watershed C2AGHA03,Ganga Basin,Ghaghara,976.86167187,7.6875,6.853288189842276,0.891484642581109,6.853288189842276,0.0,NO ALERT,NO ALERT,20260911,12
watershed,C2AGHA04,Watershed C2AGHA04,Ganga Basin,Ghaghara,834.65422277,3.25,8.491960371765371,2.6129108836201143,8.491960371765371,0.0,NO ALERT,NO ALERT,20260911,12
watershed,C2AGHA05,Watershed C2AGHA05,Ganga Basin,Ghaghara,1073.73563122,6.5625,6.858400365138707,1.0450895794497077,6.858400365138706,0.0,NO ALERT,NO ALERT,20260911,12
watershed,C2AGHA06,Watershed C2AGHA06,Ganga Basin,Ghaghara,1117.78481983,5.375,7.825843910743657,1.4559709601383548,7.825843910743657,0.0,NO ALERT,NO ALERT,20260911,12
watershed,C2AGHA07,Watershed C2AGHA07,Ganga Basin,Ghaghara,645.67963386,3.0625,4.9537704589636355,1.617557700886085,4.9537704589636355,0.0,NO ALERT,NO ALERT,20260911,12
watershed,C2AGHA08,Watershed C2AGHA08,Ganga Basin,Ghaghara,621.36271636,2.6875,3.9193150828962455,1.458349798286975,3.9193150828962455,0.0,NO ALERT,NO ALERT,20260911,12
watershed,C2AGHA09,Watershed C2AGHA09,Ganga Basin,Ghaghara,698.94053483,6.375,7.187675059535732,1.1274784407114875,7.187675059535733,0.0,NO ALERT,NO ALERT,20260911,12
watershed,C2AGHA10,Watershed C2AGHA10,Ganga Basin,Ghaghara,626.48756135,0.0,0.0,1.0,0.0,0.0,NO ALERT,NO ALERT,20260911,12
watershed,C2AGHA11,Watershed C2AGHA11,Ganga Basin,Ghaghara,944.89412374,3.03125,6.260113679209392,2.065192141594851,6.260113679209392,0.0,NO ALERT,NO ALERT,20260911,12
watershed,C2AGHA12,Watershed C2AGHA12,Ganga Basin,Ghaghara,1105.49423847,1.28125,4.253993164227433,3.0,3.84375,0.0,NO ALERT,NO ALERT,20260911,12
watershed,C2AGHA13,Watershed C2AGHA13,Ganga Basin,Ghaghara,882.95109313,0.3125,4.289685440839153,3.0,0.9375,0.0,NO ALERT,NO ALERT,20260911,12
watershed,C2AGHA14,Watershed C2AGHA14,Ganga Basin,Ghaghara,875.79373269,2.9375,3.753067941902435,1.2776401504348713,3.7530679419024344,0.0,NO ALERT,NO ALERT,20260911,12
watershed,C2AGHA15,Watershed C2AGHA15,Ganga Basin,Ghaghara,953.41203592,6.0625,1.1541549418070545,0.3,1.8187499999999999,0.0,NO ALERT,NO ALERT,20260911,12
watershed,C2AGHA16,Watershed C2AGHA16,Ganga Basin,Ghaghara,436.41635098,0.0,0.0,1.0,0.0,0.0,NO ALERT,NO ALERT,20260911,12
watershed,C2AGHA17,Watershed C2AGHA17,Ganga Basin,Ghaghara,426.08543796,1.25,3.236348327422795,2.589078661938236,3.236348327422795,0.0,NO ALERT,NO ALERT,20260911,12
watershed,C2AGHA18,Watershed C2AGHA18,Ganga Basin,Ghaghara,770.31629632,0.5,3.3992840954702195,3.0,1.5,0.0,NO ALERT,NO ALERT,20260911,12
watershed,C2AGHA19,Watershed C2AGHA19,Ganga Basin,Ghaghara,462.516578,0.0,0.0,1.0,0.0,0.0,NO ALERT,NO ALERT,20260911,12
watershed,C2AGHA20,Watershed C2AGHA20,Ganga Basin,Ghaghara,555.8578823,3.09375,2.1278447176801834,0.6877881915733925,2.1278447176801834,0.0,NO ALERT,NO ALERT,20260911,12
watershed,C2AGHA21,Watershed C2AGHA21,Ganga Basin,Ghaghara,668.26489499,3.78125,2.374833482320178,0.6280551358202124,2.374833482320178,0.0,NO ALERT,NO ALERT,20260911,12
watershed,C2AGHA22,Watershed C2AGHA22,Ganga Basin,Ghaghara,856.48744951,3.0625,2.2514973253828208,0.7351828001250027,2.2514973253828208,0.0,NO ALERT,NO ALERT,20260911,12
watershed,C2AGHA23,Watershed C2AGHA23,Ganga Basin,Ghaghara,431.5747058,4.375,3.6708711368172136,0.8390562598439345,3.6708711368172136,0.0,NO ALERT,NO ALERT,20260911,12
watershed,C2AGHA24,Watershed C2AGHA24,Ganga Basin,Ghaghara,858.86797,4.34375,1.6289374825889116,0.3750071902362962,1.6289374825889116,0.0,NO ALERT,NO ALERT,20260911,12
watershed,C2AGHA25,Watershed C2AGHA25,Ganga Basin,Ghaghara,761.4655398,0.0,0.0,1.0,0.0,0.0,NO ALERT,NO ALERT,20260911,12
watershed,C2AGHA26,Watershed C2AGHA26,Ganga Basin,Ghaghara,942.02675224,2.15625,2.000900119971739,0.9279536788274731,2.000900119971739,0.0,NO ALERT,NO ALERT,20260911,12
watershed,C2AGHA27,Watershed C2AGHA27,Ganga Basin,Ghaghara,1300.48858215,2.46875,2.5641795688908395,1.0386550152469223,2.5641795688908395,0.0,NO ALERT,NO ALERT,20260911,12
watershed,C2AGHA28,Watershed C2AGHA28,Ganga Basin,Ghaghara,1259.66519851,1.75,2.9834108440843345,1.7048061966196197,2.9834108440843345,0.0,NO ALERT,NO ALERT,20260911,12
watershed,C2AGHA29,Watershed C2AGHA29,Ganga Basin,Ghaghara,914.31719581,2.375,2.101025368293671,0.8846422603341773,2.101025368293671,0.0,NO ALERT,NO ALERT,20260911,12
watershed,C2AGHA30,Watershed C2AGHA30,Ganga Basin,Ghaghara,903.87714964,1.4375,2.549679118068251,1.7736898212648702,2.549679118068251,0.0,NO ALERT,NO ALERT,20260911,12
watershed,C2AGHA31,Watershed C2AGHA31,Ganga Basin,Ghaghara,606.39084829,3.8125,2.5925050819165087,0.6800013329617072,2.5925050819165087,0.0,NO ALERT,NO ALERT,20260911,12
watershed,C2AGHA32,Watershed C2AGHA32,Ganga Basin,Ghaghara,825.37413694,3.0625,2.063924727782811,0.6739346049903057,2.063924727782811,0.0,NO ALERT,NO ALERT,20260911,12
watershed,C2AGHA33,Watershed C2AGHA33,Ganga Basin,Ghaghara,901.16006241,0.0,0.0,1.0,0.0,0.0,NO ALERT,NO ALERT,20260911,12
watershed,C2AGHA34,Watershed C2AGHA34,Ganga Basin,Ghaghara,1041.76877223,0.5,2.1599107754250912,3.0,1.5,0.0,NO ALERT,NO ALERT,20260911,12
watershed,C2AGHA35,Watershed C2AGHA35,Ganga Basin,Ghaghara,675.71471306,3.5625,1.5177798078892981,0.4260434548461188,1.5177798078892981,0.0,NO ALERT,NO ALERT,20260911,12
watershed,C2AGHA36,Watershed C2AGHA36,Ganga Basin,Ghaghara,749.87441871,2.0,1.547914806232877,0.7739574031164385,1.547914806232877,0.0,NO ALERT,NO ALERT,20260911,12
watershed,C2AGHA37,Watershed C2AGHA37,Ganga Basin,Ghaghara,704.14242263,2.875,2.0731292190208825,0.7210884240072635,2.0731292190208825,0.0,NO ALERT,NO ALERT,20260911,12
watershed,C2AGHA38,Watershed C2AGHA38,Ganga Basin,Ghaghara,823.33740696,3.5,2.468836086968037,0.7053817391337248,2.468836086968037,0.0,NO ALERT,NO ALERT,20260911,12
watershed,C2AGHA39,Watershed C2AGHA39,Ganga Basin,Ghaghara,573.40336123,0.875,2.5313620082115476,2.8929851522417684,2.5313620082115476,0.0,NO ALERT,NO ALERT,20260911,12
watershed,C2AGHA40,Watershed C2AGHA40,Ganga Basin,Ghaghara,660.34642837,0.59375,2.0559365077480063,3.0,1.78125,0.0,NO ALERT,NO ALERT,20260911,12
watershed,C2AGHA41,Watershed C2AGHA41,Ganga Basin,Ghaghara,935.69234876,0.375,1.1774466143079,3.0,1.125,0.0,NO ALERT,NO ALERT,20260911,12
watershed,C2AGHA42,Watershed C2AGHA42,Ganga Basin,Ghaghara,1251.42104935,0.5625,2.6553656824647565,3.0,1.6875,0.0,NO ALERT,NO ALERT,20260911,12
watershed,C2AGHA43,Watershed C2AGHA43,Ganga Basin,Ghaghara,849.40181136,0.8125,2.869559184431213,3.0,2.4375,0.0,NO ALERT,NO ALERT,20260911,12
watershed,C2AGHA44,Watershed C2AGHA44,Ganga Basin,Ghaghara,889.13842837,0.5625,2.7134637039818177,3.0,1.6875,0.0,NO ALERT,NO ALERT,20260911,12
watershed,C2AGHA45,Watershed C2AGHA45,Ganga Basin,Ghaghara,536.59774046,0.625,2.6862309794719903,3.0,1.875,0.0,NO ALERT,NO ALERT,20260911,12
watershed,C2AGHA46,Watershed C2AGHA46,Ganga Basin,Ghaghara,386.20872811,1.9375,3.0775970011745413,1.5884371618965374,3.0775970011745413,0.0,NO ALERT,NO ALERT,20260911,12
watershed,C2AGHA47,Watershed C2AGHA47,Ganga Basin,Ghaghara,428.21534616,1.6875,1.2135050564596097,0.7191141075316205,1.2135050564596097,0.0,NO ALERT,NO ALERT,20260911,12
watershed,C2AGHA48,Watershed C2AGHA48,Ganga Basin,Ghaghara,1061.52602034,0.78125,2.397736021723241,3.0,2.34375,0.0,NO ALERT,NO ALERT,20260911,12
watershed,C2AGHA49,Watershed C2AGHA49,Ganga Basin,Ghaghara,514.86413743,0.75,2.900970526386614,3.0,2.25,0.0,NO ALERT,NO ALERT,20260911,12
watershed,C2AGHA50,Watershed C2AGHA50,Ganga Basin,Ghaghara,705.8512547,1.875,2.715292616739665,1.4481560622611547,2.715292616739665,0.0,NO ALERT,NO ALERT,20260911,12
watershed,C2AGHA51,Watershed C2AGHA51,Ganga Basin,Ghaghara,630.41588853,1.625,2.9967974694624337,1.8441830581307284,2.9967974694624337,0.0,NO ALERT,NO ALERT,20260911,12
watershed,C2AGHA52,Watershed C2AGHA52,Ganga Basin,Ghaghara,898.06710951,0.8125,2.8382095822732745,3.0,2.4375,0.0,NO ALERT,NO ALERT,20260911,12
watershed,C2AGHA53,Watershed C2AGHA53,Ganga Basin,Ghaghara,637.03354164,0.0,0.0,1.0,0.0,0.0,NO ALERT,NO ALERT,20260911,12
watershed,C2AGHA54,Watershed C2AGHA54,Ganga Basin,Ghaghara,925.78541332,2.1875,3.315689760691499,1.5157438906018281,3.315689760691499,0.0,NO ALERT,NO ALERT,20260911,12
watershed,C2AGHA55,Watershed C2AGHA55,Ganga Basin,Ghaghara,1075.80442163,2.25,1.5278739831218981,0.6790551036097325,1.5278739831218981,0.0,NO ALERT,NO ALERT,20260911,12
watershed,C2AGHA56,Watershed C2AGHA56,Ganga Basin,Ghaghara,579.31756922,1.03125,2.7064400161986484,2.624426682374447,2.7064400161986484,0.0,NO ALERT,NO ALERT,20260911,12
watershed,C2AGHA57,Watershed C2AGHA57,Ganga Basin,Ghaghara,942.16792513,1.375,1.7852188626380816,1.2983409910095138,1.7852188626380816,0.0,NO ALERT,NO ALERT,20260911,12
watershed,C2AGHA58,Watershed C2AGHA58,Ganga Basin,Ghaghara,690.40538166,0.0,0.0,1.0,0.0,0.0,NO ALERT,NO ALERT,20260911,12
watershed,C2AGHA59,Watershed C2AGHA59,Ganga Basin,Ghaghara,930.11199763,0.125,0.9886489163624914,3.0,0.375,0.0,NO ALERT,NO ALERT,20260911,12
watershed,C2AGHA60,Watershed C2AGHA60,Ganga Basin,Ghaghara,886.11005928,0.0,2.313440195644555,1.0,0.0,0.0,NO ALERT,NO ALERT,20260911,12
watershed,C2AGHA61,Watershed C2AGHA61,Ganga Basin,Ghaghara,632.49731785,0.1875,2.1468647010114097,3.0,0.5625,0.0,NO ALERT,NO ALERT,20260911,12
watershed,C2AGHA62,Watershed C2AGHA62,Ganga Basin,Ghaghara,754.53758908,0.375,1.8144313082983505,3.0,1.125,0.0,NO ALERT,NO ALERT,20260911,12
watershed,C2AGHA63,Watershed C2AGHA63,Ganga Basin,Ghaghara,501.84514978,0.125,1.5052716851234436,3.0,0.375,0.0,NO ALERT,NO ALERT,20260911,12
watershed,C2AGHA64,Watershed C2AGHA64,Ganga Basin,Ghaghara,962.11941987,0.125,1.5245433752259163,3.0,0.375,0.0,NO ALERT,NO ALERT,20260911,12
watershed,C2AGHA65,Watershed C2AGHA65,Ganga Basin,Ghaghara,1115.5605239,1.3541666666666665,2.0868175493527765,1.541034497983589,2.0868175493527765,0.0,NO ALERT,NO ALERT,20260911,12
watershed,C2AGHA66,Watershed C2AGHA66,Ganga Basin,Ghaghara,374.93455264,0.0,0.0,1.0,0.0,0.0,NO ALERT,NO ALERT,20260911,12
watershed,C2AGHA67,Watershed C2AGHA67,Ganga Basin,Ghaghara,652.9105783,0.4375,1.7813275371104071,3.0,1.3125,0.0,NO ALERT,NO ALERT,20260911,12
watershed,C2AGHA68,Watershed C2AGHA68,Ganga Basin,Ghaghara,751.44539986,0.1875,2.843700090377298,3.0,0.5625,0.0,NO ALERT,NO ALERT,20260911,12
watershed,C2AGHA69,Watershed C2AGHA69,Ganga Basin,Ghaghara,516.37330413,0.6875,2.742305696520903,3.0,2.0625,0.0,NO ALERT,NO ALERT,20260911,12
watershed,C2AGHA70,Watershed C2AGHA70,Ganga Basin,Ghaghara,578.6921312,0.0,0.0,1.0,0.0,0.0,NO ALERT,NO ALERT,20260911,12
watershed,C2AGHA71,Watershed C2AGHA71,Ganga Basin,Ghaghara,496.45311926,0.0,0.0,1.0,0.0,0.0,NO ALERT,NO ALERT,20260911,12
watershed,C2AGHA72,Watershed C2AGHA72,Ganga Basin,Ghaghara,977.07017081,0.75,2.5996769894067557,3.0,2.25,0.0,NO ALERT,NO ALERT,20260911,12
watershed,C2AGHA73,Watershed C2AGHA73,Ganga Basin,Ghaghara,503.61922412,0.6875,2.776401141245071,3.0,2.0625,0.0,NO ALERT,NO ALERT,20260911,12
watershed,C2AGHA74,Watershed C2AGHA74,Ganga Basin,Ghaghara,441.71796106,0.875,2.1978121416209495,2.5117853047096568,2.1978121416209495,0.0,NO ALERT,NO ALERT,20260911,12
watershed,C2AGHA75,Watershed C2AGHA75,Ganga Basin,Ghaghara,897.06443457,2.125,3.580533718613729,1.6849570440535195,3.580533718613729,0.0,NO ALERT,NO ALERT,20260911,12
watershed,C2AGHA76,Watershed C2AGHA76,Ganga Basin,Ghaghara,677.84456062,0.28125,1.9960585377191844,3.0,0.84375,0.0,NO ALERT,NO ALERT,20260911,12
watershed,C2AGHG01,Watershed C2AGHG01,Ganga Basin,Ghaghara Confluence to Gomti confluence,749.88036945,0.46875,1.5628935506694939,3.0,1.40625,0.0,NO ALERT,NO ALERT,20260911,12
watershed,C2AGHG02,Watershed C2AGHG02,Ganga Basin,Ghaghara Confluence to Gomti confluence,1254.17807985,0.75,2.495024847729157,3.0,2.25,0.0,NO ALERT,NO ALERT,20260911,12
watershed,C2AGHG03,Watershed C2AGHG03,Ganga Basin,Ghaghara Confluence to Gomti confluence,701.74839514,0.0,0.0,1.0,0.0,0.0,NO ALERT,NO ALERT,20260911,12
watershed,C2AGHG04,Watershed C2AGHG04,Ganga Basin,Ghaghara Confluence to Gomti confluence,426.18584356,0.5625,1.567593548497925,2.7868329751074223,1.567593548497925,0.0,NO ALERT,NO ALERT,20260911,12
watershed,C2AGHG05,Watershed C2AGHG05,Ganga Basin,Ghaghara Confluence to Gomti confluence,612.74946092,0.0,0.0,1.0,0.0,0.0,NO ALERT,NO ALERT,20260911,12
watershed,C2AGHG06,Watershed C2AGHG06,Ganga Basin,Ghaghara Confluence to Gomti confluence,743.80012061,1.1875,1.3231922901044153,1.114267191666876,1.3231922901044153,0.0,NO ALERT,NO ALERT,20260911,12
watershed,C2AGHG07,Watershed C2AGHG07,Ganga Basin,Ghaghara Confluence to Gomti confluence,416.26840339,0.0,0.0,1.0,0.0,0.0,NO ALERT,NO ALERT,20260911,12
watershed,C2AGHG08,Watershed C2AGHG08,Ganga Basin,Ghaghara Confluence to Gomti confluence,1032.73586786,0.6875,1.4780501944561528,2.1498911919362222,1.4780501944561528,0.0,NO ALERT,NO ALERT,20260911,12
watershed,C2AGHG09,Watershed C2AGHG09,Ganga Basin,Ghaghara Confluence to Gomti confluence,738.5893939,0.9375,1.766096069551494,1.8838358075215935,1.766096069551494,0.0,NO ALERT,NO ALERT,20260911,12
watershed,C2AGHG10,Watershed C2AGHG10,Ganga Basin,Ghaghara Confluence to Gomti confluence,637.29908312,0.5625,2.0885998687311393,3.0,1.6875,0.0,NO ALERT,NO ALERT,20260911,12
watershed,C2AGHG11,Watershed C2AGHG11,Ganga Basin,Ghaghara Confluence to Gomti confluence,502.86210634,1.5625,2.019258341397325,1.2923253384942879,2.019258341397325,0.0,NO ALERT,NO ALERT,20260911,12
watershed,C2AGHG12,Watershed C2AGHG12,Ganga Basin,Ghaghara Confluence to Gomti confluence,908.19727497,2.75,1.692739122371151,0.6155414990440549,1.692739122371151,0.0,NO ALERT,NO ALERT,20260911,12
watershed,C2AGHG13,Watershed C2AGHG13,Ganga Basin,Ghaghara Confluence to Gomti confluence,623.54034377,1.15625,2.7649693227794074,2.391324819701109,2.7649693227794074,0.0,NO ALERT,NO ALERT,20260911,12
watershed,C2AGHG14,Watershed C2AGHG14,Ganga Basin,Ghaghara Confluence to Gomti confluence,431.67688694,0.0,0.0,1.0,0.0,0.0,NO ALERT,NO ALERT,20260911,12
watershed,C2AGHG15,Watershed C2AGHG15,Ganga Basin,Ghaghara Confluence to Gomti confluence,668.70762586,3.3125,1.9514239658639856,0.5891091217702598,1.9514239658639854,0.0,NO ALERT,NO ALERT,20260911,12
watershed,C2AGHG16,Watershed C2AGHG16,Ganga Basin,Ghaghara Confluence to Gomti confluence,372.40118733,0.0,0.0,1.0,0.0,0.0,NO ALERT,NO ALERT,20260911,12
watershed,C2AGHG17,Watershed C2AGHG17,Ganga Basin,Ghaghara Confluence to Gomti confluence,424.29996305,0.0,0.0,1.0,0.0,0.0,NO ALERT,NO ALERT,20260911,12
watershed,C2AGHG18,Watershed C2AGHG18,Ganga Basin,Ghaghara Confluence to Gomti confluence,781.40630604,0.8125,1.9794224004427048,2.436212185160252,1.9794224004427046,0.0,NO ALERT,NO ALERT,20260911,12
watershed,C2AGHG19,Watershed C2AGHG19,Ganga Basin,Ghaghara Confluence to Gomti confluence,1008.44914405,1.53125,1.9602467212672918,1.2801611240929254,1.960246721267292,0.0,NO ALERT,NO ALERT,20260911,12
watershed,C2AGHG20,Watershed C2AGHG20,Ganga Basin,Ghaghara Confluence to Gomti confluence,515.79854779,0.0,0.0,1.0,0.0,0.0,NO ALERT,NO ALERT,20260911,12
watershed,C2AGHG21,Watershed C2AGHG21,Ganga Basin,Ghaghara Confluence to Gomti confluence,809.95544765,0.5625,2.9031193101548984,3.0,1.6875,0.0,NO ALERT,NO ALERT,20260911,12
watershed,C2AGHG22,Watershed C2AGHG22,Ganga Basin,Ghaghara Confluence to Gomti confluence,463.5992342,0.0,0.0,1.0,0.0,0.0,NO ALERT,NO ALERT,20260911,12
watershed,C2AGHG23,Watershed C2AGHG23,Ganga Basin,Ghaghara Confluence to Gomti confluence,643.13204826,0.0,0.0,1.0,0.0,0.0,NO ALERT,NO ALERT,20260911,12
watershed,C2AGHG24,Watershed C2AGHG24,Ganga Basin,Ghaghara Confluence to Gomti confluence,764.90955659,0.5625,2.353563568690052,3.0,1.6875,0.0,NO ALERT,NO ALERT,20260911,12
watershed,C2AGHG25,Watershed C2AGHG25,Ganga Basin,Ghaghara Confluence to Gomti confluence,952.38470137,1.3125,3.0241341757651874,2.3041022291544286,3.0241341757651874,0.0,NO ALERT,NO ALERT,20260911,12
watershed,C2AGHG26,Watershed C2AGHG26,Ganga Basin,Ghaghara Confluence to Gomti confluence,382.75887156,0.0,0.0,1.0,0.0,0.0,NO ALERT,NO ALERT,20260911,12
watershed,C2AGHG27,Watershed C2AGHG27,Ganga Basin,Ghaghara Confluence to Gomti confluence,1024.05068802,1.75,2.7177589638592448,1.5530051222052828,2.7177589638592448,0.0,NO ALERT,NO ALERT,20260911,12
watershed,C2AGHG28,Watershed C2AGHG28,Ganga Basin,Ghaghara Confluence to Gomti confluence,1123.34640968,1.375,2.29017703375996,1.665583297279971,2.29017703375996,0.0,NO ALERT,NO ALERT,20260911,12
watershed,C2AGHG29,Watershed C2AGHG29,Ganga Basin,Ghaghara Confluence to Gomti confluence,1013.33958727,0.3333333333333333,2.1653356431145645,3.0,1.0,0.0,NO ALERT,NO ALERT,20260911,12
watershed,C2AGHG30,Watershed C2AGHG30,Ganga Basin,Ghaghara Confluence to Gomti confluence,550.29882427,1.5625,2.3213013567438683,1.4856328683160758,2.3213013567438683,0.0,NO ALERT,NO ALERT,20260911,12
watershed,C2AGHG31,Watershed C2AGHG31,Ganga Basin,Ghaghara Confluence to Gomti confluence,879.16786242,0.625,2.549125698331284,3.0,1.875,0.0,NO ALERT,NO ALERT,20260911,12
watershed,C2AGHG32,Watershed C2AGHG32,Ganga Basin,Ghaghara Confluence to Gomti confluence,492.33689063,1.0625,2.687264378042254,2.529190002863298,2.687264378042254,0.0,NO ALERT,NO ALERT,20260911,12
watershed,C2AGHG33,Watershed C2AGHG33,Ganga Basin,Ghaghara Confluence to Gomti confluence,560.92974651,0.0,0.0,1.0,0.0,0.0,NO ALERT,NO ALERT,20260911,12
watershed,C2AGHG34,Watershed C2AGHG34,Ganga Basin,Ghaghara Confluence to Gomti confluence,762.55986088,0.3125,2.4981838186309764,3.0,0.9375,0.0,NO ALERT,NO ALERT,20260911,12
watershed,C2AGHG35,Watershed C2AGHG35,Ganga Basin,Ghaghara Confluence to Gomti confluence,518.74388251,0.0,0.0,1.0,0.0,0.0,NO ALERT,NO ALERT,20260911,12
watershed,C2AGHG36,Watershed C2AGHG36,Ganga Basin,Ghaghara Confluence to Gomti confluence,1761.77452442,1.5,2.0000855676319502,1.3333903784213001,2.0000855676319502,0.0,NO ALERT,NO ALERT,20260911,12
watershed,C2AGOM01,Watershed C2AGOM01,Ganga Basin,Gomti,372.4582849,1.8125,3.243044873602586,1.7892661371600476,3.243044873602586,0.0,NO ALERT,NO ALERT,20260911,12
watershed,C2AGOM02,Watershed C2AGOM02,Ganga Basin,Gomti,659.49747023,0.0,0.0,1.0,0.0,0.0,NO ALERT,NO ALERT,20260911,12
watershed,C2AGOM03,Watershed C2AGOM03,Ganga Basin,Gomti,800.76272969,8.375,3.088702398456939,0.3688002863829181,3.088702398456939,0.0,NO ALERT,NO ALERT,20260911,12
watershed,C2AGOM04,Watershed C2AGOM04,Ganga Basin,Gomti,632.20514922,0.0,0.0,1.0,0.0,0.0,NO ALERT,NO ALERT,20260911,12
watershed,C2AGOM05,Watershed C2AGOM05,Ganga Basin,Gomti,1136.55759823,5.104166666666666,2.2189037806843515,0.4347240060116281,2.2189037806843515,0.0,NO ALERT,NO ALERT,20260911,12
watershed,C2AGOM06,Watershed C2AGOM06,Ganga Basin,Gomti,666.5728092,6.5,3.3400607361777186,0.5138554978734952,3.3400607361777186,0.0,NO ALERT,NO ALERT,20260911,12
watershed,C2AGOM07,Watershed C2AGOM07,Ganga Basin,Gomti,594.66700032,5.5,2.2214873042212773,0.4039067825856868,2.2214873042212773,0.0,NO ALERT,NO ALERT,20260911,12
watershed,C2AGOM08,Watershed C2AGOM08,Ganga Basin,Gomti,446.79021393,3.3125,1.8643182236037843,0.5628130486351047,1.8643182236037845,0.0,NO ALERT,NO ALERT,20260911,12
watershed,C2AGOM09,Watershed C2AGOM09,Ganga Basin,Gomti,716.45588401,2.125,1.6157961875608522,0.7603746764992245,1.6157961875608522,0.0,NO ALERT,NO ALERT,20260911,12
watershed,C2AGOM10,Watershed C2AGOM10,Ganga Basin,Gomti,1029.14718997,0.8333333333333334,1.7690293074402634,2.122835168928316,1.7690293074402634,0.0,NO ALERT,NO ALERT,20260911,12
watershed,C2AGOM11,Watershed C2AGOM11,Ganga Basin,Gomti,962.6192114,0.25,2.3806743957408485,3.0,0.75,0.0,NO ALERT,NO ALERT,20260911,12
watershed,C2AGOM12,Watershed C2AGOM12,Ganga Basin,Gomti,695.72014948,0.125,2.486945083533248,3.0,0.375,0.0,NO ALERT,NO ALERT,20260911,12
watershed,C2AGOM13,Watershed C2AGOM13,Ganga Basin,Gomti,656.57640983,0.0,0.0,1.0,0.0,0.0,NO ALERT,NO ALERT,20260911,12
watershed,C2AGOM14,Watershed C2AGOM14,Ganga Basin,Gomti,694.31564969,0.625,2.8543361494598325,3.0,1.875,0.0,NO ALERT,NO ALERT,20260911,12
watershed,C2AGOM15,Watershed C2AGOM15,Ganga Basin,Gomti,735.76942218,2.0,3.5586701608275715,1.7793350804137857,3.5586701608275715,0.0,NO ALERT,NO ALERT,20260911,12
watershed,C2AGOM16,Watershed C2AGOM16,Ganga Basin,Gomti,753.44267725,2.125,2.4308991969856497,1.1439525632873646,2.4308991969856497,0.0,NO ALERT,NO ALERT,20260911,12
watershed,C2AGOM17,Watershed C2AGOM17,Ganga Basin,Gomti,377.58303781,1.1875,2.545026856252592,2.1431805105284987,2.5450268562525924,0.0,NO ALERT,NO ALERT,20260911,12
watershed,C2AGOM18,Watershed C2AGOM18,Ganga Basin,Gomti,833.77930291,0.9375,2.7165408293882463,2.8976435513474628,2.7165408293882463,0.0,NO ALERT,NO ALERT,20260911,12
watershed,C2AGOM19,Watershed C2AGOM19,Ganga Basin,Gomti,762.96216938,0.8125,0.8504265071186301,1.04667877799216,0.85042650711863,0.0,NO ALERT,NO ALERT,20260911,12
watershed,C2AGOM20,Watershed C2AGOM20,Ganga Basin,Gomti,597.27046772,0.6875,1.0900048619672045,1.5854616174068428,1.0900048619672045,0.0,NO ALERT,NO ALERT,20260911,12
watershed,C2AGOM21,Watershed C2AGOM21,Ganga Basin,Gomti,595.5660989,1.3125,2.1384879081624826,1.6293241205047486,2.1384879081624826,0.0,NO ALERT,NO ALERT,20260911,12
watershed,C2AGOM22,Watershed C2AGOM22,Ganga Basin,Gomti,744.21363896,0.625,1.2997536777225258,2.079605884356041,1.2997536777225258,0.0,NO ALERT,NO ALERT,20260911,12
watershed,C2AGOM23,Watershed C2AGOM23,Ganga Basin,Gomti,1044.84992086,1.75,1.6846334188768308,0.9626476679296176,1.6846334188768308,0.0,NO ALERT,NO ALERT,20260911,12
watershed,C2AGOM24,Watershed C2AGOM24,Ganga Basin,Gomti,454.98265019,0.6875,1.9249058075351257,2.799862992778365,1.924905807535126,0.0,NO ALERT,NO ALERT,20260911,12
watershed,C2AGOM25,Watershed C2AGOM25,Ganga Basin,Gomti,974.55155914,2.6875,1.8728777549446445,0.6968847460259142,1.8728777549446445,0.0,NO ALERT,NO ALERT,20260911,12
watershed,C2AGOM26,Watershed C2AGOM26,Ganga Basin,Gomti,800.12334691,0.0625,2.2612898561440105,1.0,0.0625,0.0,NO ALERT,NO ALERT,20260911,12
watershed,C2AGOM27,Watershed C2AGOM27,Ganga Basin,Gomti,1330.49615689,0.0,1.6677037295005093,1.0,0.0,0.0,NO ALERT,NO ALERT,20260911,12
watershed,C2AGOM28,Watershed C2AGOM28,Ganga Basin,Gomti,659.80979387,0.25,2.1998905082271523,3.0,0.75,0.0,NO ALERT,NO ALERT,20260911,12
watershed,C2AGOM29,Watershed C2AGOM29,Ganga Basin,Gomti,439.45301789,0.0,1.2319015278391643,1.0,0.0,0.0,NO ALERT,NO ALERT,20260911,12
watershed,C2AGOM30,Watershed C2AGOM30,Ganga Basin,Gomti,696.50443295,0.0,0.0,1.0,0.0,0.0,NO ALERT,NO ALERT,20260911,12
watershed,C2AGOM31,Watershed C2AGOM31,Ganga Basin,Gomti,603.83318125,0.875,1.6765886476186858,1.9161013115642123,1.6765886476186858,0.0,NO ALERT,NO ALERT,20260911,12
watershed,C2AGOM32,Watershed C2AGOM32,Ganga Basin,Gomti,884.66986425,1.625,2.8101757840648904,1.7293389440399325,2.8101757840648904,0.0,NO ALERT,NO ALERT,20260911,12
watershed,C2AGOM33,Watershed C2AGOM33,Ganga Basin,Gomti,1234.11449532,2.9375,1.8833660554804212,0.6411458912273774,1.8833660554804212,0.0,NO ALERT,NO ALERT,20260911,12
watershed,C2AGOM34,Watershed C2AGOM34,Ganga Basin,Gomti,775.76668736,1.25,2.465083532464014,1.9720668259712113,2.465083532464014,0.0,NO ALERT,NO ALERT,20260911,12
watershed,C2AGOM35,Watershed C2AGOM35,Ganga Basin,Gomti,646.48472438,0.0,0.0,1.0,0.0,0.0,NO ALERT,NO ALERT,20260911,12
watershed,C2AGOM36,Watershed C2AGOM36,Ganga Basin,Gomti,1088.92542547,0.9166666666666666,2.3849610128835455,2.6017756504184133,2.3849610128835455,0.0,NO ALERT,NO ALERT,20260911,12
watershed,C2AGOM37,Watershed C2AGOM37,Ganga Basin,Gomti,333.2873264,0.0,0.0,1.0,0.0,0.0,NO ALERT,NO ALERT,20260911,12
watershed,C2AGOM38,Watershed C2AGOM38,Ganga Basin,Gomti,569.36744036,0.0,0.0,1.0,0.0,0.0,NO ALERT,NO ALERT,20260911,12
watershed,C2AGOM39,Watershed C2AGOM39,Ganga Basin,Gomti,978.43244504,0.875,3.0205492428720815,3.0,2.625,0.0,NO ALERT,NO ALERT,20260911,12
watershed,C2AGOM40,Watershed C2AGOM40,Ganga Basin,Gomti,537.18039374,0.375,2.2911693855201545,3.0,1.125,0.0,NO ALERT,NO ALERT,20260911,12
watershed,C2AGOM41,Watershed C2AGOM41,Ganga Basin,Gomti,347.44547294,0.0,0.0,1.0,0.0,0.0,NO ALERT,NO ALERT,20260911,12
watershed,C2AKAS01,Watershed C2AKAS01,Ganga Basin,Kali Sindh and others up to Confluence with Parbati,976.26814289,15.125,3.150718024087279,0.3,4.5375,0.0,NO ALERT,NO ALERT,20260911,12
watershed,C2AKAS02,Watershed C2AKAS02,Ganga Basin,Kali Sindh and others up to Confluence with Parbati,439.27533578,14.4375,2.520049145389093,0.3,4.33125,0.0,NO ALERT,NO ALERT,20260911,12
watershed,C2AKAS03,Watershed C2AKAS03,Ganga Basin,Kali Sindh and others up to Confluence with Parbati,627.00425037,9.875,2.422733474145197,0.3,2.9625,0.0,NO ALERT,NO ALERT,20260911,12
watershed,C2AKAS04,Watershed C2AKAS04,Ganga Basin,Kali Sindh and others up to Confluence with Parbati,577.29623244,8.6875,2.5647878098569503,0.3,2.6062499999999997,0.0,NO ALERT,NO ALERT,20260911,12
watershed,C2AKAS05,Watershed C2AKAS05,Ganga Basin,Kali Sindh and others up to Confluence with Parbati,601.09029423,9.4375,3.281177746392276,0.34767446319388357,3.281177746392276,0.0,NO ALERT,NO ALERT,20260911,12
watershed,C2AKAS06,Watershed C2AKAS06,Ganga Basin,Kali Sindh and others up to Confluence with Parbati,850.19610612,12.03125,2.4707621080418156,0.3,3.609375,0.0,NO ALERT,NO ALERT,20260911,12
watershed,C2AKAS07,Watershed C2AKAS07,Ganga Basin,Kali Sindh and others up to Confluence with Parbati,449.9803142,0.0,0.0,1.0,0.0,0.0,NO ALERT,NO ALERT,20260911,12
watershed,C2AKAS08,Watershed C2AKAS08,Ganga Basin,Kali Sindh and others up to Confluence with Parbati,731.86174311,13.25,2.9316124389432883,0.3,3.9749999999999996,0.0,NO ALERT,NO ALERT,20260911,12
watershed,C2AKAS09,Watershed C2AKAS09,Ganga Basin,Kali Sindh and others up to Confluence with Parbati,535.22957454,0.0,0.0,1.0,0.0,0.0,NO ALERT,NO ALERT,20260911,12
watershed,C2AKAS10,Watershed C2AKAS10,Ganga Basin,Kali Sindh and others up to Confluence with Parbati,945.76662803,8.59375,3.727865039281649,0.4337879318436828,3.727865039281649,0.0,NO ALERT,NO ALERT,20260911,12
watershed,C2AKAS11,Watershed C2AKAS11,Ganga Basin,Kali Sindh and others up to Confluence with Parbati,912.84266929,8.375,3.943852372222567,0.47090774593702295,3.943852372222567,0.0,NO ALERT,NO ALERT,20260911,12
watershed,C2AKAS12,Watershed C2AKAS12,Ganga Basin,Kali Sindh and others up to Confluence with Parbati,757.06371208,10.1875,3.0277897644328746,0.3,3.05625,0.0,NO ALERT,NO ALERT,20260911,12
watershed,C2AKAS13,Watershed C2AKAS13,Ganga Basin,Kali Sindh and others up to Confluence with Parbati,531.87261062,5.3125,2.6207890996173635,0.4933250069867978,2.6207890996173635,0.0,NO ALERT,NO ALERT,20260911,12
watershed,C2AKAS14,Watershed C2AKAS14,Ganga Basin,Kali Sindh and others up to Confluence with Parbati,639.57019829,7.875,2.9877582281827926,0.379397870245434,2.9877582281827926,0.0,NO ALERT,NO ALERT,20260911,12
watershed,C2AKAS15,Watershed C2AKAS15,Ganga Basin,Kali Sindh and others up to Confluence with Parbati,833.94998658,9.1875,4.003700132463893,0.43577688516613794,4.003700132463893,0.0,NO ALERT,NO ALERT,20260911,12
watershed,C2AKAS16,Watershed C2AKAS16,Ganga Basin,Kali Sindh and others up to Confluence with Parbati,1083.58857986,8.25,4.3766164963988405,0.5304989692604655,4.3766164963988405,0.0,NO ALERT,NO ALERT,20260911,12
watershed,C2AKAS17,Watershed C2AKAS17,Ganga Basin,Kali Sindh and others up to Confluence with Parbati,671.00951152,0.0,0.0,1.0,0.0,0.0,NO ALERT,NO ALERT,20260911,12
watershed,C2AKAS18,Watershed C2AKAS18,Ganga Basin,Kali Sindh and others up to Confluence with Parbati,549.24850176,8.71875,4.124380134882992,0.47304718392923206,4.124380134882992,0.0,NO ALERT,NO ALERT,20260911,12
watershed,C2AKAS19,Watershed C2AKAS19,Ganga Basin,Kali Sindh and others up to Confluence with Parbati,944.87349746,9.34375,2.6386550512011735,0.3,2.803125,0.0,NO ALERT,NO ALERT,20260911,12
watershed,C2AKAS20,Watershed C2AKAS20,Ganga Basin,Kali Sindh and others up to Confluence with Parbati,692.42346181,0.0,0.0,1.0,0.0,0.0,NO ALERT,NO ALERT,20260911,12
watershed,C2AKAS21,Watershed C2AKAS21,Ganga Basin,Kali Sindh and others up to Confluence with Parbati,806.7955718,7.1875,4.454944036941822,0.6198183007919057,4.454944036941822,0.0,NO ALERT,NO ALERT,20260911,12
watershed,C2AKAS22,Watershed C2AKAS22,Ganga Basin,Kali Sindh and others up to Confluence with Parbati,1064.07800358,8.15625,3.6398051869889647,0.4462596397840876,3.6398051869889647,0.0,NO ALERT,NO ALERT,20260911,12
watershed,C2AKAS23,Watershed C2AKAS23,Ganga Basin,Kali Sindh and others up to Confluence with Parbati,720.7312894,8.0625,5.636123586803267,0.6990540882856765,5.636123586803267,0.0,NO ALERT,NO ALERT,20260911,12
watershed,C2AKAS24,Watershed C2AKAS24,Ganga Basin,Kali Sindh and others up to Confluence with Parbati,1275.00658605,7.0,4.437865170346547,0.6339807386209353,4.437865170346547,0.0,NO ALERT,NO ALERT,20260911,12
watershed,C2AKAS25,Watershed C2AKAS25,Ganga Basin,Kali Sindh and others up to Confluence with Parbati,743.71808791,7.8125,3.8420123646112336,0.4917775826702379,3.8420123646112336,0.0,NO ALERT,NO ALERT,20260911,12
watershed,C2AKAS26,Watershed C2AKAS26,Ganga Basin,Kali Sindh and others up to Confluence with Parbati,986.61270842,7.9375,3.9023484981529517,0.49163445646021436,3.9023484981529517,0.0,NO ALERT,NO ALERT,20260911,12
watershed,C2AKAS27,Watershed C2AKAS27,Ganga Basin,Kali Sindh and others up to Confluence with Parbati,598.36733506,7.9375,4.341112256499186,0.5469117803463541,4.341112256499186,0.0,NO ALERT,NO ALERT,20260911,12
watershed,C2AKAS28,Watershed C2AKAS28,Ganga Basin,Kali Sindh and others up to Confluence with Parbati,563.36797117,0.0,0.0,1.0,0.0,0.0,NO ALERT,NO ALERT,20260911,12
watershed,C2AKAS29,Watershed C2AKAS29,Ganga Basin,Kali Sindh and others up to Confluence with Parbati,695.45393756,7.9375,4.93633259583826,0.6219001695544264,4.93633259583826,0.0,NO ALERT,NO ALERT,20260911,12
watershed,C2AKAS30,Watershed C2AKAS30,Ganga Basin,Kali Sindh and others up to Confluence with Parbati,1132.02294106,12.75,3.738827578621368,0.3,3.8249999999999997,0.0,NO ALERT,NO ALERT,20260911,12
watershed,C2AKAS31,Watershed C2AKAS31,Ganga Basin,Kali Sindh and others up to Confluence with Parbati,528.00079416,0.0,0.0,1.0,0.0,0.0,NO ALERT,NO ALERT,20260911,12
watershed,C2AKAS32,Watershed C2AKAS32,Ganga Basin,Kali Sindh and others up to Confluence with Parbati,1061.70716708,9.3125,2.8716865506686577,0.3083690255751579,2.8716865506686577,0.0,NO ALERT,NO ALERT,20260911,12
watershed,C2AKAS33,Watershed C2AKAS33,Ganga Basin,Kali Sindh and others up to Confluence with Parbati,849.79334667,9.875,4.479897343642907,0.4536604904954843,4.479897343642907,0.0,NO ALERT,NO ALERT,20260911,12
watershed,C2AKAS34,Watershed C2AKAS34,Ganga Basin,Kali Sindh and others up to Confluence with Parbati,729.48486382,10.0,4.719873324873513,0.47198733248735125,4.719873324873513,0.0,NO ALERT,NO ALERT,20260911,12
watershed,C2AKAS35,Watershed C2AKAS35,Ganga Basin,Kali Sindh and others up to Confluence with Parbati,577.71321211,12.625,3.9115410157262462,0.3098250309486136,3.9115410157262462,0.0,NO ALERT,NO ALERT,20260911,12
watershed,C2AKAS36,Watershed C2AKAS36,Ganga Basin,Kali Sindh and others up to Confluence with Parbati,665.80702618,0.0,0.0,1.0,0.0,0.0,NO ALERT,NO ALERT,20260911,12
watershed,C2AKAS37,Watershed C2AKAS37,Ganga Basin,Kali Sindh and others up to Confluence with Parbati,931.83022228,6.479166666666666,4.94219515997253,0.7627825327288793,4.94219515997253,0.0,NO ALERT,NO ALERT,20260911,12
watershed,C2AKAS38,Watershed C2AKAS38,Ganga Basin,Kali Sindh and others up to Confluence with Parbati,643.96538862,9.375,3.0988272915964257,0.3305415777702854,3.0988272915964257,0.0,NO ALERT,NO ALERT,20260911,12
watershed,C2AKAS39,Watershed C2AKAS39,Ganga Basin,Kali Sindh and others up to Confluence with Parbati,977.94423679,12.9375,3.9040137042329737,0.30175951337066464,3.9040137042329737,0.0,NO ALERT,NO ALERT,20260911,12
watershed,C2AKAS40,Watershed C2AKAS40,Ganga Basin,Kali Sindh and others up to Confluence with Parbati,460.1629648,0.0,0.0,1.0,0.0,0.0,NO ALERT,NO ALERT,20260911,12
watershed,C2AKAS41,Watershed C2AKAS41,Ganga Basin,Kali Sindh and others up to Confluence with Parbati,575.7349122,8.0,3.904897247683512,0.488112155960439,3.904897247683512,0.0,NO ALERT,NO ALERT,20260911,12
watershed,C2AKAS42,Watershed C2AKAS42,Ganga Basin,Kali Sindh and others up to Confluence with Parbati,1070.70909519,6.5625,4.587967306783755,0.6991188277003817,4.587967306783755,0.0,NO ALERT,NO ALERT,20260911,12
watershed,C2AKAS43,Watershed C2AKAS43,Ganga Basin,Kali Sindh and others up to Confluence with Parbati,830.09873715,3.4375,4.999480239618315,1.4543942515253279,4.999480239618315,0.0,NO ALERT,NO ALERT,20260911,12
watershed,C2AKAS44,Watershed C2AKAS44,Ganga Basin,Kali Sindh and others up to Confluence with Parbati,837.38963774,8.6875,3.2758784835060983,0.3770795376697667,3.2758784835060983,0.0,NO ALERT,NO ALERT,20260911,12
watershed,C2AKAS45,Watershed C2AKAS45,Ganga Basin,Kali Sindh and others up to Confluence with Parbati,903.91777316,7.5,3.599643684597048,0.4799524912796064,3.599643684597048,0.0,NO ALERT,NO ALERT,20260911,12
watershed,C2AKAS46,Watershed C2AKAS46,Ganga Basin,Kali Sindh and others up to Confluence with Parbati,800.74699177,6.125,3.06482863213918,0.5003801848390498,3.06482863213918,0.0,NO ALERT,NO ALERT,20260911,12
watershed,C2AKAS47,Watershed C2AKAS47,Ganga Basin,Kali Sindh and others up to Confluence with Parbati,524.20247198,6.0,2.6715115127089906,0.4452519187848318,2.6715115127089906,0.0,NO ALERT,NO ALERT,20260911,12
watershed,C2AKAS48,Watershed C2AKAS48,Ganga Basin,Kali Sindh and others up to Confluence with Parbati,609.86519958,5.8125,3.0543350375474314,0.525476995707085,3.0543350375474314,0.0,NO ALERT,NO ALERT,20260911,12
watershed,C2AKAS49,Watershed C2AKAS49,Ganga Basin,Kali Sindh and others up to Confluence with Parbati,854.75833544,5.625,3.0810736971562855,0.5477464350500063,3.0810736971562855,0.0,NO ALERT,NO ALERT,20260911,12
watershed,C2AKAS50,Watershed C2AKAS50,Ganga Basin,Kali Sindh and others up to Confluence with Parbati,588.96440433,4.4375,4.1209459590177016,0.9286638780884962,4.1209459590177016,0.0,NO ALERT,NO ALERT,20260911,12
watershed,C2AKAS51,Watershed C2AKAS51,Ganga Basin,Kali Sindh and others up to Confluence with Parbati,616.0700484,0.0,0.0,1.0,0.0,0.0,NO ALERT,NO ALERT,20260911,12
watershed,C2AKAS52,Watershed C2AKAS52,Ganga Basin,Kali Sindh and others up to Confluence with Parbati,924.40683141,5.0,4.700000878984797,0.9400001757969594,4.700000878984797,0.0,NO ALERT,NO ALERT,20260911,12
watershed,C2AKAS53,Watershed C2AKAS53,Ganga Basin,Kali Sindh and others up to Confluence with Parbati,1018.36374391,3.1666666666666665,4.615934960305963,1.4576636716755673,4.615934960305963,0.0,NO ALERT,NO ALERT,20260911,12
watershed,C2AKAS54,Watershed C2AKAS54,Ganga Basin,Kali Sindh and others up to Confluence with Parbati,784.76326268,0.0,0.0,1.0,0.0,0.0,NO ALERT,NO ALERT,20260911,12
watershed,C2AKAS55,Watershed C2AKAS55,Ganga Basin,Kali Sindh and others up to Confluence with Parbati,720.70951526,0.0,0.0,1.0,0.0,0.0,NO ALERT,NO ALERT,20260911,12
watershed,C2AKAS56,Watershed C2AKAS56,Ganga Basin,Kali Sindh and others up to Confluence with Parbati,562.14537339,6.40625,4.642371905013306,0.7246629315142722,4.642371905013306,0.0,NO ALERT,NO ALERT,20260911,12
watershed,C2AKAS57,Watershed C2AKAS57,Ganga Basin,Kali Sindh and others up to Confluence with Parbati,1139.30772182,5.34375,5.044372309091157,0.9439761046252458,5.044372309091157,0.0,NO ALERT,NO ALERT,20260911,12
watershed,C2AKAS58,Watershed C2AKAS58,Ganga Basin,Kali Sindh and others up to Confluence with Parbati,931.30638747,5.875,5.032198486436311,0.8565444232232019,5.032198486436311,0.0,NO ALERT,NO ALERT,20260911,12
watershed,C2AKAS59,Watershed C2AKAS59,Ganga Basin,Kali Sindh and others up to Confluence with Parbati,429.86069708,0.0,0.0,1.0,0.0,0.0,NO ALERT,NO ALERT,20260911,12
watershed,C2AKAS60,Watershed C2AKAS60,Ganga Basin,Kali Sindh and others up to Confluence with Parbati,579.48468437,0.0,0.0,1.0,0.0,0.0,NO ALERT,NO ALERT,20260911,12
watershed,C2AKAS61,Watershed C2AKAS61,Ganga Basin,Kali Sindh and others up to Confluence with Parbati,744.09615472,6.5625,5.1604829607148694,0.7863593082994087,5.1604829607148694,0.0,NO ALERT,NO ALERT,20260911,12
watershed,C2AKAS62,Watershed C2AKAS62,Ganga Basin,Kali Sindh and others up to Confluence with Parbati,538.98359783,5.9375,5.426223993485104,0.9138903567974912,5.426223993485104,0.0,NO ALERT,NO ALERT,20260911,12
watershed,C2AKAS63,Watershed C2AKAS63,Ganga Basin,Kali Sindh and others up to Confluence with Parbati,623.86780616,4.34375,5.967280059440496,1.3737623158424164,5.967280059440496,0.0,NO ALERT,NO ALERT,20260911,12
watershed,C2AKAS64,Watershed C2AKAS64,Ganga Basin,Kali Sindh and others up to Confluence with Parbati,919.88107348,3.375,4.463917931791854,1.3226423501605493,4.463917931791854,0.0,NO ALERT,NO ALERT,20260911,12
watershed,C2AKOS01,Watershed C2AKOS01,Ganga Basin,Kosi,870.84694882,0.40625,2.211809113366555,3.0,1.21875,0.0,NO ALERT,NO ALERT,20260911,12
watershed,C2AKOS02,Watershed C2AKOS02,Ganga Basin,Kosi,774.21112678,0.0,0.0,1.0,0.0,0.0,NO ALERT,NO ALERT,20260911,12
watershed,C2AKOS03,Watershed C2AKOS03,Ganga Basin,Kosi,1558.42454681,0.25,2.573242596016355,3.0,0.75,0.0,NO ALERT,NO ALERT,20260911,12
watershed,C2AKOS04,Watershed C2AKOS04,Ganga Basin,Kosi,1497.813005,0.5625,2.077887029047698,3.0,1.6875,0.0,NO ALERT,NO ALERT,20260911,12
watershed,C2AKOS05,Watershed C2AKOS05,Ganga Basin,Kosi,1694.95581874,0.0625,3.8241688456539418,1.0,0.0625,0.0,NO ALERT,NO ALERT,20260911,12
watershed,C2AKOS06,Watershed C2AKOS06,Ganga Basin,Kosi,1321.37733583,0.875,2.698815285057238,3.0,2.625,0.0,NO ALERT,NO ALERT,20260911,12
watershed,C2AKOS07,Watershed C2AKOS07,Ganga Basin,Kosi,815.87147276,0.21875,2.8566828977980023,3.0,0.65625,0.0,NO ALERT,NO ALERT,20260911,12
watershed,C2AKOS08,Watershed C2AKOS08,Ganga Basin,Kosi,1135.47172458,0.4375,2.575214741746448,3.0,1.3125,0.0,NO ALERT,NO ALERT,20260911,12
watershed,C2AKOS09,Watershed C2AKOS09,Ganga Basin,Kosi,745.59459319,0.0,0.0,1.0,0.0,0.0,NO ALERT,NO ALERT,20260911,12
watershed,C2AKOS10,Watershed C2AKOS10,Ganga Basin,Kosi,840.29571012,2.34375,3.6319958996691115,1.549651583858821,3.6319958996691115,0.0,NO ALERT,NO ALERT,20260911,12
watershed,C2AKOS11,Watershed C2AKOS11,Ganga Basin,Kosi,636.2793027,2.46875,2.687164231093779,1.0884715872784927,2.687164231093779,0.0,NO ALERT,NO ALERT,20260911,12
watershed,C2AKOS12,Watershed C2AKOS12,Ganga Basin,Kosi,930.15990295,0.0,0.0,1.0,0.0,0.0,NO ALERT,NO ALERT,20260911,12
watershed,C2AKOS13,Watershed C2AKOS13,Ganga Basin,Kosi,707.02453901,3.1875,4.470608510801645,1.4025438465260063,4.470608510801645,0.0,NO ALERT,NO ALERT,20260911,12
watershed,C2AKOS14,Watershed C2AKOS14,Ganga Basin,Kosi,566.44898909,2.25,1.6679657969776898,0.7413181319900843,1.6679657969776898,0.0,NO ALERT,NO ALERT,20260911,12
watershed,C2AKOS15,Watershed C2AKOS15,Ganga Basin,Kosi,1591.68008875,0.5625,2.2486109837277293,3.0,1.6875,0.0,NO ALERT,NO ALERT,20260911,12
watershed,C2AKOS16,Watershed C2AKOS16,Ganga Basin,Kosi,633.12878849,0.0625,2.75862020292919,1.0,0.0625,0.0,NO ALERT,NO ALERT,20260911,12
watershed,C2AKOS17,Watershed C2AKOS17,Ganga Basin,Kosi,977.04524489,4.0,3.7507937718335898,0.9376984429583974,3.7507937718335898,0.0,NO ALERT,NO ALERT,20260911,12
watershed,C2AKOS18,Watershed C2AKOS18,Ganga Basin,Kosi,303.77069428,0.0,0.0,1.0,0.0,0.0,NO ALERT,NO ALERT,20260911,12
watershed,C2AKOS19,Watershed C2AKOS19,Ganga Basin,Kosi,813.18189869,1.28125,2.7844665853025976,2.1732422129191007,2.7844665853025976,0.0,NO ALERT,NO ALERT,20260911,12
watershed,C2ARAM01,Watershed C2ARAM01,Ganga Basin,Ramganga,1035.03300172,10.3125,2.8537915848297617,0.3,3.09375,0.0,NO ALERT,NO ALERT,20260911,12
watershed,C2ARAM02,Watershed C2ARAM02,Ganga Basin,Ramganga,957.00744659,4.28125,3.390548725936511,0.7919529870800609,3.390548725936511,0.0,NO ALERT,NO ALERT,20260911,12
watershed,C2ARAM03,Watershed C2ARAM03,Ganga Basin,Ramganga,1050.61790453,3.28125,1.8702387503565174,0.5699775239181767,1.8702387503565172,0.0,NO ALERT,NO ALERT,20260911,12
watershed,C2ARAM04,Watershed C2ARAM04,Ganga Basin,Ramganga,551.76670619,0.125,2.0639656382064295,3.0,0.375,0.0,NO ALERT,NO ALERT,20260911,12
watershed,C2ARAM05,Watershed C2ARAM05,Ganga Basin,Ramganga,1021.34148486,0.65625,3.5486075210959127,3.0,1.96875,0.0,NO ALERT,NO ALERT,20260911,12
watershed,C2ARAM06,Watershed C2ARAM06,Ganga Basin,Ramganga,797.22470247,0.0,1.9962285673781617,1.0,0.0,0.0,NO ALERT,NO ALERT,20260911,12
watershed,C2ARAM07,Watershed C2ARAM07,Ganga Basin,Ramganga,1116.38416812,0.28125,2.702953618611783,3.0,0.84375,0.0,NO ALERT,NO ALERT,20260911,12
watershed,C2ARAM08,Watershed C2ARAM08,Ganga Basin,Ramganga,848.35137581,3.1875,2.3129756764802214,0.7256394279153636,2.3129756764802214,0.0,NO ALERT,NO ALERT,20260911,12
watershed,C2ARAM09,Watershed C2ARAM09,Ganga Basin,Ramganga,777.45791273,5.75,3.933855126287839,0.6841487176152764,3.933855126287839,0.0,NO ALERT,NO ALERT,20260911,12
watershed,C2ARAM10,Watershed C2ARAM10,Ganga Basin,Ramganga,1442.7586957,0.78125,2.7589036657742847,3.0,2.34375,0.0,NO ALERT,NO ALERT,20260911,12
watershed,C2ARAM11,Watershed C2ARAM11,Ganga Basin,Ramganga,934.63930107,0.0,3.4123246099850904,1.0,0.0,0.0,NO ALERT,NO ALERT,20260911,12
watershed,C2ARAM12,Watershed C2ARAM12,Ganga Basin,Ramganga,826.23149681,0.0,2.4571205623141705,1.0,0.0,0.0,NO ALERT,NO ALERT,20260911,12
watershed,C2ARAM13,Watershed C2ARAM13,Ganga Basin,Ramganga,568.31050881,0.0,0.0,1.0,0.0,0.0,NO ALERT,NO ALERT,20260911,12
watershed,C2ARAM14,Watershed C2ARAM14,Ganga Basin,Ramganga,596.82978998,1.625,7.192275636796265,3.0,4.875,0.0,NO ALERT,NO ALERT,20260911,12
watershed,C2ARAM15,Watershed C2ARAM15,Ganga Basin,Ramganga,583.38716468,0.0,0.0,1.0,0.0,0.0,NO ALERT,NO ALERT,20260911,12
watershed,C2ARAM16,Watershed C2ARAM16,Ganga Basin,Ramganga,538.41522785,1.9375,6.120858688632103,3.0,5.8125,0.0,NO ALERT,NO ALERT,20260911,12
watershed,C2ARAM17,Watershed C2ARAM17,Ganga Basin,Ramganga,723.82103269,0.28125,4.6442643548323685,3.0,0.84375,0.0,NO ALERT,NO ALERT,20260911,12
watershed,C2ARAM18,Watershed C2ARAM18,Ganga Basin,Ramganga,584.15546336,1.875,3.0433131423715043,1.6231003425981356,3.0433131423715043,0.0,NO ALERT,NO ALERT,20260911,12
watershed,C2ARAM19,Watershed C2ARAM19,Ganga Basin,Ramganga,444.22881919,0.625,5.621639825383278,3.0,1.875,0.0,NO ALERT,NO ALERT,20260911,12
watershed,C2ARAM20,Watershed C2ARAM20,Ganga Basin,Ramganga,1087.61919962,2.34375,2.7387617957000048,1.1685383661653355,2.7387617957000048,0.0,NO ALERT,NO ALERT,20260911,12
watershed,C2ARAM21,Watershed C2ARAM21,Ganga Basin,Ramganga,580.78649003,0.0,0.0,1.0,0.0,0.0,NO ALERT,NO ALERT,20260911,12
watershed,C2ARAM22,Watershed C2ARAM22,Ganga Basin,Ramganga,728.83774468,0.0,0.0,1.0,0.0,0.0,NO ALERT,NO ALERT,20260911,12
watershed,C2ARAM23,Watershed C2ARAM23,Ganga Basin,Ramganga,536.19291585,6.15625,1.5471654925036102,0.3,1.8468749999999998,0.0,NO ALERT,NO ALERT,20260911,12
watershed,C2ARAM24,Watershed C2ARAM24,Ganga Basin,Ramganga,885.64123768,0.875,1.582808116568278,1.8089235617923176,1.582808116568278,0.0,NO ALERT,NO ALERT,20260911,12
watershed,C2ARAM25,Watershed C2ARAM25,Ganga Basin,Ramganga,926.7222727,4.3125,2.249587787565303,0.521643544942679,2.2495877875653028,0.0,NO ALERT,NO ALERT,20260911,12
watershed,C2ARAM26,Watershed C2ARAM26,Ganga Basin,Ramganga,560.17665307,5.6875,1.812328436052146,0.31865115359158613,1.812328436052146,0.0,NO ALERT,NO ALERT,20260911,12
watershed,C2ARAM27,Watershed C2ARAM27,Ganga Basin,Ramganga,1353.05911124,0.0,0.0,1.0,0.0,0.0,NO ALERT,NO ALERT,20260911,12
watershed,C2ARAM28,Watershed C2ARAM28,Ganga Basin,Ramganga,751.30262115,0.0,0.0,1.0,0.0,0.0,NO ALERT,NO ALERT,20260911,12
watershed,C2ARAM29,Watershed C2ARAM29,Ganga Basin,Ramganga,490.10226311,0.0,0.0,1.0,0.0,0.0,NO ALERT,NO ALERT,20260911,12
watershed,C2ARAM30,Watershed C2ARAM30,Ganga Basin,Ramganga,621.5357731,5.791666666666666,1.3594444312189269,0.3,1.7374999999999998,0.0,NO ALERT,NO ALERT,20260911,12
watershed,C2ARAM31,Watershed C2ARAM31,Ganga Basin,Ramganga,733.7217377,1.25,6.120785366631534,3.0,3.75,0.0,NO ALERT,NO ALERT,20260911,12
watershed,C2ARAM32,Watershed C2ARAM32,Ganga Basin,Ramganga,509.48981357,1.0,5.494556175478517,3.0,3.0,0.0,NO ALERT,NO ALERT,20260911,12
watershed,C2ARAM33,Watershed C2ARAM33,Ganga Basin,Ramganga,859.52172306,2.3125,3.461910331085937,1.4970423053344593,3.461910331085937,0.0,NO ALERT,NO ALERT,20260911,12
watershed,C2ARAM34,Watershed C2ARAM34,Ganga Basin,Ramganga,1024.30909954,5.333333333333333,2.2144009715686104,0.4152001821691145,2.2144009715686104,0.0,NO ALERT,NO ALERT,20260911,12
watershed,C2ARAM35,Watershed C2ARAM35,Ganga Basin,Ramganga,350.04860624,0.0,0.0,1.0,0.0,0.0,NO ALERT,NO ALERT,20260911,12
watershed,C2ARAM36,Watershed C2ARAM36,Ganga Basin,Ramganga,847.69022978,11.5625,2.8097465933185735,0.3,3.46875,0.0,NO ALERT,NO ALERT,20260911,12
watershed,C2ARAM37,Watershed C2ARAM37,Ganga Basin,Ramganga,508.19222038,10.625,2.080302706585355,0.3,3.1875,0.0,NO ALERT,NO ALERT,20260911,12
watershed,C2ARAM38,Watershed C2ARAM38,Ganga Basin,Ramganga,447.78370333,0.0,0.0,1.0,0.0,0.0,NO ALERT,NO ALERT,20260911,12
watershed,C2ARAM39,Watershed C2ARAM39,Ganga Basin,Ramganga,1018.40294313,9.625,2.346621990897884,0.3,2.8874999999999997,0.0,NO ALERT,NO ALERT,20260911,12
watershed,C2ARAM40,Watershed C2ARAM40,Ganga Basin,Ramganga,620.59142487,0.0,0.0,1.0,0.0,0.0,NO ALERT,NO ALERT,20260911,12
watershed,C2ASON01,Watershed C2ASON01,Ganga Basin,Sone,654.26082034,8.6875,3.6334048276180275,0.418233649222219,3.6334048276180275,0.0,NO ALERT,NO ALERT,20260911,12
watershed,C2ASON02,Watershed C2ASON02,Ganga Basin,Sone,1012.73849219,7.15625,3.4134801876259178,0.47699286464641644,3.4134801876259178,0.0,NO ALERT,NO ALERT,20260911,12
watershed,C2ASON03,Watershed C2ASON03,Ganga Basin,Sone,725.10022595,8.0,3.3458876633480803,0.41823595791851004,3.3458876633480803,0.0,NO ALERT,NO ALERT,20260911,12
watershed,C2ASON04,Watershed C2ASON04,Ganga Basin,Sone,517.96174668,0.0,0.0,1.0,0.0,0.0,NO ALERT,NO ALERT,20260911,12
watershed,C2ASON05,Watershed C2ASON05,Ganga Basin,Sone,720.4155876,7.6875,3.3949351618142978,0.4416175820246241,3.3949351618142978,0.0,NO ALERT,NO ALERT,20260911,12
watershed,C2ASON06,Watershed C2ASON06,Ganga Basin,Sone,792.33694474,9.40625,3.3251738572671803,0.3535068552576404,3.3251738572671803,0.0,NO ALERT,NO ALERT,20260911,12
watershed,C2ASON07,Watershed C2ASON07,Ganga Basin,Sone,888.42312734,6.25,3.187669559170122,0.5100271294672195,3.187669559170122,0.0,NO ALERT,NO ALERT,20260911,12
watershed,C2ASON08,Watershed C2ASON08,Ganga Basin,Sone,1099.46016953,8.8125,3.4310524588782494,0.3893392861138439,3.4310524588782494,0.0,NO ALERT,NO ALERT,20260911,12
watershed,C2ASON09,Watershed C2ASON09,Ganga Basin,Sone,969.78390744,6.041666666666666,4.024204455091529,0.6660752201530807,4.024204455091529,0.0,NO ALERT,NO ALERT,20260911,12
watershed,C2ASON10,Watershed C2ASON10,Ganga Basin,Sone,726.72800212,4.5,3.747815866278459,0.832847970284102,3.747815866278459,0.0,NO ALERT,NO ALERT,20260911,12
watershed,C2ASON11,Watershed C2ASON11,Ganga Basin,Sone,498.40903421,5.75,3.633556848560294,0.6319229301843989,3.633556848560294,0.0,NO ALERT,NO ALERT,20260911,12
watershed,C2ASON12,Watershed C2ASON12,Ganga Basin,Sone,1389.01494363,9.8125,3.471716790697346,0.3538055328099206,3.471716790697346,0.0,NO ALERT,NO ALERT,20260911,12
watershed,C2ASON13,Watershed C2ASON13,Ganga Basin,Sone,660.44689347,13.1875,3.017317900306558,0.3,3.95625,0.0,NO ALERT,NO ALERT,20260911,12
watershed,C2ASON14,Watershed C2ASON14,Ganga Basin,Sone,867.05992277,10.8125,3.7801028786660873,0.3496048905124705,3.7801028786660873,0.0,NO ALERT,NO ALERT,20260911,12
watershed,C2ASON15,Watershed C2ASON15,Ganga Basin,Sone,891.57227212,6.9375,3.5703595185320673,0.5146464170857034,3.570359518532067,0.0,NO ALERT,NO ALERT,20260911,12
watershed,C2ASON16,Watershed C2ASON16,Ganga Basin,Sone,941.69869044,8.1875,3.8861854790416483,0.4746486081272242,3.8861854790416483,0.0,NO ALERT,NO ALERT,20260911,12
watershed,C2ASON17,Watershed C2ASON17,Ganga Basin,Sone,663.57918236,4.6875,3.2318205398851876,0.68945504850884,3.2318205398851876,0.0,NO ALERT,NO ALERT,20260911,12
watershed,C2ASON18,Watershed C2ASON18,Ganga Basin,Sone,833.17790714,6.59375,3.115963608159186,0.4725632012374121,3.115963608159186,0.0,NO ALERT,NO ALERT,20260911,12
watershed,C2ASON19,Watershed C2ASON19,Ganga Basin,Sone,383.47567077,0.0,0.0,1.0,0.0,0.0,NO ALERT,NO ALERT,20260911,12
watershed,C2ASON20,Watershed C2ASON20,Ganga Basin,Sone,432.89942104,9.875,3.7844286032735486,0.3832332762808657,3.7844286032735486,0.0,NO ALERT,NO ALERT,20260911,12
watershed,C2ASON21,Watershed C2ASON21,Ganga Basin,Sone,690.62617,11.625,3.4145952786280684,0.3,3.4875,0.0,NO ALERT,NO ALERT,20260911,12
watershed,C2ASON22,Watershed C2ASON22,Ganga Basin,Sone,908.1460712,11.8125,3.476344279067157,0.3,3.5437499999999997,0.0,NO ALERT,NO ALERT,20260911,12
watershed,C2ASON23,Watershed C2ASON23,Ganga Basin,Sone,704.13595952,0.0,0.0,1.0,0.0,0.0,NO ALERT,NO ALERT,20260911,12
watershed,C2ASON24,Watershed C2ASON24,Ganga Basin,Sone,804.91158443,8.71875,3.8360529028185426,0.4399773938716608,3.8360529028185426,0.0,NO ALERT,NO ALERT,20260911,12
watershed,C2ASON25,Watershed C2ASON25,Ganga Basin,Sone,557.90881665,0.0,0.0,1.0,0.0,0.0,NO ALERT,NO ALERT,20260911,12
watershed,C2ASON26,Watershed C2ASON26,Ganga Basin,Sone,491.68916857,12.9375,3.5883375762260123,0.3,3.8812499999999996,0.0,NO ALERT,NO ALERT,20260911,12
watershed,C2ASON27,Watershed C2ASON27,Ganga Basin,Sone,720.96365634,11.6875,3.9503691767176536,0.3379995017512431,3.9503691767176536,0.0,NO ALERT,NO ALERT,20260911,12
watershed,C2ASON28,Watershed C2ASON28,Ganga Basin,Sone,848.05595457,7.0,3.9842085336985655,0.5691726476712237,3.9842085336985655,0.0,NO ALERT,NO ALERT,20260911,12
watershed,C2ASON29,Watershed C2ASON29,Ganga Basin,Sone,727.45656908,11.625,3.3805010936235727,0.3,3.4875,0.0,NO ALERT,NO ALERT,20260911,12
watershed,C2ASON30,Watershed C2ASON30,Ganga Basin,Sone,763.34357652,1.0625,4.153174894884841,3.0,3.1875,0.0,NO ALERT,NO ALERT,20260911,12
watershed,C2ASON31,Watershed C2ASON31,Ganga Basin,Sone,1144.11385262,6.1875,3.8404466745175725,0.6206782504270825,3.840446674517573,0.0,NO ALERT,NO ALERT,20260911,12
watershed,C2ASON32,Watershed C2ASON32,Ganga Basin,Sone,670.02988098,0.0,0.0,1.0,0.0,0.0,NO ALERT,NO ALERT,20260911,12
watershed,C2ASON33,Watershed C2ASON33,Ganga Basin,Sone,693.85810201,3.0625,3.84671552942632,1.256070376955533,3.84671552942632,0.0,NO ALERT,NO ALERT,20260911,12
watershed,C2ASON34,Watershed C2ASON34,Ganga Basin,Sone,792.68892349,6.3125,3.500470658340683,0.5545300052816924,3.5004706583406833,0.0,NO ALERT,NO ALERT,20260911,12
watershed,C2ASON35,Watershed C2ASON35,Ganga Basin,Sone,486.87034973,0.0,0.0,1.0,0.0,0.0,NO ALERT,NO ALERT,20260911,12
watershed,C2ASON36,Watershed C2ASON36,Ganga Basin,Sone,618.21790922,1.6875,3.9226279798639965,2.32452028436385,3.922627979863997,0.0,NO ALERT,NO ALERT,20260911,12
watershed,C2ASON37,Watershed C2ASON37,Ganga Basin,Sone,594.78972159,2.5,3.8854207860892767,1.5541683144357106,3.885420786089276,0.0,NO ALERT,NO ALERT,20260911,12
watershed,C2ASON38,Watershed C2ASON38,Ganga Basin,Sone,518.3179692,2.875,3.4176238580517575,1.1887387332353938,3.417623858051757,0.0,NO ALERT,NO ALERT,20260911,12
watershed,C2ASON39,Watershed C2ASON39,Ganga Basin,Sone,1180.98695046,1.9375,4.385845535524087,2.2636622118833998,4.385845535524087,0.0,NO ALERT,NO ALERT,20260911,12
watershed,C2ASON40,Watershed C2ASON40,Ganga Basin,Sone,648.4589083,3.4375,2.5092202405407003,0.7299549790663855,2.5092202405407003,0.0,NO ALERT,NO ALERT,20260911,12
watershed,C2ASON41,Watershed C2ASON41,Ganga Basin,Sone,1187.17301848,2.0,2.8846056855194373,1.4423028427597187,2.8846056855194373,0.0,NO ALERT,NO ALERT,20260911,12
watershed,C2ASON42,Watershed C2ASON42,Ganga Basin,Sone,1009.36442926,1.0625,5.718296770649413,3.0,3.1875,0.0,NO ALERT,NO ALERT,20260911,12
watershed,C2ASON43,Watershed C2ASON43,Ganga Basin,Sone,693.10420313,0.0,0.0,1.0,0.0,0.0,NO ALERT,NO ALERT,20260911,12
watershed,C2ASON44,Watershed C2ASON44,Ganga Basin,Sone,422.20105176,3.4375,4.818318783379581,1.4016927369831509,4.818318783379581,0.0,NO ALERT,NO ALERT,20260911,12
watershed,C2ASON45,Watershed C2ASON45,Ganga Basin,Sone,776.03373108,2.4375,2.8919959274260965,1.1864598676619882,2.891995927426096,0.0,NO ALERT,NO ALERT,20260911,12
watershed,C2ASON46,Watershed C2ASON46,Ganga Basin,Sone,380.65701732,7.5,3.5158231343512667,0.4687764179135022,3.5158231343512667,0.0,NO ALERT,NO ALERT,20260911,12
watershed,C2ASON47,Watershed C2ASON47,Ganga Basin,Sone,1114.80139256,7.21875,3.9367536957439495,0.5453511613151791,3.9367536957439495,0.0,NO ALERT,NO ALERT,20260911,12
watershed,C2ASON48,Watershed C2ASON48,Ganga Basin,Sone,571.48902667,9.375,3.606119852666169,0.38465278428439137,3.6061198526661693,0.0,NO ALERT,NO ALERT,20260911,12
watershed,C2ASON49,Watershed C2ASON49,Ganga Basin,Sone,634.85522712,0.0,0.0,1.0,0.0,0.0,NO ALERT,NO ALERT,20260911,12
watershed,C2ASON50,Watershed C2ASON50,Ganga Basin,Sone,572.98726052,3.625,4.962392342702983,1.368935818676685,4.962392342702983,0.0,NO ALERT,NO ALERT,20260911,12
watershed,C2ASON51,Watershed C2ASON51,Ganga Basin,Sone,576.33854029,7.625,4.577059082993089,0.6002700436712248,4.577059082993089,0.0,NO ALERT,NO ALERT,20260911,12
watershed,C2ASON52,Watershed C2ASON52,Ganga Basin,Sone,911.81558889,11.6875,4.210519613162296,0.3602583626235119,4.210519613162296,0.0,NO ALERT,NO ALERT,20260911,12
watershed,C2ASON53,Watershed C2ASON53,Ganga Basin,Sone,972.5909928,5.75,3.7978225975003963,0.6604908865218081,3.7978225975003967,0.0,NO ALERT,NO ALERT,20260911,12
watershed,C2ASON54,Watershed C2ASON54,Ganga Basin,Sone,640.78390519,9.1875,3.728836907058546,0.40585979940773287,3.728836907058546,0.0,NO ALERT,NO ALERT,20260911,12
watershed,C2ASON55,Watershed C2ASON55,Ganga Basin,Sone,1208.50394711,7.3125,3.632565016962894,0.4967610279607376,3.632565016962894,0.0,NO ALERT,NO ALERT,20260911,12
watershed,C2ASON56,Watershed C2ASON56,Ganga Basin,Sone,574.0323193,1.71875,3.207332513246634,1.8660843713434963,3.207332513246634,0.0,NO ALERT,NO ALERT,20260911,12
watershed,C2ASON57,Watershed C2ASON57,Ganga Basin,Sone,1297.63280187,3.9375,3.2585652418740807,0.8275721249204014,3.2585652418740807,0.0,NO ALERT,NO ALERT,20260911,12
watershed,C2ASON58,Watershed C2ASON58,Ganga Basin,Sone,828.9854576,0.4375,3.8762592125939177,3.0,1.3125,0.0,NO ALERT,NO ALERT,20260911,12
watershed,C2ASON59,Watershed C2ASON59,Ganga Basin,Sone,462.06607545,0.0,0.0,1.0,0.0,0.0,NO ALERT,NO ALERT,20260911,12
watershed,C2ASON60,Watershed C2ASON60,Ganga Basin,Sone,1201.31434716,1.15625,7.116293037805248,3.0,3.46875,0.0,NO ALERT,NO ALERT,20260911,12
watershed,C2ASON61,Watershed C2ASON61,Ganga Basin,Sone,728.8099826,1.125,4.486518554491539,3.0,3.375,0.0,NO ALERT,NO ALERT,20260911,12
watershed,C2ASON62,Watershed C2ASON62,Ganga Basin,Sone,1001.40830546,0.875,4.718358784097514,3.0,2.625,0.0,NO ALERT,NO ALERT,20260911,12
watershed,C2ASON63,Watershed C2ASON63,Ganga Basin,Sone,772.42007687,4.4375,3.7012340650983053,0.8340809160784913,3.7012340650983053,0.0,NO ALERT,NO ALERT,20260911,12
watershed,C2ASON64,Watershed C2ASON64,Ganga Basin,Sone,629.73788911,1.0,3.2690679911064775,3.0,3.0,0.0,NO ALERT,NO ALERT,20260911,12
watershed,C2ASON65,Watershed C2ASON65,Ganga Basin,Sone,789.23330061,1.8125,3.3942054196988067,1.8726650591441691,3.3942054196988067,0.0,NO ALERT,NO ALERT,20260911,12
watershed,C2ASON66,Watershed C2ASON66,Ganga Basin,Sone,386.99997314,0.0,0.0,1.0,0.0,0.0,NO ALERT,NO ALERT,20260911,12
watershed,C2ASON67,Watershed C2ASON67,Ganga Basin,Sone,633.49375155,0.0,0.0,1.0,0.0,0.0,NO ALERT,NO ALERT,20260911,12
watershed,C2ASON68,Watershed C2ASON68,Ganga Basin,Sone,1303.31844464,0.59375,4.515210725908002,3.0,1.78125,0.0,NO ALERT,NO ALERT,20260911,12
watershed,C2ASON69,Watershed C2ASON69,Ganga Basin,Sone,1118.66721378,0.8125,4.8063243115601475,3.0,2.4375,0.0,NO ALERT,NO ALERT,20260911,12
watershed,C2ASON70,Watershed C2ASON70,Ganga Basin,Sone,962.6060563,1.0625,4.248307257645751,3.0,3.1875,0.0,NO ALERT,NO ALERT,20260911,12
watershed,C2ASON71,Watershed C2ASON71,Ganga Basin,Sone,1126.44341774,0.125,4.2900722974171375,3.0,0.375,0.0,NO ALERT,NO ALERT,20260911,12
watershed,C2ASON72,Watershed C2ASON72,Ganga Basin,Sone,699.09834869,0.0625,3.955581339479309,1.0,0.0625,0.0,NO ALERT,NO ALERT,20260911,12
watershed,C2ASON73,Watershed C2ASON73,Ganga Basin,Sone,670.03413697,0.125,4.136171128631455,3.0,0.375,0.0,NO ALERT,NO ALERT,20260911,12
watershed,C2ASON74,Watershed C2ASON74,Ganga Basin,Sone,1053.11289594,0.71875,4.314314026079358,3.0,2.15625,0.0,NO ALERT,NO ALERT,20260911,12
watershed,C2ASON75,Watershed C2ASON75,Ganga Basin,Sone,580.57093206,0.3125,4.223560870755208,3.0,0.9375,0.0,NO ALERT,NO ALERT,20260911,12
watershed,C2ASON76,Watershed C2ASON76,Ganga Basin,Sone,881.37278741,0.84375,3.9226067122020947,3.0,2.53125,0.0,NO ALERT,NO ALERT,20260911,12
watershed,C2ASON77,Watershed C2ASON77,Ganga Basin,Sone,1117.94717,2.75,3.5585429132392963,1.2940156048142895,3.558542913239296,0.0,NO ALERT,NO ALERT,20260911,12
watershed,C2ASON78,Watershed C2ASON78,Ganga Basin,Sone,513.71266346,2.5,2.7192187769364002,1.08768751077456,2.7192187769364002,0.0,NO ALERT,NO ALERT,20260911,12
watershed,C2ASON79,Watershed C2ASON79,Ganga Basin,Sone,721.81009462,1.0,2.074473395923229,2.074473395923229,2.074473395923229,0.0,NO ALERT,NO ALERT,20260911,12
watershed,C2ASON80,Watershed C2ASON80,Ganga Basin,Sone,954.9623586,1.375,2.912483712466068,2.118169972702595,2.912483712466068,0.0,NO ALERT,NO ALERT,20260911,12
watershed,C2ASON81,Watershed C2ASON81,Ganga Basin,Sone,1166.30902872,5.125,2.8392237318909332,0.553994874515304,2.8392237318909332,0.0,NO ALERT,NO ALERT,20260911,12
watershed,C2ASON82,Watershed C2ASON82,Ganga Basin,Sone,450.20623502,0.0,0.0,1.0,0.0,0.0,NO ALERT,NO ALERT,20260911,12
watershed,C2ASON83,Watershed C2ASON83,Ganga Basin,Sone,576.93396761,0.0625,2.2672067798572044,1.0,0.0625,0.0,NO ALERT,NO ALERT,20260911,12
watershed,C2ATON01,Watershed C2ATON01,Ganga Basin,Tons,645.64650245,11.9375,3.34637017746086,0.3,3.58125,0.0,NO ALERT,NO ALERT,20260911,12
watershed,C2ATON02,Watershed C2ATON02,Ganga Basin,Tons,794.4150182,0.0,0.0,1.0,0.0,0.0,NO ALERT,NO ALERT,20260911,12
watershed,C2ATON03,Watershed C2ATON03,Ganga Basin,Tons,907.85681754,5.1875,3.405805937772336,0.6565409036669564,3.405805937772336,0.0,NO ALERT,NO ALERT,20260911,12
watershed,C2ATON04,Watershed C2ATON04,Ganga Basin,Tons,612.62390193,7.9375,3.3492627570686273,0.42195436309526013,3.3492627570686273,0.0,NO ALERT,NO ALERT,20260911,12
watershed,C2ATON05,Watershed C2ATON05,Ganga Basin,Tons,841.95315922,2.625,2.740158671222321,1.0438699699894556,2.740158671222321,0.0,NO ALERT,NO ALERT,20260911,12
watershed,C2ATON06,Watershed C2ATON06,Ganga Basin,Tons,625.93440395,6.5625,3.4142507332440926,0.5202667783990998,3.4142507332440926,0.0,NO ALERT,NO ALERT,20260911,12
watershed,C2ATON07,Watershed C2ATON07,Ganga Basin,Tons,1173.35903277,6.041666666666667,3.508779998239317,0.5807635859154732,3.508779998239317,0.0,NO ALERT,NO ALERT,20260911,12
watershed,C2ATON08,Watershed C2ATON08,Ganga Basin,Tons,442.40301702,0.0,0.0,1.0,0.0,0.0,NO ALERT,NO ALERT,20260911,12
watershed,C2ATON09,Watershed C2ATON09,Ganga Basin,Tons,862.48913598,3.8125,2.3936307462927413,0.627837572798096,2.3936307462927413,0.0,NO ALERT,NO ALERT,20260911,12
watershed,C2ATON10,Watershed C2ATON10,Ganga Basin,Tons,694.98411184,2.5,4.282906415813589,1.7131625663254357,4.282906415813589,0.0,NO ALERT,NO ALERT,20260911,12
watershed,C2ATON11,Watershed C2ATON11,Ganga Basin,Tons,493.93702959,0.0,0.0,1.0,0.0,0.0,NO ALERT,NO ALERT,20260911,12
watershed,C2ATON12,Watershed C2ATON12,Ganga Basin,Tons,895.7552,1.21875,1.8609044067255438,1.526895923467113,1.8609044067255438,0.0,NO ALERT,NO ALERT,20260911,12
watershed,C2ATON13,Watershed C2ATON13,Ganga Basin,Tons,748.22595206,2.375,2.1536092398917837,0.906782837849172,2.1536092398917837,0.0,NO ALERT,NO ALERT,20260911,12
watershed,C2ATON14,Watershed C2ATON14,Ganga Basin,Tons,891.51517899,0.0625,3.734896724089368,1.0,0.0625,0.0,NO ALERT,NO ALERT,20260911,12
watershed,C2ATON15,Watershed C2ATON15,Ganga Basin,Tons,530.75993177,0.0,0.0,1.0,0.0,0.0,NO ALERT,NO ALERT,20260911,12
watershed,C2ATON16,Watershed C2ATON16,Ganga Basin,Tons,789.0900215,0.0,0.0,1.0,0.0,0.0,NO ALERT,NO ALERT,20260911,12
watershed,C2ATON17,Watershed C2ATON17,Ganga Basin,Tons,766.94337208,0.5625,3.2094220100404467,3.0,1.6875,0.0,NO ALERT,NO ALERT,20260911,12
watershed,C2ATON18,Watershed C2ATON18,Ganga Basin,Tons,902.8037349,3.875,4.711827673997781,1.2159555287736208,4.711827673997781,0.0,NO ALERT,NO ALERT,20260911,12
watershed,C2ATON19,Watershed C2ATON19,Ganga Basin,Tons,466.55320878,3.3125,4.599406615450774,1.388500110324762,4.599406615450774,0.0,NO ALERT,NO ALERT,20260911,12
watershed,C2ATON20,Watershed C2ATON20,Ganga Basin,Tons,916.60537216,4.65625,2.398994905389335,0.5152203823654948,2.398994905389335,0.0,NO ALERT,NO ALERT,20260911,12
watershed,C2ATON21,Watershed C2ATON21,Ganga Basin,Tons,660.06536606,4.625,2.7265201433472437,0.5895178688318364,2.7265201433472437,0.0,NO ALERT,NO ALERT,20260911,12
watershed,C2ATON22,Watershed C2ATON22,Ganga Basin,Tons,559.91640685,5.25,2.3802377798785903,0.4533786247387791,2.3802377798785903,0.0,NO ALERT,NO ALERT,20260911,12
watershed,C2ATON23,Watershed C2ATON23,Ganga Basin,Tons,681.90149125,4.375,1.978014017376181,0.45211748968598425,1.978014017376181,0.0,NO ALERT,NO ALERT,20260911,12
watershed,C2AUGO01,Watershed C2AUGO01,Ganga Basin,Upstream of Gomti confluece to Muzaffarnagar,603.57148715,0.0,0.0,1.0,0.0,0.0,NO ALERT,NO ALERT,20260911,12
watershed,C2AUGO02,Watershed C2AUGO02,Ganga Basin,Upstream of Gomti confluece to Muzaffarnagar,671.09461452,0.0,0.0,1.0,0.0,0.0,NO ALERT,NO ALERT,20260911,12
watershed,C2AUGO03,Watershed C2AUGO03,Ganga Basin,Upstream of Gomti confluece to Muzaffarnagar,482.49171418,0.15625,3.3884287529816364,3.0,0.46875,0.0,NO ALERT,NO ALERT,20260911,12
watershed,C2AUGO04,Watershed C2AUGO04,Ganga Basin,Upstream of Gomti confluece to Muzaffarnagar,373.33068823,0.0,0.0,1.0,0.0,0.0,NO ALERT,NO ALERT,20260911,12
watershed,C2AUGO05,Watershed C2AUGO05,Ganga Basin,Upstream of Gomti confluece to Muzaffarnagar,981.91826488,2.0,1.5794359230831878,0.7897179615415939,1.5794359230831878,0.0,NO ALERT,NO ALERT,20260911,12
watershed,C2AUGO06,Watershed C2AUGO06,Ganga Basin,Upstream of Gomti confluece to Muzaffarnagar,1025.10600222,2.875,2.340767601499819,0.8141800353042848,2.340767601499819,0.0,NO ALERT,NO ALERT,20260911,12
watershed,C2AUGO07,Watershed C2AUGO07,Ganga Basin,Upstream of Gomti confluece to Muzaffarnagar,845.99404181,8.375,2.836525882760139,0.3386896576430017,2.836525882760139,0.0,NO ALERT,NO ALERT,20260911,12
watershed,C2AUGO08,Watershed C2AUGO08,Ganga Basin,Upstream of Gomti confluece to Muzaffarnagar,1129.82221246,1.5208333333333335,2.51030450783772,1.6506111832357608,2.51030450783772,0.0,NO ALERT,NO ALERT,20260911,12
watershed,C2AUGO09,Watershed C2AUGO09,Ganga Basin,Upstream of Gomti confluece to Muzaffarnagar,575.07006045,0.0,0.0,1.0,0.0,0.0,NO ALERT,NO ALERT,20260911,12
watershed,C2AUGO10,Watershed C2AUGO10,Ganga Basin,Upstream of Gomti confluece to Muzaffarnagar,736.88461913,4.53125,2.1937873442695563,0.4841461725284538,2.1937873442695563,0.0,NO ALERT,NO ALERT,20260911,12
watershed,C2AUGO11,Watershed C2AUGO11,Ganga Basin,Upstream of Gomti confluece to Muzaffarnagar,626.10653827,0.0,0.0,1.0,0.0,0.0,NO ALERT,NO ALERT,20260911,12
watershed,C2AUGO12,Watershed C2AUGO12,Ganga Basin,Upstream of Gomti confluece to Muzaffarnagar,1094.23448485,5.5,2.5726027397260274,0.4677459526774595,2.5726027397260274,0.0,NO ALERT,NO ALERT,20260911,12
watershed,C2AUGO13,Watershed C2AUGO13,Ganga Basin,Upstream of Gomti confluece to Muzaffarnagar,921.32487949,0.0,1.6658755612699954,1.0,0.0,0.0,NO ALERT,NO ALERT,20260911,12
watershed,C2AUGO14,Watershed C2AUGO14,Ganga Basin,Upstream of Gomti confluece to Muzaffarnagar,689.69483179,0.0,0.0,1.0,0.0,0.0,NO ALERT,NO ALERT,20260911,12
watershed,C2AUGO15,Watershed C2AUGO15,Ganga Basin,Upstream of Gomti confluece to Muzaffarnagar,452.06818677,7.09375,1.7737925564997816,0.3,2.128125,0.0,NO ALERT,NO ALERT,20260911,12
watershed,C2AUGO16,Watershed C2AUGO16,Ganga Basin,Upstream of Gomti confluece to Muzaffarnagar,855.71840585,0.1875,2.4963980773234202,3.0,0.5625,0.0,NO ALERT,NO ALERT,20260911,12
watershed,C2AUGO17,Watershed C2AUGO17,Ganga Basin,Upstream of Gomti confluece to Muzaffarnagar,873.7243257,0.0,2.384791155139061,1.0,0.0,0.0,NO ALERT,NO ALERT,20260911,12
watershed,C2AUGO18,Watershed C2AUGO18,Ganga Basin,Upstream of Gomti confluece to Muzaffarnagar,388.46882301,0.03125,1.979880329027568,1.0,0.03125,0.0,NO ALERT,NO ALERT,20260911,12
watershed,C2AUGO19,Watershed C2AUGO19,Ganga Basin,Upstream of Gomti confluece to Muzaffarnagar,488.40418732,0.0,0.0,1.0,0.0,0.0,NO ALERT,NO ALERT,20260911,12
watershed,C2AUGO20,Watershed C2AUGO20,Ganga Basin,Upstream of Gomti confluece to Muzaffarnagar,653.31479239,0.1875,1.7778207358023892,3.0,0.5625,0.0,NO ALERT,NO ALERT,20260911,12
watershed,C2AUGO21,Watershed C2AUGO21,Ganga Basin,Upstream of Gomti confluece to Muzaffarnagar,826.04232516,0.25,2.0372446026806146,3.0,0.75,0.0,NO ALERT,NO ALERT,20260911,12
watershed,C2AUGO22,Watershed C2AUGO22,Ganga Basin,Upstream of Gomti confluece to Muzaffarnagar,696.83796944,0.0,0.0,1.0,0.0,0.0,NO ALERT,NO ALERT,20260911,12
watershed,C2AUGO23,Watershed C2AUGO23,Ganga Basin,Upstream of Gomti confluece to Muzaffarnagar,750.55504209,0.0625,2.4941955275731544,1.0,0.0625,0.0,NO ALERT,NO ALERT,20260911,12
watershed,C2AUGO24,Watershed C2AUGO24,Ganga Basin,Upstream of Gomti confluece to Muzaffarnagar,942.94710272,0.0,0.0,1.0,0.0,0.0,NO ALERT,NO ALERT,20260911,12
watershed,C2AUGO25,Watershed C2AUGO25,Ganga Basin,Upstream of Gomti confluece to Muzaffarnagar,1086.7262393,0.1875,1.064712429016012,3.0,0.5625,0.0,NO ALERT,NO ALERT,20260911,12
watershed,C2AUGO26,Watershed C2AUGO26,Ganga Basin,Upstream of Gomti confluece to Muzaffarnagar,505.63649688,0.0,0.0,1.0,0.0,0.0,NO ALERT,NO ALERT,20260911,12
watershed,C2AUGO27,Watershed C2AUGO27,Ganga Basin,Upstream of Gomti confluece to Muzaffarnagar,568.27964549,3.96875,0.5999412127451538,0.3,1.190625,0.0,NO ALERT,NO ALERT,20260911,12
watershed,C2AUGO28,Watershed C2AUGO28,Ganga Basin,Upstream of Gomti confluece to Muzaffarnagar,765.25726699,1.75,1.9080221444776613,1.0902983682729492,1.9080221444776613,0.0,NO ALERT,NO ALERT,20260911,12
watershed,C2AUGO29,Watershed C2AUGO29,Ganga Basin,Upstream of Gomti confluece to Muzaffarnagar,364.16026966,2.25,2.236188069843266,0.9938613643747849,2.236188069843266,0.0,NO ALERT,NO ALERT,20260911,12
watershed,C2AUGO30,Watershed C2AUGO30,Ganga Basin,Upstream of Gomti confluece to Muzaffarnagar,656.28811565,1.8125,0.7658290174317687,0.42252635444511377,0.7658290174317687,0.0,NO ALERT,NO ALERT,20260911,12
watershed,C2AUGO31,Watershed C2AUGO31,Ganga Basin,Upstream of Gomti confluece to Muzaffarnagar,492.59595077,0.0,0.0,1.0,0.0,0.0,NO ALERT,NO ALERT,20260911,12
watershed,C2AUGO32,Watershed C2AUGO32,Ganga Basin,Upstream of Gomti confluece to Muzaffarnagar,1281.11560876,3.1875,2.750500601346362,0.862902149441996,2.750500601346362,0.0,NO ALERT,NO ALERT,20260911,12
watershed,C2AUGO33,Watershed C2AUGO33,Ganga Basin,Upstream of Gomti confluece to Muzaffarnagar,1160.14770916,1.2291666666666665,3.2049731550627647,2.6074357871697074,3.2049731550627647,0.0,NO ALERT,NO ALERT,20260911,12
watershed,C2AUGO34,Watershed C2AUGO34,Ganga Basin,Upstream of Gomti confluece to Muzaffarnagar,425.66579567,0.0625,2.4779588763027975,1.0,0.0625,0.0,NO ALERT,NO ALERT,20260911,12
watershed,C2AUGO35,Watershed C2AUGO35,Ganga Basin,Upstream of Gomti confluece to Muzaffarnagar,550.4775833,0.3125,1.4363505589635406,3.0,0.9375,0.0,NO ALERT,NO ALERT,20260911,12
watershed,C2AUGO36,Watershed C2AUGO36,Ganga Basin,Upstream of Gomti confluece to Muzaffarnagar,554.2428496,0.625,2.2325345203484575,3.0,1.875,0.0,NO ALERT,NO ALERT,20260911,12
watershed,C2AUGO37,Watershed C2AUGO37,Ganga Basin,Upstream of Gomti confluece to Muzaffarnagar,550.6942773,0.0,0.0,1.0,0.0,0.0,NO ALERT,NO ALERT,20260911,12
watershed,C2AUGO38,Watershed C2AUGO38,Ganga Basin,Upstream of Gomti confluece to Muzaffarnagar,712.84426105,1.625,1.348198488803759,0.829660608494621,1.348198488803759,0.0,NO ALERT,NO ALERT,20260911,12
watershed,C2AUGO39,Watershed C2AUGO39,Ganga Basin,Upstream of Gomti confluece to Muzaffarnagar,583.50712136,0.0,0.0,1.0,0.0,0.0,NO ALERT,NO ALERT,20260911,12
watershed,C2AUGO40,Watershed C2AUGO40,Ganga Basin,Upstream of Gomti confluece to Muzaffarnagar,1119.01019134,0.6041666666666666,2.4646751864723964,3.0,1.8125,0.0,NO ALERT,NO ALERT,20260911,12
watershed,C2AYAL01,Watershed C2AYAL01,Ganga Basin,Yamuna Lower,1366.64273496,6.53125,3.9426736210409095,0.6036629467622445,3.9426736210409095,0.0,NO ALERT,NO ALERT,20260911,12
watershed,C2AYAL02,Watershed C2AYAL02,Ganga Basin,Yamuna Lower,1144.14746187,7.75,3.969339352029644,0.5121728196167282,3.969339352029644,0.0,NO ALERT,NO ALERT,20260911,12
watershed,C2AYAL03,Watershed C2AYAL03,Ganga Basin,Yamuna Lower,1232.16137378,9.0625,3.967348251876221,0.4377763588277209,3.967348251876221,0.0,NO ALERT,NO ALERT,20260911,12
watershed,C2AYAL04,Watershed C2AYAL04,Ganga Basin,Yamuna Lower,1108.84762611,7.625,3.0667468926984154,0.4021963137965135,3.0667468926984154,0.0,NO ALERT,NO ALERT,20260911,12
watershed,C2AYAL05,Watershed C2AYAL05,Ganga Basin,Yamuna Lower,1556.81565031,10.9375,4.0880245227111525,0.3737622420764482,4.0880245227111525,0.0,NO ALERT,NO ALERT,20260911,12
watershed,C2AYAL06,Watershed C2AYAL06,Ganga Basin,Yamuna Lower,810.51844682,5.125,3.3177199824623864,0.6473599965780266,3.317719982462386,0.0,NO ALERT,NO ALERT,20260911,12
watershed,C2AYAL07,Watershed C2AYAL07,Ganga Basin,Yamuna Lower,1320.95248305,8.40625,3.8274642086600603,0.4553117274242451,3.8274642086600603,0.0,NO ALERT,NO ALERT,20260911,12
watershed,C2AYAL08,Watershed C2AYAL08,Ganga Basin,Yamuna Lower,1294.44334481,8.5625,3.900173584484074,0.45549472519522033,3.900173584484074,0.0,NO ALERT,NO ALERT,20260911,12
watershed,C2AYAL09,Watershed C2AYAL09,Ganga Basin,Yamuna Lower,1418.58613721,7.71875,3.7006836996809263,0.4794408031975289,3.7006836996809263,0.0,NO ALERT,NO ALERT,20260911,12
watershed,C2AYAL10,Watershed C2AYAL10,Ganga Basin,Yamuna Lower,1309.53054117,4.125,3.539656916546495,0.8580986464355139,3.539656916546495,0.0,NO ALERT,NO ALERT,20260911,12
watershed,C2AYAL11,Watershed C2AYAL11,Ganga Basin,Yamuna Lower,990.23518124,5.75,3.1422532088748394,0.5464788189347547,3.1422532088748394,0.0,NO ALERT,NO ALERT,20260911,12
watershed,C2AYAL12,Watershed C2AYAL12,Ganga Basin,Yamuna Lower,1757.22253577,6.854166666666666,3.1165254710948087,0.4546906462387563,3.1165254710948087,0.0,NO ALERT,NO ALERT,20260911,12
watershed,C2AYAL13,Watershed C2AYAL13,Ganga Basin,Yamuna Lower,829.70859306,6.958333333333334,3.819130838345991,0.548857126468885,3.8191308383459917,0.0,NO ALERT,NO ALERT,20260911,12
watershed,C2AYAL14,Watershed C2AYAL14,Ganga Basin,Yamuna Lower,1301.12284776,6.34375,4.642014406866407,0.7317461133976602,4.642014406866407,0.0,NO ALERT,NO ALERT,20260911,12
watershed,C2AYAL15,Watershed C2AYAL15,Ganga Basin,Yamuna Lower,1050.0745303,0.0,0.0,1.0,0.0,0.0,NO ALERT,NO ALERT,20260911,12
watershed,C2AYAL16,Watershed C2AYAL16,Ganga Basin,Yamuna Lower,1509.23737206,5.8125,3.2411145967979955,0.5576111134276122,3.2411145967979955,0.0,NO ALERT,NO ALERT,20260911,12
watershed,C2AYAL17,Watershed C2AYAL17,Ganga Basin,Yamuna Lower,1155.63508938,6.1875,3.9346923362922994,0.6359098725320887,3.934692336292299,0.0,NO ALERT,NO ALERT,20260911,12
watershed,C2AYAL18,Watershed C2AYAL18,Ganga Basin,Yamuna Lower,1668.00030817,5.78125,3.607133147447077,0.6239365444232782,3.607133147447077,0.0,NO ALERT,NO ALERT,20260911,12
watershed,C2AYAL19,Watershed C2AYAL19,Ganga Basin,Yamuna Lower,1483.78295078,7.4375,3.964398752268591,0.5330284036663652,3.964398752268591,0.0,NO ALERT,NO ALERT,20260911,12
watershed,C2AYAL20,Watershed C2AYAL20,Ganga Basin,Yamuna Lower,1736.51704136,6.984375,2.9617905137779776,0.42405949190557174,2.9617905137779776,0.0,NO ALERT,NO ALERT,20260911,12
watershed,C2AYAL21,Watershed C2AYAL21,Ganga Basin,Yamuna Lower,1325.61120161,8.145833333333332,3.606145318573741,0.4426981465256767,3.606145318573741,0.0,NO ALERT,NO ALERT,20260911,12
watershed,C2AYAL22,Watershed C2AYAL22,Ganga Basin,Yamuna Lower,1265.90598835,6.8125,3.144102075614341,0.46151957073238037,3.144102075614341,0.0,NO ALERT,NO ALERT,20260911,12
watershed,C2AYAL23,Watershed C2AYAL23,Ganga Basin,Yamuna Lower,1290.00094556,8.875,3.5363830484551926,0.3984656956005851,3.5363830484551926,0.0,NO ALERT,NO ALERT,20260911,12
watershed,C2AYAL24,Watershed C2AYAL24,Ganga Basin,Yamuna Lower,1061.94422673,8.1875,3.5768037979733456,0.4368615325768972,3.5768037979733456,0.0,NO ALERT,NO ALERT,20260911,12
watershed,C2AYAL25,Watershed C2AYAL25,Ganga Basin,Yamuna Lower,1476.60099847,7.854166666666666,4.609620980768715,0.5869013450315606,4.609620980768715,0.0,NO ALERT,NO ALERT,20260911,12
watershed,C2AYAL26,Watershed C2AYAL26,Ganga Basin,Yamuna Lower,1378.32750891,6.3125,4.05582255759876,0.6425065437780214,4.05582255759876,0.0,NO ALERT,NO ALERT,20260911,12
watershed,C2AYAL27,Watershed C2AYAL27,Ganga Basin,Yamuna Lower,990.54541488,6.75,3.1399259545011065,0.4651742154816454,3.1399259545011065,0.0,NO ALERT,NO ALERT,20260911,12
watershed,C2AYAL28,Watershed C2AYAL28,Ganga Basin,Yamuna Lower,1492.02130834,5.5625,1.7612044921782735,0.31662103230171207,1.7612044921782735,0.0,NO ALERT,NO ALERT,20260911,12
watershed,C2AYAL29,Watershed C2AYAL29,Ganga Basin,Yamuna Lower,1655.32883157,6.5625,2.12271728611564,0.3234616816938118,2.12271728611564,0.0,NO ALERT,NO ALERT,20260911,12
watershed,C2AYAL30,Watershed C2AYAL30,Ganga Basin,Yamuna Lower,989.79244078,2.875,3.3281199407904114,1.1576069359270995,3.328119940790411,0.0,NO ALERT,NO ALERT,20260911,12
watershed,C2AYAL31,Watershed C2AYAL31,Ganga Basin,Yamuna Lower,1724.19384123,5.734375,2.8827267284772984,0.5027098382085752,2.8827267284772984,0.0,NO ALERT,NO ALERT,20260911,12
watershed,C2AYAL32,Watershed C2AYAL32,Ganga Basin,Yamuna Lower,1483.91057208,1.8125,2.8983660041367356,1.5990984850409575,2.8983660041367356,0.0,NO ALERT,NO ALERT,20260911,12
watershed,C2AYAL33,Watershed C2AYAL33,Ganga Basin,Yamuna Lower,1667.69728606,3.375,3.871928792589739,1.14723816076733,3.871928792589739,0.0,NO ALERT,NO ALERT,20260911,12
watershed,C2AYAL34,Watershed C2AYAL34,Ganga Basin,Yamuna Lower,1325.13237498,6.6875,4.372448660749686,0.6538240988036914,4.372448660749686,0.0,NO ALERT,NO ALERT,20260911,12
watershed,C2AYAL35,Watershed C2AYAL35,Ganga Basin,Yamuna Lower,1657.34084919,9.28125,4.052110174767775,0.43659099526117445,4.052110174767775,0.0,NO ALERT,NO ALERT,20260911,12
watershed,C2AYAL36,Watershed C2AYAL36,Ganga Basin,Yamuna Lower,1032.53142282,5.375,4.720409007962436,0.8782156293883602,4.720409007962436,0.0,NO ALERT,NO ALERT,20260911,12
watershed,C2AYAL37,Watershed C2AYAL37,Ganga Basin,Yamuna Lower,1040.19176053,3.625,4.343836414640489,1.1982997005904796,4.343836414640489,0.0,NO ALERT,NO ALERT,20260911,12
watershed,C2AYAL38,Watershed C2AYAL38,Ganga Basin,Yamuna Lower,795.32430327,2.15625,4.079265040955315,1.89183306247203,4.079265040955315,0.0,NO ALERT,NO ALERT,20260911,12
watershed,C2AYAL39,Watershed C2AYAL39,Ganga Basin,Yamuna Lower,1747.0257225,10.520833333333334,3.7732925111844655,0.3586495852214937,3.773292511184465,0.0,NO ALERT,NO ALERT,20260911,12
watershed,C2AYAL40,Watershed C2AYAL40,Ganga Basin,Yamuna Lower,1018.24090176,8.625,3.9564729209223835,0.4587214980779575,3.9564729209223835,0.0,NO ALERT,NO ALERT,20260911,12
watershed,C2AYAL41,Watershed C2AYAL41,Ganga Basin,Yamuna Lower,1129.17259195,6.6875,3.1926060778433327,0.4773990396775077,3.1926060778433327,0.0,NO ALERT,NO ALERT,20260911,12
watershed,C2AYAL42,Watershed C2AYAL42,Ganga Basin,Yamuna Lower,954.98180058,13.75,3.077754877283149,0.3,4.125,0.0,NO ALERT,NO ALERT,20260911,12
watershed,C2AYAL43,Watershed C2AYAL43,Ganga Basin,Yamuna Lower,1367.82317344,3.65625,3.323541883675203,0.909002908355611,3.323541883675203,0.0,NO ALERT,NO ALERT,20260911,12
watershed,C2AYAL44,Watershed C2AYAL44,Ganga Basin,Yamuna Lower,1029.88050166,0.0,0.0,1.0,0.0,0.0,NO ALERT,NO ALERT,20260911,12
watershed,C2AYAL45,Watershed C2AYAL45,Ganga Basin,Yamuna Lower,1232.80988055,7.21875,3.3723117800301887,0.46716007342409543,3.3723117800301887,0.0,NO ALERT,NO ALERT,20260911,12
watershed,C2AYAL46,Watershed C2AYAL46,Ganga Basin,Yamuna Lower,1638.11704341,9.291666666666666,2.922705230218907,0.3145512355392546,2.922705230218907,0.0,NO ALERT,NO ALERT,20260911,12
watershed,C2AYAL47,Watershed C2AYAL47,Ganga Basin,Yamuna Lower,1497.06348752,4.53125,2.4952136742742095,0.5506678453570669,2.4952136742742095,0.0,NO ALERT,NO ALERT,20260911,12
watershed,C2AYAL48,Watershed C2AYAL48,Ganga Basin,Yamuna Lower,1272.85752751,11.9375,3.285975260236492,0.3,3.58125,0.0,NO ALERT,NO ALERT,20260911,12
watershed,C2AYAL49,Watershed C2AYAL49,Ganga Basin,Yamuna Lower,1463.76661695,2.921875,2.775658545489997,0.949958004873582,2.775658545489997,0.0,NO ALERT,NO ALERT,20260911,12
watershed,C2AYAL50,Watershed C2AYAL50,Ganga Basin,Yamuna Lower,956.87820423,7.9375,4.005660404938541,0.5046501297560366,4.005660404938541,0.0,NO ALERT,NO ALERT,20260911,12
watershed,C2AYAL51,Watershed C2AYAL51,Ganga Basin,Yamuna Lower,862.50152671,11.15625,1.9832216732203962,0.3,3.346875,0.0,NO ALERT,NO ALERT,20260911,12
watershed,C2AYAL52,Watershed C2AYAL52,Ganga Basin,Yamuna Lower,1781.42909684,5.84375,2.0243320776583396,0.3464097672998228,2.0243320776583396,0.0,NO ALERT,NO ALERT,20260911,12
watershed,C2AYAL53,Watershed C2AYAL53,Ganga Basin,Yamuna Lower,1398.71230536,4.0625,2.2675588493681933,0.5581683321521707,2.2675588493681933,0.0,NO ALERT,NO ALERT,20260911,12
watershed,C2AYAL54,Watershed C2AYAL54,Ganga Basin,Yamuna Lower,1295.20045282,3.0,2.1988286051848163,0.7329428683949387,2.1988286051848163,0.0,NO ALERT,NO ALERT,20260911,12
watershed,C2AYAL55,Watershed C2AYAL55,Ganga Basin,Yamuna Lower,1062.61898229,0.9375,2.460397119279185,2.6244235938977973,2.460397119279185,0.0,NO ALERT,NO ALERT,20260911,12
watershed,C2AYAL56,Watershed C2AYAL56,Ganga Basin,Yamuna Lower,1034.28396227,0.46875,1.8372987006420958,3.0,1.40625,0.0,NO ALERT,NO ALERT,20260911,12
watershed,C2AYAL57,Watershed C2AYAL57,Ganga Basin,Yamuna Lower,1748.02091299,9.21875,2.6955214766708955,0.3,2.765625,0.0,NO ALERT,NO ALERT,20260911,12
watershed,C2AYAL58,Watershed C2AYAL58,Ganga Basin,Yamuna Lower,1574.91242371,5.5,2.231958972458562,0.40581072226519305,2.231958972458562,0.0,NO ALERT,NO ALERT,20260911,12
watershed,C2AYAL59,Watershed C2AYAL59,Ganga Basin,Yamuna Lower,996.75611564,4.3125,0.9393287681655524,0.3,1.29375,0.0,NO ALERT,NO ALERT,20260911,12
watershed,C2AYAL60,Watershed C2AYAL60,Ganga Basin,Yamuna Lower,1410.43671324,0.25,0.9942863836067997,3.0,0.75,0.0,NO ALERT,NO ALERT,20260911,12
watershed,C2AYAL61,Watershed C2AYAL61,Ganga Basin,Yamuna Lower,958.83897067,0.625,2.1364915767352874,3.0,1.875,0.0,NO ALERT,NO ALERT,20260911,12
watershed,C2AYAL62,Watershed C2AYAL62,Ganga Basin,Yamuna Lower,1489.79608869,7.75,2.2393656400529895,0.3,2.3249999999999997,0.0,NO ALERT,NO ALERT,20260911,12
watershed,C2AYAL63,Watershed C2AYAL63,Ganga Basin,Yamuna Lower,999.58099694,1.75,1.4698205757631015,0.8398974718646295,1.4698205757631015,0.0,NO ALERT,NO ALERT,20260911,12
watershed,C2AYAL64,Watershed C2AYAL64,Ganga Basin,Yamuna Lower,1095.79500955,0.125,1.8489034724153885,3.0,0.375,0.0,NO ALERT,NO ALERT,20260911,12
watershed,C2AYAL65,Watershed C2AYAL65,Ganga Basin,Yamuna Lower,1086.32758413,1.0,2.093487827200868,2.093487827200868,2.093487827200868,0.0,NO ALERT,NO ALERT,20260911,12
watershed,C2AYAL66,Watershed C2AYAL66,Ganga Basin,Yamuna Lower,1336.00176752,2.3125,2.2624930563854844,0.9783753757342635,2.2624930563854844,0.0,NO ALERT,NO ALERT,20260911,12
watershed,C2AYAL67,Watershed C2AYAL67,Ganga Basin,Yamuna Lower,1664.0324398,8.46875,3.3401434192918753,0.39440807903077496,3.3401434192918753,0.0,NO ALERT,NO ALERT,20260911,12
watershed,C2AYAL68,Watershed C2AYAL68,Ganga Basin,Yamuna Lower,1631.42197959,11.625,3.677020650795878,0.31630285168136585,3.677020650795878,0.0,NO ALERT,NO ALERT,20260911,12
watershed,C2AYAL69,Watershed C2AYAL69,Ganga Basin,Yamuna Lower,1283.96058126,13.4375,3.1408151091880177,0.3,4.03125,0.0,NO ALERT,NO ALERT,20260911,12
watershed,C2AYAL70,Watershed C2AYAL70,Ganga Basin,Yamuna Lower,1143.32800994,9.53125,2.8530562863366242,0.3,2.859375,0.0,NO ALERT,NO ALERT,20260911,12
watershed,C2AYAL71,Watershed C2AYAL71,Ganga Basin,Yamuna Lower,947.3614494,11.875,4.05935490578413,0.3418404131186636,4.05935490578413,0.0,NO ALERT,NO ALERT,20260911,12
watershed,C2AYAL72,Watershed C2AYAL72,Ganga Basin,Yamuna Lower,1756.84908905,8.791666666666666,3.297329844146559,0.3750517358270968,3.297329844146559,0.0,NO ALERT,NO ALERT,20260911,12
watershed,C2AYAL73,Watershed C2AYAL73,Ganga Basin,Yamuna Lower,1007.17127195,6.3125,3.4010874188313744,0.5387861257554653,3.4010874188313744,0.0,NO ALERT,NO ALERT,20260911,12
watershed,C2AYAL74,Watershed C2AYAL74,Ganga Basin,Yamuna Lower,1077.17099301,8.645833333333332,3.3733129236932213,0.39016631406572205,3.3733129236932213,0.0,NO ALERT,NO ALERT,20260911,12
watershed,C2AYAL75,Watershed C2AYAL75,Ganga Basin,Yamuna Lower,1159.44973698,6.3125,3.21810437575595,0.5097987129910416,3.21810437575595,0.0,NO ALERT,NO ALERT,20260911,12
watershed,C2AYAL76,Watershed C2AYAL76,Ganga Basin,Yamuna Lower,1545.47250136,6.4375,3.883065973283493,0.603194714296465,3.883065973283493,0.0,NO ALERT,NO ALERT,20260911,12
watershed,C2AYAL77,Watershed C2AYAL77,Ganga Basin,Yamuna Lower,1404.27975351,10.020833333333332,2.893145231705278,0.3,3.0062499999999996,0.0,NO ALERT,NO ALERT,20260911,12
watershed,C2AYAL78,Watershed C2AYAL78,Ganga Basin,Yamuna Lower,1615.8100092,7.78125,3.067039414729974,0.39415767578859107,3.067039414729974,0.0,NO ALERT,NO ALERT,20260911,12
watershed,C2AYAL79,Watershed C2AYAL79,Ganga Basin,Yamuna Lower,1156.67936047,10.25,3.5867521393482815,0.3499270379851982,3.5867521393482815,0.0,NO ALERT,NO ALERT,20260911,12
watershed,C2AYAL80,Watershed C2AYAL80,Ganga Basin,Yamuna Lower,1341.76767302,12.5625,2.792830247238074,0.3,3.76875,0.0,NO ALERT,NO ALERT,20260911,12
watershed,C2AYAL81,Watershed C2AYAL81,Ganga Basin,Yamuna Lower,828.22632186,9.0,3.770858734029613,0.4189843037810681,3.7708587340296127,0.0,NO ALERT,NO ALERT,20260911,12
watershed,C2AYAL82,Watershed C2AYAL82,Ganga Basin,Yamuna Lower,1499.22888367,7.25,3.9813676502198385,0.5491541586510122,3.981367650219839,0.0,NO ALERT,NO ALERT,20260911,12
watershed,C2AYAL83,Watershed C2AYAL83,Ganga Basin,Yamuna Lower,1101.48625422,8.6875,3.9314648918705446,0.4525427213663936,3.9314648918705446,0.0,NO ALERT,NO ALERT,20260911,12
watershed,C2AYAL84,Watershed C2AYAL84,Ganga Basin,Yamuna Lower,883.95572274,7.90625,3.2401612266183717,0.40982276384105887,3.2401612266183717,0.0,NO ALERT,NO ALERT,20260911,12
watershed,C2AYAL85,Watershed C2AYAL85,Ganga Basin,Yamuna Lower,1115.89398533,5.1875,3.343161285903356,0.6444648261982373,3.343161285903356,0.0,NO ALERT,NO ALERT,20260911,12
watershed,C2AYAL86,Watershed C2AYAL86,Ganga Basin,Yamuna Lower,1264.52571658,7.4375,3.380458920459225,0.45451548510376133,3.380458920459225,0.0,NO ALERT,NO ALERT,20260911,12
watershed,C2AYAL87,Watershed C2AYAL87,Ganga Basin,Yamuna Lower,1312.47058046,2.6875,3.168935672255003,1.1791388547925592,3.168935672255003,0.0,NO ALERT,NO ALERT,20260911,12
watershed,C2AYAL88,Watershed C2AYAL88,Ganga Basin,Yamuna Lower,866.769133,3.75,2.915717766464573,0.7775247377238862,2.915717766464573,0.0,NO ALERT,NO ALERT,20260911,12
watershed,C2AYAL89,Watershed C2AYAL89,Ganga Basin,Yamuna Lower,1413.98501392,4.1875,2.9784512184049987,0.7112719327534325,2.9784512184049987,0.0,NO ALERT,NO ALERT,20260911,12
watershed,C2AYAL90,Watershed C2AYAL90,Ganga Basin,Yamuna Lower,735.53831613,5.875,0.9058954201944887,0.3,1.7625,0.0,NO ALERT,NO ALERT,20260911,12
watershed,C2AYAL91,Watershed C2AYAL91,Ganga Basin,Yamuna Lower,1461.5747006,2.03125,3.6601839644043412,1.8019367209375219,3.6601839644043412,0.0,NO ALERT,NO ALERT,20260911,12
watershed,C2AYAL92,Watershed C2AYAL92,Ganga Basin,Yamuna Lower,953.21135253,1.90625,3.722018941736793,1.9525345268127439,3.722018941736793,0.0,NO ALERT,NO ALERT,20260911,12
watershed,C2AYAL93,Watershed C2AYAL93,Ganga Basin,Yamuna Lower,1110.79145299,4.8125,0.8019090297491582,0.3,1.4437499999999999,0.0,NO ALERT,NO ALERT,20260911,12
watershed,C2AYAL94,Watershed C2AYAL94,Ganga Basin,Yamuna Lower,1202.63376128,6.46875,2.055666609914744,0.3177842102283662,2.055666609914744,0.0,NO ALERT,NO ALERT,20260911,12
watershed,C2AYAL95,Watershed C2AYAL95,Ganga Basin,Yamuna Lower,1558.74463557,0.8125,3.0062951619290326,3.0,2.4375,0.0,NO ALERT,NO ALERT,20260911,12
watershed,C2AYAL96,Watershed C2AYAL96,Ganga Basin,Yamuna Lower,1615.84887647,2.083333333333333,1.7312957254718973,0.8310219482265108,1.7312957254718973,0.0,NO ALERT,NO ALERT,20260911,12
watershed,C2AYAL97,Watershed C2AYAL97,Ganga Basin,Yamuna Lower,914.63120478,5.125,1.9025819514916367,0.37123550273007544,1.9025819514916367,0.0,NO ALERT,NO ALERT,20260911,12
watershed,C2AYAL98,Watershed C2AYAL98,Ganga Basin,Yamuna Lower,1156.50430821,3.3125,1.5930611228697922,0.48092411256446554,1.5930611228697922,0.0,NO ALERT,NO ALERT,20260911,12
watershed,C2AYAM01,Watershed C2AYAM01,Ganga Basin,Yamuna Middle,648.25723902,1.0625,2.881840667843002,2.71232062855812,2.881840667843002,0.0,NO ALERT,NO ALERT,20260911,12
watershed,C2AYAM02,Watershed C2AYAM02,Ganga Basin,Yamuna Middle,410.42795167,0.625,4.420050149829421,3.0,1.875,0.0,NO ALERT,NO ALERT,20260911,12
watershed,C2AYAM03,Watershed C2AYAM03,Ganga Basin,Yamuna Middle,1113.06146611,5.59375,3.4810641061361522,0.6223131362924965,3.4810641061361522,0.0,NO ALERT,NO ALERT,20260911,12
watershed,C2AYAM04,Watershed C2AYAM04,Ganga Basin,Yamuna Middle,523.02634439,0.0,0.0,1.0,0.0,0.0,NO ALERT,NO ALERT,20260911,12
watershed,C2AYAM05,Watershed C2AYAM05,Ganga Basin,Yamuna Middle,555.76151753,1.09375,2.4623464638852095,2.2512881955521915,2.4623464638852095,0.0,NO ALERT,NO ALERT,20260911,12
watershed,C2AYAM06,Watershed C2AYAM06,Ganga Basin,Yamuna Middle,879.13163049,2.125,3.1389823500424217,1.4771681647258454,3.1389823500424217,0.0,NO ALERT,NO ALERT,20260911,12
watershed,C2AYAM07,Watershed C2AYAM07,Ganga Basin,Yamuna Middle,584.99648847,9.4375,2.434416470217378,0.3,2.83125,0.0,NO ALERT,NO ALERT,20260911,12
watershed,C2AYAM08,Watershed C2AYAM08,Ganga Basin,Yamuna Middle,635.34601159,0.0,0.0,1.0,0.0,0.0,NO ALERT,NO ALERT,20260911,12
watershed,C2AYAM09,Watershed C2AYAM09,Ganga Basin,Yamuna Middle,682.345624,0.625,2.168021578372341,3.0,1.875,0.0,NO ALERT,NO ALERT,20260911,12
watershed,C2AYAM10,Watershed C2AYAM10,Ganga Basin,Yamuna Middle,674.45727685,0.625,1.8128748264214765,2.9005997222743622,1.8128748264214765,0.0,NO ALERT,NO ALERT,20260911,12
watershed,C2AYAM11,Watershed C2AYAM11,Ganga Basin,Yamuna Middle,1084.60607644,0.75,2.375775482298032,3.0,2.25,0.0,NO ALERT,NO ALERT,20260911,12
watershed,C2AYAM12,Watershed C2AYAM12,Ganga Basin,Yamuna Middle,783.66092622,0.0,0.0,1.0,0.0,0.0,NO ALERT,NO ALERT,20260911,12
watershed,C2AYAM13,Watershed C2AYAM13,Ganga Basin,Yamuna Middle,726.4550806,0.0,0.0,1.0,0.0,0.0,NO ALERT,NO ALERT,20260911,12
watershed,C2AYAM14,Watershed C2AYAM14,Ganga Basin,Yamuna Middle,599.1023433,2.0625,1.5652620902616683,0.7589149528541422,1.5652620902616683,0.0,NO ALERT,NO ALERT,20260911,12
watershed,C2AYAM15,Watershed C2AYAM15,Ganga Basin,Yamuna Middle,671.39347557,0.75,2.8249903219611676,3.0,2.25,0.0,NO ALERT,NO ALERT,20260911,12
watershed,C2AYAM16,Watershed C2AYAM16,Ganga Basin,Yamuna Middle,499.27081558,0.0,0.0,1.0,0.0,0.0,NO ALERT,NO ALERT,20260911,12
watershed,C2AYAM17,Watershed C2AYAM17,Ganga Basin,Yamuna Middle,678.61240927,4.0625,2.257438604227484,0.5556771948867654,2.257438604227484,0.0,NO ALERT,NO ALERT,20260911,12
watershed,C2AYAM18,Watershed C2AYAM18,Ganga Basin,Yamuna Middle,1000.65964741,9.625,1.8240612198228705,0.3,2.8874999999999997,0.0,NO ALERT,NO ALERT,20260911,12
watershed,C2AYAM19,Watershed C2AYAM19,Ganga Basin,Yamuna Middle,1148.88971654,4.8125,2.428009359171129,0.5045214252823126,2.428009359171129,0.0,NO ALERT,NO ALERT,20260911,12
watershed,C2AYAM20,Watershed C2AYAM20,Ganga Basin,Yamuna Middle,1232.25017154,11.375,2.290362326494635,0.3,3.4125,0.0,NO ALERT,NO ALERT,20260911,12
watershed,C2AYAM21,Watershed C2AYAM21,Ganga Basin,Yamuna Middle,855.39586147,5.71875,2.3046900137952746,0.4030059040516327,2.3046900137952746,0.0,NO ALERT,NO ALERT,20260911,12
watershed,C2AYAM22,Watershed C2AYAM22,Ganga Basin,Yamuna Middle,716.67612546,10.8125,1.8321318786438197,0.3,3.24375,0.0,NO ALERT,NO ALERT,20260911,12
watershed,C2AYAM23,Watershed C2AYAM23,Ganga Basin,Yamuna Middle,846.17582377,4.1875,3.7850920586961587,0.9039025811811723,3.7850920586961587,0.0,NO ALERT,NO ALERT,20260911,12
watershed,C2AYAM24,Watershed C2AYAM24,Ganga Basin,Yamuna Middle,1153.14901575,7.625,2.6985520681902155,0.35390846795937253,2.6985520681902155,0.0,NO ALERT,NO ALERT,20260911,12
watershed,C2AYAM25,Watershed C2AYAM25,Ganga Basin,Yamuna Middle,744.96382838,5.8125,2.619409094485518,0.4506510270082612,2.619409094485518,0.0,NO ALERT,NO ALERT,20260911,12
watershed,C2AYAM26,Watershed C2AYAM26,Ganga Basin,Yamuna Middle,1115.77601039,6.020833333333334,2.39970312228758,0.39856660854603404,2.39970312228758,0.0,NO ALERT,NO ALERT,20260911,12
watershed,C2AYAM27,Watershed C2AYAM27,Ganga Basin,Yamuna Middle,759.90870804,2.0,4.572447774753178,2.286223887376589,4.572447774753178,0.0,NO ALERT,NO ALERT,20260911,12
watershed,C2AYAM28,Watershed C2AYAM28,Ganga Basin,Yamuna Middle,1045.38657777,9.75,3.7332358447758303,0.3828959840795723,3.7332358447758303,0.0,NO ALERT,NO ALERT,20260911,12
watershed,C2AYAM29,Watershed C2AYAM29,Ganga Basin,Yamuna Middle,890.01787594,5.53125,3.2226022223903708,0.582617350940632,3.222602222390371,0.0,NO ALERT,NO ALERT,20260911,12
watershed,C2AYAM30,Watershed C2AYAM30,Ganga Basin,Yamuna Middle,634.29386345,4.6875,2.218735493168439,0.47333023854260037,2.218735493168439,0.0,NO ALERT,NO ALERT,20260911,12
watershed,C2AYAM31,Watershed C2AYAM31,Ganga Basin,Yamuna Middle,655.33801638,8.3125,1.5622155726772464,0.3,2.49375,0.0,NO ALERT,NO ALERT,20260911,12
watershed,C2AYAM32,Watershed C2AYAM32,Ganga Basin,Yamuna Middle,620.4976699,0.5,1.5390304758124156,3.0,1.5,0.0,NO ALERT,NO ALERT,20260911,12
watershed,C2AYAM33,Watershed C2AYAM33,Ganga Basin,Yamuna Middle,655.64906917,0.0,0.0,1.0,0.0,0.0,NO ALERT,NO ALERT,20260911,12
watershed,C2AYAM34,Watershed C2AYAM34,Ganga Basin,Yamuna Middle,834.13357345,4.5625,1.2867388579943408,0.3,1.36875,0.0,NO ALERT,NO ALERT,20260911,12
watershed,C2AYAM35,Watershed C2AYAM35,Ganga Basin,Yamuna Middle,730.06848862,3.78125,1.486476894764051,0.39311785646652586,1.486476894764051,0.0,NO ALERT,NO ALERT,20260911,12
watershed,C2AYAM36,Watershed C2AYAM36,Ganga Basin,Yamuna Middle,1076.05391149,4.354166666666666,1.6274314777559884,0.37376416714013133,1.6274314777559882,0.0,NO ALERT,NO ALERT,20260911,12
watershed,C2AYAM37,Watershed C2AYAM37,Ganga Basin,Yamuna Middle,1146.75414968,0.0,0.0,1.0,0.0,0.0,NO ALERT,NO ALERT,20260911,12
watershed,C2AYAM38,Watershed C2AYAM38,Ganga Basin,Yamuna Middle,879.60671398,8.96875,2.726975898791666,0.30405306188617875,2.726975898791666,0.0,NO ALERT,NO ALERT,20260911,12
watershed,C2AYAM39,Watershed C2AYAM39,Ganga Basin,Yamuna Middle,868.11420391,8.625,2.7596940833411803,0.319964531401876,2.7596940833411803,0.0,NO ALERT,NO ALERT,20260911,12
watershed,C2AYAM40,Watershed C2AYAM40,Ganga Basin,Yamuna Middle,945.48266147,4.15625,2.115900685403445,0.5090888867136109,2.115900685403445,0.0,NO ALERT,NO ALERT,20260911,12
watershed,C2AYAM41,Watershed C2AYAM41,Ganga Basin,Yamuna Middle,889.449223,6.875,2.3725245614370256,0.3450944816635674,2.3725245614370256,0.0,NO ALERT,NO ALERT,20260911,12
watershed,C2AYAM42,Watershed C2AYAM42,Ganga Basin,Yamuna Middle,690.34824901,8.625,1.9088235735893249,0.3,2.5875,0.0,NO ALERT,NO ALERT,20260911,12
watershed,C2AYAM43,Watershed C2AYAM43,Ganga Basin,Yamuna Middle,701.43795128,4.15625,2.3031578944970486,0.5541432528113199,2.3031578944970486,0.0,NO ALERT,NO ALERT,20260911,12
watershed,C2AYAU01,Watershed C2AYAU01,Ganga Basin,Yamuna Upper,901.09733702,0.0,0.0,1.0,0.0,0.0,NO ALERT,NO ALERT,20260911,12
watershed,C2AYAU02,Watershed C2AYAU02,Ganga Basin,Yamuna Upper,573.71889661,3.6875,1.5986251430968716,0.43352546253474483,1.5986251430968716,0.0,NO ALERT,NO ALERT,20260911,12
watershed,C2AYAU03,Watershed C2AYAU03,Ganga Basin,Yamuna Upper,788.42618458,6.375,3.39223655358161,0.5321155378167232,3.3922365535816104,0.0,NO ALERT,NO ALERT,20260911,12
watershed,C2AYAU04,Watershed C2AYAU04,Ganga Basin,Yamuna Upper,614.64779363,0.0,0.0,1.0,0.0,0.0,NO ALERT,NO ALERT,20260911,12
watershed,C2AYAU05,Watershed C2AYAU05,Ganga Basin,Yamuna Upper,473.29165721,8.4375,4.638414157600436,0.5497379742341257,4.638414157600436,0.0,NO ALERT,NO ALERT,20260911,12
watershed,C2AYAU06,Watershed C2AYAU06,Ganga Basin,Yamuna Upper,835.00142779,7.375,3.6557021046746265,0.4956884209728307,3.6557021046746265,0.0,NO ALERT,NO ALERT,20260911,12
watershed,C2AYAU07,Watershed C2AYAU07,Ganga Basin,Yamuna Upper,820.34241705,6.375,4.3742457506999575,0.6861561961882287,4.3742457506999575,0.0,NO ALERT,NO ALERT,20260911,12
watershed,C2AYAU08,Watershed C2AYAU08,Ganga Basin,Yamuna Upper,1241.11001764,5.6875,4.316904116983283,0.7590161084805772,4.316904116983283,0.0,NO ALERT,NO ALERT,20260911,12
watershed,C2AYAU09,Watershed C2AYAU09,Ganga Basin,Yamuna Upper,1054.52118133,6.520833333333333,5.114911277354036,0.7843953396581269,5.114911277354036,0.0,NO ALERT,NO ALERT,20260911,12
watershed,C2AYAU10,Watershed C2AYAU10,Ganga Basin,Yamuna Upper,688.18989897,5.875,3.526416441349134,0.6002410963998526,3.526416441349134,0.0,NO ALERT,NO ALERT,20260911,12
watershed,C2AYAU11,Watershed C2AYAU11,Ganga Basin,Yamuna Upper,913.98859134,4.0625,4.795614479767949,1.1804589488659567,4.795614479767949,0.0,NO ALERT,NO ALERT,20260911,12
watershed,C2AYAU12,Watershed C2AYAU12,Ganga Basin,Yamuna Upper,937.65628193,4.96875,4.619244350656254,0.9296592403836487,4.619244350656254,0.0,NO ALERT,NO ALERT,20260911,12
watershed,C2AYAU13,Watershed C2AYAU13,Ganga Basin,Yamuna Upper,1139.06256055,3.5625,6.563786660247061,1.8424664309465435,6.563786660247061,0.0,NO ALERT,NO ALERT,20260911,12
watershed,C2AYAU14,Watershed C2AYAU14,Ganga Basin,Yamuna Upper,827.4788746,0.5,2.6509816646167677,3.0,1.5,0.0,NO ALERT,NO ALERT,20260911,12
watershed,C2AYAU15,Watershed C2AYAU15,Ganga Basin,Yamuna Upper,647.47392333,0.75,6.984757109292566,3.0,2.25,0.0,NO ALERT,NO ALERT,20260911,12
watershed,C2AYAU16,Watershed C2AYAU16,Ganga Basin,Yamuna Upper,861.15855658,0.0,2.9569011132058485,1.0,0.0,0.0,NO ALERT,NO ALERT,20260911,12
watershed,C2AYAU17,Watershed C2AYAU17,Ganga Basin,Yamuna Upper,830.0390063,0.0,2.5643491437786246,1.0,0.0,0.0,NO ALERT,NO ALERT,20260911,12
watershed,C2AYAU18,Watershed C2AYAU18,Ganga Basin,Yamuna Upper,830.66372616,0.0,0.9895229102405784,1.0,0.0,0.0,NO ALERT,NO ALERT,20260911,12
watershed,C2AYAU19,Watershed C2AYAU19,Ganga Basin,Yamuna Upper,717.29755838,0.0,1.1040972847644597,1.0,0.0,0.0,NO ALERT,NO ALERT,20260911,12
watershed,C2AYAU20,Watershed C2AYAU20,Ganga Basin,Yamuna Upper,527.94327383,0.0,2.0180696275952745,1.0,0.0,0.0,NO ALERT,NO ALERT,20260911,12
watershed,C2AYAU21,Watershed C2AYAU21,Ganga Basin,Yamuna Upper,684.14363284,0.0,2.4538962265297974,1.0,0.0,0.0,NO ALERT,NO ALERT,20260911,12
watershed,C2AYAU22,Watershed C2AYAU22,Ganga Basin,Yamuna Upper,607.60015565,0.8125,2.4542619522712004,3.0,2.4375,0.0,NO ALERT,NO ALERT,20260911,12
watershed,C2AYAU23,Watershed C2AYAU23,Ganga Basin,Yamuna Upper,595.71838379,5.3125,2.4200359487778518,0.455536178593478,2.4200359487778518,0.0,NO ALERT,NO ALERT,20260911,12
watershed,C2AYAU24,Watershed C2AYAU24,Ganga Basin,Yamuna Upper,677.41441225,0.0,0.0,1.0,0.0,0.0,NO ALERT,NO ALERT,20260911,12
watershed,C2AYAU25,Watershed C2AYAU25,Ganga Basin,Yamuna Upper,1023.10043951,0.125,2.3295507337540795,3.0,0.375,0.0,NO ALERT,NO ALERT,20260911,12
watershed,C2AYAU26,Watershed C2AYAU26,Ganga Basin,Yamuna Upper,1077.02312394,0.14583333333333331,2.1609043080036496,3.0,0.43749999999999994,0.0,NO ALERT,NO ALERT,20260911,12
watershed,C2AYAU27,Watershed C2AYAU27,Ganga Basin,Yamuna Upper,795.59936061,0.1875,2.6448236355124273,3.0,0.5625,0.0,NO ALERT,NO ALERT,20260911,12
watershed,C2AYAU28,Watershed C2AYAU28,Ganga Basin,Yamuna Upper,484.99366848,0.0,0.0,1.0,0.0,0.0,NO ALERT,NO ALERT,20260911,12
watershed,C2AYAU29,Watershed C2AYAU29,Ganga Basin,Yamuna Upper,643.70067318,0.0,2.422718656267205,1.0,0.0,0.0,NO ALERT,NO ALERT,20260911,12
watershed,C2AYAU30,Watershed C2AYAU30,Ganga Basin,Yamuna Upper,321.77084365,0.0,0.0,1.0,0.0,0.0,NO ALERT,NO ALERT,20260911,12
watershed,C2AYAU31,Watershed C2AYAU31,Ganga Basin,Yamuna Upper,1129.78637225,0.0625,2.2671805434643404,1.0,0.0625,0.0,NO ALERT,NO ALERT,20260911,12
watershed,C2AYAU32,Watershed C2AYAU32,Ganga Basin,Yamuna Upper,626.81128988,0.0,1.9214294780607093,1.0,0.0,0.0,NO ALERT,NO ALERT,20260911,12
watershed,C2AYAU33,Watershed C2AYAU33,Ganga Basin,Yamuna Upper,595.0244818,0.0,0.0,1.0,0.0,0.0,NO ALERT,NO ALERT,20260911,12
watershed,C2AYAU34,Watershed C2AYAU34,Ganga Basin,Yamuna Upper,746.96697978,0.0625,2.0409356462628874,1.0,0.0625,0.0,NO ALERT,NO ALERT,20260911,12
watershed,C2AYAU35,Watershed C2AYAU35,Ganga Basin,Yamuna Upper,511.70912069,0.0,2.128721993304279,1.0,0.0,0.0,NO ALERT,NO ALERT,20260911,12
watershed,C2AYAU36,Watershed C2AYAU36,Ganga Basin,Yamuna Upper,485.26316582,0.0,2.4854413765546393,1.0,0.0,0.0,NO ALERT,NO ALERT,20260911,12
watershed,C2AYAU37,Watershed C2AYAU37,Ganga Basin,Yamuna Upper,612.7628349,0.1875,2.7267905615168075,3.0,0.5625,0.0,NO ALERT,NO ALERT,20260911,12
watershed,C2AYAU38,Watershed C2AYAU38,Ganga Basin,Yamuna Upper,490.38030739,0.0,3.053182387699003,1.0,0.0,0.0,NO ALERT,NO ALERT,20260911,12
watershed,C2AYAU39,Watershed C2AYAU39,Ganga Basin,Yamuna Upper,1004.38049434,0.0,1.54145730277651,1.0,0.0,0.0,NO ALERT,NO ALERT,20260911,12
watershed,C2AYAU40,Watershed C2AYAU40,Ganga Basin,Yamuna Upper,597.33090943,0.0,0.0,1.0,0.0,0.0,NO ALERT,NO ALERT,20260911,12
watershed,C2AYAU41,Watershed C2AYAU41,Ganga Basin,Yamuna Upper,703.97710012,0.0,3.8022233755008816,1.0,0.0,0.0,NO ALERT,NO ALERT,20260911,12
watershed,C2AYAU42,Watershed C2AYAU42,Ganga Basin,Yamuna Upper,884.23921486,0.0,3.406085099565656,1.0,0.0,0.0,NO ALERT,NO ALERT,20260911,12
watershed,C2AYAU43,Watershed C2AYAU43,Ganga Basin,Yamuna Upper,1073.58230142,0.0,2.5013259576540015,1.0,0.0,0.0,NO ALERT,NO ALERT,20260911,12
watershed,C2AYAU44,Watershed C2AYAU44,Ganga Basin,Yamuna Upper,1110.28959242,0.0,0.0,1.0,0.0,0.0,NO ALERT,NO ALERT,20260911,12
watershed,C2AYAU45,Watershed C2AYAU45,Ganga Basin,Yamuna Upper,744.25597573,0.0,3.1417297513109363,1.0,0.0,0.0,NO ALERT,NO ALERT,20260911,12
watershed,C2AYAU46,Watershed C2AYAU46,Ganga Basin,Yamuna Upper,651.98925671,0.625,1.525098798485243,2.440158077576389,1.525098798485243,0.0,NO ALERT,NO ALERT,20260911,12
watershed,C2AYAU47,Watershed C2AYAU47,Ganga Basin,Yamuna Upper,695.26520225,0.1875,1.983105286425107,3.0,0.5625,0.0,NO ALERT,NO ALERT,20260911,12
watershed,D2BBRL01,Watershed D2BBRL01,Brahmaputra Basin,Brahmaputra Lower,581.46371723,0.0,0.0,1.0,0.0,0.0,NO ALERT,NO ALERT,20260911,12
watershed,D2BBRL02,Watershed D2BBRL02,Brahmaputra Basin,Brahmaputra Lower,1267.18574264,11.75,5.0558445253668856,0.43028464045675624,5.0558445253668856,0.0,NO ALERT,NO ALERT,20260911,12
watershed,D2BBRL03,Watershed D2BBRL03,Brahmaputra Basin,Brahmaputra Lower,429.00738029,10.0,7.0947775938943645,0.7094777593894365,7.0947775938943645,0.0,NO ALERT,NO ALERT,20260911,12
watershed,D2BBRL04,Watershed D2BBRL04,Brahmaputra Basin,Brahmaputra Lower,1372.590381,18.75,4.775640813496015,0.3,5.625,0.0,NO ALERT,NO ALERT,20260911,12
watershed,D2BBRL05,Watershed D2BBRL05,Brahmaputra Basin,Brahmaputra Lower,1039.09504595,17.1875,4.170193007527149,0.3,5.15625,0.0,NO ALERT,NO ALERT,20260911,12
watershed,D2BBRL06,Watershed D2BBRL06,Brahmaputra Basin,Brahmaputra Lower,1473.35314659,3.75,4.319345921094287,1.1518255789584766,4.319345921094287,0.0,NO ALERT,NO ALERT,20260911,12
watershed,D2BBRL07,Watershed D2BBRL07,Brahmaputra Basin,Brahmaputra Lower,1115.80648829,3.8125,3.8892093064850326,1.0201204738321397,3.8892093064850326,0.0,NO ALERT,NO ALERT,20260911,12
watershed,D2BBRL08,Watershed D2BBRL08,Brahmaputra Basin,Brahmaputra Lower,1469.07145721,4.104166666666667,4.5029182402034325,1.0971577438059124,4.5029182402034325,0.0,NO ALERT,NO ALERT,20260911,12
watershed,D2BBRL09,Watershed D2BBRL09,Brahmaputra Basin,Brahmaputra Lower,1253.30682172,2.229166666666667,4.028469519555297,1.8071638966229366,4.028469519555297,0.0,NO ALERT,NO ALERT,20260911,12
watershed,D2BBRL10,Watershed D2BBRL10,Brahmaputra Basin,Brahmaputra Lower,1078.71044617,1.375,3.7089262625023927,2.697400918183558,3.708926262502392,0.0,NO ALERT,NO ALERT,20260911,12
watershed,D2BBRL11,Watershed D2BBRL11,Brahmaputra Basin,Brahmaputra Lower,960.12183439,3.0625,3.4151801187289905,1.1151608550951806,3.4151801187289905,0.0,NO ALERT,NO ALERT,20260911,12
watershed,D2BBRL12,Watershed D2BBRL12,Brahmaputra Basin,Brahmaputra Lower,1327.18987273,3.8125,3.8033042129996706,0.9975879902949956,3.8033042129996706,0.0,NO ALERT,NO ALERT,20260911,12
watershed,D2BBRL13,Watershed D2BBRL13,Brahmaputra Basin,Brahmaputra Lower,924.86915651,3.25,3.56431380836931,1.0967119410367108,3.56431380836931,0.0,NO ALERT,NO ALERT,20260911,12
watershed,D2BBRL14,Watershed D2BBRL14,Brahmaputra Basin,Brahmaputra Lower,1328.28049737,13.5625,5.446592039614916,0.40159203978727487,5.446592039614916,0.0,NO ALERT,NO ALERT,20260911,12
watershed,D2BBRL15,Watershed D2BBRL15,Brahmaputra Basin,Brahmaputra Lower,1175.65350733,13.625,6.432662512586542,0.4721220192724067,6.432662512586542,0.0,NO ALERT,NO ALERT,20260911,12
watershed,D2BBRL16,Watershed D2BBRL16,Brahmaputra Basin,Brahmaputra Lower,724.14176474,29.5,5.748230043339403,0.3,8.85,0.0,NO ALERT,NO ALERT,20260911,12
watershed,D2BBRL17,Watershed D2BBRL17,Brahmaputra Basin,Brahmaputra Lower,1187.50797946,16.8125,4.537995664775371,0.3,5.04375,0.0,NO ALERT,NO ALERT,20260911,12
watershed,D2BBRL18,Watershed D2BBRL18,Brahmaputra Basin,Brahmaputra Lower,1321.89477905,9.09375,4.177749480501022,0.45940887758086835,4.177749480501022,0.0,NO ALERT,NO ALERT,20260911,12
watershed,D2BBRL19,Watershed D2BBRL19,Brahmaputra Basin,Brahmaputra Lower,1238.94352994,15.145833333333332,4.93700674289846,0.3259646817869685,4.93700674289846,0.0,NO ALERT,NO ALERT,20260911,12
watershed,D2BBRL20,Watershed D2BBRL20,Brahmaputra Basin,Brahmaputra Lower,777.39040581,18.1875,4.340999441726567,0.3,5.45625,0.0,NO ALERT,NO ALERT,20260911,12
watershed,D2BBRL21,Watershed D2BBRL21,Brahmaputra Basin,Brahmaputra Lower,1328.0364282,18.09375,3.576566476527959,0.3,5.428125,0.0,NO ALERT,NO ALERT,20260911,12
watershed,D2BBRL22,Watershed D2BBRL22,Brahmaputra Basin,Brahmaputra Lower,1190.69045101,13.78125,4.528393272300288,0.3285908950421978,4.528393272300288,0.0,NO ALERT,NO ALERT,20260911,12
watershed,D2BBRL23,Watershed D2BBRL23,Brahmaputra Basin,Brahmaputra Lower,551.92992856,21.3125,5.796308611966159,0.3,6.39375,0.0,NO ALERT,NO ALERT,20260911,12
watershed,D2BBRL24,Watershed D2BBRL24,Brahmaputra Basin,Brahmaputra Lower,960.92486385,10.1875,4.367404717676443,0.4287023035756018,4.367404717676443,0.0,NO ALERT,NO ALERT,20260911,12
watershed,D2BBRL25,Watershed D2BBRL25,Brahmaputra Basin,Brahmaputra Lower,834.44964913,10.625,3.328029564063843,0.3132263119118911,3.328029564063843,0.0,NO ALERT,NO ALERT,20260911,12
watershed,D2BBRL26,Watershed D2BBRL26,Brahmaputra Basin,Brahmaputra Lower,1392.43532769,10.4375,3.8145231857555646,0.36546329923406606,3.8145231857555646,0.0,NO ALERT,NO ALERT,20260911,12
watershed,D2BBRL27,Watershed D2BBRL27,Brahmaputra Basin,Brahmaputra Lower,1127.72919742,39.625,5.408752902893171,0.3,11.8875,0.0,MODERATE,NO ALERT,20260911,12
watershed,D2BBRL28,Watershed D2BBRL28,Brahmaputra Basin,Brahmaputra Lower,748.26207595,10.46875,3.0866998141146684,0.3,3.140625,0.0,NO ALERT,NO ALERT,20260911,12
watershed,D2BBRL29,Watershed D2BBRL29,Brahmaputra Basin,Brahmaputra Lower,1272.89238668,8.78125,3.449140335200992,0.39278466450687455,3.449140335200992,0.0,NO ALERT,NO ALERT,20260911,12
watershed,D2BBRL30,Watershed D2BBRL30,Brahmaputra Basin,Brahmaputra Lower,869.13014966,12.75,2.655042965220262,0.3,3.8249999999999997,0.0,NO ALERT,NO ALERT,20260911,12
watershed,D2BBRL31,Watershed D2BBRL31,Brahmaputra Basin,Brahmaputra Lower,1189.36010134,9.625,2.50904134442545,0.3,2.8874999999999997,0.0,NO ALERT,NO ALERT,20260911,12
watershed,D2BBRL32,Watershed D2BBRL32,Brahmaputra Basin,Brahmaputra Lower,587.25589148,17.3125,3.4343538499245905,0.3,5.19375,0.0,NO ALERT,NO ALERT,20260911,12
watershed,D2BBRL33,Watershed D2BBRL33,Brahmaputra Basin,Brahmaputra Lower,1201.53841296,22.71875,3.137335869333107,0.3,6.815625,0.0,NO ALERT,NO ALERT,20260911,12
watershed,D2BBRL34,Watershed D2BBRL34,Brahmaputra Basin,Brahmaputra Lower,1172.69273288,22.5,3.319552307096246,0.3,6.75,0.0,NO ALERT,NO ALERT,20260911,12
watershed,D2BBRL35,Watershed D2BBRL35,Brahmaputra Basin,Brahmaputra Lower,875.02311765,8.9375,3.049616402530507,0.3412158212621546,3.0496164025305066,0.0,NO ALERT,NO ALERT,20260911,12
watershed,D2BBRL36,Watershed D2BBRL36,Brahmaputra Basin,Brahmaputra Lower,1275.20280001,22.875,2.908450462373152,0.3,6.8625,0.0,NO ALERT,NO ALERT,20260911,12
watershed,D2BBRL37,Watershed D2BBRL37,Brahmaputra Basin,Brahmaputra Lower,1262.02966977,23.78125,4.112541183706832,0.3,7.1343749999999995,0.0,NO ALERT,NO ALERT,20260911,12
watershed,D2BBRL38,Watershed D2BBRL38,Brahmaputra Basin,Brahmaputra Lower,1263.67533483,15.020833333333332,4.34889346809556,0.3,4.50625,0.0,NO ALERT,NO ALERT,20260911,12
watershed,D2BBRL39,Watershed D2BBRL39,Brahmaputra Basin,Brahmaputra Lower,965.34878237,14.1875,5.488116372366474,0.38682758571746073,5.488116372366474,0.0,NO ALERT,NO ALERT,20260911,12
watershed,D2BBRL40,Watershed D2BBRL40,Brahmaputra Basin,Brahmaputra Lower,1278.73990708,17.0625,3.105060484311352,0.3,5.1187499999999995,0.0,NO ALERT,NO ALERT,20260911,12
watershed,D2BBRL41,Watershed D2BBRL41,Brahmaputra Basin,Brahmaputra Lower,1277.89119284,11.0625,4.243618335217645,0.38360391730780974,4.243618335217645,0.0,NO ALERT,NO ALERT,20260911,12
watershed,D2BBRL42,Watershed D2BBRL42,Brahmaputra Basin,Brahmaputra Lower,698.42144254,8.0,3.9716235783920713,0.4964529472990089,3.9716235783920713,0.0,NO ALERT,NO ALERT,20260911,12
watershed,D2BBRL43,Watershed D2BBRL43,Brahmaputra Basin,Brahmaputra Lower,548.83420125,0.0,0.0,1.0,0.0,0.0,NO ALERT,NO ALERT,20260911,12
watershed,D2BBRL44,Watershed D2BBRL44,Brahmaputra Basin,Brahmaputra Lower,1032.09546207,21.40625,7.247016822893734,0.3385467712884664,7.247016822893734,0.0,NO ALERT,NO ALERT,20260911,12
watershed,D2BBRL45,Watershed D2BBRL45,Brahmaputra Basin,Brahmaputra Lower,642.16635418,12.75,3.7894160340501837,0.3,3.8249999999999997,0.0,NO ALERT,NO ALERT,20260911,12
watershed,D2BBRL46,Watershed D2BBRL46,Brahmaputra Basin,Brahmaputra Lower,1394.12695966,17.270833333333332,3.6119374110750413,0.3,5.1812499999999995,0.0,NO ALERT,NO ALERT,20260911,12
watershed,D2BBRL47,Watershed D2BBRL47,Brahmaputra Basin,Brahmaputra Lower,1122.4257988,16.90625,3.623231009200011,0.3,5.0718749999999995,0.0,NO ALERT,NO ALERT,20260911,12
watershed,D2BBRL48,Watershed D2BBRL48,Brahmaputra Basin,Brahmaputra Lower,1054.262208,12.5,4.065071097251079,0.3252056877800863,4.065071097251079,0.0,NO ALERT,NO ALERT,20260911,12
watershed,D2BBRL49,Watershed D2BBRL49,Brahmaputra Basin,Brahmaputra Lower,1182.94446209,0.0,0.0,1.0,0.0,0.0,NO ALERT,NO ALERT,20260911,12
watershed,D2BBRL50,Watershed D2BBRL50,Brahmaputra Basin,Brahmaputra Lower,946.76734446,20.84375,4.309038239635834,0.3,6.253125,0.0,NO ALERT,NO ALERT,20260911,12
watershed,D2BBRL51,Watershed D2BBRL51,Brahmaputra Basin,Brahmaputra Lower,1440.21477707,20.09375,5.713718220142469,0.3,6.028125,0.0,NO ALERT,NO ALERT,20260911,12
watershed,D2BBRL52,Watershed D2BBRL52,Brahmaputra Basin,Brahmaputra Lower,760.92551938,17.15625,5.560229247502268,0.324093508051134,5.560229247502268,0.0,NO ALERT,NO ALERT,20260911,12
watershed,D2BBRL53,Watershed D2BBRL53,Brahmaputra Basin,Brahmaputra Lower,1450.44405147,14.5625,6.262435308547869,0.4300384761234588,6.262435308547869,0.0,NO ALERT,NO ALERT,20260911,12
watershed,D2BBRL54,Watershed D2BBRL54,Brahmaputra Basin,Brahmaputra Lower,1334.94150211,34.104166666666664,4.731134675620081,0.3,10.23125,0.0,MODERATE,NO ALERT,20260911,12
watershed,D2BBRL55,Watershed D2BBRL55,Brahmaputra Basin,Brahmaputra Lower,1036.22534136,31.0,5.662308420914493,0.3,9.299999999999999,0.0,NO ALERT,NO ALERT,20260911,12
watershed,D2BBRL56,Watershed D2BBRL56,Brahmaputra Basin,Brahmaputra Lower,1490.00504042,23.6875,5.381799222331613,0.3,7.10625,0.0,NO ALERT,NO ALERT,20260911,12
watershed,D2BBRL57,Watershed D2BBRL57,Brahmaputra Basin,Brahmaputra Lower,1160.32007927,23.4375,5.346924611232052,0.3,7.03125,0.0,NO ALERT,NO ALERT,20260911,12
watershed,D2BBRL58,Watershed D2BBRL58,Brahmaputra Basin,Brahmaputra Lower,1049.1574631,19.354166666666664,5.552154370182997,0.3,5.8062499999999995,0.0,NO ALERT,NO ALERT,20260911,12
watershed,D2BBRL59,Watershed D2BBRL59,Brahmaputra Basin,Brahmaputra Lower,1057.5384039,17.0,7.526071510576222,0.44271008885742485,7.526071510576222,0.0,NO ALERT,NO ALERT,20260911,12
watershed,D2BBRL60,Watershed D2BBRL60,Brahmaputra Basin,Brahmaputra Lower,1078.80907294,14.1875,7.097789579180822,0.5002847280479875,7.097789579180823,0.0,NO ALERT,NO ALERT,20260911,12
watershed,D2BBRL61,Watershed D2BBRL61,Brahmaputra Basin,Brahmaputra Lower,1253.7255764,11.75,6.020555552663325,0.5123877066096446,6.020555552663324,0.0,NO ALERT,NO ALERT,20260911,12
watershed,D2BBRL62,Watershed D2BBRL62,Brahmaputra Basin,Brahmaputra Lower,680.53665689,0.4375,6.2003278039906125,3.0,1.3125,0.0,NO ALERT,NO ALERT,20260911,12
watershed,D2BBRL63,Watershed D2BBRL63,Brahmaputra Basin,Brahmaputra Lower,957.25180804,1.8541666666666665,6.2235297516124435,3.0,5.5625,0.0,NO ALERT,NO ALERT,20260911,12
watershed,D2BBRL64,Watershed D2BBRL64,Brahmaputra Basin,Brahmaputra Lower,788.85408895,0.0,0.0,1.0,0.0,0.0,NO ALERT,NO ALERT,20260911,12
watershed,D2BBRL65,Watershed D2BBRL65,Brahmaputra Basin,Brahmaputra Lower,1326.8567629,3.03125,5.971401677362314,1.969946945109217,5.971401677362314,0.0,NO ALERT,NO ALERT,20260911,12
watershed,D2BBRL66,Watershed D2BBRL66,Brahmaputra Basin,Brahmaputra Lower,620.31589443,5.0625,5.4458527173693865,1.0757239935544467,5.4458527173693865,0.0,NO ALERT,NO ALERT,20260911,12
watershed,D2BBRL67,Watershed D2BBRL67,Brahmaputra Basin,Brahmaputra Lower,1150.82561116,9.71875,9.69128929034692,0.9971744607430914,9.69128929034692,0.0,NO ALERT,NO ALERT,20260911,12
watershed,D2BBRL68,Watershed D2BBRL68,Brahmaputra Basin,Brahmaputra Lower,1341.43109162,6.84375,7.98988926394345,1.167472403863883,7.98988926394345,0.0,NO ALERT,NO ALERT,20260911,12
watershed,D2BBRL69,Watershed D2BBRL69,Brahmaputra Basin,Brahmaputra Lower,703.20918458,0.0,0.0,1.0,0.0,0.0,NO ALERT,NO ALERT,20260911,12
watershed,D2BBRL70,Watershed D2BBRL70,Brahmaputra Basin,Brahmaputra Lower,731.6166235,19.78125,9.32692690958103,0.471503414070447,9.32692690958103,0.0,NO ALERT,NO ALERT,20260911,12
watershed,D2BBRL71,Watershed D2BBRL71,Brahmaputra Basin,Brahmaputra Lower,1152.01349735,13.71875,9.221046515064288,0.6721491764967135,9.221046515064288,0.0,NO ALERT,NO ALERT,20260911,12
watershed,D2BBRL72,Watershed D2BBRL72,Brahmaputra Basin,Brahmaputra Lower,1100.96696978,15.46875,9.526147412804708,0.6158317519388902,9.526147412804708,0.0,NO ALERT,NO ALERT,20260911,12
watershed,D2BBRL73,Watershed D2BBRL73,Brahmaputra Basin,Brahmaputra Lower,1484.67360893,22.1875,9.034763479579802,0.40720060753035725,9.034763479579802,0.0,NO ALERT,NO ALERT,20260911,12
watershed,D2BBRL74,Watershed D2BBRL74,Brahmaputra Basin,Brahmaputra Lower,537.12590029,15.1875,10.185868651777097,0.6706744791293562,10.185868651777097,0.0,MODERATE,NO ALERT,20260911,12
watershed,D2BBRL75,Watershed D2BBRL75,Brahmaputra Basin,Brahmaputra Lower,942.50490544,13.0625,9.013536108969008,0.6900314724569576,9.013536108969008,0.0,NO ALERT,NO ALERT,20260911,12
watershed,D2BBRL76,Watershed D2BBRL76,Brahmaputra Basin,Brahmaputra Lower,749.4534182,10.0625,8.635979375549375,0.8582339752098758,8.635979375549375,0.0,NO ALERT,NO ALERT,20260911,12
watershed,D2BBRL77,Watershed D2BBRL77,Brahmaputra Basin,Brahmaputra Lower,920.33489499,15.53125,10.253513455544024,0.6601859770169191,10.253513455544024,0.0,MODERATE,NO ALERT,20260911,12
watershed,D2BBRL78,Watershed D2BBRL78,Brahmaputra Basin,Brahmaputra Lower,1042.79436027,0.0,0.0,1.0,0.0,0.0,NO ALERT,NO ALERT,20260911,12
watershed,D2BBRL79,Watershed D2BBRL79,Brahmaputra Basin,Brahmaputra Lower,1272.32072907,11.65625,7.513441090387841,0.6445847584246941,7.513441090387841,0.0,NO ALERT,NO ALERT,20260911,12
watershed,D2BBRL80,Watershed D2BBRL80,Brahmaputra Basin,Brahmaputra Lower,893.80329836,18.5,8.389644391038646,0.45349429140749437,8.389644391038646,0.0,NO ALERT,NO ALERT,20260911,12
watershed,D2BBRL81,Watershed D2BBRL81,Brahmaputra Basin,Brahmaputra Lower,992.10404382,0.0,0.0,1.0,0.0,0.0,NO ALERT,NO ALERT,20260911,12
watershed,D2BBRL82,Watershed D2BBRL82,Brahmaputra Basin,Brahmaputra Lower,942.10946684,4.6875,9.490289670137102,2.0245951296292484,9.490289670137102,0.0,NO ALERT,NO ALERT,20260911,12
watershed,D2BBRL83,Watershed D2BBRL83,Brahmaputra Basin,Brahmaputra Lower,655.94727764,8.375,8.464061380943207,1.0106341947394875,8.464061380943207,0.0,NO ALERT,NO ALERT,20260911,12
watershed,D2BBRU01,Watershed D2BBRU01,Brahmaputra Basin,Brahmaputra Upper,662.47079846,2.9375,6.7005707975323885,2.281045377883366,6.700570797532388,0.0,NO ALERT,NO ALERT,20260911,12
watershed,D2BBRU02,Watershed D2BBRU02,Brahmaputra Basin,Brahmaputra Upper,1190.39927934,2.65625,5.766709348059273,2.170996460445844,5.766709348059273,0.0,NO ALERT,NO ALERT,20260911,12
watershed,D2BBRU03,Watershed D2BBRU03,Brahmaputra Basin,Brahmaputra Upper,912.63701489,2.875,5.007574906883991,1.7417651850031273,5.007574906883991,0.0,NO ALERT,NO ALERT,20260911,12
watershed,D2BBRU04,Watershed D2BBRU04,Brahmaputra Basin,Brahmaputra Upper,969.707751,5.0,6.591190963371159,1.3182381926742317,6.591190963371158,0.0,NO ALERT,NO ALERT,20260911,12
watershed,D2BBRU05,Watershed D2BBRU05,Brahmaputra Basin,Brahmaputra Upper,543.42797517,5.875,5.501860005704508,0.9364868094816183,5.501860005704508,0.0,NO ALERT,NO ALERT,20260911,12
watershed,D2BBRU06,Watershed D2BBRU06,Brahmaputra Basin,Brahmaputra Upper,1247.12277509,1.84375,1.6136223208414364,0.8751849875750164,1.6136223208414364,0.0,NO ALERT,NO ALERT,20260911,12
watershed,D2BBRU07,Watershed D2BBRU07,Brahmaputra Basin,Brahmaputra Upper,1061.3937588,3.625,4.748545123555072,1.3099434823600198,4.748545123555072,0.0,NO ALERT,NO ALERT,20260911,12
watershed,D2BBRU08,Watershed D2BBRU08,Brahmaputra Basin,Brahmaputra Upper,1369.21552327,0.0,0.0,1.0,0.0,0.0,NO ALERT,NO ALERT,20260911,12
watershed,D2BBRU09,Watershed D2BBRU09,Brahmaputra Basin,Brahmaputra Upper,672.11005415,6.3125,5.219269719781124,0.8268150051138414,5.219269719781124,0.0,NO ALERT,NO ALERT,20260911,12
watershed,D2BBRU10,Watershed D2BBRU10,Brahmaputra Basin,Brahmaputra Upper,1432.67243172,6.515625,3.8373157554446427,0.5889405475982186,3.8373157554446427,0.0,NO ALERT,NO ALERT,20260911,12
watershed,D2BBRU11,Watershed D2BBRU11,Brahmaputra Basin,Brahmaputra Upper,1250.53930419,10.875,4.306271197657063,0.3959789607040977,4.306271197657063,0.0,NO ALERT,NO ALERT,20260911,12
watershed,D2BBRU12,Watershed D2BBRU12,Brahmaputra Basin,Brahmaputra Upper,1273.55464334,7.625,6.8164690156607595,0.8939631495948537,6.8164690156607595,0.0,NO ALERT,NO ALERT,20260911,12
watershed,D2BBRU13,Watershed D2BBRU13,Brahmaputra Basin,Brahmaputra Upper,1207.33742343,3.625,7.830245126232709,2.1600676210297127,7.830245126232708,0.0,NO ALERT,NO ALERT,20260911,12
watershed,D2BBRU14,Watershed D2BBRU14,Brahmaputra Basin,Brahmaputra Upper,1298.88350127,4.9375,8.001512147384148,1.6205594222550173,8.001512147384148,0.0,NO ALERT,NO ALERT,20260911,12
watershed,D2BBRU15,Watershed D2BBRU15,Brahmaputra Basin,Brahmaputra Upper,1014.54178523,10.25,6.52448169875839,0.6365347998788673,6.52448169875839,0.0,NO ALERT,NO ALERT,20260911,12
watershed,D2BBRU16,Watershed D2BBRU16,Brahmaputra Basin,Brahmaputra Upper,1257.52024468,13.916666666666666,6.0096598765009075,0.4318318474132389,6.0096598765009075,0.0,NO ALERT,NO ALERT,20260911,12
watershed,D2BBRU17,Watershed D2BBRU17,Brahmaputra Basin,Brahmaputra Upper,907.29468769,2.5625,8.442217989531281,3.0,7.6875,0.0,NO ALERT,NO ALERT,20260911,12
watershed,D2BBRU18,Watershed D2BBRU18,Brahmaputra Basin,Brahmaputra Upper,672.03602747,5.5,8.154422386725471,1.482622252131904,8.154422386725471,0.0,NO ALERT,NO ALERT,20260911,12
watershed,D2BBRU19,Watershed D2BBRU19,Brahmaputra Basin,Brahmaputra Upper,1037.98750001,5.28125,7.065496574250394,1.3378455051835065,7.0654965742503935,0.0,NO ALERT,NO ALERT,20260911,12
watershed,D2BBRU20,Watershed D2BBRU20,Brahmaputra Basin,Brahmaputra Upper,1165.16116689,8.53125,6.633669299775199,0.777572958215408,6.633669299775199,0.0,NO ALERT,NO ALERT,20260911,12
watershed,D2BBRU21,Watershed D2BBRU21,Brahmaputra Basin,Brahmaputra Upper,1027.93236243,12.9375,5.043048720367968,0.3898008672748188,5.043048720367968,0.0,NO ALERT,NO ALERT,20260911,12
watershed,D2BBRU22,Watershed D2BBRU22,Brahmaputra Basin,Brahmaputra Upper,935.8505263,14.5,4.488635521331062,0.309561070436625,4.488635521331062,0.0,NO ALERT,NO ALERT,20260911,12
watershed,D2BBRU23,Watershed D2BBRU23,Brahmaputra Basin,Brahmaputra Upper,1218.06718703,10.09375,7.135991265981981,0.7069712709331993,7.135991265981981,0.0,NO ALERT,NO ALERT,20260911,12
watershed,D2BBRU24,Watershed D2BBRU24,Brahmaputra Basin,Brahmaputra Upper,1040.60798416,0.0,0.0,1.0,0.0,0.0,NO ALERT,NO ALERT,20260911,12
watershed,D2BBRU25,Watershed D2BBRU25,Brahmaputra Basin,Brahmaputra Upper,671.51706582,10.1875,6.75626880813339,0.6631920302462223,6.75626880813339,0.0,NO ALERT,NO ALERT,20260911,12
watershed,D2BBRU26,Watershed D2BBRU26,Brahmaputra Basin,Brahmaputra Upper,1263.12083418,13.875,6.110583892464637,0.44040244270015405,6.110583892464637,0.0,NO ALERT,NO ALERT,20260911,12
watershed,D2BBRU27,Watershed D2BBRU27,Brahmaputra Basin,Brahmaputra Upper,1193.11679726,1.5,2.8918313571851546,1.9278875714567698,2.8918313571851546,0.0,NO ALERT,NO ALERT,20260911,12
watershed,D2BBRU28,Watershed D2BBRU28,Brahmaputra Basin,Brahmaputra Upper,864.13497495,7.0,3.1499988217978445,0.44999983168540636,3.1499988217978445,0.0,NO ALERT,NO ALERT,20260911,12
watershed,D2BBRU29,Watershed D2BBRU29,Brahmaputra Basin,Brahmaputra Upper,670.61449687,4.9375,3.1292037115521625,0.6337627770232228,3.1292037115521625,0.0,NO ALERT,NO ALERT,20260911,12
watershed,D2BBRU30,Watershed D2BBRU30,Brahmaputra Basin,Brahmaputra Upper,988.0987845,6.625,3.1427593963399323,0.4743787768060275,3.1427593963399323,0.0,NO ALERT,NO ALERT,20260911,12
watershed,D2BBRU31,Watershed D2BBRU31,Brahmaputra Basin,Brahmaputra Upper,950.83334253,8.1875,3.0346948572013477,0.37064975355130964,3.0346948572013477,0.0,NO ALERT,NO ALERT,20260911,12
watershed,D2BBRU32,Watershed D2BBRU32,Brahmaputra Basin,Brahmaputra Upper,817.70858718,4.8125,3.0313151214016627,0.6298836615899559,3.0313151214016627,0.0,NO ALERT,NO ALERT,20260911,12
watershed,D2BBRU33,Watershed D2BBRU33,Brahmaputra Basin,Brahmaputra Upper,1304.58774481,12.875,2.691534570206518,0.3,3.8625,0.0,NO ALERT,NO ALERT,20260911,12
watershed,D2BBRU34,Watershed D2BBRU34,Brahmaputra Basin,Brahmaputra Upper,684.75299559,14.5625,3.636027693523936,0.3,4.3687499999999995,0.0,NO ALERT,NO ALERT,20260911,12
watershed,D2BBRU35,Watershed D2BBRU35,Brahmaputra Basin,Brahmaputra Upper,886.31096706,14.5,4.533780710909465,0.31267453178685967,4.533780710909465,0.0,NO ALERT,NO ALERT,20260911,12
watershed,D2BBRU36,Watershed D2BBRU36,Brahmaputra Basin,Brahmaputra Upper,1165.31272473,12.625,3.778573742243525,0.3,3.7874999999999996,0.0,NO ALERT,NO ALERT,20260911,12
watershed,D2BBRU37,Watershed D2BBRU37,Brahmaputra Basin,Brahmaputra Upper,1228.40002351,8.5625,3.5939488921671696,0.41973125747937745,3.5939488921671696,0.0,NO ALERT,NO ALERT,20260911,12
watershed,D2BBRU38,Watershed D2BBRU38,Brahmaputra Basin,Brahmaputra Upper,1235.72450841,8.5,4.129710007686866,0.4858482361984548,4.129710007686866,0.0,NO ALERT,NO ALERT,20260911,12
watershed,D2BBRU39,Watershed D2BBRU39,Brahmaputra Basin,Brahmaputra Upper,758.07086757,0.0,0.0,1.0,0.0,0.0,NO ALERT,NO ALERT,20260911,12
watershed,D2BBRU40,Watershed D2BBRU40,Brahmaputra Basin,Brahmaputra Upper,1108.20113371,15.895833333333334,3.9666121101474654,0.3,4.76875,0.0,NO ALERT,NO ALERT,20260911,12
watershed,D2BBRU41,Watershed D2BBRU41,Brahmaputra Basin,Brahmaputra Upper,1100.34083983,14.40625,4.477872507151675,0.31082846036627676,4.477872507151675,0.0,NO ALERT,NO ALERT,20260911,12
watershed,D2BBRU42,Watershed D2BBRU42,Brahmaputra Basin,Brahmaputra Upper,1293.09035505,10.71875,5.666951208041139,0.5286951564353249,5.666951208041139,0.0,NO ALERT,NO ALERT,20260911,12
watershed,D2BBRU43,Watershed D2BBRU43,Brahmaputra Basin,Brahmaputra Upper,1241.66420506,8.1875,4.996891942957085,0.6103074128802546,4.996891942957085,0.0,NO ALERT,NO ALERT,20260911,12
watershed,D2BBRU44,Watershed D2BBRU44,Brahmaputra Basin,Brahmaputra Upper,1215.78935117,10.0625,6.5948166636367365,0.6553855069452658,6.5948166636367365,0.0,NO ALERT,NO ALERT,20260911,12
watershed,D2BBRU45,Watershed D2BBRU45,Brahmaputra Basin,Brahmaputra Upper,967.14168943,9.5,5.7640092728276775,0.6067378181923871,5.7640092728276775,0.0,NO ALERT,NO ALERT,20260911,12
watershed,D2BBRU46,Watershed D2BBRU46,Brahmaputra Basin,Brahmaputra Upper,1442.48297068,8.6875,5.809312480524794,0.6686978394848684,5.809312480524794,0.0,NO ALERT,NO ALERT,20260911,12
watershed,D2BBRU47,Watershed D2BBRU47,Brahmaputra Basin,Brahmaputra Upper,1053.28113144,10.1875,5.851022687533947,0.5743335153407555,5.851022687533947,0.0,NO ALERT,NO ALERT,20260911,12
watershed,D2BBRU48,Watershed D2BBRU48,Brahmaputra Basin,Brahmaputra Upper,805.44067939,7.21875,5.741613982638268,0.7953750971620112,5.741613982638268,0.0,NO ALERT,NO ALERT,20260911,12
watershed,D2BBRU49,Watershed D2BBRU49,Brahmaputra Basin,Brahmaputra Upper,488.58168874,0.0,0.0,1.0,0.0,0.0,NO ALERT,NO ALERT,20260911,12
watershed,D2BBRU50,Watershed D2BBRU50,Brahmaputra Basin,Brahmaputra Upper,1102.45465789,7.125,5.750146718479726,0.8070381359269791,5.750146718479726,0.0,NO ALERT,NO ALERT,20260911,12
watershed,D2BBRU51,Watershed D2BBRU51,Brahmaputra Basin,Brahmaputra Upper,739.78363791,0.0,0.0,1.0,0.0,0.0,NO ALERT,NO ALERT,20260911,12
watershed,D2BBRU52,Watershed D2BBRU52,Brahmaputra Basin,Brahmaputra Upper,1093.01251524,8.333333333333334,5.435402990006693,0.6522483588008031,5.435402990006693,0.0,NO ALERT,NO ALERT,20260911,12
watershed,D2BBRU53,Watershed D2BBRU53,Brahmaputra Basin,Brahmaputra Upper,1256.31764683,7.125,5.616346392749923,0.7882591428420945,5.616346392749923,0.0,NO ALERT,NO ALERT,20260911,12
watershed,D2BBRU54,Watershed D2BBRU54,Brahmaputra Basin,Brahmaputra Upper,628.58806552,9.0625,5.694152768405333,0.6283203054792091,5.694152768405333,0.0,NO ALERT,NO ALERT,20260911,12
watershed,D2BBRU55,Watershed D2BBRU55,Brahmaputra Basin,Brahmaputra Upper,694.07400971,8.9375,5.714072580778436,0.6393367922549299,5.714072580778436,0.0,NO ALERT,NO ALERT,20260911,12
watershed,D2BBRU56,Watershed D2BBRU56,Brahmaputra Basin,Brahmaputra Upper,1053.90882913,7.625,5.527716504466044,0.7249464268152189,5.527716504466044,0.0,NO ALERT,NO ALERT,20260911,12
watershed,D2BBRU57,Watershed D2BBRU57,Brahmaputra Basin,Brahmaputra Upper,770.48197748,9.0,5.404436525375876,0.6004929472639862,5.404436525375876,0.0,NO ALERT,NO ALERT,20260911,12
watershed,D2BBRU58,Watershed D2BBRU58,Brahmaputra Basin,Brahmaputra Upper,1040.4589046,9.25,5.677200168799864,0.6137513695999853,5.677200168799864,0.0,NO ALERT,NO ALERT,20260911,12
watershed,D2BBRU59,Watershed D2BBRU59,Brahmaputra Basin,Brahmaputra Upper,993.11601288,7.25,5.282489544806415,0.7286192475595056,5.282489544806415,0.0,NO ALERT,NO ALERT,20260911,12
watershed,D2BBRU60,Watershed D2BBRU60,Brahmaputra Basin,Brahmaputra Upper,742.61737383,9.0625,5.338584246455807,0.5890851582296063,5.338584246455807,0.0,NO ALERT,NO ALERT,20260911,12
watershed,D2BBRU61,Watershed D2BBRU61,Brahmaputra Basin,Brahmaputra Upper,1473.03259848,11.5625,4.964767739135925,0.4293853179793232,4.964767739135925,0.0,NO ALERT,NO ALERT,20260911,12
watershed,D2BBRU62,Watershed D2BBRU62,Brahmaputra Basin,Brahmaputra Upper,836.24935457,13.0,4.22250829696247,0.3248083305355746,4.22250829696247,0.0,NO ALERT,NO ALERT,20260911,12
watershed,D2BBRU63,Watershed D2BBRU63,Brahmaputra Basin,Brahmaputra Upper,914.26729674,4.0,3.8314500459661223,0.9578625114915306,3.8314500459661223,0.0,NO ALERT,NO ALERT,20260911,12
watershed,D2BBRU64,Watershed D2BBRU64,Brahmaputra Basin,Brahmaputra Upper,863.16336138,0.0,0.0,1.0,0.0,0.0,NO ALERT,NO ALERT,20260911,12
watershed,D2BBRU65,Watershed D2BBRU65,Brahmaputra Basin,Brahmaputra Upper,1155.6709168,5.03125,5.483119433536514,1.0898125582184375,5.483119433536514,0.0,NO ALERT,NO ALERT,20260911,12
watershed,D2BBRU66,Watershed D2BBRU66,Brahmaputra Basin,Brahmaputra Upper,1303.3859807,9.9375,3.956224991738388,0.3981106909925422,3.956224991738388,0.0,NO ALERT,NO ALERT,20260911,12
watershed,D2BBRU67,Watershed D2BBRU67,Brahmaputra Basin,Brahmaputra Upper,686.88189832,14.03125,4.0027830409677065,0.3,4.209375,0.0,NO ALERT,NO ALERT,20260911,12
watershed,D2BBRU68,Watershed D2BBRU68,Brahmaputra Basin,Brahmaputra Upper,724.18259331,9.59375,5.587047267970565,0.5823632331435117,5.587047267970565,0.0,NO ALERT,NO ALERT,20260911,12
watershed,D2BBRU69,Watershed D2BBRU69,Brahmaputra Basin,Brahmaputra Upper,1410.29225426,4.6875,3.824266636004187,0.8158435490142265,3.824266636004187,0.0,NO ALERT,NO ALERT,20260911,12
watershed,D2BBRU70,Watershed D2BBRU70,Brahmaputra Basin,Brahmaputra Upper,1109.21082455,6.875,3.979692618140619,0.5788643808204537,3.9796926181406187,0.0,NO ALERT,NO ALERT,20260911,12
watershed,D2BBRU71,Watershed D2BBRU71,Brahmaputra Basin,Brahmaputra Upper,1096.61336044,12.8125,3.7591118384713997,0.3,3.84375,0.0,NO ALERT,NO ALERT,20260911,12
watershed,D2BBRU72,Watershed D2BBRU72,Brahmaputra Basin,Brahmaputra Upper,938.94610935,1.40625,4.002607134209104,2.846298406548696,4.002607134209104,0.0,NO ALERT,NO ALERT,20260911,12
watershed,D2BBRU73,Watershed D2BBRU73,Brahmaputra Basin,Brahmaputra Upper,892.9202367,4.125,4.411412057790854,1.0694332261311161,4.411412057790854,0.0,NO ALERT,NO ALERT,20260911,12
watershed,D2BBRU74,Watershed D2BBRU74,Brahmaputra Basin,Brahmaputra Upper,1374.11795983,5.041666666666666,4.84957820399575,0.9618998090570084,4.84957820399575,0.0,NO ALERT,NO ALERT,20260911,12
watershed,D2BBRU75,Watershed D2BBRU75,Brahmaputra Basin,Brahmaputra Upper,902.51041449,7.8125,4.835076207800271,0.6188897545984348,4.835076207800271,0.0,NO ALERT,NO ALERT,20260911,12
watershed,D2BBRU76,Watershed D2BBRU76,Brahmaputra Basin,Brahmaputra Upper,973.19949419,0.0,0.0,1.0,0.0,0.0,NO ALERT,NO ALERT,20260911,12
watershed,D2BBRU77,Watershed D2BBRU77,Brahmaputra Basin,Brahmaputra Upper,1128.88179726,6.5625,8.54188958467686,1.3016212700459977,8.54188958467686,0.0,NO ALERT,NO ALERT,20260911,12
watershed,D2BBRU78,Watershed D2BBRU78,Brahmaputra Basin,Brahmaputra Upper,1119.05089566,11.625,7.182442755548105,0.617844538111665,7.182442755548105,0.0,NO ALERT,NO ALERT,20260911,12
watershed,D2BBRU79,Watershed D2BBRU79,Brahmaputra Basin,Brahmaputra Upper,1381.19170904,9.15625,6.334574209592522,0.6918306303991832,6.334574209592522,0.0,NO ALERT,NO ALERT,20260911,12
watershed,D2BBRU80,Watershed D2BBRU80,Brahmaputra Basin,Brahmaputra Upper,1081.23053182,5.125,4.083258042331428,0.7967332765524737,4.083258042331428,0.0,NO ALERT,NO ALERT,20260911,12
watershed,D2BBRU81,Watershed D2BBRU81,Brahmaputra Basin,Brahmaputra Upper,954.58908513,4.9375,9.558028677207966,1.9358032763965503,9.558028677207966,0.0,NO ALERT,NO ALERT,20260911,12
watershed,D2BBRU82,Watershed D2BBRU82,Brahmaputra Basin,Brahmaputra Upper,979.74922828,10.0,9.693357564978404,0.9693357564978404,9.693357564978404,0.0,NO ALERT,NO ALERT,20260911,12
watershed,D2BBRU83,Watershed D2BBRU83,Brahmaputra Basin,Brahmaputra Upper,876.89089684,6.3125,8.22543059384714,1.3030385099163786,8.22543059384714,0.0,NO ALERT,NO ALERT,20260911,12
watershed,D2BBRU84,Watershed D2BBRU84,Brahmaputra Basin,Brahmaputra Upper,784.22465244,28.375,6.902038202220447,0.3,8.5125,0.0,NO ALERT,NO ALERT,20260911,12
watershed,D2BBRU85,Watershed D2BBRU85,Brahmaputra Basin,Brahmaputra Upper,737.45924308,5.9375,4.236343866994936,0.7134894933886208,4.236343866994936,0.0,NO ALERT,NO ALERT,20260911,12
watershed,D2BBRU86,Watershed D2BBRU86,Brahmaputra Basin,Brahmaputra Upper,871.20517342,7.875,4.725183855262522,0.6000233467000028,4.725183855262522,0.0,NO ALERT,NO ALERT,20260911,12
watershed,D2BBRU87,Watershed D2BBRU87,Brahmaputra Basin,Brahmaputra Upper,1266.19131351,9.9375,4.260597611167659,0.4287393822558651,4.260597611167659,0.0,NO ALERT,NO ALERT,20260911,12
watershed,D2BBRU88,Watershed D2BBRU88,Brahmaputra Basin,Brahmaputra Upper,1317.26132895,4.875,4.78452003776823,0.9814400077473292,4.78452003776823,0.0,NO ALERT,NO ALERT,20260911,12
watershed,D2BBRU89,Watershed D2BBRU89,Brahmaputra Basin,Brahmaputra Upper,1018.54312494,7.4375,5.99738937606142,0.8063716808149809,5.99738937606142,0.0,NO ALERT,NO ALERT,20260911,12
watershed,D2BBRU90,Watershed D2BBRU90,Brahmaputra Basin,Brahmaputra Upper,949.88387456,6.375,5.023356436662478,0.787977480260781,5.023356436662478,0.0,NO ALERT,NO ALERT,20260911,12
watershed,D2BBRU91,Watershed D2BBRU91,Brahmaputra Basin,Brahmaputra Upper,1219.23769179,10.104166666666668,5.375206862165503,0.5319792358431837,5.375206862165503,0.0,NO ALERT,NO ALERT,20260911,12
watershed,D2BBRU92,Watershed D2BBRU92,Brahmaputra Basin,Brahmaputra Upper,1096.35484294,13.25,4.690192428190414,0.3539767870332388,4.690192428190414,0.0,NO ALERT,NO ALERT,20260911,12
watershed,D2BBRU93,Watershed D2BBRU93,Brahmaputra Basin,Brahmaputra Upper,740.28383518,11.78125,4.133027351341427,0.3508139926868055,4.133027351341427,0.0,NO ALERT,NO ALERT,20260911,12
watershed,D2BBRU94,Watershed D2BBRU94,Brahmaputra Basin,Brahmaputra Upper,1176.64774527,22.125,6.433589032118859,0.3,6.6375,0.0,NO ALERT,NO ALERT,20260911,12
watershed,D2BBRU95,Watershed D2BBRU95,Brahmaputra Basin,Brahmaputra Upper,513.34732166,0.0,0.0,1.0,0.0,0.0,NO ALERT,NO ALERT,20260911,12
watershed,D2BBRU96,Watershed D2BBRU96,Brahmaputra Basin,Brahmaputra Upper,1233.51468974,25.59375,4.403524255783182,0.3,7.678125,0.0,NO ALERT,NO ALERT,20260911,12
watershed,D2BBRU97,Watershed D2BBRU97,Brahmaputra Basin,Brahmaputra Upper,990.88150429,59.96875,5.440797119026314,0.3,17.990624999999998,0.0,MODERATE,NO ALERT,20260911,12
watershed,D2CBAR01,Watershed D2CBAR01,Barak and others Basin,Barak,780.64716957,4.0,4.316919060378042,1.0792297650945104,4.316919060378042,0.0,NO ALERT,NO ALERT,20260911,12
watershed,D2CBAR02,Watershed D2CBAR02,Barak and others Basin,Barak,693.40634778,4.53125,4.708579569707995,1.0391348015907298,4.708579569707994,0.0,NO ALERT,NO ALERT,20260911,12
watershed,D2CBAR03,Watershed D2CBAR03,Barak and others Basin,Barak,552.88867251,4.75,4.148820986710999,0.8734359972023156,4.148820986710999,0.0,NO ALERT,NO ALERT,20260911,12
watershed,D2CBAR04,Watershed D2CBAR04,Barak and others Basin,Barak,759.34812149,5.875,3.7607710133064285,0.6401312363074771,3.760771013306428,0.0,NO ALERT,NO ALERT,20260911,12
watershed,D2CBAR05,Watershed D2CBAR05,Barak and others Basin,Barak,627.93670631,0.0,0.0,1.0,0.0,0.0,NO ALERT,NO ALERT,20260911,12
watershed,D2CBAR06,Watershed D2CBAR06,Barak and others Basin,Barak,482.03389517,5.8125,4.161209474391725,0.7159070063469635,4.161209474391725,0.0,NO ALERT,NO ALERT,20260911,12
watershed,D2CBAR07,Watershed D2CBAR07,Barak and others Basin,Barak,692.37015966,4.3125,4.067668334976451,0.9432274399945394,4.067668334976451,0.0,NO ALERT,NO ALERT,20260911,12
watershed,D2CBAR08,Watershed D2CBAR08,Barak and others Basin,Barak,593.78427194,0.0,0.0,1.0,0.0,0.0,NO ALERT,NO ALERT,20260911,12
watershed,D2CBAR09,Watershed D2CBAR09,Barak and others Basin,Barak,501.44681056,0.0,0.0,1.0,0.0,0.0,NO ALERT,NO ALERT,20260911,12
watershed,D2CBAR10,Watershed D2CBAR10,Barak and others Basin,Barak,620.46830268,5.1875,3.7707194862708655,0.7268856841004078,3.7707194862708655,0.0,NO ALERT,NO ALERT,20260911,12
watershed,D2CBAR11,Watershed D2CBAR11,Barak and others Basin,Barak,535.80287697,6.0625,3.421865607696037,0.5644314404447072,3.421865607696037,0.0,NO ALERT,NO ALERT,20260911,12
watershed,D2CBAR12,Watershed D2CBAR12,Barak and others Basin,Barak,463.14685706,9.34375,3.085143520193149,0.33018258410093904,3.085143520193149,0.0,NO ALERT,NO ALERT,20260911,12
watershed,D2CBAR13,Watershed D2CBAR13,Barak and others Basin,Barak,468.33153427,0.0,0.0,1.0,0.0,0.0,NO ALERT,NO ALERT,20260911,12
watershed,D2CBAR14,Watershed D2CBAR14,Barak and others Basin,Barak,646.64812264,5.125,3.2931196720632787,0.6425599360123471,3.2931196720632787,0.0,NO ALERT,NO ALERT,20260911,12
watershed,D2CBAR15,Watershed D2CBAR15,Barak and others Basin,Barak,540.00116811,4.8125,3.4156556203757247,0.709746622415735,3.415655620375725,0.0,NO ALERT,NO ALERT,20260911,12
watershed,D2CBAR16,Watershed D2CBAR16,Barak and others Basin,Barak,730.96126921,6.25,3.1756625182212215,0.5081060029153954,3.1756625182212215,0.0,NO ALERT,NO ALERT,20260911,12
watershed,D2CBAR17,Watershed D2CBAR17,Barak and others Basin,Barak,507.60266394,5.4375,3.464578928339155,0.6371639408439825,3.464578928339155,0.0,NO ALERT,NO ALERT,20260911,12
watershed,D2CBAR18,Watershed D2CBAR18,Barak and others Basin,Barak,502.95777095,0.0,0.0,1.0,0.0,0.0,NO ALERT,NO ALERT,20260911,12
watershed,D2CBAR19,Watershed D2CBAR19,Barak and others Basin,Barak,551.31255178,9.09375,5.527089633404801,0.6077899253228647,5.527089633404801,0.0,NO ALERT,NO ALERT,20260911,12
watershed,D2CBAR20,Watershed D2CBAR20,Barak and others Basin,Barak,485.19055264,11.875,4.1727085477685275,0.35138598296998125,4.1727085477685275,0.0,NO ALERT,NO ALERT,20260911,12
watershed,D2CBAR21,Watershed D2CBAR21,Barak and others Basin,Barak,621.15606552,20.21875,4.715280001396186,0.3,6.065625,0.0,NO ALERT,NO ALERT,20260911,12
watershed,D2CBAR22,Watershed D2CBAR22,Barak and others Basin,Barak,591.94929617,4.0625,6.012787885943505,1.4800708642322473,6.012787885943505,0.0,NO ALERT,NO ALERT,20260911,12
watershed,D2CBAR23,Watershed D2CBAR23,Barak and others Basin,Barak,457.23914736,0.0,0.0,1.0,0.0,0.0,NO ALERT,NO ALERT,20260911,12
watershed,D2CBAR24,Watershed D2CBAR24,Barak and others Basin,Barak,549.12472644,8.4375,5.999998704252178,0.7111109575409988,5.999998704252178,0.0,NO ALERT,NO ALERT,20260911,12
watershed,D2CBAR25,Watershed D2CBAR25,Barak and others Basin,Barak,391.79486966,0.0,0.0,1.0,0.0,0.0,NO ALERT,NO ALERT,20260911,12
watershed,D2CBAR26,Watershed D2CBAR26,Barak and others Basin,Barak,519.59411238,9.84375,6.508009171945183,0.6611310904833202,6.508009171945183,0.0,NO ALERT,NO ALERT,20260911,12
watershed,D2CBAR27,Watershed D2CBAR27,Barak and others Basin,Barak,656.63759762,0.0,0.0,1.0,0.0,0.0,NO ALERT,NO ALERT,20260911,12
watershed,D2CBAR28,Watershed D2CBAR28,Barak and others Basin,Barak,504.871164,0.0,0.0,1.0,0.0,0.0,NO ALERT,NO ALERT,20260911,12
watershed,D2CBAR29,Watershed D2CBAR29,Barak and others Basin,Barak,505.51483972,19.3125,6.8958262189712425,0.35706543528653684,6.8958262189712425,0.0,NO ALERT,NO ALERT,20260911,12
watershed,D2CBAR30,Watershed D2CBAR30,Barak and others Basin,Barak,645.50994125,23.5,6.885017927440062,0.3,7.05,0.0,NO ALERT,NO ALERT,20260911,12
watershed,D2CBAR31,Watershed D2CBAR31,Barak and others Basin,Barak,843.70879419,7.65625,6.811545205269367,0.8896712104841622,6.811545205269367,0.0,NO ALERT,NO ALERT,20260911,12
watershed,D2CBAR32,Watershed D2CBAR32,Barak and others Basin,Barak,465.91001142,16.625,6.198612914428319,0.3728488971084703,6.198612914428319,0.0,NO ALERT,NO ALERT,20260911,12
watershed,D2CBAR33,Watershed D2CBAR33,Barak and others Basin,Barak,365.66081884,12.9375,6.300965132043786,0.4870311213173941,6.300965132043786,0.0,NO ALERT,NO ALERT,20260911,12
watershed,D2CBAR34,Watershed D2CBAR34,Barak and others Basin,Barak,630.02607479,10.5,6.916854777666804,0.6587480740635051,6.916854777666804,0.0,NO ALERT,NO ALERT,20260911,12
watershed,D2CBAR35,Watershed D2CBAR35,Barak and others Basin,Barak,618.84484102,0.0,0.0,1.0,0.0,0.0,NO ALERT,NO ALERT,20260911,12
watershed,D2CBAR36,Watershed D2CBAR36,Barak and others Basin,Barak,610.52218656,0.0,0.0,1.0,0.0,0.0,NO ALERT,NO ALERT,20260911,12
watershed,D2CBAR37,Watershed D2CBAR37,Barak and others Basin,Barak,717.94890376,14.375,7.032712637337103,0.4892321834669289,7.032712637337103,0.0,NO ALERT,NO ALERT,20260911,12
watershed,D2CBAR38,Watershed D2CBAR38,Barak and others Basin,Barak,844.23369253,21.5625,7.053056130874647,0.32709825534491116,7.053056130874647,0.0,NO ALERT,NO ALERT,20260911,12
watershed,D2CBAR39,Watershed D2CBAR39,Barak and others Basin,Barak,540.5250555,0.0,0.0,1.0,0.0,0.0,NO ALERT,NO ALERT,20260911,12
watershed,D2CBAR40,Watershed D2CBAR40,Barak and others Basin,Barak,729.50843214,7.25,6.849499355685221,0.9447585318186511,6.849499355685221,0.0,NO ALERT,NO ALERT,20260911,12
watershed,D2CBAR41,Watershed D2CBAR41,Barak and others Basin,Barak,500.33183926,0.0,0.0,1.0,0.0,0.0,NO ALERT,NO ALERT,20260911,12
watershed,D2CBAR42,Watershed D2CBAR42,Barak and others Basin,Barak,367.41871447,18.875,7.826267447700239,0.4146366859708736,7.826267447700239,0.0,NO ALERT,NO ALERT,20260911,12
watershed,D2CBAR43,Watershed D2CBAR43,Barak and others Basin,Barak,692.60409089,15.34375,6.771366182439131,0.4413110342933853,6.771366182439131,0.0,NO ALERT,NO ALERT,20260911,12
watershed,D2CBAR44,Watershed D2CBAR44,Barak and others Basin,Barak,536.0978339,15.875,7.394202671598082,0.4657765462423989,7.394202671598082,0.0,NO ALERT,NO ALERT,20260911,12
watershed,D2CBAR45,Watershed D2CBAR45,Barak and others Basin,Barak,734.48778654,11.875,4.946139948723251,0.4165170483135369,4.946139948723251,0.0,NO ALERT,NO ALERT,20260911,12
watershed,D2CBAR46,Watershed D2CBAR46,Barak and others Basin,Barak,586.9557559,7.6875,7.354129542104185,0.9566347371842843,7.354129542104185,0.0,NO ALERT,NO ALERT,20260911,12
watershed,D2CBAR47,Watershed D2CBAR47,Barak and others Basin,Barak,694.51791867,0.0,0.0,1.0,0.0,0.0,NO ALERT,NO ALERT,20260911,12
watershed,D2CKYN01,Watershed D2CKYN01,Barak and others Basin,Kynchiang and other south flowing rivers,536.75115256,0.0,0.0,1.0,0.0,0.0,NO ALERT,NO ALERT,20260911,12
watershed,D2CKYN02,Watershed D2CKYN02,Barak and others Basin,Kynchiang and other south flowing rivers,550.10129463,3.125,8.894465149755348,2.8462288479217115,8.894465149755348,0.0,NO ALERT,NO ALERT,20260911,12
watershed,D2CKYN03,Watershed D2CKYN03,Barak and others Basin,Kynchiang and other south flowing rivers,498.11543876,4.3125,10.680433373581874,2.476622231555217,10.680433373581874,0.0,MODERATE,NO ALERT,20260911,12
watershed,D2CKYN04,Watershed D2CKYN04,Barak and others Basin,Kynchiang and other south flowing rivers,767.3469661,9.875,7.789555404488355,0.7888157371633777,7.789555404488355,0.0,NO ALERT,NO ALERT,20260911,12
watershed,D2CKYN05,Watershed D2CKYN05,Barak and others Basin,Kynchiang and other south flowing rivers,661.35859,18.375,9.53902321939599,0.5191305153412783,9.539023219395988,0.0,NO ALERT,NO ALERT,20260911,12
watershed,D2CKYN06,Watershed D2CKYN06,Barak and others Basin,Kynchiang and other south flowing rivers,790.32383213,0.0,0.0,1.0,0.0,0.0,NO ALERT,NO ALERT,20260911,12
watershed,D2CKYN07,Watershed D2CKYN07,Barak and others Basin,Kynchiang and other south flowing rivers,576.80307949,22.6875,11.172184432716403,0.49243788133185246,11.172184432716403,0.0,MODERATE,NO ALERT,20260911,12
watershed,D2CKYN08,Watershed D2CKYN08,Barak and others Basin,Kynchiang and other south flowing rivers,778.84630789,16.5,10.76314893404711,0.6523120566089157,10.76314893404711,0.0,MODERATE,NO ALERT,20260911,12
watershed,D2CKYN09,Watershed D2CKYN09,Barak and others Basin,Kynchiang and other south flowing rivers,547.4684004,0.0,0.0,1.0,0.0,0.0,NO ALERT,NO ALERT,20260911,12
watershed,D2CKYN10,Watershed D2CKYN10,Barak and others Basin,Kynchiang and other south flowing rivers,724.29726771,16.9375,4.778410437988908,0.3,5.08125,0.0,NO ALERT,NO ALERT,20260911,12
watershed,D2CKYN11,Watershed D2CKYN11,Barak and others Basin,Kynchiang and other south flowing rivers,655.35107531,10.3125,5.156032839172507,0.49997894198036436,5.156032839172507,0.0,NO ALERT,NO ALERT,20260911,12
watershed,D2CKYN12,Watershed D2CKYN12,Barak and others Basin,Kynchiang and other south flowing rivers,308.78327991,33.375,5.893202341562264,0.3,10.0125,0.0,MODERATE,NO ALERT,20260911,12
watershed,D2CKYN13,Watershed D2CKYN13,Barak and others Basin,Kynchiang and other south flowing rivers,564.40220849,32.625,8.071319571831454,0.3,9.7875,0.0,NO ALERT,NO ALERT,20260911,12
watershed,D2CKYN14,Watershed D2CKYN14,Barak and others Basin,Kynchiang and other south flowing rivers,491.17224092,0.0,0.0,1.0,0.0,0.0,NO ALERT,NO ALERT,20260911,12
watershed,D2CKYN15,Watershed D2CKYN15,Barak and others Basin,Kynchiang and other south flowing rivers,710.8854308,29.3125,16.589580986883544,0.5659558545631912,16.589580986883544,0.0,MODERATE,NO ALERT,20260911,12
watershed,D2CKYN16,Watershed D2CKYN16,Barak and others Basin,Kynchiang and other south flowing rivers,563.8452721,11.21875,17.34303640951849,1.5458973958345172,17.34303640951849,0.0,MODERATE,NO ALERT,20260911,12
watershed,D2CKYN17,Watershed D2CKYN17,Barak and others Basin,Kynchiang and other south flowing rivers,541.53817639,22.0,21.906559882915182,0.9957527219506901,21.906559882915182,0.0,MODERATE,NO ALERT,20260911,12
watershed,D2CNAO01,Watershed D2CNAO01,Barak and others Basin,Naoch chara and others,423.27736829,19.9375,6.677069615562485,0.33490004341379237,6.677069615562486,0.0,NO ALERT,NO ALERT,20260911,12
watershed,D2CNAO02,Watershed D2CNAO02,Barak and others Basin,Naoch chara and others,485.70180091,16.0,7.239004188020752,0.452437761751297,7.239004188020752,0.0,NO ALERT,NO ALERT,20260911,12
watershed,D2CNAO03,Watershed D2CNAO03,Barak and others Basin,Naoch chara and others,560.52388793,17.25,6.401033342864415,0.3710743966877922,6.401033342864415,0.0,NO ALERT,NO ALERT,20260911,12
watershed,D2CNAO04,Watershed D2CNAO04,Barak and others Basin,Naoch chara and others,668.12799877,16.0,7.185560487037244,0.44909753043982775,7.185560487037244,0.0,NO ALERT,NO ALERT,20260911,12
watershed,D2CNAO05,Watershed D2CNAO05,Barak and others Basin,Naoch chara and others,587.97369782,0.0,0.0,1.0,0.0,0.0,NO ALERT,NO ALERT,20260911,12
watershed,D2CNAO06,Watershed D2CNAO06,Barak and others Basin,Naoch chara and others,597.48779839,20.6875,5.257602876710565,0.3,6.20625,0.0,NO ALERT,NO ALERT,20260911,12
watershed,D2CNAO07,Watershed D2CNAO07,Barak and others Basin,Naoch chara and others,704.73446743,17.03125,5.079529138317664,0.3,5.109375,0.0,NO ALERT,NO ALERT,20260911,12
watershed,D2CNAO08,Watershed D2CNAO08,Barak and others Basin,Naoch chara and others,560.05850273,0.0,0.0,1.0,0.0,0.0,NO ALERT,NO ALERT,20260911,12
watershed,D2CNAO09,Watershed D2CNAO09,Barak and others Basin,Naoch chara and others,741.38704738,10.875,5.1699999151164535,0.4754022910451911,5.1699999151164535,0.0,NO ALERT,NO ALERT,20260911,12
watershed,D2CNAO10,Watershed D2CNAO10,Barak and others Basin,Naoch chara and others,856.71489299,6.9375,5.371563644615346,0.7742794442688787,5.371563644615346,0.0,NO ALERT,NO ALERT,20260911,12
watershed,D2CNAO11,Watershed D2CNAO11,Barak and others Basin,Naoch chara and others,511.90993247,11.0,5.044853333741019,0.4586230303400926,5.044853333741019,0.0,NO ALERT,NO ALERT,20260911,12
watershed,D2CNAO12,Watershed D2CNAO12,Barak and others Basin,Naoch chara and others,383.78567524,0.0,0.0,1.0,0.0,0.0,NO ALERT,NO ALERT,20260911,12
watershed,D2CNAO13,Watershed D2CNAO13,Barak and others Basin,Naoch chara and others,614.1291691,4.6875,5.26512924453167,1.1232275721667564,5.26512924453167,0.0,NO ALERT,NO ALERT,20260911,12
watershed,E21KPO01,Watershed E21KPO01,Minor rivers draining into Bangladesh Basin,Karnaphuli and Others,312.58954121,16.5625,6.2350784168872115,0.37645756479319015,6.2350784168872115,0.0,NO ALERT,NO ALERT,20260911,12
watershed,E21KPO02,Watershed E21KPO02,Minor rivers draining into Bangladesh Basin,Karnaphuli and Others,810.09104909,0.0,0.0,1.0,0.0,0.0,NO ALERT,NO ALERT,20260911,12
watershed,E21KPO03,Watershed E21KPO03,Minor rivers draining into Bangladesh Basin,Karnaphuli and Others,881.89120968,0.0,0.0,1.0,0.0,0.0,NO ALERT,NO ALERT,20260911,12
watershed,E21KPO04,Watershed E21KPO04,Minor rivers draining into Bangladesh Basin,Karnaphuli and Others,602.71139171,0.0,0.0,1.0,0.0,0.0,NO ALERT,NO ALERT,20260911,12
watershed,E21KPO05,Watershed E21KPO05,Minor rivers draining into Bangladesh Basin,Karnaphuli and Others,717.10060528,18.0,6.868911559920605,0.3816061977733669,6.868911559920605,0.0,NO ALERT,NO ALERT,20260911,12
watershed,E21KPO06,Watershed E21KPO06,Minor rivers draining into Bangladesh Basin,Karnaphuli and Others,452.45258118,12.125,6.985022078332019,0.5760842951201665,6.985022078332018,0.0,NO ALERT,NO ALERT,20260911,12
watershed,E21MHO01,Watershed E21MHO01,Minor rivers draining into Bangladesh Basin,Muhury and Others,536.03902826,8.4375,6.872164462772134,0.814478751143364,6.872164462772133,0.0,NO ALERT,NO ALERT,20260911,12
watershed,E21MHO02,Watershed E21MHO02,Minor rivers draining into Bangladesh Basin,Muhury and Others,607.57971018,3.6875,7.167777481103597,1.943804062672162,7.167777481103597,0.0,NO ALERT,NO ALERT,20260911,12
watershed,E21MHO03,Watershed E21MHO03,Minor rivers draining into Bangladesh Basin,Muhury and Others,532.77486401,0.0,0.0,1.0,0.0,0.0,NO ALERT,NO ALERT,20260911,12
watershed,E22IMP01,Watershed E22IMP01,Minor rivers draining into Myanmar Basin,Imphal and others,661.93082683,5.8125,5.505402408213648,0.947166005714176,5.505402408213648,0.0,NO ALERT,NO ALERT,20260911,12
watershed,E22IMP02,Watershed E22IMP02,Minor rivers draining into Myanmar Basin,Imphal and others,473.82433192,5.125,5.563537115083165,1.085568217577203,5.563537115083165,0.0,NO ALERT,NO ALERT,20260911,12
watershed,E22IMP03,Watershed E22IMP03,Minor rivers draining into Myanmar Basin,Imphal and others,585.66591532,2.25,5.541790008687809,2.463017781639026,5.5417900086878085,0.0,NO ALERT,NO ALERT,20260911,12
watershed,E22IMP04,Watershed E22IMP04,Minor rivers draining into Myanmar Basin,Imphal and others,594.08021821,0.0,0.0,1.0,0.0,0.0,NO ALERT,NO ALERT,20260911,12
watershed,E22IMP05,Watershed E22IMP05,Minor rivers draining into Myanmar Basin,Imphal and others,457.8183385,4.8125,5.311844325943352,1.103759859936281,5.311844325943352,0.0,NO ALERT,NO ALERT,20260911,12
watershed,E22IMP06,Watershed E22IMP06,Minor rivers draining into Myanmar Basin,Imphal and others,488.52435243,0.0,0.0,1.0,0.0,0.0,NO ALERT,NO ALERT,20260911,12
watershed,E22IMP07,Watershed E22IMP07,Minor rivers draining into Myanmar Basin,Imphal and others,534.69339869,0.0,0.0,1.0,0.0,0.0,NO ALERT,NO ALERT,20260911,12
watershed,E22IMP08,Watershed E22IMP08,Minor rivers draining into Myanmar Basin,Imphal and others,321.26301306,3.4375,4.346241452902147,1.26436114993517,4.346241452902147,0.0,NO ALERT,NO ALERT,20260911,12
watershed,E22IMP09,Watershed E22IMP09,Minor rivers draining into Myanmar Basin,Imphal and others,484.91870351,3.375,4.6301075649792205,1.3718837229568062,4.6301075649792205,0.0,NO ALERT,NO ALERT,20260911,12
watershed,E22IMP10,Watershed E22IMP10,Minor rivers draining into Myanmar Basin,Imphal and others,420.07026781,0.0,0.0,1.0,0.0,0.0,NO ALERT,NO ALERT,20260911,12
watershed,E22IMP11,Watershed E22IMP11,Minor rivers draining into Myanmar Basin,Imphal and others,482.82434174,3.8125,5.326103290303113,1.3970106990958984,5.326103290303113,0.0,NO ALERT,NO ALERT,20260911,12
watershed,E22IMP12,Watershed E22IMP12,Minor rivers draining into Myanmar Basin,Imphal and others,667.29685725,3.9375,5.275376930996163,1.3397782681895019,5.275376930996163,0.0,NO ALERT,NO ALERT,20260911,12
watershed,E22IMP13,Watershed E22IMP13,Minor rivers draining into Myanmar Basin,Imphal and others,730.9672309,3.5,4.3173199716496145,1.2335199918998898,4.3173199716496145,0.0,NO ALERT,NO ALERT,20260911,12
watershed,E22IMP14,Watershed E22IMP14,Minor rivers draining into Myanmar Basin,Imphal and others,368.39164197,0.0,0.0,1.0,0.0,0.0,NO ALERT,NO ALERT,20260911,12
watershed,E22IMP15,Watershed E22IMP15,Minor rivers draining into Myanmar Basin,Imphal and others,610.57356055,3.96875,4.082994140398829,1.0287859251398623,4.082994140398829,0.0,NO ALERT,NO ALERT,20260911,12
watershed,E22IMP16,Watershed E22IMP16,Minor rivers draining into Myanmar Basin,Imphal and others,492.01151313,3.5625,3.6154599591069028,1.0148659534335165,3.6154599591069023,0.0,NO ALERT,NO ALERT,20260911,12
watershed,E22IMP17,Watershed E22IMP17,Minor rivers draining into Myanmar Basin,Imphal and others,686.62771648,3.625,4.117525634598242,1.1358691405788255,4.117525634598242,0.0,NO ALERT,NO ALERT,20260911,12
watershed,E22IMP18,Watershed E22IMP18,Minor rivers draining into Myanmar Basin,Imphal and others,899.22288926,3.5625,3.5982930655144667,1.0100471762847625,3.5982930655144663,0.0,NO ALERT,NO ALERT,20260911,12
watershed,E22IMP19,Watershed E22IMP19,Minor rivers draining into Myanmar Basin,Imphal and others,500.57247024,0.0,0.0,1.0,0.0,0.0,NO ALERT,NO ALERT,20260911,12
watershed,E22IMP20,Watershed E22IMP20,Minor rivers draining into Myanmar Basin,Imphal and others,825.75556646,3.875,3.4549066149208643,0.8915888038505456,3.4549066149208643,0.0,NO ALERT,NO ALERT,20260911,12
watershed,E22IMP21,Watershed E22IMP21,Minor rivers draining into Myanmar Basin,Imphal and others,687.89419468,3.0,3.4522482078573473,1.1507494026191158,3.4522482078573473,0.0,NO ALERT,NO ALERT,20260911,12
watershed,E22IMP22,Watershed E22IMP22,Minor rivers draining into Myanmar Basin,Imphal and others,754.68207411,4.75,3.4314140857490774,0.7224029654208584,3.4314140857490774,0.0,NO ALERT,NO ALERT,20260911,12
watershed,E22IMP23,Watershed E22IMP23,Minor rivers draining into Myanmar Basin,Imphal and others,841.18444902,3.0625,4.247990755104039,1.387099022074788,4.247990755104039,0.0,NO ALERT,NO ALERT,20260911,12
watershed,E22IMP24,Watershed E22IMP24,Minor rivers draining into Myanmar Basin,Imphal and others,530.84292704,5.625,4.05678561301264,0.7212063312022472,4.05678561301264,0.0,NO ALERT,NO ALERT,20260911,12
watershed,E22IMP25,Watershed E22IMP25,Minor rivers draining into Myanmar Basin,Imphal and others,415.87421323,4.25,3.982512351217335,0.9370617296981965,3.982512351217335,0.0,NO ALERT,NO ALERT,20260911,12
watershed,E22IMP26,Watershed E22IMP26,Minor rivers draining into Myanmar Basin,Imphal and others,401.60971194,0.0,0.0,1.0,0.0,0.0,NO ALERT,NO ALERT,20260911,12
watershed,E22IMP27,Watershed E22IMP27,Minor rivers draining into Myanmar Basin,Imphal and others,511.39011331,4.625,3.7790755872857082,0.8170974242779909,3.779075587285708,0.0,NO ALERT,NO ALERT,20260911,12
watershed,E22IMP28,Watershed E22IMP28,Minor rivers draining into Myanmar Basin,Imphal and others,744.98217615,4.5625,3.594735691237123,0.7878872747916982,3.594735691237123,0.0,NO ALERT,NO ALERT,20260911,12
watershed,E22IMP29,Watershed E22IMP29,Minor rivers draining into Myanmar Basin,Imphal and others,579.40667393,2.4375,3.376806225331679,1.3853564001360734,3.376806225331679,0.0,NO ALERT,NO ALERT,20260911,12
watershed,E22MAN01,Watershed E22MAN01,Minor rivers draining into Myanmar Basin,Mangpui Lui and others,530.71781597,0.0,0.0,1.0,0.0,0.0,NO ALERT,NO ALERT,20260911,12
watershed,E22MAN02,Watershed E22MAN02,Minor rivers draining into Myanmar Basin,Mangpui Lui and others,655.10208983,9.875,6.511520175084676,0.6593944481098406,6.511520175084676,0.0,NO ALERT,NO ALERT,20260911,12
watershed,E22MAN03,Watershed E22MAN03,Minor rivers draining into Myanmar Basin,Mangpui Lui and others,652.90500522,0.0,0.0,1.0,0.0,0.0,NO ALERT,NO ALERT,20260911,12
watershed,E22MAN04,Watershed E22MAN04,Minor rivers draining into Myanmar Basin,Mangpui Lui and others,541.65792636,5.9375,5.112946436952239,0.8611278209603771,5.112946436952239,0.0,NO ALERT,NO ALERT,20260911,12
watershed,E22MAN05,Watershed E22MAN05,Minor rivers draining into Myanmar Basin,Mangpui Lui and others,504.41334279,0.0,0.0,1.0,0.0,0.0,NO ALERT,NO ALERT,20260911,12
watershed,E22MAN06,Watershed E22MAN06,Minor rivers draining into Myanmar Basin,Mangpui Lui and others,402.07054733,0.0,0.0,1.0,0.0,0.0,NO ALERT,NO ALERT,20260911,12
watershed,E22MAN07,Watershed E22MAN07,Minor rivers draining into Myanmar Basin,Mangpui Lui and others,600.27293955,0.0,0.0,1.0,0.0,0.0,NO ALERT,NO ALERT,20260911,12
watershed,E22MAN08,Watershed E22MAN08,Minor rivers draining into Myanmar Basin,Mangpui Lui and others,365.27186269,7.5,6.84770085195156,0.913026780260208,6.84770085195156,0.0,NO ALERT,NO ALERT,20260911,12
watershed,E22MAN09,Watershed E22MAN09,Minor rivers draining into Myanmar Basin,Mangpui Lui and others,567.24696154,9.0625,6.335519509976858,0.6990918079974464,6.335519509976858,0.0,NO ALERT,NO ALERT,20260911,12
watershed,E22MAN10,Watershed E22MAN10,Minor rivers draining into Myanmar Basin,Mangpui Lui and others,359.60600998,0.0,0.0,1.0,0.0,0.0,NO ALERT,NO ALERT,20260911,12
watershed,E22MAN11,Watershed E22MAN11,Minor rivers draining into Myanmar Basin,Mangpui Lui and others,434.90556103,9.5625,6.938866825054769,0.7256331320318713,6.938866825054769,0.0,NO ALERT,NO ALERT,20260911,12
watershed,E22MAN12,Watershed E22MAN12,Minor rivers draining into Myanmar Basin,Mangpui Lui and others,510.8136127,9.5,7.021009398608992,0.7390536209062097,7.021009398608992,0.0,NO ALERT,NO ALERT,20260911,12
watershed,E22MAN13,Watershed E22MAN13,Minor rivers draining into Myanmar Basin,Mangpui Lui and others,427.47337633,11.3125,6.981084746326486,0.6171124637636672,6.981084746326486,0.0,NO ALERT,NO ALERT,20260911,12
watershed,E22MAN14,Watershed E22MAN14,Minor rivers draining into Myanmar Basin,Mangpui Lui and others,484.23900472,0.0,0.0,1.0,0.0,0.0,NO ALERT,NO ALERT,20260911,12
watershed,E22MAN15,Watershed E22MAN15,Minor rivers draining into Myanmar Basin,Mangpui Lui and others,432.33251278,16.1875,7.080023679504656,0.43737598020105983,7.080023679504656,0.0,NO ALERT,NO ALERT,20260911,12
watershed,E22MAN16,Watershed E22MAN16,Minor rivers draining into Myanmar Basin,Mangpui Lui and others,507.15403998,13.125,7.066098225729106,0.5383693886269795,7.066098225729106,0.0,NO ALERT,NO ALERT,20260911,12
watershed,E23SHK01,Watershed E23SHK01,Area of North Ladakha not draining into Indus Basin,Shaksgam,873.68637572,0.0,0.0,1.0,0.0,0.0,NO ALERT,NO ALERT,20260911,12
watershed,E23SHK02,Watershed E23SHK02,Area of North Ladakha not draining into Indus Basin,Shaksgam,754.83669224,0.09375,0.34710293363218436,1.0,0.09375,0.0,NO ALERT,NO ALERT,20260911,12
watershed,E23SHK03,Watershed E23SHK03,Area of North Ladakha not draining into Indus Basin,Shaksgam,676.17446903,0.1875,0.5305875019667899,2.829800010489546,0.5305875019667899,0.0,NO ALERT,NO ALERT,20260911,12
watershed,E23SHK04,Watershed E23SHK04,Area of North Ladakha not draining into Indus Basin,Shaksgam,762.49481904,0.25,0.41407513128568046,1.6563005251427219,0.41407513128568046,0.0,NO ALERT,NO ALERT,20260911,12
watershed,E23SHK05,Watershed E23SHK05,Area of North Ladakha not draining into Indus Basin,Shaksgam,579.96547075,0.3125,0.33221408002180597,1.063085056069779,0.33221408002180597,0.0,NO ALERT,NO ALERT,20260911,12
watershed,E23SHK06,Watershed E23SHK06,Area of North Ladakha not draining into Indus Basin,Shaksgam,615.35378478,3.0,1.0058858433406648,0.33529528111355494,1.0058858433406648,0.0,NO ALERT,NO ALERT,20260911,12
watershed,E23SHK07,Watershed E23SHK07,Area of North Ladakha not draining into Indus Basin,Shaksgam,608.54986779,5.03125,1.0621430124628217,0.3,1.509375,0.0,NO ALERT,NO ALERT,20260911,12
watershed,E23SHK08,Watershed E23SHK08,Area of North Ladakha not draining into Indus Basin,Shaksgam,993.03404733,0.6875,0.6613044478917776,0.9618973787516765,0.6613044478917776,0.0,NO ALERT,NO ALERT,20260911,12
watershed,E23SHK09,Watershed E23SHK09,Area of North Ladakha not draining into Indus Basin,Shaksgam,659.40199528,6.46875,1.9474878924350216,0.30106093023150093,1.9474878924350216,0.0,NO ALERT,NO ALERT,20260911,12
watershed,E23SUM01,Watershed E23SUM01,Area of North Ladakha not draining into Indus Basin,Sulmar,824.47468012,1.4375,0.5355218999598125,0.37253697388508694,0.5355218999598125,0.0,NO ALERT,NO ALERT,20260911,12
watershed,E23SUM02,Watershed E23SUM02,Area of North Ladakha not draining into Indus Basin,Sulmar,761.39378727,0.0625,0.5667622388633964,1.0,0.0625,0.0,NO ALERT,NO ALERT,20260911,12
watershed,E23SUM03,Watershed E23SUM03,Area of North Ladakha not draining into Indus Basin,Sulmar,886.10192805,0.0,0.5415784371634053,1.0,0.0,0.0,NO ALERT,NO ALERT,20260911,12
watershed,E23SUM04,Watershed E23SUM04,Area of North Ladakha not draining into Indus Basin,Sulmar,426.93268675,0.0,0.0,1.0,0.0,0.0,NO ALERT,NO ALERT,20260911,12
watershed,E23SUM05,Watershed E23SUM05,Area of North Ladakha not draining into Indus Basin,Sulmar,869.10480164,0.125,0.5242628916757835,3.0,0.375,0.0,NO ALERT,NO ALERT,20260911,12
watershed,E23SUM06,Watershed E23SUM06,Area of North Ladakha not draining into Indus Basin,Sulmar,873.19163416,0.0,0.5221768297969478,1.0,0.0,0.0,NO ALERT,NO ALERT,20260911,12
watershed,E23SUM07,Watershed E23SUM07,Area of North Ladakha not draining into Indus Basin,Sulmar,786.26574114,0.0,0.49901013384534887,1.0,0.0,0.0,NO ALERT,NO ALERT,20260911,12
watershed,E23SUM08,Watershed E23SUM08,Area of North Ladakha not draining into Indus Basin,Sulmar,795.98108597,0.0,0.46809765776134515,1.0,0.0,0.0,NO ALERT,NO ALERT,20260911,12
watershed,E23SUM09,Watershed E23SUM09,Area of North Ladakha not draining into Indus Basin,Sulmar,1081.26944688,0.0,0.4942201087940229,1.0,0.0,0.0,NO ALERT,NO ALERT,20260911,12
watershed,E23SUM10,Watershed E23SUM10,Area of North Ladakha not draining into Indus Basin,Sulmar,380.81006125,0.0,0.0,1.0,0.0,0.0,NO ALERT,NO ALERT,20260911,12
watershed,E23SUM11,Watershed E23SUM11,Area of North Ladakha not draining into Indus Basin,Sulmar,446.33627804,0.125,0.49315863167994645,3.0,0.375,0.0,NO ALERT,NO ALERT,20260911,12
watershed,E23SUM12,Watershed E23SUM12,Area of North Ladakha not draining into Indus Basin,Sulmar,419.79189074,0.0,0.4516131357889469,1.0,0.0,0.0,NO ALERT,NO ALERT,20260911,12
watershed,E23SUM13,Watershed E23SUM13,Area of North Ladakha not draining into Indus Basin,Sulmar,720.8474836,0.375,0.4124472824473904,1.0998594198597076,0.4124472824473904,0.0,NO ALERT,NO ALERT,20260911,12
watershed,E23SUM14,Watershed E23SUM14,Area of North Ladakha not draining into Indus Basin,Sulmar,623.1524199,0.0,0.407032028534641,1.0,0.0,0.0,NO ALERT,NO ALERT,20260911,12
watershed,E23SUM15,Watershed E23SUM15,Area of North Ladakha not draining into Indus Basin,Sulmar,545.0392879,0.0,0.4969994146325817,1.0,0.0,0.0,NO ALERT,NO ALERT,20260911,12
watershed,E23SUM16,Watershed E23SUM16,Area of North Ladakha not draining into Indus Basin,Sulmar,375.91639792,0.0,0.0,1.0,0.0,0.0,NO ALERT,NO ALERT,20260911,12
watershed,E23SUM17,Watershed E23SUM17,Area of North Ladakha not draining into Indus Basin,Sulmar,505.30751619,0.0,0.4908615902474482,1.0,0.0,0.0,NO ALERT,NO ALERT,20260911,12
watershed,E23SUM18,Watershed E23SUM18,Area of North Ladakha not draining into Indus Basin,Sulmar,365.75208224,0.0,0.0,1.0,0.0,0.0,NO ALERT,NO ALERT,20260911,12
watershed,E23SUM19,Watershed E23SUM19,Area of North Ladakha not draining into Indus Basin,Sulmar,409.99678072,0.0,0.0,1.0,0.0,0.0,NO ALERT,NO ALERT,20260911,12
watershed,E23SUM20,Watershed E23SUM20,Area of North Ladakha not draining into Indus Basin,Sulmar,564.58895654,0.0,0.5244416782709017,1.0,0.0,0.0,NO ALERT,NO ALERT,20260911,12
watershed,E23SUM21,Watershed E23SUM21,Area of North Ladakha not draining into Indus Basin,Sulmar,949.41170905,0.0,0.5409126055975483,1.0,0.0,0.0,NO ALERT,NO ALERT,20260911,12
watershed,E23SUM22,Watershed E23SUM22,Area of North Ladakha not draining into Indus Basin,Sulmar,511.6024449,0.0,0.5529581540659683,1.0,0.0,0.0,NO ALERT,NO ALERT,20260911,12
watershed,E23SUM23,Watershed E23SUM23,Area of North Ladakha not draining into Indus Basin,Sulmar,791.04075224,0.0625,0.569714598153552,1.0,0.0625,0.0,NO ALERT,NO ALERT,20260911,12
watershed,E23SUM24,Watershed E23SUM24,Area of North Ladakha not draining into Indus Basin,Sulmar,1004.24287382,0.0,0.4472293045422802,1.0,0.0,0.0,NO ALERT,NO ALERT,20260911,12
watershed,E23SUM25,Watershed E23SUM25,Area of North Ladakha not draining into Indus Basin,Sulmar,744.18405328,0.0,0.37580370083451275,1.0,0.0,0.0,NO ALERT,NO ALERT,20260911,12
watershed,E23SUM26,Watershed E23SUM26,Area of North Ladakha not draining into Indus Basin,Sulmar,812.16817391,0.0,0.43744467372355395,1.0,0.0,0.0,NO ALERT,NO ALERT,20260911,12
watershed,E23SUM27,Watershed E23SUM27,Area of North Ladakha not draining into Indus Basin,Sulmar,991.517319,0.15625,0.3594098355468005,2.300222947499523,0.3594098355468005,0.0,NO ALERT,NO ALERT,20260911,12
watershed,E23SUM28,Watershed E23SUM28,Area of North Ladakha not draining into Indus Basin,Sulmar,873.90109975,0.0625,0.3782984982206397,1.0,0.0625,0.0,NO ALERT,NO ALERT,20260911,12
watershed,E23SUM29,Watershed E23SUM29,Area of North Ladakha not draining into Indus Basin,Sulmar,702.12753661,0.59375,0.36636922196166155,0.6170429001459563,0.36636922196166155,0.0,NO ALERT,NO ALERT,20260911,12
watershed,E23SUM30,Watershed E23SUM30,Area of North Ladakha not draining into Indus Basin,Sulmar,670.82355359,0.5625,0.3887378704057981,0.6910895473880855,0.3887378704057981,0.0,NO ALERT,NO ALERT,20260911,12
watershed,E23SUM31,Watershed E23SUM31,Area of North Ladakha not draining into Indus Basin,Sulmar,431.31002351,0.0,0.0,1.0,0.0,0.0,NO ALERT,NO ALERT,20260911,12
watershed,E23SUM32,Watershed E23SUM32,Area of North Ladakha not draining into Indus Basin,Sulmar,864.6011178,1.1875,0.47858330652321857,0.40301752128271034,0.4785833065232185,0.0,NO ALERT,NO ALERT,20260911,12
watershed,E23SUM33,Watershed E23SUM33,Area of North Ladakha not draining into Indus Basin,Sulmar,706.54536206,0.375,0.4390950928812158,1.170920247683242,0.4390950928812158,0.0,NO ALERT,NO ALERT,20260911,12
watershed,WS_4568,Watershed 4568,,,0.0,0.0,0.0,1.0,0.0,0.0,NO ALERT,NO ALERT,20260911,12
watershed,WS_4569,Watershed 4569,,,0.0,0.0,0.0,1.0,0.0,0.0,NO ALERT,NO ALERT,20260911,12
