state,district,rain_gfs_mm,imd_mean_mm,bias_factor,rain_gfs_bc_mm,rain_icon_mm,alert_gfs_raw,alert_gfs_bc,alert_icon,gfs_cal_factor,gfs_cal_threshold_mm,gfs_cal_samples,rain_gfs_cal_mm,alert_gfs_cal,date,cycle_utc
Andaman & Nicobar,Nicobar,5.3125,0.0,0.3,1.59375,0.0,NO ALERT,NO ALERT,NO ALERT,0.25,12.0,33,5.3125,NO ALERT,20261005,12
Andaman & Nicobar,North & Middle Andaman,3.3625,0.0,0.3,1.0087499999999998,0.0,NO ALERT,NO ALERT,NO ALERT,0.25,12.0,53,3.3625,NO ALERT,20261005,12
Andaman & Nicobar,South Andaman,1.078125,0.0,0.3,0.3234375,0.0,NO ALERT,NO ALERT,NO ALERT,0.25,12.0,29,1.078125,NO ALERT,20261005,12
Andhra Pradesh,Anantapur,4.539351851851852,1.9265067143587824,0.4244012751672585,1.9265067143587824,0.0,NO ALERT,NO ALERT,NO ALERT,1.0,12.0,0,4.539351851851852,NO ALERT,20261005,12
Andhra Pradesh,Chittoor,16.470238095238095,3.455053850432976,0.3,4.941071428571428,0.0,MODERATE,NO ALERT,NO ALERT,1.955809463772113,12.0,1,32.212647537246646,MODERATE,20261005,12
Andhra Pradesh,East Godavari,0.6973684210526316,3.3990964960497583,3.0,2.0921052631578947,0.0,NO ALERT,NO ALERT,NO ALERT,1.3179651701790729,12.0,20,0.6973684210526316,NO ALERT,20261005,12
Andhra Pradesh,Guntur,3.404166666666667,3.0654587271482976,0.9005019516714705,3.0654587271482976,0.0,NO ALERT,NO ALERT,NO ALERT,1.7163656017758904,12.0,8,3.404166666666667,NO ALERT,20261005,12
Andhra Pradesh,Krishna,2.703125,3.461714823764852,1.2806343856702342,3.461714823764852,0.0,NO ALERT,NO ALERT,NO ALERT,1.601638437099417,12.0,9,2.703125,NO ALERT,20261005,12
Andhra Pradesh,Kurnool,0.9048913043478259,2.5482708497530937,2.8161071252526684,2.5482708497530937,0.0,NO ALERT,NO ALERT,NO ALERT,0.699504399203077,12.0,5,0.9048913043478259,NO ALERT,20261005,12
Andhra Pradesh,Potti Sriramulu Nellore,5.274305555555555,3.3470666422600797,0.6345985470512857,3.3470666422600797,0.0,NO ALERT,NO ALERT,NO ALERT,0.7804473958492474,12.0,2,5.274305555555555,NO ALERT,20261005,12
Andhra Pradesh,Prakasam,2.5755208333333335,2.973922110103139,1.154687654478873,2.973922110103139,0.0,NO ALERT,NO ALERT,NO ALERT,0.7499859149261541,12.0,2,2.5755208333333335,NO ALERT,20261005,12
Andhra Pradesh,Srikakulam,0.25625,3.6466694468329797,3.0,0.7687499999999999,0.0,NO ALERT,NO ALERT,NO ALERT,1.7602290555428874,12.0,28,0.25625,NO ALERT,20261005,12
Andhra Pradesh,Visakhapatnam,0.421875,4.074354628897421,3.0,1.265625,0.0,NO ALERT,NO ALERT,NO ALERT,0.9529691222284259,12.0,26,0.421875,NO ALERT,20261005,12
Andhra Pradesh,Vizianagaram,0.1640625,3.5564663589204826,3.0,0.4921875,0.0,NO ALERT,NO ALERT,NO ALERT,1.2169068525089357,12.0,28,0.1640625,NO ALERT,20261005,12
Andhra Pradesh,West Godavari,1.7159090909090908,3.419097225462663,1.9925864625212872,3.419097225462663,0.0,NO ALERT,NO ALERT,NO ALERT,1.6272017492681237,12.0,13,1.7159090909090908,NO ALERT,20261005,12
Andhra Pradesh,Y S R Kadapa,5.539772727272727,2.8002500143955236,0.5054810282396023,2.8002500143955236,0.0,NO ALERT,NO ALERT,NO ALERT,1.0,12.0,0,5.539772727272727,NO ALERT,20261005,12
Arunachal Pradesh,Anjaw,1.625,3.0255927411007555,1.8619032252927725,3.0255927411007555,0.0,NO ALERT,NO ALERT,NO ALERT,0.3622768462094286,12.0,16,1.625,NO ALERT,20261005,12
Arunachal Pradesh,Changlang,0.90625,4.89083025607038,3.0,2.71875,0.0,NO ALERT,NO ALERT,NO ALERT,0.5453835965801972,12.0,86,0.90625,NO ALERT,20261005,12
Arunachal Pradesh,Dibang Valley,4.142857142857142,5.004451296953831,1.2079710027129937,5.004451296953831,0.0,NO ALERT,NO ALERT,NO ALERT,0.2949391298169157,12.0,11,4.142857142857142,NO ALERT,20261005,12
Arunachal Pradesh,East Kameng,6.267857142857143,4.5492565624022205,0.7258073147992147,4.5492565624022205,0.0,NO ALERT,NO ALERT,NO ALERT,0.9671559818566834,12.0,57,6.267857142857143,NO ALERT,20261005,12
Arunachal Pradesh,East Siang,0.041666666666666664,6.564292522094565,1.0,0.041666666666666664,0.0,NO ALERT,NO ALERT,NO ALERT,0.6681071532699687,12.0,81,0.041666666666666664,NO ALERT,20261005,12
Arunachal Pradesh,Kamle,1.9791666666666667,6.572841859394558,3.0,5.9375,0.0,NO ALERT,NO ALERT,NO ALERT,0.7605342473679778,12.0,44,1.9791666666666667,NO ALERT,20261005,12
Arunachal Pradesh,Kra Daadi,10.875,3.7120781333207,0.3413405180065011,3.7120781333207,0.0,MODERATE,NO ALERT,NO ALERT,0.42336792969134945,12.0,66,10.875,MODERATE,20261005,12
Arunachal Pradesh,Kurung Kumey,9.848214285714286,4.320195896631934,0.43867809648483824,4.320195896631934,0.0,NO ALERT,NO ALERT,NO ALERT,0.9878451149204859,12.0,65,9.848214285714286,NO ALERT,20261005,12
Arunachal Pradesh,Lepa Rada,0.0,5.65203549949682,1.0,0.0,0.0,NO ALERT,NO ALERT,NO ALERT,0.5216372506952721,12.0,44,0.0,NO ALERT,20261005,12
Arunachal Pradesh,Lohit,0.4166666666666667,3.655392307430914,3.0,1.25,0.0,NO ALERT,NO ALERT,NO ALERT,0.25,12.0,63,0.4166666666666667,NO ALERT,20261005,12
Arunachal Pradesh,Longding,1.8125,5.656607662712874,3.0,5.4375,0.0,NO ALERT,NO ALERT,NO ALERT,0.7588641228736489,12.0,98,1.8125,NO ALERT,20261005,12
Arunachal Pradesh,Lower Dibang Valley,0.675,4.269699325745236,3.0,2.0250000000000004,0.0,NO ALERT,NO ALERT,NO ALERT,0.3002253139532133,12.0,54,0.675,NO ALERT,20261005,12
Arunachal Pradesh,Lower Siang,0.0,6.170182055745222,1.0,0.0,0.0,NO ALERT,NO ALERT,NO ALERT,0.38725078243173483,12.0,64,0.0,NO ALERT,20261005,12
Arunachal Pradesh,Lower Subansiri,5.25,7.223829744123433,1.3759675703092253,7.223829744123433,0.0,NO ALERT,NO ALERT,NO ALERT,1.097073579473146,12.0,75,5.25,NO ALERT,20261005,12
Arunachal Pradesh,Namsai,0.0,4.533780710909465,1.0,0.0,0.0,NO ALERT,NO ALERT,NO ALERT,0.2570925434724115,12.0,60,0.0,NO ALERT,20261005,12
Arunachal Pradesh,Pakke Kessang,1.0625,6.763720053240453,3.0,3.1875,0.0,NO ALERT,NO ALERT,NO ALERT,0.9077970011596739,12.0,57,1.0625,NO ALERT,20261005,12
Arunachal Pradesh,Papumpare,3.197916666666667,7.275473991502501,2.275066785616417,7.275473991502501,0.0,NO ALERT,NO ALERT,NO ALERT,1.1544689110016026,12.0,35,3.197916666666667,NO ALERT,20261005,12
Arunachal Pradesh,Shi Yomi,9.6625,7.315224146173425,0.7570736503154903,7.315224146173425,0.0,NO ALERT,NO ALERT,NO ALERT,0.7367882552230378,12.0,13,9.6625,NO ALERT,20261005,12
Arunachal Pradesh,Siang,1.275,5.98729330885492,3.0,3.8249999999999997,0.0,NO ALERT,NO ALERT,NO ALERT,0.7690566295201274,12.0,28,1.275,NO ALERT,20261005,12
Arunachal Pradesh,Tawang,8.7875,3.900652216734135,0.44388645425139517,3.900652216734135,0.0,NO ALERT,NO ALERT,NO ALERT,1.7829978652548888,12.0,10,8.7875,NO ALERT,20261005,12
Arunachal Pradesh,Tirap,0.1875,5.776785611381678,3.0,0.5625,0.0,NO ALERT,NO ALERT,NO ALERT,0.8939890778987545,12.0,131,0.1875,NO ALERT,20261005,12
Arunachal Pradesh,Upper Siang,5.020833333333333,7.19857259797814,1.4337406004271815,7.19857259797814,0.0,NO ALERT,NO ALERT,NO ALERT,1.268437131144256,12.0,27,5.020833333333333,NO ALERT,20261005,12
Arunachal Pradesh,Upper Subansiri,6.390625,4.529720501861956,0.7088071200957583,4.529720501861956,0.0,NO ALERT,NO ALERT,NO ALERT,0.6970777704122522,12.0,44,6.390625,NO ALERT,20261005,12
Arunachal Pradesh,West Kameng,9.044642857142858,3.72185102510184,0.4114978428543002,3.72185102510184,0.0,NO ALERT,NO ALERT,NO ALERT,0.9563286889879988,12.0,51,9.044642857142858,NO ALERT,20261005,12
Arunachal Pradesh,West Siang,5.5625,5.043048720367968,0.9066155002908706,5.043048720367968,0.0,NO ALERT,NO ALERT,NO ALERT,0.8093848437061991,12.0,64,5.5625,NO ALERT,20261005,12
Assam,Baksa,7.796875,4.2779439634401095,0.5486741756716774,4.2779439634401095,0.0,NO ALERT,NO ALERT,NO ALERT,0.6631194762387888,12.0,52,7.796875,NO ALERT,20261005,12
Assam,Barpeta,2.546875,4.270623509861427,1.6768092308658364,4.270623509861427,0.0,NO ALERT,NO ALERT,NO ALERT,0.6220279726054092,12.0,88,2.546875,NO ALERT,20261005,12
Assam,Biswanath,0.0,5.261935428417709,1.0,0.0,0.0,NO ALERT,NO ALERT,NO ALERT,0.6022512521460072,12.0,80,0.0,NO ALERT,20261005,12
Assam,Bongaigaon,0.875,5.346924611232052,3.0,2.625,0.0,NO ALERT,NO ALERT,NO ALERT,0.7005762294293139,12.0,106,0.875,NO ALERT,20261005,12
Assam,Cachar,1.2291666666666665,6.4442715371750525,3.0,3.6874999999999996,0.0,NO ALERT,NO ALERT,NO ALERT,0.7285936442898466,12.0,99,1.2291666666666665,NO ALERT,20261005,12
Assam,Charaideo,0.1875,5.694152768405333,3.0,0.5625,0.0,NO ALERT,NO ALERT,NO ALERT,0.552677748237198,12.0,104,0.1875,NO ALERT,20261005,12
Assam,Chirang,0.6875,5.451926521977333,3.0,2.0625,0.0,NO ALERT,NO ALERT,NO ALERT,0.5871853912019737,12.0,69,0.6875,NO ALERT,20261005,12
Assam,Darrang,0.59375,4.21062761647244,3.0,1.78125,0.0,NO ALERT,NO ALERT,NO ALERT,0.4790024189602932,12.0,123,0.59375,NO ALERT,20261005,12
Assam,Dhemaji,0.0,5.371290603422955,1.0,0.0,0.0,NO ALERT,NO ALERT,NO ALERT,0.4787439542093229,12.0,128,0.0,NO ALERT,20261005,12
Assam,Dhubri,0.1875,5.727237947747859,3.0,0.5625,0.0,NO ALERT,NO ALERT,NO ALERT,0.9596934617778409,12.0,50,0.1875,NO ALERT,20261005,12
Assam,Dibrugarh,0.015625,5.371645166684095,1.0,0.015625,0.0,NO ALERT,NO ALERT,NO ALERT,0.557157507995799,12.0,133,0.015625,NO ALERT,20261005,12
Assam,Dima Hasao,1.0357142857142856,4.569639355789892,3.0,3.1071428571428568,0.0,NO ALERT,NO ALERT,NO ALERT,0.5110260402164288,12.0,21,1.0357142857142856,NO ALERT,20261005,12
Assam,Goalpara,1.640625,5.1895917424855575,3.0,4.921875,0.0,NO ALERT,NO ALERT,NO ALERT,0.9314777965716723,12.0,79,1.640625,NO ALERT,20261005,12
Assam,Golaghat,0.075,5.587372981999835,1.0,0.075,0.0,NO ALERT,NO ALERT,NO ALERT,1.0597365855061625,12.0,92,0.075,NO ALERT,20261005,12
Assam,Hailakandi,0.78125,6.969037029157354,3.0,2.34375,0.0,NO ALERT,NO ALERT,NO ALERT,0.9139815743020375,12.0,89,0.78125,NO ALERT,20261005,12
Assam,Hojai,4.6875,3.4343538499245905,0.7326621546505793,3.4343538499245905,0.0,NO ALERT,NO ALERT,NO ALERT,0.25031227621483376,12.0,43,4.6875,NO ALERT,20261005,12
Assam,Jorhat,0.03125,4.22726830217528,1.0,0.03125,0.0,NO ALERT,NO ALERT,NO ALERT,0.5243997409790772,12.0,106,0.03125,NO ALERT,20261005,12
Assam,Kamrup Metro,0.0,0.0,1.0,0.0,0.0,NO ALERT,NO ALERT,NO ALERT,1.0,12.0,0,0.0,NO ALERT,20261005,12
Assam,Kamrup Rural,2.4125,4.665663870442404,1.9339539359346751,4.665663870442404,0.0,NO ALERT,NO ALERT,NO ALERT,0.7986467199664838,12.0,81,2.4125,NO ALERT,20261005,12
Assam,Karbi Anglong,0.8854166666666667,3.7854408462366016,3.0,2.65625,0.0,NO ALERT,NO ALERT,NO ALERT,0.6832943161418956,12.0,83,0.8854166666666667,NO ALERT,20261005,12
Assam,Karimganj,0.5416666666666666,6.9789783454921155,3.0,1.625,0.0,NO ALERT,NO ALERT,NO ALERT,0.9145405633265964,12.0,84,0.5416666666666666,NO ALERT,20261005,12
Assam,Kokrajhar,0.5,6.486497493450568,3.0,1.5,0.0,NO ALERT,NO ALERT,NO ALERT,0.6930081456505697,12.0,121,0.5,NO ALERT,20261005,12
Assam,Lakhimpur,0.09375,7.606728222571552,1.0,0.09375,0.0,NO ALERT,NO ALERT,NO ALERT,0.9172247672362478,12.0,94,0.09375,NO ALERT,20261005,12
Assam,Majuli,0.0,3.0933882946429185,1.0,0.0,0.0,NO ALERT,NO ALERT,NO ALERT,0.3838767851212222,12.0,78,0.0,NO ALERT,20261005,12
Assam,Marigaon,2.84375,3.2005068986893517,1.1254529753632885,3.2005068986893517,0.0,NO ALERT,NO ALERT,NO ALERT,0.433434635411025,12.0,142,2.84375,NO ALERT,20261005,12
Assam,Nagaon,0.775,4.393853792225661,3.0,2.325,0.0,NO ALERT,NO ALERT,NO ALERT,0.631653952092338,12.0,111,0.775,NO ALERT,20261005,12
Assam,Nalbari,1.4375,3.562906308696695,2.478543519093353,3.562906308696695,0.0,NO ALERT,NO ALERT,NO ALERT,0.5307854584775286,12.0,93,1.4375,NO ALERT,20261005,12
Assam,Sibsagar,0.0,5.532850440030229,1.0,0.0,0.0,NO ALERT,NO ALERT,NO ALERT,0.57055703544748,12.0,127,0.0,NO ALERT,20261005,12
Assam,Sonitpur,0.22916666666666669,5.00612068447076,3.0,0.6875,0.0,NO ALERT,NO ALERT,NO ALERT,0.7822172523959131,12.0,127,0.22916666666666669,NO ALERT,20261005,12
Assam,South Salmara Mancachar,0.0,0.0,1.0,0.0,0.0,NO ALERT,NO ALERT,NO ALERT,1.0,12.0,0,0.0,NO ALERT,20261005,12
Assam,Tinsukia,0.0,5.253560219558815,1.0,0.0,0.0,NO ALERT,NO ALERT,NO ALERT,0.595182021535273,12.0,139,0.0,NO ALERT,20261005,12
Assam,Udalguri,1.125,4.646761281972062,3.0,3.375,0.0,NO ALERT,NO ALERT,NO ALERT,0.8666639769303079,12.0,57,1.125,NO ALERT,20261005,12
Assam,West Karbi Anglong,3.5625,2.9938159905306008,0.840369400850695,2.9938159905306008,0.0,NO ALERT,NO ALERT,NO ALERT,0.5385041609976445,12.0,59,3.5625,NO ALERT,20261005,12
Bihar,Araria,1.1875,3.4563262750381885,2.9105905474005795,3.456326275038188,0.0,NO ALERT,NO ALERT,NO ALERT,1.5293462316188944,12.0,42,1.1875,NO ALERT,20261005,12
Bihar,Arwal,0.0,2.375503671046806,1.0,0.0,0.0,NO ALERT,NO ALERT,NO ALERT,0.711967073818375,12.0,25,0.0,NO ALERT,20261005,12
Bihar,Aurangabad,0.125,2.435437284076595,3.0,0.375,0.0,NO ALERT,NO ALERT,NO ALERT,1.4030893403165168,12.0,36,0.125,NO ALERT,20261005,12
Bihar,Banka,0.0,3.132104997132739,1.0,0.0,0.0,NO ALERT,NO ALERT,NO ALERT,0.7073628510669502,12.0,33,0.0,NO ALERT,20261005,12
Bihar,Begusarai,0.0,3.9943963094321013,1.0,0.0,0.0,NO ALERT,NO ALERT,NO ALERT,2.108227392460092,12.0,23,0.0,NO ALERT,20261005,12
Bihar,Bhagalpur,0.0,2.627949439710406,1.0,0.0,0.0,NO ALERT,NO ALERT,NO ALERT,1.0018767339543682,12.0,29,0.0,NO ALERT,20261005,12
Bihar,Bhojpur,0.2708333333333333,2.089125971707035,3.0,0.8125,0.0,NO ALERT,NO ALERT,NO ALERT,0.9418174637184117,12.0,26,0.2708333333333333,NO ALERT,20261005,12
Bihar,Buxar,0.0625,2.52365475848113,1.0,0.0625,0.0,NO ALERT,NO ALERT,NO ALERT,1.5216466384024703,12.0,26,0.0625,NO ALERT,20261005,12
Bihar,Darbhanga,0.484375,3.0944377516179458,3.0,1.453125,0.0,NO ALERT,NO ALERT,NO ALERT,1.1025968862899962,12.0,26,0.484375,NO ALERT,20261005,12
Bihar,Gaya,0.04375,2.9891710743593842,1.0,0.04375,0.0,NO ALERT,NO ALERT,NO ALERT,1.1227209016923867,12.0,35,0.04375,NO ALERT,20261005,12
Bihar,Gopalganj,0.0,2.6663937094429992,1.0,0.0,0.0,NO ALERT,NO ALERT,NO ALERT,0.7780338718843874,12.0,40,0.0,NO ALERT,20261005,12
Bihar,Jahanabad,0.0,2.2700759250415516,1.0,0.0,0.0,NO ALERT,NO ALERT,NO ALERT,1.014291281763302,12.0,25,0.0,NO ALERT,20261005,12
Bihar,Jamui,0.0,3.1000977874516624,1.0,0.0,0.0,NO ALERT,NO ALERT,NO ALERT,0.8917875034701878,12.0,33,0.0,NO ALERT,20261005,12
Bihar,Kaimur,0.09375,2.612368947774444,1.0,0.09375,0.0,NO ALERT,NO ALERT,NO ALERT,0.9399792294492385,12.0,42,0.09375,NO ALERT,20261005,12
Bihar,Katihar,0.046875,2.988929852108433,1.0,0.046875,0.0,NO ALERT,NO ALERT,NO ALERT,0.858005789691521,12.0,26,0.046875,NO ALERT,20261005,12
Bihar,Khagaria,0.0,3.2718804936396753,1.0,0.0,0.0,NO ALERT,NO ALERT,NO ALERT,1.263503931296142,12.0,26,0.0,NO ALERT,20261005,12
Bihar,Kishanganj,0.90625,6.333738160051712,3.0,2.71875,0.0,NO ALERT,NO ALERT,NO ALERT,1.185206624095381,12.0,78,0.90625,NO ALERT,20261005,12
Bihar,Lakhisarai,0.0,2.876037585109336,1.0,0.0,0.0,NO ALERT,NO ALERT,NO ALERT,1.212564973730476,12.0,22,0.0,NO ALERT,20261005,12
Bihar,Madhepura,0.390625,3.0318052939101032,3.0,1.171875,0.0,NO ALERT,NO ALERT,NO ALERT,1.1185938933078656,12.0,27,0.390625,NO ALERT,20261005,12
Bihar,Madhubani,2.8875,2.8097297488377517,0.9730665796840698,2.8097297488377517,0.0,NO ALERT,NO ALERT,NO ALERT,0.7517659303405239,12.0,25,2.8875,NO ALERT,20261005,12
Bihar,Munger,0.0,3.034881180933077,1.0,0.0,0.0,NO ALERT,NO ALERT,NO ALERT,0.8192184486600731,12.0,29,0.0,NO ALERT,20261005,12
Bihar,Muzaffarpur,0.0,2.179447337729882,1.0,0.0,0.0,NO ALERT,NO ALERT,NO ALERT,0.9649289892925915,12.0,27,0.0,NO ALERT,20261005,12
Bihar,Nalanda,0.0625,3.185450972228834,1.0,0.0625,0.0,NO ALERT,NO ALERT,NO ALERT,1.086171768199726,12.0,25,0.0625,NO ALERT,20261005,12
Bihar,Nawada,0.0,2.618970641922461,1.0,0.0,0.0,NO ALERT,NO ALERT,NO ALERT,1.2769629553213262,12.0,31,0.0,NO ALERT,20261005,12
Bihar,Pashchimi Champaran,1.40625,3.2414981748092258,2.305065368753227,3.2414981748092253,0.0,NO ALERT,NO ALERT,NO ALERT,1.2037103576585602,12.0,31,1.40625,NO ALERT,20261005,12
Bihar,Patna,0.0,2.822759026765279,1.0,0.0,0.0,NO ALERT,NO ALERT,NO ALERT,1.3422325217342364,12.0,20,0.0,NO ALERT,20261005,12
Bihar,Purbi Champaran,0.0125,2.685162770417455,1.0,0.0125,0.0,NO ALERT,NO ALERT,NO ALERT,1.0205084781687155,12.0,24,0.0125,NO ALERT,20261005,12
Bihar,Purnia,0.25,3.033360581698755,3.0,0.75,0.0,NO ALERT,NO ALERT,NO ALERT,0.9164704005676114,12.0,33,0.25,NO ALERT,20261005,12
Bihar,Rohtas,0.65,2.513983956391681,3.0,1.9500000000000002,0.0,NO ALERT,NO ALERT,NO ALERT,1.18382736419813,12.0,43,0.65,NO ALERT,20261005,12
Bihar,Saharsa,0.27083333333333337,2.4902998519746684,3.0,0.8125000000000001,0.0,NO ALERT,NO ALERT,NO ALERT,0.7964825094345875,12.0,33,0.27083333333333337,NO ALERT,20261005,12
Bihar,Samastipur,0.15625,2.8895152297228166,3.0,0.46875,0.0,NO ALERT,NO ALERT,NO ALERT,0.886991051886425,12.0,24,0.15625,NO ALERT,20261005,12
Bihar,Saran,0.0,2.5393695453340057,1.0,0.0,0.0,NO ALERT,NO ALERT,NO ALERT,0.6373885066382401,12.0,28,0.0,NO ALERT,20261005,12
Bihar,Sheikhpura,0.0,2.2952085739741586,1.0,0.0,0.0,NO ALERT,NO ALERT,NO ALERT,1.4113127818784081,12.0,23,0.0,NO ALERT,20261005,12
Bihar,Sheohar,0.0,2.3062907262615964,1.0,0.0,0.0,NO ALERT,NO ALERT,NO ALERT,0.6293989798657718,12.0,26,0.0,NO ALERT,20261005,12
Bihar,Sitamarhi,0.125,2.3511557362055124,3.0,0.375,0.0,NO ALERT,NO ALERT,NO ALERT,0.7522355554378762,12.0,24,0.125,NO ALERT,20261005,12
Bihar,Siwan,0.0,3.14775998997906,1.0,0.0,0.0,NO ALERT,NO ALERT,NO ALERT,0.6792703216478595,12.0,29,0.0,NO ALERT,20261005,12
Bihar,Supaul,3.6458333333333335,4.323036430327043,1.1857471351754176,4.323036430327043,0.0,NO ALERT,NO ALERT,NO ALERT,1.1414227389688363,12.0,29,3.6458333333333335,NO ALERT,20261005,12
Bihar,Vaishali,0.0,2.5530183405653664,1.0,0.0,0.0,NO ALERT,NO ALERT,NO ALERT,0.8978500266464695,12.0,29,0.0,NO ALERT,20261005,12
Chandigarh,Chandigarh,0.0,3.3424762437196627,1.0,0.0,0.0,NO ALERT,NO ALERT,NO ALERT,0.5067023055881203,12.0,6,0.0,NO ALERT,20261005,12
Chhattisgarh,Balod,0.45,3.9925766092620485,3.0,1.35,0.0,NO ALERT,NO ALERT,NO ALERT,1.3603373033609396,12.0,52,0.45,NO ALERT,20261005,12
Chhattisgarh,Baloda Bazar,2.625,3.1541568209693587,1.20158355084547,3.1541568209693587,0.0,NO ALERT,NO ALERT,NO ALERT,0.9878404409910102,12.0,59,2.625,NO ALERT,20261005,12
Chhattisgarh,Balrampur,0.5,5.02508887404003,3.0,1.5,0.0,NO ALERT,NO ALERT,NO ALERT,1.8408845510104943,12.0,61,0.5,NO ALERT,20261005,12
Chhattisgarh,Bastar,0.17708333333333334,5.125610673526242,3.0,0.53125,0.0,NO ALERT,NO ALERT,NO ALERT,1.4993387668532334,12.0,72,0.17708333333333334,NO ALERT,20261005,12
Chhattisgarh,Bemetara,1.2708333333333335,2.507864930001024,1.973401912131953,2.507864930001024,0.0,NO ALERT,NO ALERT,NO ALERT,0.8877039140431486,12.0,67,1.2708333333333335,NO ALERT,20261005,12
Chhattisgarh,Bijapur,0.07291666666666667,5.50271587529343,1.0,0.07291666666666667,0.0,NO ALERT,NO ALERT,NO ALERT,1.2165372203920033,12.0,49,0.07291666666666667,NO ALERT,20261005,12
Chhattisgarh,Bilaspur,0.7708333333333334,3.6088626323939734,3.0,2.3125,0.0,NO ALERT,NO ALERT,NO ALERT,1.1104804743541148,12.0,99,0.7708333333333334,NO ALERT,20261005,12
Chhattisgarh,Dakshin Bastar Dantewada,0.015625,5.075727389661008,1.0,0.015625,0.0,NO ALERT,NO ALERT,NO ALERT,1.2539736271896094,12.0,43,0.015625,NO ALERT,20261005,12
Chhattisgarh,Dhamtari,0.11458333333333333,3.684211281057634,3.0,0.34375,0.0,NO ALERT,NO ALERT,NO ALERT,1.3546471426635958,12.0,72,0.11458333333333333,NO ALERT,20261005,12
Chhattisgarh,Durg,1.078125,2.753384738956412,2.5538641056987013,2.753384738956412,0.0,NO ALERT,NO ALERT,NO ALERT,1.0499147480182536,12.0,80,1.078125,NO ALERT,20261005,12
Chhattisgarh,Gariyaband,0.05357142857142857,4.056722768205136,1.0,0.05357142857142857,0.0,NO ALERT,NO ALERT,NO ALERT,1.3335009928235075,12.0,56,0.05357142857142857,NO ALERT,20261005,12
Chhattisgarh,Gaurela-Pendra-Marwahi,0.15625,3.6334048276180275,3.0,0.46875,0.0,NO ALERT,NO ALERT,NO ALERT,0.8529097057089845,12.0,79,0.15625,NO ALERT,20261005,12
Chhattisgarh,Janjgir - Champa,0.4464285714285714,3.9216228504557664,3.0,1.3392857142857142,0.0,NO ALERT,NO ALERT,NO ALERT,0.8697582285928335,12.0,64,0.4464285714285714,NO ALERT,20261005,12
Chhattisgarh,Jashpur,0.19791666666666666,3.589002029556934,3.0,0.59375,0.0,NO ALERT,NO ALERT,NO ALERT,0.7830080190387594,12.0,103,0.19791666666666666,NO ALERT,20261005,12
Chhattisgarh,Kabirdham,0.9375,2.442919880386493,2.6057812057455925,2.442919880386493,0.0,NO ALERT,NO ALERT,NO ALERT,0.6788568328943533,12.0,66,0.9375,NO ALERT,20261005,12
Chhattisgarh,Kondagaon,0.06944444444444445,3.718748988803119,1.0,0.06944444444444445,0.0,NO ALERT,NO ALERT,NO ALERT,1.6419197328431543,12.0,42,0.06944444444444445,NO ALERT,20261005,12
Chhattisgarh,Korba,0.39375,3.385244747779957,3.0,1.18125,0.0,NO ALERT,NO ALERT,NO ALERT,0.9070439238514617,12.0,110,0.39375,NO ALERT,20261005,12
Chhattisgarh,Korea,0.022727272727272728,3.6948533652394384,1.0,0.022727272727272728,0.0,NO ALERT,NO ALERT,NO ALERT,1.0468646508416424,12.0,72,0.022727272727272728,NO ALERT,20261005,12
Chhattisgarh,Mahasamund,0.5982142857142858,3.578157983134171,3.0,1.7946428571428574,0.0,NO ALERT,NO ALERT,NO ALERT,1.281678830456588,12.0,94,0.5982142857142858,NO ALERT,20261005,12
Chhattisgarh,Mungeli,0.6666666666666667,3.7271646703895365,3.0,2.0,0.0,NO ALERT,NO ALERT,NO ALERT,1.1436516578375366,12.0,74,0.6666666666666667,NO ALERT,20261005,12
Chhattisgarh,Narainpur,0.65625,4.497589450509853,3.0,1.96875,0.0,NO ALERT,NO ALERT,NO ALERT,1.5157341020971113,12.0,46,0.65625,NO ALERT,20261005,12
Chhattisgarh,Raigarh,0.3181818181818182,3.7652820813255024,3.0,0.9545454545454546,0.0,NO ALERT,NO ALERT,NO ALERT,1.0659467767171882,12.0,107,0.3181818181818182,NO ALERT,20261005,12
Chhattisgarh,Raipur,0.8958333333333334,3.1097190052406973,3.0,2.6875,0.0,NO ALERT,NO ALERT,NO ALERT,1.1188572766696319,12.0,80,0.8958333333333334,NO ALERT,20261005,12
Chhattisgarh,Raj Nandgaon,1.4261363636363638,3.440559333345736,2.4125037556527866,3.440559333345736,0.0,NO ALERT,NO ALERT,NO ALERT,1.1243865298957516,12.0,84,1.4261363636363638,NO ALERT,20261005,12
Chhattisgarh,Sukma,0.017857142857142856,4.648582034148348,1.0,0.017857142857142856,0.0,NO ALERT,NO ALERT,NO ALERT,1.4570945142579954,12.0,49,0.017857142857142856,NO ALERT,20261005,12
Chhattisgarh,Surajpur,0.125,3.9400623277493128,3.0,0.375,0.0,NO ALERT,NO ALERT,NO ALERT,1.2465136539882828,12.0,71,0.125,NO ALERT,20261005,12
Chhattisgarh,Surguja,0.4,3.0772403969870856,3.0,1.2000000000000002,0.0,NO ALERT,NO ALERT,NO ALERT,0.9208091395020512,12.0,108,0.4,NO ALERT,20261005,12
Chhattisgarh,Uttar Bastar Kanker,0.041666666666666664,4.337277670336188,1.0,0.041666666666666664,0.0,NO ALERT,NO ALERT,NO ALERT,1.459538560808309,12.0,52,0.041666666666666664,NO ALERT,20261005,12
Dadra & Nagar Haveli & Daman & Diu,Dadra & Nagar Haveli,0.0,9.264040700499326,1.0,0.0,0.0,NO ALERT,NO ALERT,NO ALERT,4.0,12.0,26,0.0,NO ALERT,20261005,12
Dadra & Nagar Haveli & Daman & Diu,Daman,0.0,0.0,1.0,0.0,0.0,NO ALERT,NO ALERT,NO ALERT,1.0,12.0,0,0.0,NO ALERT,20261005,12
Dadra & Nagar Haveli & Daman & Diu,Diu,0.0,0.0,1.0,0.0,0.0,NO ALERT,NO ALERT,NO ALERT,1.0,12.0,0,0.0,NO ALERT,20261005,12
Delhi,Central,0.0,0.0,1.0,0.0,0.0,NO ALERT,NO ALERT,NO ALERT,1.0,12.0,0,0.0,NO ALERT,20261005,12
Delhi,East,0.0,0.0,1.0,0.0,0.0,NO ALERT,NO ALERT,NO ALERT,1.0,12.0,0,0.0,NO ALERT,20261005,12
Delhi,New Delhi,0.0,0.0,1.0,0.0,0.0,NO ALERT,NO ALERT,NO ALERT,1.0,12.0,0,0.0,NO ALERT,20261005,12
Delhi,North,0.0,0.0,1.0,0.0,0.0,NO ALERT,NO ALERT,NO ALERT,1.0,12.0,0,0.0,NO ALERT,20261005,12
Delhi,North East,0.0,1.2916669577156028,1.0,0.0,0.0,NO ALERT,NO ALERT,NO ALERT,0.8216802144772117,12.0,7,0.0,NO ALERT,20261005,12
Delhi,North West,0.0,2.4854413765546393,1.0,0.0,0.0,NO ALERT,NO ALERT,NO ALERT,1.6763833985904466,12.0,6,0.0,NO ALERT,20261005,12
Delhi,Shahadra,0.0,0.0,1.0,0.0,0.0,NO ALERT,NO ALERT,NO ALERT,1.0,12.0,0,0.0,NO ALERT,20261005,12
Delhi,South,0.0,0.0,1.0,0.0,0.0,NO ALERT,NO ALERT,NO ALERT,1.0,12.0,0,0.0,NO ALERT,20261005,12
Delhi,South East,0.0,1.983105286425107,1.0,0.0,0.0,NO ALERT,NO ALERT,NO ALERT,1.589659661016949,12.0,8,0.0,NO ALERT,20261005,12
Delhi,South West,0.0,0.0,1.0,0.0,0.0,NO ALERT,NO ALERT,NO ALERT,1.0,12.0,0,0.0,NO ALERT,20261005,12
Delhi,West,0.0,0.0,1.0,0.0,0.0,NO ALERT,NO ALERT,NO ALERT,1.0,12.0,0,0.0,NO ALERT,20261005,12
Disputed (Madhya Pradesh & Gujarat),Disputed (Alirajpur & Dahod),0.0,0.0,1.0,0.0,0.0,NO ALERT,NO ALERT,NO ALERT,1.0,12.0,0,0.0,NO ALERT,20261005,12
Disputed (Madhya Pradesh & Rajasthan),Disputed (Baran & Sheopur,0.0,0.0,1.0,0.0,0.0,NO ALERT,NO ALERT,NO ALERT,1.0,12.0,0,0.0,NO ALERT,20261005,12
Disputed (Madhya Pradesh & Rajasthan),Disputed (Mandsaur & Jhalawar),0.0,0.0,1.0,0.0,0.0,NO ALERT,NO ALERT,NO ALERT,1.0,12.0,0,0.0,NO ALERT,20261005,12
Disputed (Madhya Pradesh & Rajasthan),Disputed (Nimach & Chittaurgarh ),0.0,0.0,1.0,0.0,0.0,NO ALERT,NO ALERT,NO ALERT,1.0,12.0,0,0.0,NO ALERT,20261005,12
Disputed (Madhya Pradesh & Rajasthan),Disputed (Ratlam & Banswara),0.0,0.0,1.0,0.0,0.0,NO ALERT,NO ALERT,NO ALERT,1.0,12.0,0,0.0,NO ALERT,20261005,12
Disputed (Rajathan & Gujarat),Disputed (Sabar Kantha & Sirohi),0.0,0.0,1.0,0.0,0.0,NO ALERT,NO ALERT,NO ALERT,1.0,12.0,0,0.0,NO ALERT,20261005,12
Disputed (Rajathan & Gujarat),Disputed (Sabar Kantha & Udaipur),0.0,0.0,1.0,0.0,0.0,NO ALERT,NO ALERT,NO ALERT,1.0,12.0,0,0.0,NO ALERT,20261005,12
"Disputed (West Bengal , Bihar & Jharkhand)","Disputed (Sahibganj, Maldah & Katihar)",0.0,0.0,1.0,0.0,0.0,NO ALERT,NO ALERT,NO ALERT,1.0,12.0,0,0.0,NO ALERT,20261005,12
Goa,North Goa,2.21875,13.505431099511581,3.0,6.65625,0.0,NO ALERT,NO ALERT,NO ALERT,1.6412488439188915,12.0,57,2.21875,NO ALERT,20261005,12
Goa,South Goa,1.3333333333333335,14.29902814466115,3.0,4.0,0.0,NO ALERT,NO ALERT,NO ALERT,2.0366883631464066,12.0,60,1.3333333333333335,NO ALERT,20261005,12
Gujarat,Ahmadabad,0.0,2.4310197110472256,1.0,0.0,0.0,NO ALERT,NO ALERT,NO ALERT,1.2631224755201809,12.0,34,0.0,NO ALERT,20261005,12
Gujarat,Amreli,0.0,2.592309368779398,1.0,0.0,0.0,NO ALERT,NO ALERT,NO ALERT,1.395045847986563,12.0,28,0.0,NO ALERT,20261005,12
Gujarat,Anand,0.0,3.065482129160672,1.0,0.0,0.0,NO ALERT,NO ALERT,NO ALERT,0.8819218839960626,12.0,34,0.0,NO ALERT,20261005,12
Gujarat,Aravalli,0.0,3.155142322852187,1.0,0.0,0.0,NO ALERT,NO ALERT,NO ALERT,0.6396312882225291,12.0,32,0.0,NO ALERT,20261005,12
Gujarat,Banas Kantha,0.0,2.7460388604391652,1.0,0.0,0.0,NO ALERT,NO ALERT,NO ALERT,0.7279916543817905,12.0,34,0.0,NO ALERT,20261005,12
Gujarat,Bharuch,0.0,3.9169908557036157,1.0,0.0,0.0,NO ALERT,NO ALERT,NO ALERT,1.1940806607620285,12.0,38,0.0,NO ALERT,20261005,12
Gujarat,Bhavnagar,0.0,2.9325503847257006,1.0,0.0,0.0,NO ALERT,NO ALERT,NO ALERT,0.9037072567491505,12.0,32,0.0,NO ALERT,20261005,12
Gujarat,Botad,0.0,2.5284874577500505,1.0,0.0,0.0,NO ALERT,NO ALERT,NO ALERT,1.2819913744549032,12.0,17,0.0,NO ALERT,20261005,12
Gujarat,Chhota Udepur,0.0,3.907033213108914,1.0,0.0,0.0,NO ALERT,NO ALERT,NO ALERT,0.7870903985289456,12.0,18,0.0,NO ALERT,20261005,12
Gujarat,Dahod,0.0,2.9975135874870706,1.0,0.0,0.0,NO ALERT,NO ALERT,NO ALERT,0.6404378928520236,12.0,34,0.0,NO ALERT,20261005,12
Gujarat,Dangs,0.0,6.600081143191416,1.0,0.0,0.0,NO ALERT,NO ALERT,NO ALERT,2.4845850162555734,12.0,18,0.0,NO ALERT,20261005,12
Gujarat,Devbhumi Dwarka,0.0,2.851680815698116,1.0,0.0,0.0,NO ALERT,NO ALERT,NO ALERT,1.2795672683318056,12.0,5,0.0,NO ALERT,20261005,12
Gujarat,Gandhinagar,0.0,2.881161016116948,1.0,0.0,0.0,NO ALERT,NO ALERT,NO ALERT,0.9812552696642485,12.0,35,0.0,NO ALERT,20261005,12
Gujarat,Gir Somnath,0.0,3.7658895706630324,1.0,0.0,0.0,NO ALERT,NO ALERT,NO ALERT,0.25,12.0,5,0.0,NO ALERT,20261005,12
Gujarat,Jamnagar,0.0,2.194224874661666,1.0,0.0,0.0,NO ALERT,NO ALERT,NO ALERT,1.4613751788798421,12.0,10,0.0,NO ALERT,20261005,12
Gujarat,Junagadh,0.0,3.51111699990622,1.0,0.0,0.0,NO ALERT,NO ALERT,NO ALERT,1.0141134825701166,12.0,21,0.0,NO ALERT,20261005,12
Gujarat,Kachchh,0.0010775862068965517,2.0181348137085906,1.0,0.0010775862068965517,0.0,NO ALERT,NO ALERT,NO ALERT,1.7142864517938703,12.0,16,0.0010775862068965517,NO ALERT,20261005,12
Gujarat,Kheda,0.0,3.1021524381719225,1.0,0.0,0.0,NO ALERT,NO ALERT,NO ALERT,0.7899055622482046,12.0,31,0.0,NO ALERT,20261005,12
Gujarat,Mahesana,0.0,2.583114190232944,1.0,0.0,0.0,NO ALERT,NO ALERT,NO ALERT,0.7924447667612678,12.0,38,0.0,NO ALERT,20261005,12
Gujarat,Mahisagar,0.0,3.628459110556672,1.0,0.0,0.0,NO ALERT,NO ALERT,NO ALERT,1.1354764498397423,12.0,27,0.0,NO ALERT,20261005,12
Gujarat,Morbi,0.0,2.2450140862169796,1.0,0.0,0.0,NO ALERT,NO ALERT,NO ALERT,1.7172288222596321,12.0,15,0.0,NO ALERT,20261005,12
Gujarat,Narmada,0.0,5.34905416001502,1.0,0.0,0.0,NO ALERT,NO ALERT,NO ALERT,1.7823771733290503,12.0,31,0.0,NO ALERT,20261005,12
Gujarat,Navsari,0.0,6.1155705042642685,1.0,0.0,0.0,NO ALERT,NO ALERT,NO ALERT,3.2626000129418395,12.0,47,0.0,NO ALERT,20261005,12
Gujarat,Panch Mahals,0.0,3.007779698579075,1.0,0.0,0.0,NO ALERT,NO ALERT,NO ALERT,0.7463368834014186,12.0,30,0.0,NO ALERT,20261005,12
Gujarat,Patan,0.0,1.9577827349042705,1.0,0.0,0.0,NO ALERT,NO ALERT,NO ALERT,0.7292191662272469,12.0,32,0.0,NO ALERT,20261005,12
Gujarat,Porbandar,0.0,3.215348396795253,1.0,0.0,0.0,NO ALERT,NO ALERT,NO ALERT,0.9425753240195252,12.0,4,0.0,NO ALERT,20261005,12
Gujarat,Rajkot,0.0,2.407883575893428,1.0,0.0,0.0,NO ALERT,NO ALERT,NO ALERT,1.8825259864162702,12.0,16,0.0,NO ALERT,20261005,12
Gujarat,Sabar Kantha,0.0,4.003182419848769,1.0,0.0,0.0,NO ALERT,NO ALERT,NO ALERT,0.7956143097693339,12.0,41,0.0,NO ALERT,20261005,12
Gujarat,Surat,0.0,4.176840564914762,1.0,0.0,0.0,NO ALERT,NO ALERT,NO ALERT,1.4458976905360579,12.0,37,0.0,NO ALERT,20261005,12
Gujarat,Surendranagar,0.0,2.001948280697445,1.0,0.0,0.0,NO ALERT,NO ALERT,NO ALERT,1.2255994037557847,12.0,25,0.0,NO ALERT,20261005,12
Gujarat,Tapi,0.0,5.032464167152502,1.0,0.0,0.0,NO ALERT,NO ALERT,NO ALERT,2.473722191583743,12.0,14,0.0,NO ALERT,20261005,12
Gujarat,Vadodara,0.0,3.388509521555138,1.0,0.0,0.0,NO ALERT,NO ALERT,NO ALERT,0.7516173354377182,12.0,30,0.0,NO ALERT,20261005,12
Gujarat,Valsad,0.0,8.312652764760264,1.0,0.0,0.0,NO ALERT,NO ALERT,NO ALERT,3.428501410021857,12.0,50,0.0,NO ALERT,20261005,12
Haryana,Ambala,0.0,2.6968875120457723,1.0,0.0,0.0,NO ALERT,NO ALERT,NO ALERT,0.8128663943704078,12.0,13,0.0,NO ALERT,20261005,12
Haryana,Bhiwani,0.0,1.5190118746316597,1.0,0.0,0.0,NO ALERT,NO ALERT,NO ALERT,1.8531177537755454,12.0,8,0.0,NO ALERT,20261005,12
Haryana,Charkhi Dadri,0.0,2.3399602686705654,1.0,0.0,0.0,NO ALERT,NO ALERT,NO ALERT,2.2070051582135175,12.0,5,0.0,NO ALERT,20261005,12
Haryana,Faridabad,0.0,0.0,1.0,0.0,0.0,NO ALERT,NO ALERT,NO ALERT,0.3289900595548786,12.0,8,0.0,NO ALERT,20261005,12
Haryana,Fatehabad,0.0,1.5397196598504095,1.0,0.0,0.0,NO ALERT,NO ALERT,NO ALERT,0.37346044225633657,12.0,4,0.0,NO ALERT,20261005,12
Haryana,Gurugram,0.0,2.832598946774251,1.0,0.0,0.0,NO ALERT,NO ALERT,NO ALERT,2.4126235173552204,12.0,6,0.0,NO ALERT,20261005,12
Haryana,Hisar,0.0,1.656386007460421,1.0,0.0,0.0,NO ALERT,NO ALERT,NO ALERT,0.8056310783034377,12.0,5,0.0,NO ALERT,20261005,12
Haryana,Jhajjar,0.0,2.458093470933775,1.0,0.0,0.0,NO ALERT,NO ALERT,NO ALERT,0.8378188645452711,12.0,14,0.0,NO ALERT,20261005,12
Haryana,Jind,0.0,1.283155480917186,1.0,0.0,0.0,NO ALERT,NO ALERT,NO ALERT,0.25,12.0,14,0.0,NO ALERT,20261005,12
Haryana,Kaithal,0.0,1.780808362670957,1.0,0.0,0.0,NO ALERT,NO ALERT,NO ALERT,0.25,12.0,9,0.0,NO ALERT,20261005,12
Haryana,Karnal,0.0,1.971671396203033,1.0,0.0,0.0,NO ALERT,NO ALERT,NO ALERT,0.33354755957767,12.0,10,0.0,NO ALERT,20261005,12
Haryana,Kurukshetra,0.0,2.6314109984870373,1.0,0.0,0.0,NO ALERT,NO ALERT,NO ALERT,0.677990448507201,12.0,11,0.0,NO ALERT,20261005,12
Haryana,Mahendragarh,0.0,2.597586792921775,1.0,0.0,0.0,NO ALERT,NO ALERT,NO ALERT,0.7533780199818347,12.0,12,0.0,NO ALERT,20261005,12
Haryana,Mewat,0.0,2.450242869984614,1.0,0.0,0.0,NO ALERT,NO ALERT,NO ALERT,1.6299019607843137,12.0,10,0.0,NO ALERT,20261005,12
Haryana,Palwal,0.0,1.7558784209293863,1.0,0.0,0.0,NO ALERT,NO ALERT,NO ALERT,1.3239947111564114,12.0,11,0.0,NO ALERT,20261005,12
Haryana,Panchkula,0.0,4.383461921335492,1.0,0.0,0.0,NO ALERT,NO ALERT,NO ALERT,1.0535645235537825,12.0,15,0.0,NO ALERT,20261005,12
Haryana,Panipat,0.0,2.0180696275952745,1.0,0.0,0.0,NO ALERT,NO ALERT,NO ALERT,0.25,12.0,14,0.0,NO ALERT,20261005,12
Haryana,Rewari,0.0,2.422718656267205,1.0,0.0,0.0,NO ALERT,NO ALERT,NO ALERT,0.6148625976934358,12.0,14,0.0,NO ALERT,20261005,12
Haryana,Rohtak,0.0,2.1793504667132413,1.0,0.0,0.0,NO ALERT,NO ALERT,NO ALERT,0.8575876568499154,12.0,15,0.0,NO ALERT,20261005,12
Haryana,Sirsa,0.0,1.5294669070778646,1.0,0.0,0.0,NO ALERT,NO ALERT,NO ALERT,1.0,12.0,0,0.0,NO ALERT,20261005,12
Haryana,Sonipat,0.0,1.947133039734135,1.0,0.0,0.0,NO ALERT,NO ALERT,NO ALERT,0.5327335696832348,12.0,6,0.0,NO ALERT,20261005,12
Haryana,Yamunanagar,0.020833333333333332,3.3414516071070275,1.0,0.020833333333333332,0.0,NO ALERT,NO ALERT,NO ALERT,0.842998341525681,12.0,12,0.020833333333333332,NO ALERT,20261005,12
Himachal Pradesh,Bilaspur,0.0,4.557276909145182,1.0,0.0,0.0,NO ALERT,NO ALERT,NO ALERT,0.717362880416746,12.0,23,0.0,NO ALERT,20261005,12
Himachal Pradesh,Chamba,1.9147727272727273,4.028085545694472,2.103688593597113,4.028085545694472,0.0,NO ALERT,NO ALERT,NO ALERT,1.3356470700333491,12.0,7,1.9147727272727273,NO ALERT,20261005,12
Himachal Pradesh,Hamirpur,0.0,5.297622990618422,1.0,0.0,0.0,NO ALERT,NO ALERT,NO ALERT,0.8451677298398229,12.0,26,0.0,NO ALERT,20261005,12
Himachal Pradesh,Kangra,0.6640625,6.058689285748422,3.0,1.9921875,0.0,NO ALERT,NO ALERT,NO ALERT,1.3609630664207406,12.0,17,0.6640625,NO ALERT,20261005,12
Himachal Pradesh,Kinnaur,0.48125,1.2464642663402101,2.590055618369268,1.2464642663402101,0.0,NO ALERT,NO ALERT,NO ALERT,0.9336397942224086,12.0,15,0.48125,NO ALERT,20261005,12
Himachal Pradesh,Kullu,1.4583333333333333,4.064952842689359,2.787396234986989,4.064952842689359,0.0,NO ALERT,NO ALERT,NO ALERT,0.9383086500434142,12.0,10,1.4583333333333333,NO ALERT,20261005,12
Himachal Pradesh,Lahul & Spiti,0.47916666666666663,1.9885549933670863,3.0,1.4375,0.0,NO ALERT,NO ALERT,NO ALERT,1.0,12.0,0,0.47916666666666663,NO ALERT,20261005,12
Himachal Pradesh,Mandi,0.6625000000000001,5.930121652994254,3.0,1.9875000000000003,0.0,NO ALERT,NO ALERT,NO ALERT,0.657921261829653,12.0,18,0.6625000000000001,NO ALERT,20261005,12
Himachal Pradesh,Shimla,0.9791666666666667,3.58805256580744,3.0,2.9375,0.0,NO ALERT,NO ALERT,NO ALERT,0.9309267279630177,12.0,24,0.9791666666666667,NO ALERT,20261005,12
Himachal Pradesh,Sirmaur,1.075,5.561047621083587,3.0,3.2249999999999996,0.0,NO ALERT,NO ALERT,NO ALERT,1.4924026160818475,12.0,41,1.075,NO ALERT,20261005,12
Himachal Pradesh,Solan,0.0,5.007781369405794,1.0,0.0,0.0,NO ALERT,NO ALERT,NO ALERT,0.7222740570214273,12.0,17,0.0,NO ALERT,20261005,12
Himachal Pradesh,Una,0.0,4.760764894001696,1.0,0.0,0.0,NO ALERT,NO ALERT,NO ALERT,1.1564406048649136,12.0,23,0.0,NO ALERT,20261005,12
Jammu And Kashmir,Anantnag,2.1875,2.4902709885751277,1.1384095947772013,2.4902709885751277,0.0,NO ALERT,NO ALERT,NO ALERT,2.007189632478898,12.0,4,2.1875,NO ALERT,20261005,12
Jammu And Kashmir,Badgam,1.4166666666666665,1.577951833027411,1.1138483527252314,1.577951833027411,0.0,NO ALERT,NO ALERT,NO ALERT,0.25,12.0,3,1.4166666666666665,NO ALERT,20261005,12
Jammu And Kashmir,Bandipura,1.5729166666666665,2.050211225599731,1.3034455474011535,2.050211225599731,0.0,NO ALERT,NO ALERT,NO ALERT,0.6782750929368029,12.0,1,1.5729166666666665,NO ALERT,20261005,12
Jammu And Kashmir,Baramula,0.14583333333333334,2.1735210149867896,3.0,0.4375,0.0,NO ALERT,NO ALERT,NO ALERT,0.5337082828282829,12.0,1,0.14583333333333334,NO ALERT,20261005,12
Jammu And Kashmir,Doda,1.640625,3.6005639803685145,2.194629473748428,3.6005639803685145,0.0,NO ALERT,NO ALERT,NO ALERT,1.0425453732811947,12.0,9,1.640625,NO ALERT,20261005,12
Jammu And Kashmir,Ganderbal,0.6875,2.1019526058136058,3.0,2.0625,0.0,NO ALERT,NO ALERT,NO ALERT,0.6477307692307692,12.0,1,0.6875,NO ALERT,20261005,12
Jammu And Kashmir,Jammu,0.0,6.595292293482447,1.0,0.0,0.0,NO ALERT,NO ALERT,NO ALERT,2.178111121181909,12.0,13,0.0,NO ALERT,20261005,12
Jammu And Kashmir,Kathua,0.5125000000000001,6.077323382664217,3.0,1.5375,0.0,NO ALERT,NO ALERT,NO ALERT,2.180164553686934,12.0,15,0.5125000000000001,NO ALERT,20261005,12
Jammu And Kashmir,Kishtwar,3.45703125,2.65731359442747,0.7686692431338219,2.65731359442747,0.0,NO ALERT,NO ALERT,NO ALERT,1.6432172206707871,12.0,3,3.45703125,NO ALERT,20261005,12
Jammu And Kashmir,Kulgam,2.40625,2.3556028024076596,0.9789518139875988,2.3556028024076596,0.0,NO ALERT,NO ALERT,NO ALERT,1.0375517764708593,12.0,4,2.40625,NO ALERT,20261005,12
Jammu And Kashmir,Kupwara,0.6875,2.067847021847759,3.0,2.0625,0.0,NO ALERT,NO ALERT,NO ALERT,0.6532316848646983,12.0,5,0.6875,NO ALERT,20261005,12
Jammu And Kashmir,Mirpur,0.0,3.8848504637134127,1.0,0.0,0.0,NO ALERT,NO ALERT,NO ALERT,0.5030531381279131,12.0,8,0.0,NO ALERT,20261005,12
Jammu And Kashmir,Muzaffarabad,1.475,2.220798727584212,1.5056262559892961,2.220798727584212,0.0,NO ALERT,NO ALERT,NO ALERT,0.6335170622462649,12.0,4,1.475,NO ALERT,20261005,12
Jammu And Kashmir,Pulwama,1.75,2.106416870837342,1.203666783335624,2.106416870837342,0.0,NO ALERT,NO ALERT,NO ALERT,0.6088010394110005,12.0,10,1.75,NO ALERT,20261005,12
Jammu And Kashmir,Punch,0.5208333333333334,2.5223915273230095,3.0,1.5625,0.0,NO ALERT,NO ALERT,NO ALERT,0.5036512744367118,12.0,7,0.5208333333333334,NO ALERT,20261005,12
Jammu And Kashmir,Rajauri,0.041666666666666664,4.7502816872441604,1.0,0.041666666666666664,0.0,NO ALERT,NO ALERT,NO ALERT,0.8030901894559908,12.0,14,0.041666666666666664,NO ALERT,20261005,12
Jammu And Kashmir,Ramban,0.0625,4.847634815710457,1.0,0.0625,0.0,NO ALERT,NO ALERT,NO ALERT,1.4664513215630608,12.0,7,0.0625,NO ALERT,20261005,12
Jammu And Kashmir,Riasi,1.09375,6.05438413370962,3.0,3.28125,0.0,NO ALERT,NO ALERT,NO ALERT,1.1928610140305898,12.0,9,1.09375,NO ALERT,20261005,12
Jammu And Kashmir,Samba,0.0,5.4926196926668895,1.0,0.0,0.0,NO ALERT,NO ALERT,NO ALERT,2.823672108370962,12.0,12,0.0,NO ALERT,20261005,12
Jammu And Kashmir,Shupiyan,2.375,1.133193589338701,0.4771341428794531,1.133193589338701,0.0,NO ALERT,NO ALERT,NO ALERT,0.25,12.0,17,2.375,NO ALERT,20261005,12
Jammu And Kashmir,Srinagar,0.0,0.0,1.0,0.0,0.0,NO ALERT,NO ALERT,NO ALERT,1.0,12.0,0,0.0,NO ALERT,20261005,12
Jammu And Kashmir,Udhampur,0.0,5.312538580099742,1.0,0.0,0.0,NO ALERT,NO ALERT,NO ALERT,1.3295697809278835,12.0,21,0.0,NO ALERT,20261005,12
Jharkhand,Bokaro,1.140625,4.70056228820898,3.0,3.421875,0.0,NO ALERT,NO ALERT,NO ALERT,1.3226232947075227,12.0,59,1.140625,NO ALERT,20261005,12
Jharkhand,Chatra,0.6666666666666666,3.603216330690063,3.0,2.0,0.0,NO ALERT,NO ALERT,NO ALERT,0.9155264527816107,12.0,57,0.6666666666666666,NO ALERT,20261005,12
Jharkhand,Deoghar,0.0,4.163643187631483,1.0,0.0,0.0,NO ALERT,NO ALERT,NO ALERT,1.0239221548029511,12.0,38,0.0,NO ALERT,20261005,12
Jharkhand,Dhanbad,0.3958333333333333,3.861645734949743,3.0,1.1875,0.0,NO ALERT,NO ALERT,NO ALERT,1.4761682328449377,12.0,52,0.3958333333333333,NO ALERT,20261005,12
Jharkhand,Dumka,0.0,3.908078548169299,1.0,0.0,0.0,NO ALERT,NO ALERT,NO ALERT,0.8760152618799861,12.0,38,0.0,NO ALERT,20261005,12
Jharkhand,East Singhbhum,1.7,5.9425169343287,3.0,5.1,0.0,NO ALERT,NO ALERT,NO ALERT,1.4326784683261617,12.0,57,1.7,NO ALERT,20261005,12
Jharkhand,Garhwa,0.3660714285714286,3.2918288280294368,3.0,1.0982142857142858,0.0,NO ALERT,NO ALERT,NO ALERT,1.1118047383287297,12.0,58,0.3660714285714286,NO ALERT,20261005,12
Jharkhand,Giridih,0.2421875,3.512664829245577,3.0,0.7265625,0.0,NO ALERT,NO ALERT,NO ALERT,1.1308070114463706,12.0,51,0.2421875,NO ALERT,20261005,12
Jharkhand,Godda,0.0,3.5694942860162424,1.0,0.0,0.0,NO ALERT,NO ALERT,NO ALERT,0.4525888756540971,12.0,35,0.0,NO ALERT,20261005,12
Jharkhand,Gumla,0.8541666666666666,4.433724703415208,3.0,2.5625,0.0,NO ALERT,NO ALERT,NO ALERT,0.9898697253859439,12.0,96,0.8541666666666666,NO ALERT,20261005,12
Jharkhand,Hazaribagh,0.4583333333333333,3.6907196375094866,3.0,1.375,0.0,NO ALERT,NO ALERT,NO ALERT,1.0882614331148186,12.0,47,0.4583333333333333,NO ALERT,20261005,12
Jharkhand,Jamtara,0.03125,4.9171553119608795,1.0,0.03125,0.0,NO ALERT,NO ALERT,NO ALERT,1.035245183860897,12.0,36,0.03125,NO ALERT,20261005,12
Jharkhand,Khunti,2.0416666666666665,5.64689901684109,2.7658280898813503,5.64689901684109,0.0,NO ALERT,NO ALERT,NO ALERT,1.5218304038311914,12.0,60,2.0416666666666665,NO ALERT,20261005,12
Jharkhand,Kodarma,0.0,3.4950513420515956,1.0,0.0,0.0,NO ALERT,NO ALERT,NO ALERT,0.9290059385127909,12.0,36,0.0,NO ALERT,20261005,12
Jharkhand,Latehar,1.5104166666666665,4.138837377107851,2.740195780705888,4.138837377107851,0.0,NO ALERT,NO ALERT,NO ALERT,1.1278079704618873,12.0,78,1.5104166666666665,NO ALERT,20261005,12
Jharkhand,Lohardaga,2.6875,4.829176806076749,1.796902997609953,4.829176806076749,0.0,NO ALERT,NO ALERT,NO ALERT,1.023608269312638,12.0,78,2.6875,NO ALERT,20261005,12
Jharkhand,Pakur,0.0,3.7423408196397023,1.0,0.0,0.0,NO ALERT,NO ALERT,NO ALERT,0.5946251109285852,12.0,39,0.0,NO ALERT,20261005,12
Jharkhand,Palamu,0.13392857142857142,3.6946009661907553,3.0,0.4017857142857143,0.0,NO ALERT,NO ALERT,NO ALERT,1.0893902464784901,12.0,47,0.13392857142857142,NO ALERT,20261005,12
Jharkhand,Ramgarh,0.5625,4.438717698305846,3.0,1.6875,0.0,NO ALERT,NO ALERT,NO ALERT,1.3240716578738443,12.0,48,0.5625,NO ALERT,20261005,12
Jharkhand,Ranchi,1.1171875,4.795533930505179,3.0,3.3515625,0.0,NO ALERT,NO ALERT,NO ALERT,1.2396271055281138,12.0,69,1.1171875,NO ALERT,20261005,12
Jharkhand,Sahibganj,0.0,4.125715730824087,1.0,0.0,0.0,NO ALERT,NO ALERT,NO ALERT,0.7787647181054229,12.0,34,0.0,NO ALERT,20261005,12
Jharkhand,Saraikela-Kharsawan,2.333333333333333,5.733616504250051,2.457264216107165,5.733616504250051,0.0,NO ALERT,NO ALERT,NO ALERT,1.3026718263183024,12.0,59,2.333333333333333,NO ALERT,20261005,12
Jharkhand,Simdega,1.3125,4.722004674285753,3.0,3.9375,0.0,NO ALERT,NO ALERT,NO ALERT,1.3685053958135636,12.0,98,1.3125,NO ALERT,20261005,12
Jharkhand,West Singhbhum,5.046875,4.9417450829472855,0.9791693043610721,4.9417450829472855,0.0,NO ALERT,NO ALERT,NO ALERT,1.463162441879955,12.0,62,5.046875,NO ALERT,20261005,12
Karnataka,Bagalkot,0.020833333333333332,2.2806914247016743,1.0,0.020833333333333332,0.0,NO ALERT,NO ALERT,NO ALERT,0.5146376861279669,12.0,5,0.020833333333333332,NO ALERT,20261005,12
Karnataka,Ballari,0.6761363636363635,2.2268001976004275,3.0,2.028409090909091,0.0,NO ALERT,NO ALERT,NO ALERT,0.4431576014222864,12.0,3,0.6761363636363635,NO ALERT,20261005,12
Karnataka,Belagavi,0.3014705882352941,2.556751311296037,3.0,0.9044117647058822,0.0,NO ALERT,NO ALERT,NO ALERT,1.0,12.0,0,0.3014705882352941,NO ALERT,20261005,12
Karnataka,Bengaluru Rural,19.833333333333332,2.449085708112205,0.3,5.949999999999999,0.0,MODERATE,NO ALERT,NO ALERT,0.5380207700623632,12.0,5,10.670745272903535,MODERATE,20261005,12
Karnataka,Bengaluru Urban,17.0,2.4747324053606348,0.3,5.1,0.0,MODERATE,NO ALERT,NO ALERT,0.5722936082474227,12.0,8,9.728991340206186,NO ALERT,20261005,12
Karnataka,Bidar,0.0,3.882271862281784,1.0,0.0,0.0,NO ALERT,NO ALERT,NO ALERT,1.0494830325771536,12.0,11,0.0,NO ALERT,20261005,12
Karnataka,Chamarajanagar,27.098214285714285,2.1869505894452392,0.3,8.129464285714285,0.0,MODERATE,NO ALERT,NO ALERT,1.0507559726993294,12.0,6,28.473610510200576,MODERATE,20261005,12
Karnataka,Chik Ballapur,12.0,2.163523850367494,0.3,3.5999999999999996,0.0,MODERATE,NO ALERT,NO ALERT,0.25,12.0,7,12.0,MODERATE,20261005,12
Karnataka,Chikkamagaluru,16.05,4.768645332863886,0.3,4.815,0.0,MODERATE,NO ALERT,NO ALERT,0.5207695460353432,12.0,1,8.358351213867259,NO ALERT,20261005,12
Karnataka,Chitradurga,6.602272727272727,1.895232656917269,0.3,1.980681818181818,0.0,NO ALERT,NO ALERT,NO ALERT,0.8290359172088245,12.0,1,6.602272727272727,NO ALERT,20261005,12
Karnataka,Dakshina Kannada,5.0625,13.074860333218266,2.5826884608826206,13.074860333218266,0.0,NO ALERT,MODERATE,NO ALERT,2.612648515890264,12.0,17,5.0625,NO ALERT,20261005,12
Karnataka,Davangere,6.910714285714286,2.3043943989737627,0.33345241948974347,2.3043943989737627,0.0,NO ALERT,NO ALERT,NO ALERT,1.7125679931291156,12.0,2,6.910714285714286,NO ALERT,20261005,12
Karnataka,Dharwad,0.515625,2.4117541399567504,3.0,1.546875,0.0,NO ALERT,NO ALERT,NO ALERT,1.0,12.0,0,0.515625,NO ALERT,20261005,12
Karnataka,Gadag,0.9609375,2.455198157458783,2.555002960607514,2.455198157458783,0.0,NO ALERT,NO ALERT,NO ALERT,1.077493278138973,12.0,2,0.9609375,NO ALERT,20261005,12
Karnataka,Hassan,18.5875,2.7558190115388124,0.3,5.576249999999999,0.0,MODERATE,NO ALERT,NO ALERT,0.7128552958727001,12.0,2,13.250197812033813,MODERATE,20261005,12
Karnataka,Haveri,3.125,2.199411674925726,0.7038117359762324,2.199411674925726,0.0,NO ALERT,NO ALERT,NO ALERT,1.0,12.0,0,3.125,NO ALERT,20261005,12
Karnataka,Kalaburagi,0.0,3.314758495891203,1.0,0.0,0.0,NO ALERT,NO ALERT,NO ALERT,1.3158268792710708,12.0,2,0.0,NO ALERT,20261005,12
Karnataka,Kodagu,25.109375,4.04941120376836,0.3,7.5328124999999995,0.0,MODERATE,NO ALERT,NO ALERT,0.6640367688843232,12.0,5,16.6735482437048,MODERATE,20261005,12
Karnataka,Kolar,15.166666666666668,2.910933934318829,0.3,4.55,0.0,MODERATE,NO ALERT,NO ALERT,0.409996178343949,12.0,5,6.218275371549894,NO ALERT,20261005,12
Karnataka,Koppal,0.53125,2.501692869797451,3.0,1.59375,0.0,NO ALERT,NO ALERT,NO ALERT,0.4194851463707671,12.0,6,0.53125,NO ALERT,20261005,12
Karnataka,Mandya,16.3046875,3.0783494458036267,0.3,4.89140625,0.0,MODERATE,NO ALERT,NO ALERT,0.6446635988539453,12.0,6,10.511038521938936,MODERATE,20261005,12
Karnataka,Mysuru,19.517857142857142,2.3599357111929917,0.3,5.855357142857143,0.0,MODERATE,NO ALERT,NO ALERT,0.2748066224872005,12.0,2,5.363636399616253,NO ALERT,20261005,12
Karnataka,Raichur,0.005208333333333333,2.6592495039394595,1.0,0.005208333333333333,0.0,NO ALERT,NO ALERT,NO ALERT,0.5704969933732628,12.0,7,0.005208333333333333,NO ALERT,20261005,12
Karnataka,Ramanagaram,18.453125,1.9930165091708099,0.3,5.5359375,0.0,MODERATE,NO ALERT,NO ALERT,0.9820457279651595,12.0,7,18.121812573857085,MODERATE,20261005,12
Karnataka,Shivamogga,5.982954545454545,5.821660515198375,0.9730410737653505,5.821660515198375,0.0,NO ALERT,NO ALERT,NO ALERT,1.0,12.0,0,5.982954545454545,NO ALERT,20261005,12
Karnataka,Tumakuru,11.380681818181818,2.168850454328069,0.3,3.4142045454545453,0.0,MODERATE,NO ALERT,NO ALERT,2.0099429663744766,12.0,6,11.380681818181818,MODERATE,20261005,12
Karnataka,Udupi,2.4125,14.578487922463514,3.0,7.237500000000001,0.0,NO ALERT,NO ALERT,NO ALERT,2.0695922048532864,12.0,69,2.4125,NO ALERT,20261005,12
Karnataka,Uttara Kannada,2.71875,7.907874179106577,2.9086433762231088,7.907874179106577,0.0,NO ALERT,NO ALERT,NO ALERT,1.0,12.0,0,2.71875,NO ALERT,20261005,12
Karnataka,Vijayapura,0.0,2.7813795239199868,1.0,0.0,0.0,NO ALERT,NO ALERT,NO ALERT,0.7094954871214453,12.0,7,0.0,NO ALERT,20261005,12
Karnataka,Yadgir,0.0,2.9562081669053257,1.0,0.0,0.0,NO ALERT,NO ALERT,NO ALERT,1.481697727451443,12.0,1,0.0,NO ALERT,20261005,12
Kerala,Alappuzha,4.34375,9.178790537645554,2.1131028575874655,9.178790537645554,0.0,NO ALERT,NO ALERT,NO ALERT,1.0826791896616736,12.0,14,4.34375,NO ALERT,20261005,12
Kerala,Ernakulam,16.225,10.177863784469153,0.6272951485034917,10.177863784469153,0.0,MODERATE,MODERATE,NO ALERT,1.9693258776539835,12.0,21,31.952312364935885,MODERATE,20261005,12
Kerala,Idukki,18.833333333333332,5.247991607603553,0.3,5.6499999999999995,0.0,MODERATE,NO ALERT,NO ALERT,0.5979633257708427,12.0,12,11.261642635350869,MODERATE,20261005,12
Kerala,Kannur,13.109375,10.566954582174347,0.8060608978059096,10.566954582174347,0.0,MODERATE,MODERATE,NO ALERT,2.0976460013469937,12.0,37,27.498828048908248,MODERATE,20261005,12
Kerala,Kasaragod,0.1875,13.983345633411789,3.0,0.5625,0.0,NO ALERT,NO ALERT,NO ALERT,2.3397753182545955,12.0,50,0.1875,NO ALERT,20261005,12
Kerala,Kollam,14.46875,7.206011433460533,0.4980396671074235,7.206011433460533,0.0,MODERATE,NO ALERT,NO ALERT,1.3936386780211616,12.0,9,20.16420962261868,MODERATE,20261005,12
Kerala,Kottayam,11.6875,11.370481300741844,0.9728754054110669,11.370481300741844,0.0,MODERATE,MODERATE,NO ALERT,3.135412290154971,12.0,18,11.6875,MODERATE,20261005,12
Kerala,Kozhikode,10.979166666666666,9.77419865513093,0.8902495928772004,9.77419865513093,0.0,MODERATE,NO ALERT,NO ALERT,1.9704267737678058,12.0,31,10.979166666666666,MODERATE,20261005,12
Kerala,Malappuram,6.7125,7.624092894494534,1.1358052729228354,7.624092894494533,0.0,NO ALERT,NO ALERT,NO ALERT,1.25145382575612,12.0,21,6.7125,NO ALERT,20261005,12
Kerala,Palakkad,8.625,6.310665639651148,0.7316713785102781,6.310665639651148,0.0,NO ALERT,NO ALERT,NO ALERT,0.7074285730741042,12.0,5,8.625,NO ALERT,20261005,12
Kerala,Pattanamthitta,13.479166666666666,5.576750694501073,0.4137311179846237,5.576750694501073,0.0,MODERATE,NO ALERT,NO ALERT,0.9500350801746501,12.0,7,12.805681184854137,MODERATE,20261005,12
Kerala,Thiruvananthapuram,9.833333333333334,5.379081669810428,0.5470252545569926,5.379081669810428,0.0,NO ALERT,NO ALERT,NO ALERT,0.6755618448496717,12.0,7,9.833333333333334,NO ALERT,20261005,12
Kerala,Trissur,5.0,8.771935168929296,1.7543870337858594,8.771935168929296,0.0,NO ALERT,NO ALERT,NO ALERT,1.8661573770491802,12.0,15,5.0,NO ALERT,20261005,12
Kerala,Wayanad,18.21875,5.060368582616522,0.3,5.465625,0.0,MODERATE,NO ALERT,NO ALERT,0.6360321066550033,12.0,8,11.587709943120842,MODERATE,20261005,12
Ladakh,Kargil,0.0744047619047619,1.2928318124121105,1.0,0.0744047619047619,0.0,NO ALERT,NO ALERT,NO ALERT,1.0,12.0,0,0.0744047619047619,NO ALERT,20261005,12
Ladakh,Leh,0.7883230452674896,0.9695042173644397,1.2298311246698015,0.9695042173644396,0.0,NO ALERT,NO ALERT,NO ALERT,1.0,12.0,0,0.7883230452674896,NO ALERT,20261005,12
Lakshadweep,Lakshadweep,0.0,0.0,1.0,0.0,0.0,NO ALERT,NO ALERT,NO ALERT,1.0,12.0,0,0.0,NO ALERT,20261005,12
Madhya Pradesh,Agar Malwa,0.0,3.2112242809958653,1.0,0.0,0.0,NO ALERT,NO ALERT,NO ALERT,1.4111802804251286,12.0,35,0.0,NO ALERT,20261005,12
Madhya Pradesh,Alirajpur,0.0,3.2360572621144663,1.0,0.0,0.0,NO ALERT,NO ALERT,NO ALERT,0.5513300839596239,12.0,14,0.0,NO ALERT,20261005,12
Madhya Pradesh,Anuppur,0.0,3.750475334957854,1.0,0.0,0.0,NO ALERT,NO ALERT,NO ALERT,0.9208427185749801,12.0,86,0.0,NO ALERT,20261005,12
Madhya Pradesh,Ashoknagar,0.0,4.194420456246698,1.0,0.0,0.0,NO ALERT,NO ALERT,NO ALERT,0.7753265384406933,12.0,56,0.0,NO ALERT,20261005,12
Madhya Pradesh,Balaghat,0.2403846153846154,3.8944276737824506,3.0,0.7211538461538461,0.0,NO ALERT,NO ALERT,NO ALERT,1.0854231087116668,12.0,94,0.2403846153846154,NO ALERT,20261005,12
Madhya Pradesh,Barwani,0.0,2.6780908407362762,1.0,0.0,0.0,NO ALERT,NO ALERT,NO ALERT,0.7410107113442386,12.0,22,0.0,NO ALERT,20261005,12
Madhya Pradesh,Betul,0.0,3.04709852689571,1.0,0.0,0.0,NO ALERT,NO ALERT,NO ALERT,0.49954994639250655,12.0,35,0.0,NO ALERT,20261005,12
Madhya Pradesh,Bhind,0.0,2.578919311544803,1.0,0.0,0.0,NO ALERT,NO ALERT,NO ALERT,1.1181159767035933,12.0,46,0.0,NO ALERT,20261005,12
Madhya Pradesh,Bhopal,0.0,3.573235743466305,1.0,0.0,0.0,NO ALERT,NO ALERT,NO ALERT,0.9576205952021212,12.0,54,0.0,NO ALERT,20261005,12
Madhya Pradesh,Burhanpur,0.0,2.7952609926530214,1.0,0.0,0.0,NO ALERT,NO ALERT,NO ALERT,0.44195120016993555,12.0,27,0.0,NO ALERT,20261005,12
Madhya Pradesh,Chhatarpur,0.0,3.6977323819615253,1.0,0.0,0.0,NO ALERT,NO ALERT,NO ALERT,1.5619202151358869,12.0,60,0.0,NO ALERT,20261005,12
Madhya Pradesh,Chhindwara,0.1375,3.2933654544451465,3.0,0.41250000000000003,0.0,NO ALERT,NO ALERT,NO ALERT,0.6709546108150938,12.0,46,0.1375,NO ALERT,20261005,12
Madhya Pradesh,Damoh,0.0,3.200884403286323,1.0,0.0,0.0,NO ALERT,NO ALERT,NO ALERT,0.9945099680057323,12.0,71,0.0,NO ALERT,20261005,12
Madhya Pradesh,Datia,0.0,2.2399752502929267,1.0,0.0,0.0,NO ALERT,NO ALERT,NO ALERT,1.0699631350591017,12.0,55,0.0,NO ALERT,20261005,12
Madhya Pradesh,Dewas,0.0,3.3028736001314365,1.0,0.0,0.0,NO ALERT,NO ALERT,NO ALERT,0.9044264694758714,12.0,47,0.0,NO ALERT,20261005,12
Madhya Pradesh,Dhar,0.0,2.6995086341576737,1.0,0.0,0.0,NO ALERT,NO ALERT,NO ALERT,0.7515056503617814,12.0,33,0.0,NO ALERT,20261005,12
Madhya Pradesh,Dindori,0.0,3.38352887888001,1.0,0.0,0.0,NO ALERT,NO ALERT,NO ALERT,1.0439470906298893,12.0,95,0.0,NO ALERT,20261005,12
Madhya Pradesh,Disputed (Ratlam & Mandsaur),0.0,0.0,1.0,0.0,0.0,NO ALERT,NO ALERT,NO ALERT,1.0,12.0,0,0.0,NO ALERT,20261005,12
Madhya Pradesh,East Nimar,0.0,2.7506887115395235,1.0,0.0,0.0,NO ALERT,NO ALERT,NO ALERT,0.7782194312869332,12.0,33,0.0,NO ALERT,20261005,12
Madhya Pradesh,Guna,0.0,4.3769089363844245,1.0,0.0,0.0,NO ALERT,NO ALERT,NO ALERT,1.1353815803861096,12.0,46,0.0,NO ALERT,20261005,12
Madhya Pradesh,Gwalior,0.0,3.402136123601398,1.0,0.0,0.0,NO ALERT,NO ALERT,NO ALERT,0.9388695696782103,12.0,43,0.0,NO ALERT,20261005,12
Madhya Pradesh,Harda,0.0,3.708113964253093,1.0,0.0,0.0,NO ALERT,NO ALERT,NO ALERT,0.796841547247214,12.0,50,0.0,NO ALERT,20261005,12
Madhya Pradesh,Hoshangabad,0.0,4.7215348838716515,1.0,0.0,0.0,NO ALERT,NO ALERT,NO ALERT,0.8523262501920909,12.0,50,0.0,NO ALERT,20261005,12
Madhya Pradesh,Indore,0.0,2.814566635718084,1.0,0.0,0.0,NO ALERT,NO ALERT,NO ALERT,0.7708239309346546,12.0,41,0.0,NO ALERT,20261005,12
Madhya Pradesh,Jabalpur,0.0,3.6867301702703514,1.0,0.0,0.0,NO ALERT,NO ALERT,NO ALERT,1.1619163058799928,12.0,69,0.0,NO ALERT,20261005,12
Madhya Pradesh,Jhabua,0.0,3.345895579563428,1.0,0.0,0.0,NO ALERT,NO ALERT,NO ALERT,0.6756746124684575,12.0,35,0.0,NO ALERT,20261005,12
Madhya Pradesh,Katni,0.0,3.4598228988735236,1.0,0.0,0.0,NO ALERT,NO ALERT,NO ALERT,1.1498416443734023,12.0,70,0.0,NO ALERT,20261005,12
Madhya Pradesh,Mandla,0.0,4.102002372283948,1.0,0.0,0.0,NO ALERT,NO ALERT,NO ALERT,1.0870644808624133,12.0,85,0.0,NO ALERT,20261005,12
Madhya Pradesh,Mandsaur,0.0,3.002173878842202,1.0,0.0,0.0,NO ALERT,NO ALERT,NO ALERT,0.8548751617232262,12.0,51,0.0,NO ALERT,20261005,12
Madhya Pradesh,Morena,0.0,2.819649352115778,1.0,0.0,0.0,NO ALERT,NO ALERT,NO ALERT,1.0943952429875967,12.0,33,0.0,NO ALERT,20261005,12
Madhya Pradesh,Narshimapura,0.0,4.068912805013551,1.0,0.0,0.0,NO ALERT,NO ALERT,NO ALERT,0.9562831080463969,12.0,32,0.0,NO ALERT,20261005,12
Madhya Pradesh,Nimach,0.0,3.500246028822579,1.0,0.0,0.0,NO ALERT,NO ALERT,NO ALERT,0.8799507785303722,12.0,43,0.0,NO ALERT,20261005,12
Madhya Pradesh,Nivari,0.0,2.773511225883275,1.0,0.0,0.0,NO ALERT,NO ALERT,NO ALERT,1.2328745784282533,12.0,53,0.0,NO ALERT,20261005,12
Madhya Pradesh,Panna,0.0,3.1329139685113683,1.0,0.0,0.0,NO ALERT,NO ALERT,NO ALERT,1.1343015020025031,12.0,59,0.0,NO ALERT,20261005,12
Madhya Pradesh,Raisen,0.0,4.433894129675817,1.0,0.0,0.0,NO ALERT,NO ALERT,NO ALERT,0.8154188799326424,12.0,58,0.0,NO ALERT,20261005,12
Madhya Pradesh,Rajgarh,0.0,3.9925128362766684,1.0,0.0,0.0,NO ALERT,NO ALERT,NO ALERT,1.2811210264067086,12.0,53,0.0,NO ALERT,20261005,12
Madhya Pradesh,Ratlam,0.0,3.833105525930655,1.0,0.0,0.0,NO ALERT,NO ALERT,NO ALERT,0.8655830546179982,12.0,45,0.0,NO ALERT,20261005,12
Madhya Pradesh,Rewa,0.0,3.3263665809652134,1.0,0.0,0.0,NO ALERT,NO ALERT,NO ALERT,1.4790186472987874,12.0,61,0.0,NO ALERT,20261005,12
Madhya Pradesh,Sagar,0.0,3.4089503539460044,1.0,0.0,0.0,NO ALERT,NO ALERT,NO ALERT,0.915455096389035,12.0,56,0.0,NO ALERT,20261005,12
Madhya Pradesh,Satna,0.0,3.283715025637099,1.0,0.0,0.0,NO ALERT,NO ALERT,NO ALERT,1.363881127686066,12.0,60,0.0,NO ALERT,20261005,12
Madhya Pradesh,Sehore,0.0,3.541563743439643,1.0,0.0,0.0,NO ALERT,NO ALERT,NO ALERT,0.8457393086666762,12.0,59,0.0,NO ALERT,20261005,12
Madhya Pradesh,Seoni,0.375,4.119440837414863,3.0,1.125,0.0,NO ALERT,NO ALERT,NO ALERT,0.8809928569236259,12.0,77,0.375,NO ALERT,20261005,12
Madhya Pradesh,Shahdol,0.0,3.404818146331363,1.0,0.0,0.0,NO ALERT,NO ALERT,NO ALERT,1.1094988898927156,12.0,78,0.0,NO ALERT,20261005,12
Madhya Pradesh,Shajapur,0.0,2.494500280349222,1.0,0.0,0.0,NO ALERT,NO ALERT,NO ALERT,0.8901445757389941,12.0,50,0.0,NO ALERT,20261005,12
Madhya Pradesh,Sheopur,0.0,4.173488444551723,1.0,0.0,0.0,NO ALERT,NO ALERT,NO ALERT,1.0855112212040279,12.0,38,0.0,NO ALERT,20261005,12
Madhya Pradesh,Shivpuri,0.0,4.162196451040265,1.0,0.0,0.0,NO ALERT,NO ALERT,NO ALERT,1.2718218399341934,12.0,44,0.0,NO ALERT,20261005,12
Madhya Pradesh,Sidhi,0.0,3.945352654625642,1.0,0.0,0.0,NO ALERT,NO ALERT,NO ALERT,1.3565266833750336,12.0,73,0.0,NO ALERT,20261005,12
Madhya Pradesh,Singrauli,0.0,3.780161213157462,1.0,0.0,0.0,NO ALERT,NO ALERT,NO ALERT,1.160461244931355,12.0,62,0.0,NO ALERT,20261005,12
Madhya Pradesh,Tikamgarh,0.0,3.9364336428664433,1.0,0.0,0.0,NO ALERT,NO ALERT,NO ALERT,1.3097576684724108,12.0,60,0.0,NO ALERT,20261005,12
Madhya Pradesh,Ujjain,0.0,2.717961462466101,1.0,0.0,0.0,NO ALERT,NO ALERT,NO ALERT,0.796709327809947,12.0,50,0.0,NO ALERT,20261005,12
Madhya Pradesh,Umaria,0.0,3.5881006477043442,1.0,0.0,0.0,NO ALERT,NO ALERT,NO ALERT,1.2718623532961475,12.0,81,0.0,NO ALERT,20261005,12
Madhya Pradesh,Vidisha,0.0,3.5537631964377345,1.0,0.0,0.0,NO ALERT,NO ALERT,NO ALERT,0.7723877821347266,12.0,53,0.0,NO ALERT,20261005,12
Madhya Pradesh,West Nimar,0.0,2.4522484836125207,1.0,0.0,0.0,NO ALERT,NO ALERT,NO ALERT,0.947446996726819,12.0,26,0.0,NO ALERT,20261005,12
Maharashtra,Ahamadnagar,0.0,2.446245637438625,1.0,0.0,0.0,NO ALERT,NO ALERT,NO ALERT,0.5998617449980754,12.0,2,0.0,NO ALERT,20261005,12
Maharashtra,Akola,0.0,2.6171333704617625,1.0,0.0,0.0,NO ALERT,NO ALERT,NO ALERT,0.4442521027900209,12.0,23,0.0,NO ALERT,20261005,12
Maharashtra,Amaravati,0.0078125,2.6923492406609735,1.0,0.0078125,0.0,NO ALERT,NO ALERT,NO ALERT,0.522905473538709,12.0,20,0.0078125,NO ALERT,20261005,12
Maharashtra,Aurangabad,0.0,2.4667173003191,1.0,0.0,0.0,NO ALERT,NO ALERT,NO ALERT,0.4743527813095311,12.0,17,0.0,NO ALERT,20261005,12
Maharashtra,Bhandara,0.48958333333333337,3.539943240844904,3.0,1.46875,0.0,NO ALERT,NO ALERT,NO ALERT,1.1296466913066752,12.0,80,0.48958333333333337,NO ALERT,20261005,12
Maharashtra,Bid,0.0,2.911299502229037,1.0,0.0,0.0,NO ALERT,NO ALERT,NO ALERT,0.26735094806557674,12.0,5,0.0,NO ALERT,20261005,12
Maharashtra,Buldhana,0.0,2.7020997376406575,1.0,0.0,0.0,NO ALERT,NO ALERT,NO ALERT,0.5400607608763305,12.0,14,0.0,NO ALERT,20261005,12
Maharashtra,Chandrapur,0.004464285714285714,4.515371478249824,1.0,0.004464285714285714,0.0,NO ALERT,NO ALERT,NO ALERT,0.5995105109016935,12.0,54,0.004464285714285714,NO ALERT,20261005,12
Maharashtra,Dhule,0.0,2.5516881897342443,1.0,0.0,0.0,NO ALERT,NO ALERT,NO ALERT,0.7536757826075334,12.0,15,0.0,NO ALERT,20261005,12
Maharashtra,Gadchiroli,0.8125,4.915358973645884,3.0,2.4375,0.0,NO ALERT,NO ALERT,NO ALERT,1.1761290205834498,12.0,58,0.8125,NO ALERT,20261005,12
Maharashtra,Gondia,0.4296875,4.0878547236961245,3.0,1.2890625,0.0,NO ALERT,NO ALERT,NO ALERT,1.0966209208790536,12.0,63,0.4296875,NO ALERT,20261005,12
Maharashtra,Hingoli,0.0,2.495875472578828,1.0,0.0,0.0,NO ALERT,NO ALERT,NO ALERT,0.48422010231093454,12.0,22,0.0,NO ALERT,20261005,12
Maharashtra,Jalgaon,0.0,2.218459469364386,1.0,0.0,0.0,NO ALERT,NO ALERT,NO ALERT,0.49204753208599544,12.0,14,0.0,NO ALERT,20261005,12
Maharashtra,Jalna,0.0,2.390887380050016,1.0,0.0,0.0,NO ALERT,NO ALERT,NO ALERT,0.2529087526511126,12.0,13,0.0,NO ALERT,20261005,12
Maharashtra,Kolhapur,0.9930555555555556,4.567391258514453,3.0,2.979166666666667,0.0,NO ALERT,NO ALERT,NO ALERT,3.4269555709933517,12.0,11,0.9930555555555556,NO ALERT,20261005,12
Maharashtra,Latur,0.0,3.813003722794887,1.0,0.0,0.0,NO ALERT,NO ALERT,NO ALERT,0.5652244121684055,12.0,10,0.0,NO ALERT,20261005,12
Maharashtra,Mumbai City,0.0,0.0,1.0,0.0,0.0,NO ALERT,NO ALERT,NO ALERT,1.0,12.0,0,0.0,NO ALERT,20261005,12
Maharashtra,Nagpur,0.42083333333333334,3.4959625921456237,3.0,1.2625,0.0,NO ALERT,NO ALERT,NO ALERT,0.7625246228011803,12.0,54,0.42083333333333334,NO ALERT,20261005,12
Maharashtra,Nanded,0.0,3.9607349411134267,1.0,0.0,0.0,NO ALERT,NO ALERT,NO ALERT,0.6628147574028727,12.0,25,0.0,NO ALERT,20261005,12
Maharashtra,Nandurbar,0.0,2.698678259910203,1.0,0.0,0.0,NO ALERT,NO ALERT,NO ALERT,0.7238470983289971,12.0,17,0.0,NO ALERT,20261005,12
Maharashtra,Nashik,0.0,3.259374467192518,1.0,0.0,0.0,NO ALERT,NO ALERT,NO ALERT,1.0207812165666885,12.0,26,0.0,NO ALERT,20261005,12
Maharashtra,Palghar,0.0,10.010080503271764,1.0,0.0,0.0,NO ALERT,NO ALERT,NO ALERT,3.2087562421016,12.0,30,0.0,NO ALERT,20261005,12
Maharashtra,Parbhani,0.0,3.2230870524844897,1.0,0.0,0.0,NO ALERT,NO ALERT,NO ALERT,0.25,12.0,10,0.0,NO ALERT,20261005,12
Maharashtra,Pune,0.1875,2.837849626928117,3.0,0.5625,0.0,NO ALERT,NO ALERT,NO ALERT,0.9953964979674425,12.0,20,0.1875,NO ALERT,20261005,12
Maharashtra,Ratnagiri,0.6420454545454546,11.590113290838183,3.0,1.9261363636363638,0.0,NO ALERT,NO ALERT,NO ALERT,2.0005068591855575,12.0,61,0.6420454545454546,NO ALERT,20261005,12
Maharashtra,Raygad,0.0875,11.807937529560638,1.0,0.0875,0.0,NO ALERT,NO ALERT,NO ALERT,2.5174240887995296,12.0,30,0.0875,NO ALERT,20261005,12
Maharashtra,Sangli,0.21022727272727273,2.277194739571989,3.0,0.6306818181818182,0.0,NO ALERT,NO ALERT,NO ALERT,0.7928438589035274,12.0,9,0.21022727272727273,NO ALERT,20261005,12
Maharashtra,Satara,0.265625,1.9291288701217775,3.0,0.796875,0.0,NO ALERT,NO ALERT,NO ALERT,0.7234513481948852,12.0,18,0.265625,NO ALERT,20261005,12
Maharashtra,Sindhudurg,0.875,12.043613216394341,3.0,2.625,0.0,NO ALERT,NO ALERT,NO ALERT,1.8447975068870077,12.0,65,0.875,NO ALERT,20261005,12
Maharashtra,Solapur,0.022727272727272728,2.191480806948684,1.0,0.022727272727272728,0.0,NO ALERT,NO ALERT,NO ALERT,0.25,12.0,9,0.022727272727272728,NO ALERT,20261005,12
Maharashtra,Sub Urban Mumbai,0.0,0.0,1.0,0.0,0.0,NO ALERT,NO ALERT,NO ALERT,1.0,12.0,0,0.0,NO ALERT,20261005,12
Maharashtra,Thane,0.026785714285714284,9.016492975688378,1.0,0.026785714285714284,0.0,NO ALERT,NO ALERT,NO ALERT,1.6558279599326224,12.0,65,0.026785714285714284,NO ALERT,20261005,12
Maharashtra,Usmanabad,0.0,3.4299038631935095,1.0,0.0,0.0,NO ALERT,NO ALERT,NO ALERT,1.0,12.0,0,0.0,NO ALERT,20261005,12
Maharashtra,Wardha,0.23214285714285715,3.399507241102697,3.0,0.6964285714285714,0.0,NO ALERT,NO ALERT,NO ALERT,0.5564568896232354,12.0,36,0.23214285714285715,NO ALERT,20261005,12
Maharashtra,Washim,0.0,3.0900792380718336,1.0,0.0,0.0,NO ALERT,NO ALERT,NO ALERT,0.5544811046468673,12.0,29,0.0,NO ALERT,20261005,12
Maharashtra,Yavatmal,0.003125,3.476132026412716,1.0,0.003125,0.0,NO ALERT,NO ALERT,NO ALERT,0.5517680114953938,12.0,25,0.003125,NO ALERT,20261005,12
Manipur,Bishnupur,3.125,3.4549066149208643,1.1055701167746765,3.4549066149208643,0.0,NO ALERT,NO ALERT,NO ALERT,0.3618534614192748,12.0,48,3.125,NO ALERT,20261005,12
Manipur,Chandel,5.03125,3.414527216594513,0.6786637946026362,3.414527216594513,0.0,NO ALERT,NO ALERT,NO ALERT,0.5009075253583707,12.0,60,5.03125,NO ALERT,20261005,12
Manipur,Churachandpur,3.140625,3.3905137464710293,1.0795665660405267,3.3905137464710293,0.0,NO ALERT,NO ALERT,NO ALERT,0.37410284715388187,12.0,69,3.140625,NO ALERT,20261005,12
Manipur,Imphal East,4.8125,3.9447401695463755,0.8196862689966494,3.9447401695463755,0.0,NO ALERT,NO ALERT,NO ALERT,0.8121186813186814,12.0,30,4.8125,NO ALERT,20261005,12
Manipur,Imphal West,0.0,0.0,1.0,0.0,0.0,NO ALERT,NO ALERT,NO ALERT,1.0,12.0,0,0.0,NO ALERT,20261005,12
Manipur,Jiribam,0.0,0.0,1.0,0.0,0.0,NO ALERT,NO ALERT,NO ALERT,1.0,12.0,0,0.0,NO ALERT,20261005,12
Manipur,Kakching,3.125,3.5982930655144667,1.1514537809646292,3.5982930655144663,0.0,NO ALERT,NO ALERT,NO ALERT,0.4031840810162565,12.0,30,3.125,NO ALERT,20261005,12
Manipur,Kamjong,7.479166666666666,4.095762906444672,0.5476228955692041,4.095762906444672,0.0,NO ALERT,NO ALERT,NO ALERT,0.7695537813736942,12.0,35,7.479166666666666,NO ALERT,20261005,12
Manipur,Kangpokpi,3.3125,4.051209043578742,1.2230065037218842,4.051209043578742,0.0,NO ALERT,NO ALERT,NO ALERT,0.6470926267082037,12.0,36,3.3125,NO ALERT,20261005,12
Manipur,Nonei,2.4375,3.7707194862708655,1.5469618405213807,3.7707194862708655,0.0,NO ALERT,NO ALERT,NO ALERT,0.3424466030479989,12.0,47,2.4375,NO ALERT,20261005,12
Manipur,Pherzawl,1.625,3.085143520193149,1.8985498585803993,3.085143520193149,0.0,NO ALERT,NO ALERT,NO ALERT,0.30332984185336653,12.0,76,1.625,NO ALERT,20261005,12
Manipur,Senapati,4.020833333333333,4.436683847819833,1.103423962152083,4.436683847819833,0.0,NO ALERT,NO ALERT,NO ALERT,0.6065866666617419,12.0,59,4.020833333333333,NO ALERT,20261005,12
Manipur,Tamenglong,2.5,4.385411194953472,1.754164477981389,4.385411194953472,0.0,NO ALERT,NO ALERT,NO ALERT,0.5161043345449942,12.0,60,2.5,NO ALERT,20261005,12
Manipur,Tengnoupal,9.40625,3.6869056392614157,0.3919633902204827,3.6869056392614157,0.0,NO ALERT,NO ALERT,NO ALERT,0.5240949876370979,12.0,40,9.40625,NO ALERT,20261005,12
Manipur,Thoubal,0.0,0.0,1.0,0.0,0.0,NO ALERT,NO ALERT,NO ALERT,0.8452128342245989,12.0,13,0.0,NO ALERT,20261005,12
Manipur,Ukhrul,3.3125,4.36462488415987,1.3176226065388286,4.36462488415987,0.0,NO ALERT,NO ALERT,NO ALERT,0.8686731795788835,12.0,57,3.3125,NO ALERT,20261005,12
Meghalaya,East Garo Hills,2.875,6.782366474340224,2.3590839910748604,6.782366474340224,0.0,NO ALERT,NO ALERT,NO ALERT,0.7968793013791997,12.0,63,2.875,NO ALERT,20261005,12
Meghalaya,East Jaintia Hills,2.0416666666666665,5.044434429868443,2.4707433942212784,5.044434429868443,0.0,NO ALERT,NO ALERT,NO ALERT,0.7929210675327439,12.0,40,2.0416666666666665,NO ALERT,20261005,12
Meghalaya,East Khasi Hills,2.0,9.036706911027432,3.0,6.0,0.0,NO ALERT,NO ALERT,NO ALERT,1.4829318734804788,12.0,88,2.0,NO ALERT,20261005,12
Meghalaya,North Garo Hills,3.9375,7.103241623346119,1.8039978725958399,7.103241623346119,0.0,NO ALERT,NO ALERT,NO ALERT,0.5995833604940389,12.0,43,3.9375,NO ALERT,20261005,12
Meghalaya,Ri-Bhoi,3.9791666666666665,3.762665753964692,0.9455913936665196,3.762665753964692,0.0,NO ALERT,NO ALERT,NO ALERT,0.5601197055830218,12.0,114,3.9791666666666665,NO ALERT,20261005,12
Meghalaya,South Garo Hills,0.8958333333333333,11.48625354972332,3.0,2.6875,0.0,NO ALERT,NO ALERT,NO ALERT,1.1875503474825506,12.0,56,0.8958333333333333,NO ALERT,20261005,12
Meghalaya,South West Garo Hills,0.0625,9.75934256809215,1.0,0.0625,0.0,NO ALERT,NO ALERT,NO ALERT,0.3450470234783576,12.0,29,0.0625,NO ALERT,20261005,12
Meghalaya,South West Khasi Hills,0.4375,21.176664322880033,3.0,1.3125,0.0,NO ALERT,NO ALERT,NO ALERT,1.7030652259084138,12.0,50,0.4375,NO ALERT,20261005,12
Meghalaya,West Garo Hills,1.203125,8.69283728193849,3.0,3.609375,0.0,NO ALERT,NO ALERT,NO ALERT,0.9898741846539134,12.0,65,1.203125,NO ALERT,20261005,12
Meghalaya,West Jaintia Hills,2.4166666666666665,4.2638276706547495,1.764342484408862,4.2638276706547495,0.0,NO ALERT,NO ALERT,NO ALERT,0.6714952601432671,12.0,33,2.4166666666666665,NO ALERT,20261005,12
Meghalaya,West Khasi Hills,3.302083333333333,8.573968657402142,2.596533094986138,8.573968657402142,0.0,NO ALERT,NO ALERT,NO ALERT,1.465972651396822,12.0,82,3.302083333333333,NO ALERT,20261005,12
Mizoram,Aizawl,0.9166666666666667,5.47242582513181,3.0,2.75,0.0,NO ALERT,NO ALERT,NO ALERT,0.7458903728836944,12.0,109,0.9166666666666667,NO ALERT,20261005,12
Mizoram,Champhai,2.3125,4.216533580116213,1.8233658724826867,4.216533580116213,0.0,NO ALERT,NO ALERT,NO ALERT,0.637871461358245,12.0,82,2.3125,NO ALERT,20261005,12
Mizoram,Kolasib,0.75,6.8958262189712425,3.0,2.25,0.0,NO ALERT,NO ALERT,NO ALERT,0.8578860800716936,12.0,109,0.75,NO ALERT,20261005,12
Mizoram,Lawngtlai,0.5833333333333334,7.023478090103086,3.0,1.75,0.0,NO ALERT,NO ALERT,NO ALERT,1.1359115921223026,12.0,75,0.5833333333333334,NO ALERT,20261005,12
Mizoram,Lunglei,0.6354166666666666,6.79403223527689,3.0,1.90625,0.0,NO ALERT,NO ALERT,NO ALERT,0.8936329912900998,12.0,76,0.6354166666666666,NO ALERT,20261005,12
Mizoram,Mamit,0.35416666666666663,6.510763561269736,3.0,1.0625,0.0,NO ALERT,NO ALERT,NO ALERT,0.774232323589401,12.0,70,0.35416666666666663,NO ALERT,20261005,12
Mizoram,Saiha,0.16666666666666666,7.0360390076490305,3.0,0.5,0.0,NO ALERT,NO ALERT,NO ALERT,1.1466023322893872,12.0,87,0.16666666666666666,NO ALERT,20261005,12
Mizoram,Serchhip,0.875,6.423519842530767,3.0,2.625,0.0,NO ALERT,NO ALERT,NO ALERT,0.7111978037465665,12.0,74,0.875,NO ALERT,20261005,12
Nagaland,Dimapur,1.8125,4.869201882714278,2.6864562111527053,4.869201882714278,0.0,NO ALERT,NO ALERT,NO ALERT,0.5431021607237893,12.0,69,1.8125,NO ALERT,20261005,12
Nagaland,Kiphire,4.875,5.419457023039664,1.111683491905572,5.419457023039664,0.0,NO ALERT,NO ALERT,NO ALERT,1.0066454242633576,12.0,53,4.875,NO ALERT,20261005,12
Nagaland,Kohima,5.958333333333333,4.979474988994805,0.8357160820690582,4.979474988994805,0.0,NO ALERT,NO ALERT,NO ALERT,0.734667836217212,12.0,96,5.958333333333333,NO ALERT,20261005,12
Nagaland,Longleng,2.46875,5.441788900694618,2.2042689218003515,5.441788900694617,0.0,NO ALERT,NO ALERT,NO ALERT,0.4986374324655247,12.0,120,2.46875,NO ALERT,20261005,12
Nagaland,Mokokchung,1.5625,5.59174642040305,3.0,4.6875,0.0,NO ALERT,NO ALERT,NO ALERT,0.7826683579985906,12.0,139,1.5625,NO ALERT,20261005,12
Nagaland,Mon,3.65625,5.343463035091146,1.461459975409544,5.343463035091146,0.0,NO ALERT,NO ALERT,NO ALERT,0.675613246749267,12.0,137,3.65625,NO ALERT,20261005,12
Nagaland,Paren,2.84375,4.544621867492591,1.5981087885688232,4.544621867492591,0.0,NO ALERT,NO ALERT,NO ALERT,0.25,12.0,46,2.84375,NO ALERT,20261005,12
Nagaland,Phek,4.3125,5.318973808123232,1.2333852308691553,5.318973808123232,0.0,NO ALERT,NO ALERT,NO ALERT,1.087917894453439,12.0,59,4.3125,NO ALERT,20261005,12
Nagaland,Tuensang,5.166666666666667,5.5712531937175696,1.0783070697517876,5.5712531937175696,0.0,NO ALERT,NO ALERT,NO ALERT,0.9168849292058562,12.0,96,5.166666666666667,NO ALERT,20261005,12
Nagaland,Wokha,2.375,5.90203065076103,2.485065537162539,5.90203065076103,0.0,NO ALERT,NO ALERT,NO ALERT,1.1394253197673274,12.0,105,2.375,NO ALERT,20261005,12
Nagaland,Zunheboto,7.375,5.744828931232021,0.778959855082308,5.744828931232021,0.0,NO ALERT,NO ALERT,NO ALERT,0.9210264026576113,12.0,110,7.375,NO ALERT,20261005,12
Odisha,Anugul,1.0208333333333333,4.19130342960403,3.0,3.0625,0.0,NO ALERT,NO ALERT,NO ALERT,1.4054206314573372,12.0,52,1.0208333333333333,NO ALERT,20261005,12
Odisha,Balasore (Baleshwar),0.275,4.5542153585283724,3.0,0.8250000000000001,0.0,NO ALERT,NO ALERT,NO ALERT,1.9785538783133148,12.0,67,0.275,NO ALERT,20261005,12
Odisha,Baragarh,0.40625,3.768559723148403,3.0,1.21875,0.0,NO ALERT,NO ALERT,NO ALERT,1.4985585201580294,12.0,74,0.40625,NO ALERT,20261005,12
Odisha,Baudh (Bauda),1.03125,3.2352757237239245,3.0,3.09375,0.0,NO ALERT,NO ALERT,NO ALERT,0.9888857040128821,12.0,55,1.03125,NO ALERT,20261005,12
Odisha,Bhadrak,0.03125,3.9481811139477445,1.0,0.03125,0.0,NO ALERT,NO ALERT,NO ALERT,1.7644835359812379,12.0,57,0.03125,NO ALERT,20261005,12
Odisha,Bolangir (Balangir),0.13194444444444445,3.41241129127358,3.0,0.39583333333333337,0.0,NO ALERT,NO ALERT,NO ALERT,1.4284671719713857,12.0,59,0.13194444444444445,NO ALERT,20261005,12
Odisha,Cuttack,0.0,3.9884514260781954,1.0,0.0,0.0,NO ALERT,NO ALERT,NO ALERT,1.7421199725188248,12.0,53,0.0,NO ALERT,20261005,12
Odisha,Deogarh,4.270833333333333,4.559815881785737,1.0676642064669044,4.559815881785737,0.0,NO ALERT,NO ALERT,NO ALERT,1.7424106064157239,12.0,83,4.270833333333333,NO ALERT,20261005,12
Odisha,Dhenkanal,0.05208333333333333,4.285560260260622,1.0,0.05208333333333333,0.0,NO ALERT,NO ALERT,NO ALERT,1.66384082505008,12.0,56,0.05208333333333333,NO ALERT,20261005,12
Odisha,Gajapati,0.36458333333333337,3.814362715205101,3.0,1.09375,0.0,NO ALERT,NO ALERT,NO ALERT,1.1592903806700858,12.0,49,0.36458333333333337,NO ALERT,20261005,12
Odisha,Ganjam,0.056818181818181816,3.6744003073364535,1.0,0.056818181818181816,0.0,NO ALERT,NO ALERT,NO ALERT,1.2454537826984429,12.0,48,0.056818181818181816,NO ALERT,20261005,12
Odisha,Jagatsinghpur,0.03125,3.5297197348961276,1.0,0.03125,0.0,NO ALERT,NO ALERT,NO ALERT,1.805096193562154,12.0,49,0.03125,NO ALERT,20261005,12
Odisha,Jajapur,0.05,4.709031954223979,1.0,0.05,0.0,NO ALERT,NO ALERT,NO ALERT,1.734607551808164,12.0,65,0.05,NO ALERT,20261005,12
Odisha,Jharsuguda,0.34375,4.218104606795393,3.0,1.03125,0.0,NO ALERT,NO ALERT,NO ALERT,0.84120626475846,12.0,73,0.34375,NO ALERT,20261005,12
Odisha,Kalahandi,0.3295454545454546,3.8835408444830666,3.0,0.9886363636363638,0.0,NO ALERT,NO ALERT,NO ALERT,1.3258298065889635,12.0,72,0.3295454545454546,NO ALERT,20261005,12
Odisha,Kandhamal,1.4602272727272727,4.150916385732285,2.842650910073471,4.150916385732285,0.0,NO ALERT,NO ALERT,NO ALERT,0.9352531056743134,12.0,57,1.4602272727272727,NO ALERT,20261005,12
Odisha,Kendraparha,0.0,4.365446103285981,1.0,0.0,0.0,NO ALERT,NO ALERT,NO ALERT,1.7482245116169859,12.0,53,0.0,NO ALERT,20261005,12
Odisha,Keonjhar (Kendujhar),2.317708333333333,5.199206198362387,2.243253011428266,5.199206198362387,0.0,NO ALERT,NO ALERT,NO ALERT,1.4352531146286163,12.0,75,2.317708333333333,NO ALERT,20261005,12
Odisha,Khordha,0.015625,3.34076106235487,1.0,0.015625,0.0,NO ALERT,NO ALERT,NO ALERT,1.3584865338608694,12.0,54,0.015625,NO ALERT,20261005,12
Odisha,Koraput,0.02840909090909091,4.866940440552988,1.0,0.02840909090909091,0.0,NO ALERT,NO ALERT,NO ALERT,1.2530351707795166,12.0,53,0.02840909090909091,NO ALERT,20261005,12
Odisha,Malkangiri,0.1875,4.866759299338884,3.0,0.5625,0.0,NO ALERT,NO ALERT,NO ALERT,1.2624401419847502,12.0,52,0.1875,NO ALERT,20261005,12
Odisha,Mayurbhanj,3.102941176470588,5.344965540421383,1.7225481362495456,5.344965540421383,0.0,NO ALERT,NO ALERT,NO ALERT,1.798704248632559,12.0,68,3.102941176470588,NO ALERT,20261005,12
Odisha,Nabarangapur,0.03125,4.306568187715052,1.0,0.03125,0.0,NO ALERT,NO ALERT,NO ALERT,1.5664505154862758,12.0,64,0.03125,NO ALERT,20261005,12
Odisha,Nayagarh,0.10416666666666667,4.029020011146047,3.0,0.3125,0.0,NO ALERT,NO ALERT,NO ALERT,1.2902693201644944,12.0,55,0.10416666666666667,NO ALERT,20261005,12
Odisha,Nuaparha,0.171875,3.364903092782383,3.0,0.515625,0.0,NO ALERT,NO ALERT,NO ALERT,1.2687038389321605,12.0,62,0.171875,NO ALERT,20261005,12
Odisha,Puri,0.140625,3.467215111244419,3.0,0.421875,0.0,NO ALERT,NO ALERT,NO ALERT,1.5092583247592317,12.0,49,0.140625,NO ALERT,20261005,12
Odisha,Rayagarha,0.18055555555555555,3.790421593162023,3.0,0.5416666666666666,0.0,NO ALERT,NO ALERT,NO ALERT,1.1168041205530808,12.0,50,0.18055555555555555,NO ALERT,20261005,12
Odisha,Sambalpur,1.6079545454545454,4.381324774717186,2.724781485336483,4.381324774717186,0.0,NO ALERT,NO ALERT,NO ALERT,1.5265093766050413,12.0,71,1.6079545454545454,NO ALERT,20261005,12
Odisha,Subarnapur,0.484375,3.712269631875296,3.0,1.453125,0.0,NO ALERT,NO ALERT,NO ALERT,1.1197709239758518,12.0,66,0.484375,NO ALERT,20261005,12
Odisha,Sundargarh,3.5576923076923075,5.1898039106683935,1.4587556938094945,5.1898039106683935,0.0,NO ALERT,NO ALERT,NO ALERT,1.6625755761736403,12.0,74,3.5576923076923075,NO ALERT,20261005,12
Puducherry,Karaikal,0.0,0.0,1.0,0.0,0.0,NO ALERT,NO ALERT,NO ALERT,1.0,12.0,0,0.0,NO ALERT,20261005,12
Puducherry,Mahe,0.0,0.0,1.0,0.0,0.0,NO ALERT,NO ALERT,NO ALERT,1.0,12.0,0,0.0,NO ALERT,20261005,12
Puducherry,Puducherry,5.1875,3.5140365126198287,0.6774046289387622,3.5140365126198287,0.0,NO ALERT,NO ALERT,NO ALERT,0.25,12.0,5,5.1875,NO ALERT,20261005,12
Puducherry,Yanam,0.0,0.0,1.0,0.0,0.0,NO ALERT,NO ALERT,NO ALERT,1.0,12.0,0,0.0,NO ALERT,20261005,12
Punjab,Amritsar,0.0625,2.90489129671087,1.0,0.0625,0.0,NO ALERT,NO ALERT,NO ALERT,3.8852451376736794,12.0,6,0.0625,NO ALERT,20261005,12
Punjab,Barnala,0.0,2.1602717055237455,1.0,0.0,0.0,NO ALERT,NO ALERT,NO ALERT,0.25,12.0,4,0.0,NO ALERT,20261005,12
Punjab,Bathinda,0.0,1.3657935939452186,1.0,0.0,0.0,NO ALERT,NO ALERT,NO ALERT,0.2864512315270936,12.0,2,0.0,NO ALERT,20261005,12
Punjab,Faridkot,0.0,1.4382046507509878,1.0,0.0,0.0,NO ALERT,NO ALERT,NO ALERT,0.25,12.0,1,0.0,NO ALERT,20261005,12
Punjab,Fatehgarh Sahib,0.0,1.2391712528181402,1.0,0.0,0.0,NO ALERT,NO ALERT,NO ALERT,0.25,12.0,9,0.0,NO ALERT,20261005,12
Punjab,Fazilka,0.0,1.3029050683662227,1.0,0.0,0.0,NO ALERT,NO ALERT,NO ALERT,0.25,12.0,1,0.0,NO ALERT,20261005,12
Punjab,Firozpur,0.0,1.519766952546492,1.0,0.0,0.0,NO ALERT,NO ALERT,NO ALERT,0.25,12.0,2,0.0,NO ALERT,20261005,12
Punjab,Gurdaspur,0.0,3.1237645615412766,1.0,0.0,0.0,NO ALERT,NO ALERT,NO ALERT,1.9194466449549628,12.0,13,0.0,NO ALERT,20261005,12
Punjab,Hoshiarpur,0.0,3.9375598079639755,1.0,0.0,0.0,NO ALERT,NO ALERT,NO ALERT,0.749888863407836,12.0,13,0.0,NO ALERT,20261005,12
Punjab,Jalandhar,0.0,2.0677968308941956,1.0,0.0,0.0,NO ALERT,NO ALERT,NO ALERT,0.25,12.0,3,0.0,NO ALERT,20261005,12
Punjab,Kapurthala,0.0,2.597376575426424,1.0,0.0,0.0,NO ALERT,NO ALERT,NO ALERT,0.46356226554055,12.0,9,0.0,NO ALERT,20261005,12
Punjab,Ludhiana,0.008928571428571428,2.5185863893705105,1.0,0.008928571428571428,0.0,NO ALERT,NO ALERT,NO ALERT,0.25,12.0,2,0.008928571428571428,NO ALERT,20261005,12
Punjab,Mansa,0.0,1.470220573542461,1.0,0.0,0.0,NO ALERT,NO ALERT,NO ALERT,0.25,12.0,3,0.0,NO ALERT,20261005,12
Punjab,Moga,0.0,2.407558174502768,1.0,0.0,0.0,NO ALERT,NO ALERT,NO ALERT,0.25,12.0,1,0.0,NO ALERT,20261005,12
Punjab,Pathankot,0.0,4.663179747984834,1.0,0.0,0.0,NO ALERT,NO ALERT,NO ALERT,2.564774955699941,12.0,13,0.0,NO ALERT,20261005,12
Punjab,Patiala,0.0,2.1561904246145733,1.0,0.0,0.0,NO ALERT,NO ALERT,NO ALERT,0.25,12.0,9,0.0,NO ALERT,20261005,12
Punjab,Rupnagar,0.0,3.0978255486957833,1.0,0.0,0.0,NO ALERT,NO ALERT,NO ALERT,0.2514901704979981,12.0,10,0.0,NO ALERT,20261005,12
Punjab,Sangrur,0.03571428571428571,1.7958537418635856,1.0,0.03571428571428571,0.0,NO ALERT,NO ALERT,NO ALERT,0.32320815846673323,12.0,4,0.03571428571428571,NO ALERT,20261005,12
Punjab,Sas Nagar (Sahibzada Ajit Singh Nagar),0.0,0.0,1.0,0.0,0.0,NO ALERT,NO ALERT,NO ALERT,1.0,12.0,0,0.0,NO ALERT,20261005,12
Punjab,Shahid Bhagat Singh Nagar,0.0,3.4350932353469608,1.0,0.0,0.0,NO ALERT,NO ALERT,NO ALERT,0.9225643056553776,12.0,3,0.0,NO ALERT,20261005,12
Punjab,Sri Muktsar Sahib,0.0,1.2544456933459192,1.0,0.0,0.0,NO ALERT,NO ALERT,NO ALERT,1.0,12.0,0,0.0,NO ALERT,20261005,12
Punjab,Tarn Taran,0.0,2.2556876719610335,1.0,0.0,0.0,NO ALERT,NO ALERT,NO ALERT,1.1970176845083706,12.0,6,0.0,NO ALERT,20261005,12
Rajasthan,Ajmer,0.0,2.7336556054644934,1.0,0.0,0.0,NO ALERT,NO ALERT,NO ALERT,0.6486414014484662,12.0,19,0.0,NO ALERT,20261005,12
Rajasthan,Alwar,0.0,2.3151453828625015,1.0,0.0,0.0,NO ALERT,NO ALERT,NO ALERT,1.000299802734554,12.0,18,0.0,NO ALERT,20261005,12
Rajasthan,Banswara,0.0,3.450848153046413,1.0,0.0,0.0,NO ALERT,NO ALERT,NO ALERT,0.6925073015815914,12.0,44,0.0,NO ALERT,20261005,12
Rajasthan,Baran,0.0,4.954841140453538,1.0,0.0,0.0,NO ALERT,NO ALERT,NO ALERT,1.0193530451292727,12.0,47,0.0,NO ALERT,20261005,12
Rajasthan,Barmer,0.0,1.242342130877588,1.0,0.0,0.0,NO ALERT,NO ALERT,NO ALERT,1.3656620541484366,12.0,9,0.0,NO ALERT,20261005,12
Rajasthan,Bharatpur,0.0,2.2015789953696516,1.0,0.0,0.0,NO ALERT,NO ALERT,NO ALERT,1.071153955667729,12.0,21,0.0,NO ALERT,20261005,12
Rajasthan,Bhilwara,0.0,3.2267639288142935,1.0,0.0,0.0,NO ALERT,NO ALERT,NO ALERT,0.6500454810121613,12.0,41,0.0,NO ALERT,20261005,12
Rajasthan,Bikaner,0.0,1.1898525958010413,1.0,0.0,0.0,NO ALERT,NO ALERT,NO ALERT,0.25,12.0,1,0.0,NO ALERT,20261005,12
Rajasthan,Bundi,0.0,4.330668122346883,1.0,0.0,0.0,NO ALERT,NO ALERT,NO ALERT,0.657904905380665,12.0,27,0.0,NO ALERT,20261005,12
Rajasthan,Chittaurgarh,0.0,3.4243582405507156,1.0,0.0,0.0,NO ALERT,NO ALERT,NO ALERT,0.8349031978475892,12.0,56,0.0,NO ALERT,20261005,12
Rajasthan,Churu,0.0,1.8742481396260997,1.0,0.0,0.0,NO ALERT,NO ALERT,NO ALERT,0.25,12.0,2,0.0,NO ALERT,20261005,12
Rajasthan,Dausa,0.0,3.4783827178180218,1.0,0.0,0.0,NO ALERT,NO ALERT,NO ALERT,0.7779177176799951,12.0,23,0.0,NO ALERT,20261005,12
Rajasthan,Dhaulpur,0.0,3.4981599561890513,1.0,0.0,0.0,NO ALERT,NO ALERT,NO ALERT,1.1143542735798972,12.0,25,0.0,NO ALERT,20261005,12
Rajasthan,Dungarpur,0.0,2.619388524738893,1.0,0.0,0.0,NO ALERT,NO ALERT,NO ALERT,0.6582902374670184,12.0,45,0.0,NO ALERT,20261005,12
Rajasthan,Ganganagar,0.0,1.4537335311713282,1.0,0.0,0.0,NO ALERT,NO ALERT,NO ALERT,1.0,12.0,0,0.0,NO ALERT,20261005,12
Rajasthan,Hanumangarh,0.0,1.694592677868917,1.0,0.0,0.0,NO ALERT,NO ALERT,NO ALERT,1.0,12.0,0,0.0,NO ALERT,20261005,12
Rajasthan,Jaipur,0.0,2.9601973417497542,1.0,0.0,0.0,NO ALERT,NO ALERT,NO ALERT,0.4581874251145765,12.0,11,0.0,NO ALERT,20261005,12
Rajasthan,Jaisalmer,0.0,0.7355730258620542,1.0,0.0,0.0,NO ALERT,NO ALERT,NO ALERT,1.0,12.0,0,0.0,NO ALERT,20261005,12
Rajasthan,Jalor,0.0,2.2006968186071068,1.0,0.0,0.0,NO ALERT,NO ALERT,NO ALERT,0.5636621694156501,12.0,14,0.0,NO ALERT,20261005,12
Rajasthan,Jhalawar,0.0,3.794300911565349,1.0,0.0,0.0,NO ALERT,NO ALERT,NO ALERT,1.197174637106872,12.0,45,0.0,NO ALERT,20261005,12
Rajasthan,Jhunjhunun,0.0,2.284567666604911,1.0,0.0,0.0,NO ALERT,NO ALERT,NO ALERT,1.2183828211430991,12.0,7,0.0,NO ALERT,20261005,12
Rajasthan,Jodhpur,0.0,1.4253770714623395,1.0,0.0,0.0,NO ALERT,NO ALERT,NO ALERT,0.4425084969426351,12.0,2,0.0,NO ALERT,20261005,12
Rajasthan,Karauli,0.0,3.085762965845871,1.0,0.0,0.0,NO ALERT,NO ALERT,NO ALERT,0.9892984192895027,12.0,25,0.0,NO ALERT,20261005,12
Rajasthan,Kota,0.0,4.447828208279756,1.0,0.0,0.0,NO ALERT,NO ALERT,NO ALERT,0.5711347108177611,12.0,30,0.0,NO ALERT,20261005,12
Rajasthan,Nagaur,0.0,2.2823153966305694,1.0,0.0,0.0,NO ALERT,NO ALERT,NO ALERT,0.9396226292289869,12.0,4,0.0,NO ALERT,20261005,12
Rajasthan,Pali,0.0,2.6071859379769524,1.0,0.0,0.0,NO ALERT,NO ALERT,NO ALERT,0.4081253777427645,12.0,10,0.0,NO ALERT,20261005,12
Rajasthan,Pratapgarh,0.0,3.6162271666608445,1.0,0.0,0.0,NO ALERT,NO ALERT,NO ALERT,0.8401434103034535,12.0,27,0.0,NO ALERT,20261005,12
Rajasthan,Raj Samand,0.0,2.584738613606782,1.0,0.0,0.0,NO ALERT,NO ALERT,NO ALERT,0.4513195395335212,12.0,36,0.0,NO ALERT,20261005,12
Rajasthan,Sawai Madhopur,0.0,3.8705680429906293,1.0,0.0,0.0,NO ALERT,NO ALERT,NO ALERT,0.7720908841144012,12.0,19,0.0,NO ALERT,20261005,12
Rajasthan,Sikar,0.0,2.6872907784108295,1.0,0.0,0.0,NO ALERT,NO ALERT,NO ALERT,1.1615772613283832,12.0,9,0.0,NO ALERT,20261005,12
Rajasthan,Sirohi,0.0,2.9204422337168903,1.0,0.0,0.0,NO ALERT,NO ALERT,NO ALERT,0.6754726517700707,12.0,26,0.0,NO ALERT,20261005,12
Rajasthan,Tonk,0.0,3.743633551346521,1.0,0.0,0.0,NO ALERT,NO ALERT,NO ALERT,0.49526165720333515,12.0,15,0.0,NO ALERT,20261005,12
Rajasthan,Udaipur,0.0,2.9909244546839346,1.0,0.0,0.0,NO ALERT,NO ALERT,NO ALERT,0.6312770312201688,12.0,46,0.0,NO ALERT,20261005,12
Sikkim,East,8.375,9.69128929034692,1.1571688704891845,9.69128929034692,0.0,NO ALERT,NO ALERT,NO ALERT,1.2504192577735171,12.0,98,8.375,NO ALERT,20261005,12
Sikkim,North,2.107142857142857,6.037081875845994,2.865055805486234,6.037081875845994,0.0,NO ALERT,NO ALERT,NO ALERT,0.9693631567473293,12.0,10,2.107142857142857,NO ALERT,20261005,12
Sikkim,South,0.0,0.0,1.0,0.0,0.0,NO ALERT,NO ALERT,NO ALERT,1.0,12.0,0,0.0,NO ALERT,20261005,12
Sikkim,West,7.53125,7.98988926394345,1.060898159527761,7.989889263943449,0.0,NO ALERT,NO ALERT,NO ALERT,0.7384599293099424,12.0,49,7.53125,NO ALERT,20261005,12
Tamil Nadu,Ariyalur,3.484375,3.9911522352123914,1.1454427939623006,3.9911522352123914,0.0,NO ALERT,NO ALERT,NO ALERT,0.25,12.0,16,3.484375,NO ALERT,20261005,12
Tamil Nadu,Chengalpattu,4.734375,2.7376028017094143,0.5782395356745957,2.7376028017094143,0.0,NO ALERT,NO ALERT,NO ALERT,0.25,12.0,5,4.734375,NO ALERT,20261005,12
Tamil Nadu,Chennai,4.75,0.0,0.3,1.425,0.0,NO ALERT,NO ALERT,NO ALERT,0.25,12.0,5,4.75,NO ALERT,20261005,12
Tamil Nadu,Coimbatore,13.571428571428571,5.660767578259256,0.41710918997699786,5.660767578259256,0.0,MODERATE,NO ALERT,NO ALERT,0.2559015945162795,12.0,3,3.472950211292364,NO ALERT,20261005,12
Tamil Nadu,Cuddalore,3.9464285714285716,3.9033389946048507,0.9890813741985142,3.9033389946048507,0.0,NO ALERT,NO ALERT,NO ALERT,0.5000489553422593,12.0,9,3.9464285714285716,NO ALERT,20261005,12
Tamil Nadu,Dharmapuri,13.169642857142858,2.370705208444782,0.3,3.950892857142857,0.0,MODERATE,NO ALERT,NO ALERT,0.4787428095303944,12.0,7,6.304871821940462,NO ALERT,20261005,12
Tamil Nadu,Dindigul,9.9453125,1.8349758311417208,0.3,2.98359375,0.0,NO ALERT,NO ALERT,NO ALERT,0.5206335090048367,12.0,10,9.9453125,NO ALERT,20261005,12
Tamil Nadu,Erode,26.9140625,2.2611821908325163,0.3,8.07421875,0.0,MODERATE,NO ALERT,NO ALERT,0.42853262069305825,12.0,9,11.533553736621764,MODERATE,20261005,12
Tamil Nadu,Kallakkurichi,11.84375,2.8843584386044987,0.3,3.553125,0.0,MODERATE,NO ALERT,NO ALERT,0.5233015325351956,12.0,7,11.84375,MODERATE,20261005,12
Tamil Nadu,Kanchipuram,4.583333333333334,3.215384993447016,0.7015385440248034,3.215384993447016,0.0,NO ALERT,NO ALERT,NO ALERT,0.25,12.0,4,4.583333333333334,NO ALERT,20261005,12
Tamil Nadu,Kanyakumari,10.6875,3.0131507339474815,0.3,3.20625,0.0,MODERATE,NO ALERT,NO ALERT,0.8415918367346938,12.0,1,10.6875,MODERATE,20261005,12
Tamil Nadu,Karur,6.979166666666667,1.5218158133430022,0.3,2.09375,0.0,NO ALERT,NO ALERT,NO ALERT,0.4001522192804035,12.0,7,6.979166666666667,NO ALERT,20261005,12
Tamil Nadu,Krishnagiri,18.65625,2.553778779942151,0.3,5.596875,0.0,MODERATE,NO ALERT,NO ALERT,1.5799089624862657,12.0,6,29.475176581384392,MODERATE,20261005,12
Tamil Nadu,Madurai,6.5875,2.105680250950056,0.31964785593169726,2.105680250950056,0.0,NO ALERT,NO ALERT,NO ALERT,0.6284363989009213,12.0,9,6.5875,NO ALERT,20261005,12
Tamil Nadu,Nagapattinam,2.8125,4.403449445467902,1.565670913944143,4.403449445467902,0.0,NO ALERT,NO ALERT,NO ALERT,0.47125717123082433,12.0,8,2.8125,NO ALERT,20261005,12
Tamil Nadu,Namakkal,14.46875,2.4424978472700674,0.3,4.340625,0.0,MODERATE,NO ALERT,NO ALERT,0.31717237915409885,12.0,11,4.589087860885868,NO ALERT,20261005,12
Tamil Nadu,Nilgiris,21.484375,5.910370358079672,0.3,6.4453125,0.0,MODERATE,NO ALERT,NO ALERT,0.5964951943909641,12.0,16,12.815326441993369,MODERATE,20261005,12
Tamil Nadu,Perambalur,11.25,2.7683407213385793,0.3,3.375,0.0,MODERATE,NO ALERT,NO ALERT,0.4150822720511952,12.0,13,11.25,MODERATE,20261005,12
Tamil Nadu,Pudukkottai,2.3839285714285716,2.334157232138275,0.9791221348295386,2.334157232138275,0.0,NO ALERT,NO ALERT,NO ALERT,0.2519225558205072,12.0,8,2.3839285714285716,NO ALERT,20261005,12
Tamil Nadu,Ramanathapuram,1.6770833333333333,2.3852359933926635,1.4222525177993521,2.3852359933926635,0.0,NO ALERT,NO ALERT,NO ALERT,1.462325507439053,12.0,2,1.6770833333333333,NO ALERT,20261005,12
Tamil Nadu,Ranippettai,13.9375,3.699292551695484,0.3,4.1812499999999995,0.0,MODERATE,NO ALERT,NO ALERT,0.25,12.0,3,3.484375,NO ALERT,20261005,12
Tamil Nadu,Salem,14.366071428571429,2.2446677896491236,0.3,4.3098214285714285,0.0,MODERATE,NO ALERT,NO ALERT,0.32046669082970536,12.0,12,4.603847370937464,NO ALERT,20261005,12
Tamil Nadu,Sivaganga,1.5416666666666665,2.6324995608634603,1.7075672827222446,2.6324995608634603,0.0,NO ALERT,NO ALERT,NO ALERT,0.39776006525184426,12.0,11,1.5416666666666665,NO ALERT,20261005,12
Tamil Nadu,Teni,12.75,2.026342371330686,0.3,3.8249999999999997,0.0,MODERATE,NO ALERT,NO ALERT,0.521477258888929,12.0,9,6.648835050833846,NO ALERT,20261005,12
Tamil Nadu,Tenkasi,9.770833333333334,2.7520951268947833,0.3,2.93125,0.0,NO ALERT,NO ALERT,NO ALERT,1.0,12.0,0,9.770833333333334,NO ALERT,20261005,12
Tamil Nadu,Thanjavur,4.25,3.6542452804274754,0.8598224189241118,3.6542452804274754,0.0,NO ALERT,NO ALERT,NO ALERT,0.25,12.0,11,4.25,NO ALERT,20261005,12
Tamil Nadu,Thiruvarur,6.34375,4.347143908324716,0.6852640643664577,4.347143908324716,0.0,NO ALERT,NO ALERT,NO ALERT,0.2941548303353592,12.0,5,6.34375,NO ALERT,20261005,12
Tamil Nadu,Tiruchirapalli,8.697916666666666,2.132352757800932,0.3,2.6093749999999996,0.0,NO ALERT,NO ALERT,NO ALERT,0.25,12.0,13,8.697916666666666,NO ALERT,20261005,12
Tamil Nadu,Tirunelveli,4.833333333333333,2.7894472045883467,0.5771270078458649,2.7894472045883467,0.0,NO ALERT,NO ALERT,NO ALERT,0.3540464218400475,12.0,1,4.833333333333333,NO ALERT,20261005,12
Tamil Nadu,Tiruppattur,16.458333333333332,3.19777337032366,0.3,4.937499999999999,0.0,MODERATE,NO ALERT,NO ALERT,0.47731902473060855,12.0,7,7.855875615357932,NO ALERT,20261005,12
Tamil Nadu,Tiruppur,9.921875,1.4031024052493581,0.3,2.9765625,0.0,NO ALERT,NO ALERT,NO ALERT,1.0,12.0,0,9.921875,NO ALERT,20261005,12
Tamil Nadu,Tiruvallur,6.979166666666667,4.530064216698414,0.6490838280642504,4.530064216698414,0.0,NO ALERT,NO ALERT,NO ALERT,0.25,12.0,2,6.979166666666667,NO ALERT,20261005,12
Tamil Nadu,Tiruvannamalai,20.375,2.80225603979686,0.3,6.1125,0.0,MODERATE,NO ALERT,NO ALERT,0.5232482501424187,12.0,8,10.661183096651781,MODERATE,20261005,12
Tamil Nadu,Tuticorin,3.0625,2.122689726902081,0.6931231761312917,2.122689726902081,0.0,NO ALERT,NO ALERT,NO ALERT,1.0,12.0,0,3.0625,NO ALERT,20261005,12
Tamil Nadu,Vellore,19.59375,3.431567862390043,0.3,5.878125,0.0,MODERATE,NO ALERT,NO ALERT,0.37483009970880055,12.0,9,7.34432726616931,NO ALERT,20261005,12
Tamil Nadu,Villupuram,5.614583333333333,3.5921082216746187,0.6397817982945518,3.592108221674619,0.0,NO ALERT,NO ALERT,NO ALERT,0.31649436866268127,12.0,6,5.614583333333333,NO ALERT,20261005,12
Tamil Nadu,Virudhunagar,6.4375,2.1591234595644964,0.33539781896147514,2.1591234595644964,0.0,NO ALERT,NO ALERT,NO ALERT,1.7788112230999729,12.0,5,6.4375,NO ALERT,20261005,12
Telangana,Adilabad,0.0,4.450873971581459,1.0,0.0,0.0,NO ALERT,NO ALERT,NO ALERT,0.45536021841760993,12.0,23,0.0,NO ALERT,20261005,12
Telangana,Bhadradri Kothagudem,0.0,4.411676688546732,1.0,0.0,0.0,NO ALERT,NO ALERT,NO ALERT,1.140303781122173,12.0,23,0.0,NO ALERT,20261005,12
Telangana,Hyderabad,0.0,0.0,1.0,0.0,0.0,NO ALERT,NO ALERT,NO ALERT,1.0,12.0,0,0.0,NO ALERT,20261005,12
Telangana,Jagtial,0.0,3.0123445550872856,1.0,0.0,0.0,NO ALERT,NO ALERT,NO ALERT,1.0506442014333701,12.0,21,0.0,NO ALERT,20261005,12
Telangana,Jangaon,0.0,3.723549392492804,1.0,0.0,0.0,NO ALERT,NO ALERT,NO ALERT,1.2551548501724736,12.0,10,0.0,NO ALERT,20261005,12
Telangana,Jayashankar Bhupalapally,0.015625,4.532972723393612,1.0,0.015625,0.0,NO ALERT,NO ALERT,NO ALERT,0.8661616474063776,12.0,29,0.015625,NO ALERT,20261005,12
Telangana,Jogulamba Gadwal,0.0,2.71795754004525,1.0,0.0,0.0,NO ALERT,NO ALERT,NO ALERT,0.309919366741581,12.0,6,0.0,NO ALERT,20261005,12
Telangana,Kamareddy,0.0,4.784111574324843,1.0,0.0,0.0,NO ALERT,NO ALERT,NO ALERT,1.48464910687254,12.0,16,0.0,NO ALERT,20261005,12
Telangana,Karimnagar,0.0,3.610648610078853,1.0,0.0,0.0,NO ALERT,NO ALERT,NO ALERT,1.0532796738943913,12.0,19,0.0,NO ALERT,20261005,12
Telangana,Khammam,0.0125,4.504539643481169,1.0,0.0125,0.0,NO ALERT,NO ALERT,NO ALERT,1.229083324465255,12.0,14,0.0125,NO ALERT,20261005,12
Telangana,Kumuram Bheem,0.078125,4.555406449005416,1.0,0.078125,0.0,NO ALERT,NO ALERT,NO ALERT,0.7124814671799408,12.0,26,0.078125,NO ALERT,20261005,12
Telangana,Mahabubabad,0.0,5.017200900365909,1.0,0.0,0.0,NO ALERT,NO ALERT,NO ALERT,0.7496879243753044,12.0,18,0.0,NO ALERT,20261005,12
Telangana,Mahabubnagar,0.0,4.062936650236992,1.0,0.0,0.0,NO ALERT,NO ALERT,NO ALERT,0.9458345323741008,12.0,5,0.0,NO ALERT,20261005,12
Telangana,Mancherial,0.046875,3.65435616646013,1.0,0.046875,0.0,NO ALERT,NO ALERT,NO ALERT,0.6351156106480269,12.0,29,0.046875,NO ALERT,20261005,12
Telangana,Medak,0.0,4.15280633873319,1.0,0.0,0.0,NO ALERT,NO ALERT,NO ALERT,1.0959988377161123,12.0,15,0.0,NO ALERT,20261005,12
Telangana,Medchal-Malkajgiri,0.0,3.023398629769887,1.0,0.0,0.0,NO ALERT,NO ALERT,NO ALERT,0.5460154137713202,12.0,6,0.0,NO ALERT,20261005,12
Telangana,Mulugu,0.0,5.326521533462283,1.0,0.0,0.0,NO ALERT,NO ALERT,NO ALERT,0.9022615534125001,12.0,35,0.0,NO ALERT,20261005,12
Telangana,Nagarkurnool,0.0,3.4427201202266837,1.0,0.0,0.0,NO ALERT,NO ALERT,NO ALERT,0.9224359743040685,12.0,9,0.0,NO ALERT,20261005,12
Telangana,Nalgonda,0.0625,2.7453771735208403,1.0,0.0625,0.0,NO ALERT,NO ALERT,NO ALERT,0.7921651141751567,12.0,9,0.0625,NO ALERT,20261005,12
Telangana,Narayanpet,0.0,3.085509366991177,1.0,0.0,0.0,NO ALERT,NO ALERT,NO ALERT,0.5891476898225939,12.0,4,0.0,NO ALERT,20261005,12
Telangana,Nirmal,0.0,3.282217358481394,1.0,0.0,0.0,NO ALERT,NO ALERT,NO ALERT,0.39949328364435305,12.0,24,0.0,NO ALERT,20261005,12
Telangana,Nizamabad,0.0,3.8303924083213983,1.0,0.0,0.0,NO ALERT,NO ALERT,NO ALERT,0.7687106269690452,12.0,23,0.0,NO ALERT,20261005,12
Telangana,Peddapalli,0.0,3.2857924778932985,1.0,0.0,0.0,NO ALERT,NO ALERT,NO ALERT,0.9989419686146442,12.0,21,0.0,NO ALERT,20261005,12
Telangana,Rangareddy,0.0,2.9183190000179695,1.0,0.0,0.0,NO ALERT,NO ALERT,NO ALERT,0.44686438311774335,12.0,6,0.0,NO ALERT,20261005,12
Telangana,Ranjanna Sircilla,0.0,3.0471889163431243,1.0,0.0,0.0,NO ALERT,NO ALERT,NO ALERT,0.8531541420988452,12.0,19,0.0,NO ALERT,20261005,12
Telangana,Sangareddy,0.0,4.0128105694096385,1.0,0.0,0.0,NO ALERT,NO ALERT,NO ALERT,0.9871342355236661,12.0,8,0.0,NO ALERT,20261005,12
Telangana,Siddipet,0.0,3.9160316511427293,1.0,0.0,0.0,NO ALERT,NO ALERT,NO ALERT,0.9787964686998395,12.0,17,0.0,NO ALERT,20261005,12
Telangana,Suryapet,1.0729166666666665,3.3181084557074936,3.0,3.2187499999999996,0.0,NO ALERT,NO ALERT,NO ALERT,1.7308950974175341,12.0,8,1.0729166666666665,NO ALERT,20261005,12
Telangana,Vikarabad,0.0,3.443981788157737,1.0,0.0,0.0,NO ALERT,NO ALERT,NO ALERT,0.8038678948568175,12.0,7,0.0,NO ALERT,20261005,12
Telangana,Wanaparthy,0.0,3.5115584207860304,1.0,0.0,0.0,NO ALERT,NO ALERT,NO ALERT,1.5370574553828438,12.0,7,0.0,NO ALERT,20261005,12
Telangana,Warangal (Rural),0.0,5.3771828839019555,1.0,0.0,0.0,NO ALERT,NO ALERT,NO ALERT,0.7177837664278113,12.0,20,0.0,NO ALERT,20261005,12
Telangana,Warangal (Urban),0.0,3.973089845825548,1.0,0.0,0.0,NO ALERT,NO ALERT,NO ALERT,1.1404716681376874,12.0,15,0.0,NO ALERT,20261005,12
Telangana,Yadadri Bhuvanagiri,0.0,4.276911567427116,1.0,0.0,0.0,NO ALERT,NO ALERT,NO ALERT,0.3943305197992461,12.0,6,0.0,NO ALERT,20261005,12
Tripura,Dhalai,0.5,6.845518502929847,3.0,1.5,0.0,NO ALERT,NO ALERT,NO ALERT,0.8283587785967874,12.0,53,0.5,NO ALERT,20261005,12
Tripura,Gomati,0.25,5.727314092055575,3.0,0.75,0.0,NO ALERT,NO ALERT,NO ALERT,0.6449672483678585,12.0,19,0.25,NO ALERT,20261005,12
Tripura,Khowai,0.3125,5.138887051115297,3.0,0.9375,0.0,NO ALERT,NO ALERT,NO ALERT,1.0707661374009059,12.0,32,0.3125,NO ALERT,20261005,12
Tripura,North Tripura,0.6666666666666667,7.247447083761159,3.0,2.0,0.0,NO ALERT,NO ALERT,NO ALERT,1.0837852023725476,12.0,63,0.6666666666666667,NO ALERT,20261005,12
Tripura,Sepahijala,0.1875,5.6033493909525545,3.0,0.5625,0.0,NO ALERT,NO ALERT,NO ALERT,0.5904088369070825,12.0,17,0.1875,NO ALERT,20261005,12
Tripura,South Tripura,0.375,7.167777481103597,3.0,1.125,0.0,NO ALERT,NO ALERT,NO ALERT,1.400098372985758,12.0,35,0.375,NO ALERT,20261005,12
Tripura,Unokoti,0.0625,7.0811173110792085,1.0,0.0625,0.0,NO ALERT,NO ALERT,NO ALERT,1.1229213924988217,12.0,51,0.0625,NO ALERT,20261005,12
Tripura,West Tripura,0.25,5.154991289136344,3.0,0.75,0.0,NO ALERT,NO ALERT,NO ALERT,1.2485020184336477,12.0,41,0.25,NO ALERT,20261005,12
Uttar Pradesh,Agra,0.0,1.8363091741114446,1.0,0.0,0.0,NO ALERT,NO ALERT,NO ALERT,0.791721522207036,12.0,28,0.0,NO ALERT,20261005,12
Uttar Pradesh,Aligarh,0.0,2.437934324825735,1.0,0.0,0.0,NO ALERT,NO ALERT,NO ALERT,1.2678738770314126,12.0,32,0.0,NO ALERT,20261005,12
Uttar Pradesh,Ambedkarnagar,0.020833333333333332,1.727056721526466,1.0,0.020833333333333332,0.0,NO ALERT,NO ALERT,NO ALERT,1.026249823037718,12.0,35,0.020833333333333332,NO ALERT,20261005,12
Uttar Pradesh,Amethi,0.0,1.449291091937929,1.0,0.0,0.0,NO ALERT,NO ALERT,NO ALERT,0.6923387568279187,12.0,35,0.0,NO ALERT,20261005,12
Uttar Pradesh,Amroha,0.0,2.480952845044332,1.0,0.0,0.0,NO ALERT,NO ALERT,NO ALERT,1.6222487761419857,12.0,27,0.0,NO ALERT,20261005,12
Uttar Pradesh,Auraiya,0.0,1.288181595024589,1.0,0.0,0.0,NO ALERT,NO ALERT,NO ALERT,0.6644870847403322,12.0,46,0.0,NO ALERT,20261005,12
Uttar Pradesh,Ayodhya,0.0,2.132033850909912,1.0,0.0,0.0,NO ALERT,NO ALERT,NO ALERT,1.0549845138072231,12.0,40,0.0,NO ALERT,20261005,12
Uttar Pradesh,Azamgarh,0.0,1.7148706966037854,1.0,0.0,0.0,NO ALERT,NO ALERT,NO ALERT,0.9646703136455119,12.0,36,0.0,NO ALERT,20261005,12
Uttar Pradesh,Baghpat,0.0,2.4538962265297974,1.0,0.0,0.0,NO ALERT,NO ALERT,NO ALERT,0.9523909567311151,12.0,18,0.0,NO ALERT,20261005,12
Uttar Pradesh,Bahraich,2.1071428571428568,2.3396098902430786,1.1103233377424782,2.3396098902430786,0.0,NO ALERT,NO ALERT,NO ALERT,1.2794104635828245,12.0,44,2.1071428571428568,NO ALERT,20261005,12
Uttar Pradesh,Ballia,0.0,2.0186654431413706,1.0,0.0,0.0,NO ALERT,NO ALERT,NO ALERT,0.5485624398340859,12.0,20,0.0,NO ALERT,20261005,12
Uttar Pradesh,Balrampur,3.78125,2.1738020198445205,0.5748897903721046,2.1738020198445205,0.0,NO ALERT,NO ALERT,NO ALERT,0.9212864572917641,12.0,55,3.78125,NO ALERT,20261005,12
Uttar Pradesh,Banda,0.0,2.749637344717707,1.0,0.0,0.0,NO ALERT,NO ALERT,NO ALERT,1.7891199055915372,12.0,58,0.0,NO ALERT,20261005,12
Uttar Pradesh,Barabanki,0.0,2.66336233255934,1.0,0.0,0.0,NO ALERT,NO ALERT,NO ALERT,1.0686900754526911,12.0,39,0.0,NO ALERT,20261005,12
Uttar Pradesh,Bareilly,0.15625,2.089098207693394,3.0,0.46875,0.0,NO ALERT,NO ALERT,NO ALERT,1.2875096882033683,12.0,53,0.15625,NO ALERT,20261005,12
Uttar Pradesh,Basti,0.2916666666666667,1.6567869824565709,3.0,0.875,0.0,NO ALERT,NO ALERT,NO ALERT,0.8270403724461556,12.0,46,0.2916666666666667,NO ALERT,20261005,12
Uttar Pradesh,Bhadohi,0.0,3.168699585503503,1.0,0.0,0.0,NO ALERT,NO ALERT,NO ALERT,1.061805767757512,12.0,39,0.0,NO ALERT,20261005,12
Uttar Pradesh,Bijnor,0.025,3.567042720113715,1.0,0.025,0.0,NO ALERT,NO ALERT,NO ALERT,1.787451567436209,12.0,45,0.025,NO ALERT,20261005,12
Uttar Pradesh,Budaun,0.0,1.9856786492811023,1.0,0.0,0.0,NO ALERT,NO ALERT,NO ALERT,1.3546685299021162,12.0,31,0.0,NO ALERT,20261005,12
Uttar Pradesh,Bulandshahr,0.0,2.5232267539863176,1.0,0.0,0.0,NO ALERT,NO ALERT,NO ALERT,1.5914516181919531,12.0,23,0.0,NO ALERT,20261005,12
Uttar Pradesh,Chandauli,0.03125,2.3324938839480076,1.0,0.03125,0.0,NO ALERT,NO ALERT,NO ALERT,0.8234150121497125,12.0,39,0.03125,NO ALERT,20261005,12
Uttar Pradesh,Chitrakoot,0.0,2.4318219135926196,1.0,0.0,0.0,NO ALERT,NO ALERT,NO ALERT,1.2078734208266895,12.0,55,0.0,NO ALERT,20261005,12
Uttar Pradesh,Deoria,0.0,2.527872946082729,1.0,0.0,0.0,NO ALERT,NO ALERT,NO ALERT,0.750445975749312,12.0,39,0.0,NO ALERT,20261005,12
Uttar Pradesh,Etah,0.0,2.2602623243813644,1.0,0.0,0.0,NO ALERT,NO ALERT,NO ALERT,1.3782879353660356,12.0,36,0.0,NO ALERT,20261005,12
Uttar Pradesh,Etawah,0.0,1.7928102370130417,1.0,0.0,0.0,NO ALERT,NO ALERT,NO ALERT,0.6774957389837195,12.0,45,0.0,NO ALERT,20261005,12
Uttar Pradesh,Farrukhabad,0.0,1.5278439902279475,1.0,0.0,0.0,NO ALERT,NO ALERT,NO ALERT,0.7171068338336571,12.0,45,0.0,NO ALERT,20261005,12
Uttar Pradesh,Fatehpur,0.0,1.1844348627527166,1.0,0.0,0.0,NO ALERT,NO ALERT,NO ALERT,0.811332216566406,12.0,52,0.0,NO ALERT,20261005,12
Uttar Pradesh,Firozabad,0.0,2.4440603689992266,1.0,0.0,0.0,NO ALERT,NO ALERT,NO ALERT,1.1649748299066431,12.0,34,0.0,NO ALERT,20261005,12
Uttar Pradesh,Gautambudhnagar,0.0,1.473809727352776,1.0,0.0,0.0,NO ALERT,NO ALERT,NO ALERT,1.0101976247030877,12.0,12,0.0,NO ALERT,20261005,12
Uttar Pradesh,Gazipur,0.0,2.3404021254467637,1.0,0.0,0.0,NO ALERT,NO ALERT,NO ALERT,1.1805015506232899,12.0,24,0.0,NO ALERT,20261005,12
Uttar Pradesh,Ghaziabad,0.0,1.5763878696177103,1.0,0.0,0.0,NO ALERT,NO ALERT,NO ALERT,0.8537568688244084,12.0,20,0.0,NO ALERT,20261005,12
Uttar Pradesh,Gonda,1.0,2.104109488357653,2.104109488357653,2.104109488357653,0.0,NO ALERT,NO ALERT,NO ALERT,0.8917455278876528,12.0,49,1.0,NO ALERT,20261005,12
Uttar Pradesh,Gorakhpur,1.2125,1.9074085132267378,1.5731204232797837,1.9074085132267375,0.0,NO ALERT,NO ALERT,NO ALERT,0.7439644470810024,12.0,46,1.2125,NO ALERT,20261005,12
Uttar Pradesh,Hamirpur,0.0,3.1041204730159344,1.0,0.0,0.0,NO ALERT,NO ALERT,NO ALERT,1.805740673225411,12.0,48,0.0,NO ALERT,20261005,12
Uttar Pradesh,Hapur,0.0,1.2969417096000828,1.0,0.0,0.0,NO ALERT,NO ALERT,NO ALERT,0.7105133084849813,12.0,16,0.0,NO ALERT,20261005,12
Uttar Pradesh,Hardoi,0.0,1.9098314822679512,1.0,0.0,0.0,NO ALERT,NO ALERT,NO ALERT,0.9807602555287763,12.0,50,0.0,NO ALERT,20261005,12
Uttar Pradesh,Hathras,0.0,2.7596940833411803,1.0,0.0,0.0,NO ALERT,NO ALERT,NO ALERT,1.3668395433224179,12.0,36,0.0,NO ALERT,20261005,12
Uttar Pradesh,Jalaun,0.0,2.268806276490835,1.0,0.0,0.0,NO ALERT,NO ALERT,NO ALERT,1.094998077489047,12.0,42,0.0,NO ALERT,20261005,12
Uttar Pradesh,Jaunpur,0.0,2.1535850324298016,1.0,0.0,0.0,NO ALERT,NO ALERT,NO ALERT,0.7773531267394251,12.0,38,0.0,NO ALERT,20261005,12
Uttar Pradesh,Jhansi,0.0,2.5386313863175167,1.0,0.0,0.0,NO ALERT,NO ALERT,NO ALERT,1.5342062306830622,12.0,54,0.0,NO ALERT,20261005,12
Uttar Pradesh,Kannauj,0.0,2.391906538789403,1.0,0.0,0.0,NO ALERT,NO ALERT,NO ALERT,1.1836633560153056,12.0,42,0.0,NO ALERT,20261005,12
Uttar Pradesh,Kanpur,0.0,2.317182241798672,1.0,0.0,0.0,NO ALERT,NO ALERT,NO ALERT,1.1090540269518592,12.0,47,0.0,NO ALERT,20261005,12
Uttar Pradesh,Kanpur Dehat,0.0,1.4922841617097593,1.0,0.0,0.0,NO ALERT,NO ALERT,NO ALERT,0.6240112993496466,12.0,44,0.0,NO ALERT,20261005,12
Uttar Pradesh,Kasganj,0.0,2.0914531639449674,1.0,0.0,0.0,NO ALERT,NO ALERT,NO ALERT,1.2554195777809765,12.0,26,0.0,NO ALERT,20261005,12
Uttar Pradesh,Kaushambi,0.0,2.2787224277751905,1.0,0.0,0.0,NO ALERT,NO ALERT,NO ALERT,1.4735487101335452,12.0,44,0.0,NO ALERT,20261005,12
Uttar Pradesh,Kheri,4.31875,2.8095706068305937,0.6505518047654052,2.8095706068305937,0.0,NO ALERT,NO ALERT,NO ALERT,1.2356700464401702,12.0,51,4.31875,NO ALERT,20261005,12
Uttar Pradesh,Kushinagar,0.5625,1.63059625366371,2.89883778429104,1.63059625366371,0.0,NO ALERT,NO ALERT,NO ALERT,0.5725092651707323,12.0,45,0.5625,NO ALERT,20261005,12
Uttar Pradesh,Lalitpur,0.0,3.630254178575865,1.0,0.0,0.0,NO ALERT,NO ALERT,NO ALERT,1.0509193930020766,12.0,55,0.0,NO ALERT,20261005,12
Uttar Pradesh,Lucknow,0.0,2.2375126246311896,1.0,0.0,0.0,NO ALERT,NO ALERT,NO ALERT,1.171832419435805,12.0,45,0.0,NO ALERT,20261005,12
Uttar Pradesh,Maharajganj,4.55,2.495713341513725,0.5485084267063133,2.495713341513725,0.0,NO ALERT,NO ALERT,NO ALERT,0.96433191843006,12.0,53,4.55,NO ALERT,20261005,12
Uttar Pradesh,Mahoba,0.0,2.9373415724616754,1.0,0.0,0.0,NO ALERT,NO ALERT,NO ALERT,1.7503187766226278,12.0,60,0.0,NO ALERT,20261005,12
Uttar Pradesh,Mainpuri,0.0,1.8755698781838155,1.0,0.0,0.0,NO ALERT,NO ALERT,NO ALERT,0.953156829067944,12.0,43,0.0,NO ALERT,20261005,12
Uttar Pradesh,Mathura,0.0,2.0172317462873783,1.0,0.0,0.0,NO ALERT,NO ALERT,NO ALERT,0.6216394406416662,12.0,25,0.0,NO ALERT,20261005,12
Uttar Pradesh,Mau,0.0,1.649116280884163,1.0,0.0,0.0,NO ALERT,NO ALERT,NO ALERT,0.7797734075443422,12.0,31,0.0,NO ALERT,20261005,12
Uttar Pradesh,Meerut,0.0,3.1038917800232975,1.0,0.0,0.0,NO ALERT,NO ALERT,NO ALERT,1.8619174460713372,12.0,25,0.0,NO ALERT,20261005,12
Uttar Pradesh,Mirzapur,0.0,2.803865054566158,1.0,0.0,0.0,NO ALERT,NO ALERT,NO ALERT,1.0188360660163152,12.0,56,0.0,NO ALERT,20261005,12
Uttar Pradesh,Moradabad,0.020833333333333332,2.216075535084559,1.0,0.020833333333333332,0.0,NO ALERT,NO ALERT,NO ALERT,1.2205482439014992,12.0,47,0.020833333333333332,NO ALERT,20261005,12
Uttar Pradesh,Muzaffarnagar,0.0,3.1383901331624755,1.0,0.0,0.0,NO ALERT,NO ALERT,NO ALERT,2.00082547793036,12.0,26,0.0,NO ALERT,20261005,12
Uttar Pradesh,Pilibhit,2.6375,2.980643309354782,1.13010172866532,2.980643309354782,0.0,NO ALERT,NO ALERT,NO ALERT,1.1327134321925227,12.0,65,2.6375,NO ALERT,20261005,12
Uttar Pradesh,Pratapgarh,0.0,2.1263100779287893,1.0,0.0,0.0,NO ALERT,NO ALERT,NO ALERT,1.013622860228489,12.0,31,0.0,NO ALERT,20261005,12
Uttar Pradesh,Prayagraj,0.0,1.6092296785337816,1.0,0.0,0.0,NO ALERT,NO ALERT,NO ALERT,0.9774817930492988,12.0,37,0.0,NO ALERT,20261005,12
Uttar Pradesh,Raibeareli,0.0,2.0881723053345125,1.0,0.0,0.0,NO ALERT,NO ALERT,NO ALERT,1.0273693844265703,12.0,31,0.0,NO ALERT,20261005,12
Uttar Pradesh,Rampur,0.225,3.03823905559027,3.0,0.675,0.0,NO ALERT,NO ALERT,NO ALERT,1.3343376744093203,12.0,50,0.225,NO ALERT,20261005,12
Uttar Pradesh,Saharanpur,0.14583333333333331,3.707594938705501,3.0,0.43749999999999994,0.0,NO ALERT,NO ALERT,NO ALERT,1.3442108552310297,12.0,33,0.14583333333333331,NO ALERT,20261005,12
Uttar Pradesh,Sambhal,0.0,2.4952144656279316,1.0,0.0,0.0,NO ALERT,NO ALERT,NO ALERT,1.4108593814498882,12.0,23,0.0,NO ALERT,20261005,12
Uttar Pradesh,Santkabirnagar,0.75,2.4303017452495284,3.0,2.25,0.0,NO ALERT,NO ALERT,NO ALERT,1.0639825116611303,12.0,46,0.75,NO ALERT,20261005,12
Uttar Pradesh,Shahjahanpur,0.17857142857142855,2.108541067154557,3.0,0.5357142857142856,0.0,NO ALERT,NO ALERT,NO ALERT,1.5564197857479016,12.0,55,0.17857142857142855,NO ALERT,20261005,12
Uttar Pradesh,Shamli,0.0,0.9895229102405784,1.0,0.0,0.0,NO ALERT,NO ALERT,NO ALERT,0.6434578417266187,12.0,6,0.0,NO ALERT,20261005,12
Uttar Pradesh,Shrawasti,2.9791666666666665,2.8868732965291906,0.9690204072265814,2.8868732965291906,0.0,NO ALERT,NO ALERT,NO ALERT,0.8732982994476908,12.0,36,2.9791666666666665,NO ALERT,20261005,12
Uttar Pradesh,Siddharthnagar,3.145833333333333,2.9119925260407737,0.9256664983440871,2.9119925260407737,0.0,NO ALERT,NO ALERT,NO ALERT,0.8822315950235337,12.0,47,3.145833333333333,NO ALERT,20261005,12
Uttar Pradesh,Sitapur,1.9861111111111112,1.9594179631935225,0.9865600933561791,1.9594179631935225,0.0,NO ALERT,NO ALERT,NO ALERT,0.6923763992957777,12.0,47,1.9861111111111112,NO ALERT,20261005,12
Uttar Pradesh,Sonbhadra,0.015625,3.477101046834396,1.0,0.015625,0.0,NO ALERT,NO ALERT,NO ALERT,1.4305576502641786,12.0,57,0.015625,NO ALERT,20261005,12
Uttar Pradesh,Sultanpur,0.0,1.664566149736104,1.0,0.0,0.0,NO ALERT,NO ALERT,NO ALERT,1.0467327200300567,12.0,36,0.0,NO ALERT,20261005,12
Uttar Pradesh,Unnao,0.0,1.5974721783848658,1.0,0.0,0.0,NO ALERT,NO ALERT,NO ALERT,0.8205228437697744,12.0,44,0.0,NO ALERT,20261005,12
Uttar Pradesh,Varanasi,0.0,2.499586754440241,1.0,0.0,0.0,NO ALERT,NO ALERT,NO ALERT,0.9425679222077474,12.0,42,0.0,NO ALERT,20261005,12
Uttarakhand,Almora,7.0625,3.253347052812372,0.46065091013272524,3.253347052812372,0.0,NO ALERT,NO ALERT,NO ALERT,1.189247823560213,12.0,49,7.0625,NO ALERT,20261005,12
Uttarakhand,Bageshwar,6.95,6.9160473409050125,0.9951147253100737,6.9160473409050125,0.0,NO ALERT,NO ALERT,NO ALERT,1.4917590063843986,12.0,68,6.95,NO ALERT,20261005,12
Uttarakhand,Chamoli,3.668269230769231,5.964713934844299,1.6260294868251823,5.964713934844299,0.0,NO ALERT,NO ALERT,NO ALERT,1.329423399307834,12.0,24,3.668269230769231,NO ALERT,20261005,12
Uttarakhand,Champawat,7.1875,4.253993164227433,0.591859918501208,4.253993164227433,0.0,NO ALERT,NO ALERT,NO ALERT,1.6413258520728684,12.0,35,7.1875,NO ALERT,20261005,12
Uttarakhand,Dehradun,1.78125,5.423757336390754,3.0,5.34375,0.0,NO ALERT,NO ALERT,NO ALERT,1.5398690305676919,12.0,32,1.78125,NO ALERT,20261005,12
Uttarakhand,Haridwar,0.29166666666666663,4.971913673480352,3.0,0.8749999999999999,0.0,NO ALERT,NO ALERT,NO ALERT,1.6465325294267201,12.0,38,0.29166666666666663,NO ALERT,20261005,12
Uttarakhand,Nainital,5.760416666666666,4.543063838443119,0.7886693101094745,4.543063838443119,0.0,NO ALERT,NO ALERT,NO ALERT,1.3115248057150712,12.0,37,5.760416666666666,NO ALERT,20261005,12
Uttarakhand,Pauri Garhwal,2.7578125,2.6589021579324177,0.9641344935279021,2.6589021579324177,0.0,NO ALERT,NO ALERT,NO ALERT,0.8989446784075069,12.0,38,2.7578125,NO ALERT,20261005,12
Uttarakhand,Pithoragarh,3.60625,6.9429303492728165,1.925249316956067,6.9429303492728165,0.0,NO ALERT,NO ALERT,NO ALERT,1.4298738584611528,12.0,34,3.60625,NO ALERT,20261005,12
Uttarakhand,Rudraprayag,7.53125,5.720153126559437,0.7595224068460664,5.720153126559437,0.0,NO ALERT,NO ALERT,NO ALERT,1.5437493968823055,12.0,55,7.53125,NO ALERT,20261005,12
Uttarakhand,Tehri Garhwal,3.571428571428571,4.6803024499150405,1.3104846859762114,4.6803024499150405,0.0,NO ALERT,NO ALERT,NO ALERT,1.6175864650140568,12.0,32,3.571428571428571,NO ALERT,20261005,12
Uttarakhand,Udham Singh Nagar,4.65,4.8852239856246396,1.0505858033601374,4.8852239856246396,0.0,NO ALERT,NO ALERT,NO ALERT,1.3082897873941184,12.0,45,4.65,NO ALERT,20261005,12
Uttarakhand,Uttarkashi,1.8020833333333333,4.514187088556009,2.504982430643797,4.514187088556009,0.0,NO ALERT,NO ALERT,NO ALERT,1.0757943033140698,12.0,19,1.8020833333333333,NO ALERT,20261005,12
West Bengal,Alipur Duar,1.525,9.853681721136178,3.0,4.574999999999999,0.0,NO ALERT,NO ALERT,NO ALERT,0.876273019279608,12.0,84,1.525,NO ALERT,20261005,12
West Bengal,Bankura,0.5852272727272727,4.883873859261294,3.0,1.7556818181818181,0.0,NO ALERT,NO ALERT,NO ALERT,1.2148248414338347,12.0,50,0.5852272727272727,NO ALERT,20261005,12
West Bengal,Birbhum,0.0234375,4.032918682809256,1.0,0.0234375,0.0,NO ALERT,NO ALERT,NO ALERT,0.960755288771392,12.0,39,0.0234375,NO ALERT,20261005,12
West Bengal,Dakshin Dinajpur,0.5208333333333334,4.5067718911116526,3.0,1.5625,0.0,NO ALERT,NO ALERT,NO ALERT,1.3811314751091854,12.0,40,0.5208333333333334,NO ALERT,20261005,12
West Bengal,Darjiling,4.3125,8.919102856659727,2.0681977638631253,8.919102856659727,0.0,NO ALERT,NO ALERT,NO ALERT,1.0031684763479043,12.0,112,4.3125,NO ALERT,20261005,12
West Bengal,Haora,0.0,5.499798150523885,1.0,0.0,0.0,NO ALERT,NO ALERT,NO ALERT,1.5611863858642592,12.0,60,0.0,NO ALERT,20261005,12
West Bengal,Hugli,0.0,4.900223951250927,1.0,0.0,0.0,NO ALERT,NO ALERT,NO ALERT,1.198248776930074,12.0,42,0.0,NO ALERT,20261005,12
West Bengal,Jalpaiguri,0.84375,9.027139073043857,3.0,2.53125,0.0,NO ALERT,NO ALERT,NO ALERT,1.0248621614065254,12.0,149,0.84375,NO ALERT,20261005,12
West Bengal,Jhargram,0.125,4.489672053288924,3.0,0.375,0.0,NO ALERT,NO ALERT,NO ALERT,1.3393150017658046,12.0,59,0.125,NO ALERT,20261005,12
West Bengal,Kalimpong,3.78125,10.116849438519509,2.675530430021688,10.116849438519509,0.0,NO ALERT,MODERATE,NO ALERT,0.9666744540911765,12.0,89,3.78125,NO ALERT,20261005,12
West Bengal,Koch Bihar,0.28125,8.557048504983317,3.0,0.84375,0.0,NO ALERT,NO ALERT,NO ALERT,1.2307331175636078,12.0,69,0.28125,NO ALERT,20261005,12
West Bengal,Kolkata,0.0,0.0,1.0,0.0,0.0,NO ALERT,NO ALERT,NO ALERT,1.0,12.0,0,0.0,NO ALERT,20261005,12
West Bengal,Maldah,0.041666666666666664,4.0071437250227415,1.0,0.041666666666666664,0.0,NO ALERT,NO ALERT,NO ALERT,1.0191326964571203,12.0,39,0.041666666666666664,NO ALERT,20261005,12
West Bengal,Murshidabad,0.07291666666666667,3.5627578462741964,1.0,0.07291666666666667,0.0,NO ALERT,NO ALERT,NO ALERT,0.6126274241434492,12.0,42,0.07291666666666667,NO ALERT,20261005,12
West Bengal,Nadia,0.041666666666666664,3.5820382208407744,1.0,0.041666666666666664,0.0,NO ALERT,NO ALERT,NO ALERT,0.6910981589282109,12.0,35,0.041666666666666664,NO ALERT,20261005,12
West Bengal,North Twenty-Four Parganas,0.0,5.363076995153949,1.0,0.0,0.0,NO ALERT,NO ALERT,NO ALERT,1.4464819814106862,12.0,35,0.0,NO ALERT,20261005,12
West Bengal,Paschim Barddhaman,0.0,4.287313716787182,1.0,0.0,0.0,NO ALERT,NO ALERT,NO ALERT,1.695828476205532,12.0,30,0.0,NO ALERT,20261005,12
West Bengal,Paschim Medinipur,0.09375,4.376579292146617,1.0,0.09375,0.0,NO ALERT,NO ALERT,NO ALERT,1.2916272456520248,12.0,51,0.09375,NO ALERT,20261005,12
West Bengal,Purba Barddhaman,0.0,3.662374165565728,1.0,0.0,0.0,NO ALERT,NO ALERT,NO ALERT,0.8453873794374377,12.0,25,0.0,NO ALERT,20261005,12
West Bengal,Purba Medinipur,0.041666666666666664,4.958878487756807,1.0,0.041666666666666664,0.0,NO ALERT,NO ALERT,NO ALERT,2.1980486787400464,12.0,47,0.041666666666666664,NO ALERT,20261005,12
West Bengal,Puruliya,1.3541666666666665,4.64580344909992,3.0,4.0625,0.0,NO ALERT,NO ALERT,NO ALERT,1.3062064590062346,12.0,57,1.3541666666666665,NO ALERT,20261005,12
West Bengal,South Twenty-Four Parganas,0.06770833333333333,5.402211397207559,1.0,0.06770833333333333,0.0,NO ALERT,NO ALERT,NO ALERT,1.5323019049658209,12.0,47,0.06770833333333333,NO ALERT,20261005,12
West Bengal,Uttar Dinajpur,0.7625,4.885033600473241,3.0,2.2874999999999996,0.0,NO ALERT,NO ALERT,NO ALERT,1.4058222609862463,12.0,53,0.7625,NO ALERT,20261005,12
