unit_type,unit_id,unit_name,basin,sub_basin,area_sqkm,from_hour,to_hour,interval_label,rain_gfs_mm,bias_factor,rain_gfs_bc_mm,rain_icon_mm,alert_gfs_bc,alert_icon,date,cycle_utc
subbasin,ARA,Above Ramganga Confluence,Ganga Basin,Above Ramganga Confluence,39104.6123558,0,3,0-3 h,0.0,3.0,0.0,0.0,NO ALERT,NO ALERT,20261005,00
subbasin,BAI,Baitarni,Brahmani and Baitarni Basin,Baitarni,14351.232989600001,0,3,0-3 h,0.0,1.0,0.0,0.0,NO ALERT,NO ALERT,20261005,00
subbasin,BAM,Barmer,Indus (Up to border) Basin,Barmer,21658.9369285,0,3,0-3 h,0.0,1.0,0.0,0.0,NO ALERT,NO ALERT,20261005,00
subbasin,BAN,Banas,Ganga Basin,Banas,51651.5088239,0,3,0-3 h,0.0,1.0,0.0,0.0,NO ALERT,NO ALERT,20261005,00
subbasin,BAR,Barak,Barak and others Basin,Barak,27658.980335700002,0,3,0-3 h,0.23363095238095238,2.361846817831245,0.5518005214278355,0.0,NO ALERT,NO ALERT,20261005,00
subbasin,BEA,Beas,Indus (Up to border) Basin,Beas,19002.474906599997,0,3,0-3 h,0.0,3.0,0.0,0.0,NO ALERT,NO ALERT,20261005,00
subbasin,BHA,Bhadar and other west flowing rivers,West flowing rivers of Kutch and Saurashtra including Luni Basin,Bhadar and other west flowing rivers,18489.7027305,0,3,0-3 h,0.0,1.0,0.0,0.0,NO ALERT,NO ALERT,20261005,00
subbasin,BHG,Bhagirathi and others (Ganga Lower),Ganga Basin,Bhagirathi and others (Ganga Lower),64038.9710863,0,3,0-3 h,0.3131510416666667,3.0,0.939453125,0.0,NO ALERT,NO ALERT,20261005,00
subbasin,BHL,Bhima Lower,Krishna Basin,Bhima Lower,23652.6979435,0,3,0-3 h,0.001838235294117647,1.0,0.001838235294117647,0.0,NO ALERT,NO ALERT,20261005,00
subbasin,BHT,Bhatsol and others,West flowing rivers South of Tapi Basin,Bhatsol and others,29332.606177,0,3,0-3 h,0.0,1.0,0.0,0.0,NO ALERT,NO ALERT,20261005,00
subbasin,BHU,Bhima Upper,Krishna Basin,Bhima Upper,44793.3226794,0,3,0-3 h,0.0,1.0,0.0,0.0,NO ALERT,NO ALERT,20261005,00
subbasin,BRA,Brahmani,Brahmani and Baitarni Basin,Brahmani,37545.8337422,0,3,0-3 h,0.0,3.0,0.0,0.0,NO ALERT,NO ALERT,20261005,00
subbasin,BRL,Brahmaputra Lower,Brahmaputra Basin,Brahmaputra Lower,87392.2235093,0,3,0-3 h,0.33458646616541354,1.2621195839226036,0.422288131462826,0.0,NO ALERT,NO ALERT,20261005,00
subbasin,BRU,Brahmaputra Upper,Brahmaputra Basin,Brahmaputra Upper,98972.86923639999,0,3,0-3 h,1.221026490066225,0.8282563852423646,1.0113229869474236,0.0,NO ALERT,NO ALERT,20261005,00
subbasin,CAL,Cauvery Lower,Cauvery Basin,Cauvery Lower,17386.448641799998,0,3,0-3 h,0.06818181818181818,0.7989375331434209,0.054473013623415056,0.0,NO ALERT,NO ALERT,20261005,00
subbasin,CAM,Cauvery Middle,Cauvery Basin,Cauvery Middle,57280.980105099996,0,3,0-3 h,0.07583333333333334,0.3,0.02275,0.0,NO ALERT,NO ALERT,20261005,00
subbasin,CAU,Cauvery Upper,Cauvery Basin,Cauvery Upper,10958.799342,0,3,0-3 h,0.0625,0.3,0.01875,0.0,NO ALERT,NO ALERT,20261005,00
subbasin,CHA,Chautang and others,Indus (Up to border) Basin,Chautang and others,27704.2449767,0,3,0-3 h,0.0,1.0,0.0,0.0,NO ALERT,NO ALERT,20261005,00
subbasin,CHE,Chenab,Indus (Up to border) Basin,Chenab,29981.3828085,0,3,0-3 h,0.0,3.0,0.0,0.0,NO ALERT,NO ALERT,20261005,00
subbasin,CHL,Chambal Lower,Ganga Basin,Chambal Lower,10941.2620969,0,3,0-3 h,0.0,1.0,0.0,0.0,NO ALERT,NO ALERT,20261005,00
subbasin,CHR,Churu,Indus (Up to border) Basin,Churu,66832.7547281,0,3,0-3 h,0.0,1.0,0.0,0.0,NO ALERT,NO ALERT,20261005,00
subbasin,CHU,Chambal Upper,Ganga Basin,Chambal Upper,25546.5699826,0,3,0-3 h,0.0,1.0,0.0,0.0,NO ALERT,NO ALERT,20261005,00
subbasin,DAL,Drainage Area of Lakshadweep Islands,Drainage Area of Lakshadweep Islands Basin,Drainage Area of Lakshadweep Islands,669.812447676,0,3,0-3 h,0.0,1.0,0.0,0.0,NO ALERT,NO ALERT,20261005,00
subbasin,DAM,Damodar,Ganga Basin,Damodar,41965.4937886,0,3,0-3 h,0.01694915254237288,3.0,0.05084745762711865,0.0,NO ALERT,NO ALERT,20261005,00
subbasin,DAN,Drainage Area of Andaman and Nicobar Islands,Drainage Area of Andaman and Nicobar Islands Basin,Drainage Area of Andaman and Nicobar Islands,7577.85235893,0,3,0-3 h,0.10795454545454546,0.3,0.03238636363636364,0.0,NO ALERT,NO ALERT,20261005,00
subbasin,GAN,Gandak and others,Ganga Basin,Gandak and others,56260.4279485,0,3,0-3 h,0.0007267441860465116,3.0,0.002180232558139535,0.0,NO ALERT,NO ALERT,20261005,00
subbasin,GDL,Godavari Lower,Godavari Basin,Godavari Lower,44492.9272893,0,3,0-3 h,0.10860655737704918,3.0,0.32581967213114754,0.0,NO ALERT,NO ALERT,20261005,00
subbasin,GDM,Godavari Middle,Godavari Basin,Godavari Middle,36290.474892599996,0,3,0-3 h,0.0,1.0,0.0,0.0,NO ALERT,NO ALERT,20261005,00
subbasin,GDU,Godavari Upper,Godavari Basin,Godavari Upper,21443.233252,0,3,0-3 h,0.0,1.0,0.0,0.0,NO ALERT,NO ALERT,20261005,00
subbasin,GHA,Ghaghara,Ganga Basin,Ghaghara,58634.1755549,0,3,0-3 h,0.12708333333333333,1.6536675276181974,0.21015358163481257,0.0,NO ALERT,NO ALERT,20261005,00
subbasin,GHG,Ghaghara Confluence to Gomti confluence,Ganga Basin,Ghaghara Confluence to Gomti confluence,26254.0625402,0,3,0-3 h,0.0,1.0,0.0,0.0,NO ALERT,NO ALERT,20261005,00
subbasin,GHO,Ghaghar and others,Indus (Up to border) Basin,Ghaghar and others,49978.9330453,0,3,0-3 h,0.0,1.0,0.0,0.0,NO ALERT,NO ALERT,20261005,00
subbasin,GIL,Gilgit,Indus (Up to border) Basin,Gilgit,27088.6965445,0,3,0-3 h,0.0,1.4341220584848333,0.0,0.0,NO ALERT,NO ALERT,20261005,00
subbasin,GOM,Gomti,Ganga Basin,Gomti,29865.2109004,0,3,0-3 h,0.0,1.0,0.0,0.0,NO ALERT,NO ALERT,20261005,00
subbasin,GTK,East flowing rivers between Godavari and krishna,East flowing rivers between Godavari and Krishna Basin,East flowing rivers between Godavari and krishna,10342.2894048,0,3,0-3 h,0.0,1.6742437243723507,0.0,0.0,NO ALERT,NO ALERT,20261005,00
subbasin,IMP,Imphal and others,Minor rivers draining into Myanmar Basin,Imphal and others,16754.8996877,0,3,0-3 h,0.1328125,1.5529862153812508,0.20625598173032236,0.0,NO ALERT,NO ALERT,20261005,00
subbasin,IND,Indravati,Godavari Basin,Indravati,38306.103516099996,0,3,0-3 h,0.0,1.0,0.0,0.0,NO ALERT,NO ALERT,20261005,00
subbasin,JHE,Jhelum,Indus (Up to border) Basin,Jhelum,29200.5186975,0,3,0-3 h,0.0,3.0,0.0,0.0,NO ALERT,NO ALERT,20261005,00
subbasin,KAS,Kali Sindh and others up to Confluence with Parbati,Ganga Basin,Kali Sindh and others up to Confluence with Parbati,48492.609462,0,3,0-3 h,0.0,1.0,0.0,0.0,NO ALERT,NO ALERT,20261005,00
subbasin,KOS,Kosi,Ganga Basin,Kosi,18413.5817315,0,3,0-3 h,0.05787037037037037,3.0,0.1736111111111111,0.0,NO ALERT,NO ALERT,20261005,00
subbasin,KPO,Karnaphuli and Others,Minor rivers draining into Bangladesh Basin,Karnaphuli and Others,3776.83637815,0,3,0-3 h,0.0,3.0,0.0,0.0,NO ALERT,NO ALERT,20261005,00
subbasin,KRL,Krishna Lower,Krishna Basin,Krishna Lower,39494.3345917,0,3,0-3 h,0.0047169811320754715,3.0,0.014150943396226415,0.0,NO ALERT,NO ALERT,20261005,00
subbasin,KRM,Krishna Middle,Krishna Basin,Krishna Middle,22229.122290299998,0,3,0-3 h,0.138671875,3.0,0.416015625,0.0,NO ALERT,NO ALERT,20261005,00
subbasin,KRU,Krishna Upper,Krishna Basin,Krishna Upper,54504.7707132,0,3,0-3 h,0.0008223684210526315,3.0,0.0024671052631578946,0.0,NO ALERT,NO ALERT,20261005,00
subbasin,KTP,East flowing rivers between krishna and Pennar,East flowing rivers between Krishna and Pennar Basin,East flowing rivers between krishna and Pennar,23334.6280124,0,3,0-3 h,0.04296875,1.1319794021185743,0.04863973993478249,0.0,NO ALERT,NO ALERT,20261005,00
subbasin,KYN,Kynchiang and other south flowing rivers,Barak and others Basin,Kynchiang and other south flowing rivers,10267.390013600001,0,3,0-3 h,0.004166666666666667,3.0,0.0125,0.0,NO ALERT,NO ALERT,20261005,00
subbasin,LIN,Lower Indus,Indus (Up to border) Basin,Lower Indus,23894.095446299998,0,3,0-3 h,0.0,2.2084975976104473,0.0,0.0,NO ALERT,NO ALERT,20261005,00
subbasin,LUL,Luni Lower,West flowing rivers of Kutch and Saurashtra including Luni Basin,Luni Lower,29180.1166377,0,3,0-3 h,0.0,1.0,0.0,0.0,NO ALERT,NO ALERT,20261005,00
subbasin,LUU,Luni Upper,West flowing rivers of Kutch and Saurashtra including Luni Basin,Luni Upper,70202.5788834,0,3,0-3 h,0.0,1.0,0.0,0.0,NO ALERT,NO ALERT,20261005,00
subbasin,MAJ,Manjra,Godavari Basin,Manjra,29472.8781663,0,3,0-3 h,0.0,1.0,0.0,0.0,NO ALERT,NO ALERT,20261005,00
subbasin,MAL,Mahanadi Lower,Mahanadi Basin,Mahanadi Lower,57958.8771578,0,3,0-3 h,0.0,3.0,0.0,0.0,NO ALERT,NO ALERT,20261005,00
subbasin,MAM,Mahanadi Middle,Mahanadi Basin,Mahanadi Middle,51895.912271199995,0,3,0-3 h,0.0,3.0,0.0,0.0,NO ALERT,NO ALERT,20261005,00
subbasin,MAN,Mangpui Lui and others,Minor rivers draining into Myanmar Basin,Mangpui Lui and others,7976.1826088,0,3,0-3 h,0.0,2.60114602242229,0.0,0.0,NO ALERT,NO ALERT,20261005,00
subbasin,MAU,Mahanadi Upper,Mahanadi Basin,Mahanadi Upper,29796.635875400003,0,3,0-3 h,0.0,3.0,0.0,0.0,NO ALERT,NO ALERT,20261005,00
subbasin,MHO,Muhury and Others,Minor rivers draining into Bangladesh Basin,Muhury and Others,1676.3936024500001,0,3,0-3 h,1.0625,3.0,3.1875,0.0,NO ALERT,NO ALERT,20261005,00
subbasin,MHU,Mahi Upper,Mahi Basin,Mahi Upper,24959.804656099997,0,3,0-3 h,0.0,1.0,0.0,0.0,NO ALERT,NO ALERT,20261005,00
subbasin,NAG,Nagvati and other,East flowing rivers between Mahanadi and Godavari Basin,Nagvati and other,24372.2391257,0,3,0-3 h,0.10641891891891891,2.2457786192721487,0.23899333279416446,0.0,NO ALERT,NO ALERT,20261005,00
subbasin,NAM,Narmada Middle,Narmada Basin,Narmada Middle,40575.718659599996,0,3,0-3 h,0.0,1.0,0.0,0.0,NO ALERT,NO ALERT,20261005,00
subbasin,NAO,Naoch chara and others,Barak and others Basin,Naoch chara and others,7695.8122394600005,0,3,0-3 h,1.0144230769230769,2.150084480464447,2.1810953143172993,0.0,NO ALERT,NO ALERT,20261005,00
subbasin,NAU,Narmada Upper,Narmada Basin,Narmada Upper,43192.6765088,0,3,0-3 h,0.0,1.0,0.0,0.0,NO ALERT,NO ALERT,20261005,00
subbasin,NET,Netravati and others,West flowing rivers South of Tapi Basin,Netravati and others,18762.0879077,0,3,0-3 h,0.5725,1.8755350582862367,1.0737438208688705,0.0,NO ALERT,NO ALERT,20261005,00
subbasin,PAL,Palar and other,East flowing rivers between Pennar and Cauvery Basin,Palar and other,35392.3393366,0,3,0-3 h,0.046875,0.3266358224797221,0.015311054178736974,0.0,NO ALERT,NO ALERT,20261005,00
subbasin,PAM,Pamba and others,East flowing rivers South of Cauvery Basin,Pamba and others,18289.4135022,0,3,0-3 h,0.1640625,0.654600010391094,0.10739531420478884,0.0,NO ALERT,NO ALERT,20261005,00
subbasin,PAR,Periyar and others,West flowing rivers South of Tapi Basin,Periyar and others,21895.2090182,0,3,0-3 h,0.28879310344827586,0.5777269689606324,0.16684356431190675,0.0,NO ALERT,NO ALERT,20261005,00
subbasin,PEL,Pennar Lower,Pennar Basin,Pennar Lower,17979.8549043,0,3,0-3 h,0.059895833333333336,0.39404642939654655,0.023601739260730652,0.0,NO ALERT,NO ALERT,20261005,00
subbasin,PEU,Pennar Upper,Pennar Basin,Pennar Upper,36263.575012400004,0,3,0-3 h,0.21428571428571427,0.4641873234336626,0.09946871216435627,0.0,NO ALERT,NO ALERT,20261005,00
subbasin,PON,Ponnaiyar and other,East flowing rivers between Pennar and Cauvery Basin,Ponnaiyar and other,28249.4865729,0,3,0-3 h,0.02364864864864865,0.4261967397185967,0.010078976952804651,0.0,NO ALERT,NO ALERT,20261005,00
subbasin,PRA,Pranhita and others,Godavari Basin,Pranhita and others,36119.600279599996,0,3,0-3 h,0.0,1.0,0.0,0.0,NO ALERT,NO ALERT,20261005,00
subbasin,RAM,Ramganga,Ganga Basin,Ramganga,30839.689987,0,3,0-3 h,0.006510416666666667,3.0,0.01953125,0.0,NO ALERT,NO ALERT,20261005,00
subbasin,RAN,Drainage of Rann,West flowing rivers of Kutch and Saurashtra including Luni Basin,Drainage of Rann,21229.9018898,0,3,0-3 h,0.0,1.0,0.0,0.0,NO ALERT,NO ALERT,20261005,00
subbasin,RAV,Ravi,Indus (Up to border) Basin,Ravi,13710.196473299999,0,3,0-3 h,0.0,3.0,0.0,0.0,NO ALERT,NO ALERT,20261005,00
subbasin,SAL,Sabarmati Lower,Sabarmati Basin,Sabarmati Lower,10865.3209002,0,3,0-3 h,0.0,1.0,0.0,0.0,NO ALERT,NO ALERT,20261005,00
subbasin,SAR,Saraswati,West flowing rivers of Kutch and Saurashtra including Luni Basin,Saraswati,27260.8387238,0,3,0-3 h,0.0,1.0,0.0,0.0,NO ALERT,NO ALERT,20261005,00
subbasin,SAU,Sabarmati Upper,Sabarmati Basin,Sabarmati Upper,19813.2727963,0,3,0-3 h,0.0,1.0,0.0,0.0,NO ALERT,NO ALERT,20261005,00
subbasin,SHE,Shetranjuli and other east flowing rivers,West flowing rivers of Kutch and Saurashtra including Luni Basin,Shetranjuli and other east flowing rivers,18221.670857200003,0,3,0-3 h,0.0,1.0,0.0,0.0,NO ALERT,NO ALERT,20261005,00
subbasin,SHK,Shaksgam,Area of North Ladakha not draining into Indus Basin,Shaksgam,6523.49752196,0,3,0-3 h,0.0,1.0,0.0,0.0,NO ALERT,NO ALERT,20261005,00
subbasin,SHY,Shyok,Indus (Up to border) Basin,Shyok,38545.0481,0,3,0-3 h,0.0,1.0,0.0,0.0,NO ALERT,NO ALERT,20261005,00
subbasin,SON,Sone,Ganga Basin,Sone,65110.052420800006,0,3,0-3 h,0.0,3.0,0.0,0.0,NO ALERT,NO ALERT,20261005,00
subbasin,SUB,Subernarekha,Subernarekha Basin,Subernarekha,25792.1620902,0,3,0-3 h,0.0,3.0,0.0,0.0,NO ALERT,NO ALERT,20261005,00
subbasin,SUL,Sutlaj Lower,Indus (Up to border) Basin,Sutlaj Lower,38442.7890103,0,3,0-3 h,0.0,1.0,0.0,0.0,NO ALERT,NO ALERT,20261005,00
subbasin,SUM,Sulmar,Area of North Ladakha not draining into Indus Basin,Sulmar,22715.7309665,0,3,0-3 h,0.0,1.0,0.0,0.0,NO ALERT,NO ALERT,20261005,00
subbasin,SUU,Sutlaj Upper,Indus (Up to border) Basin,Sutlaj Upper,21439.429926099998,0,3,0-3 h,0.0,3.0,0.0,0.0,NO ALERT,NO ALERT,20261005,00
subbasin,TAM,Tapi Middle,Tapi Basin,Tapi Middle,31766.674366299998,0,3,0-3 h,0.0,1.0,0.0,0.0,NO ALERT,NO ALERT,20261005,00
subbasin,TAU,Tapi Upper,Tapi Basin,Tapi Upper,28047.339302099997,0,3,0-3 h,0.0,1.0,0.0,0.0,NO ALERT,NO ALERT,20261005,00
subbasin,TON,Tons,Ganga Basin,Tons,16905.7373669,0,3,0-3 h,0.0,1.0,0.0,0.0,NO ALERT,NO ALERT,20261005,00
subbasin,TUL,Tungabhadra Lower,Krishna Basin,Tungabhadra Lower,41556.484720199995,0,3,0-3 h,0.22272727272727272,0.7217595285394708,0.1607555313565185,0.0,NO ALERT,NO ALERT,20261005,00
subbasin,TUU,Tungabhadra Upper,Krishna Basin,Tungabhadra Upper,28519.4094375,0,3,0-3 h,0.9503205128205128,0.4850535815326983,0.46095636834758025,0.0,NO ALERT,NO ALERT,20261005,00
subbasin,UGO,Upstream of Gomti confluece to Muzaffarnagar,Ganga Basin,Upstream of Gomti confluece to Muzaffarnagar,29061.3749822,0,3,0-3 h,0.0,1.0,0.0,0.0,NO ALERT,NO ALERT,20261005,00
subbasin,UIN,Upper Indus,Indus (Up to border) Basin,Upper Indus,46450.1263776,0,3,0-3 h,0.0,1.0,0.0,0.0,NO ALERT,NO ALERT,20261005,00
subbasin,VAI,Vaippar and others,East flowing rivers South of Cauvery Basin,Vaippar and others,20356.688641599998,0,3,0-3 h,0.06944444444444445,0.4794268748348529,0.03329353297464256,0.0,NO ALERT,NO ALERT,20261005,00
subbasin,VAM,Vamsadhara and other,East flowing rivers between Mahanadi and Godavari Basin,Vamsadhara and other,21870.633760099998,0,3,0-3 h,0.010080645161290322,1.0,0.010080645161290322,0.0,NO ALERT,NO ALERT,20261005,00
subbasin,VAR,Varrar and others,West flowing rivers South of Tapi Basin,Varrar and others,14164.6969417,0,3,0-3 h,0.04513888888888889,0.6925699831943927,0.031261839519191335,0.0,NO ALERT,NO ALERT,20261005,00
subbasin,VAS,Vasishti and others,West flowing rivers South of Tapi Basin,Vasishti and others,27473.950096599998,0,3,0-3 h,0.25493421052631576,3.0,0.7648026315789473,0.0,NO ALERT,NO ALERT,20261005,00
subbasin,WAR,Wardha,Godavari Basin,Wardha,46242.0943756,0,3,0-3 h,0.0,1.0,0.0,0.0,NO ALERT,NO ALERT,20261005,00
subbasin,WEI,Weinganga,Godavari Basin,Weinganga,49695.4011135,0,3,0-3 h,0.0,3.0,0.0,0.0,NO ALERT,NO ALERT,20261005,00
subbasin,YAL,Yamuna Lower,Ganga Basin,Yamuna Lower,124867.188956,0,3,0-3 h,0.0,1.0,0.0,0.0,NO ALERT,NO ALERT,20261005,00
subbasin,YAM,Yamuna Middle,Ganga Basin,Yamuna Middle,34586.3897844,0,3,0-3 h,0.0,1.0,0.0,0.0,NO ALERT,NO ALERT,20261005,00
subbasin,YAU,Yamuna Upper,Ganga Basin,Yamuna Upper,35798.1884585,0,3,0-3 h,0.0,3.0,0.0,0.0,NO ALERT,NO ALERT,20261005,00
subbasin,MHL,Mahi Lower,Mahi Basin,Mahi Lower,13092.144778,0,3,0-3 h,0.0,1.0,0.0,0.0,NO ALERT,NO ALERT,20261005,00
subbasin,NAL,Narmada Lower,Narmada Basin,Narmada Lower,9725.401358770001,0,3,0-3 h,0.0,1.0,0.0,0.0,NO ALERT,NO ALERT,20261005,00
subbasin,TAL,Tapi Lower,Tapi Basin,Tapi Lower,3618.19482315,0,3,0-3 h,0.0,1.0,0.0,0.0,NO ALERT,NO ALERT,20261005,00
subbasin,ARA,Above Ramganga Confluence,Ganga Basin,Above Ramganga Confluence,39104.6123558,3,6,3-6 h,0.009698275862068966,3.0,0.0290948275862069,0.0,NO ALERT,NO ALERT,20261005,00
subbasin,BAI,Baitarni,Brahmani and Baitarni Basin,Baitarni,14351.232989600001,3,6,3-6 h,0.0,1.0,0.0,0.0,NO ALERT,NO ALERT,20261005,00
subbasin,BAM,Barmer,Indus (Up to border) Basin,Barmer,21658.9369285,3,6,3-6 h,0.0,1.0,0.0,0.0,NO ALERT,NO ALERT,20261005,00
subbasin,BAN,Banas,Ganga Basin,Banas,51651.5088239,3,6,3-6 h,0.0,1.0,0.0,0.0,NO ALERT,NO ALERT,20261005,00
subbasin,BAR,Barak,Barak and others Basin,Barak,27658.980335700002,3,6,3-6 h,0.7678571428571429,2.361846817831245,1.8135609494061344,0.0,NO ALERT,NO ALERT,20261005,00
subbasin,BEA,Beas,Indus (Up to border) Basin,Beas,19002.474906599997,3,6,3-6 h,0.0,3.0,0.0,0.0,NO ALERT,NO ALERT,20261005,00
subbasin,BHA,Bhadar and other west flowing rivers,West flowing rivers of Kutch and Saurashtra including Luni Basin,Bhadar and other west flowing rivers,18489.7027305,3,6,3-6 h,0.0,1.0,0.0,0.0,NO ALERT,NO ALERT,20261005,00
subbasin,BHG,Bhagirathi and others (Ganga Lower),Ganga Basin,Bhagirathi and others (Ganga Lower),64038.9710863,3,6,3-6 h,0.4798177083333333,3.0,1.439453125,0.0,NO ALERT,NO ALERT,20261005,00
subbasin,BHL,Bhima Lower,Krishna Basin,Bhima Lower,23652.6979435,3,6,3-6 h,0.0,1.0,0.0,0.0,NO ALERT,NO ALERT,20261005,00
subbasin,BHT,Bhatsol and others,West flowing rivers South of Tapi Basin,Bhatsol and others,29332.606177,3,6,3-6 h,0.0,1.0,0.0,0.0,NO ALERT,NO ALERT,20261005,00
subbasin,BHU,Bhima Upper,Krishna Basin,Bhima Upper,44793.3226794,3,6,3-6 h,0.0,1.0,0.0,0.0,NO ALERT,NO ALERT,20261005,00
subbasin,BRA,Brahmani,Brahmani and Baitarni Basin,Brahmani,37545.8337422,3,6,3-6 h,0.0,3.0,0.0,0.0,NO ALERT,NO ALERT,20261005,00
subbasin,BRL,Brahmaputra Lower,Brahmaputra Basin,Brahmaputra Lower,87392.2235093,3,6,3-6 h,1.031484962406015,1.2621195839226036,1.301857371574302,0.0,NO ALERT,NO ALERT,20261005,00
subbasin,BRU,Brahmaputra Upper,Brahmaputra Basin,Brahmaputra Upper,98972.86923639999,3,6,3-6 h,2.177980132450331,0.8282563852423646,1.8039259516329975,0.0,NO ALERT,NO ALERT,20261005,00
subbasin,CAL,Cauvery Lower,Cauvery Basin,Cauvery Lower,17386.448641799998,3,6,3-6 h,0.002840909090909091,0.7989375331434209,0.0022697089009756275,0.0,NO ALERT,NO ALERT,20261005,00
subbasin,CAM,Cauvery Middle,Cauvery Basin,Cauvery Middle,57280.980105099996,3,6,3-6 h,0.37833333333333335,0.3,0.1135,0.0,NO ALERT,NO ALERT,20261005,00
subbasin,CAU,Cauvery Upper,Cauvery Basin,Cauvery Upper,10958.799342,3,6,3-6 h,1.05078125,0.3,0.315234375,0.0,NO ALERT,NO ALERT,20261005,00
subbasin,CHA,Chautang and others,Indus (Up to border) Basin,Chautang and others,27704.2449767,3,6,3-6 h,0.0,1.0,0.0,0.0,NO ALERT,NO ALERT,20261005,00
subbasin,CHE,Chenab,Indus (Up to border) Basin,Chenab,29981.3828085,3,6,3-6 h,0.0,3.0,0.0,0.0,NO ALERT,NO ALERT,20261005,00
subbasin,CHL,Chambal Lower,Ganga Basin,Chambal Lower,10941.2620969,3,6,3-6 h,0.0,1.0,0.0,0.0,NO ALERT,NO ALERT,20261005,00
subbasin,CHR,Churu,Indus (Up to border) Basin,Churu,66832.7547281,3,6,3-6 h,0.0,1.0,0.0,0.0,NO ALERT,NO ALERT,20261005,00
subbasin,CHU,Chambal Upper,Ganga Basin,Chambal Upper,25546.5699826,3,6,3-6 h,0.0,1.0,0.0,0.0,NO ALERT,NO ALERT,20261005,00
subbasin,DAL,Drainage Area of Lakshadweep Islands,Drainage Area of Lakshadweep Islands Basin,Drainage Area of Lakshadweep Islands,669.812447676,3,6,3-6 h,0.0,1.0,0.0,0.0,NO ALERT,NO ALERT,20261005,00
subbasin,DAM,Damodar,Ganga Basin,Damodar,41965.4937886,3,6,3-6 h,0.02754237288135593,3.0,0.0826271186440678,0.0,NO ALERT,NO ALERT,20261005,00
subbasin,DAN,Drainage Area of Andaman and Nicobar Islands,Drainage Area of Andaman and Nicobar Islands Basin,Drainage Area of Andaman and Nicobar Islands,7577.85235893,3,6,3-6 h,0.4375,0.3,0.13125,0.0,NO ALERT,NO ALERT,20261005,00
subbasin,GAN,Gandak and others,Ganga Basin,Gandak and others,56260.4279485,3,6,3-6 h,0.04578488372093023,3.0,0.1373546511627907,0.0,NO ALERT,NO ALERT,20261005,00
subbasin,GDL,Godavari Lower,Godavari Basin,Godavari Lower,44492.9272893,3,6,3-6 h,0.49385245901639346,3.0,1.4815573770491803,0.0,NO ALERT,NO ALERT,20261005,00
subbasin,GDM,Godavari Middle,Godavari Basin,Godavari Middle,36290.474892599996,3,6,3-6 h,0.0,1.0,0.0,0.0,NO ALERT,NO ALERT,20261005,00
subbasin,GDU,Godavari Upper,Godavari Basin,Godavari Upper,21443.233252,3,6,3-6 h,0.0,1.0,0.0,0.0,NO ALERT,NO ALERT,20261005,00
subbasin,GHA,Ghaghara,Ganga Basin,Ghaghara,58634.1755549,3,6,3-6 h,1.0291666666666666,1.6536675276181974,1.701899497173728,0.0,NO ALERT,NO ALERT,20261005,00
subbasin,GHG,Ghaghara Confluence to Gomti confluence,Ganga Basin,Ghaghara Confluence to Gomti confluence,26254.0625402,3,6,3-6 h,0.0,1.0,0.0,0.0,NO ALERT,NO ALERT,20261005,00
subbasin,GHO,Ghaghar and others,Indus (Up to border) Basin,Ghaghar and others,49978.9330453,3,6,3-6 h,0.0,1.0,0.0,0.0,NO ALERT,NO ALERT,20261005,00
subbasin,GIL,Gilgit,Indus (Up to border) Basin,Gilgit,27088.6965445,3,6,3-6 h,0.0,1.4341220584848333,0.0,0.0,NO ALERT,NO ALERT,20261005,00
subbasin,GOM,Gomti,Ganga Basin,Gomti,29865.2109004,3,6,3-6 h,0.001388888888888889,1.0,0.001388888888888889,0.0,NO ALERT,NO ALERT,20261005,00
subbasin,GTK,East flowing rivers between Godavari and krishna,East flowing rivers between Godavari and Krishna Basin,East flowing rivers between Godavari and krishna,10342.2894048,3,6,3-6 h,0.009615384615384616,1.6742437243723507,0.01609849734973414,0.0,NO ALERT,NO ALERT,20261005,00
subbasin,IMP,Imphal and others,Minor rivers draining into Myanmar Basin,Imphal and others,16754.8996877,3,6,3-6 h,0.5026041666666666,1.5529862153812508,0.780537342626514,0.0,NO ALERT,NO ALERT,20261005,00
subbasin,IND,Indravati,Godavari Basin,Indravati,38306.103516099996,3,6,3-6 h,0.0,1.0,0.0,0.0,NO ALERT,NO ALERT,20261005,00
subbasin,JHE,Jhelum,Indus (Up to border) Basin,Jhelum,29200.5186975,3,6,3-6 h,0.0,3.0,0.0,0.0,NO ALERT,NO ALERT,20261005,00
subbasin,KAS,Kali Sindh and others up to Confluence with Parbati,Ganga Basin,Kali Sindh and others up to Confluence with Parbati,48492.609462,3,6,3-6 h,0.0,1.0,0.0,0.0,NO ALERT,NO ALERT,20261005,00
subbasin,KOS,Kosi,Ganga Basin,Kosi,18413.5817315,3,6,3-6 h,0.5300925925925926,3.0,1.5902777777777777,0.0,NO ALERT,NO ALERT,20261005,00
subbasin,KPO,Karnaphuli and Others,Minor rivers draining into Bangladesh Basin,Karnaphuli and Others,3776.83637815,3,6,3-6 h,0.22916666666666666,3.0,0.6875,0.0,NO ALERT,NO ALERT,20261005,00
subbasin,KRL,Krishna Lower,Krishna Basin,Krishna Lower,39494.3345917,3,6,3-6 h,0.06721698113207547,3.0,0.2016509433962264,0.0,NO ALERT,NO ALERT,20261005,00
subbasin,KRM,Krishna Middle,Krishna Basin,Krishna Middle,22229.122290299998,3,6,3-6 h,0.28125,3.0,0.84375,0.0,NO ALERT,NO ALERT,20261005,00
subbasin,KRU,Krishna Upper,Krishna Basin,Krishna Upper,54504.7707132,3,6,3-6 h,0.007401315789473684,3.0,0.022203947368421052,0.0,NO ALERT,NO ALERT,20261005,00
subbasin,KTP,East flowing rivers between krishna and Pennar,East flowing rivers between Krishna and Pennar Basin,East flowing rivers between krishna and Pennar,23334.6280124,3,6,3-6 h,0.025390625,1.1319794021185743,0.028741664506916925,0.0,NO ALERT,NO ALERT,20261005,00
subbasin,KYN,Kynchiang and other south flowing rivers,Barak and others Basin,Kynchiang and other south flowing rivers,10267.390013600001,3,6,3-6 h,0.016666666666666666,3.0,0.05,0.0,NO ALERT,NO ALERT,20261005,00
subbasin,LIN,Lower Indus,Indus (Up to border) Basin,Lower Indus,23894.095446299998,3,6,3-6 h,0.0,2.2084975976104473,0.0,0.0,NO ALERT,NO ALERT,20261005,00
subbasin,LUL,Luni Lower,West flowing rivers of Kutch and Saurashtra including Luni Basin,Luni Lower,29180.1166377,3,6,3-6 h,0.0,1.0,0.0,0.0,NO ALERT,NO ALERT,20261005,00
subbasin,LUU,Luni Upper,West flowing rivers of Kutch and Saurashtra including Luni Basin,Luni Upper,70202.5788834,3,6,3-6 h,0.0,1.0,0.0,0.0,NO ALERT,NO ALERT,20261005,00
subbasin,MAJ,Manjra,Godavari Basin,Manjra,29472.8781663,3,6,3-6 h,0.0,1.0,0.0,0.0,NO ALERT,NO ALERT,20261005,00
subbasin,MAL,Mahanadi Lower,Mahanadi Basin,Mahanadi Lower,57958.8771578,3,6,3-6 h,0.0,3.0,0.0,0.0,NO ALERT,NO ALERT,20261005,00
subbasin,MAM,Mahanadi Middle,Mahanadi Basin,Mahanadi Middle,51895.912271199995,3,6,3-6 h,0.0,3.0,0.0,0.0,NO ALERT,NO ALERT,20261005,00
subbasin,MAN,Mangpui Lui and others,Minor rivers draining into Myanmar Basin,Mangpui Lui and others,7976.1826088,3,6,3-6 h,0.703125,2.60114602242229,1.8289307970156727,0.0,NO ALERT,NO ALERT,20261005,00
subbasin,MAU,Mahanadi Upper,Mahanadi Basin,Mahanadi Upper,29796.635875400003,3,6,3-6 h,0.0,3.0,0.0,0.0,NO ALERT,NO ALERT,20261005,00
subbasin,MHO,Muhury and Others,Minor rivers draining into Bangladesh Basin,Muhury and Others,1676.3936024500001,3,6,3-6 h,0.5,3.0,1.5,0.0,NO ALERT,NO ALERT,20261005,00
subbasin,MHU,Mahi Upper,Mahi Basin,Mahi Upper,24959.804656099997,3,6,3-6 h,0.0,1.0,0.0,0.0,NO ALERT,NO ALERT,20261005,00
subbasin,NAG,Nagvati and other,East flowing rivers between Mahanadi and Godavari Basin,Nagvati and other,24372.2391257,3,6,3-6 h,0.22466216216216217,2.2457786192721487,0.5045414803432361,0.0,NO ALERT,NO ALERT,20261005,00
subbasin,NAM,Narmada Middle,Narmada Basin,Narmada Middle,40575.718659599996,3,6,3-6 h,0.0,1.0,0.0,0.0,NO ALERT,NO ALERT,20261005,00
subbasin,NAO,Naoch chara and others,Barak and others Basin,Naoch chara and others,7695.8122394600005,3,6,3-6 h,1.3653846153846154,2.150084480464447,2.9356922714033797,0.0,NO ALERT,NO ALERT,20261005,00
subbasin,NAU,Narmada Upper,Narmada Basin,Narmada Upper,43192.6765088,3,6,3-6 h,0.0,1.0,0.0,0.0,NO ALERT,NO ALERT,20261005,00
subbasin,NET,Netravati and others,West flowing rivers South of Tapi Basin,Netravati and others,18762.0879077,3,6,3-6 h,0.6675,1.8755350582862367,1.2519196514060629,0.0,NO ALERT,NO ALERT,20261005,00
subbasin,PAL,Palar and other,East flowing rivers between Pennar and Cauvery Basin,Palar and other,35392.3393366,3,6,3-6 h,0.3125,0.3266358224797221,0.10207369452491316,0.0,NO ALERT,NO ALERT,20261005,00
subbasin,PAM,Pamba and others,East flowing rivers South of Cauvery Basin,Pamba and others,18289.4135022,3,6,3-6 h,0.11458333333333333,0.654600010391094,0.07500625119064618,0.0,NO ALERT,NO ALERT,20261005,00
subbasin,PAR,Periyar and others,West flowing rivers South of Tapi Basin,Periyar and others,21895.2090182,3,6,3-6 h,0.5474137931034483,0.5777269689606324,0.3162557114568979,0.0,NO ALERT,NO ALERT,20261005,00
subbasin,PEL,Pennar Lower,Pennar Basin,Pennar Lower,17979.8549043,3,6,3-6 h,0.14583333333333334,0.39404642939654655,0.057465104286996374,0.0,NO ALERT,NO ALERT,20261005,00
subbasin,PEU,Pennar Upper,Pennar Basin,Pennar Upper,36263.575012400004,3,6,3-6 h,0.14030612244897958,0.4641873234336626,0.06512832344094756,0.0,NO ALERT,NO ALERT,20261005,00
subbasin,PON,Ponnaiyar and other,East flowing rivers between Pennar and Cauvery Basin,Ponnaiyar and other,28249.4865729,3,6,3-6 h,0.3597972972972973,0.4261967397185967,0.15334443506767076,0.0,NO ALERT,NO ALERT,20261005,00
subbasin,PRA,Pranhita and others,Godavari Basin,Pranhita and others,36119.600279599996,3,6,3-6 h,0.0012254901960784314,1.0,0.0012254901960784314,0.0,NO ALERT,NO ALERT,20261005,00
subbasin,RAM,Ramganga,Ganga Basin,Ramganga,30839.689987,3,6,3-6 h,0.15494791666666666,3.0,0.46484375,0.0,NO ALERT,NO ALERT,20261005,00
subbasin,RAN,Drainage of Rann,West flowing rivers of Kutch and Saurashtra including Luni Basin,Drainage of Rann,21229.9018898,3,6,3-6 h,0.0,1.0,0.0,0.0,NO ALERT,NO ALERT,20261005,00
subbasin,RAV,Ravi,Indus (Up to border) Basin,Ravi,13710.196473299999,3,6,3-6 h,0.008928571428571428,3.0,0.026785714285714284,0.0,NO ALERT,NO ALERT,20261005,00
subbasin,SAL,Sabarmati Lower,Sabarmati Basin,Sabarmati Lower,10865.3209002,3,6,3-6 h,0.0,1.0,0.0,0.0,NO ALERT,NO ALERT,20261005,00
subbasin,SAR,Saraswati,West flowing rivers of Kutch and Saurashtra including Luni Basin,Saraswati,27260.8387238,3,6,3-6 h,0.0,1.0,0.0,0.0,NO ALERT,NO ALERT,20261005,00
subbasin,SAU,Sabarmati Upper,Sabarmati Basin,Sabarmati Upper,19813.2727963,3,6,3-6 h,0.0,1.0,0.0,0.0,NO ALERT,NO ALERT,20261005,00
subbasin,SHE,Shetranjuli and other east flowing rivers,West flowing rivers of Kutch and Saurashtra including Luni Basin,Shetranjuli and other east flowing rivers,18221.670857200003,3,6,3-6 h,0.0,1.0,0.0,0.0,NO ALERT,NO ALERT,20261005,00
subbasin,SHK,Shaksgam,Area of North Ladakha not draining into Indus Basin,Shaksgam,6523.49752196,3,6,3-6 h,0.0,1.0,0.0,0.0,NO ALERT,NO ALERT,20261005,00
subbasin,SHY,Shyok,Indus (Up to border) Basin,Shyok,38545.0481,3,6,3-6 h,0.0,1.0,0.0,0.0,NO ALERT,NO ALERT,20261005,00
subbasin,SON,Sone,Ganga Basin,Sone,65110.052420800006,3,6,3-6 h,0.0,3.0,0.0,0.0,NO ALERT,NO ALERT,20261005,00
subbasin,SUB,Subernarekha,Subernarekha Basin,Subernarekha,25792.1620902,3,6,3-6 h,0.0,3.0,0.0,0.0,NO ALERT,NO ALERT,20261005,00
subbasin,SUL,Sutlaj Lower,Indus (Up to border) Basin,Sutlaj Lower,38442.7890103,3,6,3-6 h,0.0,1.0,0.0,0.0,NO ALERT,NO ALERT,20261005,00
subbasin,SUM,Sulmar,Area of North Ladakha not draining into Indus Basin,Sulmar,22715.7309665,3,6,3-6 h,0.0,1.0,0.0,0.0,NO ALERT,NO ALERT,20261005,00
subbasin,SUU,Sutlaj Upper,Indus (Up to border) Basin,Sutlaj Upper,21439.429926099998,3,6,3-6 h,0.0,3.0,0.0,0.0,NO ALERT,NO ALERT,20261005,00
subbasin,TAM,Tapi Middle,Tapi Basin,Tapi Middle,31766.674366299998,3,6,3-6 h,0.0,1.0,0.0,0.0,NO ALERT,NO ALERT,20261005,00
subbasin,TAU,Tapi Upper,Tapi Basin,Tapi Upper,28047.339302099997,3,6,3-6 h,0.0,1.0,0.0,0.0,NO ALERT,NO ALERT,20261005,00
subbasin,TON,Tons,Ganga Basin,Tons,16905.7373669,3,6,3-6 h,0.0,1.0,0.0,0.0,NO ALERT,NO ALERT,20261005,00
subbasin,TUL,Tungabhadra Lower,Krishna Basin,Tungabhadra Lower,41556.484720199995,3,6,3-6 h,0.08636363636363636,0.7217595285394708,0.06233377746477248,0.0,NO ALERT,NO ALERT,20261005,00
subbasin,TUU,Tungabhadra Upper,Krishna Basin,Tungabhadra Upper,28519.4094375,3,6,3-6 h,0.5977564102564102,0.4850535815326983,0.28994388767900076,0.0,NO ALERT,NO ALERT,20261005,00
subbasin,UGO,Upstream of Gomti confluece to Muzaffarnagar,Ganga Basin,Upstream of Gomti confluece to Muzaffarnagar,29061.3749822,3,6,3-6 h,0.0,1.0,0.0,0.0,NO ALERT,NO ALERT,20261005,00
subbasin,UIN,Upper Indus,Indus (Up to border) Basin,Upper Indus,46450.1263776,3,6,3-6 h,0.0,1.0,0.0,0.0,NO ALERT,NO ALERT,20261005,00
subbasin,VAI,Vaippar and others,East flowing rivers South of Cauvery Basin,Vaippar and others,20356.688641599998,3,6,3-6 h,0.19212962962962962,0.4794268748348529,0.09211210789651109,0.0,NO ALERT,NO ALERT,20261005,00
subbasin,VAM,Vamsadhara and other,East flowing rivers between Mahanadi and Godavari Basin,Vamsadhara and other,21870.633760099998,3,6,3-6 h,0.0,1.0,0.0,0.0,NO ALERT,NO ALERT,20261005,00
subbasin,VAR,Varrar and others,West flowing rivers South of Tapi Basin,Varrar and others,14164.6969417,3,6,3-6 h,0.2673611111111111,0.6925699831943927,0.18516628022905637,0.0,NO ALERT,NO ALERT,20261005,00
subbasin,VAS,Vasishti and others,West flowing rivers South of Tapi Basin,Vasishti and others,27473.950096599998,3,6,3-6 h,0.4917763157894737,3.0,1.475328947368421,0.0,NO ALERT,NO ALERT,20261005,00
subbasin,WAR,Wardha,Godavari Basin,Wardha,46242.0943756,3,6,3-6 h,0.0,1.0,0.0,0.0,NO ALERT,NO ALERT,20261005,00
subbasin,WEI,Weinganga,Godavari Basin,Weinganga,49695.4011135,3,6,3-6 h,0.0,3.0,0.0,0.0,NO ALERT,NO ALERT,20261005,00
subbasin,YAL,Yamuna Lower,Ganga Basin,Yamuna Lower,124867.188956,3,6,3-6 h,0.0,1.0,0.0,0.0,NO ALERT,NO ALERT,20261005,00
subbasin,YAM,Yamuna Middle,Ganga Basin,Yamuna Middle,34586.3897844,3,6,3-6 h,0.0,1.0,0.0,0.0,NO ALERT,NO ALERT,20261005,00
subbasin,YAU,Yamuna Upper,Ganga Basin,Yamuna Upper,35798.1884585,3,6,3-6 h,0.0,3.0,0.0,0.0,NO ALERT,NO ALERT,20261005,00
subbasin,MHL,Mahi Lower,Mahi Basin,Mahi Lower,13092.144778,3,6,3-6 h,0.0,1.0,0.0,0.0,NO ALERT,NO ALERT,20261005,00
subbasin,NAL,Narmada Lower,Narmada Basin,Narmada Lower,9725.401358770001,3,6,3-6 h,0.0,1.0,0.0,0.0,NO ALERT,NO ALERT,20261005,00
subbasin,TAL,Tapi Lower,Tapi Basin,Tapi Lower,3618.19482315,3,6,3-6 h,0.0,1.0,0.0,0.0,NO ALERT,NO ALERT,20261005,00
subbasin,ARA,Above Ramganga Confluence,Ganga Basin,Above Ramganga Confluence,39104.6123558,6,9,6-9 h,0.17995689655172414,3.0,0.5398706896551724,0.0,NO ALERT,NO ALERT,20261005,00
subbasin,BAI,Baitarni,Brahmani and Baitarni Basin,Baitarni,14351.232989600001,6,9,6-9 h,0.0,1.0,0.0,0.0,NO ALERT,NO ALERT,20261005,00
subbasin,BAM,Barmer,Indus (Up to border) Basin,Barmer,21658.9369285,6,9,6-9 h,0.0,1.0,0.0,0.0,NO ALERT,NO ALERT,20261005,00
subbasin,BAN,Banas,Ganga Basin,Banas,51651.5088239,6,9,6-9 h,0.0,1.0,0.0,0.0,NO ALERT,NO ALERT,20261005,00
subbasin,BAR,Barak,Barak and others Basin,Barak,27658.980335700002,6,9,6-9 h,0.28720238095238093,2.361846817831245,0.6783280295259378,0.0,NO ALERT,NO ALERT,20261005,00
subbasin,BEA,Beas,Indus (Up to border) Basin,Beas,19002.474906599997,6,9,6-9 h,0.1310483870967742,3.0,0.39314516129032256,0.0,NO ALERT,NO ALERT,20261005,00
subbasin,BHA,Bhadar and other west flowing rivers,West flowing rivers of Kutch and Saurashtra including Luni Basin,Bhadar and other west flowing rivers,18489.7027305,6,9,6-9 h,0.0,1.0,0.0,0.0,NO ALERT,NO ALERT,20261005,00
subbasin,BHG,Bhagirathi and others (Ganga Lower),Ganga Basin,Bhagirathi and others (Ganga Lower),64038.9710863,6,9,6-9 h,0.0,3.0,0.0,0.0,NO ALERT,NO ALERT,20261005,00
subbasin,BHL,Bhima Lower,Krishna Basin,Bhima Lower,23652.6979435,6,9,6-9 h,0.0,1.0,0.0,0.0,NO ALERT,NO ALERT,20261005,00
subbasin,BHT,Bhatsol and others,West flowing rivers South of Tapi Basin,Bhatsol and others,29332.606177,6,9,6-9 h,0.0,1.0,0.0,0.0,NO ALERT,NO ALERT,20261005,00
subbasin,BHU,Bhima Upper,Krishna Basin,Bhima Upper,44793.3226794,6,9,6-9 h,0.0,1.0,0.0,0.0,NO ALERT,NO ALERT,20261005,00
subbasin,BRA,Brahmani,Brahmani and Baitarni Basin,Brahmani,37545.8337422,6,9,6-9 h,0.0,3.0,0.0,0.0,NO ALERT,NO ALERT,20261005,00
subbasin,BRL,Brahmaputra Lower,Brahmaputra Basin,Brahmaputra Lower,87392.2235093,6,9,6-9 h,0.42152255639097747,1.2621195839226036,0.5320118734861727,0.0,NO ALERT,NO ALERT,20261005,00
subbasin,BRU,Brahmaputra Upper,Brahmaputra Basin,Brahmaputra Upper,98972.86923639999,6,9,6-9 h,0.18667218543046357,0.8282563852423646,0.15461242952992815,0.0,NO ALERT,NO ALERT,20261005,00
subbasin,CAL,Cauvery Lower,Cauvery Basin,Cauvery Lower,17386.448641799998,6,9,6-9 h,0.02556818181818182,0.7989375331434209,0.02042738010878065,0.0,NO ALERT,NO ALERT,20261005,00
subbasin,CAM,Cauvery Middle,Cauvery Basin,Cauvery Middle,57280.980105099996,6,9,6-9 h,0.77,0.3,0.23099999999999998,0.0,NO ALERT,NO ALERT,20261005,00
subbasin,CAU,Cauvery Upper,Cauvery Basin,Cauvery Upper,10958.799342,6,9,6-9 h,0.796875,0.3,0.23906249999999998,0.0,NO ALERT,NO ALERT,20261005,00
subbasin,CHA,Chautang and others,Indus (Up to border) Basin,Chautang and others,27704.2449767,6,9,6-9 h,0.0,1.0,0.0,0.0,NO ALERT,NO ALERT,20261005,00
subbasin,CHE,Chenab,Indus (Up to border) Basin,Chenab,29981.3828085,6,9,6-9 h,0.033854166666666664,3.0,0.1015625,0.0,NO ALERT,NO ALERT,20261005,00
subbasin,CHL,Chambal Lower,Ganga Basin,Chambal Lower,10941.2620969,6,9,6-9 h,0.0,1.0,0.0,0.0,NO ALERT,NO ALERT,20261005,00
subbasin,CHR,Churu,Indus (Up to border) Basin,Churu,66832.7547281,6,9,6-9 h,0.0,1.0,0.0,0.0,NO ALERT,NO ALERT,20261005,00
subbasin,CHU,Chambal Upper,Ganga Basin,Chambal Upper,25546.5699826,6,9,6-9 h,0.0,1.0,0.0,0.0,NO ALERT,NO ALERT,20261005,00
subbasin,DAL,Drainage Area of Lakshadweep Islands,Drainage Area of Lakshadweep Islands Basin,Drainage Area of Lakshadweep Islands,669.812447676,6,9,6-9 h,0.0,1.0,0.0,0.0,NO ALERT,NO ALERT,20261005,00
subbasin,DAM,Damodar,Ganga Basin,Damodar,41965.4937886,6,9,6-9 h,0.0,3.0,0.0,0.0,NO ALERT,NO ALERT,20261005,00
subbasin,DAN,Drainage Area of Andaman and Nicobar Islands,Drainage Area of Andaman and Nicobar Islands Basin,Drainage Area of Andaman and Nicobar Islands,7577.85235893,6,9,6-9 h,0.6420454545454546,0.3,0.19261363636363638,0.0,NO ALERT,NO ALERT,20261005,00
subbasin,GAN,Gandak and others,Ganga Basin,Gandak and others,56260.4279485,6,9,6-9 h,0.053052325581395346,3.0,0.15915697674418605,0.0,NO ALERT,NO ALERT,20261005,00
subbasin,GDL,Godavari Lower,Godavari Basin,Godavari Lower,44492.9272893,6,9,6-9 h,0.22848360655737704,3.0,0.6854508196721312,0.0,NO ALERT,NO ALERT,20261005,00
subbasin,GDM,Godavari Middle,Godavari Basin,Godavari Middle,36290.474892599996,6,9,6-9 h,0.0,1.0,0.0,0.0,NO ALERT,NO ALERT,20261005,00
subbasin,GDU,Godavari Upper,Godavari Basin,Godavari Upper,21443.233252,6,9,6-9 h,0.0,1.0,0.0,0.0,NO ALERT,NO ALERT,20261005,00
subbasin,GHA,Ghaghara,Ganga Basin,Ghaghara,58634.1755549,6,9,6-9 h,0.11041666666666666,1.6536675276181974,0.18259245617450928,0.0,NO ALERT,NO ALERT,20261005,00
subbasin,GHG,Ghaghara Confluence to Gomti confluence,Ganga Basin,Ghaghara Confluence to Gomti confluence,26254.0625402,6,9,6-9 h,0.0,1.0,0.0,0.0,NO ALERT,NO ALERT,20261005,00
subbasin,GHO,Ghaghar and others,Indus (Up to border) Basin,Ghaghar and others,49978.9330453,6,9,6-9 h,0.0,1.0,0.0,0.0,NO ALERT,NO ALERT,20261005,00
subbasin,GIL,Gilgit,Indus (Up to border) Basin,Gilgit,27088.6965445,6,9,6-9 h,0.0,1.4341220584848333,0.0,0.0,NO ALERT,NO ALERT,20261005,00
subbasin,GOM,Gomti,Ganga Basin,Gomti,29865.2109004,6,9,6-9 h,0.0,1.0,0.0,0.0,NO ALERT,NO ALERT,20261005,00
subbasin,GTK,East flowing rivers between Godavari and krishna,East flowing rivers between Godavari and Krishna Basin,East flowing rivers between Godavari and krishna,10342.2894048,6,9,6-9 h,0.7644230769230769,1.6742437243723507,1.2798305393038643,0.0,NO ALERT,NO ALERT,20261005,00
subbasin,IMP,Imphal and others,Minor rivers draining into Myanmar Basin,Imphal and others,16754.8996877,6,9,6-9 h,0.4869791666666667,1.5529862153812508,0.7562719330111821,0.0,NO ALERT,NO ALERT,20261005,00
subbasin,IND,Indravati,Godavari Basin,Indravati,38306.103516099996,6,9,6-9 h,0.0,1.0,0.0,0.0,NO ALERT,NO ALERT,20261005,00
subbasin,JHE,Jhelum,Indus (Up to border) Basin,Jhelum,29200.5186975,6,9,6-9 h,0.010638297872340425,3.0,0.031914893617021274,0.0,NO ALERT,NO ALERT,20261005,00
subbasin,KAS,Kali Sindh and others up to Confluence with Parbati,Ganga Basin,Kali Sindh and others up to Confluence with Parbati,48492.609462,6,9,6-9 h,0.0,1.0,0.0,0.0,NO ALERT,NO ALERT,20261005,00
subbasin,KOS,Kosi,Ganga Basin,Kosi,18413.5817315,6,9,6-9 h,0.0,3.0,0.0,0.0,NO ALERT,NO ALERT,20261005,00
subbasin,KPO,Karnaphuli and Others,Minor rivers draining into Bangladesh Basin,Karnaphuli and Others,3776.83637815,6,9,6-9 h,0.3958333333333333,3.0,1.1875,0.0,NO ALERT,NO ALERT,20261005,00
subbasin,KRL,Krishna Lower,Krishna Basin,Krishna Lower,39494.3345917,6,9,6-9 h,0.20636792452830188,3.0,0.6191037735849056,0.0,NO ALERT,NO ALERT,20261005,00
subbasin,KRM,Krishna Middle,Krishna Basin,Krishna Middle,22229.122290299998,6,9,6-9 h,0.00390625,3.0,0.01171875,0.0,NO ALERT,NO ALERT,20261005,00
subbasin,KRU,Krishna Upper,Krishna Basin,Krishna Upper,54504.7707132,6,9,6-9 h,0.018092105263157895,3.0,0.054276315789473686,0.0,NO ALERT,NO ALERT,20261005,00
subbasin,KTP,East flowing rivers between krishna and Pennar,East flowing rivers between Krishna and Pennar Basin,East flowing rivers between krishna and Pennar,23334.6280124,6,9,6-9 h,0.11328125,1.1319794021185743,0.12823204164624474,0.0,NO ALERT,NO ALERT,20261005,00
subbasin,KYN,Kynchiang and other south flowing rivers,Barak and others Basin,Kynchiang and other south flowing rivers,10267.390013600001,6,9,6-9 h,0.175,3.0,0.5249999999999999,0.0,NO ALERT,NO ALERT,20261005,00
subbasin,LIN,Lower Indus,Indus (Up to border) Basin,Lower Indus,23894.095446299998,6,9,6-9 h,0.0,2.2084975976104473,0.0,0.0,NO ALERT,NO ALERT,20261005,00
subbasin,LUL,Luni Lower,West flowing rivers of Kutch and Saurashtra including Luni Basin,Luni Lower,29180.1166377,6,9,6-9 h,0.0,1.0,0.0,0.0,NO ALERT,NO ALERT,20261005,00
subbasin,LUU,Luni Upper,West flowing rivers of Kutch and Saurashtra including Luni Basin,Luni Upper,70202.5788834,6,9,6-9 h,0.0,1.0,0.0,0.0,NO ALERT,NO ALERT,20261005,00
subbasin,MAJ,Manjra,Godavari Basin,Manjra,29472.8781663,6,9,6-9 h,0.0,1.0,0.0,0.0,NO ALERT,NO ALERT,20261005,00
subbasin,MAL,Mahanadi Lower,Mahanadi Basin,Mahanadi Lower,57958.8771578,6,9,6-9 h,0.0,3.0,0.0,0.0,NO ALERT,NO ALERT,20261005,00
subbasin,MAM,Mahanadi Middle,Mahanadi Basin,Mahanadi Middle,51895.912271199995,6,9,6-9 h,0.0,3.0,0.0,0.0,NO ALERT,NO ALERT,20261005,00
subbasin,MAN,Mangpui Lui and others,Minor rivers draining into Myanmar Basin,Mangpui Lui and others,7976.1826088,6,9,6-9 h,0.8802083333333334,2.60114602242229,2.2895504051529536,0.0,NO ALERT,NO ALERT,20261005,00
subbasin,MAU,Mahanadi Upper,Mahanadi Basin,Mahanadi Upper,29796.635875400003,6,9,6-9 h,0.0,3.0,0.0,0.0,NO ALERT,NO ALERT,20261005,00
subbasin,MHO,Muhury and Others,Minor rivers draining into Bangladesh Basin,Muhury and Others,1676.3936024500001,6,9,6-9 h,0.0,3.0,0.0,0.0,NO ALERT,NO ALERT,20261005,00
subbasin,MHU,Mahi Upper,Mahi Basin,Mahi Upper,24959.804656099997,6,9,6-9 h,0.0,1.0,0.0,0.0,NO ALERT,NO ALERT,20261005,00
subbasin,NAG,Nagvati and other,East flowing rivers between Mahanadi and Godavari Basin,Nagvati and other,24372.2391257,6,9,6-9 h,0.47297297297297297,2.2457786192721487,1.0621925901962865,0.0,NO ALERT,NO ALERT,20261005,00
subbasin,NAM,Narmada Middle,Narmada Basin,Narmada Middle,40575.718659599996,6,9,6-9 h,0.0,1.0,0.0,0.0,NO ALERT,NO ALERT,20261005,00
subbasin,NAO,Naoch chara and others,Barak and others Basin,Naoch chara and others,7695.8122394600005,6,9,6-9 h,0.0,2.150084480464447,0.0,0.0,NO ALERT,NO ALERT,20261005,00
subbasin,NAU,Narmada Upper,Narmada Basin,Narmada Upper,43192.6765088,6,9,6-9 h,0.025,1.0,0.025,0.0,NO ALERT,NO ALERT,20261005,00
subbasin,NET,Netravati and others,West flowing rivers South of Tapi Basin,Netravati and others,18762.0879077,6,9,6-9 h,1.2975,1.8755350582862367,2.4335067381263924,0.0,NO ALERT,NO ALERT,20261005,00
subbasin,PAL,Palar and other,East flowing rivers between Pennar and Cauvery Basin,Palar and other,35392.3393366,6,9,6-9 h,0.20703125,0.3266358224797221,0.06762382262275497,0.0,NO ALERT,NO ALERT,20261005,00
subbasin,PAM,Pamba and others,East flowing rivers South of Cauvery Basin,Pamba and others,18289.4135022,6,9,6-9 h,0.3697916666666667,0.654600010391094,0.24206562884253996,0.0,NO ALERT,NO ALERT,20261005,00
subbasin,PAR,Periyar and others,West flowing rivers South of Tapi Basin,Periyar and others,21895.2090182,6,9,6-9 h,3.3125,0.5777269689606324,1.9137205846820946,0.0,NO ALERT,NO ALERT,20261005,00
subbasin,PEL,Pennar Lower,Pennar Basin,Pennar Lower,17979.8549043,6,9,6-9 h,0.1171875,0.39404642939654655,0.0461773159449078,0.0,NO ALERT,NO ALERT,20261005,00
subbasin,PEU,Pennar Upper,Pennar Basin,Pennar Upper,36263.575012400004,6,9,6-9 h,0.10204081632653061,0.4641873234336626,0.047366053411598226,0.0,NO ALERT,NO ALERT,20261005,00
subbasin,PON,Ponnaiyar and other,East flowing rivers between Pennar and Cauvery Basin,Ponnaiyar and other,28249.4865729,6,9,6-9 h,0.2179054054054054,0.4261967397185967,0.09287057335084285,0.0,NO ALERT,NO ALERT,20261005,00
subbasin,PRA,Pranhita and others,Godavari Basin,Pranhita and others,36119.600279599996,6,9,6-9 h,0.0,1.0,0.0,0.0,NO ALERT,NO ALERT,20261005,00
subbasin,RAM,Ramganga,Ganga Basin,Ramganga,30839.689987,6,9,6-9 h,0.07682291666666667,3.0,0.23046875,0.0,NO ALERT,NO ALERT,20261005,00
subbasin,RAN,Drainage of Rann,West flowing rivers of Kutch and Saurashtra including Luni Basin,Drainage of Rann,21229.9018898,6,9,6-9 h,0.0,1.0,0.0,0.0,NO ALERT,NO ALERT,20261005,00
subbasin,RAV,Ravi,Indus (Up to border) Basin,Ravi,13710.196473299999,6,9,6-9 h,0.16964285714285715,3.0,0.5089285714285714,0.0,NO ALERT,NO ALERT,20261005,00
subbasin,SAL,Sabarmati Lower,Sabarmati Basin,Sabarmati Lower,10865.3209002,6,9,6-9 h,0.0,1.0,0.0,0.0,NO ALERT,NO ALERT,20261005,00
subbasin,SAR,Saraswati,West flowing rivers of Kutch and Saurashtra including Luni Basin,Saraswati,27260.8387238,6,9,6-9 h,0.0,1.0,0.0,0.0,NO ALERT,NO ALERT,20261005,00
subbasin,SAU,Sabarmati Upper,Sabarmati Basin,Sabarmati Upper,19813.2727963,6,9,6-9 h,0.0,1.0,0.0,0.0,NO ALERT,NO ALERT,20261005,00
subbasin,SHE,Shetranjuli and other east flowing rivers,West flowing rivers of Kutch and Saurashtra including Luni Basin,Shetranjuli and other east flowing rivers,18221.670857200003,6,9,6-9 h,0.0,1.0,0.0,0.0,NO ALERT,NO ALERT,20261005,00
subbasin,SHK,Shaksgam,Area of North Ladakha not draining into Indus Basin,Shaksgam,6523.49752196,6,9,6-9 h,0.0,1.0,0.0,0.0,NO ALERT,NO ALERT,20261005,00
subbasin,SHY,Shyok,Indus (Up to border) Basin,Shyok,38545.0481,6,9,6-9 h,0.0,1.0,0.0,0.0,NO ALERT,NO ALERT,20261005,00
subbasin,SON,Sone,Ganga Basin,Sone,65110.052420800006,6,9,6-9 h,0.0,3.0,0.0,0.0,NO ALERT,NO ALERT,20261005,00
subbasin,SUB,Subernarekha,Subernarekha Basin,Subernarekha,25792.1620902,6,9,6-9 h,0.0,3.0,0.0,0.0,NO ALERT,NO ALERT,20261005,00
subbasin,SUL,Sutlaj Lower,Indus (Up to border) Basin,Sutlaj Lower,38442.7890103,6,9,6-9 h,0.0,1.0,0.0,0.0,NO ALERT,NO ALERT,20261005,00
subbasin,SUM,Sulmar,Area of North Ladakha not draining into Indus Basin,Sulmar,22715.7309665,6,9,6-9 h,0.0,1.0,0.0,0.0,NO ALERT,NO ALERT,20261005,00
subbasin,SUU,Sutlaj Upper,Indus (Up to border) Basin,Sutlaj Upper,21439.429926099998,6,9,6-9 h,0.033203125,3.0,0.099609375,0.0,NO ALERT,NO ALERT,20261005,00
subbasin,TAM,Tapi Middle,Tapi Basin,Tapi Middle,31766.674366299998,6,9,6-9 h,0.0,1.0,0.0,0.0,NO ALERT,NO ALERT,20261005,00
subbasin,TAU,Tapi Upper,Tapi Basin,Tapi Upper,28047.339302099997,6,9,6-9 h,0.0,1.0,0.0,0.0,NO ALERT,NO ALERT,20261005,00
subbasin,TON,Tons,Ganga Basin,Tons,16905.7373669,6,9,6-9 h,0.0,1.0,0.0,0.0,NO ALERT,NO ALERT,20261005,00
subbasin,TUL,Tungabhadra Lower,Krishna Basin,Tungabhadra Lower,41556.484720199995,6,9,6-9 h,0.08977272727272727,0.7217595285394708,0.06479432131206612,0.0,NO ALERT,NO ALERT,20261005,00
subbasin,TUU,Tungabhadra Upper,Krishna Basin,Tungabhadra Upper,28519.4094375,6,9,6-9 h,0.02403846153846154,0.4850535815326983,0.011659941863766786,0.0,NO ALERT,NO ALERT,20261005,00
subbasin,UGO,Upstream of Gomti confluece to Muzaffarnagar,Ganga Basin,Upstream of Gomti confluece to Muzaffarnagar,29061.3749822,6,9,6-9 h,0.0,1.0,0.0,0.0,NO ALERT,NO ALERT,20261005,00
subbasin,UIN,Upper Indus,Indus (Up to border) Basin,Upper Indus,46450.1263776,6,9,6-9 h,0.0,1.0,0.0,0.0,NO ALERT,NO ALERT,20261005,00
subbasin,VAI,Vaippar and others,East flowing rivers South of Cauvery Basin,Vaippar and others,20356.688641599998,6,9,6-9 h,0.9675925925925926,0.4794268748348529,0.4638898927800197,0.0,NO ALERT,NO ALERT,20261005,00
subbasin,VAM,Vamsadhara and other,East flowing rivers between Mahanadi and Godavari Basin,Vamsadhara and other,21870.633760099998,6,9,6-9 h,0.0,1.0,0.0,0.0,NO ALERT,NO ALERT,20261005,00
subbasin,VAR,Varrar and others,West flowing rivers South of Tapi Basin,Varrar and others,14164.6969417,6,9,6-9 h,2.236111111111111,0.6925699831943927,1.548663434643017,0.0,NO ALERT,NO ALERT,20261005,00
subbasin,VAS,Vasishti and others,West flowing rivers South of Tapi Basin,Vasishti and others,27473.950096599998,6,9,6-9 h,0.03125,3.0,0.09375,0.0,NO ALERT,NO ALERT,20261005,00
subbasin,WAR,Wardha,Godavari Basin,Wardha,46242.0943756,6,9,6-9 h,0.0,1.0,0.0,0.0,NO ALERT,NO ALERT,20261005,00
subbasin,WEI,Weinganga,Godavari Basin,Weinganga,49695.4011135,6,9,6-9 h,0.0,3.0,0.0,0.0,NO ALERT,NO ALERT,20261005,00
subbasin,YAL,Yamuna Lower,Ganga Basin,Yamuna Lower,124867.188956,6,9,6-9 h,0.0,1.0,0.0,0.0,NO ALERT,NO ALERT,20261005,00
subbasin,YAM,Yamuna Middle,Ganga Basin,Yamuna Middle,34586.3897844,6,9,6-9 h,0.0,1.0,0.0,0.0,NO ALERT,NO ALERT,20261005,00
subbasin,YAU,Yamuna Upper,Ganga Basin,Yamuna Upper,35798.1884585,6,9,6-9 h,0.05022321428571429,3.0,0.15066964285714285,0.0,NO ALERT,NO ALERT,20261005,00
subbasin,MHL,Mahi Lower,Mahi Basin,Mahi Lower,13092.144778,6,9,6-9 h,0.0,1.0,0.0,0.0,NO ALERT,NO ALERT,20261005,00
subbasin,NAL,Narmada Lower,Narmada Basin,Narmada Lower,9725.401358770001,6,9,6-9 h,0.0,1.0,0.0,0.0,NO ALERT,NO ALERT,20261005,00
subbasin,TAL,Tapi Lower,Tapi Basin,Tapi Lower,3618.19482315,6,9,6-9 h,0.0,1.0,0.0,0.0,NO ALERT,NO ALERT,20261005,00
subbasin,ARA,Above Ramganga Confluence,Ganga Basin,Above Ramganga Confluence,39104.6123558,9,12,9-12 h,0.31788793103448276,3.0,0.9536637931034483,0.0,NO ALERT,NO ALERT,20261005,00
subbasin,BAI,Baitarni,Brahmani and Baitarni Basin,Baitarni,14351.232989600001,9,12,9-12 h,0.008928571428571428,1.0,0.008928571428571428,0.0,NO ALERT,NO ALERT,20261005,00
subbasin,BAM,Barmer,Indus (Up to border) Basin,Barmer,21658.9369285,9,12,9-12 h,0.0,1.0,0.0,0.0,NO ALERT,NO ALERT,20261005,00
subbasin,BAN,Banas,Ganga Basin,Banas,51651.5088239,9,12,9-12 h,0.0,1.0,0.0,0.0,NO ALERT,NO ALERT,20261005,00
subbasin,BAR,Barak,Barak and others Basin,Barak,27658.980335700002,9,12,9-12 h,0.7514880952380952,2.361846817831245,1.7748997663761588,0.0,NO ALERT,NO ALERT,20261005,00
subbasin,BEA,Beas,Indus (Up to border) Basin,Beas,19002.474906599997,9,12,9-12 h,0.2439516129032258,3.0,0.7318548387096775,0.0,NO ALERT,NO ALERT,20261005,00
subbasin,BHA,Bhadar and other west flowing rivers,West flowing rivers of Kutch and Saurashtra including Luni Basin,Bhadar and other west flowing rivers,18489.7027305,9,12,9-12 h,0.0,1.0,0.0,0.0,NO ALERT,NO ALERT,20261005,00
subbasin,BHG,Bhagirathi and others (Ganga Lower),Ganga Basin,Bhagirathi and others (Ganga Lower),64038.9710863,9,12,9-12 h,0.038411458333333336,3.0,0.115234375,0.0,NO ALERT,NO ALERT,20261005,00
subbasin,BHL,Bhima Lower,Krishna Basin,Bhima Lower,23652.6979435,9,12,9-12 h,0.0,1.0,0.0,0.0,NO ALERT,NO ALERT,20261005,00
subbasin,BHT,Bhatsol and others,West flowing rivers South of Tapi Basin,Bhatsol and others,29332.606177,9,12,9-12 h,0.001488095238095238,1.0,0.001488095238095238,0.0,NO ALERT,NO ALERT,20261005,00
subbasin,BHU,Bhima Upper,Krishna Basin,Bhima Upper,44793.3226794,9,12,9-12 h,0.0010245901639344263,1.0,0.0010245901639344263,0.0,NO ALERT,NO ALERT,20261005,00
subbasin,BRA,Brahmani,Brahmani and Baitarni Basin,Brahmani,37545.8337422,9,12,9-12 h,0.015086206896551725,3.0,0.04525862068965517,0.0,NO ALERT,NO ALERT,20261005,00
subbasin,BRL,Brahmaputra Lower,Brahmaputra Basin,Brahmaputra Lower,87392.2235093,9,12,9-12 h,1.3280075187969924,1.2621195839226036,1.6761042970701492,0.0,NO ALERT,NO ALERT,20261005,00
subbasin,BRU,Brahmaputra Upper,Brahmaputra Basin,Brahmaputra Upper,98972.86923639999,9,12,9-12 h,1.255794701986755,0.8282563852423646,1.0401199804740622,0.0,NO ALERT,NO ALERT,20261005,00
subbasin,CAL,Cauvery Lower,Cauvery Basin,Cauvery Lower,17386.448641799998,9,12,9-12 h,0.028409090909090908,0.7989375331434209,0.022697089009756272,0.0,NO ALERT,NO ALERT,20261005,00
subbasin,CAM,Cauvery Middle,Cauvery Basin,Cauvery Middle,57280.980105099996,9,12,9-12 h,1.3458333333333334,0.3,0.40375,0.0,NO ALERT,NO ALERT,20261005,00
subbasin,CAU,Cauvery Upper,Cauvery Basin,Cauvery Upper,10958.799342,9,12,9-12 h,3.46875,0.3,1.040625,0.0,NO ALERT,NO ALERT,20261005,00
subbasin,CHA,Chautang and others,Indus (Up to border) Basin,Chautang and others,27704.2449767,9,12,9-12 h,0.0,1.0,0.0,0.0,NO ALERT,NO ALERT,20261005,00
subbasin,CHE,Chenab,Indus (Up to border) Basin,Chenab,29981.3828085,9,12,9-12 h,0.3424479166666667,3.0,1.02734375,0.0,NO ALERT,NO ALERT,20261005,00
subbasin,CHL,Chambal Lower,Ganga Basin,Chambal Lower,10941.2620969,9,12,9-12 h,0.0,1.0,0.0,0.0,NO ALERT,NO ALERT,20261005,00
subbasin,CHR,Churu,Indus (Up to border) Basin,Churu,66832.7547281,9,12,9-12 h,0.0,1.0,0.0,0.0,NO ALERT,NO ALERT,20261005,00
subbasin,CHU,Chambal Upper,Ganga Basin,Chambal Upper,25546.5699826,9,12,9-12 h,0.0,1.0,0.0,0.0,NO ALERT,NO ALERT,20261005,00
subbasin,DAL,Drainage Area of Lakshadweep Islands,Drainage Area of Lakshadweep Islands Basin,Drainage Area of Lakshadweep Islands,669.812447676,9,12,9-12 h,0.0,1.0,0.0,0.0,NO ALERT,NO ALERT,20261005,00
subbasin,DAM,Damodar,Ganga Basin,Damodar,41965.4937886,9,12,9-12 h,0.00423728813559322,3.0,0.012711864406779662,0.0,NO ALERT,NO ALERT,20261005,00
subbasin,DAN,Drainage Area of Andaman and Nicobar Islands,Drainage Area of Andaman and Nicobar Islands Basin,Drainage Area of Andaman and Nicobar Islands,7577.85235893,9,12,9-12 h,0.8068181818181818,0.3,0.2420454545454545,0.0,NO ALERT,NO ALERT,20261005,00
subbasin,GAN,Gandak and others,Ganga Basin,Gandak and others,56260.4279485,9,12,9-12 h,0.011627906976744186,3.0,0.03488372093023256,0.0,NO ALERT,NO ALERT,20261005,00
subbasin,GDL,Godavari Lower,Godavari Basin,Godavari Lower,44492.9272893,9,12,9-12 h,0.39959016393442626,3.0,1.1987704918032787,0.0,NO ALERT,NO ALERT,20261005,00
subbasin,GDM,Godavari Middle,Godavari Basin,Godavari Middle,36290.474892599996,9,12,9-12 h,0.0,1.0,0.0,0.0,NO ALERT,NO ALERT,20261005,00
subbasin,GDU,Godavari Upper,Godavari Basin,Godavari Upper,21443.233252,9,12,9-12 h,0.0,1.0,0.0,0.0,NO ALERT,NO ALERT,20261005,00
subbasin,GHA,Ghaghara,Ganga Basin,Ghaghara,58634.1755549,9,12,9-12 h,0.34652777777777777,1.6536675276181974,0.5730417335288058,0.0,NO ALERT,NO ALERT,20261005,00
subbasin,GHG,Ghaghara Confluence to Gomti confluence,Ganga Basin,Ghaghara Confluence to Gomti confluence,26254.0625402,9,12,9-12 h,0.0,1.0,0.0,0.0,NO ALERT,NO ALERT,20261005,00
subbasin,GHO,Ghaghar and others,Indus (Up to border) Basin,Ghaghar and others,49978.9330453,9,12,9-12 h,0.0,1.0,0.0,0.0,NO ALERT,NO ALERT,20261005,00
subbasin,GIL,Gilgit,Indus (Up to border) Basin,Gilgit,27088.6965445,9,12,9-12 h,0.11019736842105263,1.4341220584848333,0.15803647683961156,0.0,NO ALERT,NO ALERT,20261005,00
subbasin,GOM,Gomti,Ganga Basin,Gomti,29865.2109004,9,12,9-12 h,0.001388888888888889,1.0,0.001388888888888889,0.0,NO ALERT,NO ALERT,20261005,00
subbasin,GTK,East flowing rivers between Godavari and krishna,East flowing rivers between Godavari and Krishna Basin,East flowing rivers between Godavari and krishna,10342.2894048,9,12,9-12 h,0.375,1.6742437243723507,0.6278413966396315,0.0,NO ALERT,NO ALERT,20261005,00
subbasin,IMP,Imphal and others,Minor rivers draining into Myanmar Basin,Imphal and others,16754.8996877,9,12,9-12 h,1.2526041666666667,1.5529862153812508,1.9452770041624523,0.0,NO ALERT,NO ALERT,20261005,00
subbasin,IND,Indravati,Godavari Basin,Indravati,38306.103516099996,9,12,9-12 h,0.005787037037037037,1.0,0.005787037037037037,0.0,NO ALERT,NO ALERT,20261005,00
subbasin,JHE,Jhelum,Indus (Up to border) Basin,Jhelum,29200.5186975,9,12,9-12 h,0.041223404255319146,3.0,0.12367021276595744,0.0,NO ALERT,NO ALERT,20261005,00
subbasin,KAS,Kali Sindh and others up to Confluence with Parbati,Ganga Basin,Kali Sindh and others up to Confluence with Parbati,48492.609462,9,12,9-12 h,0.0,1.0,0.0,0.0,NO ALERT,NO ALERT,20261005,00
subbasin,KOS,Kosi,Ganga Basin,Kosi,18413.5817315,9,12,9-12 h,0.0,3.0,0.0,0.0,NO ALERT,NO ALERT,20261005,00
subbasin,KPO,Karnaphuli and Others,Minor rivers draining into Bangladesh Basin,Karnaphuli and Others,3776.83637815,9,12,9-12 h,0.9583333333333334,3.0,2.875,0.0,NO ALERT,NO ALERT,20261005,00
subbasin,KRL,Krishna Lower,Krishna Basin,Krishna Lower,39494.3345917,9,12,9-12 h,0.015330188679245283,3.0,0.04599056603773585,0.0,NO ALERT,NO ALERT,20261005,00
subbasin,KRM,Krishna Middle,Krishna Basin,Krishna Middle,22229.122290299998,9,12,9-12 h,0.021484375,3.0,0.064453125,0.0,NO ALERT,NO ALERT,20261005,00
subbasin,KRU,Krishna Upper,Krishna Basin,Krishna Upper,54504.7707132,9,12,9-12 h,0.10773026315789473,3.0,0.3231907894736842,0.0,NO ALERT,NO ALERT,20261005,00
subbasin,KTP,East flowing rivers between krishna and Pennar,East flowing rivers between Krishna and Pennar Basin,East flowing rivers between krishna and Pennar,23334.6280124,9,12,9-12 h,1.38671875,1.1319794021185743,1.5697370615316166,0.0,NO ALERT,NO ALERT,20261005,00
subbasin,KYN,Kynchiang and other south flowing rivers,Barak and others Basin,Kynchiang and other south flowing rivers,10267.390013600001,9,12,9-12 h,0.5416666666666666,3.0,1.625,0.0,NO ALERT,NO ALERT,20261005,00
subbasin,LIN,Lower Indus,Indus (Up to border) Basin,Lower Indus,23894.095446299998,9,12,9-12 h,0.0734375,2.2084975976104473,0.16218654232451724,0.0,NO ALERT,NO ALERT,20261005,00
subbasin,LUL,Luni Lower,West flowing rivers of Kutch and Saurashtra including Luni Basin,Luni Lower,29180.1166377,9,12,9-12 h,0.0,1.0,0.0,0.0,NO ALERT,NO ALERT,20261005,00
subbasin,LUU,Luni Upper,West flowing rivers of Kutch and Saurashtra including Luni Basin,Luni Upper,70202.5788834,9,12,9-12 h,0.0,1.0,0.0,0.0,NO ALERT,NO ALERT,20261005,00
subbasin,MAJ,Manjra,Godavari Basin,Manjra,29472.8781663,9,12,9-12 h,0.0,1.0,0.0,0.0,NO ALERT,NO ALERT,20261005,00
subbasin,MAL,Mahanadi Lower,Mahanadi Basin,Mahanadi Lower,57958.8771578,9,12,9-12 h,0.002232142857142857,3.0,0.006696428571428571,0.0,NO ALERT,NO ALERT,20261005,00
subbasin,MAM,Mahanadi Middle,Mahanadi Basin,Mahanadi Middle,51895.912271199995,9,12,9-12 h,0.10666666666666667,3.0,0.32,0.0,NO ALERT,NO ALERT,20261005,00
subbasin,MAN,Mangpui Lui and others,Minor rivers draining into Myanmar Basin,Mangpui Lui and others,7976.1826088,9,12,9-12 h,0.9479166666666666,2.60114602242229,2.465669667087796,0.0,NO ALERT,NO ALERT,20261005,00
subbasin,MAU,Mahanadi Upper,Mahanadi Basin,Mahanadi Upper,29796.635875400003,9,12,9-12 h,0.2261904761904762,3.0,0.6785714285714286,0.0,NO ALERT,NO ALERT,20261005,00
subbasin,MHO,Muhury and Others,Minor rivers draining into Bangladesh Basin,Muhury and Others,1676.3936024500001,9,12,9-12 h,0.34375,3.0,1.03125,0.0,NO ALERT,NO ALERT,20261005,00
subbasin,MHU,Mahi Upper,Mahi Basin,Mahi Upper,24959.804656099997,9,12,9-12 h,0.0,1.0,0.0,0.0,NO ALERT,NO ALERT,20261005,00
subbasin,NAG,Nagvati and other,East flowing rivers between Mahanadi and Godavari Basin,Nagvati and other,24372.2391257,9,12,9-12 h,0.7111486486486487,2.2457786192721487,1.5970824302594167,0.0,NO ALERT,NO ALERT,20261005,00
subbasin,NAM,Narmada Middle,Narmada Basin,Narmada Middle,40575.718659599996,9,12,9-12 h,0.0,1.0,0.0,0.0,NO ALERT,NO ALERT,20261005,00
subbasin,NAO,Naoch chara and others,Barak and others Basin,Naoch chara and others,7695.8122394600005,9,12,9-12 h,0.17307692307692307,2.150084480464447,0.3721300062342312,0.0,NO ALERT,NO ALERT,20261005,00
subbasin,NAU,Narmada Upper,Narmada Basin,Narmada Upper,43192.6765088,9,12,9-12 h,0.06145833333333333,1.0,0.06145833333333333,0.0,NO ALERT,NO ALERT,20261005,00
subbasin,NET,Netravati and others,West flowing rivers South of Tapi Basin,Netravati and others,18762.0879077,9,12,9-12 h,1.895,1.8755350582862367,3.5541389354524187,0.0,NO ALERT,NO ALERT,20261005,00
subbasin,PAL,Palar and other,East flowing rivers between Pennar and Cauvery Basin,Palar and other,35392.3393366,9,12,9-12 h,0.5611979166666666,0.3266358224797221,0.1833073430843232,0.0,NO ALERT,NO ALERT,20261005,00
subbasin,PAM,Pamba and others,East flowing rivers South of Cauvery Basin,Pamba and others,18289.4135022,9,12,9-12 h,0.5546875,0.654600010391094,0.3630984432638099,0.0,NO ALERT,NO ALERT,20261005,00
subbasin,PAR,Periyar and others,West flowing rivers South of Tapi Basin,Periyar and others,21895.2090182,9,12,9-12 h,6.422413793103448,0.5777269689606324,3.710401654100613,0.0,NO ALERT,NO ALERT,20261005,00
subbasin,PEL,Pennar Lower,Pennar Basin,Pennar Lower,17979.8549043,9,12,9-12 h,0.9947916666666666,0.39404642939654655,0.3919941042434395,0.0,NO ALERT,NO ALERT,20261005,00
subbasin,PEU,Pennar Upper,Pennar Basin,Pennar Upper,36263.575012400004,9,12,9-12 h,0.7806122448979592,0.4641873234336626,0.3623503085987264,0.0,NO ALERT,NO ALERT,20261005,00
subbasin,PON,Ponnaiyar and other,East flowing rivers between Pennar and Cauvery Basin,Ponnaiyar and other,28249.4865729,9,12,9-12 h,0.16216216216216217,0.4261967397185967,0.06911298481923189,0.0,NO ALERT,NO ALERT,20261005,00
subbasin,PRA,Pranhita and others,Godavari Basin,Pranhita and others,36119.600279599996,9,12,9-12 h,0.0012254901960784314,1.0,0.0012254901960784314,0.0,NO ALERT,NO ALERT,20261005,00
subbasin,RAM,Ramganga,Ganga Basin,Ramganga,30839.689987,9,12,9-12 h,0.13020833333333334,3.0,0.390625,0.0,NO ALERT,NO ALERT,20261005,00
subbasin,RAN,Drainage of Rann,West flowing rivers of Kutch and Saurashtra including Luni Basin,Drainage of Rann,21229.9018898,9,12,9-12 h,0.0,1.0,0.0,0.0,NO ALERT,NO ALERT,20261005,00
subbasin,RAV,Ravi,Indus (Up to border) Basin,Ravi,13710.196473299999,9,12,9-12 h,0.3630952380952381,3.0,1.0892857142857142,0.0,NO ALERT,NO ALERT,20261005,00
subbasin,SAL,Sabarmati Lower,Sabarmati Basin,Sabarmati Lower,10865.3209002,9,12,9-12 h,0.0,1.0,0.0,0.0,NO ALERT,NO ALERT,20261005,00
subbasin,SAR,Saraswati,West flowing rivers of Kutch and Saurashtra including Luni Basin,Saraswati,27260.8387238,9,12,9-12 h,0.0,1.0,0.0,0.0,NO ALERT,NO ALERT,20261005,00
subbasin,SAU,Sabarmati Upper,Sabarmati Basin,Sabarmati Upper,19813.2727963,9,12,9-12 h,0.0,1.0,0.0,0.0,NO ALERT,NO ALERT,20261005,00
subbasin,SHE,Shetranjuli and other east flowing rivers,West flowing rivers of Kutch and Saurashtra including Luni Basin,Shetranjuli and other east flowing rivers,18221.670857200003,9,12,9-12 h,0.0,1.0,0.0,0.0,NO ALERT,NO ALERT,20261005,00
subbasin,SHK,Shaksgam,Area of North Ladakha not draining into Indus Basin,Shaksgam,6523.49752196,9,12,9-12 h,0.0,1.0,0.0,0.0,NO ALERT,NO ALERT,20261005,00
subbasin,SHY,Shyok,Indus (Up to border) Basin,Shyok,38545.0481,9,12,9-12 h,0.0,1.0,0.0,0.0,NO ALERT,NO ALERT,20261005,00
subbasin,SON,Sone,Ganga Basin,Sone,65110.052420800006,9,12,9-12 h,0.09536082474226804,3.0,0.2860824742268041,0.0,NO ALERT,NO ALERT,20261005,00
subbasin,SUB,Subernarekha,Subernarekha Basin,Subernarekha,25792.1620902,9,12,9-12 h,0.0,3.0,0.0,0.0,NO ALERT,NO ALERT,20261005,00
subbasin,SUL,Sutlaj Lower,Indus (Up to border) Basin,Sutlaj Lower,38442.7890103,9,12,9-12 h,0.0,1.0,0.0,0.0,NO ALERT,NO ALERT,20261005,00
subbasin,SUM,Sulmar,Area of North Ladakha not draining into Indus Basin,Sulmar,22715.7309665,9,12,9-12 h,0.0,1.0,0.0,0.0,NO ALERT,NO ALERT,20261005,00
subbasin,SUU,Sutlaj Upper,Indus (Up to border) Basin,Sutlaj Upper,21439.429926099998,9,12,9-12 h,0.146484375,3.0,0.439453125,0.0,NO ALERT,NO ALERT,20261005,00
subbasin,TAM,Tapi Middle,Tapi Basin,Tapi Middle,31766.674366299998,9,12,9-12 h,0.0,1.0,0.0,0.0,NO ALERT,NO ALERT,20261005,00
subbasin,TAU,Tapi Upper,Tapi Basin,Tapi Upper,28047.339302099997,9,12,9-12 h,0.0,1.0,0.0,0.0,NO ALERT,NO ALERT,20261005,00
subbasin,TON,Tons,Ganga Basin,Tons,16905.7373669,9,12,9-12 h,0.0,1.0,0.0,0.0,NO ALERT,NO ALERT,20261005,00
subbasin,TUL,Tungabhadra Lower,Krishna Basin,Tungabhadra Lower,41556.484720199995,9,12,9-12 h,0.2761363636363636,0.7217595285394708,0.19930405163078568,0.0,NO ALERT,NO ALERT,20261005,00
subbasin,TUU,Tungabhadra Upper,Krishna Basin,Tungabhadra Upper,28519.4094375,9,12,9-12 h,1.251602564102564,0.4850535815326983,0.6070943063734573,0.0,NO ALERT,NO ALERT,20261005,00
subbasin,UGO,Upstream of Gomti confluece to Muzaffarnagar,Ganga Basin,Upstream of Gomti confluece to Muzaffarnagar,29061.3749822,9,12,9-12 h,0.0,1.0,0.0,0.0,NO ALERT,NO ALERT,20261005,00
subbasin,UIN,Upper Indus,Indus (Up to border) Basin,Upper Indus,46450.1263776,9,12,9-12 h,0.01056338028169014,1.0,0.01056338028169014,0.0,NO ALERT,NO ALERT,20261005,00
subbasin,VAI,Vaippar and others,East flowing rivers South of Cauvery Basin,Vaippar and others,20356.688641599998,9,12,9-12 h,0.9189814814814815,0.4794268748348529,0.44058441969776996,0.0,NO ALERT,NO ALERT,20261005,00
subbasin,VAM,Vamsadhara and other,East flowing rivers between Mahanadi and Godavari Basin,Vamsadhara and other,21870.633760099998,9,12,9-12 h,0.034274193548387094,1.0,0.034274193548387094,0.0,NO ALERT,NO ALERT,20261005,00
subbasin,VAR,Varrar and others,West flowing rivers South of Tapi Basin,Varrar and others,14164.6969417,9,12,9-12 h,2.017361111111111,0.6925699831943927,1.3971637508192436,0.0,NO ALERT,NO ALERT,20261005,00
subbasin,VAS,Vasishti and others,West flowing rivers South of Tapi Basin,Vasishti and others,27473.950096599998,9,12,9-12 h,0.774671052631579,3.0,2.324013157894737,0.0,NO ALERT,NO ALERT,20261005,00
subbasin,WAR,Wardha,Godavari Basin,Wardha,46242.0943756,9,12,9-12 h,0.0,1.0,0.0,0.0,NO ALERT,NO ALERT,20261005,00
subbasin,WEI,Weinganga,Godavari Basin,Weinganga,49695.4011135,9,12,9-12 h,0.0777027027027027,3.0,0.23310810810810811,0.0,NO ALERT,NO ALERT,20261005,00
subbasin,YAL,Yamuna Lower,Ganga Basin,Yamuna Lower,124867.188956,9,12,9-12 h,0.0,1.0,0.0,0.0,NO ALERT,NO ALERT,20261005,00
subbasin,YAM,Yamuna Middle,Ganga Basin,Yamuna Middle,34586.3897844,9,12,9-12 h,0.0,1.0,0.0,0.0,NO ALERT,NO ALERT,20261005,00
subbasin,YAU,Yamuna Upper,Ganga Basin,Yamuna Upper,35798.1884585,9,12,9-12 h,0.08705357142857142,3.0,0.2611607142857143,0.0,NO ALERT,NO ALERT,20261005,00
subbasin,MHL,Mahi Lower,Mahi Basin,Mahi Lower,13092.144778,9,12,9-12 h,0.0,1.0,0.0,0.0,NO ALERT,NO ALERT,20261005,00
subbasin,NAL,Narmada Lower,Narmada Basin,Narmada Lower,9725.401358770001,9,12,9-12 h,0.0,1.0,0.0,0.0,NO ALERT,NO ALERT,20261005,00
subbasin,TAL,Tapi Lower,Tapi Basin,Tapi Lower,3618.19482315,9,12,9-12 h,0.0,1.0,0.0,0.0,NO ALERT,NO ALERT,20261005,00
subbasin,ARA,Above Ramganga Confluence,Ganga Basin,Above Ramganga Confluence,39104.6123558,12,15,12-15 h,0.011853448275862068,3.0,0.0355603448275862,0.0,NO ALERT,NO ALERT,20261005,00
subbasin,BAI,Baitarni,Brahmani and Baitarni Basin,Baitarni,14351.232989600001,12,15,12-15 h,0.0,1.0,0.0,0.0,NO ALERT,NO ALERT,20261005,00
subbasin,BAM,Barmer,Indus (Up to border) Basin,Barmer,21658.9369285,12,15,12-15 h,0.0,1.0,0.0,0.0,NO ALERT,NO ALERT,20261005,00
subbasin,BAN,Banas,Ganga Basin,Banas,51651.5088239,12,15,12-15 h,0.0,1.0,0.0,0.0,NO ALERT,NO ALERT,20261005,00
subbasin,BAR,Barak,Barak and others Basin,Barak,27658.980335700002,12,15,12-15 h,0.18452380952380953,2.361846817831245,0.4358169723379083,0.0,NO ALERT,NO ALERT,20261005,00
subbasin,BEA,Beas,Indus (Up to border) Basin,Beas,19002.474906599997,12,15,12-15 h,0.0,3.0,0.0,0.0,NO ALERT,NO ALERT,20261005,00
subbasin,BHA,Bhadar and other west flowing rivers,West flowing rivers of Kutch and Saurashtra including Luni Basin,Bhadar and other west flowing rivers,18489.7027305,12,15,12-15 h,0.0,1.0,0.0,0.0,NO ALERT,NO ALERT,20261005,00
subbasin,BHG,Bhagirathi and others (Ganga Lower),Ganga Basin,Bhagirathi and others (Ganga Lower),64038.9710863,12,15,12-15 h,0.008463541666666666,3.0,0.025390625,0.0,NO ALERT,NO ALERT,20261005,00
subbasin,BHL,Bhima Lower,Krishna Basin,Bhima Lower,23652.6979435,12,15,12-15 h,0.0,1.0,0.0,0.0,NO ALERT,NO ALERT,20261005,00
subbasin,BHT,Bhatsol and others,West flowing rivers South of Tapi Basin,Bhatsol and others,29332.606177,12,15,12-15 h,0.001488095238095238,1.0,0.001488095238095238,0.0,NO ALERT,NO ALERT,20261005,00
subbasin,BHU,Bhima Upper,Krishna Basin,Bhima Upper,44793.3226794,12,15,12-15 h,0.00819672131147541,1.0,0.00819672131147541,0.0,NO ALERT,NO ALERT,20261005,00
subbasin,BRA,Brahmani,Brahmani and Baitarni Basin,Brahmani,37545.8337422,12,15,12-15 h,0.05818965517241379,3.0,0.17456896551724138,0.0,NO ALERT,NO ALERT,20261005,00
subbasin,BRL,Brahmaputra Lower,Brahmaputra Basin,Brahmaputra Lower,87392.2235093,12,15,12-15 h,0.12359022556390978,1.2621195839226036,0.15598564406562254,0.0,NO ALERT,NO ALERT,20261005,00
subbasin,BRU,Brahmaputra Upper,Brahmaputra Basin,Brahmaputra Upper,98972.86923639999,12,15,12-15 h,0.07119205298013245,0.8282563852423646,0.05896527245930741,0.0,NO ALERT,NO ALERT,20261005,00
subbasin,CAL,Cauvery Lower,Cauvery Basin,Cauvery Lower,17386.448641799998,12,15,12-15 h,0.15625,0.7989375331434209,0.12483398955365951,0.0,NO ALERT,NO ALERT,20261005,00
subbasin,CAM,Cauvery Middle,Cauvery Basin,Cauvery Middle,57280.980105099996,12,15,12-15 h,2.2225,0.3,0.6667500000000001,0.0,NO ALERT,NO ALERT,20261005,00
subbasin,CAU,Cauvery Upper,Cauvery Basin,Cauvery Upper,10958.799342,12,15,12-15 h,2.58203125,0.3,0.7746093749999999,0.0,NO ALERT,NO ALERT,20261005,00
subbasin,CHA,Chautang and others,Indus (Up to border) Basin,Chautang and others,27704.2449767,12,15,12-15 h,0.0,1.0,0.0,0.0,NO ALERT,NO ALERT,20261005,00
subbasin,CHE,Chenab,Indus (Up to border) Basin,Chenab,29981.3828085,12,15,12-15 h,0.10416666666666667,3.0,0.3125,0.0,NO ALERT,NO ALERT,20261005,00
subbasin,CHL,Chambal Lower,Ganga Basin,Chambal Lower,10941.2620969,12,15,12-15 h,0.0,1.0,0.0,0.0,NO ALERT,NO ALERT,20261005,00
subbasin,CHR,Churu,Indus (Up to border) Basin,Churu,66832.7547281,12,15,12-15 h,0.0,1.0,0.0,0.0,NO ALERT,NO ALERT,20261005,00
subbasin,CHU,Chambal Upper,Ganga Basin,Chambal Upper,25546.5699826,12,15,12-15 h,0.0,1.0,0.0,0.0,NO ALERT,NO ALERT,20261005,00
subbasin,DAL,Drainage Area of Lakshadweep Islands,Drainage Area of Lakshadweep Islands Basin,Drainage Area of Lakshadweep Islands,669.812447676,12,15,12-15 h,0.0,1.0,0.0,0.0,NO ALERT,NO ALERT,20261005,00
subbasin,DAM,Damodar,Ganga Basin,Damodar,41965.4937886,12,15,12-15 h,0.001059322033898305,3.0,0.0031779661016949155,0.0,NO ALERT,NO ALERT,20261005,00
subbasin,DAN,Drainage Area of Andaman and Nicobar Islands,Drainage Area of Andaman and Nicobar Islands Basin,Drainage Area of Andaman and Nicobar Islands,7577.85235893,12,15,12-15 h,0.0,0.3,0.0,0.0,NO ALERT,NO ALERT,20261005,00
subbasin,GAN,Gandak and others,Ganga Basin,Gandak and others,56260.4279485,12,15,12-15 h,0.0007267441860465116,3.0,0.002180232558139535,0.0,NO ALERT,NO ALERT,20261005,00
subbasin,GDL,Godavari Lower,Godavari Basin,Godavari Lower,44492.9272893,12,15,12-15 h,0.0,3.0,0.0,0.0,NO ALERT,NO ALERT,20261005,00
subbasin,GDM,Godavari Middle,Godavari Basin,Godavari Middle,36290.474892599996,12,15,12-15 h,0.0,1.0,0.0,0.0,NO ALERT,NO ALERT,20261005,00
subbasin,GDU,Godavari Upper,Godavari Basin,Godavari Upper,21443.233252,12,15,12-15 h,0.0,1.0,0.0,0.0,NO ALERT,NO ALERT,20261005,00
subbasin,GHA,Ghaghara,Ganga Basin,Ghaghara,58634.1755549,12,15,12-15 h,0.003472222222222222,1.6536675276181974,0.005741901137563185,0.0,NO ALERT,NO ALERT,20261005,00
subbasin,GHG,Ghaghara Confluence to Gomti confluence,Ganga Basin,Ghaghara Confluence to Gomti confluence,26254.0625402,12,15,12-15 h,0.0,1.0,0.0,0.0,NO ALERT,NO ALERT,20261005,00
subbasin,GHO,Ghaghar and others,Indus (Up to border) Basin,Ghaghar and others,49978.9330453,12,15,12-15 h,0.0,1.0,0.0,0.0,NO ALERT,NO ALERT,20261005,00
subbasin,GIL,Gilgit,Indus (Up to border) Basin,Gilgit,27088.6965445,12,15,12-15 h,0.2894736842105263,1.4341220584848333,0.4151405958771886,0.0,NO ALERT,NO ALERT,20261005,00
subbasin,GOM,Gomti,Ganga Basin,Gomti,29865.2109004,12,15,12-15 h,0.0,1.0,0.0,0.0,NO ALERT,NO ALERT,20261005,00
subbasin,GTK,East flowing rivers between Godavari and krishna,East flowing rivers between Godavari and Krishna Basin,East flowing rivers between Godavari and krishna,10342.2894048,12,15,12-15 h,0.3557692307692308,1.6742437243723507,0.5956444019401632,0.0,NO ALERT,NO ALERT,20261005,00
subbasin,IMP,Imphal and others,Minor rivers draining into Myanmar Basin,Imphal and others,16754.8996877,12,15,12-15 h,0.0,1.5529862153812508,0.0,0.0,NO ALERT,NO ALERT,20261005,00
subbasin,IND,Indravati,Godavari Basin,Indravati,38306.103516099996,12,15,12-15 h,0.0011574074074074073,1.0,0.0011574074074074073,0.0,NO ALERT,NO ALERT,20261005,00
subbasin,JHE,Jhelum,Indus (Up to border) Basin,Jhelum,29200.5186975,12,15,12-15 h,0.09308510638297872,3.0,0.27925531914893614,0.0,NO ALERT,NO ALERT,20261005,00
subbasin,KAS,Kali Sindh and others up to Confluence with Parbati,Ganga Basin,Kali Sindh and others up to Confluence with Parbati,48492.609462,12,15,12-15 h,0.0,1.0,0.0,0.0,NO ALERT,NO ALERT,20261005,00
subbasin,KOS,Kosi,Ganga Basin,Kosi,18413.5817315,12,15,12-15 h,0.0,3.0,0.0,0.0,NO ALERT,NO ALERT,20261005,00
subbasin,KPO,Karnaphuli and Others,Minor rivers draining into Bangladesh Basin,Karnaphuli and Others,3776.83637815,12,15,12-15 h,0.0,3.0,0.0,0.0,NO ALERT,NO ALERT,20261005,00
subbasin,KRL,Krishna Lower,Krishna Basin,Krishna Lower,39494.3345917,12,15,12-15 h,0.02830188679245283,3.0,0.0849056603773585,0.0,NO ALERT,NO ALERT,20261005,00
subbasin,KRM,Krishna Middle,Krishna Basin,Krishna Middle,22229.122290299998,12,15,12-15 h,0.0,3.0,0.0,0.0,NO ALERT,NO ALERT,20261005,00
subbasin,KRU,Krishna Upper,Krishna Basin,Krishna Upper,54504.7707132,12,15,12-15 h,0.10115131578947369,3.0,0.3034539473684211,0.0,NO ALERT,NO ALERT,20261005,00
subbasin,KTP,East flowing rivers between krishna and Pennar,East flowing rivers between Krishna and Pennar Basin,East flowing rivers between krishna and Pennar,23334.6280124,12,15,12-15 h,0.177734375,1.1319794021185743,0.20119165154841848,0.0,NO ALERT,NO ALERT,20261005,00
subbasin,KYN,Kynchiang and other south flowing rivers,Barak and others Basin,Kynchiang and other south flowing rivers,10267.390013600001,12,15,12-15 h,0.0,3.0,0.0,0.0,NO ALERT,NO ALERT,20261005,00
subbasin,LIN,Lower Indus,Indus (Up to border) Basin,Lower Indus,23894.095446299998,12,15,12-15 h,0.128125,2.2084975976104473,0.28296375469383855,0.0,NO ALERT,NO ALERT,20261005,00
subbasin,LUL,Luni Lower,West flowing rivers of Kutch and Saurashtra including Luni Basin,Luni Lower,29180.1166377,12,15,12-15 h,0.0,1.0,0.0,0.0,NO ALERT,NO ALERT,20261005,00
subbasin,LUU,Luni Upper,West flowing rivers of Kutch and Saurashtra including Luni Basin,Luni Upper,70202.5788834,12,15,12-15 h,0.0,1.0,0.0,0.0,NO ALERT,NO ALERT,20261005,00
subbasin,MAJ,Manjra,Godavari Basin,Manjra,29472.8781663,12,15,12-15 h,0.0,1.0,0.0,0.0,NO ALERT,NO ALERT,20261005,00
subbasin,MAL,Mahanadi Lower,Mahanadi Basin,Mahanadi Lower,57958.8771578,12,15,12-15 h,0.002976190476190476,3.0,0.008928571428571428,0.0,NO ALERT,NO ALERT,20261005,00
subbasin,MAM,Mahanadi Middle,Mahanadi Basin,Mahanadi Middle,51895.912271199995,12,15,12-15 h,0.22166666666666668,3.0,0.665,0.0,NO ALERT,NO ALERT,20261005,00
subbasin,MAN,Mangpui Lui and others,Minor rivers draining into Myanmar Basin,Mangpui Lui and others,7976.1826088,12,15,12-15 h,0.0,2.60114602242229,0.0,0.0,NO ALERT,NO ALERT,20261005,00
subbasin,MAU,Mahanadi Upper,Mahanadi Basin,Mahanadi Upper,29796.635875400003,12,15,12-15 h,0.3586309523809524,3.0,1.0758928571428572,0.0,NO ALERT,NO ALERT,20261005,00
subbasin,MHO,Muhury and Others,Minor rivers draining into Bangladesh Basin,Muhury and Others,1676.3936024500001,12,15,12-15 h,0.25,3.0,0.75,0.0,NO ALERT,NO ALERT,20261005,00
subbasin,MHU,Mahi Upper,Mahi Basin,Mahi Upper,24959.804656099997,12,15,12-15 h,0.0,1.0,0.0,0.0,NO ALERT,NO ALERT,20261005,00
subbasin,NAG,Nagvati and other,East flowing rivers between Mahanadi and Godavari Basin,Nagvati and other,24372.2391257,12,15,12-15 h,0.03209459459459459,2.2457786192721487,0.07207735433474802,0.0,NO ALERT,NO ALERT,20261005,00
subbasin,NAM,Narmada Middle,Narmada Basin,Narmada Middle,40575.718659599996,12,15,12-15 h,0.0,1.0,0.0,0.0,NO ALERT,NO ALERT,20261005,00
subbasin,NAO,Naoch chara and others,Barak and others Basin,Naoch chara and others,7695.8122394600005,12,15,12-15 h,0.14423076923076922,2.150084480464447,0.310108338528526,0.0,NO ALERT,NO ALERT,20261005,00
subbasin,NAU,Narmada Upper,Narmada Basin,Narmada Upper,43192.6765088,12,15,12-15 h,0.0010416666666666667,1.0,0.0010416666666666667,0.0,NO ALERT,NO ALERT,20261005,00
subbasin,NET,Netravati and others,West flowing rivers South of Tapi Basin,Netravati and others,18762.0879077,12,15,12-15 h,0.01,1.8755350582862367,0.018755350582862367,0.0,NO ALERT,NO ALERT,20261005,00
subbasin,PAL,Palar and other,East flowing rivers between Pennar and Cauvery Basin,Palar and other,35392.3393366,12,15,12-15 h,3.5403645833333335,0.3266358224797221,1.156409897555162,0.0,NO ALERT,NO ALERT,20261005,00
subbasin,PAM,Pamba and others,East flowing rivers South of Cauvery Basin,Pamba and others,18289.4135022,12,15,12-15 h,0.21875,0.654600010391094,0.1431937522730518,0.0,NO ALERT,NO ALERT,20261005,00
subbasin,PAR,Periyar and others,West flowing rivers South of Tapi Basin,Periyar and others,21895.2090182,12,15,12-15 h,0.6896551724137931,0.5777269689606324,0.398432392386643,0.0,NO ALERT,NO ALERT,20261005,00
subbasin,PEL,Pennar Lower,Pennar Basin,Pennar Lower,17979.8549043,12,15,12-15 h,2.3723958333333335,0.39404642939654655,0.9348341072402446,0.0,NO ALERT,NO ALERT,20261005,00
subbasin,PEU,Pennar Upper,Pennar Basin,Pennar Upper,36263.575012400004,12,15,12-15 h,2.2551020408163267,0.4641873234336626,1.0467897803963209,0.0,NO ALERT,NO ALERT,20261005,00
subbasin,PON,Ponnaiyar and other,East flowing rivers between Pennar and Cauvery Basin,Ponnaiyar and other,28249.4865729,12,15,12-15 h,0.46621621621621623,0.4261967397185967,0.1986998313552917,0.0,NO ALERT,NO ALERT,20261005,00
subbasin,PRA,Pranhita and others,Godavari Basin,Pranhita and others,36119.600279599996,12,15,12-15 h,0.0,1.0,0.0,0.0,NO ALERT,NO ALERT,20261005,00
subbasin,RAM,Ramganga,Ganga Basin,Ramganga,30839.689987,12,15,12-15 h,0.0,3.0,0.0,0.0,NO ALERT,NO ALERT,20261005,00
subbasin,RAN,Drainage of Rann,West flowing rivers of Kutch and Saurashtra including Luni Basin,Drainage of Rann,21229.9018898,12,15,12-15 h,0.0,1.0,0.0,0.0,NO ALERT,NO ALERT,20261005,00
subbasin,RAV,Ravi,Indus (Up to border) Basin,Ravi,13710.196473299999,12,15,12-15 h,0.0,3.0,0.0,0.0,NO ALERT,NO ALERT,20261005,00
subbasin,SAL,Sabarmati Lower,Sabarmati Basin,Sabarmati Lower,10865.3209002,12,15,12-15 h,0.0,1.0,0.0,0.0,NO ALERT,NO ALERT,20261005,00
subbasin,SAR,Saraswati,West flowing rivers of Kutch and Saurashtra including Luni Basin,Saraswati,27260.8387238,12,15,12-15 h,0.0,1.0,0.0,0.0,NO ALERT,NO ALERT,20261005,00
subbasin,SAU,Sabarmati Upper,Sabarmati Basin,Sabarmati Upper,19813.2727963,12,15,12-15 h,0.0,1.0,0.0,0.0,NO ALERT,NO ALERT,20261005,00
subbasin,SHE,Shetranjuli and other east flowing rivers,West flowing rivers of Kutch and Saurashtra including Luni Basin,Shetranjuli and other east flowing rivers,18221.670857200003,12,15,12-15 h,0.0,1.0,0.0,0.0,NO ALERT,NO ALERT,20261005,00
subbasin,SHK,Shaksgam,Area of North Ladakha not draining into Indus Basin,Shaksgam,6523.49752196,12,15,12-15 h,0.0,1.0,0.0,0.0,NO ALERT,NO ALERT,20261005,00
subbasin,SHY,Shyok,Indus (Up to border) Basin,Shyok,38545.0481,12,15,12-15 h,0.0,1.0,0.0,0.0,NO ALERT,NO ALERT,20261005,00
subbasin,SON,Sone,Ganga Basin,Sone,65110.052420800006,12,15,12-15 h,0.004510309278350515,3.0,0.013530927835051545,0.0,NO ALERT,NO ALERT,20261005,00
subbasin,SUB,Subernarekha,Subernarekha Basin,Subernarekha,25792.1620902,12,15,12-15 h,0.0033783783783783786,3.0,0.010135135135135136,0.0,NO ALERT,NO ALERT,20261005,00
subbasin,SUL,Sutlaj Lower,Indus (Up to border) Basin,Sutlaj Lower,38442.7890103,12,15,12-15 h,0.0,1.0,0.0,0.0,NO ALERT,NO ALERT,20261005,00
subbasin,SUM,Sulmar,Area of North Ladakha not draining into Indus Basin,Sulmar,22715.7309665,12,15,12-15 h,0.0,1.0,0.0,0.0,NO ALERT,NO ALERT,20261005,00
subbasin,SUU,Sutlaj Upper,Indus (Up to border) Basin,Sutlaj Upper,21439.429926099998,12,15,12-15 h,0.078125,3.0,0.234375,0.0,NO ALERT,NO ALERT,20261005,00
subbasin,TAM,Tapi Middle,Tapi Basin,Tapi Middle,31766.674366299998,12,15,12-15 h,0.0,1.0,0.0,0.0,NO ALERT,NO ALERT,20261005,00
subbasin,TAU,Tapi Upper,Tapi Basin,Tapi Upper,28047.339302099997,12,15,12-15 h,0.0,1.0,0.0,0.0,NO ALERT,NO ALERT,20261005,00
subbasin,TON,Tons,Ganga Basin,Tons,16905.7373669,12,15,12-15 h,0.0,1.0,0.0,0.0,NO ALERT,NO ALERT,20261005,00
subbasin,TUL,Tungabhadra Lower,Krishna Basin,Tungabhadra Lower,41556.484720199995,12,15,12-15 h,0.3715909090909091,0.7217595285394708,0.26819927935500787,0.0,NO ALERT,NO ALERT,20261005,00
subbasin,TUU,Tungabhadra Upper,Krishna Basin,Tungabhadra Upper,28519.4094375,12,15,12-15 h,0.30128205128205127,0.4850535815326983,0.14613793802587705,0.0,NO ALERT,NO ALERT,20261005,00
subbasin,UGO,Upstream of Gomti confluece to Muzaffarnagar,Ganga Basin,Upstream of Gomti confluece to Muzaffarnagar,29061.3749822,12,15,12-15 h,0.0,1.0,0.0,0.0,NO ALERT,NO ALERT,20261005,00
subbasin,UIN,Upper Indus,Indus (Up to border) Basin,Upper Indus,46450.1263776,12,15,12-15 h,0.0044014084507042256,1.0,0.0044014084507042256,0.0,NO ALERT,NO ALERT,20261005,00
subbasin,VAI,Vaippar and others,East flowing rivers South of Cauvery Basin,Vaippar and others,20356.688641599998,12,15,12-15 h,0.5300925925925926,0.4794268748348529,0.2541406350397716,0.0,NO ALERT,NO ALERT,20261005,00
subbasin,VAM,Vamsadhara and other,East flowing rivers between Mahanadi and Godavari Basin,Vamsadhara and other,21870.633760099998,12,15,12-15 h,0.0,1.0,0.0,0.0,NO ALERT,NO ALERT,20261005,00
subbasin,VAR,Varrar and others,West flowing rivers South of Tapi Basin,Varrar and others,14164.6969417,12,15,12-15 h,0.21875,0.6925699831943927,0.1514996838237734,0.0,NO ALERT,NO ALERT,20261005,00
subbasin,VAS,Vasishti and others,West flowing rivers South of Tapi Basin,Vasishti and others,27473.950096599998,12,15,12-15 h,0.25164473684210525,3.0,0.7549342105263157,0.0,NO ALERT,NO ALERT,20261005,00
subbasin,WAR,Wardha,Godavari Basin,Wardha,46242.0943756,12,15,12-15 h,0.0038461538461538464,1.0,0.0038461538461538464,0.0,NO ALERT,NO ALERT,20261005,00
subbasin,WEI,Weinganga,Godavari Basin,Weinganga,49695.4011135,12,15,12-15 h,0.16300675675675674,3.0,0.48902027027027023,0.0,NO ALERT,NO ALERT,20261005,00
subbasin,YAL,Yamuna Lower,Ganga Basin,Yamuna Lower,124867.188956,12,15,12-15 h,0.0,1.0,0.0,0.0,NO ALERT,NO ALERT,20261005,00
subbasin,YAM,Yamuna Middle,Ganga Basin,Yamuna Middle,34586.3897844,12,15,12-15 h,0.0,1.0,0.0,0.0,NO ALERT,NO ALERT,20261005,00
subbasin,YAU,Yamuna Upper,Ganga Basin,Yamuna Upper,35798.1884585,12,15,12-15 h,0.011160714285714286,3.0,0.033482142857142856,0.0,NO ALERT,NO ALERT,20261005,00
subbasin,MHL,Mahi Lower,Mahi Basin,Mahi Lower,13092.144778,12,15,12-15 h,0.0,1.0,0.0,0.0,NO ALERT,NO ALERT,20261005,00
subbasin,NAL,Narmada Lower,Narmada Basin,Narmada Lower,9725.401358770001,12,15,12-15 h,0.0,1.0,0.0,0.0,NO ALERT,NO ALERT,20261005,00
subbasin,TAL,Tapi Lower,Tapi Basin,Tapi Lower,3618.19482315,12,15,12-15 h,0.0,1.0,0.0,0.0,NO ALERT,NO ALERT,20261005,00
subbasin,ARA,Above Ramganga Confluence,Ganga Basin,Above Ramganga Confluence,39104.6123558,15,18,15-18 h,0.07758620689655173,3.0,0.2327586206896552,0.0,NO ALERT,NO ALERT,20261005,00
subbasin,BAI,Baitarni,Brahmani and Baitarni Basin,Baitarni,14351.232989600001,15,18,15-18 h,0.041666666666666664,1.0,0.041666666666666664,0.0,NO ALERT,NO ALERT,20261005,00
subbasin,BAM,Barmer,Indus (Up to border) Basin,Barmer,21658.9369285,15,18,15-18 h,0.0,1.0,0.0,0.0,NO ALERT,NO ALERT,20261005,00
subbasin,BAN,Banas,Ganga Basin,Banas,51651.5088239,15,18,15-18 h,0.0,1.0,0.0,0.0,NO ALERT,NO ALERT,20261005,00
subbasin,BAR,Barak,Barak and others Basin,Barak,27658.980335700002,15,18,15-18 h,0.05357142857142857,2.361846817831245,0.1265275080981024,0.0,NO ALERT,NO ALERT,20261005,00
subbasin,BEA,Beas,Indus (Up to border) Basin,Beas,19002.474906599997,15,18,15-18 h,0.004032258064516129,3.0,0.012096774193548387,0.0,NO ALERT,NO ALERT,20261005,00
subbasin,BHA,Bhadar and other west flowing rivers,West flowing rivers of Kutch and Saurashtra including Luni Basin,Bhadar and other west flowing rivers,18489.7027305,15,18,15-18 h,0.0,1.0,0.0,0.0,NO ALERT,NO ALERT,20261005,00
subbasin,BHG,Bhagirathi and others (Ganga Lower),Ganga Basin,Bhagirathi and others (Ganga Lower),64038.9710863,15,18,15-18 h,0.041015625,3.0,0.123046875,0.0,NO ALERT,NO ALERT,20261005,00
subbasin,BHL,Bhima Lower,Krishna Basin,Bhima Lower,23652.6979435,15,18,15-18 h,0.0,1.0,0.0,0.0,NO ALERT,NO ALERT,20261005,00
subbasin,BHT,Bhatsol and others,West flowing rivers South of Tapi Basin,Bhatsol and others,29332.606177,15,18,15-18 h,0.0,1.0,0.0,0.0,NO ALERT,NO ALERT,20261005,00
subbasin,BHU,Bhima Upper,Krishna Basin,Bhima Upper,44793.3226794,15,18,15-18 h,0.0,1.0,0.0,0.0,NO ALERT,NO ALERT,20261005,00
subbasin,BRA,Brahmani,Brahmani and Baitarni Basin,Brahmani,37545.8337422,15,18,15-18 h,0.11206896551724138,3.0,0.33620689655172414,0.0,NO ALERT,NO ALERT,20261005,00
subbasin,BRL,Brahmaputra Lower,Brahmaputra Basin,Brahmaputra Lower,87392.2235093,15,18,15-18 h,0.6264097744360902,1.2621195839226036,0.7906040438763302,0.0,NO ALERT,NO ALERT,20261005,00
subbasin,BRU,Brahmaputra Upper,Brahmaputra Basin,Brahmaputra Upper,98972.86923639999,15,18,15-18 h,1.127069536423841,0.8282563852423646,0.9335025401551981,0.0,NO ALERT,NO ALERT,20261005,00
subbasin,CAL,Cauvery Lower,Cauvery Basin,Cauvery Lower,17386.448641799998,15,18,15-18 h,1.7329545454545454,0.7989375331434209,1.3845224295951326,0.0,NO ALERT,NO ALERT,20261005,00
subbasin,CAM,Cauvery Middle,Cauvery Basin,Cauvery Middle,57280.980105099996,15,18,15-18 h,5.406666666666666,0.3,1.6219999999999999,0.0,NO ALERT,NO ALERT,20261005,00
subbasin,CAU,Cauvery Upper,Cauvery Basin,Cauvery Upper,10958.799342,15,18,15-18 h,3.80078125,0.3,1.140234375,0.0,NO ALERT,NO ALERT,20261005,00
subbasin,CHA,Chautang and others,Indus (Up to border) Basin,Chautang and others,27704.2449767,15,18,15-18 h,0.0,1.0,0.0,0.0,NO ALERT,NO ALERT,20261005,00
subbasin,CHE,Chenab,Indus (Up to border) Basin,Chenab,29981.3828085,15,18,15-18 h,0.08723958333333333,3.0,0.26171875,0.0,NO ALERT,NO ALERT,20261005,00
subbasin,CHL,Chambal Lower,Ganga Basin,Chambal Lower,10941.2620969,15,18,15-18 h,0.0,1.0,0.0,0.0,NO ALERT,NO ALERT,20261005,00
subbasin,CHR,Churu,Indus (Up to border) Basin,Churu,66832.7547281,15,18,15-18 h,0.0,1.0,0.0,0.0,NO ALERT,NO ALERT,20261005,00
subbasin,CHU,Chambal Upper,Ganga Basin,Chambal Upper,25546.5699826,15,18,15-18 h,0.0,1.0,0.0,0.0,NO ALERT,NO ALERT,20261005,00
subbasin,DAL,Drainage Area of Lakshadweep Islands,Drainage Area of Lakshadweep Islands Basin,Drainage Area of Lakshadweep Islands,669.812447676,15,18,15-18 h,0.0,1.0,0.0,0.0,NO ALERT,NO ALERT,20261005,00
subbasin,DAM,Damodar,Ganga Basin,Damodar,41965.4937886,15,18,15-18 h,0.011652542372881356,3.0,0.03495762711864407,0.0,NO ALERT,NO ALERT,20261005,00
subbasin,DAN,Drainage Area of Andaman and Nicobar Islands,Drainage Area of Andaman and Nicobar Islands Basin,Drainage Area of Andaman and Nicobar Islands,7577.85235893,15,18,15-18 h,0.03977272727272727,0.3,0.01193181818181818,0.0,NO ALERT,NO ALERT,20261005,00
subbasin,GAN,Gandak and others,Ganga Basin,Gandak and others,56260.4279485,15,18,15-18 h,0.00944767441860465,3.0,0.028343023255813952,0.0,NO ALERT,NO ALERT,20261005,00
subbasin,GDL,Godavari Lower,Godavari Basin,Godavari Lower,44492.9272893,15,18,15-18 h,0.0010245901639344263,3.0,0.0030737704918032786,0.0,NO ALERT,NO ALERT,20261005,00
subbasin,GDM,Godavari Middle,Godavari Basin,Godavari Middle,36290.474892599996,15,18,15-18 h,0.0,1.0,0.0,0.0,NO ALERT,NO ALERT,20261005,00
subbasin,GDU,Godavari Upper,Godavari Basin,Godavari Upper,21443.233252,15,18,15-18 h,0.0,1.0,0.0,0.0,NO ALERT,NO ALERT,20261005,00
subbasin,GHA,Ghaghara,Ganga Basin,Ghaghara,58634.1755549,15,18,15-18 h,0.013888888888888888,1.6536675276181974,0.02296760455025274,0.0,NO ALERT,NO ALERT,20261005,00
subbasin,GHG,Ghaghara Confluence to Gomti confluence,Ganga Basin,Ghaghara Confluence to Gomti confluence,26254.0625402,15,18,15-18 h,0.0,1.0,0.0,0.0,NO ALERT,NO ALERT,20261005,00
subbasin,GHO,Ghaghar and others,Indus (Up to border) Basin,Ghaghar and others,49978.9330453,15,18,15-18 h,0.0,1.0,0.0,0.0,NO ALERT,NO ALERT,20261005,00
subbasin,GIL,Gilgit,Indus (Up to border) Basin,Gilgit,27088.6965445,15,18,15-18 h,0.37006578947368424,1.4341220584848333,0.530719511774815,0.0,NO ALERT,NO ALERT,20261005,00
subbasin,GOM,Gomti,Ganga Basin,Gomti,29865.2109004,15,18,15-18 h,0.0,1.0,0.0,0.0,NO ALERT,NO ALERT,20261005,00
subbasin,GTK,East flowing rivers between Godavari and krishna,East flowing rivers between Godavari and Krishna Basin,East flowing rivers between Godavari and krishna,10342.2894048,15,18,15-18 h,0.057692307692307696,1.6742437243723507,0.09659098409840486,0.0,NO ALERT,NO ALERT,20261005,00
subbasin,IMP,Imphal and others,Minor rivers draining into Myanmar Basin,Imphal and others,16754.8996877,15,18,15-18 h,0.34375,1.5529862153812508,0.533839011537305,0.0,NO ALERT,NO ALERT,20261005,00
subbasin,IND,Indravati,Godavari Basin,Indravati,38306.103516099996,15,18,15-18 h,0.0023148148148148147,1.0,0.0023148148148148147,0.0,NO ALERT,NO ALERT,20261005,00
subbasin,JHE,Jhelum,Indus (Up to border) Basin,Jhelum,29200.5186975,15,18,15-18 h,0.07180851063829788,3.0,0.21542553191489364,0.0,NO ALERT,NO ALERT,20261005,00
subbasin,KAS,Kali Sindh and others up to Confluence with Parbati,Ganga Basin,Kali Sindh and others up to Confluence with Parbati,48492.609462,15,18,15-18 h,0.0,1.0,0.0,0.0,NO ALERT,NO ALERT,20261005,00
subbasin,KOS,Kosi,Ganga Basin,Kosi,18413.5817315,15,18,15-18 h,0.0,3.0,0.0,0.0,NO ALERT,NO ALERT,20261005,00
subbasin,KPO,Karnaphuli and Others,Minor rivers draining into Bangladesh Basin,Karnaphuli and Others,3776.83637815,15,18,15-18 h,0.0,3.0,0.0,0.0,NO ALERT,NO ALERT,20261005,00
subbasin,KRL,Krishna Lower,Krishna Basin,Krishna Lower,39494.3345917,15,18,15-18 h,0.09316037735849056,3.0,0.27948113207547165,0.0,NO ALERT,NO ALERT,20261005,00
subbasin,KRM,Krishna Middle,Krishna Basin,Krishna Middle,22229.122290299998,15,18,15-18 h,0.017578125,3.0,0.052734375,0.0,NO ALERT,NO ALERT,20261005,00
subbasin,KRU,Krishna Upper,Krishna Basin,Krishna Upper,54504.7707132,15,18,15-18 h,0.008223684210526315,3.0,0.024671052631578948,0.0,NO ALERT,NO ALERT,20261005,00
subbasin,KTP,East flowing rivers between krishna and Pennar,East flowing rivers between Krishna and Pennar Basin,East flowing rivers between krishna and Pennar,23334.6280124,15,18,15-18 h,0.89453125,1.1319794021185743,1.012590949551381,0.0,NO ALERT,NO ALERT,20261005,00
subbasin,KYN,Kynchiang and other south flowing rivers,Barak and others Basin,Kynchiang and other south flowing rivers,10267.390013600001,15,18,15-18 h,0.004166666666666667,3.0,0.0125,0.0,NO ALERT,NO ALERT,20261005,00
subbasin,LIN,Lower Indus,Indus (Up to border) Basin,Lower Indus,23894.095446299998,15,18,15-18 h,0.2390625,2.2084975976104473,0.5279689569287476,0.0,NO ALERT,NO ALERT,20261005,00
subbasin,LUL,Luni Lower,West flowing rivers of Kutch and Saurashtra including Luni Basin,Luni Lower,29180.1166377,15,18,15-18 h,0.0,1.0,0.0,0.0,NO ALERT,NO ALERT,20261005,00
subbasin,LUU,Luni Upper,West flowing rivers of Kutch and Saurashtra including Luni Basin,Luni Upper,70202.5788834,15,18,15-18 h,0.0,1.0,0.0,0.0,NO ALERT,NO ALERT,20261005,00
subbasin,MAJ,Manjra,Godavari Basin,Manjra,29472.8781663,15,18,15-18 h,0.0,1.0,0.0,0.0,NO ALERT,NO ALERT,20261005,00
subbasin,MAL,Mahanadi Lower,Mahanadi Basin,Mahanadi Lower,57958.8771578,15,18,15-18 h,0.04985119047619048,3.0,0.14955357142857145,0.0,NO ALERT,NO ALERT,20261005,00
subbasin,MAM,Mahanadi Middle,Mahanadi Basin,Mahanadi Middle,51895.912271199995,15,18,15-18 h,0.07583333333333334,3.0,0.2275,0.0,NO ALERT,NO ALERT,20261005,00
subbasin,MAN,Mangpui Lui and others,Minor rivers draining into Myanmar Basin,Mangpui Lui and others,7976.1826088,15,18,15-18 h,0.0,2.60114602242229,0.0,0.0,NO ALERT,NO ALERT,20261005,00
subbasin,MAU,Mahanadi Upper,Mahanadi Basin,Mahanadi Upper,29796.635875400003,15,18,15-18 h,0.08779761904761904,3.0,0.2633928571428571,0.0,NO ALERT,NO ALERT,20261005,00
subbasin,MHO,Muhury and Others,Minor rivers draining into Bangladesh Basin,Muhury and Others,1676.3936024500001,15,18,15-18 h,0.0,3.0,0.0,0.0,NO ALERT,NO ALERT,20261005,00
subbasin,MHU,Mahi Upper,Mahi Basin,Mahi Upper,24959.804656099997,15,18,15-18 h,0.0,1.0,0.0,0.0,NO ALERT,NO ALERT,20261005,00
subbasin,NAG,Nagvati and other,East flowing rivers between Mahanadi and Godavari Basin,Nagvati and other,24372.2391257,15,18,15-18 h,0.02702702702702703,2.2457786192721487,0.06069671943978781,0.0,NO ALERT,NO ALERT,20261005,00
subbasin,NAM,Narmada Middle,Narmada Basin,Narmada Middle,40575.718659599996,15,18,15-18 h,0.0,1.0,0.0,0.0,NO ALERT,NO ALERT,20261005,00
subbasin,NAO,Naoch chara and others,Barak and others Basin,Naoch chara and others,7695.8122394600005,15,18,15-18 h,0.03365384615384615,2.150084480464447,0.07235861232332273,0.0,NO ALERT,NO ALERT,20261005,00
subbasin,NAU,Narmada Upper,Narmada Basin,Narmada Upper,43192.6765088,15,18,15-18 h,0.0,1.0,0.0,0.0,NO ALERT,NO ALERT,20261005,00
subbasin,NET,Netravati and others,West flowing rivers South of Tapi Basin,Netravati and others,18762.0879077,15,18,15-18 h,0.8075,1.8755350582862367,1.514494559566136,0.0,NO ALERT,NO ALERT,20261005,00
subbasin,PAL,Palar and other,East flowing rivers between Pennar and Cauvery Basin,Palar and other,35392.3393366,15,18,15-18 h,4.188802083333333,0.3266358224797221,1.3682128136943568,0.0,NO ALERT,NO ALERT,20261005,00
subbasin,PAM,Pamba and others,East flowing rivers South of Cauvery Basin,Pamba and others,18289.4135022,15,18,15-18 h,1.4322916666666667,0.654600010391094,0.9375781398830774,0.0,NO ALERT,NO ALERT,20261005,00
subbasin,PAR,Periyar and others,West flowing rivers South of Tapi Basin,Periyar and others,21895.2090182,15,18,15-18 h,0.8728448275862069,0.5777269689606324,0.504265996614345,0.0,NO ALERT,NO ALERT,20261005,00
subbasin,PEL,Pennar Lower,Pennar Basin,Pennar Lower,17979.8549043,15,18,15-18 h,3.8125,0.39404642939654655,1.5023020120743338,0.0,NO ALERT,NO ALERT,20261005,00
subbasin,PEU,Pennar Upper,Pennar Basin,Pennar Upper,36263.575012400004,15,18,15-18 h,0.8456632653061225,0.4641873234336626,0.39254616764862027,0.0,NO ALERT,NO ALERT,20261005,00
subbasin,PON,Ponnaiyar and other,East flowing rivers between Pennar and Cauvery Basin,Ponnaiyar and other,28249.4865729,15,18,15-18 h,3.0253378378378377,0.4261967397185967,1.289389123033795,0.0,NO ALERT,NO ALERT,20261005,00
subbasin,PRA,Pranhita and others,Godavari Basin,Pranhita and others,36119.600279599996,15,18,15-18 h,0.0,1.0,0.0,0.0,NO ALERT,NO ALERT,20261005,00
subbasin,RAM,Ramganga,Ganga Basin,Ramganga,30839.689987,15,18,15-18 h,0.0013020833333333333,3.0,0.00390625,0.0,NO ALERT,NO ALERT,20261005,00
subbasin,RAN,Drainage of Rann,West flowing rivers of Kutch and Saurashtra including Luni Basin,Drainage of Rann,21229.9018898,15,18,15-18 h,0.0,1.0,0.0,0.0,NO ALERT,NO ALERT,20261005,00
subbasin,RAV,Ravi,Indus (Up to border) Basin,Ravi,13710.196473299999,15,18,15-18 h,0.01488095238095238,3.0,0.04464285714285714,0.0,NO ALERT,NO ALERT,20261005,00
subbasin,SAL,Sabarmati Lower,Sabarmati Basin,Sabarmati Lower,10865.3209002,15,18,15-18 h,0.0,1.0,0.0,0.0,NO ALERT,NO ALERT,20261005,00
subbasin,SAR,Saraswati,West flowing rivers of Kutch and Saurashtra including Luni Basin,Saraswati,27260.8387238,15,18,15-18 h,0.0,1.0,0.0,0.0,NO ALERT,NO ALERT,20261005,00
subbasin,SAU,Sabarmati Upper,Sabarmati Basin,Sabarmati Upper,19813.2727963,15,18,15-18 h,0.0,1.0,0.0,0.0,NO ALERT,NO ALERT,20261005,00
subbasin,SHE,Shetranjuli and other east flowing rivers,West flowing rivers of Kutch and Saurashtra including Luni Basin,Shetranjuli and other east flowing rivers,18221.670857200003,15,18,15-18 h,0.0,1.0,0.0,0.0,NO ALERT,NO ALERT,20261005,00
subbasin,SHK,Shaksgam,Area of North Ladakha not draining into Indus Basin,Shaksgam,6523.49752196,15,18,15-18 h,0.0,1.0,0.0,0.0,NO ALERT,NO ALERT,20261005,00
subbasin,SHY,Shyok,Indus (Up to border) Basin,Shyok,38545.0481,15,18,15-18 h,0.0,1.0,0.0,0.0,NO ALERT,NO ALERT,20261005,00
subbasin,SON,Sone,Ganga Basin,Sone,65110.052420800006,15,18,15-18 h,0.007087628865979381,3.0,0.021262886597938145,0.0,NO ALERT,NO ALERT,20261005,00
subbasin,SUB,Subernarekha,Subernarekha Basin,Subernarekha,25792.1620902,15,18,15-18 h,0.03885135135135135,3.0,0.11655405405405406,0.0,NO ALERT,NO ALERT,20261005,00
subbasin,SUL,Sutlaj Lower,Indus (Up to border) Basin,Sutlaj Lower,38442.7890103,15,18,15-18 h,0.0,1.0,0.0,0.0,NO ALERT,NO ALERT,20261005,00
subbasin,SUM,Sulmar,Area of North Ladakha not draining into Indus Basin,Sulmar,22715.7309665,15,18,15-18 h,0.0,1.0,0.0,0.0,NO ALERT,NO ALERT,20261005,00
subbasin,SUU,Sutlaj Upper,Indus (Up to border) Basin,Sutlaj Upper,21439.429926099998,15,18,15-18 h,0.01171875,3.0,0.03515625,0.0,NO ALERT,NO ALERT,20261005,00
subbasin,TAM,Tapi Middle,Tapi Basin,Tapi Middle,31766.674366299998,15,18,15-18 h,0.0,1.0,0.0,0.0,NO ALERT,NO ALERT,20261005,00
subbasin,TAU,Tapi Upper,Tapi Basin,Tapi Upper,28047.339302099997,15,18,15-18 h,0.0,1.0,0.0,0.0,NO ALERT,NO ALERT,20261005,00
subbasin,TON,Tons,Ganga Basin,Tons,16905.7373669,15,18,15-18 h,0.0,1.0,0.0,0.0,NO ALERT,NO ALERT,20261005,00
subbasin,TUL,Tungabhadra Lower,Krishna Basin,Tungabhadra Lower,41556.484720199995,15,18,15-18 h,1.1204545454545454,0.7217595285394708,0.8086987444771797,0.0,NO ALERT,NO ALERT,20261005,00
subbasin,TUU,Tungabhadra Upper,Krishna Basin,Tungabhadra Upper,28519.4094375,15,18,15-18 h,1.8637820512820513,0.4850535815326983,0.9040341591707182,0.0,NO ALERT,NO ALERT,20261005,00
subbasin,UGO,Upstream of Gomti confluece to Muzaffarnagar,Ganga Basin,Upstream of Gomti confluece to Muzaffarnagar,29061.3749822,15,18,15-18 h,0.0,1.0,0.0,0.0,NO ALERT,NO ALERT,20261005,00
subbasin,UIN,Upper Indus,Indus (Up to border) Basin,Upper Indus,46450.1263776,15,18,15-18 h,0.0,1.0,0.0,0.0,NO ALERT,NO ALERT,20261005,00
subbasin,VAI,Vaippar and others,East flowing rivers South of Cauvery Basin,Vaippar and others,20356.688641599998,15,18,15-18 h,1.0162037037037037,0.4794268748348529,0.4871953658622695,0.0,NO ALERT,NO ALERT,20261005,00
subbasin,VAM,Vamsadhara and other,East flowing rivers between Mahanadi and Godavari Basin,Vamsadhara and other,21870.633760099998,15,18,15-18 h,0.020161290322580645,1.0,0.020161290322580645,0.0,NO ALERT,NO ALERT,20261005,00
subbasin,VAR,Varrar and others,West flowing rivers South of Tapi Basin,Varrar and others,14164.6969417,15,18,15-18 h,3.3472222222222223,0.6925699831943927,2.3181856381923422,0.0,NO ALERT,NO ALERT,20261005,00
subbasin,VAS,Vasishti and others,West flowing rivers South of Tapi Basin,Vasishti and others,27473.950096599998,15,18,15-18 h,0.1118421052631579,3.0,0.3355263157894737,0.0,NO ALERT,NO ALERT,20261005,00
subbasin,WAR,Wardha,Godavari Basin,Wardha,46242.0943756,15,18,15-18 h,0.021153846153846155,1.0,0.021153846153846155,0.0,NO ALERT,NO ALERT,20261005,00
subbasin,WEI,Weinganga,Godavari Basin,Weinganga,49695.4011135,15,18,15-18 h,0.019425675675675675,3.0,0.05827702702702703,0.0,NO ALERT,NO ALERT,20261005,00
subbasin,YAL,Yamuna Lower,Ganga Basin,Yamuna Lower,124867.188956,15,18,15-18 h,0.0,1.0,0.0,0.0,NO ALERT,NO ALERT,20261005,00
subbasin,YAM,Yamuna Middle,Ganga Basin,Yamuna Middle,34586.3897844,15,18,15-18 h,0.0,1.0,0.0,0.0,NO ALERT,NO ALERT,20261005,00
subbasin,YAU,Yamuna Upper,Ganga Basin,Yamuna Upper,35798.1884585,15,18,15-18 h,0.018973214285714284,3.0,0.05691964285714285,0.0,NO ALERT,NO ALERT,20261005,00
subbasin,MHL,Mahi Lower,Mahi Basin,Mahi Lower,13092.144778,15,18,15-18 h,0.0,1.0,0.0,0.0,NO ALERT,NO ALERT,20261005,00
subbasin,NAL,Narmada Lower,Narmada Basin,Narmada Lower,9725.401358770001,15,18,15-18 h,0.0,1.0,0.0,0.0,NO ALERT,NO ALERT,20261005,00
subbasin,TAL,Tapi Lower,Tapi Basin,Tapi Lower,3618.19482315,15,18,15-18 h,0.0,1.0,0.0,0.0,NO ALERT,NO ALERT,20261005,00
subbasin,ARA,Above Ramganga Confluence,Ganga Basin,Above Ramganga Confluence,39104.6123558,18,21,18-21 h,0.0,3.0,0.0,0.0,NO ALERT,NO ALERT,20261005,00
subbasin,BAI,Baitarni,Brahmani and Baitarni Basin,Baitarni,14351.232989600001,18,21,18-21 h,0.008928571428571428,1.0,0.008928571428571428,0.0,NO ALERT,NO ALERT,20261005,00
subbasin,BAM,Barmer,Indus (Up to border) Basin,Barmer,21658.9369285,18,21,18-21 h,0.0,1.0,0.0,0.0,NO ALERT,NO ALERT,20261005,00
subbasin,BAN,Banas,Ganga Basin,Banas,51651.5088239,18,21,18-21 h,0.0,1.0,0.0,0.0,NO ALERT,NO ALERT,20261005,00
subbasin,BAR,Barak,Barak and others Basin,Barak,27658.980335700002,18,21,18-21 h,0.001488095238095238,2.361846817831245,0.0035146530027250667,0.0,NO ALERT,NO ALERT,20261005,00
subbasin,BEA,Beas,Indus (Up to border) Basin,Beas,19002.474906599997,18,21,18-21 h,0.0,3.0,0.0,0.0,NO ALERT,NO ALERT,20261005,00
subbasin,BHA,Bhadar and other west flowing rivers,West flowing rivers of Kutch and Saurashtra including Luni Basin,Bhadar and other west flowing rivers,18489.7027305,18,21,18-21 h,0.0,1.0,0.0,0.0,NO ALERT,NO ALERT,20261005,00
subbasin,BHG,Bhagirathi and others (Ganga Lower),Ganga Basin,Bhagirathi and others (Ganga Lower),64038.9710863,18,21,18-21 h,0.06575520833333333,3.0,0.197265625,0.0,NO ALERT,NO ALERT,20261005,00
subbasin,BHL,Bhima Lower,Krishna Basin,Bhima Lower,23652.6979435,18,21,18-21 h,0.0,1.0,0.0,0.0,NO ALERT,NO ALERT,20261005,00
subbasin,BHT,Bhatsol and others,West flowing rivers South of Tapi Basin,Bhatsol and others,29332.606177,18,21,18-21 h,0.0,1.0,0.0,0.0,NO ALERT,NO ALERT,20261005,00
subbasin,BHU,Bhima Upper,Krishna Basin,Bhima Upper,44793.3226794,18,21,18-21 h,0.05122950819672131,1.0,0.05122950819672131,0.0,NO ALERT,NO ALERT,20261005,00
subbasin,BRA,Brahmani,Brahmani and Baitarni Basin,Brahmani,37545.8337422,18,21,18-21 h,0.05387931034482758,3.0,0.16163793103448276,0.0,NO ALERT,NO ALERT,20261005,00
subbasin,BRL,Brahmaputra Lower,Brahmaputra Basin,Brahmaputra Lower,87392.2235093,18,21,18-21 h,0.11278195488721804,1.2621195839226036,0.14234431397623348,0.0,NO ALERT,NO ALERT,20261005,00
subbasin,BRU,Brahmaputra Upper,Brahmaputra Basin,Brahmaputra Upper,98972.86923639999,18,21,18-21 h,0.09271523178807947,0.8282563852423646,0.07679198273770267,0.0,NO ALERT,NO ALERT,20261005,00
subbasin,CAL,Cauvery Lower,Cauvery Basin,Cauvery Lower,17386.448641799998,18,21,18-21 h,0.3352272727272727,0.7989375331434209,0.267825650315124,0.0,NO ALERT,NO ALERT,20261005,00
subbasin,CAM,Cauvery Middle,Cauvery Basin,Cauvery Middle,57280.980105099996,18,21,18-21 h,0.21083333333333334,0.3,0.06325,0.0,NO ALERT,NO ALERT,20261005,00
subbasin,CAU,Cauvery Upper,Cauvery Basin,Cauvery Upper,10958.799342,18,21,18-21 h,0.0,0.3,0.0,0.0,NO ALERT,NO ALERT,20261005,00
subbasin,CHA,Chautang and others,Indus (Up to border) Basin,Chautang and others,27704.2449767,18,21,18-21 h,0.0,1.0,0.0,0.0,NO ALERT,NO ALERT,20261005,00
subbasin,CHE,Chenab,Indus (Up to border) Basin,Chenab,29981.3828085,18,21,18-21 h,0.01171875,3.0,0.03515625,0.0,NO ALERT,NO ALERT,20261005,00
subbasin,CHL,Chambal Lower,Ganga Basin,Chambal Lower,10941.2620969,18,21,18-21 h,0.0,1.0,0.0,0.0,NO ALERT,NO ALERT,20261005,00
subbasin,CHR,Churu,Indus (Up to border) Basin,Churu,66832.7547281,18,21,18-21 h,0.0,1.0,0.0,0.0,NO ALERT,NO ALERT,20261005,00
subbasin,CHU,Chambal Upper,Ganga Basin,Chambal Upper,25546.5699826,18,21,18-21 h,0.0,1.0,0.0,0.0,NO ALERT,NO ALERT,20261005,00
subbasin,DAL,Drainage Area of Lakshadweep Islands,Drainage Area of Lakshadweep Islands Basin,Drainage Area of Lakshadweep Islands,669.812447676,18,21,18-21 h,0.0,1.0,0.0,0.0,NO ALERT,NO ALERT,20261005,00
subbasin,DAM,Damodar,Ganga Basin,Damodar,41965.4937886,18,21,18-21 h,0.06779661016949153,3.0,0.2033898305084746,0.0,NO ALERT,NO ALERT,20261005,00
subbasin,DAN,Drainage Area of Andaman and Nicobar Islands,Drainage Area of Andaman and Nicobar Islands Basin,Drainage Area of Andaman and Nicobar Islands,7577.85235893,18,21,18-21 h,0.03409090909090909,0.3,0.010227272727272725,0.0,NO ALERT,NO ALERT,20261005,00
subbasin,GAN,Gandak and others,Ganga Basin,Gandak and others,56260.4279485,18,21,18-21 h,0.029069767441860465,3.0,0.0872093023255814,0.0,NO ALERT,NO ALERT,20261005,00
subbasin,GDL,Godavari Lower,Godavari Basin,Godavari Lower,44492.9272893,18,21,18-21 h,0.040983606557377046,3.0,0.12295081967213115,0.0,NO ALERT,NO ALERT,20261005,00
subbasin,GDM,Godavari Middle,Godavari Basin,Godavari Middle,36290.474892599996,18,21,18-21 h,0.0,1.0,0.0,0.0,NO ALERT,NO ALERT,20261005,00
subbasin,GDU,Godavari Upper,Godavari Basin,Godavari Upper,21443.233252,18,21,18-21 h,0.0,1.0,0.0,0.0,NO ALERT,NO ALERT,20261005,00
subbasin,GHA,Ghaghara,Ganga Basin,Ghaghara,58634.1755549,18,21,18-21 h,0.0006944444444444445,1.6536675276181974,0.001148380227512637,0.0,NO ALERT,NO ALERT,20261005,00
subbasin,GHG,Ghaghara Confluence to Gomti confluence,Ganga Basin,Ghaghara Confluence to Gomti confluence,26254.0625402,18,21,18-21 h,0.0,1.0,0.0,0.0,NO ALERT,NO ALERT,20261005,00
subbasin,GHO,Ghaghar and others,Indus (Up to border) Basin,Ghaghar and others,49978.9330453,18,21,18-21 h,0.0,1.0,0.0,0.0,NO ALERT,NO ALERT,20261005,00
subbasin,GIL,Gilgit,Indus (Up to border) Basin,Gilgit,27088.6965445,18,21,18-21 h,0.12006578947368421,1.4341220584848333,0.17218899715360664,0.0,NO ALERT,NO ALERT,20261005,00
subbasin,GOM,Gomti,Ganga Basin,Gomti,29865.2109004,18,21,18-21 h,0.0,1.0,0.0,0.0,NO ALERT,NO ALERT,20261005,00
subbasin,GTK,East flowing rivers between Godavari and krishna,East flowing rivers between Godavari and Krishna Basin,East flowing rivers between Godavari and krishna,10342.2894048,18,21,18-21 h,0.0673076923076923,1.6742437243723507,0.11268948144813898,0.0,NO ALERT,NO ALERT,20261005,00
subbasin,IMP,Imphal and others,Minor rivers draining into Myanmar Basin,Imphal and others,16754.8996877,18,21,18-21 h,0.010416666666666666,1.5529862153812508,0.016176939743554695,0.0,NO ALERT,NO ALERT,20261005,00
subbasin,IND,Indravati,Godavari Basin,Indravati,38306.103516099996,18,21,18-21 h,0.009259259259259259,1.0,0.009259259259259259,0.0,NO ALERT,NO ALERT,20261005,00
subbasin,JHE,Jhelum,Indus (Up to border) Basin,Jhelum,29200.5186975,18,21,18-21 h,0.03723404255319149,3.0,0.11170212765957446,0.0,NO ALERT,NO ALERT,20261005,00
subbasin,KAS,Kali Sindh and others up to Confluence with Parbati,Ganga Basin,Kali Sindh and others up to Confluence with Parbati,48492.609462,18,21,18-21 h,0.0,1.0,0.0,0.0,NO ALERT,NO ALERT,20261005,00
subbasin,KOS,Kosi,Ganga Basin,Kosi,18413.5817315,18,21,18-21 h,0.013888888888888888,3.0,0.041666666666666664,0.0,NO ALERT,NO ALERT,20261005,00
subbasin,KPO,Karnaphuli and Others,Minor rivers draining into Bangladesh Basin,Karnaphuli and Others,3776.83637815,18,21,18-21 h,0.0,3.0,0.0,0.0,NO ALERT,NO ALERT,20261005,00
subbasin,KRL,Krishna Lower,Krishna Basin,Krishna Lower,39494.3345917,18,21,18-21 h,0.018867924528301886,3.0,0.05660377358490566,0.0,NO ALERT,NO ALERT,20261005,00
subbasin,KRM,Krishna Middle,Krishna Basin,Krishna Middle,22229.122290299998,18,21,18-21 h,0.0,3.0,0.0,0.0,NO ALERT,NO ALERT,20261005,00
subbasin,KRU,Krishna Upper,Krishna Basin,Krishna Upper,54504.7707132,18,21,18-21 h,0.005756578947368421,3.0,0.01726973684210526,0.0,NO ALERT,NO ALERT,20261005,00
subbasin,KTP,East flowing rivers between krishna and Pennar,East flowing rivers between Krishna and Pennar Basin,East flowing rivers between krishna and Pennar,23334.6280124,18,21,18-21 h,0.015625,1.1319794021185743,0.017687178158102723,0.0,NO ALERT,NO ALERT,20261005,00
subbasin,KYN,Kynchiang and other south flowing rivers,Barak and others Basin,Kynchiang and other south flowing rivers,10267.390013600001,18,21,18-21 h,0.0,3.0,0.0,0.0,NO ALERT,NO ALERT,20261005,00
subbasin,LIN,Lower Indus,Indus (Up to border) Basin,Lower Indus,23894.095446299998,18,21,18-21 h,0.1328125,2.2084975976104473,0.2933160871826375,0.0,NO ALERT,NO ALERT,20261005,00
subbasin,LUL,Luni Lower,West flowing rivers of Kutch and Saurashtra including Luni Basin,Luni Lower,29180.1166377,18,21,18-21 h,0.0,1.0,0.0,0.0,NO ALERT,NO ALERT,20261005,00
subbasin,LUU,Luni Upper,West flowing rivers of Kutch and Saurashtra including Luni Basin,Luni Upper,70202.5788834,18,21,18-21 h,0.0,1.0,0.0,0.0,NO ALERT,NO ALERT,20261005,00
subbasin,MAJ,Manjra,Godavari Basin,Manjra,29472.8781663,18,21,18-21 h,0.0,1.0,0.0,0.0,NO ALERT,NO ALERT,20261005,00
subbasin,MAL,Mahanadi Lower,Mahanadi Basin,Mahanadi Lower,57958.8771578,18,21,18-21 h,0.024553571428571428,3.0,0.07366071428571429,0.0,NO ALERT,NO ALERT,20261005,00
subbasin,MAM,Mahanadi Middle,Mahanadi Basin,Mahanadi Middle,51895.912271199995,18,21,18-21 h,0.019166666666666665,3.0,0.057499999999999996,0.0,NO ALERT,NO ALERT,20261005,00
subbasin,MAN,Mangpui Lui and others,Minor rivers draining into Myanmar Basin,Mangpui Lui and others,7976.1826088,18,21,18-21 h,0.0,2.60114602242229,0.0,0.0,NO ALERT,NO ALERT,20261005,00
subbasin,MAU,Mahanadi Upper,Mahanadi Basin,Mahanadi Upper,29796.635875400003,18,21,18-21 h,0.011904761904761904,3.0,0.03571428571428571,0.0,NO ALERT,NO ALERT,20261005,00
subbasin,MHO,Muhury and Others,Minor rivers draining into Bangladesh Basin,Muhury and Others,1676.3936024500001,18,21,18-21 h,0.0,3.0,0.0,0.0,NO ALERT,NO ALERT,20261005,00
subbasin,MHU,Mahi Upper,Mahi Basin,Mahi Upper,24959.804656099997,18,21,18-21 h,0.0,1.0,0.0,0.0,NO ALERT,NO ALERT,20261005,00
subbasin,NAG,Nagvati and other,East flowing rivers between Mahanadi and Godavari Basin,Nagvati and other,24372.2391257,18,21,18-21 h,0.0,2.2457786192721487,0.0,0.0,NO ALERT,NO ALERT,20261005,00
subbasin,NAM,Narmada Middle,Narmada Basin,Narmada Middle,40575.718659599996,18,21,18-21 h,0.0,1.0,0.0,0.0,NO ALERT,NO ALERT,20261005,00
subbasin,NAO,Naoch chara and others,Barak and others Basin,Naoch chara and others,7695.8122394600005,18,21,18-21 h,0.0,2.150084480464447,0.0,0.0,NO ALERT,NO ALERT,20261005,00
subbasin,NAU,Narmada Upper,Narmada Basin,Narmada Upper,43192.6765088,18,21,18-21 h,0.0,1.0,0.0,0.0,NO ALERT,NO ALERT,20261005,00
subbasin,NET,Netravati and others,West flowing rivers South of Tapi Basin,Netravati and others,18762.0879077,18,21,18-21 h,0.7875,1.8755350582862367,1.4769838584004114,0.0,NO ALERT,NO ALERT,20261005,00
subbasin,PAL,Palar and other,East flowing rivers between Pennar and Cauvery Basin,Palar and other,35392.3393366,18,21,18-21 h,0.33203125,0.3266358224797221,0.10845330043272024,0.0,NO ALERT,NO ALERT,20261005,00
subbasin,PAM,Pamba and others,East flowing rivers South of Cauvery Basin,Pamba and others,18289.4135022,18,21,18-21 h,0.1015625,0.654600010391094,0.06648281355534548,0.0,NO ALERT,NO ALERT,20261005,00
subbasin,PAR,Periyar and others,West flowing rivers South of Tapi Basin,Periyar and others,21895.2090182,18,21,18-21 h,0.008620689655172414,0.5777269689606324,0.004980404904833037,0.0,NO ALERT,NO ALERT,20261005,00
subbasin,PEL,Pennar Lower,Pennar Basin,Pennar Lower,17979.8549043,18,21,18-21 h,0.0,0.39404642939654655,0.0,0.0,NO ALERT,NO ALERT,20261005,00
subbasin,PEU,Pennar Upper,Pennar Basin,Pennar Upper,36263.575012400004,18,21,18-21 h,0.0,0.4641873234336626,0.0,0.0,NO ALERT,NO ALERT,20261005,00
subbasin,PON,Ponnaiyar and other,East flowing rivers between Pennar and Cauvery Basin,Ponnaiyar and other,28249.4865729,18,21,18-21 h,1.133445945945946,0.4261967397185967,0.48307096680942296,0.0,NO ALERT,NO ALERT,20261005,00
subbasin,PRA,Pranhita and others,Godavari Basin,Pranhita and others,36119.600279599996,18,21,18-21 h,0.0,1.0,0.0,0.0,NO ALERT,NO ALERT,20261005,00
subbasin,RAM,Ramganga,Ganga Basin,Ramganga,30839.689987,18,21,18-21 h,0.0,3.0,0.0,0.0,NO ALERT,NO ALERT,20261005,00
subbasin,RAN,Drainage of Rann,West flowing rivers of Kutch and Saurashtra including Luni Basin,Drainage of Rann,21229.9018898,18,21,18-21 h,0.0,1.0,0.0,0.0,NO ALERT,NO ALERT,20261005,00
subbasin,RAV,Ravi,Indus (Up to border) Basin,Ravi,13710.196473299999,18,21,18-21 h,0.0,3.0,0.0,0.0,NO ALERT,NO ALERT,20261005,00
subbasin,SAL,Sabarmati Lower,Sabarmati Basin,Sabarmati Lower,10865.3209002,18,21,18-21 h,0.0,1.0,0.0,0.0,NO ALERT,NO ALERT,20261005,00
subbasin,SAR,Saraswati,West flowing rivers of Kutch and Saurashtra including Luni Basin,Saraswati,27260.8387238,18,21,18-21 h,0.0,1.0,0.0,0.0,NO ALERT,NO ALERT,20261005,00
subbasin,SAU,Sabarmati Upper,Sabarmati Basin,Sabarmati Upper,19813.2727963,18,21,18-21 h,0.0,1.0,0.0,0.0,NO ALERT,NO ALERT,20261005,00
subbasin,SHE,Shetranjuli and other east flowing rivers,West flowing rivers of Kutch and Saurashtra including Luni Basin,Shetranjuli and other east flowing rivers,18221.670857200003,18,21,18-21 h,0.0,1.0,0.0,0.0,NO ALERT,NO ALERT,20261005,00
subbasin,SHK,Shaksgam,Area of North Ladakha not draining into Indus Basin,Shaksgam,6523.49752196,18,21,18-21 h,0.0,1.0,0.0,0.0,NO ALERT,NO ALERT,20261005,00
subbasin,SHY,Shyok,Indus (Up to border) Basin,Shyok,38545.0481,18,21,18-21 h,0.0,1.0,0.0,0.0,NO ALERT,NO ALERT,20261005,00
subbasin,SON,Sone,Ganga Basin,Sone,65110.052420800006,18,21,18-21 h,0.014175257731958763,3.0,0.04252577319587629,0.0,NO ALERT,NO ALERT,20261005,00
subbasin,SUB,Subernarekha,Subernarekha Basin,Subernarekha,25792.1620902,18,21,18-21 h,0.17229729729729729,3.0,0.5168918918918919,0.0,NO ALERT,NO ALERT,20261005,00
subbasin,SUL,Sutlaj Lower,Indus (Up to border) Basin,Sutlaj Lower,38442.7890103,18,21,18-21 h,0.0,1.0,0.0,0.0,NO ALERT,NO ALERT,20261005,00
subbasin,SUM,Sulmar,Area of North Ladakha not draining into Indus Basin,Sulmar,22715.7309665,18,21,18-21 h,0.0,1.0,0.0,0.0,NO ALERT,NO ALERT,20261005,00
subbasin,SUU,Sutlaj Upper,Indus (Up to border) Basin,Sutlaj Upper,21439.429926099998,18,21,18-21 h,0.0,3.0,0.0,0.0,NO ALERT,NO ALERT,20261005,00
subbasin,TAM,Tapi Middle,Tapi Basin,Tapi Middle,31766.674366299998,18,21,18-21 h,0.0,1.0,0.0,0.0,NO ALERT,NO ALERT,20261005,00
subbasin,TAU,Tapi Upper,Tapi Basin,Tapi Upper,28047.339302099997,18,21,18-21 h,0.0,1.0,0.0,0.0,NO ALERT,NO ALERT,20261005,00
subbasin,TON,Tons,Ganga Basin,Tons,16905.7373669,18,21,18-21 h,0.0,1.0,0.0,0.0,NO ALERT,NO ALERT,20261005,00
subbasin,TUL,Tungabhadra Lower,Krishna Basin,Tungabhadra Lower,41556.484720199995,18,21,18-21 h,0.12386363636363637,0.7217595285394708,0.08939975978500264,0.0,NO ALERT,NO ALERT,20261005,00
subbasin,TUU,Tungabhadra Upper,Krishna Basin,Tungabhadra Upper,28519.4094375,18,21,18-21 h,0.21153846153846154,0.4850535815326983,0.10260748840114771,0.0,NO ALERT,NO ALERT,20261005,00
subbasin,UGO,Upstream of Gomti confluece to Muzaffarnagar,Ganga Basin,Upstream of Gomti confluece to Muzaffarnagar,29061.3749822,18,21,18-21 h,0.0,1.0,0.0,0.0,NO ALERT,NO ALERT,20261005,00
subbasin,UIN,Upper Indus,Indus (Up to border) Basin,Upper Indus,46450.1263776,18,21,18-21 h,0.0,1.0,0.0,0.0,NO ALERT,NO ALERT,20261005,00
subbasin,VAI,Vaippar and others,East flowing rivers South of Cauvery Basin,Vaippar and others,20356.688641599998,18,21,18-21 h,0.037037037037037035,0.4794268748348529,0.017756550919809367,0.0,NO ALERT,NO ALERT,20261005,00
subbasin,VAM,Vamsadhara and other,East flowing rivers between Mahanadi and Godavari Basin,Vamsadhara and other,21870.633760099998,18,21,18-21 h,0.0,1.0,0.0,0.0,NO ALERT,NO ALERT,20261005,00
subbasin,VAR,Varrar and others,West flowing rivers South of Tapi Basin,Varrar and others,14164.6969417,18,21,18-21 h,1.7013888888888888,0.6925699831943927,1.1783308741849041,0.0,NO ALERT,NO ALERT,20261005,00
subbasin,VAS,Vasishti and others,West flowing rivers South of Tapi Basin,Vasishti and others,27473.950096599998,18,21,18-21 h,0.0,3.0,0.0,0.0,NO ALERT,NO ALERT,20261005,00
subbasin,WAR,Wardha,Godavari Basin,Wardha,46242.0943756,18,21,18-21 h,0.0009615384615384616,1.0,0.0009615384615384616,0.0,NO ALERT,NO ALERT,20261005,00
subbasin,WEI,Weinganga,Godavari Basin,Weinganga,49695.4011135,18,21,18-21 h,0.004222972972972973,3.0,0.01266891891891892,0.0,NO ALERT,NO ALERT,20261005,00
subbasin,YAL,Yamuna Lower,Ganga Basin,Yamuna Lower,124867.188956,18,21,18-21 h,0.0,1.0,0.0,0.0,NO ALERT,NO ALERT,20261005,00
subbasin,YAM,Yamuna Middle,Ganga Basin,Yamuna Middle,34586.3897844,18,21,18-21 h,0.0,1.0,0.0,0.0,NO ALERT,NO ALERT,20261005,00
subbasin,YAU,Yamuna Upper,Ganga Basin,Yamuna Upper,35798.1884585,18,21,18-21 h,0.0,3.0,0.0,0.0,NO ALERT,NO ALERT,20261005,00
subbasin,MHL,Mahi Lower,Mahi Basin,Mahi Lower,13092.144778,18,21,18-21 h,0.0,1.0,0.0,0.0,NO ALERT,NO ALERT,20261005,00
subbasin,NAL,Narmada Lower,Narmada Basin,Narmada Lower,9725.401358770001,18,21,18-21 h,0.0,1.0,0.0,0.0,NO ALERT,NO ALERT,20261005,00
subbasin,TAL,Tapi Lower,Tapi Basin,Tapi Lower,3618.19482315,18,21,18-21 h,0.0,1.0,0.0,0.0,NO ALERT,NO ALERT,20261005,00
subbasin,ARA,Above Ramganga Confluence,Ganga Basin,Above Ramganga Confluence,39104.6123558,21,24,21-24 h,0.0,3.0,0.0,0.0,NO ALERT,NO ALERT,20261005,00
subbasin,BAI,Baitarni,Brahmani and Baitarni Basin,Baitarni,14351.232989600001,21,24,21-24 h,0.011904761904761904,1.0,0.011904761904761904,0.0,NO ALERT,NO ALERT,20261005,00
subbasin,BAM,Barmer,Indus (Up to border) Basin,Barmer,21658.9369285,21,24,21-24 h,0.0,1.0,0.0,0.0,NO ALERT,NO ALERT,20261005,00
subbasin,BAN,Banas,Ganga Basin,Banas,51651.5088239,21,24,21-24 h,0.0,1.0,0.0,0.0,NO ALERT,NO ALERT,20261005,00
subbasin,BAR,Barak,Barak and others Basin,Barak,27658.980335700002,21,24,21-24 h,0.0,2.361846817831245,0.0,0.0,NO ALERT,NO ALERT,20261005,00
subbasin,BEA,Beas,Indus (Up to border) Basin,Beas,19002.474906599997,21,24,21-24 h,0.0,3.0,0.0,0.0,NO ALERT,NO ALERT,20261005,00
subbasin,BHA,Bhadar and other west flowing rivers,West flowing rivers of Kutch and Saurashtra including Luni Basin,Bhadar and other west flowing rivers,18489.7027305,21,24,21-24 h,0.0,1.0,0.0,0.0,NO ALERT,NO ALERT,20261005,00
subbasin,BHG,Bhagirathi and others (Ganga Lower),Ganga Basin,Bhagirathi and others (Ganga Lower),64038.9710863,21,24,21-24 h,0.13151041666666666,3.0,0.39453125,0.0,NO ALERT,NO ALERT,20261005,00
subbasin,BHL,Bhima Lower,Krishna Basin,Bhima Lower,23652.6979435,21,24,21-24 h,0.0,1.0,0.0,0.0,NO ALERT,NO ALERT,20261005,00
subbasin,BHT,Bhatsol and others,West flowing rivers South of Tapi Basin,Bhatsol and others,29332.606177,21,24,21-24 h,0.0,1.0,0.0,0.0,NO ALERT,NO ALERT,20261005,00
subbasin,BHU,Bhima Upper,Krishna Basin,Bhima Upper,44793.3226794,21,24,21-24 h,0.0030737704918032786,1.0,0.0030737704918032786,0.0,NO ALERT,NO ALERT,20261005,00
subbasin,BRA,Brahmani,Brahmani and Baitarni Basin,Brahmani,37545.8337422,21,24,21-24 h,0.1627155172413793,3.0,0.4881465517241379,0.0,NO ALERT,NO ALERT,20261005,00
subbasin,BRL,Brahmaputra Lower,Brahmaputra Basin,Brahmaputra Lower,87392.2235093,21,24,21-24 h,0.3049812030075188,1.2621195839226036,0.3849227490440647,0.0,NO ALERT,NO ALERT,20261005,00
subbasin,BRU,Brahmaputra Upper,Brahmaputra Basin,Brahmaputra Upper,98972.86923639999,21,24,21-24 h,0.2764900662251656,0.8282563852423646,0.22900466280707762,0.0,NO ALERT,NO ALERT,20261005,00
subbasin,CAL,Cauvery Lower,Cauvery Basin,Cauvery Lower,17386.448641799998,21,24,21-24 h,1.6931818181818181,0.7989375331434209,1.352746504981474,0.0,NO ALERT,NO ALERT,20261005,00
subbasin,CAM,Cauvery Middle,Cauvery Basin,Cauvery Middle,57280.980105099996,21,24,21-24 h,1.6333333333333333,0.3,0.49,0.0,NO ALERT,NO ALERT,20261005,00
subbasin,CAU,Cauvery Upper,Cauvery Basin,Cauvery Upper,10958.799342,21,24,21-24 h,3.203125,0.3,0.9609375,0.0,NO ALERT,NO ALERT,20261005,00
subbasin,CHA,Chautang and others,Indus (Up to border) Basin,Chautang and others,27704.2449767,21,24,21-24 h,0.0,1.0,0.0,0.0,NO ALERT,NO ALERT,20261005,00
subbasin,CHE,Chenab,Indus (Up to border) Basin,Chenab,29981.3828085,21,24,21-24 h,0.01171875,3.0,0.03515625,0.0,NO ALERT,NO ALERT,20261005,00
subbasin,CHL,Chambal Lower,Ganga Basin,Chambal Lower,10941.2620969,21,24,21-24 h,0.0,1.0,0.0,0.0,NO ALERT,NO ALERT,20261005,00
subbasin,CHR,Churu,Indus (Up to border) Basin,Churu,66832.7547281,21,24,21-24 h,0.0,1.0,0.0,0.0,NO ALERT,NO ALERT,20261005,00
subbasin,CHU,Chambal Upper,Ganga Basin,Chambal Upper,25546.5699826,21,24,21-24 h,0.0,1.0,0.0,0.0,NO ALERT,NO ALERT,20261005,00
subbasin,DAL,Drainage Area of Lakshadweep Islands,Drainage Area of Lakshadweep Islands Basin,Drainage Area of Lakshadweep Islands,669.812447676,21,24,21-24 h,0.0,1.0,0.0,0.0,NO ALERT,NO ALERT,20261005,00
subbasin,DAM,Damodar,Ganga Basin,Damodar,41965.4937886,21,24,21-24 h,0.08050847457627118,3.0,0.24152542372881353,0.0,NO ALERT,NO ALERT,20261005,00
subbasin,DAN,Drainage Area of Andaman and Nicobar Islands,Drainage Area of Andaman and Nicobar Islands Basin,Drainage Area of Andaman and Nicobar Islands,7577.85235893,21,24,21-24 h,0.30113636363636365,0.3,0.0903409090909091,0.0,NO ALERT,NO ALERT,20261005,00
subbasin,GAN,Gandak and others,Ganga Basin,Gandak and others,56260.4279485,21,24,21-24 h,0.0,3.0,0.0,0.0,NO ALERT,NO ALERT,20261005,00
subbasin,GDL,Godavari Lower,Godavari Basin,Godavari Lower,44492.9272893,21,24,21-24 h,0.04405737704918033,3.0,0.13217213114754098,0.0,NO ALERT,NO ALERT,20261005,00
subbasin,GDM,Godavari Middle,Godavari Basin,Godavari Middle,36290.474892599996,21,24,21-24 h,0.0,1.0,0.0,0.0,NO ALERT,NO ALERT,20261005,00
subbasin,GDU,Godavari Upper,Godavari Basin,Godavari Upper,21443.233252,21,24,21-24 h,0.0,1.0,0.0,0.0,NO ALERT,NO ALERT,20261005,00
subbasin,GHA,Ghaghara,Ganga Basin,Ghaghara,58634.1755549,21,24,21-24 h,0.24097222222222223,1.6536675276181974,0.39848793894688506,0.0,NO ALERT,NO ALERT,20261005,00
subbasin,GHG,Ghaghara Confluence to Gomti confluence,Ganga Basin,Ghaghara Confluence to Gomti confluence,26254.0625402,21,24,21-24 h,0.003472222222222222,1.0,0.003472222222222222,0.0,NO ALERT,NO ALERT,20261005,00
subbasin,GHO,Ghaghar and others,Indus (Up to border) Basin,Ghaghar and others,49978.9330453,21,24,21-24 h,0.0,1.0,0.0,0.0,NO ALERT,NO ALERT,20261005,00
subbasin,GIL,Gilgit,Indus (Up to border) Basin,Gilgit,27088.6965445,21,24,21-24 h,0.4901315789473684,1.4341220584848333,0.7029085089284216,0.0,NO ALERT,NO ALERT,20261005,00
subbasin,GOM,Gomti,Ganga Basin,Gomti,29865.2109004,21,24,21-24 h,0.0,1.0,0.0,0.0,NO ALERT,NO ALERT,20261005,00
subbasin,GTK,East flowing rivers between Godavari and krishna,East flowing rivers between Godavari and Krishna Basin,East flowing rivers between Godavari and krishna,10342.2894048,21,24,21-24 h,0.40865384615384615,1.6742437243723507,0.684186137363701,0.0,NO ALERT,NO ALERT,20261005,00
subbasin,IMP,Imphal and others,Minor rivers draining into Myanmar Basin,Imphal and others,16754.8996877,21,24,21-24 h,0.033854166666666664,1.5529862153812508,0.05257505416655276,0.0,NO ALERT,NO ALERT,20261005,00
subbasin,IND,Indravati,Godavari Basin,Indravati,38306.103516099996,21,24,21-24 h,0.0,1.0,0.0,0.0,NO ALERT,NO ALERT,20261005,00
subbasin,JHE,Jhelum,Indus (Up to border) Basin,Jhelum,29200.5186975,21,24,21-24 h,0.03590425531914894,3.0,0.10771276595744682,0.0,NO ALERT,NO ALERT,20261005,00
subbasin,KAS,Kali Sindh and others up to Confluence with Parbati,Ganga Basin,Kali Sindh and others up to Confluence with Parbati,48492.609462,21,24,21-24 h,0.0,1.0,0.0,0.0,NO ALERT,NO ALERT,20261005,00
subbasin,KOS,Kosi,Ganga Basin,Kosi,18413.5817315,21,24,21-24 h,0.1388888888888889,3.0,0.4166666666666667,0.0,NO ALERT,NO ALERT,20261005,00
subbasin,KPO,Karnaphuli and Others,Minor rivers draining into Bangladesh Basin,Karnaphuli and Others,3776.83637815,21,24,21-24 h,0.0,3.0,0.0,0.0,NO ALERT,NO ALERT,20261005,00
subbasin,KRL,Krishna Lower,Krishna Basin,Krishna Lower,39494.3345917,21,24,21-24 h,0.0023584905660377358,3.0,0.007075471698113208,0.0,NO ALERT,NO ALERT,20261005,00
subbasin,KRM,Krishna Middle,Krishna Basin,Krishna Middle,22229.122290299998,21,24,21-24 h,0.0,3.0,0.0,0.0,NO ALERT,NO ALERT,20261005,00
subbasin,KRU,Krishna Upper,Krishna Basin,Krishna Upper,54504.7707132,21,24,21-24 h,0.08223684210526316,3.0,0.2467105263157895,0.0,NO ALERT,NO ALERT,20261005,00
subbasin,KTP,East flowing rivers between krishna and Pennar,East flowing rivers between Krishna and Pennar Basin,East flowing rivers between krishna and Pennar,23334.6280124,21,24,21-24 h,0.015625,1.1319794021185743,0.017687178158102723,0.0,NO ALERT,NO ALERT,20261005,00
subbasin,KYN,Kynchiang and other south flowing rivers,Barak and others Basin,Kynchiang and other south flowing rivers,10267.390013600001,21,24,21-24 h,0.0,3.0,0.0,0.0,NO ALERT,NO ALERT,20261005,00
subbasin,LIN,Lower Indus,Indus (Up to border) Basin,Lower Indus,23894.095446299998,21,24,21-24 h,0.1234375,2.2084975976104473,0.2726114222050396,0.0,NO ALERT,NO ALERT,20261005,00
subbasin,LUL,Luni Lower,West flowing rivers of Kutch and Saurashtra including Luni Basin,Luni Lower,29180.1166377,21,24,21-24 h,0.0,1.0,0.0,0.0,NO ALERT,NO ALERT,20261005,00
subbasin,LUU,Luni Upper,West flowing rivers of Kutch and Saurashtra including Luni Basin,Luni Upper,70202.5788834,21,24,21-24 h,0.0,1.0,0.0,0.0,NO ALERT,NO ALERT,20261005,00
subbasin,MAJ,Manjra,Godavari Basin,Manjra,29472.8781663,21,24,21-24 h,0.0,1.0,0.0,0.0,NO ALERT,NO ALERT,20261005,00
subbasin,MAL,Mahanadi Lower,Mahanadi Basin,Mahanadi Lower,57958.8771578,21,24,21-24 h,0.060267857142857144,3.0,0.18080357142857142,0.0,NO ALERT,NO ALERT,20261005,00
subbasin,MAM,Mahanadi Middle,Mahanadi Basin,Mahanadi Middle,51895.912271199995,21,24,21-24 h,0.02666666666666667,3.0,0.08,0.0,NO ALERT,NO ALERT,20261005,00
subbasin,MAN,Mangpui Lui and others,Minor rivers draining into Myanmar Basin,Mangpui Lui and others,7976.1826088,21,24,21-24 h,0.0,2.60114602242229,0.0,0.0,NO ALERT,NO ALERT,20261005,00
subbasin,MAU,Mahanadi Upper,Mahanadi Basin,Mahanadi Upper,29796.635875400003,21,24,21-24 h,0.013392857142857142,3.0,0.040178571428571425,0.0,NO ALERT,NO ALERT,20261005,00
subbasin,MHO,Muhury and Others,Minor rivers draining into Bangladesh Basin,Muhury and Others,1676.3936024500001,21,24,21-24 h,0.0,3.0,0.0,0.0,NO ALERT,NO ALERT,20261005,00
subbasin,MHU,Mahi Upper,Mahi Basin,Mahi Upper,24959.804656099997,21,24,21-24 h,0.0,1.0,0.0,0.0,NO ALERT,NO ALERT,20261005,00
subbasin,NAG,Nagvati and other,East flowing rivers between Mahanadi and Godavari Basin,Nagvati and other,24372.2391257,21,24,21-24 h,0.02702702702702703,2.2457786192721487,0.06069671943978781,0.0,NO ALERT,NO ALERT,20261005,00
subbasin,NAM,Narmada Middle,Narmada Basin,Narmada Middle,40575.718659599996,21,24,21-24 h,0.0,1.0,0.0,0.0,NO ALERT,NO ALERT,20261005,00
subbasin,NAO,Naoch chara and others,Barak and others Basin,Naoch chara and others,7695.8122394600005,21,24,21-24 h,0.0,2.150084480464447,0.0,0.0,NO ALERT,NO ALERT,20261005,00
subbasin,NAU,Narmada Upper,Narmada Basin,Narmada Upper,43192.6765088,21,24,21-24 h,0.0,1.0,0.0,0.0,NO ALERT,NO ALERT,20261005,00
subbasin,NET,Netravati and others,West flowing rivers South of Tapi Basin,Netravati and others,18762.0879077,21,24,21-24 h,0.3975,1.8755350582862367,0.7455251856687791,0.0,NO ALERT,NO ALERT,20261005,00
subbasin,PAL,Palar and other,East flowing rivers between Pennar and Cauvery Basin,Palar and other,35392.3393366,21,24,21-24 h,1.3802083333333333,0.3266358224797221,0.45082548415169976,0.0,NO ALERT,NO ALERT,20261005,00
subbasin,PAM,Pamba and others,East flowing rivers South of Cauvery Basin,Pamba and others,18289.4135022,21,24,21-24 h,0.7421875,0.654600010391094,0.48583594521214,0.0,NO ALERT,NO ALERT,20261005,00
subbasin,PAR,Periyar and others,West flowing rivers South of Tapi Basin,Periyar and others,21895.2090182,21,24,21-24 h,1.146551724137931,0.5777269689606324,0.662393852342794,0.0,NO ALERT,NO ALERT,20261005,00
subbasin,PEL,Pennar Lower,Pennar Basin,Pennar Lower,17979.8549043,21,24,21-24 h,0.3098958333333333,0.39404642939654655,0.12211334660986728,0.0,NO ALERT,NO ALERT,20261005,00
subbasin,PEU,Pennar Upper,Pennar Basin,Pennar Upper,36263.575012400004,21,24,21-24 h,0.4744897959183674,0.4641873234336626,0.22025214836393175,0.0,NO ALERT,NO ALERT,20261005,00
subbasin,PON,Ponnaiyar and other,East flowing rivers between Pennar and Cauvery Basin,Ponnaiyar and other,28249.4865729,21,24,21-24 h,1.508445945945946,0.4261967397185967,0.6428947442038967,0.0,NO ALERT,NO ALERT,20261005,00
subbasin,PRA,Pranhita and others,Godavari Basin,Pranhita and others,36119.600279599996,21,24,21-24 h,0.0,1.0,0.0,0.0,NO ALERT,NO ALERT,20261005,00
subbasin,RAM,Ramganga,Ganga Basin,Ramganga,30839.689987,21,24,21-24 h,0.0,3.0,0.0,0.0,NO ALERT,NO ALERT,20261005,00
subbasin,RAN,Drainage of Rann,West flowing rivers of Kutch and Saurashtra including Luni Basin,Drainage of Rann,21229.9018898,21,24,21-24 h,0.0,1.0,0.0,0.0,NO ALERT,NO ALERT,20261005,00
subbasin,RAV,Ravi,Indus (Up to border) Basin,Ravi,13710.196473299999,21,24,21-24 h,0.0,3.0,0.0,0.0,NO ALERT,NO ALERT,20261005,00
subbasin,SAL,Sabarmati Lower,Sabarmati Basin,Sabarmati Lower,10865.3209002,21,24,21-24 h,0.0,1.0,0.0,0.0,NO ALERT,NO ALERT,20261005,00
subbasin,SAR,Saraswati,West flowing rivers of Kutch and Saurashtra including Luni Basin,Saraswati,27260.8387238,21,24,21-24 h,0.0,1.0,0.0,0.0,NO ALERT,NO ALERT,20261005,00
subbasin,SAU,Sabarmati Upper,Sabarmati Basin,Sabarmati Upper,19813.2727963,21,24,21-24 h,0.0,1.0,0.0,0.0,NO ALERT,NO ALERT,20261005,00
subbasin,SHE,Shetranjuli and other east flowing rivers,West flowing rivers of Kutch and Saurashtra including Luni Basin,Shetranjuli and other east flowing rivers,18221.670857200003,21,24,21-24 h,0.0,1.0,0.0,0.0,NO ALERT,NO ALERT,20261005,00
subbasin,SHK,Shaksgam,Area of North Ladakha not draining into Indus Basin,Shaksgam,6523.49752196,21,24,21-24 h,0.005681818181818182,1.0,0.005681818181818182,0.0,NO ALERT,NO ALERT,20261005,00
subbasin,SHY,Shyok,Indus (Up to border) Basin,Shyok,38545.0481,21,24,21-24 h,0.0010080645161290322,1.0,0.0010080645161290322,0.0,NO ALERT,NO ALERT,20261005,00
subbasin,SON,Sone,Ganga Basin,Sone,65110.052420800006,21,24,21-24 h,0.019329896907216496,3.0,0.05798969072164949,0.0,NO ALERT,NO ALERT,20261005,00
subbasin,SUB,Subernarekha,Subernarekha Basin,Subernarekha,25792.1620902,21,24,21-24 h,0.1570945945945946,3.0,0.47128378378378377,0.0,NO ALERT,NO ALERT,20261005,00
subbasin,SUL,Sutlaj Lower,Indus (Up to border) Basin,Sutlaj Lower,38442.7890103,21,24,21-24 h,0.0,1.0,0.0,0.0,NO ALERT,NO ALERT,20261005,00
subbasin,SUM,Sulmar,Area of North Ladakha not draining into Indus Basin,Sulmar,22715.7309665,21,24,21-24 h,0.0,1.0,0.0,0.0,NO ALERT,NO ALERT,20261005,00
subbasin,SUU,Sutlaj Upper,Indus (Up to border) Basin,Sutlaj Upper,21439.429926099998,21,24,21-24 h,0.001953125,3.0,0.005859375,0.0,NO ALERT,NO ALERT,20261005,00
subbasin,TAM,Tapi Middle,Tapi Basin,Tapi Middle,31766.674366299998,21,24,21-24 h,0.0,1.0,0.0,0.0,NO ALERT,NO ALERT,20261005,00
subbasin,TAU,Tapi Upper,Tapi Basin,Tapi Upper,28047.339302099997,21,24,21-24 h,0.0,1.0,0.0,0.0,NO ALERT,NO ALERT,20261005,00
subbasin,TON,Tons,Ganga Basin,Tons,16905.7373669,21,24,21-24 h,0.0,1.0,0.0,0.0,NO ALERT,NO ALERT,20261005,00
subbasin,TUL,Tungabhadra Lower,Krishna Basin,Tungabhadra Lower,41556.484720199995,21,24,21-24 h,0.7147727272727272,0.7217595285394708,0.5158940266492353,0.0,NO ALERT,NO ALERT,20261005,00
subbasin,TUU,Tungabhadra Upper,Krishna Basin,Tungabhadra Upper,28519.4094375,21,24,21-24 h,1.5496794871794872,0.4850535815326983,0.7516775854841655,0.0,NO ALERT,NO ALERT,20261005,00
subbasin,UGO,Upstream of Gomti confluece to Muzaffarnagar,Ganga Basin,Upstream of Gomti confluece to Muzaffarnagar,29061.3749822,21,24,21-24 h,0.0,1.0,0.0,0.0,NO ALERT,NO ALERT,20261005,00
subbasin,UIN,Upper Indus,Indus (Up to border) Basin,Upper Indus,46450.1263776,21,24,21-24 h,0.0,1.0,0.0,0.0,NO ALERT,NO ALERT,20261005,00
subbasin,VAI,Vaippar and others,East flowing rivers South of Cauvery Basin,Vaippar and others,20356.688641599998,21,24,21-24 h,1.1875,0.4794268748348529,0.5693194138663878,0.0,NO ALERT,NO ALERT,20261005,00
subbasin,VAM,Vamsadhara and other,East flowing rivers between Mahanadi and Godavari Basin,Vamsadhara and other,21870.633760099998,21,24,21-24 h,0.006048387096774193,1.0,0.006048387096774193,0.0,NO ALERT,NO ALERT,20261005,00
subbasin,VAR,Varrar and others,West flowing rivers South of Tapi Basin,Varrar and others,14164.6969417,21,24,21-24 h,0.5451388888888888,0.6925699831943927,0.37754683111638765,0.0,NO ALERT,NO ALERT,20261005,00
subbasin,VAS,Vasishti and others,West flowing rivers South of Tapi Basin,Vasishti and others,27473.950096599998,21,24,21-24 h,0.10197368421052631,3.0,0.3059210526315789,0.0,NO ALERT,NO ALERT,20261005,00
subbasin,WAR,Wardha,Godavari Basin,Wardha,46242.0943756,21,24,21-24 h,0.0,1.0,0.0,0.0,NO ALERT,NO ALERT,20261005,00
subbasin,WEI,Weinganga,Godavari Basin,Weinganga,49695.4011135,21,24,21-24 h,0.0,3.0,0.0,0.0,NO ALERT,NO ALERT,20261005,00
subbasin,YAL,Yamuna Lower,Ganga Basin,Yamuna Lower,124867.188956,21,24,21-24 h,0.0,1.0,0.0,0.0,NO ALERT,NO ALERT,20261005,00
subbasin,YAM,Yamuna Middle,Ganga Basin,Yamuna Middle,34586.3897844,21,24,21-24 h,0.0,1.0,0.0,0.0,NO ALERT,NO ALERT,20261005,00
subbasin,YAU,Yamuna Upper,Ganga Basin,Yamuna Upper,35798.1884585,21,24,21-24 h,0.0,3.0,0.0,0.0,NO ALERT,NO ALERT,20261005,00
subbasin,MHL,Mahi Lower,Mahi Basin,Mahi Lower,13092.144778,21,24,21-24 h,0.0,1.0,0.0,0.0,NO ALERT,NO ALERT,20261005,00
subbasin,NAL,Narmada Lower,Narmada Basin,Narmada Lower,9725.401358770001,21,24,21-24 h,0.0,1.0,0.0,0.0,NO ALERT,NO ALERT,20261005,00
subbasin,TAL,Tapi Lower,Tapi Basin,Tapi Lower,3618.19482315,21,24,21-24 h,0.0,1.0,0.0,0.0,NO ALERT,NO ALERT,20261005,00
subbasin,ARA,Above Ramganga Confluence,Ganga Basin,Above Ramganga Confluence,39104.6123558,24,27,24-27 h,0.0010775862068965517,3.0,0.003232758620689655,0.0,NO ALERT,NO ALERT,20261005,00
subbasin,BAI,Baitarni,Brahmani and Baitarni Basin,Baitarni,14351.232989600001,24,27,24-27 h,0.008928571428571428,1.0,0.008928571428571428,0.0,NO ALERT,NO ALERT,20261005,00
subbasin,BAM,Barmer,Indus (Up to border) Basin,Barmer,21658.9369285,24,27,24-27 h,0.0,1.0,0.0,0.0,NO ALERT,NO ALERT,20261005,00
subbasin,BAN,Banas,Ganga Basin,Banas,51651.5088239,24,27,24-27 h,0.0,1.0,0.0,0.0,NO ALERT,NO ALERT,20261005,00
subbasin,BAR,Barak,Barak and others Basin,Barak,27658.980335700002,24,27,24-27 h,0.03720238095238095,2.361846817831245,0.08786632506812667,0.0,NO ALERT,NO ALERT,20261005,00
subbasin,BEA,Beas,Indus (Up to border) Basin,Beas,19002.474906599997,24,27,24-27 h,0.0,3.0,0.0,0.0,NO ALERT,NO ALERT,20261005,00
subbasin,BHA,Bhadar and other west flowing rivers,West flowing rivers of Kutch and Saurashtra including Luni Basin,Bhadar and other west flowing rivers,18489.7027305,24,27,24-27 h,0.0,1.0,0.0,0.0,NO ALERT,NO ALERT,20261005,00
subbasin,BHG,Bhagirathi and others (Ganga Lower),Ganga Basin,Bhagirathi and others (Ganga Lower),64038.9710863,24,27,24-27 h,0.02734375,3.0,0.08203125,0.0,NO ALERT,NO ALERT,20261005,00
subbasin,BHL,Bhima Lower,Krishna Basin,Bhima Lower,23652.6979435,24,27,24-27 h,0.0,1.0,0.0,0.0,NO ALERT,NO ALERT,20261005,00
subbasin,BHT,Bhatsol and others,West flowing rivers South of Tapi Basin,Bhatsol and others,29332.606177,24,27,24-27 h,0.0,1.0,0.0,0.0,NO ALERT,NO ALERT,20261005,00
subbasin,BHU,Bhima Upper,Krishna Basin,Bhima Upper,44793.3226794,24,27,24-27 h,0.0,1.0,0.0,0.0,NO ALERT,NO ALERT,20261005,00
subbasin,BRA,Brahmani,Brahmani and Baitarni Basin,Brahmani,37545.8337422,24,27,24-27 h,0.007543103448275862,3.0,0.022629310344827586,0.0,NO ALERT,NO ALERT,20261005,00
subbasin,BRL,Brahmaputra Lower,Brahmaputra Basin,Brahmaputra Lower,87392.2235093,24,27,24-27 h,0.03806390977443609,1.2621195839226036,0.048041205966978806,0.0,NO ALERT,NO ALERT,20261005,00
subbasin,BRU,Brahmaputra Upper,Brahmaputra Basin,Brahmaputra Upper,98972.86923639999,24,27,24-27 h,0.011589403973509934,0.8282563852423646,0.009598997842212834,0.0,NO ALERT,NO ALERT,20261005,00
subbasin,CAL,Cauvery Lower,Cauvery Basin,Cauvery Lower,17386.448641799998,24,27,24-27 h,0.0,0.7989375331434209,0.0,0.0,NO ALERT,NO ALERT,20261005,00
subbasin,CAM,Cauvery Middle,Cauvery Basin,Cauvery Middle,57280.980105099996,24,27,24-27 h,0.0,0.3,0.0,0.0,NO ALERT,NO ALERT,20261005,00
subbasin,CAU,Cauvery Upper,Cauvery Basin,Cauvery Upper,10958.799342,24,27,24-27 h,0.0,0.3,0.0,0.0,NO ALERT,NO ALERT,20261005,00
subbasin,CHA,Chautang and others,Indus (Up to border) Basin,Chautang and others,27704.2449767,24,27,24-27 h,0.0,1.0,0.0,0.0,NO ALERT,NO ALERT,20261005,00
subbasin,CHE,Chenab,Indus (Up to border) Basin,Chenab,29981.3828085,24,27,24-27 h,0.0,3.0,0.0,0.0,NO ALERT,NO ALERT,20261005,00
subbasin,CHL,Chambal Lower,Ganga Basin,Chambal Lower,10941.2620969,24,27,24-27 h,0.0,1.0,0.0,0.0,NO ALERT,NO ALERT,20261005,00
subbasin,CHR,Churu,Indus (Up to border) Basin,Churu,66832.7547281,24,27,24-27 h,0.0,1.0,0.0,0.0,NO ALERT,NO ALERT,20261005,00
subbasin,CHU,Chambal Upper,Ganga Basin,Chambal Upper,25546.5699826,24,27,24-27 h,0.0,1.0,0.0,0.0,NO ALERT,NO ALERT,20261005,00
subbasin,DAL,Drainage Area of Lakshadweep Islands,Drainage Area of Lakshadweep Islands Basin,Drainage Area of Lakshadweep Islands,669.812447676,24,27,24-27 h,0.0,1.0,0.0,0.0,NO ALERT,NO ALERT,20261005,00
subbasin,DAM,Damodar,Ganga Basin,Damodar,41965.4937886,24,27,24-27 h,0.0,3.0,0.0,0.0,NO ALERT,NO ALERT,20261005,00
subbasin,DAN,Drainage Area of Andaman and Nicobar Islands,Drainage Area of Andaman and Nicobar Islands Basin,Drainage Area of Andaman and Nicobar Islands,7577.85235893,24,27,24-27 h,0.2784090909090909,0.3,0.08352272727272726,0.0,NO ALERT,NO ALERT,20261005,00
subbasin,GAN,Gandak and others,Ganga Basin,Gandak and others,56260.4279485,24,27,24-27 h,0.0007267441860465116,3.0,0.002180232558139535,0.0,NO ALERT,NO ALERT,20261005,00
subbasin,GDL,Godavari Lower,Godavari Basin,Godavari Lower,44492.9272893,24,27,24-27 h,0.0,3.0,0.0,0.0,NO ALERT,NO ALERT,20261005,00
subbasin,GDM,Godavari Middle,Godavari Basin,Godavari Middle,36290.474892599996,24,27,24-27 h,0.0,1.0,0.0,0.0,NO ALERT,NO ALERT,20261005,00
subbasin,GDU,Godavari Upper,Godavari Basin,Godavari Upper,21443.233252,24,27,24-27 h,0.0,1.0,0.0,0.0,NO ALERT,NO ALERT,20261005,00
subbasin,GHA,Ghaghara,Ganga Basin,Ghaghara,58634.1755549,24,27,24-27 h,0.05347222222222222,1.6536675276181974,0.08842527751847305,0.0,NO ALERT,NO ALERT,20261005,00
subbasin,GHG,Ghaghara Confluence to Gomti confluence,Ganga Basin,Ghaghara Confluence to Gomti confluence,26254.0625402,24,27,24-27 h,0.027777777777777776,1.0,0.027777777777777776,0.0,NO ALERT,NO ALERT,20261005,00
subbasin,GHO,Ghaghar and others,Indus (Up to border) Basin,Ghaghar and others,49978.9330453,24,27,24-27 h,0.0,1.0,0.0,0.0,NO ALERT,NO ALERT,20261005,00
subbasin,GIL,Gilgit,Indus (Up to border) Basin,Gilgit,27088.6965445,24,27,24-27 h,0.004934210526315789,1.4341220584848333,0.007076260156997532,0.0,NO ALERT,NO ALERT,20261005,00
subbasin,GOM,Gomti,Ganga Basin,Gomti,29865.2109004,24,27,24-27 h,0.0,1.0,0.0,0.0,NO ALERT,NO ALERT,20261005,00
subbasin,GTK,East flowing rivers between Godavari and krishna,East flowing rivers between Godavari and Krishna Basin,East flowing rivers between Godavari and krishna,10342.2894048,24,27,24-27 h,0.009615384615384616,1.6742437243723507,0.01609849734973414,0.0,NO ALERT,NO ALERT,20261005,00
subbasin,IMP,Imphal and others,Minor rivers draining into Myanmar Basin,Imphal and others,16754.8996877,24,27,24-27 h,0.15625,1.5529862153812508,0.24265409615332045,0.0,NO ALERT,NO ALERT,20261005,00
subbasin,IND,Indravati,Godavari Basin,Indravati,38306.103516099996,24,27,24-27 h,0.0,1.0,0.0,0.0,NO ALERT,NO ALERT,20261005,00
subbasin,JHE,Jhelum,Indus (Up to border) Basin,Jhelum,29200.5186975,24,27,24-27 h,0.0,3.0,0.0,0.0,NO ALERT,NO ALERT,20261005,00
subbasin,KAS,Kali Sindh and others up to Confluence with Parbati,Ganga Basin,Kali Sindh and others up to Confluence with Parbati,48492.609462,24,27,24-27 h,0.0,1.0,0.0,0.0,NO ALERT,NO ALERT,20261005,00
subbasin,KOS,Kosi,Ganga Basin,Kosi,18413.5817315,24,27,24-27 h,0.037037037037037035,3.0,0.1111111111111111,0.0,NO ALERT,NO ALERT,20261005,00
subbasin,KPO,Karnaphuli and Others,Minor rivers draining into Bangladesh Basin,Karnaphuli and Others,3776.83637815,24,27,24-27 h,0.0,3.0,0.0,0.0,NO ALERT,NO ALERT,20261005,00
subbasin,KRL,Krishna Lower,Krishna Basin,Krishna Lower,39494.3345917,24,27,24-27 h,0.0023584905660377358,3.0,0.007075471698113208,0.0,NO ALERT,NO ALERT,20261005,00
subbasin,KRM,Krishna Middle,Krishna Basin,Krishna Middle,22229.122290299998,24,27,24-27 h,0.0,3.0,0.0,0.0,NO ALERT,NO ALERT,20261005,00
subbasin,KRU,Krishna Upper,Krishna Basin,Krishna Upper,54504.7707132,24,27,24-27 h,0.007401315789473684,3.0,0.022203947368421052,0.0,NO ALERT,NO ALERT,20261005,00
subbasin,KTP,East flowing rivers between krishna and Pennar,East flowing rivers between Krishna and Pennar Basin,East flowing rivers between krishna and Pennar,23334.6280124,24,27,24-27 h,0.0,1.1319794021185743,0.0,0.0,NO ALERT,NO ALERT,20261005,00
subbasin,KYN,Kynchiang and other south flowing rivers,Barak and others Basin,Kynchiang and other south flowing rivers,10267.390013600001,24,27,24-27 h,0.004166666666666667,3.0,0.0125,0.0,NO ALERT,NO ALERT,20261005,00
subbasin,LIN,Lower Indus,Indus (Up to border) Basin,Lower Indus,23894.095446299998,24,27,24-27 h,0.0046875,2.2084975976104473,0.01035233248879897,0.0,NO ALERT,NO ALERT,20261005,00
subbasin,LUL,Luni Lower,West flowing rivers of Kutch and Saurashtra including Luni Basin,Luni Lower,29180.1166377,24,27,24-27 h,0.0,1.0,0.0,0.0,NO ALERT,NO ALERT,20261005,00
subbasin,LUU,Luni Upper,West flowing rivers of Kutch and Saurashtra including Luni Basin,Luni Upper,70202.5788834,24,27,24-27 h,0.0,1.0,0.0,0.0,NO ALERT,NO ALERT,20261005,00
subbasin,MAJ,Manjra,Godavari Basin,Manjra,29472.8781663,24,27,24-27 h,0.0,1.0,0.0,0.0,NO ALERT,NO ALERT,20261005,00
subbasin,MAL,Mahanadi Lower,Mahanadi Basin,Mahanadi Lower,57958.8771578,24,27,24-27 h,0.03571428571428571,3.0,0.10714285714285714,0.0,NO ALERT,NO ALERT,20261005,00
subbasin,MAM,Mahanadi Middle,Mahanadi Basin,Mahanadi Middle,51895.912271199995,24,27,24-27 h,0.0,3.0,0.0,0.0,NO ALERT,NO ALERT,20261005,00
subbasin,MAN,Mangpui Lui and others,Minor rivers draining into Myanmar Basin,Mangpui Lui and others,7976.1826088,24,27,24-27 h,0.010416666666666666,2.60114602242229,0.027095271066898855,0.0,NO ALERT,NO ALERT,20261005,00
subbasin,MAU,Mahanadi Upper,Mahanadi Basin,Mahanadi Upper,29796.635875400003,24,27,24-27 h,0.0,3.0,0.0,0.0,NO ALERT,NO ALERT,20261005,00
subbasin,MHO,Muhury and Others,Minor rivers draining into Bangladesh Basin,Muhury and Others,1676.3936024500001,24,27,24-27 h,0.71875,3.0,2.15625,0.0,NO ALERT,NO ALERT,20261005,00
subbasin,MHU,Mahi Upper,Mahi Basin,Mahi Upper,24959.804656099997,24,27,24-27 h,0.0,1.0,0.0,0.0,NO ALERT,NO ALERT,20261005,00
subbasin,NAG,Nagvati and other,East flowing rivers between Mahanadi and Godavari Basin,Nagvati and other,24372.2391257,24,27,24-27 h,0.0016891891891891893,2.2457786192721487,0.003793544964986738,0.0,NO ALERT,NO ALERT,20261005,00
subbasin,NAM,Narmada Middle,Narmada Basin,Narmada Middle,40575.718659599996,24,27,24-27 h,0.0,1.0,0.0,0.0,NO ALERT,NO ALERT,20261005,00
subbasin,NAO,Naoch chara and others,Barak and others Basin,Naoch chara and others,7695.8122394600005,24,27,24-27 h,0.22115384615384615,2.150084480464447,0.47549945241040653,0.0,NO ALERT,NO ALERT,20261005,00
subbasin,NAU,Narmada Upper,Narmada Basin,Narmada Upper,43192.6765088,24,27,24-27 h,0.0,1.0,0.0,0.0,NO ALERT,NO ALERT,20261005,00
subbasin,NET,Netravati and others,West flowing rivers South of Tapi Basin,Netravati and others,18762.0879077,24,27,24-27 h,0.015,1.8755350582862367,0.02813302587429355,0.0,NO ALERT,NO ALERT,20261005,00
subbasin,PAL,Palar and other,East flowing rivers between Pennar and Cauvery Basin,Palar and other,35392.3393366,24,27,24-27 h,0.009114583333333334,0.3266358224797221,0.0029771494236433007,0.0,NO ALERT,NO ALERT,20261005,00
subbasin,PAM,Pamba and others,East flowing rivers South of Cauvery Basin,Pamba and others,18289.4135022,24,27,24-27 h,0.109375,0.654600010391094,0.0715968761365259,0.0,NO ALERT,NO ALERT,20261005,00
subbasin,PAR,Periyar and others,West flowing rivers South of Tapi Basin,Periyar and others,21895.2090182,24,27,24-27 h,0.0,0.5777269689606324,0.0,0.0,NO ALERT,NO ALERT,20261005,00
subbasin,PEL,Pennar Lower,Pennar Basin,Pennar Lower,17979.8549043,24,27,24-27 h,0.015625,0.39404642939654655,0.00615697545932104,0.0,NO ALERT,NO ALERT,20261005,00
subbasin,PEU,Pennar Upper,Pennar Basin,Pennar Upper,36263.575012400004,24,27,24-27 h,0.0,0.4641873234336626,0.0,0.0,NO ALERT,NO ALERT,20261005,00
subbasin,PON,Ponnaiyar and other,East flowing rivers between Pennar and Cauvery Basin,Ponnaiyar and other,28249.4865729,24,27,24-27 h,0.0016891891891891893,0.4261967397185967,0.0007199269252003322,0.0,NO ALERT,NO ALERT,20261005,00
subbasin,PRA,Pranhita and others,Godavari Basin,Pranhita and others,36119.600279599996,24,27,24-27 h,0.0,1.0,0.0,0.0,NO ALERT,NO ALERT,20261005,00
subbasin,RAM,Ramganga,Ganga Basin,Ramganga,30839.689987,24,27,24-27 h,0.01171875,3.0,0.03515625,0.0,NO ALERT,NO ALERT,20261005,00
subbasin,RAN,Drainage of Rann,West flowing rivers of Kutch and Saurashtra including Luni Basin,Drainage of Rann,21229.9018898,24,27,24-27 h,0.0,1.0,0.0,0.0,NO ALERT,NO ALERT,20261005,00
subbasin,RAV,Ravi,Indus (Up to border) Basin,Ravi,13710.196473299999,24,27,24-27 h,0.0,3.0,0.0,0.0,NO ALERT,NO ALERT,20261005,00
subbasin,SAL,Sabarmati Lower,Sabarmati Basin,Sabarmati Lower,10865.3209002,24,27,24-27 h,0.0,1.0,0.0,0.0,NO ALERT,NO ALERT,20261005,00
subbasin,SAR,Saraswati,West flowing rivers of Kutch and Saurashtra including Luni Basin,Saraswati,27260.8387238,24,27,24-27 h,0.0,1.0,0.0,0.0,NO ALERT,NO ALERT,20261005,00
subbasin,SAU,Sabarmati Upper,Sabarmati Basin,Sabarmati Upper,19813.2727963,24,27,24-27 h,0.0,1.0,0.0,0.0,NO ALERT,NO ALERT,20261005,00
subbasin,SHE,Shetranjuli and other east flowing rivers,West flowing rivers of Kutch and Saurashtra including Luni Basin,Shetranjuli and other east flowing rivers,18221.670857200003,24,27,24-27 h,0.0,1.0,0.0,0.0,NO ALERT,NO ALERT,20261005,00
subbasin,SHK,Shaksgam,Area of North Ladakha not draining into Indus Basin,Shaksgam,6523.49752196,24,27,24-27 h,0.0,1.0,0.0,0.0,NO ALERT,NO ALERT,20261005,00
subbasin,SHY,Shyok,Indus (Up to border) Basin,Shyok,38545.0481,24,27,24-27 h,0.0,1.0,0.0,0.0,NO ALERT,NO ALERT,20261005,00
subbasin,SON,Sone,Ganga Basin,Sone,65110.052420800006,24,27,24-27 h,0.0,3.0,0.0,0.0,NO ALERT,NO ALERT,20261005,00
subbasin,SUB,Subernarekha,Subernarekha Basin,Subernarekha,25792.1620902,24,27,24-27 h,0.0,3.0,0.0,0.0,NO ALERT,NO ALERT,20261005,00
subbasin,SUL,Sutlaj Lower,Indus (Up to border) Basin,Sutlaj Lower,38442.7890103,24,27,24-27 h,0.0,1.0,0.0,0.0,NO ALERT,NO ALERT,20261005,00
subbasin,SUM,Sulmar,Area of North Ladakha not draining into Indus Basin,Sulmar,22715.7309665,24,27,24-27 h,0.0,1.0,0.0,0.0,NO ALERT,NO ALERT,20261005,00
subbasin,SUU,Sutlaj Upper,Indus (Up to border) Basin,Sutlaj Upper,21439.429926099998,24,27,24-27 h,0.0,3.0,0.0,0.0,NO ALERT,NO ALERT,20261005,00
subbasin,TAM,Tapi Middle,Tapi Basin,Tapi Middle,31766.674366299998,24,27,24-27 h,0.0,1.0,0.0,0.0,NO ALERT,NO ALERT,20261005,00
subbasin,TAU,Tapi Upper,Tapi Basin,Tapi Upper,28047.339302099997,24,27,24-27 h,0.0,1.0,0.0,0.0,NO ALERT,NO ALERT,20261005,00
subbasin,TON,Tons,Ganga Basin,Tons,16905.7373669,24,27,24-27 h,0.0,1.0,0.0,0.0,NO ALERT,NO ALERT,20261005,00
subbasin,TUL,Tungabhadra Lower,Krishna Basin,Tungabhadra Lower,41556.484720199995,24,27,24-27 h,0.013636363636363636,0.7217595285394708,0.0098421753891746,0.0,NO ALERT,NO ALERT,20261005,00
subbasin,TUU,Tungabhadra Upper,Krishna Basin,Tungabhadra Upper,28519.4094375,24,27,24-27 h,0.027243589743589744,0.4850535815326983,0.01321460077893569,0.0,NO ALERT,NO ALERT,20261005,00
subbasin,UGO,Upstream of Gomti confluece to Muzaffarnagar,Ganga Basin,Upstream of Gomti confluece to Muzaffarnagar,29061.3749822,24,27,24-27 h,0.0,1.0,0.0,0.0,NO ALERT,NO ALERT,20261005,00
subbasin,UIN,Upper Indus,Indus (Up to border) Basin,Upper Indus,46450.1263776,24,27,24-27 h,0.0,1.0,0.0,0.0,NO ALERT,NO ALERT,20261005,00
subbasin,VAI,Vaippar and others,East flowing rivers South of Cauvery Basin,Vaippar and others,20356.688641599998,24,27,24-27 h,0.22916666666666666,0.4794268748348529,0.10986865881632045,0.0,NO ALERT,NO ALERT,20261005,00
subbasin,VAM,Vamsadhara and other,East flowing rivers between Mahanadi and Godavari Basin,Vamsadhara and other,21870.633760099998,24,27,24-27 h,0.0,1.0,0.0,0.0,NO ALERT,NO ALERT,20261005,00
subbasin,VAR,Varrar and others,West flowing rivers South of Tapi Basin,Varrar and others,14164.6969417,24,27,24-27 h,0.0,0.6925699831943927,0.0,0.0,NO ALERT,NO ALERT,20261005,00
subbasin,VAS,Vasishti and others,West flowing rivers South of Tapi Basin,Vasishti and others,27473.950096599998,24,27,24-27 h,0.09539473684210527,3.0,0.2861842105263158,0.0,NO ALERT,NO ALERT,20261005,00
subbasin,WAR,Wardha,Godavari Basin,Wardha,46242.0943756,24,27,24-27 h,0.0,1.0,0.0,0.0,NO ALERT,NO ALERT,20261005,00
subbasin,WEI,Weinganga,Godavari Basin,Weinganga,49695.4011135,24,27,24-27 h,0.0,3.0,0.0,0.0,NO ALERT,NO ALERT,20261005,00
subbasin,YAL,Yamuna Lower,Ganga Basin,Yamuna Lower,124867.188956,24,27,24-27 h,0.0006756756756756757,1.0,0.0006756756756756757,0.0,NO ALERT,NO ALERT,20261005,00
subbasin,YAM,Yamuna Middle,Ganga Basin,Yamuna Middle,34586.3897844,24,27,24-27 h,0.0,1.0,0.0,0.0,NO ALERT,NO ALERT,20261005,00
subbasin,YAU,Yamuna Upper,Ganga Basin,Yamuna Upper,35798.1884585,24,27,24-27 h,0.0,3.0,0.0,0.0,NO ALERT,NO ALERT,20261005,00
subbasin,MHL,Mahi Lower,Mahi Basin,Mahi Lower,13092.144778,24,27,24-27 h,0.0,1.0,0.0,0.0,NO ALERT,NO ALERT,20261005,00
subbasin,NAL,Narmada Lower,Narmada Basin,Narmada Lower,9725.401358770001,24,27,24-27 h,0.0,1.0,0.0,0.0,NO ALERT,NO ALERT,20261005,00
subbasin,TAL,Tapi Lower,Tapi Basin,Tapi Lower,3618.19482315,24,27,24-27 h,0.0,1.0,0.0,0.0,NO ALERT,NO ALERT,20261005,00
subbasin,ARA,Above Ramganga Confluence,Ganga Basin,Above Ramganga Confluence,39104.6123558,27,30,27-30 h,0.19504310344827586,3.0,0.5851293103448276,0.0,NO ALERT,NO ALERT,20261005,00
subbasin,BAI,Baitarni,Brahmani and Baitarni Basin,Baitarni,14351.232989600001,27,30,27-30 h,0.19047619047619047,1.0,0.19047619047619047,0.0,NO ALERT,NO ALERT,20261005,00
subbasin,BAM,Barmer,Indus (Up to border) Basin,Barmer,21658.9369285,27,30,27-30 h,0.0,1.0,0.0,0.0,NO ALERT,NO ALERT,20261005,00
subbasin,BAN,Banas,Ganga Basin,Banas,51651.5088239,27,30,27-30 h,0.0,1.0,0.0,0.0,NO ALERT,NO ALERT,20261005,00
subbasin,BAR,Barak,Barak and others Basin,Barak,27658.980335700002,27,30,27-30 h,0.25148809523809523,2.361846817831245,0.5939763574605362,0.0,NO ALERT,NO ALERT,20261005,00
subbasin,BEA,Beas,Indus (Up to border) Basin,Beas,19002.474906599997,27,30,27-30 h,0.0,3.0,0.0,0.0,NO ALERT,NO ALERT,20261005,00
subbasin,BHA,Bhadar and other west flowing rivers,West flowing rivers of Kutch and Saurashtra including Luni Basin,Bhadar and other west flowing rivers,18489.7027305,27,30,27-30 h,0.0,1.0,0.0,0.0,NO ALERT,NO ALERT,20261005,00
subbasin,BHG,Bhagirathi and others (Ganga Lower),Ganga Basin,Bhagirathi and others (Ganga Lower),64038.9710863,27,30,27-30 h,0.126953125,3.0,0.380859375,0.0,NO ALERT,NO ALERT,20261005,00
subbasin,BHL,Bhima Lower,Krishna Basin,Bhima Lower,23652.6979435,27,30,27-30 h,0.0,1.0,0.0,0.0,NO ALERT,NO ALERT,20261005,00
subbasin,BHT,Bhatsol and others,West flowing rivers South of Tapi Basin,Bhatsol and others,29332.606177,27,30,27-30 h,0.0,1.0,0.0,0.0,NO ALERT,NO ALERT,20261005,00
subbasin,BHU,Bhima Upper,Krishna Basin,Bhima Upper,44793.3226794,27,30,27-30 h,0.0,1.0,0.0,0.0,NO ALERT,NO ALERT,20261005,00
subbasin,BRA,Brahmani,Brahmani and Baitarni Basin,Brahmani,37545.8337422,27,30,27-30 h,0.3620689655172414,3.0,1.0862068965517242,0.0,NO ALERT,NO ALERT,20261005,00
subbasin,BRL,Brahmaputra Lower,Brahmaputra Basin,Brahmaputra Lower,87392.2235093,27,30,27-30 h,0.5422932330827067,1.2621195839226036,0.6844389097023893,0.0,NO ALERT,NO ALERT,20261005,00
subbasin,BRU,Brahmaputra Upper,Brahmaputra Basin,Brahmaputra Upper,98972.86923639999,27,30,27-30 h,0.30711920529801323,0.8282563852423646,0.2543734428186401,0.0,NO ALERT,NO ALERT,20261005,00
subbasin,CAL,Cauvery Lower,Cauvery Basin,Cauvery Lower,17386.448641799998,27,30,27-30 h,0.23863636363636365,0.7989375331434209,0.19065554768195273,0.0,NO ALERT,NO ALERT,20261005,00
subbasin,CAM,Cauvery Middle,Cauvery Basin,Cauvery Middle,57280.980105099996,27,30,27-30 h,1.5075,0.3,0.45225,0.0,NO ALERT,NO ALERT,20261005,00
subbasin,CAU,Cauvery Upper,Cauvery Basin,Cauvery Upper,10958.799342,27,30,27-30 h,1.2421875,0.3,0.37265624999999997,0.0,NO ALERT,NO ALERT,20261005,00
subbasin,CHA,Chautang and others,Indus (Up to border) Basin,Chautang and others,27704.2449767,27,30,27-30 h,0.0,1.0,0.0,0.0,NO ALERT,NO ALERT,20261005,00
subbasin,CHE,Chenab,Indus (Up to border) Basin,Chenab,29981.3828085,27,30,27-30 h,0.024739583333333332,3.0,0.07421875,0.0,NO ALERT,NO ALERT,20261005,00
subbasin,CHL,Chambal Lower,Ganga Basin,Chambal Lower,10941.2620969,27,30,27-30 h,0.0,1.0,0.0,0.0,NO ALERT,NO ALERT,20261005,00
subbasin,CHR,Churu,Indus (Up to border) Basin,Churu,66832.7547281,27,30,27-30 h,0.0,1.0,0.0,0.0,NO ALERT,NO ALERT,20261005,00
subbasin,CHU,Chambal Upper,Ganga Basin,Chambal Upper,25546.5699826,27,30,27-30 h,0.0,1.0,0.0,0.0,NO ALERT,NO ALERT,20261005,00
subbasin,DAL,Drainage Area of Lakshadweep Islands,Drainage Area of Lakshadweep Islands Basin,Drainage Area of Lakshadweep Islands,669.812447676,27,30,27-30 h,0.0,1.0,0.0,0.0,NO ALERT,NO ALERT,20261005,00
subbasin,DAM,Damodar,Ganga Basin,Damodar,41965.4937886,27,30,27-30 h,0.03177966101694915,3.0,0.09533898305084745,0.0,NO ALERT,NO ALERT,20261005,00
subbasin,DAN,Drainage Area of Andaman and Nicobar Islands,Drainage Area of Andaman and Nicobar Islands Basin,Drainage Area of Andaman and Nicobar Islands,7577.85235893,27,30,27-30 h,0.6590909090909091,0.3,0.19772727272727272,0.0,NO ALERT,NO ALERT,20261005,00
subbasin,GAN,Gandak and others,Ganga Basin,Gandak and others,56260.4279485,27,30,27-30 h,0.042877906976744186,3.0,0.12863372093023256,0.0,NO ALERT,NO ALERT,20261005,00
subbasin,GDL,Godavari Lower,Godavari Basin,Godavari Lower,44492.9272893,27,30,27-30 h,0.08811475409836066,3.0,0.26434426229508196,0.0,NO ALERT,NO ALERT,20261005,00
subbasin,GDM,Godavari Middle,Godavari Basin,Godavari Middle,36290.474892599996,27,30,27-30 h,0.0,1.0,0.0,0.0,NO ALERT,NO ALERT,20261005,00
subbasin,GDU,Godavari Upper,Godavari Basin,Godavari Upper,21443.233252,27,30,27-30 h,0.0,1.0,0.0,0.0,NO ALERT,NO ALERT,20261005,00
subbasin,GHA,Ghaghara,Ganga Basin,Ghaghara,58634.1755549,27,30,27-30 h,1.0451388888888888,1.6536675276181974,1.7283122424065187,0.0,NO ALERT,NO ALERT,20261005,00
subbasin,GHG,Ghaghara Confluence to Gomti confluence,Ganga Basin,Ghaghara Confluence to Gomti confluence,26254.0625402,27,30,27-30 h,0.0,1.0,0.0,0.0,NO ALERT,NO ALERT,20261005,00
subbasin,GHO,Ghaghar and others,Indus (Up to border) Basin,Ghaghar and others,49978.9330453,27,30,27-30 h,0.0,1.0,0.0,0.0,NO ALERT,NO ALERT,20261005,00
subbasin,GIL,Gilgit,Indus (Up to border) Basin,Gilgit,27088.6965445,27,30,27-30 h,0.5970394736842105,1.4341220584848333,0.8562274789967015,0.0,NO ALERT,NO ALERT,20261005,00
subbasin,GOM,Gomti,Ganga Basin,Gomti,29865.2109004,27,30,27-30 h,0.04583333333333333,1.0,0.04583333333333333,0.0,NO ALERT,NO ALERT,20261005,00
subbasin,GTK,East flowing rivers between Godavari and krishna,East flowing rivers between Godavari and Krishna Basin,East flowing rivers between Godavari and krishna,10342.2894048,27,30,27-30 h,0.1875,1.6742437243723507,0.3139206983198157,0.0,NO ALERT,NO ALERT,20261005,00
subbasin,IMP,Imphal and others,Minor rivers draining into Myanmar Basin,Imphal and others,16754.8996877,27,30,27-30 h,1.1770833333333333,1.5529862153812508,1.8279941910216806,0.0,NO ALERT,NO ALERT,20261005,00
subbasin,IND,Indravati,Godavari Basin,Indravati,38306.103516099996,27,30,27-30 h,0.0,1.0,0.0,0.0,NO ALERT,NO ALERT,20261005,00
subbasin,JHE,Jhelum,Indus (Up to border) Basin,Jhelum,29200.5186975,27,30,27-30 h,0.0425531914893617,3.0,0.1276595744680851,0.0,NO ALERT,NO ALERT,20261005,00
subbasin,KAS,Kali Sindh and others up to Confluence with Parbati,Ganga Basin,Kali Sindh and others up to Confluence with Parbati,48492.609462,27,30,27-30 h,0.0,1.0,0.0,0.0,NO ALERT,NO ALERT,20261005,00
subbasin,KOS,Kosi,Ganga Basin,Kosi,18413.5817315,27,30,27-30 h,1.224537037037037,3.0,3.6736111111111107,0.0,NO ALERT,NO ALERT,20261005,00
subbasin,KPO,Karnaphuli and Others,Minor rivers draining into Bangladesh Basin,Karnaphuli and Others,3776.83637815,27,30,27-30 h,0.0,3.0,0.0,0.0,NO ALERT,NO ALERT,20261005,00
subbasin,KRL,Krishna Lower,Krishna Basin,Krishna Lower,39494.3345917,27,30,27-30 h,0.07075471698113207,3.0,0.21226415094339623,0.0,NO ALERT,NO ALERT,20261005,00
subbasin,KRM,Krishna Middle,Krishna Basin,Krishna Middle,22229.122290299998,27,30,27-30 h,0.0,3.0,0.0,0.0,NO ALERT,NO ALERT,20261005,00
subbasin,KRU,Krishna Upper,Krishna Basin,Krishna Upper,54504.7707132,27,30,27-30 h,0.03125,3.0,0.09375,0.0,NO ALERT,NO ALERT,20261005,00
subbasin,KTP,East flowing rivers between krishna and Pennar,East flowing rivers between Krishna and Pennar Basin,East flowing rivers between krishna and Pennar,23334.6280124,27,30,27-30 h,0.03125,1.1319794021185743,0.035374356316205446,0.0,NO ALERT,NO ALERT,20261005,00
subbasin,KYN,Kynchiang and other south flowing rivers,Barak and others Basin,Kynchiang and other south flowing rivers,10267.390013600001,27,30,27-30 h,0.23333333333333334,3.0,0.7,0.0,NO ALERT,NO ALERT,20261005,00
subbasin,LIN,Lower Indus,Indus (Up to border) Basin,Lower Indus,23894.095446299998,27,30,27-30 h,0.1171875,2.2084975976104473,0.2588083122199743,0.0,NO ALERT,NO ALERT,20261005,00
subbasin,LUL,Luni Lower,West flowing rivers of Kutch and Saurashtra including Luni Basin,Luni Lower,29180.1166377,27,30,27-30 h,0.0,1.0,0.0,0.0,NO ALERT,NO ALERT,20261005,00
subbasin,LUU,Luni Upper,West flowing rivers of Kutch and Saurashtra including Luni Basin,Luni Upper,70202.5788834,27,30,27-30 h,0.0,1.0,0.0,0.0,NO ALERT,NO ALERT,20261005,00
subbasin,MAJ,Manjra,Godavari Basin,Manjra,29472.8781663,27,30,27-30 h,0.0,1.0,0.0,0.0,NO ALERT,NO ALERT,20261005,00
subbasin,MAL,Mahanadi Lower,Mahanadi Basin,Mahanadi Lower,57958.8771578,27,30,27-30 h,0.01488095238095238,3.0,0.04464285714285714,0.0,NO ALERT,NO ALERT,20261005,00
subbasin,MAM,Mahanadi Middle,Mahanadi Basin,Mahanadi Middle,51895.912271199995,27,30,27-30 h,0.0025,3.0,0.0075,0.0,NO ALERT,NO ALERT,20261005,00
subbasin,MAN,Mangpui Lui and others,Minor rivers draining into Myanmar Basin,Mangpui Lui and others,7976.1826088,27,30,27-30 h,0.08854166666666667,2.60114602242229,0.2303098040686403,0.0,NO ALERT,NO ALERT,20261005,00
subbasin,MAU,Mahanadi Upper,Mahanadi Basin,Mahanadi Upper,29796.635875400003,27,30,27-30 h,0.0,3.0,0.0,0.0,NO ALERT,NO ALERT,20261005,00
subbasin,MHO,Muhury and Others,Minor rivers draining into Bangladesh Basin,Muhury and Others,1676.3936024500001,27,30,27-30 h,0.78125,3.0,2.34375,0.0,NO ALERT,NO ALERT,20261005,00
subbasin,MHU,Mahi Upper,Mahi Basin,Mahi Upper,24959.804656099997,27,30,27-30 h,0.0,1.0,0.0,0.0,NO ALERT,NO ALERT,20261005,00
subbasin,NAG,Nagvati and other,East flowing rivers between Mahanadi and Godavari Basin,Nagvati and other,24372.2391257,27,30,27-30 h,0.02364864864864865,2.2457786192721487,0.05310962950981433,0.0,NO ALERT,NO ALERT,20261005,00
subbasin,NAM,Narmada Middle,Narmada Basin,Narmada Middle,40575.718659599996,27,30,27-30 h,0.0,1.0,0.0,0.0,NO ALERT,NO ALERT,20261005,00
subbasin,NAO,Naoch chara and others,Barak and others Basin,Naoch chara and others,7695.8122394600005,27,30,27-30 h,0.7403846153846154,2.150084480464447,1.5918894711131002,0.0,NO ALERT,NO ALERT,20261005,00
subbasin,NAU,Narmada Upper,Narmada Basin,Narmada Upper,43192.6765088,27,30,27-30 h,0.0,1.0,0.0,0.0,NO ALERT,NO ALERT,20261005,00
subbasin,NET,Netravati and others,West flowing rivers South of Tapi Basin,Netravati and others,18762.0879077,27,30,27-30 h,0.315,1.8755350582862367,0.5907935433601645,0.0,NO ALERT,NO ALERT,20261005,00
subbasin,PAL,Palar and other,East flowing rivers between Pennar and Cauvery Basin,Palar and other,35392.3393366,27,30,27-30 h,0.4609375,0.3266358224797221,0.1505586994242469,0.0,NO ALERT,NO ALERT,20261005,00
subbasin,PAM,Pamba and others,East flowing rivers South of Cauvery Basin,Pamba and others,18289.4135022,27,30,27-30 h,0.6770833333333334,0.654600010391094,0.44321875703563657,0.0,NO ALERT,NO ALERT,20261005,00
subbasin,PAR,Periyar and others,West flowing rivers South of Tapi Basin,Periyar and others,21895.2090182,27,30,27-30 h,1.2521551724137931,0.5777269689606324,0.7234038124269987,0.0,NO ALERT,NO ALERT,20261005,00
subbasin,PEL,Pennar Lower,Pennar Basin,Pennar Lower,17979.8549043,27,30,27-30 h,0.20572916666666666,0.39404642939654655,0.08106684354772702,0.0,NO ALERT,NO ALERT,20261005,00
subbasin,PEU,Pennar Upper,Pennar Basin,Pennar Upper,36263.575012400004,27,30,27-30 h,0.04081632653061224,0.4641873234336626,0.01894642136463929,0.0,NO ALERT,NO ALERT,20261005,00
subbasin,PON,Ponnaiyar and other,East flowing rivers between Pennar and Cauvery Basin,Ponnaiyar and other,28249.4865729,27,30,27-30 h,0.7364864864864865,0.4261967397185967,0.31388813938734483,0.0,NO ALERT,NO ALERT,20261005,00
subbasin,PRA,Pranhita and others,Godavari Basin,Pranhita and others,36119.600279599996,27,30,27-30 h,0.0,1.0,0.0,0.0,NO ALERT,NO ALERT,20261005,00
subbasin,RAM,Ramganga,Ganga Basin,Ramganga,30839.689987,27,30,27-30 h,0.5299479166666666,3.0,1.58984375,0.0,NO ALERT,NO ALERT,20261005,00
subbasin,RAN,Drainage of Rann,West flowing rivers of Kutch and Saurashtra including Luni Basin,Drainage of Rann,21229.9018898,27,30,27-30 h,0.0,1.0,0.0,0.0,NO ALERT,NO ALERT,20261005,00
subbasin,RAV,Ravi,Indus (Up to border) Basin,Ravi,13710.196473299999,27,30,27-30 h,0.0,3.0,0.0,0.0,NO ALERT,NO ALERT,20261005,00
subbasin,SAL,Sabarmati Lower,Sabarmati Basin,Sabarmati Lower,10865.3209002,27,30,27-30 h,0.0,1.0,0.0,0.0,NO ALERT,NO ALERT,20261005,00
subbasin,SAR,Saraswati,West flowing rivers of Kutch and Saurashtra including Luni Basin,Saraswati,27260.8387238,27,30,27-30 h,0.0,1.0,0.0,0.0,NO ALERT,NO ALERT,20261005,00
subbasin,SAU,Sabarmati Upper,Sabarmati Basin,Sabarmati Upper,19813.2727963,27,30,27-30 h,0.0,1.0,0.0,0.0,NO ALERT,NO ALERT,20261005,00
subbasin,SHE,Shetranjuli and other east flowing rivers,West flowing rivers of Kutch and Saurashtra including Luni Basin,Shetranjuli and other east flowing rivers,18221.670857200003,27,30,27-30 h,0.0,1.0,0.0,0.0,NO ALERT,NO ALERT,20261005,00
subbasin,SHK,Shaksgam,Area of North Ladakha not draining into Indus Basin,Shaksgam,6523.49752196,27,30,27-30 h,0.05113636363636364,1.0,0.05113636363636364,0.0,NO ALERT,NO ALERT,20261005,00
subbasin,SHY,Shyok,Indus (Up to border) Basin,Shyok,38545.0481,27,30,27-30 h,0.0,1.0,0.0,0.0,NO ALERT,NO ALERT,20261005,00
subbasin,SON,Sone,Ganga Basin,Sone,65110.052420800006,27,30,27-30 h,0.04059278350515464,3.0,0.12177835051546393,0.0,NO ALERT,NO ALERT,20261005,00
subbasin,SUB,Subernarekha,Subernarekha Basin,Subernarekha,25792.1620902,27,30,27-30 h,0.07432432432432433,3.0,0.22297297297297297,0.0,NO ALERT,NO ALERT,20261005,00
subbasin,SUL,Sutlaj Lower,Indus (Up to border) Basin,Sutlaj Lower,38442.7890103,27,30,27-30 h,0.0,1.0,0.0,0.0,NO ALERT,NO ALERT,20261005,00
subbasin,SUM,Sulmar,Area of North Ladakha not draining into Indus Basin,Sulmar,22715.7309665,27,30,27-30 h,0.0,1.0,0.0,0.0,NO ALERT,NO ALERT,20261005,00
subbasin,SUU,Sutlaj Upper,Indus (Up to border) Basin,Sutlaj Upper,21439.429926099998,27,30,27-30 h,0.0,3.0,0.0,0.0,NO ALERT,NO ALERT,20261005,00
subbasin,TAM,Tapi Middle,Tapi Basin,Tapi Middle,31766.674366299998,27,30,27-30 h,0.0,1.0,0.0,0.0,NO ALERT,NO ALERT,20261005,00
subbasin,TAU,Tapi Upper,Tapi Basin,Tapi Upper,28047.339302099997,27,30,27-30 h,0.0,1.0,0.0,0.0,NO ALERT,NO ALERT,20261005,00
subbasin,TON,Tons,Ganga Basin,Tons,16905.7373669,27,30,27-30 h,0.0,1.0,0.0,0.0,NO ALERT,NO ALERT,20261005,00
subbasin,TUL,Tungabhadra Lower,Krishna Basin,Tungabhadra Lower,41556.484720199995,27,30,27-30 h,0.0375,0.7217595285394708,0.027065982320230154,0.0,NO ALERT,NO ALERT,20261005,00
subbasin,TUU,Tungabhadra Upper,Krishna Basin,Tungabhadra Upper,28519.4094375,27,30,27-30 h,0.10737179487179487,0.4850535815326983,0.052081073658158304,0.0,NO ALERT,NO ALERT,20261005,00
subbasin,UGO,Upstream of Gomti confluece to Muzaffarnagar,Ganga Basin,Upstream of Gomti confluece to Muzaffarnagar,29061.3749822,27,30,27-30 h,0.0,1.0,0.0,0.0,NO ALERT,NO ALERT,20261005,00
subbasin,UIN,Upper Indus,Indus (Up to border) Basin,Upper Indus,46450.1263776,27,30,27-30 h,0.0008802816901408451,1.0,0.0008802816901408451,0.0,NO ALERT,NO ALERT,20261005,00
subbasin,VAI,Vaippar and others,East flowing rivers South of Cauvery Basin,Vaippar and others,20356.688641599998,27,30,27-30 h,0.25,0.4794268748348529,0.11985671870871323,0.0,NO ALERT,NO ALERT,20261005,00
subbasin,VAM,Vamsadhara and other,East flowing rivers between Mahanadi and Godavari Basin,Vamsadhara and other,21870.633760099998,27,30,27-30 h,0.018145161290322582,1.0,0.018145161290322582,0.0,NO ALERT,NO ALERT,20261005,00
subbasin,VAR,Varrar and others,West flowing rivers South of Tapi Basin,Varrar and others,14164.6969417,27,30,27-30 h,0.3055555555555556,0.6925699831943927,0.21161860597606444,0.0,NO ALERT,NO ALERT,20261005,00
subbasin,VAS,Vasishti and others,West flowing rivers South of Tapi Basin,Vasishti and others,27473.950096599998,27,30,27-30 h,0.30098684210526316,3.0,0.9029605263157895,0.0,NO ALERT,NO ALERT,20261005,00
subbasin,WAR,Wardha,Godavari Basin,Wardha,46242.0943756,27,30,27-30 h,0.0,1.0,0.0,0.0,NO ALERT,NO ALERT,20261005,00
subbasin,WEI,Weinganga,Godavari Basin,Weinganga,49695.4011135,27,30,27-30 h,0.0,3.0,0.0,0.0,NO ALERT,NO ALERT,20261005,00
subbasin,YAL,Yamuna Lower,Ganga Basin,Yamuna Lower,124867.188956,27,30,27-30 h,0.0,1.0,0.0,0.0,NO ALERT,NO ALERT,20261005,00
subbasin,YAM,Yamuna Middle,Ganga Basin,Yamuna Middle,34586.3897844,27,30,27-30 h,0.0,1.0,0.0,0.0,NO ALERT,NO ALERT,20261005,00
subbasin,YAU,Yamuna Upper,Ganga Basin,Yamuna Upper,35798.1884585,27,30,27-30 h,0.0,3.0,0.0,0.0,NO ALERT,NO ALERT,20261005,00
subbasin,MHL,Mahi Lower,Mahi Basin,Mahi Lower,13092.144778,27,30,27-30 h,0.0,1.0,0.0,0.0,NO ALERT,NO ALERT,20261005,00
subbasin,NAL,Narmada Lower,Narmada Basin,Narmada Lower,9725.401358770001,27,30,27-30 h,0.0,1.0,0.0,0.0,NO ALERT,NO ALERT,20261005,00
subbasin,TAL,Tapi Lower,Tapi Basin,Tapi Lower,3618.19482315,27,30,27-30 h,0.0,1.0,0.0,0.0,NO ALERT,NO ALERT,20261005,00
subbasin,ARA,Above Ramganga Confluence,Ganga Basin,Above Ramganga Confluence,39104.6123558,30,33,30-33 h,0.5495689655172413,3.0,1.648706896551724,0.0,NO ALERT,NO ALERT,20261005,00
subbasin,BAI,Baitarni,Brahmani and Baitarni Basin,Baitarni,14351.232989600001,30,33,30-33 h,0.22916666666666666,1.0,0.22916666666666666,0.0,NO ALERT,NO ALERT,20261005,00
subbasin,BAM,Barmer,Indus (Up to border) Basin,Barmer,21658.9369285,30,33,30-33 h,0.0,1.0,0.0,0.0,NO ALERT,NO ALERT,20261005,00
subbasin,BAN,Banas,Ganga Basin,Banas,51651.5088239,30,33,30-33 h,0.0,1.0,0.0,0.0,NO ALERT,NO ALERT,20261005,00
subbasin,BAR,Barak,Barak and others Basin,Barak,27658.980335700002,30,33,30-33 h,0.19345238095238096,2.361846817831245,0.4569048903542587,0.0,NO ALERT,NO ALERT,20261005,00
subbasin,BEA,Beas,Indus (Up to border) Basin,Beas,19002.474906599997,30,33,30-33 h,0.07661290322580645,3.0,0.22983870967741937,0.0,NO ALERT,NO ALERT,20261005,00
subbasin,BHA,Bhadar and other west flowing rivers,West flowing rivers of Kutch and Saurashtra including Luni Basin,Bhadar and other west flowing rivers,18489.7027305,30,33,30-33 h,0.0,1.0,0.0,0.0,NO ALERT,NO ALERT,20261005,00
subbasin,BHG,Bhagirathi and others (Ganga Lower),Ganga Basin,Bhagirathi and others (Ganga Lower),64038.9710863,30,33,30-33 h,0.072265625,3.0,0.216796875,0.0,NO ALERT,NO ALERT,20261005,00
subbasin,BHL,Bhima Lower,Krishna Basin,Bhima Lower,23652.6979435,30,33,30-33 h,0.0,1.0,0.0,0.0,NO ALERT,NO ALERT,20261005,00
subbasin,BHT,Bhatsol and others,West flowing rivers South of Tapi Basin,Bhatsol and others,29332.606177,30,33,30-33 h,0.0,1.0,0.0,0.0,NO ALERT,NO ALERT,20261005,00
subbasin,BHU,Bhima Upper,Krishna Basin,Bhima Upper,44793.3226794,30,33,30-33 h,0.0,1.0,0.0,0.0,NO ALERT,NO ALERT,20261005,00
subbasin,BRA,Brahmani,Brahmani and Baitarni Basin,Brahmani,37545.8337422,30,33,30-33 h,0.05172413793103448,3.0,0.15517241379310345,0.0,NO ALERT,NO ALERT,20261005,00
subbasin,BRL,Brahmaputra Lower,Brahmaputra Basin,Brahmaputra Lower,87392.2235093,30,33,30-33 h,0.412593984962406,1.2621195839226036,0.5207429486297208,0.0,NO ALERT,NO ALERT,20261005,00
subbasin,BRU,Brahmaputra Upper,Brahmaputra Basin,Brahmaputra Upper,98972.86923639999,30,33,30-33 h,0.16142384105960264,0.8282563852423646,0.13370032708796448,0.0,NO ALERT,NO ALERT,20261005,00
subbasin,CAL,Cauvery Lower,Cauvery Basin,Cauvery Lower,17386.448641799998,30,33,30-33 h,0.2585227272727273,0.7989375331434209,0.20654350998878213,0.0,NO ALERT,NO ALERT,20261005,00
subbasin,CAM,Cauvery Middle,Cauvery Basin,Cauvery Middle,57280.980105099996,30,33,30-33 h,1.5491666666666666,0.3,0.46474999999999994,0.0,NO ALERT,NO ALERT,20261005,00
subbasin,CAU,Cauvery Upper,Cauvery Basin,Cauvery Upper,10958.799342,30,33,30-33 h,3.9765625,0.3,1.19296875,0.0,NO ALERT,NO ALERT,20261005,00
subbasin,CHA,Chautang and others,Indus (Up to border) Basin,Chautang and others,27704.2449767,30,33,30-33 h,0.0,1.0,0.0,0.0,NO ALERT,NO ALERT,20261005,00
subbasin,CHE,Chenab,Indus (Up to border) Basin,Chenab,29981.3828085,30,33,30-33 h,0.2903645833333333,3.0,0.87109375,0.0,NO ALERT,NO ALERT,20261005,00
subbasin,CHL,Chambal Lower,Ganga Basin,Chambal Lower,10941.2620969,30,33,30-33 h,0.0,1.0,0.0,0.0,NO ALERT,NO ALERT,20261005,00
subbasin,CHR,Churu,Indus (Up to border) Basin,Churu,66832.7547281,30,33,30-33 h,0.0,1.0,0.0,0.0,NO ALERT,NO ALERT,20261005,00
subbasin,CHU,Chambal Upper,Ganga Basin,Chambal Upper,25546.5699826,30,33,30-33 h,0.0,1.0,0.0,0.0,NO ALERT,NO ALERT,20261005,00
subbasin,DAL,Drainage Area of Lakshadweep Islands,Drainage Area of Lakshadweep Islands Basin,Drainage Area of Lakshadweep Islands,669.812447676,30,33,30-33 h,0.0,1.0,0.0,0.0,NO ALERT,NO ALERT,20261005,00
subbasin,DAM,Damodar,Ganga Basin,Damodar,41965.4937886,30,33,30-33 h,0.006355932203389831,3.0,0.019067796610169493,0.0,NO ALERT,NO ALERT,20261005,00
subbasin,DAN,Drainage Area of Andaman and Nicobar Islands,Drainage Area of Andaman and Nicobar Islands Basin,Drainage Area of Andaman and Nicobar Islands,7577.85235893,30,33,30-33 h,0.8465909090909091,0.3,0.2539772727272727,0.0,NO ALERT,NO ALERT,20261005,00
subbasin,GAN,Gandak and others,Ganga Basin,Gandak and others,56260.4279485,30,33,30-33 h,0.13372093023255813,3.0,0.40116279069767435,0.0,NO ALERT,NO ALERT,20261005,00
subbasin,GDL,Godavari Lower,Godavari Basin,Godavari Lower,44492.9272893,30,33,30-33 h,0.02459016393442623,3.0,0.07377049180327869,0.0,NO ALERT,NO ALERT,20261005,00
subbasin,GDM,Godavari Middle,Godavari Basin,Godavari Middle,36290.474892599996,30,33,30-33 h,0.0,1.0,0.0,0.0,NO ALERT,NO ALERT,20261005,00
subbasin,GDU,Godavari Upper,Godavari Basin,Godavari Upper,21443.233252,30,33,30-33 h,0.0,1.0,0.0,0.0,NO ALERT,NO ALERT,20261005,00
subbasin,GHA,Ghaghara,Ganga Basin,Ghaghara,58634.1755549,30,33,30-33 h,0.5708333333333333,1.6536675276181974,0.9439685470153876,0.0,NO ALERT,NO ALERT,20261005,00
subbasin,GHG,Ghaghara Confluence to Gomti confluence,Ganga Basin,Ghaghara Confluence to Gomti confluence,26254.0625402,30,33,30-33 h,0.010416666666666666,1.0,0.010416666666666666,0.0,NO ALERT,NO ALERT,20261005,00
subbasin,GHO,Ghaghar and others,Indus (Up to border) Basin,Ghaghar and others,49978.9330453,30,33,30-33 h,0.0,1.0,0.0,0.0,NO ALERT,NO ALERT,20261005,00
subbasin,GIL,Gilgit,Indus (Up to border) Basin,Gilgit,27088.6965445,30,33,30-33 h,0.14473684210526316,1.4341220584848333,0.2075702979385943,0.0,NO ALERT,NO ALERT,20261005,00
subbasin,GOM,Gomti,Ganga Basin,Gomti,29865.2109004,30,33,30-33 h,0.029166666666666667,1.0,0.029166666666666667,0.0,NO ALERT,NO ALERT,20261005,00
subbasin,GTK,East flowing rivers between Godavari and krishna,East flowing rivers between Godavari and Krishna Basin,East flowing rivers between Godavari and krishna,10342.2894048,30,33,30-33 h,0.0,1.6742437243723507,0.0,0.0,NO ALERT,NO ALERT,20261005,00
subbasin,IMP,Imphal and others,Minor rivers draining into Myanmar Basin,Imphal and others,16754.8996877,30,33,30-33 h,0.34375,1.5529862153812508,0.533839011537305,0.0,NO ALERT,NO ALERT,20261005,00
subbasin,IND,Indravati,Godavari Basin,Indravati,38306.103516099996,30,33,30-33 h,0.008101851851851851,1.0,0.008101851851851851,0.0,NO ALERT,NO ALERT,20261005,00
subbasin,JHE,Jhelum,Indus (Up to border) Basin,Jhelum,29200.5186975,30,33,30-33 h,0.19148936170212766,3.0,0.574468085106383,0.0,NO ALERT,NO ALERT,20261005,00
subbasin,KAS,Kali Sindh and others up to Confluence with Parbati,Ganga Basin,Kali Sindh and others up to Confluence with Parbati,48492.609462,30,33,30-33 h,0.0,1.0,0.0,0.0,NO ALERT,NO ALERT,20261005,00
subbasin,KOS,Kosi,Ganga Basin,Kosi,18413.5817315,30,33,30-33 h,0.44907407407407407,3.0,1.3472222222222223,0.0,NO ALERT,NO ALERT,20261005,00
subbasin,KPO,Karnaphuli and Others,Minor rivers draining into Bangladesh Basin,Karnaphuli and Others,3776.83637815,30,33,30-33 h,0.0,3.0,0.0,0.0,NO ALERT,NO ALERT,20261005,00
subbasin,KRL,Krishna Lower,Krishna Basin,Krishna Lower,39494.3345917,30,33,30-33 h,0.0,3.0,0.0,0.0,NO ALERT,NO ALERT,20261005,00
subbasin,KRM,Krishna Middle,Krishna Basin,Krishna Middle,22229.122290299998,30,33,30-33 h,0.0,3.0,0.0,0.0,NO ALERT,NO ALERT,20261005,00
subbasin,KRU,Krishna Upper,Krishna Basin,Krishna Upper,54504.7707132,30,33,30-33 h,0.003289473684210526,3.0,0.009868421052631578,0.0,NO ALERT,NO ALERT,20261005,00
subbasin,KTP,East flowing rivers between krishna and Pennar,East flowing rivers between Krishna and Pennar Basin,East flowing rivers between krishna and Pennar,23334.6280124,30,33,30-33 h,0.0,1.1319794021185743,0.0,0.0,NO ALERT,NO ALERT,20261005,00
subbasin,KYN,Kynchiang and other south flowing rivers,Barak and others Basin,Kynchiang and other south flowing rivers,10267.390013600001,30,33,30-33 h,0.4583333333333333,3.0,1.375,0.0,NO ALERT,NO ALERT,20261005,00
subbasin,LIN,Lower Indus,Indus (Up to border) Basin,Lower Indus,23894.095446299998,30,33,30-33 h,0.171875,2.2084975976104473,0.3795855245892956,0.0,NO ALERT,NO ALERT,20261005,00
subbasin,LUL,Luni Lower,West flowing rivers of Kutch and Saurashtra including Luni Basin,Luni Lower,29180.1166377,30,33,30-33 h,0.0,1.0,0.0,0.0,NO ALERT,NO ALERT,20261005,00
subbasin,LUU,Luni Upper,West flowing rivers of Kutch and Saurashtra including Luni Basin,Luni Upper,70202.5788834,30,33,30-33 h,0.0,1.0,0.0,0.0,NO ALERT,NO ALERT,20261005,00
subbasin,MAJ,Manjra,Godavari Basin,Manjra,29472.8781663,30,33,30-33 h,0.0,1.0,0.0,0.0,NO ALERT,NO ALERT,20261005,00
subbasin,MAL,Mahanadi Lower,Mahanadi Basin,Mahanadi Lower,57958.8771578,30,33,30-33 h,0.002232142857142857,3.0,0.006696428571428571,0.0,NO ALERT,NO ALERT,20261005,00
subbasin,MAM,Mahanadi Middle,Mahanadi Basin,Mahanadi Middle,51895.912271199995,30,33,30-33 h,0.0025,3.0,0.0075,0.0,NO ALERT,NO ALERT,20261005,00
subbasin,MAN,Mangpui Lui and others,Minor rivers draining into Myanmar Basin,Mangpui Lui and others,7976.1826088,30,33,30-33 h,0.078125,2.60114602242229,0.20321453300174142,0.0,NO ALERT,NO ALERT,20261005,00
subbasin,MAU,Mahanadi Upper,Mahanadi Basin,Mahanadi Upper,29796.635875400003,30,33,30-33 h,0.0,3.0,0.0,0.0,NO ALERT,NO ALERT,20261005,00
subbasin,MHO,Muhury and Others,Minor rivers draining into Bangladesh Basin,Muhury and Others,1676.3936024500001,30,33,30-33 h,0.0,3.0,0.0,0.0,NO ALERT,NO ALERT,20261005,00
subbasin,MHU,Mahi Upper,Mahi Basin,Mahi Upper,24959.804656099997,30,33,30-33 h,0.0,1.0,0.0,0.0,NO ALERT,NO ALERT,20261005,00
subbasin,NAG,Nagvati and other,East flowing rivers between Mahanadi and Godavari Basin,Nagvati and other,24372.2391257,30,33,30-33 h,0.0016891891891891893,2.2457786192721487,0.003793544964986738,0.0,NO ALERT,NO ALERT,20261005,00
subbasin,NAM,Narmada Middle,Narmada Basin,Narmada Middle,40575.718659599996,30,33,30-33 h,0.0,1.0,0.0,0.0,NO ALERT,NO ALERT,20261005,00
subbasin,NAO,Naoch chara and others,Barak and others Basin,Naoch chara and others,7695.8122394600005,30,33,30-33 h,0.0,2.150084480464447,0.0,0.0,NO ALERT,NO ALERT,20261005,00
subbasin,NAU,Narmada Upper,Narmada Basin,Narmada Upper,43192.6765088,30,33,30-33 h,0.0,1.0,0.0,0.0,NO ALERT,NO ALERT,20261005,00
subbasin,NET,Netravati and others,West flowing rivers South of Tapi Basin,Netravati and others,18762.0879077,30,33,30-33 h,1.5675,1.8755350582862367,2.9399012038636756,0.0,NO ALERT,NO ALERT,20261005,00
subbasin,PAL,Palar and other,East flowing rivers between Pennar and Cauvery Basin,Palar and other,35392.3393366,30,33,30-33 h,0.5299479166666666,0.3266358224797221,0.17309997363183188,0.0,NO ALERT,NO ALERT,20261005,00
subbasin,PAM,Pamba and others,East flowing rivers South of Cauvery Basin,Pamba and others,18289.4135022,30,33,30-33 h,0.0026041666666666665,0.654600010391094,0.0017046875270601404,0.0,NO ALERT,NO ALERT,20261005,00
subbasin,PAR,Periyar and others,West flowing rivers South of Tapi Basin,Periyar and others,21895.2090182,30,33,30-33 h,2.0129310344827585,0.5777269689606324,1.1629245452785142,0.0,NO ALERT,NO ALERT,20261005,00
subbasin,PEL,Pennar Lower,Pennar Basin,Pennar Lower,17979.8549043,30,33,30-33 h,0.036458333333333336,0.39404642939654655,0.014366276071749094,0.0,NO ALERT,NO ALERT,20261005,00
subbasin,PEU,Pennar Upper,Pennar Basin,Pennar Upper,36263.575012400004,30,33,30-33 h,0.03826530612244898,0.4641873234336626,0.017762270029349336,0.0,NO ALERT,NO ALERT,20261005,00
subbasin,PON,Ponnaiyar and other,East flowing rivers between Pennar and Cauvery Basin,Ponnaiyar and other,28249.4865729,30,33,30-33 h,0.8902027027027027,0.4261967397185967,0.37940148958057507,0.0,NO ALERT,NO ALERT,20261005,00
subbasin,PRA,Pranhita and others,Godavari Basin,Pranhita and others,36119.600279599996,30,33,30-33 h,0.0,1.0,0.0,0.0,NO ALERT,NO ALERT,20261005,00
subbasin,RAM,Ramganga,Ganga Basin,Ramganga,30839.689987,30,33,30-33 h,0.4895833333333333,3.0,1.46875,0.0,NO ALERT,NO ALERT,20261005,00
subbasin,RAN,Drainage of Rann,West flowing rivers of Kutch and Saurashtra including Luni Basin,Drainage of Rann,21229.9018898,30,33,30-33 h,0.0,1.0,0.0,0.0,NO ALERT,NO ALERT,20261005,00
subbasin,RAV,Ravi,Indus (Up to border) Basin,Ravi,13710.196473299999,30,33,30-33 h,0.20535714285714285,3.0,0.6160714285714286,0.0,NO ALERT,NO ALERT,20261005,00
subbasin,SAL,Sabarmati Lower,Sabarmati Basin,Sabarmati Lower,10865.3209002,30,33,30-33 h,0.0,1.0,0.0,0.0,NO ALERT,NO ALERT,20261005,00
subbasin,SAR,Saraswati,West flowing rivers of Kutch and Saurashtra including Luni Basin,Saraswati,27260.8387238,30,33,30-33 h,0.0,1.0,0.0,0.0,NO ALERT,NO ALERT,20261005,00
subbasin,SAU,Sabarmati Upper,Sabarmati Basin,Sabarmati Upper,19813.2727963,30,33,30-33 h,0.0,1.0,0.0,0.0,NO ALERT,NO ALERT,20261005,00
subbasin,SHE,Shetranjuli and other east flowing rivers,West flowing rivers of Kutch and Saurashtra including Luni Basin,Shetranjuli and other east flowing rivers,18221.670857200003,30,33,30-33 h,0.0,1.0,0.0,0.0,NO ALERT,NO ALERT,20261005,00
subbasin,SHK,Shaksgam,Area of North Ladakha not draining into Indus Basin,Shaksgam,6523.49752196,30,33,30-33 h,0.03409090909090909,1.0,0.03409090909090909,0.0,NO ALERT,NO ALERT,20261005,00
subbasin,SHY,Shyok,Indus (Up to border) Basin,Shyok,38545.0481,30,33,30-33 h,0.01310483870967742,1.0,0.01310483870967742,0.0,NO ALERT,NO ALERT,20261005,00
subbasin,SON,Sone,Ganga Basin,Sone,65110.052420800006,30,33,30-33 h,0.006443298969072165,3.0,0.019329896907216496,0.0,NO ALERT,NO ALERT,20261005,00
subbasin,SUB,Subernarekha,Subernarekha Basin,Subernarekha,25792.1620902,30,33,30-33 h,0.22466216216216217,3.0,0.6739864864864865,0.0,NO ALERT,NO ALERT,20261005,00
subbasin,SUL,Sutlaj Lower,Indus (Up to border) Basin,Sutlaj Lower,38442.7890103,30,33,30-33 h,0.0,1.0,0.0,0.0,NO ALERT,NO ALERT,20261005,00
subbasin,SUM,Sulmar,Area of North Ladakha not draining into Indus Basin,Sulmar,22715.7309665,30,33,30-33 h,0.0,1.0,0.0,0.0,NO ALERT,NO ALERT,20261005,00
subbasin,SUU,Sutlaj Upper,Indus (Up to border) Basin,Sutlaj Upper,21439.429926099998,30,33,30-33 h,0.0703125,3.0,0.2109375,0.0,NO ALERT,NO ALERT,20261005,00
subbasin,TAM,Tapi Middle,Tapi Basin,Tapi Middle,31766.674366299998,30,33,30-33 h,0.0,1.0,0.0,0.0,NO ALERT,NO ALERT,20261005,00
subbasin,TAU,Tapi Upper,Tapi Basin,Tapi Upper,28047.339302099997,30,33,30-33 h,0.0,1.0,0.0,0.0,NO ALERT,NO ALERT,20261005,00
subbasin,TON,Tons,Ganga Basin,Tons,16905.7373669,30,33,30-33 h,0.0,1.0,0.0,0.0,NO ALERT,NO ALERT,20261005,00
subbasin,TUL,Tungabhadra Lower,Krishna Basin,Tungabhadra Lower,41556.484720199995,30,33,30-33 h,0.15113636363636362,0.7217595285394708,0.10908411056335182,0.0,NO ALERT,NO ALERT,20261005,00
subbasin,TUU,Tungabhadra Upper,Krishna Basin,Tungabhadra Upper,28519.4094375,30,33,30-33 h,0.5144230769230769,0.4850535815326983,0.24952275588460918,0.0,NO ALERT,NO ALERT,20261005,00
subbasin,UGO,Upstream of Gomti confluece to Muzaffarnagar,Ganga Basin,Upstream of Gomti confluece to Muzaffarnagar,29061.3749822,30,33,30-33 h,0.0,1.0,0.0,0.0,NO ALERT,NO ALERT,20261005,00
subbasin,UIN,Upper Indus,Indus (Up to border) Basin,Upper Indus,46450.1263776,30,33,30-33 h,0.009683098591549295,1.0,0.009683098591549295,0.0,NO ALERT,NO ALERT,20261005,00
subbasin,VAI,Vaippar and others,East flowing rivers South of Cauvery Basin,Vaippar and others,20356.688641599998,30,33,30-33 h,0.12962962962962962,0.4794268748348529,0.06214792821933278,0.0,NO ALERT,NO ALERT,20261005,00
subbasin,VAM,Vamsadhara and other,East flowing rivers between Mahanadi and Godavari Basin,Vamsadhara and other,21870.633760099998,30,33,30-33 h,0.04032258064516129,1.0,0.04032258064516129,0.0,NO ALERT,NO ALERT,20261005,00
subbasin,VAR,Varrar and others,West flowing rivers South of Tapi Basin,Varrar and others,14164.6969417,30,33,30-33 h,1.4861111111111112,0.6925699831943927,1.0292359472472226,0.0,NO ALERT,NO ALERT,20261005,00
subbasin,VAS,Vasishti and others,West flowing rivers South of Tapi Basin,Vasishti and others,27473.950096599998,30,33,30-33 h,0.027960526315789474,3.0,0.08388157894736842,0.0,NO ALERT,NO ALERT,20261005,00
subbasin,WAR,Wardha,Godavari Basin,Wardha,46242.0943756,30,33,30-33 h,0.0,1.0,0.0,0.0,NO ALERT,NO ALERT,20261005,00
subbasin,WEI,Weinganga,Godavari Basin,Weinganga,49695.4011135,30,33,30-33 h,0.0,3.0,0.0,0.0,NO ALERT,NO ALERT,20261005,00
subbasin,YAL,Yamuna Lower,Ganga Basin,Yamuna Lower,124867.188956,30,33,30-33 h,0.0,1.0,0.0,0.0,NO ALERT,NO ALERT,20261005,00
subbasin,YAM,Yamuna Middle,Ganga Basin,Yamuna Middle,34586.3897844,30,33,30-33 h,0.0,1.0,0.0,0.0,NO ALERT,NO ALERT,20261005,00
subbasin,YAU,Yamuna Upper,Ganga Basin,Yamuna Upper,35798.1884585,30,33,30-33 h,0.04241071428571429,3.0,0.12723214285714285,0.0,NO ALERT,NO ALERT,20261005,00
subbasin,MHL,Mahi Lower,Mahi Basin,Mahi Lower,13092.144778,30,33,30-33 h,0.0,1.0,0.0,0.0,NO ALERT,NO ALERT,20261005,00
subbasin,NAL,Narmada Lower,Narmada Basin,Narmada Lower,9725.401358770001,30,33,30-33 h,0.0,1.0,0.0,0.0,NO ALERT,NO ALERT,20261005,00
subbasin,TAL,Tapi Lower,Tapi Basin,Tapi Lower,3618.19482315,30,33,30-33 h,0.0,1.0,0.0,0.0,NO ALERT,NO ALERT,20261005,00
subbasin,ARA,Above Ramganga Confluence,Ganga Basin,Above Ramganga Confluence,39104.6123558,33,36,33-36 h,1.0775862068965518,3.0,3.2327586206896557,0.0,NO ALERT,NO ALERT,20261005,00
subbasin,BAI,Baitarni,Brahmani and Baitarni Basin,Baitarni,14351.232989600001,33,36,33-36 h,1.0446428571428572,1.0,1.0446428571428572,0.0,NO ALERT,NO ALERT,20261005,00
subbasin,BAM,Barmer,Indus (Up to border) Basin,Barmer,21658.9369285,33,36,33-36 h,0.0,1.0,0.0,0.0,NO ALERT,NO ALERT,20261005,00
subbasin,BAN,Banas,Ganga Basin,Banas,51651.5088239,33,36,33-36 h,0.0,1.0,0.0,0.0,NO ALERT,NO ALERT,20261005,00
subbasin,BAR,Barak,Barak and others Basin,Barak,27658.980335700002,33,36,33-36 h,0.6607142857142857,2.361846817831245,1.5605059332099296,0.0,NO ALERT,NO ALERT,20261005,00
subbasin,BEA,Beas,Indus (Up to border) Basin,Beas,19002.474906599997,33,36,33-36 h,0.2842741935483871,3.0,0.8528225806451614,0.0,NO ALERT,NO ALERT,20261005,00
subbasin,BHA,Bhadar and other west flowing rivers,West flowing rivers of Kutch and Saurashtra including Luni Basin,Bhadar and other west flowing rivers,18489.7027305,33,36,33-36 h,0.0,1.0,0.0,0.0,NO ALERT,NO ALERT,20261005,00
subbasin,BHG,Bhagirathi and others (Ganga Lower),Ganga Basin,Bhagirathi and others (Ganga Lower),64038.9710863,33,36,33-36 h,0.150390625,3.0,0.451171875,0.0,NO ALERT,NO ALERT,20261005,00
subbasin,BHL,Bhima Lower,Krishna Basin,Bhima Lower,23652.6979435,33,36,33-36 h,0.0,1.0,0.0,0.0,NO ALERT,NO ALERT,20261005,00
subbasin,BHT,Bhatsol and others,West flowing rivers South of Tapi Basin,Bhatsol and others,29332.606177,33,36,33-36 h,0.002976190476190476,1.0,0.002976190476190476,0.0,NO ALERT,NO ALERT,20261005,00
subbasin,BHU,Bhima Upper,Krishna Basin,Bhima Upper,44793.3226794,33,36,33-36 h,0.012295081967213115,1.0,0.012295081967213115,0.0,NO ALERT,NO ALERT,20261005,00
subbasin,BRA,Brahmani,Brahmani and Baitarni Basin,Brahmani,37545.8337422,33,36,33-36 h,0.5668103448275862,3.0,1.7004310344827585,0.0,NO ALERT,NO ALERT,20261005,00
subbasin,BRL,Brahmaputra Lower,Brahmaputra Basin,Brahmaputra Lower,87392.2235093,33,36,33-36 h,0.9149436090225563,1.2621195839226036,1.154768247132194,0.0,NO ALERT,NO ALERT,20261005,00
subbasin,BRU,Brahmaputra Upper,Brahmaputra Basin,Brahmaputra Upper,98972.86923639999,33,36,33-36 h,0.4722682119205298,0.8282563852423646,0.391159162070173,0.0,NO ALERT,NO ALERT,20261005,00
subbasin,CAL,Cauvery Lower,Cauvery Basin,Cauvery Lower,17386.448641799998,33,36,33-36 h,0.5170454545454546,0.7989375331434209,0.41308701997756425,0.0,NO ALERT,NO ALERT,20261005,00
subbasin,CAM,Cauvery Middle,Cauvery Basin,Cauvery Middle,57280.980105099996,33,36,33-36 h,3.0058333333333334,0.3,0.9017499999999999,0.0,NO ALERT,NO ALERT,20261005,00
subbasin,CAU,Cauvery Upper,Cauvery Basin,Cauvery Upper,10958.799342,33,36,33-36 h,5.484375,0.3,1.6453125,0.0,NO ALERT,NO ALERT,20261005,00
subbasin,CHA,Chautang and others,Indus (Up to border) Basin,Chautang and others,27704.2449767,33,36,33-36 h,0.0,1.0,0.0,0.0,NO ALERT,NO ALERT,20261005,00
subbasin,CHE,Chenab,Indus (Up to border) Basin,Chenab,29981.3828085,33,36,33-36 h,0.6770833333333334,3.0,2.03125,0.0,NO ALERT,NO ALERT,20261005,00
subbasin,CHL,Chambal Lower,Ganga Basin,Chambal Lower,10941.2620969,33,36,33-36 h,0.0,1.0,0.0,0.0,NO ALERT,NO ALERT,20261005,00
subbasin,CHR,Churu,Indus (Up to border) Basin,Churu,66832.7547281,33,36,33-36 h,0.0,1.0,0.0,0.0,NO ALERT,NO ALERT,20261005,00
subbasin,CHU,Chambal Upper,Ganga Basin,Chambal Upper,25546.5699826,33,36,33-36 h,0.0,1.0,0.0,0.0,NO ALERT,NO ALERT,20261005,00
subbasin,DAL,Drainage Area of Lakshadweep Islands,Drainage Area of Lakshadweep Islands Basin,Drainage Area of Lakshadweep Islands,669.812447676,33,36,33-36 h,0.0,1.0,0.0,0.0,NO ALERT,NO ALERT,20261005,00
subbasin,DAM,Damodar,Ganga Basin,Damodar,41965.4937886,33,36,33-36 h,0.11016949152542373,3.0,0.3305084745762712,0.0,NO ALERT,NO ALERT,20261005,00
subbasin,DAN,Drainage Area of Andaman and Nicobar Islands,Drainage Area of Andaman and Nicobar Islands Basin,Drainage Area of Andaman and Nicobar Islands,7577.85235893,33,36,33-36 h,0.4659090909090909,0.3,0.13977272727272727,0.0,NO ALERT,NO ALERT,20261005,00
subbasin,GAN,Gandak and others,Ganga Basin,Gandak and others,56260.4279485,33,36,33-36 h,0.01744186046511628,3.0,0.05232558139534883,0.0,NO ALERT,NO ALERT,20261005,00
subbasin,GDL,Godavari Lower,Godavari Basin,Godavari Lower,44492.9272893,33,36,33-36 h,0.0932377049180328,3.0,0.2797131147540984,0.0,NO ALERT,NO ALERT,20261005,00
subbasin,GDM,Godavari Middle,Godavari Basin,Godavari Middle,36290.474892599996,33,36,33-36 h,0.0,1.0,0.0,0.0,NO ALERT,NO ALERT,20261005,00
subbasin,GDU,Godavari Upper,Godavari Basin,Godavari Upper,21443.233252,33,36,33-36 h,0.0,1.0,0.0,0.0,NO ALERT,NO ALERT,20261005,00
subbasin,GHA,Ghaghara,Ganga Basin,Ghaghara,58634.1755549,33,36,33-36 h,0.6902777777777778,1.6536675276181974,1.1414899461475612,0.0,NO ALERT,NO ALERT,20261005,00
subbasin,GHG,Ghaghara Confluence to Gomti confluence,Ganga Basin,Ghaghara Confluence to Gomti confluence,26254.0625402,33,36,33-36 h,0.012152777777777778,1.0,0.012152777777777778,0.0,NO ALERT,NO ALERT,20261005,00
subbasin,GHO,Ghaghar and others,Indus (Up to border) Basin,Ghaghar and others,49978.9330453,33,36,33-36 h,0.0,1.0,0.0,0.0,NO ALERT,NO ALERT,20261005,00
subbasin,GIL,Gilgit,Indus (Up to border) Basin,Gilgit,27088.6965445,33,36,33-36 h,1.4358552631578947,1.4341220584848333,2.059191705686282,0.0,NO ALERT,NO ALERT,20261005,00
subbasin,GOM,Gomti,Ganga Basin,Gomti,29865.2109004,33,36,33-36 h,0.002777777777777778,1.0,0.002777777777777778,0.0,NO ALERT,NO ALERT,20261005,00
subbasin,GTK,East flowing rivers between Godavari and krishna,East flowing rivers between Godavari and Krishna Basin,East flowing rivers between Godavari and krishna,10342.2894048,33,36,33-36 h,0.17307692307692307,1.6742437243723507,0.28977295229521455,0.0,NO ALERT,NO ALERT,20261005,00
subbasin,IMP,Imphal and others,Minor rivers draining into Myanmar Basin,Imphal and others,16754.8996877,33,36,33-36 h,1.6614583333333333,1.5529862153812508,2.5802218890969737,0.0,NO ALERT,NO ALERT,20261005,00
subbasin,IND,Indravati,Godavari Basin,Indravati,38306.103516099996,33,36,33-36 h,0.16782407407407407,1.0,0.16782407407407407,0.0,NO ALERT,NO ALERT,20261005,00
subbasin,JHE,Jhelum,Indus (Up to border) Basin,Jhelum,29200.5186975,33,36,33-36 h,0.5372340425531915,3.0,1.6117021276595747,0.0,NO ALERT,NO ALERT,20261005,00
subbasin,KAS,Kali Sindh and others up to Confluence with Parbati,Ganga Basin,Kali Sindh and others up to Confluence with Parbati,48492.609462,33,36,33-36 h,0.0,1.0,0.0,0.0,NO ALERT,NO ALERT,20261005,00
subbasin,KOS,Kosi,Ganga Basin,Kosi,18413.5817315,33,36,33-36 h,0.03009259259259259,3.0,0.09027777777777778,0.0,NO ALERT,NO ALERT,20261005,00
subbasin,KPO,Karnaphuli and Others,Minor rivers draining into Bangladesh Basin,Karnaphuli and Others,3776.83637815,33,36,33-36 h,0.6041666666666666,3.0,1.8125,0.0,NO ALERT,NO ALERT,20261005,00
subbasin,KRL,Krishna Lower,Krishna Basin,Krishna Lower,39494.3345917,33,36,33-36 h,0.03419811320754717,3.0,0.1025943396226415,0.0,NO ALERT,NO ALERT,20261005,00
subbasin,KRM,Krishna Middle,Krishna Basin,Krishna Middle,22229.122290299998,33,36,33-36 h,0.0,3.0,0.0,0.0,NO ALERT,NO ALERT,20261005,00
subbasin,KRU,Krishna Upper,Krishna Basin,Krishna Upper,54504.7707132,33,36,33-36 h,0.047697368421052634,3.0,0.1430921052631579,0.0,NO ALERT,NO ALERT,20261005,00
subbasin,KTP,East flowing rivers between krishna and Pennar,East flowing rivers between Krishna and Pennar Basin,East flowing rivers between krishna and Pennar,23334.6280124,33,36,33-36 h,0.0703125,1.1319794021185743,0.07959230171146225,0.0,NO ALERT,NO ALERT,20261005,00
subbasin,KYN,Kynchiang and other south flowing rivers,Barak and others Basin,Kynchiang and other south flowing rivers,10267.390013600001,33,36,33-36 h,0.525,3.0,1.5750000000000002,0.0,NO ALERT,NO ALERT,20261005,00
subbasin,LIN,Lower Indus,Indus (Up to border) Basin,Lower Indus,23894.095446299998,33,36,33-36 h,0.7421875,2.2084975976104473,1.6391193107265039,0.0,NO ALERT,NO ALERT,20261005,00
subbasin,LUL,Luni Lower,West flowing rivers of Kutch and Saurashtra including Luni Basin,Luni Lower,29180.1166377,33,36,33-36 h,0.0,1.0,0.0,0.0,NO ALERT,NO ALERT,20261005,00
subbasin,LUU,Luni Upper,West flowing rivers of Kutch and Saurashtra including Luni Basin,Luni Upper,70202.5788834,33,36,33-36 h,0.0,1.0,0.0,0.0,NO ALERT,NO ALERT,20261005,00
subbasin,MAJ,Manjra,Godavari Basin,Manjra,29472.8781663,33,36,33-36 h,0.0,1.0,0.0,0.0,NO ALERT,NO ALERT,20261005,00
subbasin,MAL,Mahanadi Lower,Mahanadi Basin,Mahanadi Lower,57958.8771578,33,36,33-36 h,0.17336309523809523,3.0,0.5200892857142857,0.0,NO ALERT,NO ALERT,20261005,00
subbasin,MAM,Mahanadi Middle,Mahanadi Basin,Mahanadi Middle,51895.912271199995,33,36,33-36 h,0.07333333333333333,3.0,0.22,0.0,NO ALERT,NO ALERT,20261005,00
subbasin,MAN,Mangpui Lui and others,Minor rivers draining into Myanmar Basin,Mangpui Lui and others,7976.1826088,33,36,33-36 h,0.390625,2.60114602242229,1.016072665008707,0.0,NO ALERT,NO ALERT,20261005,00
subbasin,MAU,Mahanadi Upper,Mahanadi Basin,Mahanadi Upper,29796.635875400003,33,36,33-36 h,0.2708333333333333,3.0,0.8125,0.0,NO ALERT,NO ALERT,20261005,00
subbasin,MHO,Muhury and Others,Minor rivers draining into Bangladesh Basin,Muhury and Others,1676.3936024500001,33,36,33-36 h,0.0,3.0,0.0,0.0,NO ALERT,NO ALERT,20261005,00
subbasin,MHU,Mahi Upper,Mahi Basin,Mahi Upper,24959.804656099997,33,36,33-36 h,0.0,1.0,0.0,0.0,NO ALERT,NO ALERT,20261005,00
subbasin,NAG,Nagvati and other,East flowing rivers between Mahanadi and Godavari Basin,Nagvati and other,24372.2391257,33,36,33-36 h,0.10304054054054054,2.2457786192721487,0.231406242864191,0.0,NO ALERT,NO ALERT,20261005,00
subbasin,NAM,Narmada Middle,Narmada Basin,Narmada Middle,40575.718659599996,33,36,33-36 h,0.0,1.0,0.0,0.0,NO ALERT,NO ALERT,20261005,00
subbasin,NAO,Naoch chara and others,Barak and others Basin,Naoch chara and others,7695.8122394600005,33,36,33-36 h,0.028846153846153848,2.150084480464447,0.062021667705705205,0.0,NO ALERT,NO ALERT,20261005,00
subbasin,NAU,Narmada Upper,Narmada Basin,Narmada Upper,43192.6765088,33,36,33-36 h,0.0,1.0,0.0,0.0,NO ALERT,NO ALERT,20261005,00
subbasin,NET,Netravati and others,West flowing rivers South of Tapi Basin,Netravati and others,18762.0879077,33,36,33-36 h,2.9075,1.8755350582862367,5.453118181967233,0.0,NO ALERT,NO ALERT,20261005,00
subbasin,PAL,Palar and other,East flowing rivers between Pennar and Cauvery Basin,Palar and other,35392.3393366,33,36,33-36 h,1.2096354166666667,0.3266358224797221,0.39511025922351806,0.0,NO ALERT,NO ALERT,20261005,00
subbasin,PAM,Pamba and others,East flowing rivers South of Cauvery Basin,Pamba and others,18289.4135022,33,36,33-36 h,0.5,0.654600010391094,0.327300005195547,0.0,NO ALERT,NO ALERT,20261005,00
subbasin,PAR,Periyar and others,West flowing rivers South of Tapi Basin,Periyar and others,21895.2090182,33,36,33-36 h,2.9331896551724137,0.5777269689606324,1.694582768869441,0.0,NO ALERT,NO ALERT,20261005,00
subbasin,PEL,Pennar Lower,Pennar Basin,Pennar Lower,17979.8549043,33,36,33-36 h,1.0963541666666667,0.39404642939654655,0.43201444472902634,0.0,NO ALERT,NO ALERT,20261005,00
subbasin,PEU,Pennar Upper,Pennar Basin,Pennar Upper,36263.575012400004,33,36,33-36 h,0.23596938775510204,0.4641873234336626,0.10953399851432088,0.0,NO ALERT,NO ALERT,20261005,00
subbasin,PON,Ponnaiyar and other,East flowing rivers between Pennar and Cauvery Basin,Ponnaiyar and other,28249.4865729,33,36,33-36 h,2.1638513513513513,0.4261967397185967,0.9222263911816255,0.0,NO ALERT,NO ALERT,20261005,00
subbasin,PRA,Pranhita and others,Godavari Basin,Pranhita and others,36119.600279599996,33,36,33-36 h,0.10294117647058823,1.0,0.10294117647058823,0.0,NO ALERT,NO ALERT,20261005,00
subbasin,RAM,Ramganga,Ganga Basin,Ramganga,30839.689987,33,36,33-36 h,0.6067708333333334,3.0,1.8203125,0.0,NO ALERT,NO ALERT,20261005,00
subbasin,RAN,Drainage of Rann,West flowing rivers of Kutch and Saurashtra including Luni Basin,Drainage of Rann,21229.9018898,33,36,33-36 h,0.0,1.0,0.0,0.0,NO ALERT,NO ALERT,20261005,00
subbasin,RAV,Ravi,Indus (Up to border) Basin,Ravi,13710.196473299999,33,36,33-36 h,0.4255952380952381,3.0,1.2767857142857142,0.0,NO ALERT,NO ALERT,20261005,00
subbasin,SAL,Sabarmati Lower,Sabarmati Basin,Sabarmati Lower,10865.3209002,33,36,33-36 h,0.0,1.0,0.0,0.0,NO ALERT,NO ALERT,20261005,00
subbasin,SAR,Saraswati,West flowing rivers of Kutch and Saurashtra including Luni Basin,Saraswati,27260.8387238,33,36,33-36 h,0.0,1.0,0.0,0.0,NO ALERT,NO ALERT,20261005,00
subbasin,SAU,Sabarmati Upper,Sabarmati Basin,Sabarmati Upper,19813.2727963,33,36,33-36 h,0.0,1.0,0.0,0.0,NO ALERT,NO ALERT,20261005,00
subbasin,SHE,Shetranjuli and other east flowing rivers,West flowing rivers of Kutch and Saurashtra including Luni Basin,Shetranjuli and other east flowing rivers,18221.670857200003,33,36,33-36 h,0.0,1.0,0.0,0.0,NO ALERT,NO ALERT,20261005,00
subbasin,SHK,Shaksgam,Area of North Ladakha not draining into Indus Basin,Shaksgam,6523.49752196,33,36,33-36 h,0.3181818181818182,1.0,0.3181818181818182,0.0,NO ALERT,NO ALERT,20261005,00
subbasin,SHY,Shyok,Indus (Up to border) Basin,Shyok,38545.0481,33,36,33-36 h,0.13407258064516128,1.0,0.13407258064516128,0.0,NO ALERT,NO ALERT,20261005,00
subbasin,SON,Sone,Ganga Basin,Sone,65110.052420800006,33,36,33-36 h,0.09471649484536082,3.0,0.28414948453608246,0.0,NO ALERT,NO ALERT,20261005,00
subbasin,SUB,Subernarekha,Subernarekha Basin,Subernarekha,25792.1620902,33,36,33-36 h,1.5185810810810811,3.0,4.555743243243244,0.0,NO ALERT,NO ALERT,20261005,00
subbasin,SUL,Sutlaj Lower,Indus (Up to border) Basin,Sutlaj Lower,38442.7890103,33,36,33-36 h,0.0,1.0,0.0,0.0,NO ALERT,NO ALERT,20261005,00
subbasin,SUM,Sulmar,Area of North Ladakha not draining into Indus Basin,Sulmar,22715.7309665,33,36,33-36 h,0.0,1.0,0.0,0.0,NO ALERT,NO ALERT,20261005,00
subbasin,SUU,Sutlaj Upper,Indus (Up to border) Basin,Sutlaj Upper,21439.429926099998,33,36,33-36 h,0.1171875,3.0,0.3515625,0.0,NO ALERT,NO ALERT,20261005,00
subbasin,TAM,Tapi Middle,Tapi Basin,Tapi Middle,31766.674366299998,33,36,33-36 h,0.0,1.0,0.0,0.0,NO ALERT,NO ALERT,20261005,00
subbasin,TAU,Tapi Upper,Tapi Basin,Tapi Upper,28047.339302099997,33,36,33-36 h,0.0,1.0,0.0,0.0,NO ALERT,NO ALERT,20261005,00
subbasin,TON,Tons,Ganga Basin,Tons,16905.7373669,33,36,33-36 h,0.0,1.0,0.0,0.0,NO ALERT,NO ALERT,20261005,00
subbasin,TUL,Tungabhadra Lower,Krishna Basin,Tungabhadra Lower,41556.484720199995,33,36,33-36 h,0.16704545454545455,0.7217595285394708,0.12056664851738888,0.0,NO ALERT,NO ALERT,20261005,00
subbasin,TUU,Tungabhadra Upper,Krishna Basin,Tungabhadra Upper,28519.4094375,33,36,33-36 h,0.47596153846153844,0.4850535815326983,0.23086684890258236,0.0,NO ALERT,NO ALERT,20261005,00
subbasin,UGO,Upstream of Gomti confluece to Muzaffarnagar,Ganga Basin,Upstream of Gomti confluece to Muzaffarnagar,29061.3749822,33,36,33-36 h,0.0,1.0,0.0,0.0,NO ALERT,NO ALERT,20261005,00
subbasin,UIN,Upper Indus,Indus (Up to border) Basin,Upper Indus,46450.1263776,33,36,33-36 h,0.027288732394366196,1.0,0.027288732394366196,0.0,NO ALERT,NO ALERT,20261005,00
subbasin,VAI,Vaippar and others,East flowing rivers South of Cauvery Basin,Vaippar and others,20356.688641599998,33,36,33-36 h,0.3194444444444444,0.4794268748348529,0.15315025168335578,0.0,NO ALERT,NO ALERT,20261005,00
subbasin,VAM,Vamsadhara and other,East flowing rivers between Mahanadi and Godavari Basin,Vamsadhara and other,21870.633760099998,33,36,33-36 h,0.19959677419354838,1.0,0.19959677419354838,0.0,NO ALERT,NO ALERT,20261005,00
subbasin,VAR,Varrar and others,West flowing rivers South of Tapi Basin,Varrar and others,14164.6969417,33,36,33-36 h,5.628472222222222,0.6925699831943927,3.8981109123545505,0.0,NO ALERT,NO ALERT,20261005,00
subbasin,VAS,Vasishti and others,West flowing rivers South of Tapi Basin,Vasishti and others,27473.950096599998,33,36,33-36 h,0.19572368421052633,3.0,0.587171052631579,0.0,NO ALERT,NO ALERT,20261005,00
subbasin,WAR,Wardha,Godavari Basin,Wardha,46242.0943756,33,36,33-36 h,0.0,1.0,0.0,0.0,NO ALERT,NO ALERT,20261005,00
subbasin,WEI,Weinganga,Godavari Basin,Weinganga,49695.4011135,33,36,33-36 h,0.05320945945945946,3.0,0.15962837837837837,0.0,NO ALERT,NO ALERT,20261005,00
subbasin,YAL,Yamuna Lower,Ganga Basin,Yamuna Lower,124867.188956,33,36,33-36 h,0.0,1.0,0.0,0.0,NO ALERT,NO ALERT,20261005,00
subbasin,YAM,Yamuna Middle,Ganga Basin,Yamuna Middle,34586.3897844,33,36,33-36 h,0.0,1.0,0.0,0.0,NO ALERT,NO ALERT,20261005,00
subbasin,YAU,Yamuna Upper,Ganga Basin,Yamuna Upper,35798.1884585,33,36,33-36 h,0.21651785714285715,3.0,0.6495535714285714,0.0,NO ALERT,NO ALERT,20261005,00
subbasin,MHL,Mahi Lower,Mahi Basin,Mahi Lower,13092.144778,33,36,33-36 h,0.0,1.0,0.0,0.0,NO ALERT,NO ALERT,20261005,00
subbasin,NAL,Narmada Lower,Narmada Basin,Narmada Lower,9725.401358770001,33,36,33-36 h,0.0,1.0,0.0,0.0,NO ALERT,NO ALERT,20261005,00
subbasin,TAL,Tapi Lower,Tapi Basin,Tapi Lower,3618.19482315,33,36,33-36 h,0.0,1.0,0.0,0.0,NO ALERT,NO ALERT,20261005,00
subbasin,ARA,Above Ramganga Confluence,Ganga Basin,Above Ramganga Confluence,39104.6123558,36,39,36-39 h,0.0,3.0,0.0,0.0,NO ALERT,NO ALERT,20261005,00
subbasin,BAI,Baitarni,Brahmani and Baitarni Basin,Baitarni,14351.232989600001,36,39,36-39 h,0.5505952380952381,1.0,0.5505952380952381,0.0,NO ALERT,NO ALERT,20261005,00
subbasin,BAM,Barmer,Indus (Up to border) Basin,Barmer,21658.9369285,36,39,36-39 h,0.0,1.0,0.0,0.0,NO ALERT,NO ALERT,20261005,00
subbasin,BAN,Banas,Ganga Basin,Banas,51651.5088239,36,39,36-39 h,0.0,1.0,0.0,0.0,NO ALERT,NO ALERT,20261005,00
subbasin,BAR,Barak,Barak and others Basin,Barak,27658.980335700002,36,39,36-39 h,0.13095238095238096,2.361846817831245,0.3092894642398059,0.0,NO ALERT,NO ALERT,20261005,00
subbasin,BEA,Beas,Indus (Up to border) Basin,Beas,19002.474906599997,36,39,36-39 h,0.016129032258064516,3.0,0.04838709677419355,0.0,NO ALERT,NO ALERT,20261005,00
subbasin,BHA,Bhadar and other west flowing rivers,West flowing rivers of Kutch and Saurashtra including Luni Basin,Bhadar and other west flowing rivers,18489.7027305,36,39,36-39 h,0.0,1.0,0.0,0.0,NO ALERT,NO ALERT,20261005,00
subbasin,BHG,Bhagirathi and others (Ganga Lower),Ganga Basin,Bhagirathi and others (Ganga Lower),64038.9710863,36,39,36-39 h,0.029296875,3.0,0.087890625,0.0,NO ALERT,NO ALERT,20261005,00
subbasin,BHL,Bhima Lower,Krishna Basin,Bhima Lower,23652.6979435,36,39,36-39 h,0.0,1.0,0.0,0.0,NO ALERT,NO ALERT,20261005,00
subbasin,BHT,Bhatsol and others,West flowing rivers South of Tapi Basin,Bhatsol and others,29332.606177,36,39,36-39 h,0.013392857142857142,1.0,0.013392857142857142,0.0,NO ALERT,NO ALERT,20261005,00
subbasin,BHU,Bhima Upper,Krishna Basin,Bhima Upper,44793.3226794,36,39,36-39 h,0.010245901639344262,1.0,0.010245901639344262,0.0,NO ALERT,NO ALERT,20261005,00
subbasin,BRA,Brahmani,Brahmani and Baitarni Basin,Brahmani,37545.8337422,36,39,36-39 h,0.32004310344827586,3.0,0.9601293103448276,0.0,NO ALERT,NO ALERT,20261005,00
subbasin,BRL,Brahmaputra Lower,Brahmaputra Basin,Brahmaputra Lower,87392.2235093,36,39,36-39 h,0.11090225563909774,1.2621195839226036,0.13997190874329626,0.0,NO ALERT,NO ALERT,20261005,00
subbasin,BRU,Brahmaputra Upper,Brahmaputra Basin,Brahmaputra Upper,98972.86923639999,36,39,36-39 h,0.0074503311258278145,0.8282563852423646,0.006170784327136822,0.0,NO ALERT,NO ALERT,20261005,00
subbasin,CAL,Cauvery Lower,Cauvery Basin,Cauvery Lower,17386.448641799998,36,39,36-39 h,0.06534090909090909,0.7989375331434209,0.05220330472243943,0.0,NO ALERT,NO ALERT,20261005,00
subbasin,CAM,Cauvery Middle,Cauvery Basin,Cauvery Middle,57280.980105099996,36,39,36-39 h,1.1783333333333332,0.3,0.3535,0.0,NO ALERT,NO ALERT,20261005,00
subbasin,CAU,Cauvery Upper,Cauvery Basin,Cauvery Upper,10958.799342,36,39,36-39 h,2.99609375,0.3,0.898828125,0.0,NO ALERT,NO ALERT,20261005,00
subbasin,CHA,Chautang and others,Indus (Up to border) Basin,Chautang and others,27704.2449767,36,39,36-39 h,0.0,1.0,0.0,0.0,NO ALERT,NO ALERT,20261005,00
subbasin,CHE,Chenab,Indus (Up to border) Basin,Chenab,29981.3828085,36,39,36-39 h,0.3190104166666667,3.0,0.95703125,0.0,NO ALERT,NO ALERT,20261005,00
subbasin,CHL,Chambal Lower,Ganga Basin,Chambal Lower,10941.2620969,36,39,36-39 h,0.0,1.0,0.0,0.0,NO ALERT,NO ALERT,20261005,00
subbasin,CHR,Churu,Indus (Up to border) Basin,Churu,66832.7547281,36,39,36-39 h,0.0,1.0,0.0,0.0,NO ALERT,NO ALERT,20261005,00
subbasin,CHU,Chambal Upper,Ganga Basin,Chambal Upper,25546.5699826,36,39,36-39 h,0.0,1.0,0.0,0.0,NO ALERT,NO ALERT,20261005,00
subbasin,DAL,Drainage Area of Lakshadweep Islands,Drainage Area of Lakshadweep Islands Basin,Drainage Area of Lakshadweep Islands,669.812447676,36,39,36-39 h,0.0,1.0,0.0,0.0,NO ALERT,NO ALERT,20261005,00
subbasin,DAM,Damodar,Ganga Basin,Damodar,41965.4937886,36,39,36-39 h,0.16101694915254236,3.0,0.48305084745762705,0.0,NO ALERT,NO ALERT,20261005,00
subbasin,DAN,Drainage Area of Andaman and Nicobar Islands,Drainage Area of Andaman and Nicobar Islands Basin,Drainage Area of Andaman and Nicobar Islands,7577.85235893,36,39,36-39 h,0.0,0.3,0.0,0.0,NO ALERT,NO ALERT,20261005,00
subbasin,GAN,Gandak and others,Ganga Basin,Gandak and others,56260.4279485,36,39,36-39 h,0.04796511627906977,3.0,0.1438953488372093,0.0,NO ALERT,NO ALERT,20261005,00
subbasin,GDL,Godavari Lower,Godavari Basin,Godavari Lower,44492.9272893,36,39,36-39 h,0.018442622950819672,3.0,0.055327868852459015,0.0,NO ALERT,NO ALERT,20261005,00
subbasin,GDM,Godavari Middle,Godavari Basin,Godavari Middle,36290.474892599996,36,39,36-39 h,0.0,1.0,0.0,0.0,NO ALERT,NO ALERT,20261005,00
subbasin,GDU,Godavari Upper,Godavari Basin,Godavari Upper,21443.233252,36,39,36-39 h,0.0,1.0,0.0,0.0,NO ALERT,NO ALERT,20261005,00
subbasin,GHA,Ghaghara,Ganga Basin,Ghaghara,58634.1755549,36,39,36-39 h,0.3541666666666667,1.6536675276181974,0.5856739160314449,0.0,NO ALERT,NO ALERT,20261005,00
subbasin,GHG,Ghaghara Confluence to Gomti confluence,Ganga Basin,Ghaghara Confluence to Gomti confluence,26254.0625402,36,39,36-39 h,0.0763888888888889,1.0,0.0763888888888889,0.0,NO ALERT,NO ALERT,20261005,00
subbasin,GHO,Ghaghar and others,Indus (Up to border) Basin,Ghaghar and others,49978.9330453,36,39,36-39 h,0.0,1.0,0.0,0.0,NO ALERT,NO ALERT,20261005,00
subbasin,GIL,Gilgit,Indus (Up to border) Basin,Gilgit,27088.6965445,36,39,36-39 h,0.6595394736842105,1.4341220584848333,0.9458601076520036,0.0,NO ALERT,NO ALERT,20261005,00
subbasin,GOM,Gomti,Ganga Basin,Gomti,29865.2109004,36,39,36-39 h,0.034722222222222224,1.0,0.034722222222222224,0.0,NO ALERT,NO ALERT,20261005,00
subbasin,GTK,East flowing rivers between Godavari and krishna,East flowing rivers between Godavari and Krishna Basin,East flowing rivers between Godavari and krishna,10342.2894048,36,39,36-39 h,0.0,1.6742437243723507,0.0,0.0,NO ALERT,NO ALERT,20261005,00
subbasin,IMP,Imphal and others,Minor rivers draining into Myanmar Basin,Imphal and others,16754.8996877,36,39,36-39 h,0.028645833333333332,1.5529862153812508,0.044486584294775415,0.0,NO ALERT,NO ALERT,20261005,00
subbasin,IND,Indravati,Godavari Basin,Indravati,38306.103516099996,36,39,36-39 h,0.2800925925925926,1.0,0.2800925925925926,0.0,NO ALERT,NO ALERT,20261005,00
subbasin,JHE,Jhelum,Indus (Up to border) Basin,Jhelum,29200.5186975,36,39,36-39 h,0.785904255319149,3.0,2.357712765957447,0.0,NO ALERT,NO ALERT,20261005,00
subbasin,KAS,Kali Sindh and others up to Confluence with Parbati,Ganga Basin,Kali Sindh and others up to Confluence with Parbati,48492.609462,36,39,36-39 h,0.0,1.0,0.0,0.0,NO ALERT,NO ALERT,20261005,00
subbasin,KOS,Kosi,Ganga Basin,Kosi,18413.5817315,36,39,36-39 h,0.08564814814814815,3.0,0.2569444444444445,0.0,NO ALERT,NO ALERT,20261005,00
subbasin,KPO,Karnaphuli and Others,Minor rivers draining into Bangladesh Basin,Karnaphuli and Others,3776.83637815,36,39,36-39 h,0.041666666666666664,3.0,0.125,0.0,NO ALERT,NO ALERT,20261005,00
subbasin,KRL,Krishna Lower,Krishna Basin,Krishna Lower,39494.3345917,36,39,36-39 h,0.009433962264150943,3.0,0.02830188679245283,0.0,NO ALERT,NO ALERT,20261005,00
subbasin,KRM,Krishna Middle,Krishna Basin,Krishna Middle,22229.122290299998,36,39,36-39 h,0.001953125,3.0,0.005859375,0.0,NO ALERT,NO ALERT,20261005,00
subbasin,KRU,Krishna Upper,Krishna Basin,Krishna Upper,54504.7707132,36,39,36-39 h,0.027138157894736843,3.0,0.08141447368421054,0.0,NO ALERT,NO ALERT,20261005,00
subbasin,KTP,East flowing rivers between krishna and Pennar,East flowing rivers between Krishna and Pennar Basin,East flowing rivers between krishna and Pennar,23334.6280124,36,39,36-39 h,0.181640625,1.1319794021185743,0.20561344608794416,0.0,NO ALERT,NO ALERT,20261005,00
subbasin,KYN,Kynchiang and other south flowing rivers,Barak and others Basin,Kynchiang and other south flowing rivers,10267.390013600001,36,39,36-39 h,0.0,3.0,0.0,0.0,NO ALERT,NO ALERT,20261005,00
subbasin,LIN,Lower Indus,Indus (Up to border) Basin,Lower Indus,23894.095446299998,36,39,36-39 h,0.54375,2.2084975976104473,1.2008705687006807,0.0,NO ALERT,NO ALERT,20261005,00
subbasin,LUL,Luni Lower,West flowing rivers of Kutch and Saurashtra including Luni Basin,Luni Lower,29180.1166377,36,39,36-39 h,0.0,1.0,0.0,0.0,NO ALERT,NO ALERT,20261005,00
subbasin,LUU,Luni Upper,West flowing rivers of Kutch and Saurashtra including Luni Basin,Luni Upper,70202.5788834,36,39,36-39 h,0.0,1.0,0.0,0.0,NO ALERT,NO ALERT,20261005,00
subbasin,MAJ,Manjra,Godavari Basin,Manjra,29472.8781663,36,39,36-39 h,0.0,1.0,0.0,0.0,NO ALERT,NO ALERT,20261005,00
subbasin,MAL,Mahanadi Lower,Mahanadi Basin,Mahanadi Lower,57958.8771578,36,39,36-39 h,0.11160714285714286,3.0,0.3348214285714286,0.0,NO ALERT,NO ALERT,20261005,00
subbasin,MAM,Mahanadi Middle,Mahanadi Basin,Mahanadi Middle,51895.912271199995,36,39,36-39 h,0.5416666666666666,3.0,1.625,0.0,NO ALERT,NO ALERT,20261005,00
subbasin,MAN,Mangpui Lui and others,Minor rivers draining into Myanmar Basin,Mangpui Lui and others,7976.1826088,36,39,36-39 h,0.15104166666666666,2.60114602242229,0.3928814304700334,0.0,NO ALERT,NO ALERT,20261005,00
subbasin,MAU,Mahanadi Upper,Mahanadi Basin,Mahanadi Upper,29796.635875400003,36,39,36-39 h,0.7946428571428571,3.0,2.383928571428571,0.0,NO ALERT,NO ALERT,20261005,00
subbasin,MHO,Muhury and Others,Minor rivers draining into Bangladesh Basin,Muhury and Others,1676.3936024500001,36,39,36-39 h,0.0,3.0,0.0,0.0,NO ALERT,NO ALERT,20261005,00
subbasin,MHU,Mahi Upper,Mahi Basin,Mahi Upper,24959.804656099997,36,39,36-39 h,0.0,1.0,0.0,0.0,NO ALERT,NO ALERT,20261005,00
subbasin,NAG,Nagvati and other,East flowing rivers between Mahanadi and Godavari Basin,Nagvati and other,24372.2391257,36,39,36-39 h,0.0033783783783783786,2.2457786192721487,0.007587089929973476,0.0,NO ALERT,NO ALERT,20261005,00
subbasin,NAM,Narmada Middle,Narmada Basin,Narmada Middle,40575.718659599996,36,39,36-39 h,0.0,1.0,0.0,0.0,NO ALERT,NO ALERT,20261005,00
subbasin,NAO,Naoch chara and others,Barak and others Basin,Naoch chara and others,7695.8122394600005,36,39,36-39 h,0.0,2.150084480464447,0.0,0.0,NO ALERT,NO ALERT,20261005,00
subbasin,NAU,Narmada Upper,Narmada Basin,Narmada Upper,43192.6765088,36,39,36-39 h,0.0,1.0,0.0,0.0,NO ALERT,NO ALERT,20261005,00
subbasin,NET,Netravati and others,West flowing rivers South of Tapi Basin,Netravati and others,18762.0879077,36,39,36-39 h,3.9275,1.8755350582862367,7.366163941419195,0.0,NO ALERT,NO ALERT,20261005,00
subbasin,PAL,Palar and other,East flowing rivers between Pennar and Cauvery Basin,Palar and other,35392.3393366,36,39,36-39 h,1.2877604166666667,0.3266358224797221,0.42062868285474636,0.0,NO ALERT,NO ALERT,20261005,00
subbasin,PAM,Pamba and others,East flowing rivers South of Cauvery Basin,Pamba and others,18289.4135022,36,39,36-39 h,0.033854166666666664,0.654600010391094,0.022160937851781824,0.0,NO ALERT,NO ALERT,20261005,00
subbasin,PAR,Periyar and others,West flowing rivers South of Tapi Basin,Periyar and others,21895.2090182,36,39,36-39 h,0.07974137931034483,0.5777269689606324,0.0460687453697056,0.0,NO ALERT,NO ALERT,20261005,00
subbasin,PEL,Pennar Lower,Pennar Basin,Pennar Lower,17979.8549043,36,39,36-39 h,1.5651041666666667,0.39404642939654655,0.6167237085086575,0.0,NO ALERT,NO ALERT,20261005,00
subbasin,PEU,Pennar Upper,Pennar Basin,Pennar Upper,36263.575012400004,36,39,36-39 h,0.06760204081632654,0.4641873234336626,0.03138001038518383,0.0,NO ALERT,NO ALERT,20261005,00
subbasin,PON,Ponnaiyar and other,East flowing rivers between Pennar and Cauvery Basin,Ponnaiyar and other,28249.4865729,36,39,36-39 h,1.5304054054054055,0.4261967397185967,0.652253794231501,0.0,NO ALERT,NO ALERT,20261005,00
subbasin,PRA,Pranhita and others,Godavari Basin,Pranhita and others,36119.600279599996,36,39,36-39 h,0.049019607843137254,1.0,0.049019607843137254,0.0,NO ALERT,NO ALERT,20261005,00
subbasin,RAM,Ramganga,Ganga Basin,Ramganga,30839.689987,36,39,36-39 h,0.018229166666666668,3.0,0.0546875,0.0,NO ALERT,NO ALERT,20261005,00
subbasin,RAN,Drainage of Rann,West flowing rivers of Kutch and Saurashtra including Luni Basin,Drainage of Rann,21229.9018898,36,39,36-39 h,0.0,1.0,0.0,0.0,NO ALERT,NO ALERT,20261005,00
subbasin,RAV,Ravi,Indus (Up to border) Basin,Ravi,13710.196473299999,36,39,36-39 h,0.06547619047619048,3.0,0.19642857142857145,0.0,NO ALERT,NO ALERT,20261005,00
subbasin,SAL,Sabarmati Lower,Sabarmati Basin,Sabarmati Lower,10865.3209002,36,39,36-39 h,0.0,1.0,0.0,0.0,NO ALERT,NO ALERT,20261005,00
subbasin,SAR,Saraswati,West flowing rivers of Kutch and Saurashtra including Luni Basin,Saraswati,27260.8387238,36,39,36-39 h,0.0,1.0,0.0,0.0,NO ALERT,NO ALERT,20261005,00
subbasin,SAU,Sabarmati Upper,Sabarmati Basin,Sabarmati Upper,19813.2727963,36,39,36-39 h,0.0,1.0,0.0,0.0,NO ALERT,NO ALERT,20261005,00
subbasin,SHE,Shetranjuli and other east flowing rivers,West flowing rivers of Kutch and Saurashtra including Luni Basin,Shetranjuli and other east flowing rivers,18221.670857200003,36,39,36-39 h,0.0,1.0,0.0,0.0,NO ALERT,NO ALERT,20261005,00
subbasin,SHK,Shaksgam,Area of North Ladakha not draining into Indus Basin,Shaksgam,6523.49752196,36,39,36-39 h,0.4090909090909091,1.0,0.4090909090909091,0.0,NO ALERT,NO ALERT,20261005,00
subbasin,SHY,Shyok,Indus (Up to border) Basin,Shyok,38545.0481,36,39,36-39 h,0.07963709677419355,1.0,0.07963709677419355,0.0,NO ALERT,NO ALERT,20261005,00
subbasin,SON,Sone,Ganga Basin,Sone,65110.052420800006,36,39,36-39 h,0.013530927835051547,3.0,0.04059278350515464,0.0,NO ALERT,NO ALERT,20261005,00
subbasin,SUB,Subernarekha,Subernarekha Basin,Subernarekha,25792.1620902,36,39,36-39 h,0.0945945945945946,3.0,0.28378378378378377,0.0,NO ALERT,NO ALERT,20261005,00
subbasin,SUL,Sutlaj Lower,Indus (Up to border) Basin,Sutlaj Lower,38442.7890103,36,39,36-39 h,0.00646551724137931,1.0,0.00646551724137931,0.0,NO ALERT,NO ALERT,20261005,00
subbasin,SUM,Sulmar,Area of North Ladakha not draining into Indus Basin,Sulmar,22715.7309665,36,39,36-39 h,0.0,1.0,0.0,0.0,NO ALERT,NO ALERT,20261005,00
subbasin,SUU,Sutlaj Upper,Indus (Up to border) Basin,Sutlaj Upper,21439.429926099998,36,39,36-39 h,0.044921875,3.0,0.134765625,0.0,NO ALERT,NO ALERT,20261005,00
subbasin,TAM,Tapi Middle,Tapi Basin,Tapi Middle,31766.674366299998,36,39,36-39 h,0.0,1.0,0.0,0.0,NO ALERT,NO ALERT,20261005,00
subbasin,TAU,Tapi Upper,Tapi Basin,Tapi Upper,28047.339302099997,36,39,36-39 h,0.0,1.0,0.0,0.0,NO ALERT,NO ALERT,20261005,00
subbasin,TON,Tons,Ganga Basin,Tons,16905.7373669,36,39,36-39 h,0.0,1.0,0.0,0.0,NO ALERT,NO ALERT,20261005,00
subbasin,TUL,Tungabhadra Lower,Krishna Basin,Tungabhadra Lower,41556.484720199995,36,39,36-39 h,0.03068181818181818,0.7217595285394708,0.022144894625642852,0.0,NO ALERT,NO ALERT,20261005,00
subbasin,TUU,Tungabhadra Upper,Krishna Basin,Tungabhadra Upper,28519.4094375,36,39,36-39 h,0.038461538461538464,0.4850535815326983,0.01865590698202686,0.0,NO ALERT,NO ALERT,20261005,00
subbasin,UGO,Upstream of Gomti confluece to Muzaffarnagar,Ganga Basin,Upstream of Gomti confluece to Muzaffarnagar,29061.3749822,36,39,36-39 h,0.0,1.0,0.0,0.0,NO ALERT,NO ALERT,20261005,00
subbasin,UIN,Upper Indus,Indus (Up to border) Basin,Upper Indus,46450.1263776,36,39,36-39 h,0.04665492957746479,1.0,0.04665492957746479,0.0,NO ALERT,NO ALERT,20261005,00
subbasin,VAI,Vaippar and others,East flowing rivers South of Cauvery Basin,Vaippar and others,20356.688641599998,36,39,36-39 h,0.25,0.4794268748348529,0.11985671870871323,0.0,NO ALERT,NO ALERT,20261005,00
subbasin,VAM,Vamsadhara and other,East flowing rivers between Mahanadi and Godavari Basin,Vamsadhara and other,21870.633760099998,36,39,36-39 h,0.008064516129032258,1.0,0.008064516129032258,0.0,NO ALERT,NO ALERT,20261005,00
subbasin,VAR,Varrar and others,West flowing rivers South of Tapi Basin,Varrar and others,14164.6969417,36,39,36-39 h,3.8472222222222223,0.6925699831943927,2.6644706297895384,0.0,NO ALERT,NO ALERT,20261005,00
subbasin,VAS,Vasishti and others,West flowing rivers South of Tapi Basin,Vasishti and others,27473.950096599998,36,39,36-39 h,0.19078947368421054,3.0,0.5723684210526316,0.0,NO ALERT,NO ALERT,20261005,00
subbasin,WAR,Wardha,Godavari Basin,Wardha,46242.0943756,36,39,36-39 h,0.0,1.0,0.0,0.0,NO ALERT,NO ALERT,20261005,00
subbasin,WEI,Weinganga,Godavari Basin,Weinganga,49695.4011135,36,39,36-39 h,0.09628378378378379,3.0,0.28885135135135137,0.0,NO ALERT,NO ALERT,20261005,00
subbasin,YAL,Yamuna Lower,Ganga Basin,Yamuna Lower,124867.188956,36,39,36-39 h,0.0,1.0,0.0,0.0,NO ALERT,NO ALERT,20261005,00
subbasin,YAM,Yamuna Middle,Ganga Basin,Yamuna Middle,34586.3897844,36,39,36-39 h,0.0,1.0,0.0,0.0,NO ALERT,NO ALERT,20261005,00
subbasin,YAU,Yamuna Upper,Ganga Basin,Yamuna Upper,35798.1884585,36,39,36-39 h,0.011160714285714286,3.0,0.033482142857142856,0.0,NO ALERT,NO ALERT,20261005,00
subbasin,MHL,Mahi Lower,Mahi Basin,Mahi Lower,13092.144778,36,39,36-39 h,0.0,1.0,0.0,0.0,NO ALERT,NO ALERT,20261005,00
subbasin,NAL,Narmada Lower,Narmada Basin,Narmada Lower,9725.401358770001,36,39,36-39 h,0.0,1.0,0.0,0.0,NO ALERT,NO ALERT,20261005,00
subbasin,TAL,Tapi Lower,Tapi Basin,Tapi Lower,3618.19482315,36,39,36-39 h,0.0,1.0,0.0,0.0,NO ALERT,NO ALERT,20261005,00
subbasin,ARA,Above Ramganga Confluence,Ganga Basin,Above Ramganga Confluence,39104.6123558,39,42,39-42 h,0.2855603448275862,3.0,0.8566810344827586,0.0,NO ALERT,NO ALERT,20261005,00
subbasin,BAI,Baitarni,Brahmani and Baitarni Basin,Baitarni,14351.232989600001,39,42,39-42 h,0.1488095238095238,1.0,0.1488095238095238,0.0,NO ALERT,NO ALERT,20261005,00
subbasin,BAM,Barmer,Indus (Up to border) Basin,Barmer,21658.9369285,39,42,39-42 h,0.0,1.0,0.0,0.0,NO ALERT,NO ALERT,20261005,00
subbasin,BAN,Banas,Ganga Basin,Banas,51651.5088239,39,42,39-42 h,0.0,1.0,0.0,0.0,NO ALERT,NO ALERT,20261005,00
subbasin,BAR,Barak,Barak and others Basin,Barak,27658.980335700002,39,42,39-42 h,0.3005952380952381,2.361846817831245,0.7099599065504635,0.0,NO ALERT,NO ALERT,20261005,00
subbasin,BEA,Beas,Indus (Up to border) Basin,Beas,19002.474906599997,39,42,39-42 h,0.33064516129032256,3.0,0.9919354838709677,0.0,NO ALERT,NO ALERT,20261005,00
subbasin,BHA,Bhadar and other west flowing rivers,West flowing rivers of Kutch and Saurashtra including Luni Basin,Bhadar and other west flowing rivers,18489.7027305,39,42,39-42 h,0.0,1.0,0.0,0.0,NO ALERT,NO ALERT,20261005,00
subbasin,BHG,Bhagirathi and others (Ganga Lower),Ganga Basin,Bhagirathi and others (Ganga Lower),64038.9710863,39,42,39-42 h,0.024739583333333332,3.0,0.07421875,0.0,NO ALERT,NO ALERT,20261005,00
subbasin,BHL,Bhima Lower,Krishna Basin,Bhima Lower,23652.6979435,39,42,39-42 h,0.0,1.0,0.0,0.0,NO ALERT,NO ALERT,20261005,00
subbasin,BHT,Bhatsol and others,West flowing rivers South of Tapi Basin,Bhatsol and others,29332.606177,39,42,39-42 h,0.002976190476190476,1.0,0.002976190476190476,0.0,NO ALERT,NO ALERT,20261005,00
subbasin,BHU,Bhima Upper,Krishna Basin,Bhima Upper,44793.3226794,39,42,39-42 h,0.006147540983606557,1.0,0.006147540983606557,0.0,NO ALERT,NO ALERT,20261005,00
subbasin,BRA,Brahmani,Brahmani and Baitarni Basin,Brahmani,37545.8337422,39,42,39-42 h,0.23168103448275862,3.0,0.6950431034482758,0.0,NO ALERT,NO ALERT,20261005,00
subbasin,BRL,Brahmaputra Lower,Brahmaputra Basin,Brahmaputra Lower,87392.2235093,39,42,39-42 h,0.22321428571428573,1.2621195839226036,0.28172312141129546,0.0,NO ALERT,NO ALERT,20261005,00
subbasin,BRU,Brahmaputra Upper,Brahmaputra Basin,Brahmaputra Upper,98972.86923639999,39,42,39-42 h,0.09188741721854304,0.8282563852423646,0.07610634003468747,0.0,NO ALERT,NO ALERT,20261005,00
subbasin,CAL,Cauvery Lower,Cauvery Basin,Cauvery Lower,17386.448641799998,39,42,39-42 h,0.6960227272727273,0.7989375331434209,0.5560786807390288,0.0,NO ALERT,NO ALERT,20261005,00
subbasin,CAM,Cauvery Middle,Cauvery Basin,Cauvery Middle,57280.980105099996,39,42,39-42 h,2.658333333333333,0.3,0.7975,0.0,NO ALERT,NO ALERT,20261005,00
subbasin,CAU,Cauvery Upper,Cauvery Basin,Cauvery Upper,10958.799342,39,42,39-42 h,3.7265625,0.3,1.11796875,0.0,NO ALERT,NO ALERT,20261005,00
subbasin,CHA,Chautang and others,Indus (Up to border) Basin,Chautang and others,27704.2449767,39,42,39-42 h,0.0,1.0,0.0,0.0,NO ALERT,NO ALERT,20261005,00
subbasin,CHE,Chenab,Indus (Up to border) Basin,Chenab,29981.3828085,39,42,39-42 h,0.9205729166666666,3.0,2.76171875,0.0,NO ALERT,NO ALERT,20261005,00
subbasin,CHL,Chambal Lower,Ganga Basin,Chambal Lower,10941.2620969,39,42,39-42 h,0.0,1.0,0.0,0.0,NO ALERT,NO ALERT,20261005,00
subbasin,CHR,Churu,Indus (Up to border) Basin,Churu,66832.7547281,39,42,39-42 h,0.0,1.0,0.0,0.0,NO ALERT,NO ALERT,20261005,00
subbasin,CHU,Chambal Upper,Ganga Basin,Chambal Upper,25546.5699826,39,42,39-42 h,0.0,1.0,0.0,0.0,NO ALERT,NO ALERT,20261005,00
subbasin,DAL,Drainage Area of Lakshadweep Islands,Drainage Area of Lakshadweep Islands Basin,Drainage Area of Lakshadweep Islands,669.812447676,39,42,39-42 h,0.0,1.0,0.0,0.0,NO ALERT,NO ALERT,20261005,00
subbasin,DAM,Damodar,Ganga Basin,Damodar,41965.4937886,39,42,39-42 h,0.026483050847457626,3.0,0.07944915254237288,0.0,NO ALERT,NO ALERT,20261005,00
subbasin,DAN,Drainage Area of Andaman and Nicobar Islands,Drainage Area of Andaman and Nicobar Islands Basin,Drainage Area of Andaman and Nicobar Islands,7577.85235893,39,42,39-42 h,0.045454545454545456,0.3,0.013636363636363636,0.0,NO ALERT,NO ALERT,20261005,00
subbasin,GAN,Gandak and others,Ganga Basin,Gandak and others,56260.4279485,39,42,39-42 h,0.18313953488372092,3.0,0.5494186046511628,0.0,NO ALERT,NO ALERT,20261005,00
subbasin,GDL,Godavari Lower,Godavari Basin,Godavari Lower,44492.9272893,39,42,39-42 h,0.03483606557377049,3.0,0.10450819672131147,0.0,NO ALERT,NO ALERT,20261005,00
subbasin,GDM,Godavari Middle,Godavari Basin,Godavari Middle,36290.474892599996,39,42,39-42 h,0.0,1.0,0.0,0.0,NO ALERT,NO ALERT,20261005,00
subbasin,GDU,Godavari Upper,Godavari Basin,Godavari Upper,21443.233252,39,42,39-42 h,0.0,1.0,0.0,0.0,NO ALERT,NO ALERT,20261005,00
subbasin,GHA,Ghaghara,Ganga Basin,Ghaghara,58634.1755549,39,42,39-42 h,1.0909722222222222,1.6536675276181974,1.8041053374223528,0.0,NO ALERT,NO ALERT,20261005,00
subbasin,GHG,Ghaghara Confluence to Gomti confluence,Ganga Basin,Ghaghara Confluence to Gomti confluence,26254.0625402,39,42,39-42 h,0.07465277777777778,1.0,0.07465277777777778,0.0,NO ALERT,NO ALERT,20261005,00
subbasin,GHO,Ghaghar and others,Indus (Up to border) Basin,Ghaghar and others,49978.9330453,39,42,39-42 h,0.0007621951219512195,1.0,0.0007621951219512195,0.0,NO ALERT,NO ALERT,20261005,00
subbasin,GIL,Gilgit,Indus (Up to border) Basin,Gilgit,27088.6965445,39,42,39-42 h,2.2088815789473686,1.4341220584848333,3.1678057969492293,0.0,NO ALERT,NO ALERT,20261005,00
subbasin,GOM,Gomti,Ganga Basin,Gomti,29865.2109004,39,42,39-42 h,0.08194444444444444,1.0,0.08194444444444444,0.0,NO ALERT,NO ALERT,20261005,00
subbasin,GTK,East flowing rivers between Godavari and krishna,East flowing rivers between Godavari and Krishna Basin,East flowing rivers between Godavari and krishna,10342.2894048,39,42,39-42 h,0.1875,1.6742437243723507,0.3139206983198157,0.0,NO ALERT,NO ALERT,20261005,00
subbasin,IMP,Imphal and others,Minor rivers draining into Myanmar Basin,Imphal and others,16754.8996877,39,42,39-42 h,0.23697916666666666,1.5529862153812508,0.3680253791658693,0.0,NO ALERT,NO ALERT,20261005,00
subbasin,IND,Indravati,Godavari Basin,Indravati,38306.103516099996,39,42,39-42 h,0.15162037037037038,1.0,0.15162037037037038,0.0,NO ALERT,NO ALERT,20261005,00
subbasin,JHE,Jhelum,Indus (Up to border) Basin,Jhelum,29200.5186975,39,42,39-42 h,0.9680851063829787,3.0,2.904255319148936,0.0,NO ALERT,NO ALERT,20261005,00
subbasin,KAS,Kali Sindh and others up to Confluence with Parbati,Ganga Basin,Kali Sindh and others up to Confluence with Parbati,48492.609462,39,42,39-42 h,0.0,1.0,0.0,0.0,NO ALERT,NO ALERT,20261005,00
subbasin,KOS,Kosi,Ganga Basin,Kosi,18413.5817315,39,42,39-42 h,0.5810185185185185,3.0,1.7430555555555554,0.0,NO ALERT,NO ALERT,20261005,00
subbasin,KPO,Karnaphuli and Others,Minor rivers draining into Bangladesh Basin,Karnaphuli and Others,3776.83637815,39,42,39-42 h,0.2708333333333333,3.0,0.8125,0.0,NO ALERT,NO ALERT,20261005,00
subbasin,KRL,Krishna Lower,Krishna Basin,Krishna Lower,39494.3345917,39,42,39-42 h,0.04716981132075472,3.0,0.14150943396226418,0.0,NO ALERT,NO ALERT,20261005,00
subbasin,KRM,Krishna Middle,Krishna Basin,Krishna Middle,22229.122290299998,39,42,39-42 h,0.0078125,3.0,0.0234375,0.0,NO ALERT,NO ALERT,20261005,00
subbasin,KRU,Krishna Upper,Krishna Basin,Krishna Upper,54504.7707132,39,42,39-42 h,0.004934210526315789,3.0,0.014802631578947368,0.0,NO ALERT,NO ALERT,20261005,00
subbasin,KTP,East flowing rivers between krishna and Pennar,East flowing rivers between Krishna and Pennar Basin,East flowing rivers between krishna and Pennar,23334.6280124,39,42,39-42 h,0.33984375,1.1319794021185743,0.38469612493873423,0.0,NO ALERT,NO ALERT,20261005,00
subbasin,KYN,Kynchiang and other south flowing rivers,Barak and others Basin,Kynchiang and other south flowing rivers,10267.390013600001,39,42,39-42 h,0.004166666666666667,3.0,0.0125,0.0,NO ALERT,NO ALERT,20261005,00
subbasin,LIN,Lower Indus,Indus (Up to border) Basin,Lower Indus,23894.095446299998,39,42,39-42 h,1.175,2.2084975976104473,2.5949846771922758,0.0,NO ALERT,NO ALERT,20261005,00
subbasin,LUL,Luni Lower,West flowing rivers of Kutch and Saurashtra including Luni Basin,Luni Lower,29180.1166377,39,42,39-42 h,0.0,1.0,0.0,0.0,NO ALERT,NO ALERT,20261005,00
subbasin,LUU,Luni Upper,West flowing rivers of Kutch and Saurashtra including Luni Basin,Luni Upper,70202.5788834,39,42,39-42 h,0.0,1.0,0.0,0.0,NO ALERT,NO ALERT,20261005,00
subbasin,MAJ,Manjra,Godavari Basin,Manjra,29472.8781663,39,42,39-42 h,0.0,1.0,0.0,0.0,NO ALERT,NO ALERT,20261005,00
subbasin,MAL,Mahanadi Lower,Mahanadi Basin,Mahanadi Lower,57958.8771578,39,42,39-42 h,0.28794642857142855,3.0,0.8638392857142856,0.0,NO ALERT,NO ALERT,20261005,00
subbasin,MAM,Mahanadi Middle,Mahanadi Basin,Mahanadi Middle,51895.912271199995,39,42,39-42 h,0.29333333333333333,3.0,0.88,0.0,NO ALERT,NO ALERT,20261005,00
subbasin,MAN,Mangpui Lui and others,Minor rivers draining into Myanmar Basin,Mangpui Lui and others,7976.1826088,39,42,39-42 h,0.10416666666666667,2.60114602242229,0.2709527106689886,0.0,NO ALERT,NO ALERT,20261005,00
subbasin,MAU,Mahanadi Upper,Mahanadi Basin,Mahanadi Upper,29796.635875400003,39,42,39-42 h,0.14136904761904762,3.0,0.42410714285714285,0.0,NO ALERT,NO ALERT,20261005,00
subbasin,MHO,Muhury and Others,Minor rivers draining into Bangladesh Basin,Muhury and Others,1676.3936024500001,39,42,39-42 h,0.0,3.0,0.0,0.0,NO ALERT,NO ALERT,20261005,00
subbasin,MHU,Mahi Upper,Mahi Basin,Mahi Upper,24959.804656099997,39,42,39-42 h,0.0,1.0,0.0,0.0,NO ALERT,NO ALERT,20261005,00
subbasin,NAG,Nagvati and other,East flowing rivers between Mahanadi and Godavari Basin,Nagvati and other,24372.2391257,39,42,39-42 h,0.0,2.2457786192721487,0.0,0.0,NO ALERT,NO ALERT,20261005,00
subbasin,NAM,Narmada Middle,Narmada Basin,Narmada Middle,40575.718659599996,39,42,39-42 h,0.0,1.0,0.0,0.0,NO ALERT,NO ALERT,20261005,00
subbasin,NAO,Naoch chara and others,Barak and others Basin,Naoch chara and others,7695.8122394600005,39,42,39-42 h,0.004807692307692308,2.150084480464447,0.010336944617617534,0.0,NO ALERT,NO ALERT,20261005,00
subbasin,NAU,Narmada Upper,Narmada Basin,Narmada Upper,43192.6765088,39,42,39-42 h,0.0,1.0,0.0,0.0,NO ALERT,NO ALERT,20261005,00
subbasin,NET,Netravati and others,West flowing rivers South of Tapi Basin,Netravati and others,18762.0879077,39,42,39-42 h,6.7875,1.8755350582862367,12.730194208117831,0.0,MODERATE,NO ALERT,20261005,00
subbasin,PAL,Palar and other,East flowing rivers between Pennar and Cauvery Basin,Palar and other,35392.3393366,39,42,39-42 h,2.3046875,0.3266358224797221,0.7527934971212346,0.0,NO ALERT,NO ALERT,20261005,00
subbasin,PAM,Pamba and others,East flowing rivers South of Cauvery Basin,Pamba and others,18289.4135022,39,42,39-42 h,0.3984375,0.654600010391094,0.2608171916402015,0.0,NO ALERT,NO ALERT,20261005,00
subbasin,PAR,Periyar and others,West flowing rivers South of Tapi Basin,Periyar and others,21895.2090182,39,42,39-42 h,1.0517241379310345,0.5777269689606324,0.6076093983896306,0.0,NO ALERT,NO ALERT,20261005,00
subbasin,PEL,Pennar Lower,Pennar Basin,Pennar Lower,17979.8549043,39,42,39-42 h,0.4192708333333333,0.39404642939654655,0.16521217482511455,0.0,NO ALERT,NO ALERT,20261005,00
subbasin,PEU,Pennar Upper,Pennar Basin,Pennar Upper,36263.575012400004,39,42,39-42 h,0.11479591836734694,0.4641873234336626,0.053286810088048,0.0,NO ALERT,NO ALERT,20261005,00
subbasin,PON,Ponnaiyar and other,East flowing rivers between Pennar and Cauvery Basin,Ponnaiyar and other,28249.4865729,39,42,39-42 h,2.02027027027027,0.4261967397185967,0.8610326025395973,0.0,NO ALERT,NO ALERT,20261005,00
subbasin,PRA,Pranhita and others,Godavari Basin,Pranhita and others,36119.600279599996,39,42,39-42 h,0.06372549019607843,1.0,0.06372549019607843,0.0,NO ALERT,NO ALERT,20261005,00
subbasin,RAM,Ramganga,Ganga Basin,Ramganga,30839.689987,39,42,39-42 h,0.3580729166666667,3.0,1.07421875,0.0,NO ALERT,NO ALERT,20261005,00
subbasin,RAN,Drainage of Rann,West flowing rivers of Kutch and Saurashtra including Luni Basin,Drainage of Rann,21229.9018898,39,42,39-42 h,0.0,1.0,0.0,0.0,NO ALERT,NO ALERT,20261005,00
subbasin,RAV,Ravi,Indus (Up to border) Basin,Ravi,13710.196473299999,39,42,39-42 h,0.3244047619047619,3.0,0.9732142857142858,0.0,NO ALERT,NO ALERT,20261005,00
subbasin,SAL,Sabarmati Lower,Sabarmati Basin,Sabarmati Lower,10865.3209002,39,42,39-42 h,0.0,1.0,0.0,0.0,NO ALERT,NO ALERT,20261005,00
subbasin,SAR,Saraswati,West flowing rivers of Kutch and Saurashtra including Luni Basin,Saraswati,27260.8387238,39,42,39-42 h,0.0,1.0,0.0,0.0,NO ALERT,NO ALERT,20261005,00
subbasin,SAU,Sabarmati Upper,Sabarmati Basin,Sabarmati Upper,19813.2727963,39,42,39-42 h,0.0,1.0,0.0,0.0,NO ALERT,NO ALERT,20261005,00
subbasin,SHE,Shetranjuli and other east flowing rivers,West flowing rivers of Kutch and Saurashtra including Luni Basin,Shetranjuli and other east flowing rivers,18221.670857200003,39,42,39-42 h,0.0,1.0,0.0,0.0,NO ALERT,NO ALERT,20261005,00
subbasin,SHK,Shaksgam,Area of North Ladakha not draining into Indus Basin,Shaksgam,6523.49752196,39,42,39-42 h,1.3579545454545454,1.0,1.3579545454545454,0.0,NO ALERT,NO ALERT,20261005,00
subbasin,SHY,Shyok,Indus (Up to border) Basin,Shyok,38545.0481,39,42,39-42 h,0.2762096774193548,1.0,0.2762096774193548,0.0,NO ALERT,NO ALERT,20261005,00
subbasin,SON,Sone,Ganga Basin,Sone,65110.052420800006,39,42,39-42 h,0.012242268041237113,3.0,0.03672680412371134,0.0,NO ALERT,NO ALERT,20261005,00
subbasin,SUB,Subernarekha,Subernarekha Basin,Subernarekha,25792.1620902,39,42,39-42 h,0.11317567567567567,3.0,0.33952702702702703,0.0,NO ALERT,NO ALERT,20261005,00
subbasin,SUL,Sutlaj Lower,Indus (Up to border) Basin,Sutlaj Lower,38442.7890103,39,42,39-42 h,0.003232758620689655,1.0,0.003232758620689655,0.0,NO ALERT,NO ALERT,20261005,00
subbasin,SUM,Sulmar,Area of North Ladakha not draining into Indus Basin,Sulmar,22715.7309665,39,42,39-42 h,0.0,1.0,0.0,0.0,NO ALERT,NO ALERT,20261005,00
subbasin,SUU,Sutlaj Upper,Indus (Up to border) Basin,Sutlaj Upper,21439.429926099998,39,42,39-42 h,0.09765625,3.0,0.29296875,0.0,NO ALERT,NO ALERT,20261005,00
subbasin,TAM,Tapi Middle,Tapi Basin,Tapi Middle,31766.674366299998,39,42,39-42 h,0.0,1.0,0.0,0.0,NO ALERT,NO ALERT,20261005,00
subbasin,TAU,Tapi Upper,Tapi Basin,Tapi Upper,28047.339302099997,39,42,39-42 h,0.0,1.0,0.0,0.0,NO ALERT,NO ALERT,20261005,00
subbasin,TON,Tons,Ganga Basin,Tons,16905.7373669,39,42,39-42 h,0.0,1.0,0.0,0.0,NO ALERT,NO ALERT,20261005,00
subbasin,TUL,Tungabhadra Lower,Krishna Basin,Tungabhadra Lower,41556.484720199995,39,42,39-42 h,0.07045454545454545,0.7217595285394708,0.05085123951073544,0.0,NO ALERT,NO ALERT,20261005,00
subbasin,TUU,Tungabhadra Upper,Krishna Basin,Tungabhadra Upper,28519.4094375,39,42,39-42 h,0.6346153846153846,0.4850535815326983,0.30782246520344314,0.0,NO ALERT,NO ALERT,20261005,00
subbasin,UGO,Upstream of Gomti confluece to Muzaffarnagar,Ganga Basin,Upstream of Gomti confluece to Muzaffarnagar,29061.3749822,39,42,39-42 h,0.0,1.0,0.0,0.0,NO ALERT,NO ALERT,20261005,00
subbasin,UIN,Upper Indus,Indus (Up to border) Basin,Upper Indus,46450.1263776,39,42,39-42 h,0.05545774647887324,1.0,0.05545774647887324,0.0,NO ALERT,NO ALERT,20261005,00
subbasin,VAI,Vaippar and others,East flowing rivers South of Cauvery Basin,Vaippar and others,20356.688641599998,39,42,39-42 h,0.44675925925925924,0.4794268748348529,0.2141883954702005,0.0,NO ALERT,NO ALERT,20261005,00
subbasin,VAM,Vamsadhara and other,East flowing rivers between Mahanadi and Godavari Basin,Vamsadhara and other,21870.633760099998,39,42,39-42 h,0.07862903225806452,1.0,0.07862903225806452,0.0,NO ALERT,NO ALERT,20261005,00
subbasin,VAR,Varrar and others,West flowing rivers South of Tapi Basin,Varrar and others,14164.6969417,39,42,39-42 h,2.7152777777777777,0.6925699831943927,1.8805198849236633,0.0,NO ALERT,NO ALERT,20261005,00
subbasin,VAS,Vasishti and others,West flowing rivers South of Tapi Basin,Vasishti and others,27473.950096599998,39,42,39-42 h,0.01644736842105263,3.0,0.049342105263157895,0.0,NO ALERT,NO ALERT,20261005,00
subbasin,WAR,Wardha,Godavari Basin,Wardha,46242.0943756,39,42,39-42 h,0.006730769230769231,1.0,0.006730769230769231,0.0,NO ALERT,NO ALERT,20261005,00
subbasin,WEI,Weinganga,Godavari Basin,Weinganga,49695.4011135,39,42,39-42 h,0.033783783783783786,3.0,0.10135135135135136,0.0,NO ALERT,NO ALERT,20261005,00
subbasin,YAL,Yamuna Lower,Ganga Basin,Yamuna Lower,124867.188956,39,42,39-42 h,0.0,1.0,0.0,0.0,NO ALERT,NO ALERT,20261005,00
subbasin,YAM,Yamuna Middle,Ganga Basin,Yamuna Middle,34586.3897844,39,42,39-42 h,0.0,1.0,0.0,0.0,NO ALERT,NO ALERT,20261005,00
subbasin,YAU,Yamuna Upper,Ganga Basin,Yamuna Upper,35798.1884585,39,42,39-42 h,0.05915178571428571,3.0,0.17745535714285715,0.0,NO ALERT,NO ALERT,20261005,00
subbasin,MHL,Mahi Lower,Mahi Basin,Mahi Lower,13092.144778,39,42,39-42 h,0.0,1.0,0.0,0.0,NO ALERT,NO ALERT,20261005,00
subbasin,NAL,Narmada Lower,Narmada Basin,Narmada Lower,9725.401358770001,39,42,39-42 h,0.0,1.0,0.0,0.0,NO ALERT,NO ALERT,20261005,00
subbasin,TAL,Tapi Lower,Tapi Basin,Tapi Lower,3618.19482315,39,42,39-42 h,0.0,1.0,0.0,0.0,NO ALERT,NO ALERT,20261005,00
subbasin,ARA,Above Ramganga Confluence,Ganga Basin,Above Ramganga Confluence,39104.6123558,42,45,42-45 h,0.15517241379310345,3.0,0.4655172413793104,0.0,NO ALERT,NO ALERT,20261005,00
subbasin,BAI,Baitarni,Brahmani and Baitarni Basin,Baitarni,14351.232989600001,42,45,42-45 h,0.0,1.0,0.0,0.0,NO ALERT,NO ALERT,20261005,00
subbasin,BAM,Barmer,Indus (Up to border) Basin,Barmer,21658.9369285,42,45,42-45 h,0.0,1.0,0.0,0.0,NO ALERT,NO ALERT,20261005,00
subbasin,BAN,Banas,Ganga Basin,Banas,51651.5088239,42,45,42-45 h,0.0,1.0,0.0,0.0,NO ALERT,NO ALERT,20261005,00
subbasin,BAR,Barak,Barak and others Basin,Barak,27658.980335700002,42,45,42-45 h,0.023809523809523808,2.361846817831245,0.05623444804360107,0.0,NO ALERT,NO ALERT,20261005,00
subbasin,BEA,Beas,Indus (Up to border) Basin,Beas,19002.474906599997,42,45,42-45 h,0.48185483870967744,3.0,1.4455645161290323,0.0,NO ALERT,NO ALERT,20261005,00
subbasin,BHA,Bhadar and other west flowing rivers,West flowing rivers of Kutch and Saurashtra including Luni Basin,Bhadar and other west flowing rivers,18489.7027305,42,45,42-45 h,0.0,1.0,0.0,0.0,NO ALERT,NO ALERT,20261005,00
subbasin,BHG,Bhagirathi and others (Ganga Lower),Ganga Basin,Bhagirathi and others (Ganga Lower),64038.9710863,42,45,42-45 h,0.10546875,3.0,0.31640625,0.0,NO ALERT,NO ALERT,20261005,00
subbasin,BHL,Bhima Lower,Krishna Basin,Bhima Lower,23652.6979435,42,45,42-45 h,0.0,1.0,0.0,0.0,NO ALERT,NO ALERT,20261005,00
subbasin,BHT,Bhatsol and others,West flowing rivers South of Tapi Basin,Bhatsol and others,29332.606177,42,45,42-45 h,0.001488095238095238,1.0,0.001488095238095238,0.0,NO ALERT,NO ALERT,20261005,00
subbasin,BHU,Bhima Upper,Krishna Basin,Bhima Upper,44793.3226794,42,45,42-45 h,0.0,1.0,0.0,0.0,NO ALERT,NO ALERT,20261005,00
subbasin,BRA,Brahmani,Brahmani and Baitarni Basin,Brahmani,37545.8337422,42,45,42-45 h,0.005387931034482759,3.0,0.016163793103448277,0.0,NO ALERT,NO ALERT,20261005,00
subbasin,BRL,Brahmaputra Lower,Brahmaputra Basin,Brahmaputra Lower,87392.2235093,42,45,42-45 h,0.06343984962406016,1.2621195839226036,0.08006867661163135,0.0,NO ALERT,NO ALERT,20261005,00
subbasin,BRU,Brahmaputra Upper,Brahmaputra Basin,Brahmaputra Upper,98972.86923639999,42,45,42-45 h,0.004966887417218543,0.8282563852423646,0.004113856218091215,0.0,NO ALERT,NO ALERT,20261005,00
subbasin,CAL,Cauvery Lower,Cauvery Basin,Cauvery Lower,17386.448641799998,42,45,42-45 h,0.18181818181818182,0.7989375331434209,0.14526136966244016,0.0,NO ALERT,NO ALERT,20261005,00
subbasin,CAM,Cauvery Middle,Cauvery Basin,Cauvery Middle,57280.980105099996,42,45,42-45 h,0.2658333333333333,0.3,0.07974999999999999,0.0,NO ALERT,NO ALERT,20261005,00
subbasin,CAU,Cauvery Upper,Cauvery Basin,Cauvery Upper,10958.799342,42,45,42-45 h,0.0,0.3,0.0,0.0,NO ALERT,NO ALERT,20261005,00
subbasin,CHA,Chautang and others,Indus (Up to border) Basin,Chautang and others,27704.2449767,42,45,42-45 h,0.0,1.0,0.0,0.0,NO ALERT,NO ALERT,20261005,00
subbasin,CHE,Chenab,Indus (Up to border) Basin,Chenab,29981.3828085,42,45,42-45 h,0.82421875,3.0,2.47265625,0.0,NO ALERT,NO ALERT,20261005,00
subbasin,CHL,Chambal Lower,Ganga Basin,Chambal Lower,10941.2620969,42,45,42-45 h,0.0,1.0,0.0,0.0,NO ALERT,NO ALERT,20261005,00
subbasin,CHR,Churu,Indus (Up to border) Basin,Churu,66832.7547281,42,45,42-45 h,0.0,1.0,0.0,0.0,NO ALERT,NO ALERT,20261005,00
subbasin,CHU,Chambal Upper,Ganga Basin,Chambal Upper,25546.5699826,42,45,42-45 h,0.0,1.0,0.0,0.0,NO ALERT,NO ALERT,20261005,00
subbasin,DAL,Drainage Area of Lakshadweep Islands,Drainage Area of Lakshadweep Islands Basin,Drainage Area of Lakshadweep Islands,669.812447676,42,45,42-45 h,0.0,1.0,0.0,0.0,NO ALERT,NO ALERT,20261005,00
subbasin,DAM,Damodar,Ganga Basin,Damodar,41965.4937886,42,45,42-45 h,0.00423728813559322,3.0,0.012711864406779662,0.0,NO ALERT,NO ALERT,20261005,00
subbasin,DAN,Drainage Area of Andaman and Nicobar Islands,Drainage Area of Andaman and Nicobar Islands Basin,Drainage Area of Andaman and Nicobar Islands,7577.85235893,42,45,42-45 h,0.045454545454545456,0.3,0.013636363636363636,0.0,NO ALERT,NO ALERT,20261005,00
subbasin,GAN,Gandak and others,Ganga Basin,Gandak and others,56260.4279485,42,45,42-45 h,0.17223837209302326,3.0,0.5167151162790697,0.0,NO ALERT,NO ALERT,20261005,00
subbasin,GDL,Godavari Lower,Godavari Basin,Godavari Lower,44492.9272893,42,45,42-45 h,0.012295081967213115,3.0,0.036885245901639344,0.0,NO ALERT,NO ALERT,20261005,00
subbasin,GDM,Godavari Middle,Godavari Basin,Godavari Middle,36290.474892599996,42,45,42-45 h,0.0,1.0,0.0,0.0,NO ALERT,NO ALERT,20261005,00
subbasin,GDU,Godavari Upper,Godavari Basin,Godavari Upper,21443.233252,42,45,42-45 h,0.0,1.0,0.0,0.0,NO ALERT,NO ALERT,20261005,00
subbasin,GHA,Ghaghara,Ganga Basin,Ghaghara,58634.1755549,42,45,42-45 h,0.1638888888888889,1.6536675276181974,0.2710177336929823,0.0,NO ALERT,NO ALERT,20261005,00
subbasin,GHG,Ghaghara Confluence to Gomti confluence,Ganga Basin,Ghaghara Confluence to Gomti confluence,26254.0625402,42,45,42-45 h,0.020833333333333332,1.0,0.020833333333333332,0.0,NO ALERT,NO ALERT,20261005,00
subbasin,GHO,Ghaghar and others,Indus (Up to border) Basin,Ghaghar and others,49978.9330453,42,45,42-45 h,0.005335365853658537,1.0,0.005335365853658537,0.0,NO ALERT,NO ALERT,20261005,00
subbasin,GIL,Gilgit,Indus (Up to border) Basin,Gilgit,27088.6965445,42,45,42-45 h,0.15460526315789475,1.4341220584848333,0.22172281825258938,0.0,NO ALERT,NO ALERT,20261005,00
subbasin,GOM,Gomti,Ganga Basin,Gomti,29865.2109004,42,45,42-45 h,0.24444444444444444,1.0,0.24444444444444444,0.0,NO ALERT,NO ALERT,20261005,00
subbasin,GTK,East flowing rivers between Godavari and krishna,East flowing rivers between Godavari and Krishna Basin,East flowing rivers between Godavari and krishna,10342.2894048,42,45,42-45 h,0.12980769230769232,1.6742437243723507,0.21732971422141092,0.0,NO ALERT,NO ALERT,20261005,00
subbasin,IMP,Imphal and others,Minor rivers draining into Myanmar Basin,Imphal and others,16754.8996877,42,45,42-45 h,0.0,1.5529862153812508,0.0,0.0,NO ALERT,NO ALERT,20261005,00
subbasin,IND,Indravati,Godavari Basin,Indravati,38306.103516099996,42,45,42-45 h,0.0,1.0,0.0,0.0,NO ALERT,NO ALERT,20261005,00
subbasin,JHE,Jhelum,Indus (Up to border) Basin,Jhelum,29200.5186975,42,45,42-45 h,0.3377659574468085,3.0,1.0132978723404253,0.0,NO ALERT,NO ALERT,20261005,00
subbasin,KAS,Kali Sindh and others up to Confluence with Parbati,Ganga Basin,Kali Sindh and others up to Confluence with Parbati,48492.609462,42,45,42-45 h,0.0,1.0,0.0,0.0,NO ALERT,NO ALERT,20261005,00
subbasin,KOS,Kosi,Ganga Basin,Kosi,18413.5817315,42,45,42-45 h,0.2708333333333333,3.0,0.8125,0.0,NO ALERT,NO ALERT,20261005,00
subbasin,KPO,Karnaphuli and Others,Minor rivers draining into Bangladesh Basin,Karnaphuli and Others,3776.83637815,42,45,42-45 h,0.0,3.0,0.0,0.0,NO ALERT,NO ALERT,20261005,00
subbasin,KRL,Krishna Lower,Krishna Basin,Krishna Lower,39494.3345917,42,45,42-45 h,0.0695754716981132,3.0,0.20872641509433962,0.0,NO ALERT,NO ALERT,20261005,00
subbasin,KRM,Krishna Middle,Krishna Basin,Krishna Middle,22229.122290299998,42,45,42-45 h,0.0,3.0,0.0,0.0,NO ALERT,NO ALERT,20261005,00
subbasin,KRU,Krishna Upper,Krishna Basin,Krishna Upper,54504.7707132,42,45,42-45 h,0.003289473684210526,3.0,0.009868421052631578,0.0,NO ALERT,NO ALERT,20261005,00
subbasin,KTP,East flowing rivers between krishna and Pennar,East flowing rivers between Krishna and Pennar Basin,East flowing rivers between krishna and Pennar,23334.6280124,42,45,42-45 h,0.255859375,1.1319794021185743,0.28962754233893206,0.0,NO ALERT,NO ALERT,20261005,00
subbasin,KYN,Kynchiang and other south flowing rivers,Barak and others Basin,Kynchiang and other south flowing rivers,10267.390013600001,42,45,42-45 h,0.0,3.0,0.0,0.0,NO ALERT,NO ALERT,20261005,00
subbasin,LIN,Lower Indus,Indus (Up to border) Basin,Lower Indus,23894.095446299998,42,45,42-45 h,0.10625,2.2084975976104473,0.23465286974611002,0.0,NO ALERT,NO ALERT,20261005,00
subbasin,LUL,Luni Lower,West flowing rivers of Kutch and Saurashtra including Luni Basin,Luni Lower,29180.1166377,42,45,42-45 h,0.0,1.0,0.0,0.0,NO ALERT,NO ALERT,20261005,00
subbasin,LUU,Luni Upper,West flowing rivers of Kutch and Saurashtra including Luni Basin,Luni Upper,70202.5788834,42,45,42-45 h,0.0,1.0,0.0,0.0,NO ALERT,NO ALERT,20261005,00
subbasin,MAJ,Manjra,Godavari Basin,Manjra,29472.8781663,42,45,42-45 h,0.0,1.0,0.0,0.0,NO ALERT,NO ALERT,20261005,00
subbasin,MAL,Mahanadi Lower,Mahanadi Basin,Mahanadi Lower,57958.8771578,42,45,42-45 h,0.19270833333333334,3.0,0.578125,0.0,NO ALERT,NO ALERT,20261005,00
subbasin,MAM,Mahanadi Middle,Mahanadi Basin,Mahanadi Middle,51895.912271199995,42,45,42-45 h,0.04,3.0,0.12,0.0,NO ALERT,NO ALERT,20261005,00
subbasin,MAN,Mangpui Lui and others,Minor rivers draining into Myanmar Basin,Mangpui Lui and others,7976.1826088,42,45,42-45 h,0.0,2.60114602242229,0.0,0.0,NO ALERT,NO ALERT,20261005,00
subbasin,MAU,Mahanadi Upper,Mahanadi Basin,Mahanadi Upper,29796.635875400003,42,45,42-45 h,0.0,3.0,0.0,0.0,NO ALERT,NO ALERT,20261005,00
subbasin,MHO,Muhury and Others,Minor rivers draining into Bangladesh Basin,Muhury and Others,1676.3936024500001,42,45,42-45 h,0.21875,3.0,0.65625,0.0,NO ALERT,NO ALERT,20261005,00
subbasin,MHU,Mahi Upper,Mahi Basin,Mahi Upper,24959.804656099997,42,45,42-45 h,0.0,1.0,0.0,0.0,NO ALERT,NO ALERT,20261005,00
subbasin,NAG,Nagvati and other,East flowing rivers between Mahanadi and Godavari Basin,Nagvati and other,24372.2391257,42,45,42-45 h,0.0033783783783783786,2.2457786192721487,0.007587089929973476,0.0,NO ALERT,NO ALERT,20261005,00
subbasin,NAM,Narmada Middle,Narmada Basin,Narmada Middle,40575.718659599996,42,45,42-45 h,0.0,1.0,0.0,0.0,NO ALERT,NO ALERT,20261005,00
subbasin,NAO,Naoch chara and others,Barak and others Basin,Naoch chara and others,7695.8122394600005,42,45,42-45 h,0.019230769230769232,2.150084480464447,0.04134777847047014,0.0,NO ALERT,NO ALERT,20261005,00
subbasin,NAU,Narmada Upper,Narmada Basin,Narmada Upper,43192.6765088,42,45,42-45 h,0.0,1.0,0.0,0.0,NO ALERT,NO ALERT,20261005,00
subbasin,NET,Netravati and others,West flowing rivers South of Tapi Basin,Netravati and others,18762.0879077,42,45,42-45 h,0.0225,1.8755350582862367,0.042199538811440326,0.0,NO ALERT,NO ALERT,20261005,00
subbasin,PAL,Palar and other,East flowing rivers between Pennar and Cauvery Basin,Palar and other,35392.3393366,42,45,42-45 h,0.0234375,0.3266358224797221,0.007655527089368487,0.0,NO ALERT,NO ALERT,20261005,00
subbasin,PAM,Pamba and others,East flowing rivers South of Cauvery Basin,Pamba and others,18289.4135022,42,45,42-45 h,0.7135416666666666,0.654600010391094,0.46708438241447847,0.0,NO ALERT,NO ALERT,20261005,00
subbasin,PAR,Periyar and others,West flowing rivers South of Tapi Basin,Periyar and others,21895.2090182,42,45,42-45 h,0.032327586206896554,0.5777269689606324,0.01867651839312389,0.0,NO ALERT,NO ALERT,20261005,00
subbasin,PEL,Pennar Lower,Pennar Basin,Pennar Lower,17979.8549043,42,45,42-45 h,0.09635416666666667,0.39404642939654655,0.037968015332479746,0.0,NO ALERT,NO ALERT,20261005,00
subbasin,PEU,Pennar Upper,Pennar Basin,Pennar Upper,36263.575012400004,42,45,42-45 h,0.0548469387755102,0.4641873234336626,0.025459253708734045,0.0,NO ALERT,NO ALERT,20261005,00
subbasin,PON,Ponnaiyar and other,East flowing rivers between Pennar and Cauvery Basin,Ponnaiyar and other,28249.4865729,42,45,42-45 h,0.02364864864864865,0.4261967397185967,0.010078976952804651,0.0,NO ALERT,NO ALERT,20261005,00
subbasin,PRA,Pranhita and others,Godavari Basin,Pranhita and others,36119.600279599996,42,45,42-45 h,0.031862745098039214,1.0,0.031862745098039214,0.0,NO ALERT,NO ALERT,20261005,00
subbasin,RAM,Ramganga,Ganga Basin,Ramganga,30839.689987,42,45,42-45 h,0.4908854166666667,3.0,1.47265625,0.0,NO ALERT,NO ALERT,20261005,00
subbasin,RAN,Drainage of Rann,West flowing rivers of Kutch and Saurashtra including Luni Basin,Drainage of Rann,21229.9018898,42,45,42-45 h,0.0,1.0,0.0,0.0,NO ALERT,NO ALERT,20261005,00
subbasin,RAV,Ravi,Indus (Up to border) Basin,Ravi,13710.196473299999,42,45,42-45 h,0.48214285714285715,3.0,1.4464285714285714,0.0,NO ALERT,NO ALERT,20261005,00
subbasin,SAL,Sabarmati Lower,Sabarmati Basin,Sabarmati Lower,10865.3209002,42,45,42-45 h,0.0,1.0,0.0,0.0,NO ALERT,NO ALERT,20261005,00
subbasin,SAR,Saraswati,West flowing rivers of Kutch and Saurashtra including Luni Basin,Saraswati,27260.8387238,42,45,42-45 h,0.0,1.0,0.0,0.0,NO ALERT,NO ALERT,20261005,00
subbasin,SAU,Sabarmati Upper,Sabarmati Basin,Sabarmati Upper,19813.2727963,42,45,42-45 h,0.0,1.0,0.0,0.0,NO ALERT,NO ALERT,20261005,00
subbasin,SHE,Shetranjuli and other east flowing rivers,West flowing rivers of Kutch and Saurashtra including Luni Basin,Shetranjuli and other east flowing rivers,18221.670857200003,42,45,42-45 h,0.0,1.0,0.0,0.0,NO ALERT,NO ALERT,20261005,00
subbasin,SHK,Shaksgam,Area of North Ladakha not draining into Indus Basin,Shaksgam,6523.49752196,42,45,42-45 h,1.0738636363636365,1.0,1.0738636363636365,0.0,NO ALERT,NO ALERT,20261005,00
subbasin,SHY,Shyok,Indus (Up to border) Basin,Shyok,38545.0481,42,45,42-45 h,0.05040322580645161,1.0,0.05040322580645161,0.0,NO ALERT,NO ALERT,20261005,00
subbasin,SON,Sone,Ganga Basin,Sone,65110.052420800006,42,45,42-45 h,0.00902061855670103,3.0,0.02706185567010309,0.0,NO ALERT,NO ALERT,20261005,00
subbasin,SUB,Subernarekha,Subernarekha Basin,Subernarekha,25792.1620902,42,45,42-45 h,0.028716216216216218,3.0,0.08614864864864866,0.0,NO ALERT,NO ALERT,20261005,00
subbasin,SUL,Sutlaj Lower,Indus (Up to border) Basin,Sutlaj Lower,38442.7890103,42,45,42-45 h,0.0010775862068965517,1.0,0.0010775862068965517,0.0,NO ALERT,NO ALERT,20261005,00
subbasin,SUM,Sulmar,Area of North Ladakha not draining into Indus Basin,Sulmar,22715.7309665,42,45,42-45 h,0.0,1.0,0.0,0.0,NO ALERT,NO ALERT,20261005,00
subbasin,SUU,Sutlaj Upper,Indus (Up to border) Basin,Sutlaj Upper,21439.429926099998,42,45,42-45 h,0.04296875,3.0,0.12890625,0.0,NO ALERT,NO ALERT,20261005,00
subbasin,TAM,Tapi Middle,Tapi Basin,Tapi Middle,31766.674366299998,42,45,42-45 h,0.0,1.0,0.0,0.0,NO ALERT,NO ALERT,20261005,00
subbasin,TAU,Tapi Upper,Tapi Basin,Tapi Upper,28047.339302099997,42,45,42-45 h,0.0,1.0,0.0,0.0,NO ALERT,NO ALERT,20261005,00
subbasin,TON,Tons,Ganga Basin,Tons,16905.7373669,42,45,42-45 h,0.0,1.0,0.0,0.0,NO ALERT,NO ALERT,20261005,00
subbasin,TUL,Tungabhadra Lower,Krishna Basin,Tungabhadra Lower,41556.484720199995,42,45,42-45 h,0.14204545454545456,0.7217595285394708,0.10252266030390211,0.0,NO ALERT,NO ALERT,20261005,00
subbasin,TUU,Tungabhadra Upper,Krishna Basin,Tungabhadra Upper,28519.4094375,42,45,42-45 h,0.2724358974358974,0.4850535815326983,0.1321460077893569,0.0,NO ALERT,NO ALERT,20261005,00
subbasin,UGO,Upstream of Gomti confluece to Muzaffarnagar,Ganga Basin,Upstream of Gomti confluece to Muzaffarnagar,29061.3749822,42,45,42-45 h,0.0,1.0,0.0,0.0,NO ALERT,NO ALERT,20261005,00
subbasin,UIN,Upper Indus,Indus (Up to border) Basin,Upper Indus,46450.1263776,42,45,42-45 h,0.018485915492957746,1.0,0.018485915492957746,0.0,NO ALERT,NO ALERT,20261005,00
subbasin,VAI,Vaippar and others,East flowing rivers South of Cauvery Basin,Vaippar and others,20356.688641599998,42,45,42-45 h,0.3449074074074074,0.4794268748348529,0.16535788044072472,0.0,NO ALERT,NO ALERT,20261005,00
subbasin,VAM,Vamsadhara and other,East flowing rivers between Mahanadi and Godavari Basin,Vamsadhara and other,21870.633760099998,42,45,42-45 h,0.02620967741935484,1.0,0.02620967741935484,0.0,NO ALERT,NO ALERT,20261005,00
subbasin,VAR,Varrar and others,West flowing rivers South of Tapi Basin,Varrar and others,14164.6969417,42,45,42-45 h,0.0,0.6925699831943927,0.0,0.0,NO ALERT,NO ALERT,20261005,00
subbasin,VAS,Vasishti and others,West flowing rivers South of Tapi Basin,Vasishti and others,27473.950096599998,42,45,42-45 h,0.19736842105263158,3.0,0.5921052631578947,0.0,NO ALERT,NO ALERT,20261005,00
subbasin,WAR,Wardha,Godavari Basin,Wardha,46242.0943756,42,45,42-45 h,0.013461538461538462,1.0,0.013461538461538462,0.0,NO ALERT,NO ALERT,20261005,00
subbasin,WEI,Weinganga,Godavari Basin,Weinganga,49695.4011135,42,45,42-45 h,0.0,3.0,0.0,0.0,NO ALERT,NO ALERT,20261005,00
subbasin,YAL,Yamuna Lower,Ganga Basin,Yamuna Lower,124867.188956,42,45,42-45 h,0.0,1.0,0.0,0.0,NO ALERT,NO ALERT,20261005,00
subbasin,YAM,Yamuna Middle,Ganga Basin,Yamuna Middle,34586.3897844,42,45,42-45 h,0.0,1.0,0.0,0.0,NO ALERT,NO ALERT,20261005,00
subbasin,YAU,Yamuna Upper,Ganga Basin,Yamuna Upper,35798.1884585,42,45,42-45 h,0.13392857142857142,3.0,0.4017857142857143,0.0,NO ALERT,NO ALERT,20261005,00
subbasin,MHL,Mahi Lower,Mahi Basin,Mahi Lower,13092.144778,42,45,42-45 h,0.0,1.0,0.0,0.0,NO ALERT,NO ALERT,20261005,00
subbasin,NAL,Narmada Lower,Narmada Basin,Narmada Lower,9725.401358770001,42,45,42-45 h,0.0,1.0,0.0,0.0,NO ALERT,NO ALERT,20261005,00
subbasin,TAL,Tapi Lower,Tapi Basin,Tapi Lower,3618.19482315,42,45,42-45 h,0.0,1.0,0.0,0.0,NO ALERT,NO ALERT,20261005,00
subbasin,ARA,Above Ramganga Confluence,Ganga Basin,Above Ramganga Confluence,39104.6123558,45,48,45-48 h,0.2995689655172414,3.0,0.8987068965517242,0.0,NO ALERT,NO ALERT,20261005,00
subbasin,BAI,Baitarni,Brahmani and Baitarni Basin,Baitarni,14351.232989600001,45,48,45-48 h,0.01488095238095238,1.0,0.01488095238095238,0.0,NO ALERT,NO ALERT,20261005,00
subbasin,BAM,Barmer,Indus (Up to border) Basin,Barmer,21658.9369285,45,48,45-48 h,0.0,1.0,0.0,0.0,NO ALERT,NO ALERT,20261005,00
subbasin,BAN,Banas,Ganga Basin,Banas,51651.5088239,45,48,45-48 h,0.0,1.0,0.0,0.0,NO ALERT,NO ALERT,20261005,00
subbasin,BAR,Barak,Barak and others Basin,Barak,27658.980335700002,45,48,45-48 h,0.023809523809523808,2.361846817831245,0.05623444804360107,0.0,NO ALERT,NO ALERT,20261005,00
subbasin,BEA,Beas,Indus (Up to border) Basin,Beas,19002.474906599997,45,48,45-48 h,0.5020161290322581,3.0,1.5060483870967745,0.0,NO ALERT,NO ALERT,20261005,00
subbasin,BHA,Bhadar and other west flowing rivers,West flowing rivers of Kutch and Saurashtra including Luni Basin,Bhadar and other west flowing rivers,18489.7027305,45,48,45-48 h,0.0,1.0,0.0,0.0,NO ALERT,NO ALERT,20261005,00
subbasin,BHG,Bhagirathi and others (Ganga Lower),Ganga Basin,Bhagirathi and others (Ganga Lower),64038.9710863,45,48,45-48 h,0.11067708333333333,3.0,0.33203125,0.0,NO ALERT,NO ALERT,20261005,00
subbasin,BHL,Bhima Lower,Krishna Basin,Bhima Lower,23652.6979435,45,48,45-48 h,0.0,1.0,0.0,0.0,NO ALERT,NO ALERT,20261005,00
subbasin,BHT,Bhatsol and others,West flowing rivers South of Tapi Basin,Bhatsol and others,29332.606177,45,48,45-48 h,0.0,1.0,0.0,0.0,NO ALERT,NO ALERT,20261005,00
subbasin,BHU,Bhima Upper,Krishna Basin,Bhima Upper,44793.3226794,45,48,45-48 h,0.0,1.0,0.0,0.0,NO ALERT,NO ALERT,20261005,00
subbasin,BRA,Brahmani,Brahmani and Baitarni Basin,Brahmani,37545.8337422,45,48,45-48 h,0.1411637931034483,3.0,0.42349137931034486,0.0,NO ALERT,NO ALERT,20261005,00
subbasin,BRL,Brahmaputra Lower,Brahmaputra Basin,Brahmaputra Lower,87392.2235093,45,48,45-48 h,0.07847744360902256,1.2621195839226036,0.09904791847512914,0.0,NO ALERT,NO ALERT,20261005,00
subbasin,BRU,Brahmaputra Upper,Brahmaputra Basin,Brahmaputra Upper,98972.86923639999,45,48,45-48 h,0.0008278145695364238,0.8282563852423646,0.0006856427030152025,0.0,NO ALERT,NO ALERT,20261005,00
subbasin,CAL,Cauvery Lower,Cauvery Basin,Cauvery Lower,17386.448641799998,45,48,45-48 h,0.26420454545454547,0.7989375331434209,0.21108292779073337,0.0,NO ALERT,NO ALERT,20261005,00
subbasin,CAM,Cauvery Middle,Cauvery Basin,Cauvery Middle,57280.980105099996,45,48,45-48 h,0.3275,0.3,0.09825,0.0,NO ALERT,NO ALERT,20261005,00
subbasin,CAU,Cauvery Upper,Cauvery Basin,Cauvery Upper,10958.799342,45,48,45-48 h,0.19921875,0.3,0.059765624999999996,0.0,NO ALERT,NO ALERT,20261005,00
subbasin,CHA,Chautang and others,Indus (Up to border) Basin,Chautang and others,27704.2449767,45,48,45-48 h,0.0,1.0,0.0,0.0,NO ALERT,NO ALERT,20261005,00
subbasin,CHE,Chenab,Indus (Up to border) Basin,Chenab,29981.3828085,45,48,45-48 h,1.0794270833333333,3.0,3.23828125,0.0,NO ALERT,NO ALERT,20261005,00
subbasin,CHL,Chambal Lower,Ganga Basin,Chambal Lower,10941.2620969,45,48,45-48 h,0.0,1.0,0.0,0.0,NO ALERT,NO ALERT,20261005,00
subbasin,CHR,Churu,Indus (Up to border) Basin,Churu,66832.7547281,45,48,45-48 h,0.0,1.0,0.0,0.0,NO ALERT,NO ALERT,20261005,00
subbasin,CHU,Chambal Upper,Ganga Basin,Chambal Upper,25546.5699826,45,48,45-48 h,0.0,1.0,0.0,0.0,NO ALERT,NO ALERT,20261005,00
subbasin,DAL,Drainage Area of Lakshadweep Islands,Drainage Area of Lakshadweep Islands Basin,Drainage Area of Lakshadweep Islands,669.812447676,45,48,45-48 h,0.0,1.0,0.0,0.0,NO ALERT,NO ALERT,20261005,00
subbasin,DAM,Damodar,Ganga Basin,Damodar,41965.4937886,45,48,45-48 h,0.015889830508474576,3.0,0.04766949152542373,0.0,NO ALERT,NO ALERT,20261005,00
subbasin,DAN,Drainage Area of Andaman and Nicobar Islands,Drainage Area of Andaman and Nicobar Islands Basin,Drainage Area of Andaman and Nicobar Islands,7577.85235893,45,48,45-48 h,0.3409090909090909,0.3,0.10227272727272727,0.0,NO ALERT,NO ALERT,20261005,00
subbasin,GAN,Gandak and others,Ganga Basin,Gandak and others,56260.4279485,45,48,45-48 h,0.4941860465116279,3.0,1.4825581395348837,0.0,NO ALERT,NO ALERT,20261005,00
subbasin,GDL,Godavari Lower,Godavari Basin,Godavari Lower,44492.9272893,45,48,45-48 h,0.045081967213114756,3.0,0.13524590163934427,0.0,NO ALERT,NO ALERT,20261005,00
subbasin,GDM,Godavari Middle,Godavari Basin,Godavari Middle,36290.474892599996,45,48,45-48 h,0.0,1.0,0.0,0.0,NO ALERT,NO ALERT,20261005,00
subbasin,GDU,Godavari Upper,Godavari Basin,Godavari Upper,21443.233252,45,48,45-48 h,0.0,1.0,0.0,0.0,NO ALERT,NO ALERT,20261005,00
subbasin,GHA,Ghaghara,Ganga Basin,Ghaghara,58634.1755549,45,48,45-48 h,0.9277777777777778,1.6536675276181974,1.534235983956883,0.0,NO ALERT,NO ALERT,20261005,00
subbasin,GHG,Ghaghara Confluence to Gomti confluence,Ganga Basin,Ghaghara Confluence to Gomti confluence,26254.0625402,45,48,45-48 h,0.1388888888888889,1.0,0.1388888888888889,0.0,NO ALERT,NO ALERT,20261005,00
subbasin,GHO,Ghaghar and others,Indus (Up to border) Basin,Ghaghar and others,49978.9330453,45,48,45-48 h,0.014481707317073171,1.0,0.014481707317073171,0.0,NO ALERT,NO ALERT,20261005,00
subbasin,GIL,Gilgit,Indus (Up to border) Basin,Gilgit,27088.6965445,45,48,45-48 h,1.6644736842105263,1.4341220584848333,2.3870584262938346,0.0,NO ALERT,NO ALERT,20261005,00
subbasin,GOM,Gomti,Ganga Basin,Gomti,29865.2109004,45,48,45-48 h,0.4638888888888889,1.0,0.4638888888888889,0.0,NO ALERT,NO ALERT,20261005,00
subbasin,GTK,East flowing rivers between Godavari and krishna,East flowing rivers between Godavari and Krishna Basin,East flowing rivers between Godavari and krishna,10342.2894048,45,48,45-48 h,0.4230769230769231,1.6742437243723507,0.7083338833883022,0.0,NO ALERT,NO ALERT,20261005,00
subbasin,IMP,Imphal and others,Minor rivers draining into Myanmar Basin,Imphal and others,16754.8996877,45,48,45-48 h,0.005208333333333333,1.5529862153812508,0.008088469871777347,0.0,NO ALERT,NO ALERT,20261005,00
subbasin,IND,Indravati,Godavari Basin,Indravati,38306.103516099996,45,48,45-48 h,0.006944444444444444,1.0,0.006944444444444444,0.0,NO ALERT,NO ALERT,20261005,00
subbasin,JHE,Jhelum,Indus (Up to border) Basin,Jhelum,29200.5186975,45,48,45-48 h,1.172872340425532,3.0,3.5186170212765955,0.0,NO ALERT,NO ALERT,20261005,00
subbasin,KAS,Kali Sindh and others up to Confluence with Parbati,Ganga Basin,Kali Sindh and others up to Confluence with Parbati,48492.609462,45,48,45-48 h,0.0,1.0,0.0,0.0,NO ALERT,NO ALERT,20261005,00
subbasin,KOS,Kosi,Ganga Basin,Kosi,18413.5817315,45,48,45-48 h,1.7824074074074074,3.0,5.347222222222222,0.0,NO ALERT,NO ALERT,20261005,00
subbasin,KPO,Karnaphuli and Others,Minor rivers draining into Bangladesh Basin,Karnaphuli and Others,3776.83637815,45,48,45-48 h,0.0,3.0,0.0,0.0,NO ALERT,NO ALERT,20261005,00
subbasin,KRL,Krishna Lower,Krishna Basin,Krishna Lower,39494.3345917,45,48,45-48 h,0.049528301886792456,3.0,0.14858490566037735,0.0,NO ALERT,NO ALERT,20261005,00
subbasin,KRM,Krishna Middle,Krishna Basin,Krishna Middle,22229.122290299998,45,48,45-48 h,0.017578125,3.0,0.052734375,0.0,NO ALERT,NO ALERT,20261005,00
subbasin,KRU,Krishna Upper,Krishna Basin,Krishna Upper,54504.7707132,45,48,45-48 h,0.0,3.0,0.0,0.0,NO ALERT,NO ALERT,20261005,00
subbasin,KTP,East flowing rivers between krishna and Pennar,East flowing rivers between Krishna and Pennar Basin,East flowing rivers between krishna and Pennar,23334.6280124,45,48,45-48 h,0.046875,1.1319794021185743,0.05306153447430817,0.0,NO ALERT,NO ALERT,20261005,00
subbasin,KYN,Kynchiang and other south flowing rivers,Barak and others Basin,Kynchiang and other south flowing rivers,10267.390013600001,45,48,45-48 h,0.004166666666666667,3.0,0.0125,0.0,NO ALERT,NO ALERT,20261005,00
subbasin,LIN,Lower Indus,Indus (Up to border) Basin,Lower Indus,23894.095446299998,45,48,45-48 h,1.065625,2.2084975976104473,2.353430252453633,0.0,NO ALERT,NO ALERT,20261005,00
subbasin,LUL,Luni Lower,West flowing rivers of Kutch and Saurashtra including Luni Basin,Luni Lower,29180.1166377,45,48,45-48 h,0.0,1.0,0.0,0.0,NO ALERT,NO ALERT,20261005,00
subbasin,LUU,Luni Upper,West flowing rivers of Kutch and Saurashtra including Luni Basin,Luni Upper,70202.5788834,45,48,45-48 h,0.0,1.0,0.0,0.0,NO ALERT,NO ALERT,20261005,00
subbasin,MAJ,Manjra,Godavari Basin,Manjra,29472.8781663,45,48,45-48 h,0.0,1.0,0.0,0.0,NO ALERT,NO ALERT,20261005,00
subbasin,MAL,Mahanadi Lower,Mahanadi Basin,Mahanadi Lower,57958.8771578,45,48,45-48 h,0.08779761904761904,3.0,0.2633928571428571,0.0,NO ALERT,NO ALERT,20261005,00
subbasin,MAM,Mahanadi Middle,Mahanadi Basin,Mahanadi Middle,51895.912271199995,45,48,45-48 h,0.06583333333333333,3.0,0.19749999999999998,0.0,NO ALERT,NO ALERT,20261005,00
subbasin,MAN,Mangpui Lui and others,Minor rivers draining into Myanmar Basin,Mangpui Lui and others,7976.1826088,45,48,45-48 h,0.0,2.60114602242229,0.0,0.0,NO ALERT,NO ALERT,20261005,00
subbasin,MAU,Mahanadi Upper,Mahanadi Basin,Mahanadi Upper,29796.635875400003,45,48,45-48 h,0.001488095238095238,3.0,0.004464285714285714,0.0,NO ALERT,NO ALERT,20261005,00
subbasin,MHO,Muhury and Others,Minor rivers draining into Bangladesh Basin,Muhury and Others,1676.3936024500001,45,48,45-48 h,0.0,3.0,0.0,0.0,NO ALERT,NO ALERT,20261005,00
subbasin,MHU,Mahi Upper,Mahi Basin,Mahi Upper,24959.804656099997,45,48,45-48 h,0.0,1.0,0.0,0.0,NO ALERT,NO ALERT,20261005,00
subbasin,NAG,Nagvati and other,East flowing rivers between Mahanadi and Godavari Basin,Nagvati and other,24372.2391257,45,48,45-48 h,0.008445945945945946,2.2457786192721487,0.01896772482493369,0.0,NO ALERT,NO ALERT,20261005,00
subbasin,NAM,Narmada Middle,Narmada Basin,Narmada Middle,40575.718659599996,45,48,45-48 h,0.0,1.0,0.0,0.0,NO ALERT,NO ALERT,20261005,00
subbasin,NAO,Naoch chara and others,Barak and others Basin,Naoch chara and others,7695.8122394600005,45,48,45-48 h,0.09615384615384616,2.150084480464447,0.20673889235235068,0.0,NO ALERT,NO ALERT,20261005,00
subbasin,NAU,Narmada Upper,Narmada Basin,Narmada Upper,43192.6765088,45,48,45-48 h,0.0,1.0,0.0,0.0,NO ALERT,NO ALERT,20261005,00
subbasin,NET,Netravati and others,West flowing rivers South of Tapi Basin,Netravati and others,18762.0879077,45,48,45-48 h,0.18,1.8755350582862367,0.3375963104915226,0.0,NO ALERT,NO ALERT,20261005,00
subbasin,PAL,Palar and other,East flowing rivers between Pennar and Cauvery Basin,Palar and other,35392.3393366,45,48,45-48 h,0.17708333333333334,0.3266358224797221,0.05784176023078413,0.0,NO ALERT,NO ALERT,20261005,00
subbasin,PAM,Pamba and others,East flowing rivers South of Cauvery Basin,Pamba and others,18289.4135022,45,48,45-48 h,0.828125,0.654600010391094,0.5420906336051247,0.0,NO ALERT,NO ALERT,20261005,00
subbasin,PAR,Periyar and others,West flowing rivers South of Tapi Basin,Periyar and others,21895.2090182,45,48,45-48 h,0.04525862068965517,0.5777269689606324,0.026147125750373448,0.0,NO ALERT,NO ALERT,20261005,00
subbasin,PEL,Pennar Lower,Pennar Basin,Pennar Lower,17979.8549043,45,48,45-48 h,0.2526041666666667,0.39404642939654655,0.09953776992569015,0.0,NO ALERT,NO ALERT,20261005,00
subbasin,PEU,Pennar Upper,Pennar Basin,Pennar Upper,36263.575012400004,45,48,45-48 h,0.13137755102040816,0.4641873234336626,0.06098379376743271,0.0,NO ALERT,NO ALERT,20261005,00
subbasin,PON,Ponnaiyar and other,East flowing rivers between Pennar and Cauvery Basin,Ponnaiyar and other,28249.4865729,45,48,45-48 h,0.26013513513513514,0.4261967397185967,0.11086874648085117,0.0,NO ALERT,NO ALERT,20261005,00
subbasin,PRA,Pranhita and others,Godavari Basin,Pranhita and others,36119.600279599996,45,48,45-48 h,0.013480392156862746,1.0,0.013480392156862746,0.0,NO ALERT,NO ALERT,20261005,00
subbasin,RAM,Ramganga,Ganga Basin,Ramganga,30839.689987,45,48,45-48 h,0.9322916666666666,3.0,2.796875,0.0,NO ALERT,NO ALERT,20261005,00
subbasin,RAN,Drainage of Rann,West flowing rivers of Kutch and Saurashtra including Luni Basin,Drainage of Rann,21229.9018898,45,48,45-48 h,0.0,1.0,0.0,0.0,NO ALERT,NO ALERT,20261005,00
subbasin,RAV,Ravi,Indus (Up to border) Basin,Ravi,13710.196473299999,45,48,45-48 h,0.49404761904761907,3.0,1.4821428571428572,0.0,NO ALERT,NO ALERT,20261005,00
subbasin,SAL,Sabarmati Lower,Sabarmati Basin,Sabarmati Lower,10865.3209002,45,48,45-48 h,0.0,1.0,0.0,0.0,NO ALERT,NO ALERT,20261005,00
subbasin,SAR,Saraswati,West flowing rivers of Kutch and Saurashtra including Luni Basin,Saraswati,27260.8387238,45,48,45-48 h,0.0,1.0,0.0,0.0,NO ALERT,NO ALERT,20261005,00
subbasin,SAU,Sabarmati Upper,Sabarmati Basin,Sabarmati Upper,19813.2727963,45,48,45-48 h,0.0,1.0,0.0,0.0,NO ALERT,NO ALERT,20261005,00
subbasin,SHE,Shetranjuli and other east flowing rivers,West flowing rivers of Kutch and Saurashtra including Luni Basin,Shetranjuli and other east flowing rivers,18221.670857200003,45,48,45-48 h,0.0,1.0,0.0,0.0,NO ALERT,NO ALERT,20261005,00
subbasin,SHK,Shaksgam,Area of North Ladakha not draining into Indus Basin,Shaksgam,6523.49752196,45,48,45-48 h,1.4829545454545454,1.0,1.4829545454545454,0.0,NO ALERT,NO ALERT,20261005,00
subbasin,SHY,Shyok,Indus (Up to border) Basin,Shyok,38545.0481,45,48,45-48 h,0.28225806451612906,1.0,0.28225806451612906,0.0,NO ALERT,NO ALERT,20261005,00
subbasin,SON,Sone,Ganga Basin,Sone,65110.052420800006,45,48,45-48 h,0.01804123711340206,3.0,0.05412371134020618,0.0,NO ALERT,NO ALERT,20261005,00
subbasin,SUB,Subernarekha,Subernarekha Basin,Subernarekha,25792.1620902,45,48,45-48 h,0.11148648648648649,3.0,0.33445945945945943,0.0,NO ALERT,NO ALERT,20261005,00
subbasin,SUL,Sutlaj Lower,Indus (Up to border) Basin,Sutlaj Lower,38442.7890103,45,48,45-48 h,0.032327586206896554,1.0,0.032327586206896554,0.0,NO ALERT,NO ALERT,20261005,00
subbasin,SUM,Sulmar,Area of North Ladakha not draining into Indus Basin,Sulmar,22715.7309665,45,48,45-48 h,0.0,1.0,0.0,0.0,NO ALERT,NO ALERT,20261005,00
subbasin,SUU,Sutlaj Upper,Indus (Up to border) Basin,Sutlaj Upper,21439.429926099998,45,48,45-48 h,0.275390625,3.0,0.826171875,0.0,NO ALERT,NO ALERT,20261005,00
subbasin,TAM,Tapi Middle,Tapi Basin,Tapi Middle,31766.674366299998,45,48,45-48 h,0.0,1.0,0.0,0.0,NO ALERT,NO ALERT,20261005,00
subbasin,TAU,Tapi Upper,Tapi Basin,Tapi Upper,28047.339302099997,45,48,45-48 h,0.0,1.0,0.0,0.0,NO ALERT,NO ALERT,20261005,00
subbasin,TON,Tons,Ganga Basin,Tons,16905.7373669,45,48,45-48 h,0.0,1.0,0.0,0.0,NO ALERT,NO ALERT,20261005,00
subbasin,TUL,Tungabhadra Lower,Krishna Basin,Tungabhadra Lower,41556.484720199995,45,48,45-48 h,0.11931818181818182,0.7217595285394708,0.08611903465527777,0.0,NO ALERT,NO ALERT,20261005,00
subbasin,TUU,Tungabhadra Upper,Krishna Basin,Tungabhadra Upper,28519.4094375,45,48,45-48 h,0.10576923076923077,0.4850535815326983,0.051303744200573854,0.0,NO ALERT,NO ALERT,20261005,00
subbasin,UGO,Upstream of Gomti confluece to Muzaffarnagar,Ganga Basin,Upstream of Gomti confluece to Muzaffarnagar,29061.3749822,45,48,45-48 h,0.013392857142857142,1.0,0.013392857142857142,0.0,NO ALERT,NO ALERT,20261005,00
subbasin,UIN,Upper Indus,Indus (Up to border) Basin,Upper Indus,46450.1263776,45,48,45-48 h,0.05985915492957746,1.0,0.05985915492957746,0.0,NO ALERT,NO ALERT,20261005,00
subbasin,VAI,Vaippar and others,East flowing rivers South of Cauvery Basin,Vaippar and others,20356.688641599998,45,48,45-48 h,0.6111111111111112,0.4794268748348529,0.2929830901768546,0.0,NO ALERT,NO ALERT,20261005,00
subbasin,VAM,Vamsadhara and other,East flowing rivers between Mahanadi and Godavari Basin,Vamsadhara and other,21870.633760099998,45,48,45-48 h,0.006048387096774193,1.0,0.006048387096774193,0.0,NO ALERT,NO ALERT,20261005,00
subbasin,VAR,Varrar and others,West flowing rivers South of Tapi Basin,Varrar and others,14164.6969417,45,48,45-48 h,0.041666666666666664,0.6925699831943927,0.028857082633099693,0.0,NO ALERT,NO ALERT,20261005,00
subbasin,VAS,Vasishti and others,West flowing rivers South of Tapi Basin,Vasishti and others,27473.950096599998,45,48,45-48 h,0.08388157894736842,3.0,0.25164473684210525,0.0,NO ALERT,NO ALERT,20261005,00
subbasin,WAR,Wardha,Godavari Basin,Wardha,46242.0943756,45,48,45-48 h,0.0125,1.0,0.0125,0.0,NO ALERT,NO ALERT,20261005,00
subbasin,WEI,Weinganga,Godavari Basin,Weinganga,49695.4011135,45,48,45-48 h,0.0,3.0,0.0,0.0,NO ALERT,NO ALERT,20261005,00
subbasin,YAL,Yamuna Lower,Ganga Basin,Yamuna Lower,124867.188956,45,48,45-48 h,0.0,1.0,0.0,0.0,NO ALERT,NO ALERT,20261005,00
subbasin,YAM,Yamuna Middle,Ganga Basin,Yamuna Middle,34586.3897844,45,48,45-48 h,0.0,1.0,0.0,0.0,NO ALERT,NO ALERT,20261005,00
subbasin,YAU,Yamuna Upper,Ganga Basin,Yamuna Upper,35798.1884585,45,48,45-48 h,0.15513392857142858,3.0,0.4654017857142857,0.0,NO ALERT,NO ALERT,20261005,00
subbasin,MHL,Mahi Lower,Mahi Basin,Mahi Lower,13092.144778,45,48,45-48 h,0.0,1.0,0.0,0.0,NO ALERT,NO ALERT,20261005,00
subbasin,NAL,Narmada Lower,Narmada Basin,Narmada Lower,9725.401358770001,45,48,45-48 h,0.0,1.0,0.0,0.0,NO ALERT,NO ALERT,20261005,00
subbasin,TAL,Tapi Lower,Tapi Basin,Tapi Lower,3618.19482315,45,48,45-48 h,0.0,1.0,0.0,0.0,NO ALERT,NO ALERT,20261005,00
