parent_type,parent_id,parent_name,parent_key,parent_state,parent_basin,parent_sub_basin,child_type,child_id,child_name,child_key,child_state,child_basin,child_sub_basin,intersection_area_sqkm,parent_overlap_pct,child_overlap_pct
subbasin,ARA,Above Ramganga Confluence,subbasin||ARA,,Ganga Basin,Above Ramganga Confluence,watershed,C2AARA01,Watershed C2AARA01,watershed||C2AARA01,,Ganga Basin,Above Ramganga Confluence,696.0263,1.73,100.0
subbasin,ARA,Above Ramganga Confluence,subbasin||ARA,,Ganga Basin,Above Ramganga Confluence,watershed,C2AARA02,Watershed C2AARA02,watershed||C2AARA02,,Ganga Basin,Above Ramganga Confluence,607.3406,1.51,100.0
subbasin,ARA,Above Ramganga Confluence,subbasin||ARA,,Ganga Basin,Above Ramganga Confluence,watershed,C2AARA03,Watershed C2AARA03,watershed||C2AARA03,,Ganga Basin,Above Ramganga Confluence,480.469,1.19,100.0
subbasin,ARA,Above Ramganga Confluence,subbasin||ARA,,Ganga Basin,Above Ramganga Confluence,watershed,C2AARA04,Watershed C2AARA04,watershed||C2AARA04,,Ganga Basin,Above Ramganga Confluence,937.37,2.33,100.0
subbasin,ARA,Above Ramganga Confluence,subbasin||ARA,,Ganga Basin,Above Ramganga Confluence,watershed,C2AARA05,Watershed C2AARA05,watershed||C2AARA05,,Ganga Basin,Above Ramganga Confluence,571.9312,1.42,100.0
subbasin,ARA,Above Ramganga Confluence,subbasin||ARA,,Ganga Basin,Above Ramganga Confluence,watershed,C2AARA06,Watershed C2AARA06,watershed||C2AARA06,,Ganga Basin,Above Ramganga Confluence,784.7207,1.95,100.0
subbasin,ARA,Above Ramganga Confluence,subbasin||ARA,,Ganga Basin,Above Ramganga Confluence,watershed,C2AARA07,Watershed C2AARA07,watershed||C2AARA07,,Ganga Basin,Above Ramganga Confluence,593.1554,1.47,100.0
subbasin,ARA,Above Ramganga Confluence,subbasin||ARA,,Ganga Basin,Above Ramganga Confluence,watershed,C2AARA08,Watershed C2AARA08,watershed||C2AARA08,,Ganga Basin,Above Ramganga Confluence,519.3016,1.29,100.0
subbasin,ARA,Above Ramganga Confluence,subbasin||ARA,,Ganga Basin,Above Ramganga Confluence,watershed,C2AARA09,Watershed C2AARA09,watershed||C2AARA09,,Ganga Basin,Above Ramganga Confluence,792.0568,1.97,100.0
subbasin,ARA,Above Ramganga Confluence,subbasin||ARA,,Ganga Basin,Above Ramganga Confluence,watershed,C2AARA10,Watershed C2AARA10,watershed||C2AARA10,,Ganga Basin,Above Ramganga Confluence,671.6637,1.67,100.0
subbasin,ARA,Above Ramganga Confluence,subbasin||ARA,,Ganga Basin,Above Ramganga Confluence,watershed,C2AARA11,Watershed C2AARA11,watershed||C2AARA11,,Ganga Basin,Above Ramganga Confluence,614.7217,1.53,100.0
subbasin,ARA,Above Ramganga Confluence,subbasin||ARA,,Ganga Basin,Above Ramganga Confluence,watershed,C2AARA12,Watershed C2AARA12,watershed||C2AARA12,,Ganga Basin,Above Ramganga Confluence,730.1864,1.81,100.0
subbasin,ARA,Above Ramganga Confluence,subbasin||ARA,,Ganga Basin,Above Ramganga Confluence,watershed,C2AARA13,Watershed C2AARA13,watershed||C2AARA13,,Ganga Basin,Above Ramganga Confluence,933.9893,2.32,100.0
subbasin,ARA,Above Ramganga Confluence,subbasin||ARA,,Ganga Basin,Above Ramganga Confluence,watershed,C2AARA14,Watershed C2AARA14,watershed||C2AARA14,,Ganga Basin,Above Ramganga Confluence,485.8604,1.21,100.0
subbasin,ARA,Above Ramganga Confluence,subbasin||ARA,,Ganga Basin,Above Ramganga Confluence,watershed,C2AARA15,Watershed C2AARA15,watershed||C2AARA15,,Ganga Basin,Above Ramganga Confluence,983.6647,2.44,100.0
subbasin,ARA,Above Ramganga Confluence,subbasin||ARA,,Ganga Basin,Above Ramganga Confluence,watershed,C2AARA16,Watershed C2AARA16,watershed||C2AARA16,,Ganga Basin,Above Ramganga Confluence,569.0043,1.41,100.0
subbasin,ARA,Above Ramganga Confluence,subbasin||ARA,,Ganga Basin,Above Ramganga Confluence,watershed,C2AARA17,Watershed C2AARA17,watershed||C2AARA17,,Ganga Basin,Above Ramganga Confluence,898.7547,2.23,100.0
subbasin,ARA,Above Ramganga Confluence,subbasin||ARA,,Ganga Basin,Above Ramganga Confluence,watershed,C2AARA18,Watershed C2AARA18,watershed||C2AARA18,,Ganga Basin,Above Ramganga Confluence,508.5022,1.26,100.0
subbasin,ARA,Above Ramganga Confluence,subbasin||ARA,,Ganga Basin,Above Ramganga Confluence,watershed,C2AARA19,Watershed C2AARA19,watershed||C2AARA19,,Ganga Basin,Above Ramganga Confluence,562.6699,1.4,100.0
subbasin,ARA,Above Ramganga Confluence,subbasin||ARA,,Ganga Basin,Above Ramganga Confluence,watershed,C2AARA20,Watershed C2AARA20,watershed||C2AARA20,,Ganga Basin,Above Ramganga Confluence,1115.0659,2.77,100.0
subbasin,ARA,Above Ramganga Confluence,subbasin||ARA,,Ganga Basin,Above Ramganga Confluence,watershed,C2AARA21,Watershed C2AARA21,watershed||C2AARA21,,Ganga Basin,Above Ramganga Confluence,782.4951,1.94,100.0
subbasin,ARA,Above Ramganga Confluence,subbasin||ARA,,Ganga Basin,Above Ramganga Confluence,watershed,C2AARA22,Watershed C2AARA22,watershed||C2AARA22,,Ganga Basin,Above Ramganga Confluence,771.8177,1.92,100.0
subbasin,ARA,Above Ramganga Confluence,subbasin||ARA,,Ganga Basin,Above Ramganga Confluence,watershed,C2AARA23,Watershed C2AARA23,watershed||C2AARA23,,Ganga Basin,Above Ramganga Confluence,889.6732,2.21,100.0
subbasin,ARA,Above Ramganga Confluence,subbasin||ARA,,Ganga Basin,Above Ramganga Confluence,watershed,C2AARA24,Watershed C2AARA24,watershed||C2AARA24,,Ganga Basin,Above Ramganga Confluence,1092.5036,2.71,100.0
subbasin,ARA,Above Ramganga Confluence,subbasin||ARA,,Ganga Basin,Above Ramganga Confluence,watershed,C2AARA25,Watershed C2AARA25,watershed||C2AARA25,,Ganga Basin,Above Ramganga Confluence,775.4563,1.93,100.0
subbasin,ARA,Above Ramganga Confluence,subbasin||ARA,,Ganga Basin,Above Ramganga Confluence,watershed,C2AARA26,Watershed C2AARA26,watershed||C2AARA26,,Ganga Basin,Above Ramganga Confluence,1008.2343,2.51,100.0
subbasin,ARA,Above Ramganga Confluence,subbasin||ARA,,Ganga Basin,Above Ramganga Confluence,watershed,C2AARA27,Watershed C2AARA27,watershed||C2AARA27,,Ganga Basin,Above Ramganga Confluence,941.2722,2.34,100.0
subbasin,ARA,Above Ramganga Confluence,subbasin||ARA,,Ganga Basin,Above Ramganga Confluence,watershed,C2AARA28,Watershed C2AARA28,watershed||C2AARA28,,Ganga Basin,Above Ramganga Confluence,552.6938,1.37,100.0
subbasin,ARA,Above Ramganga Confluence,subbasin||ARA,,Ganga Basin,Above Ramganga Confluence,watershed,C2AARA29,Watershed C2AARA29,watershed||C2AARA29,,Ganga Basin,Above Ramganga Confluence,825.377,2.05,100.0
subbasin,ARA,Above Ramganga Confluence,subbasin||ARA,,Ganga Basin,Above Ramganga Confluence,watershed,C2AARA30,Watershed C2AARA30,watershed||C2AARA30,,Ganga Basin,Above Ramganga Confluence,936.2421,2.33,100.0
subbasin,ARA,Above Ramganga Confluence,subbasin||ARA,,Ganga Basin,Above Ramganga Confluence,watershed,C2AARA31,Watershed C2AARA31,watershed||C2AARA31,,Ganga Basin,Above Ramganga Confluence,589.8078,1.47,100.0
subbasin,ARA,Above Ramganga Confluence,subbasin||ARA,,Ganga Basin,Above Ramganga Confluence,watershed,C2AARA32,Watershed C2AARA32,watershed||C2AARA32,,Ganga Basin,Above Ramganga Confluence,674.0938,1.67,100.0
subbasin,ARA,Above Ramganga Confluence,subbasin||ARA,,Ganga Basin,Above Ramganga Confluence,watershed,C2AARA33,Watershed C2AARA33,watershed||C2AARA33,,Ganga Basin,Above Ramganga Confluence,923.8351,2.3,100.0
subbasin,ARA,Above Ramganga Confluence,subbasin||ARA,,Ganga Basin,Above Ramganga Confluence,watershed,C2AARA34,Watershed C2AARA34,watershed||C2AARA34,,Ganga Basin,Above Ramganga Confluence,1033.9167,2.57,100.0
subbasin,ARA,Above Ramganga Confluence,subbasin||ARA,,Ganga Basin,Above Ramganga Confluence,watershed,C2AARA35,Watershed C2AARA35,watershed||C2AARA35,,Ganga Basin,Above Ramganga Confluence,622.5488,1.55,100.0
subbasin,ARA,Above Ramganga Confluence,subbasin||ARA,,Ganga Basin,Above Ramganga Confluence,watershed,C2AARA36,Watershed C2AARA36,watershed||C2AARA36,,Ganga Basin,Above Ramganga Confluence,472.4369,1.17,100.0
subbasin,ARA,Above Ramganga Confluence,subbasin||ARA,,Ganga Basin,Above Ramganga Confluence,watershed,C2AARA37,Watershed C2AARA37,watershed||C2AARA37,,Ganga Basin,Above Ramganga Confluence,642.5501,1.6,100.0
subbasin,ARA,Above Ramganga Confluence,subbasin||ARA,,Ganga Basin,Above Ramganga Confluence,watershed,C2AARA38,Watershed C2AARA38,watershed||C2AARA38,,Ganga Basin,Above Ramganga Confluence,832.6331,2.07,100.0
subbasin,ARA,Above Ramganga Confluence,subbasin||ARA,,Ganga Basin,Above Ramganga Confluence,watershed,C2AARA39,Watershed C2AARA39,watershed||C2AARA39,,Ganga Basin,Above Ramganga Confluence,1126.0901,2.8,100.0
subbasin,ARA,Above Ramganga Confluence,subbasin||ARA,,Ganga Basin,Above Ramganga Confluence,watershed,C2AARA40,Watershed C2AARA40,watershed||C2AARA40,,Ganga Basin,Above Ramganga Confluence,919.4767,2.28,100.0
subbasin,ARA,Above Ramganga Confluence,subbasin||ARA,,Ganga Basin,Above Ramganga Confluence,watershed,C2AARA41,Watershed C2AARA41,watershed||C2AARA41,,Ganga Basin,Above Ramganga Confluence,720.1174,1.79,100.0
subbasin,ARA,Above Ramganga Confluence,subbasin||ARA,,Ganga Basin,Above Ramganga Confluence,watershed,C2AARA42,Watershed C2AARA42,watershed||C2AARA42,,Ganga Basin,Above Ramganga Confluence,1042.9699,2.59,100.0
subbasin,ARA,Above Ramganga Confluence,subbasin||ARA,,Ganga Basin,Above Ramganga Confluence,watershed,C2AARA43,Watershed C2AARA43,watershed||C2AARA43,,Ganga Basin,Above Ramganga Confluence,567.1859,1.41,100.0
subbasin,ARA,Above Ramganga Confluence,subbasin||ARA,,Ganga Basin,Above Ramganga Confluence,watershed,C2AARA44,Watershed C2AARA44,watershed||C2AARA44,,Ganga Basin,Above Ramganga Confluence,1346.8126,3.35,100.0
subbasin,ARA,Above Ramganga Confluence,subbasin||ARA,,Ganga Basin,Above Ramganga Confluence,watershed,C2AARA45,Watershed C2AARA45,watershed||C2AARA45,,Ganga Basin,Above Ramganga Confluence,973.1791,2.42,100.0
subbasin,ARA,Above Ramganga Confluence,subbasin||ARA,,Ganga Basin,Above Ramganga Confluence,watershed,C2AARA46,Watershed C2AARA46,watershed||C2AARA46,,Ganga Basin,Above Ramganga Confluence,450.178,1.12,100.0
subbasin,ARA,Above Ramganga Confluence,subbasin||ARA,,Ganga Basin,Above Ramganga Confluence,watershed,C2AARA47,Watershed C2AARA47,watershed||C2AARA47,,Ganga Basin,Above Ramganga Confluence,750.4184,1.86,100.0
subbasin,ARA,Above Ramganga Confluence,subbasin||ARA,,Ganga Basin,Above Ramganga Confluence,watershed,C2AARA48,Watershed C2AARA48,watershed||C2AARA48,,Ganga Basin,Above Ramganga Confluence,833.9198,2.07,100.0
subbasin,ARA,Above Ramganga Confluence,subbasin||ARA,,Ganga Basin,Above Ramganga Confluence,watershed,C2AARA49,Watershed C2AARA49,watershed||C2AARA49,,Ganga Basin,Above Ramganga Confluence,804.6396,2.0,100.0
subbasin,ARA,Above Ramganga Confluence,subbasin||ARA,,Ganga Basin,Above Ramganga Confluence,watershed,C2AARA50,Watershed C2AARA50,watershed||C2AARA50,,Ganga Basin,Above Ramganga Confluence,1258.0844,3.13,100.0
subbasin,ARA,Above Ramganga Confluence,subbasin||ARA,,Ganga Basin,Above Ramganga Confluence,watershed,C2AARA51,Watershed C2AARA51,watershed||C2AARA51,,Ganga Basin,Above Ramganga Confluence,1030.8599,2.56,100.0
subbasin,BAI,Baitarni,subbasin||BAI,,Brahmani and Baitarni Basin,Baitarni,watershed,C07BAI01,Watershed C07BAI01,watershed||C07BAI01,,Brahmani and Baitarni Basin,Baitarni,885.2831,5.94,100.0
subbasin,BAI,Baitarni,subbasin||BAI,,Brahmani and Baitarni Basin,Baitarni,watershed,C07BAI02,Watershed C07BAI02,watershed||C07BAI02,,Brahmani and Baitarni Basin,Baitarni,935.2573,6.28,100.0
subbasin,BAI,Baitarni,subbasin||BAI,,Brahmani and Baitarni Basin,Baitarni,watershed,C07BAI03,Watershed C07BAI03,watershed||C07BAI03,,Brahmani and Baitarni Basin,Baitarni,819.7895,5.5,100.0
subbasin,BAI,Baitarni,subbasin||BAI,,Brahmani and Baitarni Basin,Baitarni,watershed,C07BAI04,Watershed C07BAI04,watershed||C07BAI04,,Brahmani and Baitarni Basin,Baitarni,490.692,3.29,100.0
subbasin,BAI,Baitarni,subbasin||BAI,,Brahmani and Baitarni Basin,Baitarni,watershed,C07BAI05,Watershed C07BAI05,watershed||C07BAI05,,Brahmani and Baitarni Basin,Baitarni,602.3211,4.04,100.0
subbasin,BAI,Baitarni,subbasin||BAI,,Brahmani and Baitarni Basin,Baitarni,watershed,C07BAI06,Watershed C07BAI06,watershed||C07BAI06,,Brahmani and Baitarni Basin,Baitarni,608.7036,4.09,100.0
subbasin,BAI,Baitarni,subbasin||BAI,,Brahmani and Baitarni Basin,Baitarni,watershed,C07BAI07,Watershed C07BAI07,watershed||C07BAI07,,Brahmani and Baitarni Basin,Baitarni,669.3065,4.49,100.0
subbasin,BAI,Baitarni,subbasin||BAI,,Brahmani and Baitarni Basin,Baitarni,watershed,C07BAI08,Watershed C07BAI08,watershed||C07BAI08,,Brahmani and Baitarni Basin,Baitarni,668.9811,4.49,100.0
subbasin,BAI,Baitarni,subbasin||BAI,,Brahmani and Baitarni Basin,Baitarni,watershed,C07BAI09,Watershed C07BAI09,watershed||C07BAI09,,Brahmani and Baitarni Basin,Baitarni,680.6443,4.57,100.0
subbasin,BAI,Baitarni,subbasin||BAI,,Brahmani and Baitarni Basin,Baitarni,watershed,C07BAI10,Watershed C07BAI10,watershed||C07BAI10,,Brahmani and Baitarni Basin,Baitarni,682.5191,4.58,100.0
subbasin,BAI,Baitarni,subbasin||BAI,,Brahmani and Baitarni Basin,Baitarni,watershed,C07BAI11,Watershed C07BAI11,watershed||C07BAI11,,Brahmani and Baitarni Basin,Baitarni,630.3891,4.23,100.0
subbasin,BAI,Baitarni,subbasin||BAI,,Brahmani and Baitarni Basin,Baitarni,watershed,C07BAI12,Watershed C07BAI12,watershed||C07BAI12,,Brahmani and Baitarni Basin,Baitarni,945.0545,6.34,100.0
subbasin,BAI,Baitarni,subbasin||BAI,,Brahmani and Baitarni Basin,Baitarni,watershed,C07BAI13,Watershed C07BAI13,watershed||C07BAI13,,Brahmani and Baitarni Basin,Baitarni,638.6826,4.29,100.0
subbasin,BAI,Baitarni,subbasin||BAI,,Brahmani and Baitarni Basin,Baitarni,watershed,C07BAI14,Watershed C07BAI14,watershed||C07BAI14,,Brahmani and Baitarni Basin,Baitarni,752.2337,5.05,100.0
subbasin,BAI,Baitarni,subbasin||BAI,,Brahmani and Baitarni Basin,Baitarni,watershed,C07BAI15,Watershed C07BAI15,watershed||C07BAI15,,Brahmani and Baitarni Basin,Baitarni,682.8327,4.58,100.0
subbasin,BAI,Baitarni,subbasin||BAI,,Brahmani and Baitarni Basin,Baitarni,watershed,C07BAI16,Watershed C07BAI16,watershed||C07BAI16,,Brahmani and Baitarni Basin,Baitarni,594.9406,3.99,100.0
subbasin,BAI,Baitarni,subbasin||BAI,,Brahmani and Baitarni Basin,Baitarni,watershed,C07BAI17,Watershed C07BAI17,watershed||C07BAI17,,Brahmani and Baitarni Basin,Baitarni,564.3319,3.79,100.0
subbasin,BAI,Baitarni,subbasin||BAI,,Brahmani and Baitarni Basin,Baitarni,watershed,C07BAI18,Watershed C07BAI18,watershed||C07BAI18,,Brahmani and Baitarni Basin,Baitarni,1011.1498,6.79,100.0
subbasin,BAI,Baitarni,subbasin||BAI,,Brahmani and Baitarni Basin,Baitarni,watershed,C07BAI19,Watershed C07BAI19,watershed||C07BAI19,,Brahmani and Baitarni Basin,Baitarni,749.9212,5.03,100.0
subbasin,BAI,Baitarni,subbasin||BAI,,Brahmani and Baitarni Basin,Baitarni,watershed,C07BAI20,Watershed C07BAI20,watershed||C07BAI20,,Brahmani and Baitarni Basin,Baitarni,541.9094,3.64,100.0
subbasin,BAI,Baitarni,subbasin||BAI,,Brahmani and Baitarni Basin,Baitarni,watershed,C07BAI21,Watershed C07BAI21,watershed||C07BAI21,,Brahmani and Baitarni Basin,Baitarni,742.7206,4.99,100.0
subbasin,BAN,Banas,subbasin||BAN,,Ganga Basin,Banas,watershed,C2ABAN01,Watershed C2ABAN01,watershed||C2ABAN01,,Ganga Basin,Banas,956.5502,1.78,100.0
subbasin,BAN,Banas,subbasin||BAN,,Ganga Basin,Banas,watershed,C2ABAN02,Watershed C2ABAN02,watershed||C2ABAN02,,Ganga Basin,Banas,475.959,0.89,100.0
subbasin,BAN,Banas,subbasin||BAN,,Ganga Basin,Banas,watershed,C2ABAN03,Watershed C2ABAN03,watershed||C2ABAN03,,Ganga Basin,Banas,670.4332,1.25,100.0
subbasin,BAN,Banas,subbasin||BAN,,Ganga Basin,Banas,watershed,C2ABAN04,Watershed C2ABAN04,watershed||C2ABAN04,,Ganga Basin,Banas,1110.3874,2.07,100.0
subbasin,BAN,Banas,subbasin||BAN,,Ganga Basin,Banas,watershed,C2ABAN05,Watershed C2ABAN05,watershed||C2ABAN05,,Ganga Basin,Banas,601.7331,1.12,100.0
subbasin,BAN,Banas,subbasin||BAN,,Ganga Basin,Banas,watershed,C2ABAN06,Watershed C2ABAN06,watershed||C2ABAN06,,Ganga Basin,Banas,777.9451,1.45,100.0
subbasin,BAN,Banas,subbasin||BAN,,Ganga Basin,Banas,watershed,C2ABAN07,Watershed C2ABAN07,watershed||C2ABAN07,,Ganga Basin,Banas,987.5307,1.84,100.0
subbasin,BAN,Banas,subbasin||BAN,,Ganga Basin,Banas,watershed,C2ABAN08,Watershed C2ABAN08,watershed||C2ABAN08,,Ganga Basin,Banas,821.8383,1.53,100.0
subbasin,BAN,Banas,subbasin||BAN,,Ganga Basin,Banas,watershed,C2ABAN09,Watershed C2ABAN09,watershed||C2ABAN09,,Ganga Basin,Banas,619.5678,1.15,100.0
subbasin,BAN,Banas,subbasin||BAN,,Ganga Basin,Banas,watershed,C2ABAN10,Watershed C2ABAN10,watershed||C2ABAN10,,Ganga Basin,Banas,1153.5844,2.15,100.0
subbasin,BAN,Banas,subbasin||BAN,,Ganga Basin,Banas,watershed,C2ABAN11,Watershed C2ABAN11,watershed||C2ABAN11,,Ganga Basin,Banas,1023.1892,1.91,100.0
subbasin,BAN,Banas,subbasin||BAN,,Ganga Basin,Banas,watershed,C2ABAN12,Watershed C2ABAN12,watershed||C2ABAN12,,Ganga Basin,Banas,1277.1225,2.38,100.0
subbasin,BAN,Banas,subbasin||BAN,,Ganga Basin,Banas,watershed,C2ABAN13,Watershed C2ABAN13,watershed||C2ABAN13,,Ganga Basin,Banas,1193.6769,2.22,100.0
subbasin,BAN,Banas,subbasin||BAN,,Ganga Basin,Banas,watershed,C2ABAN14,Watershed C2ABAN14,watershed||C2ABAN14,,Ganga Basin,Banas,1010.1929,1.88,100.0
subbasin,BAN,Banas,subbasin||BAN,,Ganga Basin,Banas,watershed,C2ABAN15,Watershed C2ABAN15,watershed||C2ABAN15,,Ganga Basin,Banas,1102.0876,2.05,100.0
subbasin,BAN,Banas,subbasin||BAN,,Ganga Basin,Banas,watershed,C2ABAN16,Watershed C2ABAN16,watershed||C2ABAN16,,Ganga Basin,Banas,1202.6985,2.24,100.0
subbasin,BAN,Banas,subbasin||BAN,,Ganga Basin,Banas,watershed,C2ABAN17,Watershed C2ABAN17,watershed||C2ABAN17,,Ganga Basin,Banas,1090.4136,2.03,100.0
subbasin,BAN,Banas,subbasin||BAN,,Ganga Basin,Banas,watershed,C2ABAN18,Watershed C2ABAN18,watershed||C2ABAN18,,Ganga Basin,Banas,343.7581,0.64,100.0
subbasin,BAN,Banas,subbasin||BAN,,Ganga Basin,Banas,watershed,C2ABAN19,Watershed C2ABAN19,watershed||C2ABAN19,,Ganga Basin,Banas,981.9503,1.83,100.0
subbasin,BAN,Banas,subbasin||BAN,,Ganga Basin,Banas,watershed,C2ABAN20,Watershed C2ABAN20,watershed||C2ABAN20,,Ganga Basin,Banas,1137.9748,2.12,100.0
subbasin,BAN,Banas,subbasin||BAN,,Ganga Basin,Banas,watershed,C2ABAN21,Watershed C2ABAN21,watershed||C2ABAN21,,Ganga Basin,Banas,712.2625,1.33,100.0
subbasin,BAN,Banas,subbasin||BAN,,Ganga Basin,Banas,watershed,C2ABAN22,Watershed C2ABAN22,watershed||C2ABAN22,,Ganga Basin,Banas,596.8902,1.11,100.0
subbasin,BAN,Banas,subbasin||BAN,,Ganga Basin,Banas,watershed,C2ABAN23,Watershed C2ABAN23,watershed||C2ABAN23,,Ganga Basin,Banas,706.7903,1.32,100.0
subbasin,BAN,Banas,subbasin||BAN,,Ganga Basin,Banas,watershed,C2ABAN24,Watershed C2ABAN24,watershed||C2ABAN24,,Ganga Basin,Banas,533.3383,0.99,100.0
subbasin,BAN,Banas,subbasin||BAN,,Ganga Basin,Banas,watershed,C2ABAN25,Watershed C2ABAN25,watershed||C2ABAN25,,Ganga Basin,Banas,689.0324,1.28,100.0
subbasin,BAN,Banas,subbasin||BAN,,Ganga Basin,Banas,watershed,C2ABAN26,Watershed C2ABAN26,watershed||C2ABAN26,,Ganga Basin,Banas,658.7491,1.23,100.0
subbasin,BAN,Banas,subbasin||BAN,,Ganga Basin,Banas,watershed,C2ABAN27,Watershed C2ABAN27,watershed||C2ABAN27,,Ganga Basin,Banas,687.2334,1.28,100.0
subbasin,BAN,Banas,subbasin||BAN,,Ganga Basin,Banas,watershed,C2ABAN28,Watershed C2ABAN28,watershed||C2ABAN28,,Ganga Basin,Banas,594.4747,1.11,100.0
subbasin,BAN,Banas,subbasin||BAN,,Ganga Basin,Banas,watershed,C2ABAN29,Watershed C2ABAN29,watershed||C2ABAN29,,Ganga Basin,Banas,679.9107,1.27,100.0
subbasin,BAN,Banas,subbasin||BAN,,Ganga Basin,Banas,watershed,C2ABAN30,Watershed C2ABAN30,watershed||C2ABAN30,,Ganga Basin,Banas,735.9561,1.37,100.0
subbasin,BAN,Banas,subbasin||BAN,,Ganga Basin,Banas,watershed,C2ABAN31,Watershed C2ABAN31,watershed||C2ABAN31,,Ganga Basin,Banas,459.5472,0.86,100.0
subbasin,BAN,Banas,subbasin||BAN,,Ganga Basin,Banas,watershed,C2ABAN32,Watershed C2ABAN32,watershed||C2ABAN32,,Ganga Basin,Banas,872.2767,1.63,100.0
subbasin,BAN,Banas,subbasin||BAN,,Ganga Basin,Banas,watershed,C2ABAN33,Watershed C2ABAN33,watershed||C2ABAN33,,Ganga Basin,Banas,437.9741,0.82,100.0
subbasin,BAN,Banas,subbasin||BAN,,Ganga Basin,Banas,watershed,C2ABAN34,Watershed C2ABAN34,watershed||C2ABAN34,,Ganga Basin,Banas,771.698,1.44,100.0
subbasin,BAN,Banas,subbasin||BAN,,Ganga Basin,Banas,watershed,C2ABAN35,Watershed C2ABAN35,watershed||C2ABAN35,,Ganga Basin,Banas,1229.9004,2.29,100.0
subbasin,BAN,Banas,subbasin||BAN,,Ganga Basin,Banas,watershed,C2ABAN36,Watershed C2ABAN36,watershed||C2ABAN36,,Ganga Basin,Banas,780.9548,1.46,100.0
subbasin,BAN,Banas,subbasin||BAN,,Ganga Basin,Banas,watershed,C2ABAN37,Watershed C2ABAN37,watershed||C2ABAN37,,Ganga Basin,Banas,1044.4988,1.95,100.0
subbasin,BAN,Banas,subbasin||BAN,,Ganga Basin,Banas,watershed,C2ABAN38,Watershed C2ABAN38,watershed||C2ABAN38,,Ganga Basin,Banas,1485.8438,2.77,100.0
subbasin,BAN,Banas,subbasin||BAN,,Ganga Basin,Banas,watershed,C2ABAN39,Watershed C2ABAN39,watershed||C2ABAN39,,Ganga Basin,Banas,996.5507,1.86,100.0
subbasin,BAN,Banas,subbasin||BAN,,Ganga Basin,Banas,watershed,C2ABAN40,Watershed C2ABAN40,watershed||C2ABAN40,,Ganga Basin,Banas,682.5013,1.27,100.0
subbasin,BAN,Banas,subbasin||BAN,,Ganga Basin,Banas,watershed,C2ABAN41,Watershed C2ABAN41,watershed||C2ABAN41,,Ganga Basin,Banas,1040.3991,1.94,100.0
subbasin,BAN,Banas,subbasin||BAN,,Ganga Basin,Banas,watershed,C2ABAN42,Watershed C2ABAN42,watershed||C2ABAN42,,Ganga Basin,Banas,569.6468,1.06,100.0
subbasin,BAN,Banas,subbasin||BAN,,Ganga Basin,Banas,watershed,C2ABAN43,Watershed C2ABAN43,watershed||C2ABAN43,,Ganga Basin,Banas,1103.589,2.06,100.0
subbasin,BAN,Banas,subbasin||BAN,,Ganga Basin,Banas,watershed,C2ABAN44,Watershed C2ABAN44,watershed||C2ABAN44,,Ganga Basin,Banas,1272.595,2.37,100.0
subbasin,BAN,Banas,subbasin||BAN,,Ganga Basin,Banas,watershed,C2ABAN45,Watershed C2ABAN45,watershed||C2ABAN45,,Ganga Basin,Banas,636.9797,1.19,100.0
subbasin,BAN,Banas,subbasin||BAN,,Ganga Basin,Banas,watershed,C2ABAN46,Watershed C2ABAN46,watershed||C2ABAN46,,Ganga Basin,Banas,915.6464,1.71,100.0
subbasin,BAN,Banas,subbasin||BAN,,Ganga Basin,Banas,watershed,C2ABAN47,Watershed C2ABAN47,watershed||C2ABAN47,,Ganga Basin,Banas,705.4459,1.31,100.0
subbasin,BAN,Banas,subbasin||BAN,,Ganga Basin,Banas,watershed,C2ABAN48,Watershed C2ABAN48,watershed||C2ABAN48,,Ganga Basin,Banas,661.7959,1.23,100.0
subbasin,BAN,Banas,subbasin||BAN,,Ganga Basin,Banas,watershed,C2ABAN49,Watershed C2ABAN49,watershed||C2ABAN49,,Ganga Basin,Banas,964.7928,1.8,100.0
subbasin,BAN,Banas,subbasin||BAN,,Ganga Basin,Banas,watershed,C2ABAN50,Watershed C2ABAN50,watershed||C2ABAN50,,Ganga Basin,Banas,553.1162,1.03,100.0
subbasin,BAN,Banas,subbasin||BAN,,Ganga Basin,Banas,watershed,C2ABAN51,Watershed C2ABAN51,watershed||C2ABAN51,,Ganga Basin,Banas,593.8299,1.11,100.0
subbasin,BAN,Banas,subbasin||BAN,,Ganga Basin,Banas,watershed,C2ABAN52,Watershed C2ABAN52,watershed||C2ABAN52,,Ganga Basin,Banas,816.284,1.52,100.0
subbasin,BAN,Banas,subbasin||BAN,,Ganga Basin,Banas,watershed,C2ABAN53,Watershed C2ABAN53,watershed||C2ABAN53,,Ganga Basin,Banas,1038.9719,1.94,100.0
subbasin,BAN,Banas,subbasin||BAN,,Ganga Basin,Banas,watershed,C2ABAN54,Watershed C2ABAN54,watershed||C2ABAN54,,Ganga Basin,Banas,1031.8587,1.92,100.0
subbasin,BAN,Banas,subbasin||BAN,,Ganga Basin,Banas,watershed,C2ABAN55,Watershed C2ABAN55,watershed||C2ABAN55,,Ganga Basin,Banas,1039.9961,1.94,100.0
subbasin,BAN,Banas,subbasin||BAN,,Ganga Basin,Banas,watershed,C2ABAN56,Watershed C2ABAN56,watershed||C2ABAN56,,Ganga Basin,Banas,652.8716,1.22,100.0
subbasin,BAN,Banas,subbasin||BAN,,Ganga Basin,Banas,watershed,C2ABAN57,Watershed C2ABAN57,watershed||C2ABAN57,,Ganga Basin,Banas,501.6416,0.94,100.0
subbasin,BAN,Banas,subbasin||BAN,,Ganga Basin,Banas,watershed,C2ABAN58,Watershed C2ABAN58,watershed||C2ABAN58,,Ganga Basin,Banas,636.1865,1.19,100.0
subbasin,BAN,Banas,subbasin||BAN,,Ganga Basin,Banas,watershed,C2ABAN59,Watershed C2ABAN59,watershed||C2ABAN59,,Ganga Basin,Banas,527.4434,0.98,100.0
subbasin,BAN,Banas,subbasin||BAN,,Ganga Basin,Banas,watershed,C2ABAN60,Watershed C2ABAN60,watershed||C2ABAN60,,Ganga Basin,Banas,852.0168,1.59,100.0
subbasin,BAN,Banas,subbasin||BAN,,Ganga Basin,Banas,watershed,C2ABAN61,Watershed C2ABAN61,watershed||C2ABAN61,,Ganga Basin,Banas,1169.0962,2.18,100.0
subbasin,BAN,Banas,subbasin||BAN,,Ganga Basin,Banas,watershed,C2ABAN62,Watershed C2ABAN62,watershed||C2ABAN62,,Ganga Basin,Banas,1006.7049,1.88,100.0
subbasin,BAN,Banas,subbasin||BAN,,Ganga Basin,Banas,watershed,C2ABAN63,Watershed C2ABAN63,watershed||C2ABAN63,,Ganga Basin,Banas,960.7438,1.79,100.0
subbasin,BAN,Banas,subbasin||BAN,,Ganga Basin,Banas,watershed,C2ABAN64,Watershed C2ABAN64,watershed||C2ABAN64,,Ganga Basin,Banas,504.1026,0.94,100.0
subbasin,BAR,Barak,subbasin||BAR,,Barak and others Basin,Barak,watershed,D2CBAR01,Watershed D2CBAR01,watershed||D2CBAR01,,Barak and others Basin,Barak,811.4764,2.82,100.0
subbasin,BAR,Barak,subbasin||BAR,,Barak and others Basin,Barak,watershed,D2CBAR02,Watershed D2CBAR02,watershed||D2CBAR02,,Barak and others Basin,Barak,720.7098,2.51,100.0
subbasin,BAR,Barak,subbasin||BAR,,Barak and others Basin,Barak,watershed,D2CBAR03,Watershed D2CBAR03,watershed||D2CBAR03,,Barak and others Basin,Barak,574.7411,2.0,100.0
subbasin,BAR,Barak,subbasin||BAR,,Barak and others Basin,Barak,watershed,D2CBAR04,Watershed D2CBAR04,watershed||D2CBAR04,,Barak and others Basin,Barak,789.4337,2.74,100.0
subbasin,BAR,Barak,subbasin||BAR,,Barak and others Basin,Barak,watershed,D2CBAR05,Watershed D2CBAR05,watershed||D2CBAR05,,Barak and others Basin,Barak,652.9749,2.27,100.0
subbasin,BAR,Barak,subbasin||BAR,,Barak and others Basin,Barak,watershed,D2CBAR06,Watershed D2CBAR06,watershed||D2CBAR06,,Barak and others Basin,Barak,501.2062,1.74,100.0
subbasin,BAR,Barak,subbasin||BAR,,Barak and others Basin,Barak,watershed,D2CBAR07,Watershed D2CBAR07,watershed||D2CBAR07,,Barak and others Basin,Barak,719.8476,2.5,100.0
subbasin,BAR,Barak,subbasin||BAR,,Barak and others Basin,Barak,watershed,D2CBAR08,Watershed D2CBAR08,watershed||D2CBAR08,,Barak and others Basin,Barak,617.5299,2.15,100.0
subbasin,BAR,Barak,subbasin||BAR,,Barak and others Basin,Barak,watershed,D2CBAR09,Watershed D2CBAR09,watershed||D2CBAR09,,Barak and others Basin,Barak,521.4385,1.81,100.0
subbasin,BAR,Barak,subbasin||BAR,,Barak and others Basin,Barak,watershed,D2CBAR10,Watershed D2CBAR10,watershed||D2CBAR10,,Barak and others Basin,Barak,645.2296,2.24,100.0
subbasin,BAR,Barak,subbasin||BAR,,Barak and others Basin,Barak,watershed,D2CBAR11,Watershed D2CBAR11,watershed||D2CBAR11,,Barak and others Basin,Barak,557.2542,1.94,100.0
subbasin,BAR,Barak,subbasin||BAR,,Barak and others Basin,Barak,watershed,D2CBAR12,Watershed D2CBAR12,watershed||D2CBAR12,,Barak and others Basin,Barak,481.6895,1.67,100.0
subbasin,BAR,Barak,subbasin||BAR,,Barak and others Basin,Barak,watershed,D2CBAR13,Watershed D2CBAR13,watershed||D2CBAR13,,Barak and others Basin,Barak,487.0767,1.69,100.0
subbasin,BAR,Barak,subbasin||BAR,,Barak and others Basin,Barak,watershed,D2CBAR14,Watershed D2CBAR14,watershed||D2CBAR14,,Barak and others Basin,Barak,672.5693,2.34,100.0
subbasin,BAR,Barak,subbasin||BAR,,Barak and others Basin,Barak,watershed,D2CBAR15,Watershed D2CBAR15,watershed||D2CBAR15,,Barak and others Basin,Barak,561.6447,1.95,100.0
subbasin,BAR,Barak,subbasin||BAR,,Barak and others Basin,Barak,watershed,D2CBAR16,Watershed D2CBAR16,watershed||D2CBAR16,,Barak and others Basin,Barak,760.2672,2.64,100.0
subbasin,BAR,Barak,subbasin||BAR,,Barak and others Basin,Barak,watershed,D2CBAR17,Watershed D2CBAR17,watershed||D2CBAR17,,Barak and others Basin,Barak,527.9517,1.84,100.0
subbasin,BAR,Barak,subbasin||BAR,,Barak and others Basin,Barak,watershed,D2CBAR18,Watershed D2CBAR18,watershed||D2CBAR18,,Barak and others Basin,Barak,523.1222,1.82,100.0
subbasin,BAR,Barak,subbasin||BAR,,Barak and others Basin,Barak,watershed,D2CBAR19,Watershed D2CBAR19,watershed||D2CBAR19,,Barak and others Basin,Barak,573.4002,1.99,100.0
subbasin,BAR,Barak,subbasin||BAR,,Barak and others Basin,Barak,watershed,D2CBAR20,Watershed D2CBAR20,watershed||D2CBAR20,,Barak and others Basin,Barak,504.6442,1.75,100.0
subbasin,BAR,Barak,subbasin||BAR,,Barak and others Basin,Barak,watershed,D2CBAR21,Watershed D2CBAR21,watershed||D2CBAR21,,Barak and others Basin,Barak,646.0124,2.25,100.0
subbasin,BAR,Barak,subbasin||BAR,,Barak and others Basin,Barak,watershed,D2CBAR22,Watershed D2CBAR22,watershed||D2CBAR22,,Barak and others Basin,Barak,615.441,2.14,100.0
subbasin,BAR,Barak,subbasin||BAR,,Barak and others Basin,Barak,watershed,D2CBAR23,Watershed D2CBAR23,watershed||D2CBAR23,,Barak and others Basin,Barak,475.4708,1.65,100.0
subbasin,BAR,Barak,subbasin||BAR,,Barak and others Basin,Barak,watershed,D2CBAR24,Watershed D2CBAR24,watershed||D2CBAR24,,Barak and others Basin,Barak,570.9879,1.99,100.0
subbasin,BAR,Barak,subbasin||BAR,,Barak and others Basin,Barak,watershed,D2CBAR25,Watershed D2CBAR25,watershed||D2CBAR25,,Barak and others Basin,Barak,407.4928,1.42,100.0
subbasin,BAR,Barak,subbasin||BAR,,Barak and others Basin,Barak,watershed,D2CBAR26,Watershed D2CBAR26,watershed||D2CBAR26,,Barak and others Basin,Barak,540.4072,1.88,100.0
subbasin,BAR,Barak,subbasin||BAR,,Barak and others Basin,Barak,watershed,D2CBAR27,Watershed D2CBAR27,watershed||D2CBAR27,,Barak and others Basin,Barak,682.9648,2.37,100.0
subbasin,BAR,Barak,subbasin||BAR,,Barak and others Basin,Barak,watershed,D2CBAR28,Watershed D2CBAR28,watershed||D2CBAR28,,Barak and others Basin,Barak,525.0776,1.83,100.0
subbasin,BAR,Barak,subbasin||BAR,,Barak and others Basin,Barak,watershed,D2CBAR29,Watershed D2CBAR29,watershed||D2CBAR29,,Barak and others Basin,Barak,525.7785,1.83,100.0
subbasin,BAR,Barak,subbasin||BAR,,Barak and others Basin,Barak,watershed,D2CBAR30,Watershed D2CBAR30,watershed||D2CBAR30,,Barak and others Basin,Barak,671.3237,2.33,100.0
subbasin,BAR,Barak,subbasin||BAR,,Barak and others Basin,Barak,watershed,D2CBAR31,Watershed D2CBAR31,watershed||D2CBAR31,,Barak and others Basin,Barak,877.3465,3.05,100.0
subbasin,BAR,Barak,subbasin||BAR,,Barak and others Basin,Barak,watershed,D2CBAR32,Watershed D2CBAR32,watershed||D2CBAR32,,Barak and others Basin,Barak,484.5413,1.68,100.0
subbasin,BAR,Barak,subbasin||BAR,,Barak and others Basin,Barak,watershed,D2CBAR33,Watershed D2CBAR33,watershed||D2CBAR33,,Barak and others Basin,Barak,380.3179,1.32,100.0
subbasin,BAR,Barak,subbasin||BAR,,Barak and others Basin,Barak,watershed,D2CBAR34,Watershed D2CBAR34,watershed||D2CBAR34,,Barak and others Basin,Barak,655.148,2.28,100.0
subbasin,BAR,Barak,subbasin||BAR,,Barak and others Basin,Barak,watershed,D2CBAR35,Watershed D2CBAR35,watershed||D2CBAR35,,Barak and others Basin,Barak,643.6337,2.24,100.0
subbasin,BAR,Barak,subbasin||BAR,,Barak and others Basin,Barak,watershed,D2CBAR36,Watershed D2CBAR36,watershed||D2CBAR36,,Barak and others Basin,Barak,635.0015,2.21,100.0
subbasin,BAR,Barak,subbasin||BAR,,Barak and others Basin,Barak,watershed,D2CBAR37,Watershed D2CBAR37,watershed||D2CBAR37,,Barak and others Basin,Barak,746.7312,2.6,100.0
subbasin,BAR,Barak,subbasin||BAR,,Barak and others Basin,Barak,watershed,D2CBAR38,Watershed D2CBAR38,watershed||D2CBAR38,,Barak and others Basin,Barak,878.0485,3.05,100.0
subbasin,BAR,Barak,subbasin||BAR,,Barak and others Basin,Barak,watershed,D2CBAR39,Watershed D2CBAR39,watershed||D2CBAR39,,Barak and others Basin,Barak,562.1252,1.95,100.0
subbasin,BAR,Barak,subbasin||BAR,,Barak and others Basin,Barak,watershed,D2CBAR40,Watershed D2CBAR40,watershed||D2CBAR40,,Barak and others Basin,Barak,758.5321,2.64,100.0
subbasin,BAR,Barak,subbasin||BAR,,Barak and others Basin,Barak,watershed,D2CBAR41,Watershed D2CBAR41,watershed||D2CBAR41,,Barak and others Basin,Barak,520.3921,1.81,100.0
subbasin,BAR,Barak,subbasin||BAR,,Barak and others Basin,Barak,watershed,D2CBAR42,Watershed D2CBAR42,watershed||D2CBAR42,,Barak and others Basin,Barak,382.1305,1.33,100.0
subbasin,BAR,Barak,subbasin||BAR,,Barak and others Basin,Barak,watershed,D2CBAR43,Watershed D2CBAR43,watershed||D2CBAR43,,Barak and others Basin,Barak,720.3214,2.5,100.0
subbasin,BAR,Barak,subbasin||BAR,,Barak and others Basin,Barak,watershed,D2CBAR44,Watershed D2CBAR44,watershed||D2CBAR44,,Barak and others Basin,Barak,557.5702,1.94,100.0
subbasin,BAR,Barak,subbasin||BAR,,Barak and others Basin,Barak,watershed,D2CBAR45,Watershed D2CBAR45,watershed||D2CBAR45,,Barak and others Basin,Barak,763.6088,2.65,100.0
subbasin,BAR,Barak,subbasin||BAR,,Barak and others Basin,Barak,watershed,D2CBAR46,Watershed D2CBAR46,watershed||D2CBAR46,,Barak and others Basin,Barak,610.302,2.12,100.0
subbasin,BAR,Barak,subbasin||BAR,,Barak and others Basin,Barak,watershed,D2CBAR47,Watershed D2CBAR47,watershed||D2CBAR47,,Barak and others Basin,Barak,722.2368,2.51,100.0
subbasin,BAM,Barmer,subbasin||BAM,,Indus (Up to border) Basin,Barmer,watershed,A01BAM01,Watershed A01BAM01,watershed||A01BAM01,,Indus (Up to border) Basin,Barmer,918.6777,4.09,100.0
subbasin,BAM,Barmer,subbasin||BAM,,Indus (Up to border) Basin,Barmer,watershed,A01BAM02,Watershed A01BAM02,watershed||A01BAM02,,Indus (Up to border) Basin,Barmer,371.6337,1.65,100.0
subbasin,BAM,Barmer,subbasin||BAM,,Indus (Up to border) Basin,Barmer,watershed,A01BAM03,Watershed A01BAM03,watershed||A01BAM03,,Indus (Up to border) Basin,Barmer,570.1994,2.54,100.0
subbasin,BAM,Barmer,subbasin||BAM,,Indus (Up to border) Basin,Barmer,watershed,A01BAM04,Watershed A01BAM04,watershed||A01BAM04,,Indus (Up to border) Basin,Barmer,614.8848,2.74,100.0
subbasin,BAM,Barmer,subbasin||BAM,,Indus (Up to border) Basin,Barmer,watershed,A01BAM05,Watershed A01BAM05,watershed||A01BAM05,,Indus (Up to border) Basin,Barmer,725.0046,3.22,100.0
subbasin,BAM,Barmer,subbasin||BAM,,Indus (Up to border) Basin,Barmer,watershed,A01BAM06,Watershed A01BAM06,watershed||A01BAM06,,Indus (Up to border) Basin,Barmer,816.0224,3.63,100.0
subbasin,BAM,Barmer,subbasin||BAM,,Indus (Up to border) Basin,Barmer,watershed,A01BAM07,Watershed A01BAM07,watershed||A01BAM07,,Indus (Up to border) Basin,Barmer,382.2295,1.7,100.0
subbasin,BAM,Barmer,subbasin||BAM,,Indus (Up to border) Basin,Barmer,watershed,A01BAM08,Watershed A01BAM08,watershed||A01BAM08,,Indus (Up to border) Basin,Barmer,583.6788,2.6,100.0
subbasin,BAM,Barmer,subbasin||BAM,,Indus (Up to border) Basin,Barmer,watershed,A01BAM09,Watershed A01BAM09,watershed||A01BAM09,,Indus (Up to border) Basin,Barmer,489.515,2.18,100.0
subbasin,BAM,Barmer,subbasin||BAM,,Indus (Up to border) Basin,Barmer,watershed,A01BAM10,Watershed A01BAM10,watershed||A01BAM10,,Indus (Up to border) Basin,Barmer,617.0785,2.74,100.0
subbasin,BAM,Barmer,subbasin||BAM,,Indus (Up to border) Basin,Barmer,watershed,A01BAM11,Watershed A01BAM11,watershed||A01BAM11,,Indus (Up to border) Basin,Barmer,649.2373,2.89,100.0
subbasin,BAM,Barmer,subbasin||BAM,,Indus (Up to border) Basin,Barmer,watershed,A01BAM12,Watershed A01BAM12,watershed||A01BAM12,,Indus (Up to border) Basin,Barmer,689.6347,3.07,100.0
subbasin,BAM,Barmer,subbasin||BAM,,Indus (Up to border) Basin,Barmer,watershed,A01BAM13,Watershed A01BAM13,watershed||A01BAM13,,Indus (Up to border) Basin,Barmer,641.1457,2.85,100.0
subbasin,BAM,Barmer,subbasin||BAM,,Indus (Up to border) Basin,Barmer,watershed,A01BAM14,Watershed A01BAM14,watershed||A01BAM14,,Indus (Up to border) Basin,Barmer,843.6081,3.75,100.0
subbasin,BAM,Barmer,subbasin||BAM,,Indus (Up to border) Basin,Barmer,watershed,A01BAM15,Watershed A01BAM15,watershed||A01BAM15,,Indus (Up to border) Basin,Barmer,883.188,3.93,100.0
subbasin,BAM,Barmer,subbasin||BAM,,Indus (Up to border) Basin,Barmer,watershed,A01BAM16,Watershed A01BAM16,watershed||A01BAM16,,Indus (Up to border) Basin,Barmer,402.3649,1.79,100.0
subbasin,BAM,Barmer,subbasin||BAM,,Indus (Up to border) Basin,Barmer,watershed,A01BAM17,Watershed A01BAM17,watershed||A01BAM17,,Indus (Up to border) Basin,Barmer,673.6387,3.0,100.0
subbasin,BAM,Barmer,subbasin||BAM,,Indus (Up to border) Basin,Barmer,watershed,A01BAM18,Watershed A01BAM18,watershed||A01BAM18,,Indus (Up to border) Basin,Barmer,623.6832,2.77,100.0
subbasin,BAM,Barmer,subbasin||BAM,,Indus (Up to border) Basin,Barmer,watershed,A01BAM19,Watershed A01BAM19,watershed||A01BAM19,,Indus (Up to border) Basin,Barmer,562.1157,2.5,100.0
subbasin,BAM,Barmer,subbasin||BAM,,Indus (Up to border) Basin,Barmer,watershed,A01BAM20,Watershed A01BAM20,watershed||A01BAM20,,Indus (Up to border) Basin,Barmer,799.4019,3.56,100.0
subbasin,BAM,Barmer,subbasin||BAM,,Indus (Up to border) Basin,Barmer,watershed,A01BAM21,Watershed A01BAM21,watershed||A01BAM21,,Indus (Up to border) Basin,Barmer,655.9711,2.92,100.0
subbasin,BAM,Barmer,subbasin||BAM,,Indus (Up to border) Basin,Barmer,watershed,A01BAM22,Watershed A01BAM22,watershed||A01BAM22,,Indus (Up to border) Basin,Barmer,480.8807,2.14,100.0
subbasin,BAM,Barmer,subbasin||BAM,,Indus (Up to border) Basin,Barmer,watershed,A01BAM23,Watershed A01BAM23,watershed||A01BAM23,,Indus (Up to border) Basin,Barmer,504.4744,2.24,100.0
subbasin,BAM,Barmer,subbasin||BAM,,Indus (Up to border) Basin,Barmer,watershed,A01BAM24,Watershed A01BAM24,watershed||A01BAM24,,Indus (Up to border) Basin,Barmer,503.6857,2.24,100.0
subbasin,BAM,Barmer,subbasin||BAM,,Indus (Up to border) Basin,Barmer,watershed,A01BAM25,Watershed A01BAM25,watershed||A01BAM25,,Indus (Up to border) Basin,Barmer,680.5624,3.03,100.0
subbasin,BAM,Barmer,subbasin||BAM,,Indus (Up to border) Basin,Barmer,watershed,A01BAM26,Watershed A01BAM26,watershed||A01BAM26,,Indus (Up to border) Basin,Barmer,527.1895,2.35,100.0
subbasin,BAM,Barmer,subbasin||BAM,,Indus (Up to border) Basin,Barmer,watershed,A01BAM27,Watershed A01BAM27,watershed||A01BAM27,,Indus (Up to border) Basin,Barmer,401.7295,1.79,100.0
subbasin,BAM,Barmer,subbasin||BAM,,Indus (Up to border) Basin,Barmer,watershed,A01BAM28,Watershed A01BAM28,watershed||A01BAM28,,Indus (Up to border) Basin,Barmer,516.7081,2.3,100.0
subbasin,BAM,Barmer,subbasin||BAM,,Indus (Up to border) Basin,Barmer,watershed,A01BAM29,Watershed A01BAM29,watershed||A01BAM29,,Indus (Up to border) Basin,Barmer,604.1339,2.69,100.0
subbasin,BAM,Barmer,subbasin||BAM,,Indus (Up to border) Basin,Barmer,watershed,A01BAM30,Watershed A01BAM30,watershed||A01BAM30,,Indus (Up to border) Basin,Barmer,399.8781,1.78,100.0
subbasin,BAM,Barmer,subbasin||BAM,,Indus (Up to border) Basin,Barmer,watershed,A01BAM31,Watershed A01BAM31,watershed||A01BAM31,,Indus (Up to border) Basin,Barmer,504.791,2.25,100.0
subbasin,BAM,Barmer,subbasin||BAM,,Indus (Up to border) Basin,Barmer,watershed,A01BAM32,Watershed A01BAM32,watershed||A01BAM32,,Indus (Up to border) Basin,Barmer,466.7674,2.08,100.0
subbasin,BAM,Barmer,subbasin||BAM,,Indus (Up to border) Basin,Barmer,watershed,A01BAM33,Watershed A01BAM33,watershed||A01BAM33,,Indus (Up to border) Basin,Barmer,549.1032,2.44,100.0
subbasin,BAM,Barmer,subbasin||BAM,,Indus (Up to border) Basin,Barmer,watershed,A01BAM34,Watershed A01BAM34,watershed||A01BAM34,,Indus (Up to border) Basin,Barmer,434.0123,1.93,100.0
subbasin,BAM,Barmer,subbasin||BAM,,Indus (Up to border) Basin,Barmer,watershed,A01BAM35,Watershed A01BAM35,watershed||A01BAM35,,Indus (Up to border) Basin,Barmer,674.4924,3.0,100.0
subbasin,BAM,Barmer,subbasin||BAM,,Indus (Up to border) Basin,Barmer,watershed,A01BAM36,Watershed A01BAM36,watershed||A01BAM36,,Indus (Up to border) Basin,Barmer,549.8747,2.45,100.0
subbasin,BAM,Barmer,subbasin||BAM,,Indus (Up to border) Basin,Barmer,watershed,A01BAM37,Watershed A01BAM37,watershed||A01BAM37,,Indus (Up to border) Basin,Barmer,431.5264,1.92,100.0
subbasin,BAM,Barmer,subbasin||BAM,,Indus (Up to border) Basin,Barmer,watershed,A01BAM38,Watershed A01BAM38,watershed||A01BAM38,,Indus (Up to border) Basin,Barmer,738.1641,3.28,100.0
subbasin,BEA,Beas,subbasin||BEA,,Indus (Up to border) Basin,Beas,watershed,A01BEA01,Watershed A01BEA01,watershed||A01BEA01,,Indus (Up to border) Basin,Beas,553.998,2.86,100.0
subbasin,BEA,Beas,subbasin||BEA,,Indus (Up to border) Basin,Beas,watershed,A01BEA02,Watershed A01BEA02,watershed||A01BEA02,,Indus (Up to border) Basin,Beas,671.0287,3.46,100.0
subbasin,BEA,Beas,subbasin||BEA,,Indus (Up to border) Basin,Beas,watershed,A01BEA03,Watershed A01BEA03,watershed||A01BEA03,,Indus (Up to border) Basin,Beas,829.6862,4.28,100.0
subbasin,BEA,Beas,subbasin||BEA,,Indus (Up to border) Basin,Beas,watershed,A01BEA04,Watershed A01BEA04,watershed||A01BEA04,,Indus (Up to border) Basin,Beas,583.4495,3.01,100.0
subbasin,BEA,Beas,subbasin||BEA,,Indus (Up to border) Basin,Beas,watershed,A01BEA05,Watershed A01BEA05,watershed||A01BEA05,,Indus (Up to border) Basin,Beas,901.5519,4.65,100.0
subbasin,BEA,Beas,subbasin||BEA,,Indus (Up to border) Basin,Beas,watershed,A01BEA06,Watershed A01BEA06,watershed||A01BEA06,,Indus (Up to border) Basin,Beas,746.1232,3.85,100.0
subbasin,BEA,Beas,subbasin||BEA,,Indus (Up to border) Basin,Beas,watershed,A01BEA07,Watershed A01BEA07,watershed||A01BEA07,,Indus (Up to border) Basin,Beas,666.2201,3.44,100.0
subbasin,BEA,Beas,subbasin||BEA,,Indus (Up to border) Basin,Beas,watershed,A01BEA08,Watershed A01BEA08,watershed||A01BEA08,,Indus (Up to border) Basin,Beas,675.3676,3.48,100.0
subbasin,BEA,Beas,subbasin||BEA,,Indus (Up to border) Basin,Beas,watershed,A01BEA09,Watershed A01BEA09,watershed||A01BEA09,,Indus (Up to border) Basin,Beas,796.6756,4.11,100.0
subbasin,BEA,Beas,subbasin||BEA,,Indus (Up to border) Basin,Beas,watershed,A01BEA10,Watershed A01BEA10,watershed||A01BEA10,,Indus (Up to border) Basin,Beas,425.3204,2.19,100.0
subbasin,BEA,Beas,subbasin||BEA,,Indus (Up to border) Basin,Beas,watershed,A01BEA11,Watershed A01BEA11,watershed||A01BEA11,,Indus (Up to border) Basin,Beas,552.6548,2.85,100.0
subbasin,BEA,Beas,subbasin||BEA,,Indus (Up to border) Basin,Beas,watershed,A01BEA12,Watershed A01BEA12,watershed||A01BEA12,,Indus (Up to border) Basin,Beas,412.0259,2.13,100.0
subbasin,BEA,Beas,subbasin||BEA,,Indus (Up to border) Basin,Beas,watershed,A01BEA13,Watershed A01BEA13,watershed||A01BEA13,,Indus (Up to border) Basin,Beas,602.4847,3.11,100.0
subbasin,BEA,Beas,subbasin||BEA,,Indus (Up to border) Basin,Beas,watershed,A01BEA14,Watershed A01BEA14,watershed||A01BEA14,,Indus (Up to border) Basin,Beas,672.1468,3.47,100.0
subbasin,BEA,Beas,subbasin||BEA,,Indus (Up to border) Basin,Beas,watershed,A01BEA15,Watershed A01BEA15,watershed||A01BEA15,,Indus (Up to border) Basin,Beas,537.1041,2.77,100.0
subbasin,BEA,Beas,subbasin||BEA,,Indus (Up to border) Basin,Beas,watershed,A01BEA16,Watershed A01BEA16,watershed||A01BEA16,,Indus (Up to border) Basin,Beas,594.5072,3.07,100.0
subbasin,BEA,Beas,subbasin||BEA,,Indus (Up to border) Basin,Beas,watershed,A01BEA17,Watershed A01BEA17,watershed||A01BEA17,,Indus (Up to border) Basin,Beas,427.8253,2.21,100.0
subbasin,BEA,Beas,subbasin||BEA,,Indus (Up to border) Basin,Beas,watershed,A01BEA18,Watershed A01BEA18,watershed||A01BEA18,,Indus (Up to border) Basin,Beas,397.8089,2.05,100.0
subbasin,BEA,Beas,subbasin||BEA,,Indus (Up to border) Basin,Beas,watershed,A01BEA19,Watershed A01BEA19,watershed||A01BEA19,,Indus (Up to border) Basin,Beas,693.0261,3.57,100.0
subbasin,BEA,Beas,subbasin||BEA,,Indus (Up to border) Basin,Beas,watershed,A01BEA20,Watershed A01BEA20,watershed||A01BEA20,,Indus (Up to border) Basin,Beas,867.3558,4.47,100.0
subbasin,BEA,Beas,subbasin||BEA,,Indus (Up to border) Basin,Beas,watershed,A01BEA21,Watershed A01BEA21,watershed||A01BEA21,,Indus (Up to border) Basin,Beas,495.4299,2.56,100.0
subbasin,BEA,Beas,subbasin||BEA,,Indus (Up to border) Basin,Beas,watershed,A01BEA22,Watershed A01BEA22,watershed||A01BEA22,,Indus (Up to border) Basin,Beas,653.9883,3.37,100.0
subbasin,BEA,Beas,subbasin||BEA,,Indus (Up to border) Basin,Beas,watershed,A01BEA23,Watershed A01BEA23,watershed||A01BEA23,,Indus (Up to border) Basin,Beas,1018.1719,5.25,100.0
subbasin,BEA,Beas,subbasin||BEA,,Indus (Up to border) Basin,Beas,watershed,A01BEA24,Watershed A01BEA24,watershed||A01BEA24,,Indus (Up to border) Basin,Beas,921.3707,4.75,100.0
subbasin,BEA,Beas,subbasin||BEA,,Indus (Up to border) Basin,Beas,watershed,A01BEA25,Watershed A01BEA25,watershed||A01BEA25,,Indus (Up to border) Basin,Beas,397.0107,2.05,100.0
subbasin,BEA,Beas,subbasin||BEA,,Indus (Up to border) Basin,Beas,watershed,A01BEA26,Watershed A01BEA26,watershed||A01BEA26,,Indus (Up to border) Basin,Beas,560.5696,2.89,100.0
subbasin,BEA,Beas,subbasin||BEA,,Indus (Up to border) Basin,Beas,watershed,A01BEA27,Watershed A01BEA27,watershed||A01BEA27,,Indus (Up to border) Basin,Beas,657.241,3.39,100.0
subbasin,BEA,Beas,subbasin||BEA,,Indus (Up to border) Basin,Beas,watershed,A01BEA28,Watershed A01BEA28,watershed||A01BEA28,,Indus (Up to border) Basin,Beas,718.1998,3.7,100.0
subbasin,BEA,Beas,subbasin||BEA,,Indus (Up to border) Basin,Beas,watershed,A01BEA29,Watershed A01BEA29,watershed||A01BEA29,,Indus (Up to border) Basin,Beas,587.5821,3.03,100.0
subbasin,BEA,Beas,subbasin||BEA,,Indus (Up to border) Basin,Beas,watershed,A01BEA30,Watershed A01BEA30,watershed||A01BEA30,,Indus (Up to border) Basin,Beas,771.1009,3.98,100.0
subbasin,BHA,Bhadar and other west flowing rivers,subbasin||BHA,,West flowing rivers of Kutch and Saurashtra including Luni Basin,Bhadar and other west flowing rivers,watershed,B20BHA01,Watershed B20BHA01,watershed||B20BHA01,,West flowing rivers of Kutch and Saurashtra including Luni Basin,Bhadar and other west flowing rivers,426.6546,2.22,100.0
subbasin,BHA,Bhadar and other west flowing rivers,subbasin||BHA,,West flowing rivers of Kutch and Saurashtra including Luni Basin,Bhadar and other west flowing rivers,watershed,B20BHA02,Watershed B20BHA02,watershed||B20BHA02,,West flowing rivers of Kutch and Saurashtra including Luni Basin,Bhadar and other west flowing rivers,532.5764,2.77,100.0
subbasin,BHA,Bhadar and other west flowing rivers,subbasin||BHA,,West flowing rivers of Kutch and Saurashtra including Luni Basin,Bhadar and other west flowing rivers,watershed,B20BHA03,Watershed B20BHA03,watershed||B20BHA03,,West flowing rivers of Kutch and Saurashtra including Luni Basin,Bhadar and other west flowing rivers,737.3722,3.84,100.0
subbasin,BHA,Bhadar and other west flowing rivers,subbasin||BHA,,West flowing rivers of Kutch and Saurashtra including Luni Basin,Bhadar and other west flowing rivers,watershed,B20BHA04,Watershed B20BHA04,watershed||B20BHA04,,West flowing rivers of Kutch and Saurashtra including Luni Basin,Bhadar and other west flowing rivers,733.5054,3.82,100.0
subbasin,BHA,Bhadar and other west flowing rivers,subbasin||BHA,,West flowing rivers of Kutch and Saurashtra including Luni Basin,Bhadar and other west flowing rivers,watershed,B20BHA05,Watershed B20BHA05,watershed||B20BHA05,,West flowing rivers of Kutch and Saurashtra including Luni Basin,Bhadar and other west flowing rivers,735.5435,3.83,100.0
subbasin,BHA,Bhadar and other west flowing rivers,subbasin||BHA,,West flowing rivers of Kutch and Saurashtra including Luni Basin,Bhadar and other west flowing rivers,watershed,B20BHA06,Watershed B20BHA06,watershed||B20BHA06,,West flowing rivers of Kutch and Saurashtra including Luni Basin,Bhadar and other west flowing rivers,586.8812,3.06,100.0
subbasin,BHA,Bhadar and other west flowing rivers,subbasin||BHA,,West flowing rivers of Kutch and Saurashtra including Luni Basin,Bhadar and other west flowing rivers,watershed,B20BHA07,Watershed B20BHA07,watershed||B20BHA07,,West flowing rivers of Kutch and Saurashtra including Luni Basin,Bhadar and other west flowing rivers,578.2177,3.01,100.0
subbasin,BHA,Bhadar and other west flowing rivers,subbasin||BHA,,West flowing rivers of Kutch and Saurashtra including Luni Basin,Bhadar and other west flowing rivers,watershed,B20BHA08,Watershed B20BHA08,watershed||B20BHA08,,West flowing rivers of Kutch and Saurashtra including Luni Basin,Bhadar and other west flowing rivers,474.228,2.47,100.0
subbasin,BHA,Bhadar and other west flowing rivers,subbasin||BHA,,West flowing rivers of Kutch and Saurashtra including Luni Basin,Bhadar and other west flowing rivers,watershed,B20BHA09,Watershed B20BHA09,watershed||B20BHA09,,West flowing rivers of Kutch and Saurashtra including Luni Basin,Bhadar and other west flowing rivers,522.0375,2.72,100.0
subbasin,BHA,Bhadar and other west flowing rivers,subbasin||BHA,,West flowing rivers of Kutch and Saurashtra including Luni Basin,Bhadar and other west flowing rivers,watershed,B20BHA10,Watershed B20BHA10,watershed||B20BHA10,,West flowing rivers of Kutch and Saurashtra including Luni Basin,Bhadar and other west flowing rivers,722.9076,3.77,100.0
subbasin,BHA,Bhadar and other west flowing rivers,subbasin||BHA,,West flowing rivers of Kutch and Saurashtra including Luni Basin,Bhadar and other west flowing rivers,watershed,B20BHA11,Watershed B20BHA11,watershed||B20BHA11,,West flowing rivers of Kutch and Saurashtra including Luni Basin,Bhadar and other west flowing rivers,686.8753,3.58,100.0
subbasin,BHA,Bhadar and other west flowing rivers,subbasin||BHA,,West flowing rivers of Kutch and Saurashtra including Luni Basin,Bhadar and other west flowing rivers,watershed,B20BHA12,Watershed B20BHA12,watershed||B20BHA12,,West flowing rivers of Kutch and Saurashtra including Luni Basin,Bhadar and other west flowing rivers,736.3181,3.84,100.0
subbasin,BHA,Bhadar and other west flowing rivers,subbasin||BHA,,West flowing rivers of Kutch and Saurashtra including Luni Basin,Bhadar and other west flowing rivers,watershed,B20BHA13,Watershed B20BHA13,watershed||B20BHA13,,West flowing rivers of Kutch and Saurashtra including Luni Basin,Bhadar and other west flowing rivers,720.0658,3.75,100.0
subbasin,BHA,Bhadar and other west flowing rivers,subbasin||BHA,,West flowing rivers of Kutch and Saurashtra including Luni Basin,Bhadar and other west flowing rivers,watershed,B20BHA14,Watershed B20BHA14,watershed||B20BHA14,,West flowing rivers of Kutch and Saurashtra including Luni Basin,Bhadar and other west flowing rivers,659.8893,3.44,100.0
subbasin,BHA,Bhadar and other west flowing rivers,subbasin||BHA,,West flowing rivers of Kutch and Saurashtra including Luni Basin,Bhadar and other west flowing rivers,watershed,B20BHA15,Watershed B20BHA15,watershed||B20BHA15,,West flowing rivers of Kutch and Saurashtra including Luni Basin,Bhadar and other west flowing rivers,800.9207,4.17,100.0
subbasin,BHA,Bhadar and other west flowing rivers,subbasin||BHA,,West flowing rivers of Kutch and Saurashtra including Luni Basin,Bhadar and other west flowing rivers,watershed,B20BHA16,Watershed B20BHA16,watershed||B20BHA16,,West flowing rivers of Kutch and Saurashtra including Luni Basin,Bhadar and other west flowing rivers,391.8237,2.04,100.0
subbasin,BHA,Bhadar and other west flowing rivers,subbasin||BHA,,West flowing rivers of Kutch and Saurashtra including Luni Basin,Bhadar and other west flowing rivers,watershed,B20BHA17,Watershed B20BHA17,watershed||B20BHA17,,West flowing rivers of Kutch and Saurashtra including Luni Basin,Bhadar and other west flowing rivers,681.8995,3.55,100.0
subbasin,BHA,Bhadar and other west flowing rivers,subbasin||BHA,,West flowing rivers of Kutch and Saurashtra including Luni Basin,Bhadar and other west flowing rivers,watershed,B20BHA18,Watershed B20BHA18,watershed||B20BHA18,,West flowing rivers of Kutch and Saurashtra including Luni Basin,Bhadar and other west flowing rivers,705.5571,3.68,100.0
subbasin,BHA,Bhadar and other west flowing rivers,subbasin||BHA,,West flowing rivers of Kutch and Saurashtra including Luni Basin,Bhadar and other west flowing rivers,watershed,B20BHA19,Watershed B20BHA19,watershed||B20BHA19,,West flowing rivers of Kutch and Saurashtra including Luni Basin,Bhadar and other west flowing rivers,343.586,1.79,100.0
subbasin,BHA,Bhadar and other west flowing rivers,subbasin||BHA,,West flowing rivers of Kutch and Saurashtra including Luni Basin,Bhadar and other west flowing rivers,watershed,B20BHA20,Watershed B20BHA20,watershed||B20BHA20,,West flowing rivers of Kutch and Saurashtra including Luni Basin,Bhadar and other west flowing rivers,753.4838,3.92,100.0
subbasin,BHA,Bhadar and other west flowing rivers,subbasin||BHA,,West flowing rivers of Kutch and Saurashtra including Luni Basin,Bhadar and other west flowing rivers,watershed,B20BHA21,Watershed B20BHA21,watershed||B20BHA21,,West flowing rivers of Kutch and Saurashtra including Luni Basin,Bhadar and other west flowing rivers,1000.9228,5.21,100.0
subbasin,BHA,Bhadar and other west flowing rivers,subbasin||BHA,,West flowing rivers of Kutch and Saurashtra including Luni Basin,Bhadar and other west flowing rivers,watershed,B20BHA22,Watershed B20BHA22,watershed||B20BHA22,,West flowing rivers of Kutch and Saurashtra including Luni Basin,Bhadar and other west flowing rivers,918.478,4.78,100.0
subbasin,BHA,Bhadar and other west flowing rivers,subbasin||BHA,,West flowing rivers of Kutch and Saurashtra including Luni Basin,Bhadar and other west flowing rivers,watershed,B20BHA23,Watershed B20BHA23,watershed||B20BHA23,,West flowing rivers of Kutch and Saurashtra including Luni Basin,Bhadar and other west flowing rivers,790.7896,4.12,100.0
subbasin,BHA,Bhadar and other west flowing rivers,subbasin||BHA,,West flowing rivers of Kutch and Saurashtra including Luni Basin,Bhadar and other west flowing rivers,watershed,B20BHA24,Watershed B20BHA24,watershed||B20BHA24,,West flowing rivers of Kutch and Saurashtra including Luni Basin,Bhadar and other west flowing rivers,655.0096,3.41,100.0
subbasin,BHA,Bhadar and other west flowing rivers,subbasin||BHA,,West flowing rivers of Kutch and Saurashtra including Luni Basin,Bhadar and other west flowing rivers,watershed,B20BHA25,Watershed B20BHA25,watershed||B20BHA25,,West flowing rivers of Kutch and Saurashtra including Luni Basin,Bhadar and other west flowing rivers,357.8674,1.86,100.0
subbasin,BHA,Bhadar and other west flowing rivers,subbasin||BHA,,West flowing rivers of Kutch and Saurashtra including Luni Basin,Bhadar and other west flowing rivers,watershed,B20BHA26,Watershed B20BHA26,watershed||B20BHA26,,West flowing rivers of Kutch and Saurashtra including Luni Basin,Bhadar and other west flowing rivers,536.3176,2.79,100.0
subbasin,BHA,Bhadar and other west flowing rivers,subbasin||BHA,,West flowing rivers of Kutch and Saurashtra including Luni Basin,Bhadar and other west flowing rivers,watershed,B20BHA27,Watershed B20BHA27,watershed||B20BHA27,,West flowing rivers of Kutch and Saurashtra including Luni Basin,Bhadar and other west flowing rivers,550.1388,2.87,100.0
subbasin,BHA,Bhadar and other west flowing rivers,subbasin||BHA,,West flowing rivers of Kutch and Saurashtra including Luni Basin,Bhadar and other west flowing rivers,watershed,B20BHA28,Watershed B20BHA28,watershed||B20BHA28,,West flowing rivers of Kutch and Saurashtra including Luni Basin,Bhadar and other west flowing rivers,589.5527,3.07,100.0
subbasin,BHA,Bhadar and other west flowing rivers,subbasin||BHA,,West flowing rivers of Kutch and Saurashtra including Luni Basin,Bhadar and other west flowing rivers,watershed,B20BHA29,Watershed B20BHA29,watershed||B20BHA29,,West flowing rivers of Kutch and Saurashtra including Luni Basin,Bhadar and other west flowing rivers,686.6047,3.58,100.0
subbasin,BHA,Bhadar and other west flowing rivers,subbasin||BHA,,West flowing rivers of Kutch and Saurashtra including Luni Basin,Bhadar and other west flowing rivers,watershed,B20BHA30,Watershed B20BHA30,watershed||B20BHA30,,West flowing rivers of Kutch and Saurashtra including Luni Basin,Bhadar and other west flowing rivers,582.6283,3.03,100.0
subbasin,BHG,Bhagirathi and others (Ganga Lower),subbasin||BHG,,Ganga Basin,Bhagirathi and others (Ganga Lower),watershed,C2ABHG01,Watershed C2ABHG01,watershed||C2ABHG01,,Ganga Basin,Bhagirathi and others (Ganga Lower),1463.9161,2.2,100.0
subbasin,BHG,Bhagirathi and others (Ganga Lower),subbasin||BHG,,Ganga Basin,Bhagirathi and others (Ganga Lower),watershed,C2ABHG02,Watershed C2ABHG02,watershed||C2ABHG02,,Ganga Basin,Bhagirathi and others (Ganga Lower),1190.7921,1.79,100.0
subbasin,BHG,Bhagirathi and others (Ganga Lower),subbasin||BHG,,Ganga Basin,Bhagirathi and others (Ganga Lower),watershed,C2ABHG03,Watershed C2ABHG03,watershed||C2ABHG03,,Ganga Basin,Bhagirathi and others (Ganga Lower),1320.2873,1.98,100.0
subbasin,BHG,Bhagirathi and others (Ganga Lower),subbasin||BHG,,Ganga Basin,Bhagirathi and others (Ganga Lower),watershed,C2ABHG04,Watershed C2ABHG04,watershed||C2ABHG04,,Ganga Basin,Bhagirathi and others (Ganga Lower),1312.5246,1.97,100.0
subbasin,BHG,Bhagirathi and others (Ganga Lower),subbasin||BHG,,Ganga Basin,Bhagirathi and others (Ganga Lower),watershed,C2ABHG05,Watershed C2ABHG05,watershed||C2ABHG05,,Ganga Basin,Bhagirathi and others (Ganga Lower),656.2794,0.99,100.0
subbasin,BHG,Bhagirathi and others (Ganga Lower),subbasin||BHG,,Ganga Basin,Bhagirathi and others (Ganga Lower),watershed,C2ABHG06,Watershed C2ABHG06,watershed||C2ABHG06,,Ganga Basin,Bhagirathi and others (Ganga Lower),1332.8795,2.0,100.0
subbasin,BHG,Bhagirathi and others (Ganga Lower),subbasin||BHG,,Ganga Basin,Bhagirathi and others (Ganga Lower),watershed,C2ABHG07,Watershed C2ABHG07,watershed||C2ABHG07,,Ganga Basin,Bhagirathi and others (Ganga Lower),976.2747,1.47,100.0
subbasin,BHG,Bhagirathi and others (Ganga Lower),subbasin||BHG,,Ganga Basin,Bhagirathi and others (Ganga Lower),watershed,C2ABHG08,Watershed C2ABHG08,watershed||C2ABHG08,,Ganga Basin,Bhagirathi and others (Ganga Lower),518.2922,0.78,100.0
subbasin,BHG,Bhagirathi and others (Ganga Lower),subbasin||BHG,,Ganga Basin,Bhagirathi and others (Ganga Lower),watershed,C2ABHG09,Watershed C2ABHG09,watershed||C2ABHG09,,Ganga Basin,Bhagirathi and others (Ganga Lower),359.8195,0.54,100.0
subbasin,BHG,Bhagirathi and others (Ganga Lower),subbasin||BHG,,Ganga Basin,Bhagirathi and others (Ganga Lower),watershed,C2ABHG10,Watershed C2ABHG10,watershed||C2ABHG10,,Ganga Basin,Bhagirathi and others (Ganga Lower),1250.2076,1.88,100.0
subbasin,BHG,Bhagirathi and others (Ganga Lower),subbasin||BHG,,Ganga Basin,Bhagirathi and others (Ganga Lower),watershed,C2ABHG11,Watershed C2ABHG11,watershed||C2ABHG11,,Ganga Basin,Bhagirathi and others (Ganga Lower),757.5457,1.14,100.0
subbasin,BHG,Bhagirathi and others (Ganga Lower),subbasin||BHG,,Ganga Basin,Bhagirathi and others (Ganga Lower),watershed,C2ABHG12,Watershed C2ABHG12,watershed||C2ABHG12,,Ganga Basin,Bhagirathi and others (Ganga Lower),1150.9693,1.73,100.0
subbasin,BHG,Bhagirathi and others (Ganga Lower),subbasin||BHG,,Ganga Basin,Bhagirathi and others (Ganga Lower),watershed,C2ABHG13,Watershed C2ABHG13,watershed||C2ABHG13,,Ganga Basin,Bhagirathi and others (Ganga Lower),1517.1894,2.28,100.0
subbasin,BHG,Bhagirathi and others (Ganga Lower),subbasin||BHG,,Ganga Basin,Bhagirathi and others (Ganga Lower),watershed,C2ABHG14,Watershed C2ABHG14,watershed||C2ABHG14,,Ganga Basin,Bhagirathi and others (Ganga Lower),994.0662,1.49,100.0
subbasin,BHG,Bhagirathi and others (Ganga Lower),subbasin||BHG,,Ganga Basin,Bhagirathi and others (Ganga Lower),watershed,C2ABHG15,Watershed C2ABHG15,watershed||C2ABHG15,,Ganga Basin,Bhagirathi and others (Ganga Lower),922.9412,1.39,100.0
subbasin,BHG,Bhagirathi and others (Ganga Lower),subbasin||BHG,,Ganga Basin,Bhagirathi and others (Ganga Lower),watershed,C2ABHG16,Watershed C2ABHG16,watershed||C2ABHG16,,Ganga Basin,Bhagirathi and others (Ganga Lower),549.3979,0.83,100.0
subbasin,BHG,Bhagirathi and others (Ganga Lower),subbasin||BHG,,Ganga Basin,Bhagirathi and others (Ganga Lower),watershed,C2ABHG17,Watershed C2ABHG17,watershed||C2ABHG17,,Ganga Basin,Bhagirathi and others (Ganga Lower),1809.6184,2.72,100.0
subbasin,BHG,Bhagirathi and others (Ganga Lower),subbasin||BHG,,Ganga Basin,Bhagirathi and others (Ganga Lower),watershed,C2ABHG18,Watershed C2ABHG18,watershed||C2ABHG18,,Ganga Basin,Bhagirathi and others (Ganga Lower),649.746,0.98,100.0
subbasin,BHG,Bhagirathi and others (Ganga Lower),subbasin||BHG,,Ganga Basin,Bhagirathi and others (Ganga Lower),watershed,C2ABHG19,Watershed C2ABHG19,watershed||C2ABHG19,,Ganga Basin,Bhagirathi and others (Ganga Lower),1155.7933,1.74,100.0
subbasin,BHG,Bhagirathi and others (Ganga Lower),subbasin||BHG,,Ganga Basin,Bhagirathi and others (Ganga Lower),watershed,C2ABHG20,Watershed C2ABHG20,watershed||C2ABHG20,,Ganga Basin,Bhagirathi and others (Ganga Lower),1513.754,2.27,100.0
subbasin,BHG,Bhagirathi and others (Ganga Lower),subbasin||BHG,,Ganga Basin,Bhagirathi and others (Ganga Lower),watershed,C2ABHG21,Watershed C2ABHG21,watershed||C2ABHG21,,Ganga Basin,Bhagirathi and others (Ganga Lower),1217.5191,1.83,100.0
subbasin,BHG,Bhagirathi and others (Ganga Lower),subbasin||BHG,,Ganga Basin,Bhagirathi and others (Ganga Lower),watershed,C2ABHG22,Watershed C2ABHG22,watershed||C2ABHG22,,Ganga Basin,Bhagirathi and others (Ganga Lower),639.8996,0.96,100.0
subbasin,BHG,Bhagirathi and others (Ganga Lower),subbasin||BHG,,Ganga Basin,Bhagirathi and others (Ganga Lower),watershed,C2ABHG23,Watershed C2ABHG23,watershed||C2ABHG23,,Ganga Basin,Bhagirathi and others (Ganga Lower),806.1076,1.21,100.0
subbasin,BHG,Bhagirathi and others (Ganga Lower),subbasin||BHG,,Ganga Basin,Bhagirathi and others (Ganga Lower),watershed,C2ABHG24,Watershed C2ABHG24,watershed||C2ABHG24,,Ganga Basin,Bhagirathi and others (Ganga Lower),446.8995,0.67,100.0
subbasin,BHG,Bhagirathi and others (Ganga Lower),subbasin||BHG,,Ganga Basin,Bhagirathi and others (Ganga Lower),watershed,C2ABHG25,Watershed C2ABHG25,watershed||C2ABHG25,,Ganga Basin,Bhagirathi and others (Ganga Lower),743.1056,1.12,100.0
subbasin,BHG,Bhagirathi and others (Ganga Lower),subbasin||BHG,,Ganga Basin,Bhagirathi and others (Ganga Lower),watershed,C2ABHG26,Watershed C2ABHG26,watershed||C2ABHG26,,Ganga Basin,Bhagirathi and others (Ganga Lower),420.1932,0.63,100.0
subbasin,BHG,Bhagirathi and others (Ganga Lower),subbasin||BHG,,Ganga Basin,Bhagirathi and others (Ganga Lower),watershed,C2ABHG27,Watershed C2ABHG27,watershed||C2ABHG27,,Ganga Basin,Bhagirathi and others (Ganga Lower),547.7116,0.82,100.0
subbasin,BHG,Bhagirathi and others (Ganga Lower),subbasin||BHG,,Ganga Basin,Bhagirathi and others (Ganga Lower),watershed,C2ABHG28,Watershed C2ABHG28,watershed||C2ABHG28,,Ganga Basin,Bhagirathi and others (Ganga Lower),731.703,1.1,100.0
subbasin,BHG,Bhagirathi and others (Ganga Lower),subbasin||BHG,,Ganga Basin,Bhagirathi and others (Ganga Lower),watershed,C2ABHG29,Watershed C2ABHG29,watershed||C2ABHG29,,Ganga Basin,Bhagirathi and others (Ganga Lower),341.4206,0.51,100.0
subbasin,BHG,Bhagirathi and others (Ganga Lower),subbasin||BHG,,Ganga Basin,Bhagirathi and others (Ganga Lower),watershed,C2ABHG30,Watershed C2ABHG30,watershed||C2ABHG30,,Ganga Basin,Bhagirathi and others (Ganga Lower),924.5319,1.39,100.0
subbasin,BHG,Bhagirathi and others (Ganga Lower),subbasin||BHG,,Ganga Basin,Bhagirathi and others (Ganga Lower),watershed,C2ABHG31,Watershed C2ABHG31,watershed||C2ABHG31,,Ganga Basin,Bhagirathi and others (Ganga Lower),951.8012,1.43,100.0
subbasin,BHG,Bhagirathi and others (Ganga Lower),subbasin||BHG,,Ganga Basin,Bhagirathi and others (Ganga Lower),watershed,C2ABHG32,Watershed C2ABHG32,watershed||C2ABHG32,,Ganga Basin,Bhagirathi and others (Ganga Lower),973.1423,1.46,100.0
subbasin,BHG,Bhagirathi and others (Ganga Lower),subbasin||BHG,,Ganga Basin,Bhagirathi and others (Ganga Lower),watershed,C2ABHG33,Watershed C2ABHG33,watershed||C2ABHG33,,Ganga Basin,Bhagirathi and others (Ganga Lower),443.3772,0.67,100.0
subbasin,BHG,Bhagirathi and others (Ganga Lower),subbasin||BHG,,Ganga Basin,Bhagirathi and others (Ganga Lower),watershed,C2ABHG34,Watershed C2ABHG34,watershed||C2ABHG34,,Ganga Basin,Bhagirathi and others (Ganga Lower),562.401,0.84,100.0
subbasin,BHG,Bhagirathi and others (Ganga Lower),subbasin||BHG,,Ganga Basin,Bhagirathi and others (Ganga Lower),watershed,C2ABHG35,Watershed C2ABHG35,watershed||C2ABHG35,,Ganga Basin,Bhagirathi and others (Ganga Lower),726.0901,1.09,100.0
subbasin,BHG,Bhagirathi and others (Ganga Lower),subbasin||BHG,,Ganga Basin,Bhagirathi and others (Ganga Lower),watershed,C2ABHG36,Watershed C2ABHG36,watershed||C2ABHG36,,Ganga Basin,Bhagirathi and others (Ganga Lower),1269.1298,1.91,100.0
subbasin,BHG,Bhagirathi and others (Ganga Lower),subbasin||BHG,,Ganga Basin,Bhagirathi and others (Ganga Lower),watershed,C2ABHG37,Watershed C2ABHG37,watershed||C2ABHG37,,Ganga Basin,Bhagirathi and others (Ganga Lower),1272.2024,1.91,100.0
subbasin,BHG,Bhagirathi and others (Ganga Lower),subbasin||BHG,,Ganga Basin,Bhagirathi and others (Ganga Lower),watershed,C2ABHG38,Watershed C2ABHG38,watershed||C2ABHG38,,Ganga Basin,Bhagirathi and others (Ganga Lower),896.8281,1.35,100.0
subbasin,BHG,Bhagirathi and others (Ganga Lower),subbasin||BHG,,Ganga Basin,Bhagirathi and others (Ganga Lower),watershed,C2ABHG39,Watershed C2ABHG39,watershed||C2ABHG39,,Ganga Basin,Bhagirathi and others (Ganga Lower),320.5952,0.48,100.0
subbasin,BHG,Bhagirathi and others (Ganga Lower),subbasin||BHG,,Ganga Basin,Bhagirathi and others (Ganga Lower),watershed,C2ABHG40,Watershed C2ABHG40,watershed||C2ABHG40,,Ganga Basin,Bhagirathi and others (Ganga Lower),884.9963,1.33,100.0
subbasin,BHG,Bhagirathi and others (Ganga Lower),subbasin||BHG,,Ganga Basin,Bhagirathi and others (Ganga Lower),watershed,C2ABHG41,Watershed C2ABHG41,watershed||C2ABHG41,,Ganga Basin,Bhagirathi and others (Ganga Lower),962.4498,1.45,100.0
subbasin,BHG,Bhagirathi and others (Ganga Lower),subbasin||BHG,,Ganga Basin,Bhagirathi and others (Ganga Lower),watershed,C2ABHG42,Watershed C2ABHG42,watershed||C2ABHG42,,Ganga Basin,Bhagirathi and others (Ganga Lower),541.1805,0.81,100.0
subbasin,BHG,Bhagirathi and others (Ganga Lower),subbasin||BHG,,Ganga Basin,Bhagirathi and others (Ganga Lower),watershed,C2ABHG43,Watershed C2ABHG43,watershed||C2ABHG43,,Ganga Basin,Bhagirathi and others (Ganga Lower),1060.426,1.59,100.0
subbasin,BHG,Bhagirathi and others (Ganga Lower),subbasin||BHG,,Ganga Basin,Bhagirathi and others (Ganga Lower),watershed,C2ABHG44,Watershed C2ABHG44,watershed||C2ABHG44,,Ganga Basin,Bhagirathi and others (Ganga Lower),662.0975,0.99,100.0
subbasin,BHG,Bhagirathi and others (Ganga Lower),subbasin||BHG,,Ganga Basin,Bhagirathi and others (Ganga Lower),watershed,C2ABHG45,Watershed C2ABHG45,watershed||C2ABHG45,,Ganga Basin,Bhagirathi and others (Ganga Lower),789.2421,1.19,100.0
subbasin,BHG,Bhagirathi and others (Ganga Lower),subbasin||BHG,,Ganga Basin,Bhagirathi and others (Ganga Lower),watershed,C2ABHG46,Watershed C2ABHG46,watershed||C2ABHG46,,Ganga Basin,Bhagirathi and others (Ganga Lower),854.1553,1.28,100.0
subbasin,BHG,Bhagirathi and others (Ganga Lower),subbasin||BHG,,Ganga Basin,Bhagirathi and others (Ganga Lower),watershed,C2ABHG47,Watershed C2ABHG47,watershed||C2ABHG47,,Ganga Basin,Bhagirathi and others (Ganga Lower),539.2757,0.81,100.0
subbasin,BHG,Bhagirathi and others (Ganga Lower),subbasin||BHG,,Ganga Basin,Bhagirathi and others (Ganga Lower),watershed,C2ABHG48,Watershed C2ABHG48,watershed||C2ABHG48,,Ganga Basin,Bhagirathi and others (Ganga Lower),676.6865,1.02,100.0
subbasin,BHG,Bhagirathi and others (Ganga Lower),subbasin||BHG,,Ganga Basin,Bhagirathi and others (Ganga Lower),watershed,C2ABHG49,Watershed C2ABHG49,watershed||C2ABHG49,,Ganga Basin,Bhagirathi and others (Ganga Lower),628.7314,0.94,100.0
subbasin,BHG,Bhagirathi and others (Ganga Lower),subbasin||BHG,,Ganga Basin,Bhagirathi and others (Ganga Lower),watershed,C2ABHG50,Watershed C2ABHG50,watershed||C2ABHG50,,Ganga Basin,Bhagirathi and others (Ganga Lower),802.5598,1.21,100.0
subbasin,BHG,Bhagirathi and others (Ganga Lower),subbasin||BHG,,Ganga Basin,Bhagirathi and others (Ganga Lower),watershed,C2ABHG51,Watershed C2ABHG51,watershed||C2ABHG51,,Ganga Basin,Bhagirathi and others (Ganga Lower),722.3078,1.09,100.0
subbasin,BHG,Bhagirathi and others (Ganga Lower),subbasin||BHG,,Ganga Basin,Bhagirathi and others (Ganga Lower),watershed,C2ABHG52,Watershed C2ABHG52,watershed||C2ABHG52,,Ganga Basin,Bhagirathi and others (Ganga Lower),1093.3408,1.64,100.0
subbasin,BHG,Bhagirathi and others (Ganga Lower),subbasin||BHG,,Ganga Basin,Bhagirathi and others (Ganga Lower),watershed,C2ABHG53,Watershed C2ABHG53,watershed||C2ABHG53,,Ganga Basin,Bhagirathi and others (Ganga Lower),762.1704,1.14,100.0
subbasin,BHG,Bhagirathi and others (Ganga Lower),subbasin||BHG,,Ganga Basin,Bhagirathi and others (Ganga Lower),watershed,C2ABHG54,Watershed C2ABHG54,watershed||C2ABHG54,,Ganga Basin,Bhagirathi and others (Ganga Lower),900.8496,1.35,100.0
subbasin,BHG,Bhagirathi and others (Ganga Lower),subbasin||BHG,,Ganga Basin,Bhagirathi and others (Ganga Lower),watershed,C2ABHG55,Watershed C2ABHG55,watershed||C2ABHG55,,Ganga Basin,Bhagirathi and others (Ganga Lower),730.7209,1.1,100.0
subbasin,BHG,Bhagirathi and others (Ganga Lower),subbasin||BHG,,Ganga Basin,Bhagirathi and others (Ganga Lower),watershed,C2ABHG56,Watershed C2ABHG56,watershed||C2ABHG56,,Ganga Basin,Bhagirathi and others (Ganga Lower),761.744,1.14,100.0
subbasin,BHG,Bhagirathi and others (Ganga Lower),subbasin||BHG,,Ganga Basin,Bhagirathi and others (Ganga Lower),watershed,C2ABHG57,Watershed C2ABHG57,watershed||C2ABHG57,,Ganga Basin,Bhagirathi and others (Ganga Lower),393.1661,0.59,100.0
subbasin,BHG,Bhagirathi and others (Ganga Lower),subbasin||BHG,,Ganga Basin,Bhagirathi and others (Ganga Lower),watershed,C2ABHG58,Watershed C2ABHG58,watershed||C2ABHG58,,Ganga Basin,Bhagirathi and others (Ganga Lower),560.6688,0.84,100.0
subbasin,BHG,Bhagirathi and others (Ganga Lower),subbasin||BHG,,Ganga Basin,Bhagirathi and others (Ganga Lower),watershed,C2ABHG59,Watershed C2ABHG59,watershed||C2ABHG59,,Ganga Basin,Bhagirathi and others (Ganga Lower),557.4865,0.84,100.0
subbasin,BHG,Bhagirathi and others (Ganga Lower),subbasin||BHG,,Ganga Basin,Bhagirathi and others (Ganga Lower),watershed,C2ABHG60,Watershed C2ABHG60,watershed||C2ABHG60,,Ganga Basin,Bhagirathi and others (Ganga Lower),381.7798,0.57,100.0
subbasin,BHG,Bhagirathi and others (Ganga Lower),subbasin||BHG,,Ganga Basin,Bhagirathi and others (Ganga Lower),watershed,C2ABHG61,Watershed C2ABHG61,watershed||C2ABHG61,,Ganga Basin,Bhagirathi and others (Ganga Lower),1353.9505,2.03,100.0
subbasin,BHG,Bhagirathi and others (Ganga Lower),subbasin||BHG,,Ganga Basin,Bhagirathi and others (Ganga Lower),watershed,C2ABHG62,Watershed C2ABHG62,watershed||C2ABHG62,,Ganga Basin,Bhagirathi and others (Ganga Lower),1187.4687,1.78,100.0
subbasin,BHG,Bhagirathi and others (Ganga Lower),subbasin||BHG,,Ganga Basin,Bhagirathi and others (Ganga Lower),watershed,C2ABHG63,Watershed C2ABHG63,watershed||C2ABHG63,,Ganga Basin,Bhagirathi and others (Ganga Lower),514.9797,0.77,100.0
subbasin,BHG,Bhagirathi and others (Ganga Lower),subbasin||BHG,,Ganga Basin,Bhagirathi and others (Ganga Lower),watershed,C2ABHG64,Watershed C2ABHG64,watershed||C2ABHG64,,Ganga Basin,Bhagirathi and others (Ganga Lower),1019.4434,1.53,100.0
subbasin,BHG,Bhagirathi and others (Ganga Lower),subbasin||BHG,,Ganga Basin,Bhagirathi and others (Ganga Lower),watershed,C2ABHG65,Watershed C2ABHG65,watershed||C2ABHG65,,Ganga Basin,Bhagirathi and others (Ganga Lower),1185.1778,1.78,100.0
subbasin,BHG,Bhagirathi and others (Ganga Lower),subbasin||BHG,,Ganga Basin,Bhagirathi and others (Ganga Lower),watershed,C2ABHG66,Watershed C2ABHG66,watershed||C2ABHG66,,Ganga Basin,Bhagirathi and others (Ganga Lower),1822.8034,2.74,100.0
subbasin,BHG,Bhagirathi and others (Ganga Lower),subbasin||BHG,,Ganga Basin,Bhagirathi and others (Ganga Lower),watershed,C2ABHG67,Watershed C2ABHG67,watershed||C2ABHG67,,Ganga Basin,Bhagirathi and others (Ganga Lower),1002.5666,1.51,100.0
subbasin,BHG,Bhagirathi and others (Ganga Lower),subbasin||BHG,,Ganga Basin,Bhagirathi and others (Ganga Lower),watershed,C2ABHG68,Watershed C2ABHG68,watershed||C2ABHG68,,Ganga Basin,Bhagirathi and others (Ganga Lower),594.6289,0.89,100.0
subbasin,BHG,Bhagirathi and others (Ganga Lower),subbasin||BHG,,Ganga Basin,Bhagirathi and others (Ganga Lower),watershed,C2ABHG69,Watershed C2ABHG69,watershed||C2ABHG69,,Ganga Basin,Bhagirathi and others (Ganga Lower),756.8928,1.14,100.0
subbasin,BHG,Bhagirathi and others (Ganga Lower),subbasin||BHG,,Ganga Basin,Bhagirathi and others (Ganga Lower),watershed,C2ABHG70,Watershed C2ABHG70,watershed||C2ABHG70,,Ganga Basin,Bhagirathi and others (Ganga Lower),1450.7168,2.18,100.0
subbasin,BHG,Bhagirathi and others (Ganga Lower),subbasin||BHG,,Ganga Basin,Bhagirathi and others (Ganga Lower),watershed,C2ABHG71,Watershed C2ABHG71,watershed||C2ABHG71,,Ganga Basin,Bhagirathi and others (Ganga Lower),758.0547,1.14,100.0
subbasin,BHG,Bhagirathi and others (Ganga Lower),subbasin||BHG,,Ganga Basin,Bhagirathi and others (Ganga Lower),watershed,C2ABHG72,Watershed C2ABHG72,watershed||C2ABHG72,,Ganga Basin,Bhagirathi and others (Ganga Lower),1156.99,1.74,100.0
subbasin,BHG,Bhagirathi and others (Ganga Lower),subbasin||BHG,,Ganga Basin,Bhagirathi and others (Ganga Lower),watershed,C2ABHG73,Watershed C2ABHG73,watershed||C2ABHG73,,Ganga Basin,Bhagirathi and others (Ganga Lower),1079.039,1.62,100.0
subbasin,BHG,Bhagirathi and others (Ganga Lower),subbasin||BHG,,Ganga Basin,Bhagirathi and others (Ganga Lower),watershed,C2ABHG74,Watershed C2ABHG74,watershed||C2ABHG74,,Ganga Basin,Bhagirathi and others (Ganga Lower),506.9291,0.76,100.0
subbasin,BHG,Bhagirathi and others (Ganga Lower),subbasin||BHG,,Ganga Basin,Bhagirathi and others (Ganga Lower),watershed,C2ABHG75,Watershed C2ABHG75,watershed||C2ABHG75,,Ganga Basin,Bhagirathi and others (Ganga Lower),1278.3451,1.92,100.0
subbasin,BHT,Bhatsol and others,subbasin||BHT,,West flowing rivers South of Tapi Basin,Bhatsol and others,watershed,B14BHT01,Watershed B14BHT01,watershed||B14BHT01,,West flowing rivers South of Tapi Basin,Bhatsol and others,502.9088,1.66,100.0
subbasin,BHT,Bhatsol and others,subbasin||BHT,,West flowing rivers South of Tapi Basin,Bhatsol and others,watershed,B14BHT02,Watershed B14BHT02,watershed||B14BHT02,,West flowing rivers South of Tapi Basin,Bhatsol and others,513.5789,1.69,100.0
subbasin,BHT,Bhatsol and others,subbasin||BHT,,West flowing rivers South of Tapi Basin,Bhatsol and others,watershed,B14BHT03,Watershed B14BHT03,watershed||B14BHT03,,West flowing rivers South of Tapi Basin,Bhatsol and others,476.0447,1.57,100.0
subbasin,BHT,Bhatsol and others,subbasin||BHT,,West flowing rivers South of Tapi Basin,Bhatsol and others,watershed,B14BHT04,Watershed B14BHT04,watershed||B14BHT04,,West flowing rivers South of Tapi Basin,Bhatsol and others,652.9446,2.15,100.0
subbasin,BHT,Bhatsol and others,subbasin||BHT,,West flowing rivers South of Tapi Basin,Bhatsol and others,watershed,B14BHT05,Watershed B14BHT05,watershed||B14BHT05,,West flowing rivers South of Tapi Basin,Bhatsol and others,395.5681,1.3,100.0
subbasin,BHT,Bhatsol and others,subbasin||BHT,,West flowing rivers South of Tapi Basin,Bhatsol and others,watershed,B14BHT06,Watershed B14BHT06,watershed||B14BHT06,,West flowing rivers South of Tapi Basin,Bhatsol and others,492.0383,1.62,100.0
subbasin,BHT,Bhatsol and others,subbasin||BHT,,West flowing rivers South of Tapi Basin,Bhatsol and others,watershed,B14BHT07,Watershed B14BHT07,watershed||B14BHT07,,West flowing rivers South of Tapi Basin,Bhatsol and others,584.3797,1.93,100.0
subbasin,BHT,Bhatsol and others,subbasin||BHT,,West flowing rivers South of Tapi Basin,Bhatsol and others,watershed,B14BHT08,Watershed B14BHT08,watershed||B14BHT08,,West flowing rivers South of Tapi Basin,Bhatsol and others,602.0019,1.98,100.0
subbasin,BHT,Bhatsol and others,subbasin||BHT,,West flowing rivers South of Tapi Basin,Bhatsol and others,watershed,B14BHT09,Watershed B14BHT09,watershed||B14BHT09,,West flowing rivers South of Tapi Basin,Bhatsol and others,404.4213,1.33,100.0
subbasin,BHT,Bhatsol and others,subbasin||BHT,,West flowing rivers South of Tapi Basin,Bhatsol and others,watershed,B14BHT10,Watershed B14BHT10,watershed||B14BHT10,,West flowing rivers South of Tapi Basin,Bhatsol and others,582.5267,1.92,100.0
subbasin,BHT,Bhatsol and others,subbasin||BHT,,West flowing rivers South of Tapi Basin,Bhatsol and others,watershed,B14BHT11,Watershed B14BHT11,watershed||B14BHT11,,West flowing rivers South of Tapi Basin,Bhatsol and others,933.6042,3.08,100.0
subbasin,BHT,Bhatsol and others,subbasin||BHT,,West flowing rivers South of Tapi Basin,Bhatsol and others,watershed,B14BHT12,Watershed B14BHT12,watershed||B14BHT12,,West flowing rivers South of Tapi Basin,Bhatsol and others,748.3412,2.47,100.0
subbasin,BHT,Bhatsol and others,subbasin||BHT,,West flowing rivers South of Tapi Basin,Bhatsol and others,watershed,B14BHT13,Watershed B14BHT13,watershed||B14BHT13,,West flowing rivers South of Tapi Basin,Bhatsol and others,900.6087,2.97,100.0
subbasin,BHT,Bhatsol and others,subbasin||BHT,,West flowing rivers South of Tapi Basin,Bhatsol and others,watershed,B14BHT14,Watershed B14BHT14,watershed||B14BHT14,,West flowing rivers South of Tapi Basin,Bhatsol and others,637.9257,2.1,100.0
subbasin,BHT,Bhatsol and others,subbasin||BHT,,West flowing rivers South of Tapi Basin,Bhatsol and others,watershed,B14BHT15,Watershed B14BHT15,watershed||B14BHT15,,West flowing rivers South of Tapi Basin,Bhatsol and others,530.4055,1.75,100.0
subbasin,BHT,Bhatsol and others,subbasin||BHT,,West flowing rivers South of Tapi Basin,Bhatsol and others,watershed,B14BHT16,Watershed B14BHT16,watershed||B14BHT16,,West flowing rivers South of Tapi Basin,Bhatsol and others,419.2521,1.38,100.0
subbasin,BHT,Bhatsol and others,subbasin||BHT,,West flowing rivers South of Tapi Basin,Bhatsol and others,watershed,B14BHT17,Watershed B14BHT17,watershed||B14BHT17,,West flowing rivers South of Tapi Basin,Bhatsol and others,448.9816,1.48,100.0
subbasin,BHT,Bhatsol and others,subbasin||BHT,,West flowing rivers South of Tapi Basin,Bhatsol and others,watershed,B14BHT18,Watershed B14BHT18,watershed||B14BHT18,,West flowing rivers South of Tapi Basin,Bhatsol and others,884.9015,2.92,100.0
subbasin,BHT,Bhatsol and others,subbasin||BHT,,West flowing rivers South of Tapi Basin,Bhatsol and others,watershed,B14BHT19,Watershed B14BHT19,watershed||B14BHT19,,West flowing rivers South of Tapi Basin,Bhatsol and others,370.1655,1.22,100.0
subbasin,BHT,Bhatsol and others,subbasin||BHT,,West flowing rivers South of Tapi Basin,Bhatsol and others,watershed,B14BHT20,Watershed B14BHT20,watershed||B14BHT20,,West flowing rivers South of Tapi Basin,Bhatsol and others,439.7722,1.45,100.0
subbasin,BHT,Bhatsol and others,subbasin||BHT,,West flowing rivers South of Tapi Basin,Bhatsol and others,watershed,B14BHT21,Watershed B14BHT21,watershed||B14BHT21,,West flowing rivers South of Tapi Basin,Bhatsol and others,602.9979,1.99,100.0
subbasin,BHT,Bhatsol and others,subbasin||BHT,,West flowing rivers South of Tapi Basin,Bhatsol and others,watershed,B14BHT22,Watershed B14BHT22,watershed||B14BHT22,,West flowing rivers South of Tapi Basin,Bhatsol and others,322.0499,1.06,100.0
subbasin,BHT,Bhatsol and others,subbasin||BHT,,West flowing rivers South of Tapi Basin,Bhatsol and others,watershed,B14BHT23,Watershed B14BHT23,watershed||B14BHT23,,West flowing rivers South of Tapi Basin,Bhatsol and others,541.8395,1.79,100.0
subbasin,BHT,Bhatsol and others,subbasin||BHT,,West flowing rivers South of Tapi Basin,Bhatsol and others,watershed,B14BHT24,Watershed B14BHT24,watershed||B14BHT24,,West flowing rivers South of Tapi Basin,Bhatsol and others,705.4024,2.33,100.0
subbasin,BHT,Bhatsol and others,subbasin||BHT,,West flowing rivers South of Tapi Basin,Bhatsol and others,watershed,B14BHT25,Watershed B14BHT25,watershed||B14BHT25,,West flowing rivers South of Tapi Basin,Bhatsol and others,458.39,1.51,100.0
subbasin,BHT,Bhatsol and others,subbasin||BHT,,West flowing rivers South of Tapi Basin,Bhatsol and others,watershed,B14BHT26,Watershed B14BHT26,watershed||B14BHT26,,West flowing rivers South of Tapi Basin,Bhatsol and others,694.6916,2.29,100.0
subbasin,BHT,Bhatsol and others,subbasin||BHT,,West flowing rivers South of Tapi Basin,Bhatsol and others,watershed,B14BHT27,Watershed B14BHT27,watershed||B14BHT27,,West flowing rivers South of Tapi Basin,Bhatsol and others,841.4271,2.77,100.0
subbasin,BHT,Bhatsol and others,subbasin||BHT,,West flowing rivers South of Tapi Basin,Bhatsol and others,watershed,B14BHT28,Watershed B14BHT28,watershed||B14BHT28,,West flowing rivers South of Tapi Basin,Bhatsol and others,789.2108,2.6,100.0
subbasin,BHT,Bhatsol and others,subbasin||BHT,,West flowing rivers South of Tapi Basin,Bhatsol and others,watershed,B14BHT29,Watershed B14BHT29,watershed||B14BHT29,,West flowing rivers South of Tapi Basin,Bhatsol and others,641.4649,2.11,100.0
subbasin,BHT,Bhatsol and others,subbasin||BHT,,West flowing rivers South of Tapi Basin,Bhatsol and others,watershed,B14BHT30,Watershed B14BHT30,watershed||B14BHT30,,West flowing rivers South of Tapi Basin,Bhatsol and others,436.2397,1.44,100.0
subbasin,BHT,Bhatsol and others,subbasin||BHT,,West flowing rivers South of Tapi Basin,Bhatsol and others,watershed,B14BHT31,Watershed B14BHT31,watershed||B14BHT31,,West flowing rivers South of Tapi Basin,Bhatsol and others,684.6253,2.26,100.0
subbasin,BHT,Bhatsol and others,subbasin||BHT,,West flowing rivers South of Tapi Basin,Bhatsol and others,watershed,B14BHT32,Watershed B14BHT32,watershed||B14BHT32,,West flowing rivers South of Tapi Basin,Bhatsol and others,643.8101,2.12,100.0
subbasin,BHT,Bhatsol and others,subbasin||BHT,,West flowing rivers South of Tapi Basin,Bhatsol and others,watershed,B14BHT33,Watershed B14BHT33,watershed||B14BHT33,,West flowing rivers South of Tapi Basin,Bhatsol and others,532.1319,1.75,100.0
subbasin,BHT,Bhatsol and others,subbasin||BHT,,West flowing rivers South of Tapi Basin,Bhatsol and others,watershed,B14BHT34,Watershed B14BHT34,watershed||B14BHT34,,West flowing rivers South of Tapi Basin,Bhatsol and others,844.6036,2.78,100.0
subbasin,BHT,Bhatsol and others,subbasin||BHT,,West flowing rivers South of Tapi Basin,Bhatsol and others,watershed,B14BHT35,Watershed B14BHT35,watershed||B14BHT35,,West flowing rivers South of Tapi Basin,Bhatsol and others,505.4213,1.67,100.0
subbasin,BHT,Bhatsol and others,subbasin||BHT,,West flowing rivers South of Tapi Basin,Bhatsol and others,watershed,B14BHT36,Watershed B14BHT36,watershed||B14BHT36,,West flowing rivers South of Tapi Basin,Bhatsol and others,439.6549,1.45,100.0
subbasin,BHT,Bhatsol and others,subbasin||BHT,,West flowing rivers South of Tapi Basin,Bhatsol and others,watershed,B14BHT37,Watershed B14BHT37,watershed||B14BHT37,,West flowing rivers South of Tapi Basin,Bhatsol and others,962.6408,3.17,100.0
subbasin,BHT,Bhatsol and others,subbasin||BHT,,West flowing rivers South of Tapi Basin,Bhatsol and others,watershed,B14BHT38,Watershed B14BHT38,watershed||B14BHT38,,West flowing rivers South of Tapi Basin,Bhatsol and others,593.7422,1.96,100.0
subbasin,BHT,Bhatsol and others,subbasin||BHT,,West flowing rivers South of Tapi Basin,Bhatsol and others,watershed,B14BHT39,Watershed B14BHT39,watershed||B14BHT39,,West flowing rivers South of Tapi Basin,Bhatsol and others,720.1031,2.37,100.0
subbasin,BHT,Bhatsol and others,subbasin||BHT,,West flowing rivers South of Tapi Basin,Bhatsol and others,watershed,B14BHT40,Watershed B14BHT40,watershed||B14BHT40,,West flowing rivers South of Tapi Basin,Bhatsol and others,750.334,2.47,100.0
subbasin,BHT,Bhatsol and others,subbasin||BHT,,West flowing rivers South of Tapi Basin,Bhatsol and others,watershed,B14BHT41,Watershed B14BHT41,watershed||B14BHT41,,West flowing rivers South of Tapi Basin,Bhatsol and others,423.375,1.4,100.0
subbasin,BHT,Bhatsol and others,subbasin||BHT,,West flowing rivers South of Tapi Basin,Bhatsol and others,watershed,B14BHT42,Watershed B14BHT42,watershed||B14BHT42,,West flowing rivers South of Tapi Basin,Bhatsol and others,690.7917,2.28,100.0
subbasin,BHT,Bhatsol and others,subbasin||BHT,,West flowing rivers South of Tapi Basin,Bhatsol and others,watershed,B14BHT43,Watershed B14BHT43,watershed||B14BHT43,,West flowing rivers South of Tapi Basin,Bhatsol and others,688.88,2.27,100.0
subbasin,BHT,Bhatsol and others,subbasin||BHT,,West flowing rivers South of Tapi Basin,Bhatsol and others,watershed,B14BHT44,Watershed B14BHT44,watershed||B14BHT44,,West flowing rivers South of Tapi Basin,Bhatsol and others,826.3199,2.72,100.0
subbasin,BHT,Bhatsol and others,subbasin||BHT,,West flowing rivers South of Tapi Basin,Bhatsol and others,watershed,B14BHT45,Watershed B14BHT45,watershed||B14BHT45,,West flowing rivers South of Tapi Basin,Bhatsol and others,753.4522,2.48,100.0
subbasin,BHT,Bhatsol and others,subbasin||BHT,,West flowing rivers South of Tapi Basin,Bhatsol and others,watershed,B14BHT46,Watershed B14BHT46,watershed||B14BHT46,,West flowing rivers South of Tapi Basin,Bhatsol and others,588.5038,1.94,100.0
subbasin,BHT,Bhatsol and others,subbasin||BHT,,West flowing rivers South of Tapi Basin,Bhatsol and others,watershed,B14BHT47,Watershed B14BHT47,watershed||B14BHT47,,West flowing rivers South of Tapi Basin,Bhatsol and others,948.4417,3.13,100.0
subbasin,BHT,Bhatsol and others,subbasin||BHT,,West flowing rivers South of Tapi Basin,Bhatsol and others,watershed,B14BHT48,Watershed B14BHT48,watershed||B14BHT48,,West flowing rivers South of Tapi Basin,Bhatsol and others,373.7138,1.23,100.0
subbasin,BHT,Bhatsol and others,subbasin||BHT,,West flowing rivers South of Tapi Basin,Bhatsol and others,watershed,B14BHT49,Watershed B14BHT49,watershed||B14BHT49,,West flowing rivers South of Tapi Basin,Bhatsol and others,812.095,2.68,100.0
subbasin,BHL,Bhima Lower,subbasin||BHL,,Krishna Basin,Bhima Lower,watershed,C04BHL01,Watershed C04BHL01,watershed||C04BHL01,,Krishna Basin,Bhima Lower,587.3651,2.42,100.0
subbasin,BHL,Bhima Lower,subbasin||BHL,,Krishna Basin,Bhima Lower,watershed,C04BHL02,Watershed C04BHL02,watershed||C04BHL02,,Krishna Basin,Bhima Lower,660.65,2.72,100.0
subbasin,BHL,Bhima Lower,subbasin||BHL,,Krishna Basin,Bhima Lower,watershed,C04BHL03,Watershed C04BHL03,watershed||C04BHL03,,Krishna Basin,Bhima Lower,638.4209,2.63,100.0
subbasin,BHL,Bhima Lower,subbasin||BHL,,Krishna Basin,Bhima Lower,watershed,C04BHL04,Watershed C04BHL04,watershed||C04BHL04,,Krishna Basin,Bhima Lower,482.0384,1.99,100.0
subbasin,BHL,Bhima Lower,subbasin||BHL,,Krishna Basin,Bhima Lower,watershed,C04BHL05,Watershed C04BHL05,watershed||C04BHL05,,Krishna Basin,Bhima Lower,478.9379,1.97,100.0
subbasin,BHL,Bhima Lower,subbasin||BHL,,Krishna Basin,Bhima Lower,watershed,C04BHL06,Watershed C04BHL06,watershed||C04BHL06,,Krishna Basin,Bhima Lower,863.9568,3.56,100.0
subbasin,BHL,Bhima Lower,subbasin||BHL,,Krishna Basin,Bhima Lower,watershed,C04BHL07,Watershed C04BHL07,watershed||C04BHL07,,Krishna Basin,Bhima Lower,559.2158,2.3,100.0
subbasin,BHL,Bhima Lower,subbasin||BHL,,Krishna Basin,Bhima Lower,watershed,C04BHL08,Watershed C04BHL08,watershed||C04BHL08,,Krishna Basin,Bhima Lower,737.3468,3.04,100.0
subbasin,BHL,Bhima Lower,subbasin||BHL,,Krishna Basin,Bhima Lower,watershed,C04BHL09,Watershed C04BHL09,watershed||C04BHL09,,Krishna Basin,Bhima Lower,522.3329,2.15,100.0
subbasin,BHL,Bhima Lower,subbasin||BHL,,Krishna Basin,Bhima Lower,watershed,C04BHL10,Watershed C04BHL10,watershed||C04BHL10,,Krishna Basin,Bhima Lower,546.332,2.25,100.0
subbasin,BHL,Bhima Lower,subbasin||BHL,,Krishna Basin,Bhima Lower,watershed,C04BHL11,Watershed C04BHL11,watershed||C04BHL11,,Krishna Basin,Bhima Lower,702.3284,2.89,100.0
subbasin,BHL,Bhima Lower,subbasin||BHL,,Krishna Basin,Bhima Lower,watershed,C04BHL12,Watershed C04BHL12,watershed||C04BHL12,,Krishna Basin,Bhima Lower,810.5965,3.34,100.0
subbasin,BHL,Bhima Lower,subbasin||BHL,,Krishna Basin,Bhima Lower,watershed,C04BHL13,Watershed C04BHL13,watershed||C04BHL13,,Krishna Basin,Bhima Lower,795.8765,3.28,100.0
subbasin,BHL,Bhima Lower,subbasin||BHL,,Krishna Basin,Bhima Lower,watershed,C04BHL14,Watershed C04BHL14,watershed||C04BHL14,,Krishna Basin,Bhima Lower,842.18,3.47,100.0
subbasin,BHL,Bhima Lower,subbasin||BHL,,Krishna Basin,Bhima Lower,watershed,C04BHL15,Watershed C04BHL15,watershed||C04BHL15,,Krishna Basin,Bhima Lower,777.9799,3.21,100.0
subbasin,BHL,Bhima Lower,subbasin||BHL,,Krishna Basin,Bhima Lower,watershed,C04BHL16,Watershed C04BHL16,watershed||C04BHL16,,Krishna Basin,Bhima Lower,727.2212,3.0,100.0
subbasin,BHL,Bhima Lower,subbasin||BHL,,Krishna Basin,Bhima Lower,watershed,C04BHL17,Watershed C04BHL17,watershed||C04BHL17,,Krishna Basin,Bhima Lower,759.5962,3.13,100.0
subbasin,BHL,Bhima Lower,subbasin||BHL,,Krishna Basin,Bhima Lower,watershed,C04BHL18,Watershed C04BHL18,watershed||C04BHL18,,Krishna Basin,Bhima Lower,461.3835,1.9,100.0
subbasin,BHL,Bhima Lower,subbasin||BHL,,Krishna Basin,Bhima Lower,watershed,C04BHL19,Watershed C04BHL19,watershed||C04BHL19,,Krishna Basin,Bhima Lower,579.9214,2.39,100.0
subbasin,BHL,Bhima Lower,subbasin||BHL,,Krishna Basin,Bhima Lower,watershed,C04BHL20,Watershed C04BHL20,watershed||C04BHL20,,Krishna Basin,Bhima Lower,489.7859,2.02,100.0
subbasin,BHL,Bhima Lower,subbasin||BHL,,Krishna Basin,Bhima Lower,watershed,C04BHL21,Watershed C04BHL21,watershed||C04BHL21,,Krishna Basin,Bhima Lower,579.7413,2.39,100.0
subbasin,BHL,Bhima Lower,subbasin||BHL,,Krishna Basin,Bhima Lower,watershed,C04BHL22,Watershed C04BHL22,watershed||C04BHL22,,Krishna Basin,Bhima Lower,441.1374,1.82,100.0
subbasin,BHL,Bhima Lower,subbasin||BHL,,Krishna Basin,Bhima Lower,watershed,C04BHL23,Watershed C04BHL23,watershed||C04BHL23,,Krishna Basin,Bhima Lower,572.4318,2.36,100.0
subbasin,BHL,Bhima Lower,subbasin||BHL,,Krishna Basin,Bhima Lower,watershed,C04BHL24,Watershed C04BHL24,watershed||C04BHL24,,Krishna Basin,Bhima Lower,952.7711,3.93,100.0
subbasin,BHL,Bhima Lower,subbasin||BHL,,Krishna Basin,Bhima Lower,watershed,C04BHL25,Watershed C04BHL25,watershed||C04BHL25,,Krishna Basin,Bhima Lower,919.867,3.79,100.0
subbasin,BHL,Bhima Lower,subbasin||BHL,,Krishna Basin,Bhima Lower,watershed,C04BHL26,Watershed C04BHL26,watershed||C04BHL26,,Krishna Basin,Bhima Lower,639.1048,2.63,100.0
subbasin,BHL,Bhima Lower,subbasin||BHL,,Krishna Basin,Bhima Lower,watershed,C04BHL27,Watershed C04BHL27,watershed||C04BHL27,,Krishna Basin,Bhima Lower,867.0127,3.57,100.0
subbasin,BHL,Bhima Lower,subbasin||BHL,,Krishna Basin,Bhima Lower,watershed,C04BHL28,Watershed C04BHL28,watershed||C04BHL28,,Krishna Basin,Bhima Lower,461.2604,1.9,100.0
subbasin,BHL,Bhima Lower,subbasin||BHL,,Krishna Basin,Bhima Lower,watershed,C04BHL29,Watershed C04BHL29,watershed||C04BHL29,,Krishna Basin,Bhima Lower,627.7265,2.59,100.0
subbasin,BHL,Bhima Lower,subbasin||BHL,,Krishna Basin,Bhima Lower,watershed,C04BHL30,Watershed C04BHL30,watershed||C04BHL30,,Krishna Basin,Bhima Lower,695.7507,2.87,100.0
subbasin,BHL,Bhima Lower,subbasin||BHL,,Krishna Basin,Bhima Lower,watershed,C04BHL31,Watershed C04BHL31,watershed||C04BHL31,,Krishna Basin,Bhima Lower,928.8488,3.83,100.0
subbasin,BHL,Bhima Lower,subbasin||BHL,,Krishna Basin,Bhima Lower,watershed,C04BHL32,Watershed C04BHL32,watershed||C04BHL32,,Krishna Basin,Bhima Lower,406.9024,1.68,100.0
subbasin,BHL,Bhima Lower,subbasin||BHL,,Krishna Basin,Bhima Lower,watershed,C04BHL33,Watershed C04BHL33,watershed||C04BHL33,,Krishna Basin,Bhima Lower,743.8509,3.07,100.0
subbasin,BHL,Bhima Lower,subbasin||BHL,,Krishna Basin,Bhima Lower,watershed,C04BHL34,Watershed C04BHL34,watershed||C04BHL34,,Krishna Basin,Bhima Lower,823.3842,3.39,100.0
subbasin,BHL,Bhima Lower,subbasin||BHL,,Krishna Basin,Bhima Lower,watershed,C04BHL35,Watershed C04BHL35,watershed||C04BHL35,,Krishna Basin,Bhima Lower,742.7359,3.06,100.0
subbasin,BHL,Bhima Lower,subbasin||BHL,,Krishna Basin,Bhima Lower,watershed,C04BHL36,Watershed C04BHL36,watershed||C04BHL36,,Krishna Basin,Bhima Lower,842.5373,3.47,100.0
subbasin,BHU,Bhima Upper,subbasin||BHU,,Krishna Basin,Bhima Upper,watershed,C04BHU01,Watershed C04BHU01,watershed||C04BHU01,,Krishna Basin,Bhima Upper,396.5246,0.86,100.0
subbasin,BHU,Bhima Upper,subbasin||BHU,,Krishna Basin,Bhima Upper,watershed,C04BHU02,Watershed C04BHU02,watershed||C04BHU02,,Krishna Basin,Bhima Upper,562.7876,1.22,100.0
subbasin,BHU,Bhima Upper,subbasin||BHU,,Krishna Basin,Bhima Upper,watershed,C04BHU03,Watershed C04BHU03,watershed||C04BHU03,,Krishna Basin,Bhima Upper,420.672,0.91,100.0
subbasin,BHU,Bhima Upper,subbasin||BHU,,Krishna Basin,Bhima Upper,watershed,C04BHU04,Watershed C04BHU04,watershed||C04BHU04,,Krishna Basin,Bhima Upper,735.5871,1.59,100.0
subbasin,BHU,Bhima Upper,subbasin||BHU,,Krishna Basin,Bhima Upper,watershed,C04BHU05,Watershed C04BHU05,watershed||C04BHU05,,Krishna Basin,Bhima Upper,579.9734,1.26,100.0
subbasin,BHU,Bhima Upper,subbasin||BHU,,Krishna Basin,Bhima Upper,watershed,C04BHU06,Watershed C04BHU06,watershed||C04BHU06,,Krishna Basin,Bhima Upper,502.073,1.09,100.0
subbasin,BHU,Bhima Upper,subbasin||BHU,,Krishna Basin,Bhima Upper,watershed,C04BHU07,Watershed C04BHU07,watershed||C04BHU07,,Krishna Basin,Bhima Upper,739.7822,1.6,100.0
subbasin,BHU,Bhima Upper,subbasin||BHU,,Krishna Basin,Bhima Upper,watershed,C04BHU08,Watershed C04BHU08,watershed||C04BHU08,,Krishna Basin,Bhima Upper,798.5758,1.73,100.0
subbasin,BHU,Bhima Upper,subbasin||BHU,,Krishna Basin,Bhima Upper,watershed,C04BHU09,Watershed C04BHU09,watershed||C04BHU09,,Krishna Basin,Bhima Upper,881.8057,1.91,100.0
subbasin,BHU,Bhima Upper,subbasin||BHU,,Krishna Basin,Bhima Upper,watershed,C04BHU10,Watershed C04BHU10,watershed||C04BHU10,,Krishna Basin,Bhima Upper,496.1486,1.08,100.0
subbasin,BHU,Bhima Upper,subbasin||BHU,,Krishna Basin,Bhima Upper,watershed,C04BHU11,Watershed C04BHU11,watershed||C04BHU11,,Krishna Basin,Bhima Upper,676.7611,1.47,100.0
subbasin,BHU,Bhima Upper,subbasin||BHU,,Krishna Basin,Bhima Upper,watershed,C04BHU12,Watershed C04BHU12,watershed||C04BHU12,,Krishna Basin,Bhima Upper,841.0302,1.82,100.0
subbasin,BHU,Bhima Upper,subbasin||BHU,,Krishna Basin,Bhima Upper,watershed,C04BHU13,Watershed C04BHU13,watershed||C04BHU13,,Krishna Basin,Bhima Upper,366.1582,0.79,100.0
subbasin,BHU,Bhima Upper,subbasin||BHU,,Krishna Basin,Bhima Upper,watershed,C04BHU14,Watershed C04BHU14,watershed||C04BHU14,,Krishna Basin,Bhima Upper,766.8118,1.66,100.0
subbasin,BHU,Bhima Upper,subbasin||BHU,,Krishna Basin,Bhima Upper,watershed,C04BHU15,Watershed C04BHU15,watershed||C04BHU15,,Krishna Basin,Bhima Upper,408.4424,0.89,100.0
subbasin,BHU,Bhima Upper,subbasin||BHU,,Krishna Basin,Bhima Upper,watershed,C04BHU16,Watershed C04BHU16,watershed||C04BHU16,,Krishna Basin,Bhima Upper,567.8977,1.23,100.0
subbasin,BHU,Bhima Upper,subbasin||BHU,,Krishna Basin,Bhima Upper,watershed,C04BHU17,Watershed C04BHU17,watershed||C04BHU17,,Krishna Basin,Bhima Upper,932.5226,2.02,100.0
subbasin,BHU,Bhima Upper,subbasin||BHU,,Krishna Basin,Bhima Upper,watershed,C04BHU18,Watershed C04BHU18,watershed||C04BHU18,,Krishna Basin,Bhima Upper,624.9087,1.35,100.0
subbasin,BHU,Bhima Upper,subbasin||BHU,,Krishna Basin,Bhima Upper,watershed,C04BHU19,Watershed C04BHU19,watershed||C04BHU19,,Krishna Basin,Bhima Upper,803.8179,1.74,100.0
subbasin,BHU,Bhima Upper,subbasin||BHU,,Krishna Basin,Bhima Upper,watershed,C04BHU20,Watershed C04BHU20,watershed||C04BHU20,,Krishna Basin,Bhima Upper,935.9028,2.03,100.0
subbasin,BHU,Bhima Upper,subbasin||BHU,,Krishna Basin,Bhima Upper,watershed,C04BHU21,Watershed C04BHU21,watershed||C04BHU21,,Krishna Basin,Bhima Upper,478.9624,1.04,100.0
subbasin,BHU,Bhima Upper,subbasin||BHU,,Krishna Basin,Bhima Upper,watershed,C04BHU22,Watershed C04BHU22,watershed||C04BHU22,,Krishna Basin,Bhima Upper,764.5859,1.66,100.0
subbasin,BHU,Bhima Upper,subbasin||BHU,,Krishna Basin,Bhima Upper,watershed,C04BHU23,Watershed C04BHU23,watershed||C04BHU23,,Krishna Basin,Bhima Upper,710.8846,1.54,100.0
subbasin,BHU,Bhima Upper,subbasin||BHU,,Krishna Basin,Bhima Upper,watershed,C04BHU24,Watershed C04BHU24,watershed||C04BHU24,,Krishna Basin,Bhima Upper,540.3855,1.17,100.0
subbasin,BHU,Bhima Upper,subbasin||BHU,,Krishna Basin,Bhima Upper,watershed,C04BHU25,Watershed C04BHU25,watershed||C04BHU25,,Krishna Basin,Bhima Upper,657.3975,1.43,100.0
subbasin,BHU,Bhima Upper,subbasin||BHU,,Krishna Basin,Bhima Upper,watershed,C04BHU26,Watershed C04BHU26,watershed||C04BHU26,,Krishna Basin,Bhima Upper,553.8268,1.2,100.0
subbasin,BHU,Bhima Upper,subbasin||BHU,,Krishna Basin,Bhima Upper,watershed,C04BHU27,Watershed C04BHU27,watershed||C04BHU27,,Krishna Basin,Bhima Upper,518.7011,1.12,100.0
subbasin,BHU,Bhima Upper,subbasin||BHU,,Krishna Basin,Bhima Upper,watershed,C04BHU28,Watershed C04BHU28,watershed||C04BHU28,,Krishna Basin,Bhima Upper,564.2115,1.22,100.0
subbasin,BHU,Bhima Upper,subbasin||BHU,,Krishna Basin,Bhima Upper,watershed,C04BHU29,Watershed C04BHU29,watershed||C04BHU29,,Krishna Basin,Bhima Upper,624.8397,1.35,100.0
subbasin,BHU,Bhima Upper,subbasin||BHU,,Krishna Basin,Bhima Upper,watershed,C04BHU30,Watershed C04BHU30,watershed||C04BHU30,,Krishna Basin,Bhima Upper,633.526,1.37,100.0
subbasin,BHU,Bhima Upper,subbasin||BHU,,Krishna Basin,Bhima Upper,watershed,C04BHU31,Watershed C04BHU31,watershed||C04BHU31,,Krishna Basin,Bhima Upper,706.3713,1.53,100.0
subbasin,BHU,Bhima Upper,subbasin||BHU,,Krishna Basin,Bhima Upper,watershed,C04BHU32,Watershed C04BHU32,watershed||C04BHU32,,Krishna Basin,Bhima Upper,376.2926,0.82,100.0
subbasin,BHU,Bhima Upper,subbasin||BHU,,Krishna Basin,Bhima Upper,watershed,C04BHU33,Watershed C04BHU33,watershed||C04BHU33,,Krishna Basin,Bhima Upper,720.855,1.56,100.0
subbasin,BHU,Bhima Upper,subbasin||BHU,,Krishna Basin,Bhima Upper,watershed,C04BHU34,Watershed C04BHU34,watershed||C04BHU34,,Krishna Basin,Bhima Upper,741.9873,1.61,100.0
subbasin,BHU,Bhima Upper,subbasin||BHU,,Krishna Basin,Bhima Upper,watershed,C04BHU35,Watershed C04BHU35,watershed||C04BHU35,,Krishna Basin,Bhima Upper,613.8211,1.33,100.0
subbasin,BHU,Bhima Upper,subbasin||BHU,,Krishna Basin,Bhima Upper,watershed,C04BHU36,Watershed C04BHU36,watershed||C04BHU36,,Krishna Basin,Bhima Upper,718.6752,1.56,100.0
subbasin,BHU,Bhima Upper,subbasin||BHU,,Krishna Basin,Bhima Upper,watershed,C04BHU37,Watershed C04BHU37,watershed||C04BHU37,,Krishna Basin,Bhima Upper,877.7667,1.9,100.0
subbasin,BHU,Bhima Upper,subbasin||BHU,,Krishna Basin,Bhima Upper,watershed,C04BHU38,Watershed C04BHU38,watershed||C04BHU38,,Krishna Basin,Bhima Upper,432.6293,0.94,100.0
subbasin,BHU,Bhima Upper,subbasin||BHU,,Krishna Basin,Bhima Upper,watershed,C04BHU39,Watershed C04BHU39,watershed||C04BHU39,,Krishna Basin,Bhima Upper,689.0835,1.49,100.0
subbasin,BHU,Bhima Upper,subbasin||BHU,,Krishna Basin,Bhima Upper,watershed,C04BHU40,Watershed C04BHU40,watershed||C04BHU40,,Krishna Basin,Bhima Upper,564.5437,1.22,100.0
subbasin,BHU,Bhima Upper,subbasin||BHU,,Krishna Basin,Bhima Upper,watershed,C04BHU41,Watershed C04BHU41,watershed||C04BHU41,,Krishna Basin,Bhima Upper,769.5353,1.67,100.0
subbasin,BHU,Bhima Upper,subbasin||BHU,,Krishna Basin,Bhima Upper,watershed,C04BHU42,Watershed C04BHU42,watershed||C04BHU42,,Krishna Basin,Bhima Upper,827.6147,1.79,100.0
subbasin,BHU,Bhima Upper,subbasin||BHU,,Krishna Basin,Bhima Upper,watershed,C04BHU43,Watershed C04BHU43,watershed||C04BHU43,,Krishna Basin,Bhima Upper,559.3659,1.21,100.0
subbasin,BHU,Bhima Upper,subbasin||BHU,,Krishna Basin,Bhima Upper,watershed,C04BHU44,Watershed C04BHU44,watershed||C04BHU44,,Krishna Basin,Bhima Upper,639.1973,1.39,100.0
subbasin,BHU,Bhima Upper,subbasin||BHU,,Krishna Basin,Bhima Upper,watershed,C04BHU45,Watershed C04BHU45,watershed||C04BHU45,,Krishna Basin,Bhima Upper,710.5933,1.54,100.0
subbasin,BHU,Bhima Upper,subbasin||BHU,,Krishna Basin,Bhima Upper,watershed,C04BHU46,Watershed C04BHU46,watershed||C04BHU46,,Krishna Basin,Bhima Upper,784.2654,1.7,100.0
subbasin,BHU,Bhima Upper,subbasin||BHU,,Krishna Basin,Bhima Upper,watershed,C04BHU47,Watershed C04BHU47,watershed||C04BHU47,,Krishna Basin,Bhima Upper,534.208,1.16,100.0
subbasin,BHU,Bhima Upper,subbasin||BHU,,Krishna Basin,Bhima Upper,watershed,C04BHU48,Watershed C04BHU48,watershed||C04BHU48,,Krishna Basin,Bhima Upper,636.385,1.38,100.0
subbasin,BHU,Bhima Upper,subbasin||BHU,,Krishna Basin,Bhima Upper,watershed,C04BHU49,Watershed C04BHU49,watershed||C04BHU49,,Krishna Basin,Bhima Upper,846.8898,1.84,100.0
subbasin,BHU,Bhima Upper,subbasin||BHU,,Krishna Basin,Bhima Upper,watershed,C04BHU50,Watershed C04BHU50,watershed||C04BHU50,,Krishna Basin,Bhima Upper,543.8526,1.18,100.0
subbasin,BHU,Bhima Upper,subbasin||BHU,,Krishna Basin,Bhima Upper,watershed,C04BHU51,Watershed C04BHU51,watershed||C04BHU51,,Krishna Basin,Bhima Upper,661.9093,1.44,100.0
subbasin,BHU,Bhima Upper,subbasin||BHU,,Krishna Basin,Bhima Upper,watershed,C04BHU52,Watershed C04BHU52,watershed||C04BHU52,,Krishna Basin,Bhima Upper,362.8104,0.79,100.0
subbasin,BHU,Bhima Upper,subbasin||BHU,,Krishna Basin,Bhima Upper,watershed,C04BHU53,Watershed C04BHU53,watershed||C04BHU53,,Krishna Basin,Bhima Upper,822.6524,1.78,100.0
subbasin,BHU,Bhima Upper,subbasin||BHU,,Krishna Basin,Bhima Upper,watershed,C04BHU54,Watershed C04BHU54,watershed||C04BHU54,,Krishna Basin,Bhima Upper,712.5489,1.54,100.0
subbasin,BHU,Bhima Upper,subbasin||BHU,,Krishna Basin,Bhima Upper,watershed,C04BHU55,Watershed C04BHU55,watershed||C04BHU55,,Krishna Basin,Bhima Upper,687.1335,1.49,100.0
subbasin,BHU,Bhima Upper,subbasin||BHU,,Krishna Basin,Bhima Upper,watershed,C04BHU56,Watershed C04BHU56,watershed||C04BHU56,,Krishna Basin,Bhima Upper,650.3956,1.41,100.0
subbasin,BHU,Bhima Upper,subbasin||BHU,,Krishna Basin,Bhima Upper,watershed,C04BHU57,Watershed C04BHU57,watershed||C04BHU57,,Krishna Basin,Bhima Upper,621.2807,1.35,100.0
subbasin,BHU,Bhima Upper,subbasin||BHU,,Krishna Basin,Bhima Upper,watershed,C04BHU58,Watershed C04BHU58,watershed||C04BHU58,,Krishna Basin,Bhima Upper,669.8129,1.45,100.0
subbasin,BHU,Bhima Upper,subbasin||BHU,,Krishna Basin,Bhima Upper,watershed,C04BHU59,Watershed C04BHU59,watershed||C04BHU59,,Krishna Basin,Bhima Upper,635.8471,1.38,100.0
subbasin,BHU,Bhima Upper,subbasin||BHU,,Krishna Basin,Bhima Upper,watershed,C04BHU60,Watershed C04BHU60,watershed||C04BHU60,,Krishna Basin,Bhima Upper,400.1724,0.87,100.0
subbasin,BHU,Bhima Upper,subbasin||BHU,,Krishna Basin,Bhima Upper,watershed,C04BHU61,Watershed C04BHU61,watershed||C04BHU61,,Krishna Basin,Bhima Upper,541.4156,1.17,100.0
subbasin,BHU,Bhima Upper,subbasin||BHU,,Krishna Basin,Bhima Upper,watershed,C04BHU62,Watershed C04BHU62,watershed||C04BHU62,,Krishna Basin,Bhima Upper,682.4103,1.48,100.0
subbasin,BHU,Bhima Upper,subbasin||BHU,,Krishna Basin,Bhima Upper,watershed,C04BHU63,Watershed C04BHU63,watershed||C04BHU63,,Krishna Basin,Bhima Upper,778.4147,1.69,100.0
subbasin,BHU,Bhima Upper,subbasin||BHU,,Krishna Basin,Bhima Upper,watershed,C04BHU64,Watershed C04BHU64,watershed||C04BHU64,,Krishna Basin,Bhima Upper,729.662,1.58,100.0
subbasin,BHU,Bhima Upper,subbasin||BHU,,Krishna Basin,Bhima Upper,watershed,C04BHU65,Watershed C04BHU65,watershed||C04BHU65,,Krishna Basin,Bhima Upper,842.3094,1.83,100.0
subbasin,BHU,Bhima Upper,subbasin||BHU,,Krishna Basin,Bhima Upper,watershed,C04BHU66,Watershed C04BHU66,watershed||C04BHU66,,Krishna Basin,Bhima Upper,544.451,1.18,100.0
subbasin,BHU,Bhima Upper,subbasin||BHU,,Krishna Basin,Bhima Upper,watershed,C04BHU67,Watershed C04BHU67,watershed||C04BHU67,,Krishna Basin,Bhima Upper,683.4286,1.48,100.0
subbasin,BHU,Bhima Upper,subbasin||BHU,,Krishna Basin,Bhima Upper,watershed,C04BHU68,Watershed C04BHU68,watershed||C04BHU68,,Krishna Basin,Bhima Upper,577.5198,1.25,100.0
subbasin,BHU,Bhima Upper,subbasin||BHU,,Krishna Basin,Bhima Upper,watershed,C04BHU69,Watershed C04BHU69,watershed||C04BHU69,,Krishna Basin,Bhima Upper,451.2224,0.98,100.0
subbasin,BHU,Bhima Upper,subbasin||BHU,,Krishna Basin,Bhima Upper,watershed,C04BHU70,Watershed C04BHU70,watershed||C04BHU70,,Krishna Basin,Bhima Upper,720.8963,1.56,100.0
subbasin,BHU,Bhima Upper,subbasin||BHU,,Krishna Basin,Bhima Upper,watershed,C04BHU71,Watershed C04BHU71,watershed||C04BHU71,,Krishna Basin,Bhima Upper,964.7321,2.09,100.0
subbasin,BRA,Brahmani,subbasin||BRA,,Brahmani and Baitarni Basin,Brahmani,watershed,C07BRA01,Watershed C07BRA01,watershed||C07BRA01,,Brahmani and Baitarni Basin,Brahmani,524.0902,1.34,100.0
subbasin,BRA,Brahmani,subbasin||BRA,,Brahmani and Baitarni Basin,Brahmani,watershed,C07BRA02,Watershed C07BRA02,watershed||C07BRA02,,Brahmani and Baitarni Basin,Brahmani,422.7493,1.08,100.0
subbasin,BRA,Brahmani,subbasin||BRA,,Brahmani and Baitarni Basin,Brahmani,watershed,C07BRA03,Watershed C07BRA03,watershed||C07BRA03,,Brahmani and Baitarni Basin,Brahmani,730.8669,1.87,100.0
subbasin,BRA,Brahmani,subbasin||BRA,,Brahmani and Baitarni Basin,Brahmani,watershed,C07BRA04,Watershed C07BRA04,watershed||C07BRA04,,Brahmani and Baitarni Basin,Brahmani,759.9082,1.95,100.0
subbasin,BRA,Brahmani,subbasin||BRA,,Brahmani and Baitarni Basin,Brahmani,watershed,C07BRA05,Watershed C07BRA05,watershed||C07BRA05,,Brahmani and Baitarni Basin,Brahmani,576.413,1.48,100.0
subbasin,BRA,Brahmani,subbasin||BRA,,Brahmani and Baitarni Basin,Brahmani,watershed,C07BRA06,Watershed C07BRA06,watershed||C07BRA06,,Brahmani and Baitarni Basin,Brahmani,688.5616,1.77,100.0
subbasin,BRA,Brahmani,subbasin||BRA,,Brahmani and Baitarni Basin,Brahmani,watershed,C07BRA07,Watershed C07BRA07,watershed||C07BRA07,,Brahmani and Baitarni Basin,Brahmani,749.8624,1.92,100.0
subbasin,BRA,Brahmani,subbasin||BRA,,Brahmani and Baitarni Basin,Brahmani,watershed,C07BRA08,Watershed C07BRA08,watershed||C07BRA08,,Brahmani and Baitarni Basin,Brahmani,766.9666,1.97,100.0
subbasin,BRA,Brahmani,subbasin||BRA,,Brahmani and Baitarni Basin,Brahmani,watershed,C07BRA09,Watershed C07BRA09,watershed||C07BRA09,,Brahmani and Baitarni Basin,Brahmani,553.5496,1.42,100.0
subbasin,BRA,Brahmani,subbasin||BRA,,Brahmani and Baitarni Basin,Brahmani,watershed,C07BRA10,Watershed C07BRA10,watershed||C07BRA10,,Brahmani and Baitarni Basin,Brahmani,617.3425,1.58,100.0
subbasin,BRA,Brahmani,subbasin||BRA,,Brahmani and Baitarni Basin,Brahmani,watershed,C07BRA11,Watershed C07BRA11,watershed||C07BRA11,,Brahmani and Baitarni Basin,Brahmani,603.8815,1.55,100.0
subbasin,BRA,Brahmani,subbasin||BRA,,Brahmani and Baitarni Basin,Brahmani,watershed,C07BRA12,Watershed C07BRA12,watershed||C07BRA12,,Brahmani and Baitarni Basin,Brahmani,721.1738,1.85,100.0
subbasin,BRA,Brahmani,subbasin||BRA,,Brahmani and Baitarni Basin,Brahmani,watershed,C07BRA13,Watershed C07BRA13,watershed||C07BRA13,,Brahmani and Baitarni Basin,Brahmani,645.3974,1.66,100.0
subbasin,BRA,Brahmani,subbasin||BRA,,Brahmani and Baitarni Basin,Brahmani,watershed,C07BRA14,Watershed C07BRA14,watershed||C07BRA14,,Brahmani and Baitarni Basin,Brahmani,920.0646,2.36,100.0
subbasin,BRA,Brahmani,subbasin||BRA,,Brahmani and Baitarni Basin,Brahmani,watershed,C07BRA15,Watershed C07BRA15,watershed||C07BRA15,,Brahmani and Baitarni Basin,Brahmani,460.3623,1.18,100.0
subbasin,BRA,Brahmani,subbasin||BRA,,Brahmani and Baitarni Basin,Brahmani,watershed,C07BRA16,Watershed C07BRA16,watershed||C07BRA16,,Brahmani and Baitarni Basin,Brahmani,731.922,1.88,100.0
subbasin,BRA,Brahmani,subbasin||BRA,,Brahmani and Baitarni Basin,Brahmani,watershed,C07BRA17,Watershed C07BRA17,watershed||C07BRA17,,Brahmani and Baitarni Basin,Brahmani,673.5006,1.73,100.0
subbasin,BRA,Brahmani,subbasin||BRA,,Brahmani and Baitarni Basin,Brahmani,watershed,C07BRA18,Watershed C07BRA18,watershed||C07BRA18,,Brahmani and Baitarni Basin,Brahmani,501.5256,1.29,100.0
subbasin,BRA,Brahmani,subbasin||BRA,,Brahmani and Baitarni Basin,Brahmani,watershed,C07BRA19,Watershed C07BRA19,watershed||C07BRA19,,Brahmani and Baitarni Basin,Brahmani,652.1834,1.67,100.0
subbasin,BRA,Brahmani,subbasin||BRA,,Brahmani and Baitarni Basin,Brahmani,watershed,C07BRA20,Watershed C07BRA20,watershed||C07BRA20,,Brahmani and Baitarni Basin,Brahmani,818.6356,2.1,100.0
subbasin,BRA,Brahmani,subbasin||BRA,,Brahmani and Baitarni Basin,Brahmani,watershed,C07BRA21,Watershed C07BRA21,watershed||C07BRA21,,Brahmani and Baitarni Basin,Brahmani,709.2759,1.82,100.0
subbasin,BRA,Brahmani,subbasin||BRA,,Brahmani and Baitarni Basin,Brahmani,watershed,C07BRA22,Watershed C07BRA22,watershed||C07BRA22,,Brahmani and Baitarni Basin,Brahmani,652.4011,1.67,100.0
subbasin,BRA,Brahmani,subbasin||BRA,,Brahmani and Baitarni Basin,Brahmani,watershed,C07BRA23,Watershed C07BRA23,watershed||C07BRA23,,Brahmani and Baitarni Basin,Brahmani,510.9972,1.31,100.0
subbasin,BRA,Brahmani,subbasin||BRA,,Brahmani and Baitarni Basin,Brahmani,watershed,C07BRA24,Watershed C07BRA24,watershed||C07BRA24,,Brahmani and Baitarni Basin,Brahmani,645.2491,1.65,100.0
subbasin,BRA,Brahmani,subbasin||BRA,,Brahmani and Baitarni Basin,Brahmani,watershed,C07BRA25,Watershed C07BRA25,watershed||C07BRA25,,Brahmani and Baitarni Basin,Brahmani,583.6038,1.5,100.0
subbasin,BRA,Brahmani,subbasin||BRA,,Brahmani and Baitarni Basin,Brahmani,watershed,C07BRA26,Watershed C07BRA26,watershed||C07BRA26,,Brahmani and Baitarni Basin,Brahmani,433.8468,1.11,100.0
subbasin,BRA,Brahmani,subbasin||BRA,,Brahmani and Baitarni Basin,Brahmani,watershed,C07BRA27,Watershed C07BRA27,watershed||C07BRA27,,Brahmani and Baitarni Basin,Brahmani,345.8372,0.89,100.0
subbasin,BRA,Brahmani,subbasin||BRA,,Brahmani and Baitarni Basin,Brahmani,watershed,C07BRA28,Watershed C07BRA28,watershed||C07BRA28,,Brahmani and Baitarni Basin,Brahmani,650.1982,1.67,100.0
subbasin,BRA,Brahmani,subbasin||BRA,,Brahmani and Baitarni Basin,Brahmani,watershed,C07BRA29,Watershed C07BRA29,watershed||C07BRA29,,Brahmani and Baitarni Basin,Brahmani,682.3988,1.75,100.0
subbasin,BRA,Brahmani,subbasin||BRA,,Brahmani and Baitarni Basin,Brahmani,watershed,C07BRA30,Watershed C07BRA30,watershed||C07BRA30,,Brahmani and Baitarni Basin,Brahmani,953.8045,2.45,100.0
subbasin,BRA,Brahmani,subbasin||BRA,,Brahmani and Baitarni Basin,Brahmani,watershed,C07BRA31,Watershed C07BRA31,watershed||C07BRA31,,Brahmani and Baitarni Basin,Brahmani,770.2621,1.98,100.0
subbasin,BRA,Brahmani,subbasin||BRA,,Brahmani and Baitarni Basin,Brahmani,watershed,C07BRA32,Watershed C07BRA32,watershed||C07BRA32,,Brahmani and Baitarni Basin,Brahmani,933.9546,2.4,100.0
subbasin,BRA,Brahmani,subbasin||BRA,,Brahmani and Baitarni Basin,Brahmani,watershed,C07BRA33,Watershed C07BRA33,watershed||C07BRA33,,Brahmani and Baitarni Basin,Brahmani,608.4094,1.56,100.0
subbasin,BRA,Brahmani,subbasin||BRA,,Brahmani and Baitarni Basin,Brahmani,watershed,C07BRA34,Watershed C07BRA34,watershed||C07BRA34,,Brahmani and Baitarni Basin,Brahmani,808.4222,2.07,100.0
subbasin,BRA,Brahmani,subbasin||BRA,,Brahmani and Baitarni Basin,Brahmani,watershed,C07BRA35,Watershed C07BRA35,watershed||C07BRA35,,Brahmani and Baitarni Basin,Brahmani,671.9188,1.72,100.0
subbasin,BRA,Brahmani,subbasin||BRA,,Brahmani and Baitarni Basin,Brahmani,watershed,C07BRA36,Watershed C07BRA36,watershed||C07BRA36,,Brahmani and Baitarni Basin,Brahmani,719.0116,1.84,100.0
subbasin,BRA,Brahmani,subbasin||BRA,,Brahmani and Baitarni Basin,Brahmani,watershed,C07BRA37,Watershed C07BRA37,watershed||C07BRA37,,Brahmani and Baitarni Basin,Brahmani,578.2441,1.48,100.0
subbasin,BRA,Brahmani,subbasin||BRA,,Brahmani and Baitarni Basin,Brahmani,watershed,C07BRA38,Watershed C07BRA38,watershed||C07BRA38,,Brahmani and Baitarni Basin,Brahmani,897.7351,2.3,100.0
subbasin,BRA,Brahmani,subbasin||BRA,,Brahmani and Baitarni Basin,Brahmani,watershed,C07BRA39,Watershed C07BRA39,watershed||C07BRA39,,Brahmani and Baitarni Basin,Brahmani,629.3562,1.61,100.0
subbasin,BRA,Brahmani,subbasin||BRA,,Brahmani and Baitarni Basin,Brahmani,watershed,C07BRA40,Watershed C07BRA40,watershed||C07BRA40,,Brahmani and Baitarni Basin,Brahmani,542.0515,1.39,100.0
subbasin,BRA,Brahmani,subbasin||BRA,,Brahmani and Baitarni Basin,Brahmani,watershed,C07BRA41,Watershed C07BRA41,watershed||C07BRA41,,Brahmani and Baitarni Basin,Brahmani,591.2845,1.52,100.0
subbasin,BRA,Brahmani,subbasin||BRA,,Brahmani and Baitarni Basin,Brahmani,watershed,C07BRA42,Watershed C07BRA42,watershed||C07BRA42,,Brahmani and Baitarni Basin,Brahmani,695.6939,1.78,100.0
subbasin,BRA,Brahmani,subbasin||BRA,,Brahmani and Baitarni Basin,Brahmani,watershed,C07BRA43,Watershed C07BRA43,watershed||C07BRA43,,Brahmani and Baitarni Basin,Brahmani,628.3087,1.61,100.0
subbasin,BRA,Brahmani,subbasin||BRA,,Brahmani and Baitarni Basin,Brahmani,watershed,C07BRA44,Watershed C07BRA44,watershed||C07BRA44,,Brahmani and Baitarni Basin,Brahmani,608.5449,1.56,100.0
subbasin,BRA,Brahmani,subbasin||BRA,,Brahmani and Baitarni Basin,Brahmani,watershed,C07BRA45,Watershed C07BRA45,watershed||C07BRA45,,Brahmani and Baitarni Basin,Brahmani,579.2421,1.49,100.0
subbasin,BRA,Brahmani,subbasin||BRA,,Brahmani and Baitarni Basin,Brahmani,watershed,C07BRA46,Watershed C07BRA46,watershed||C07BRA46,,Brahmani and Baitarni Basin,Brahmani,626.6414,1.61,100.0
subbasin,BRA,Brahmani,subbasin||BRA,,Brahmani and Baitarni Basin,Brahmani,watershed,C07BRA47,Watershed C07BRA47,watershed||C07BRA47,,Brahmani and Baitarni Basin,Brahmani,703.9439,1.81,100.0
subbasin,BRA,Brahmani,subbasin||BRA,,Brahmani and Baitarni Basin,Brahmani,watershed,C07BRA48,Watershed C07BRA48,watershed||C07BRA48,,Brahmani and Baitarni Basin,Brahmani,524.405,1.34,100.0
subbasin,BRA,Brahmani,subbasin||BRA,,Brahmani and Baitarni Basin,Brahmani,watershed,C07BRA49,Watershed C07BRA49,watershed||C07BRA49,,Brahmani and Baitarni Basin,Brahmani,765.1776,1.96,100.0
subbasin,BRA,Brahmani,subbasin||BRA,,Brahmani and Baitarni Basin,Brahmani,watershed,C07BRA50,Watershed C07BRA50,watershed||C07BRA50,,Brahmani and Baitarni Basin,Brahmani,678.5399,1.74,100.0
subbasin,BRA,Brahmani,subbasin||BRA,,Brahmani and Baitarni Basin,Brahmani,watershed,C07BRA51,Watershed C07BRA51,watershed||C07BRA51,,Brahmani and Baitarni Basin,Brahmani,732.9477,1.88,100.0
subbasin,BRA,Brahmani,subbasin||BRA,,Brahmani and Baitarni Basin,Brahmani,watershed,C07BRA52,Watershed C07BRA52,watershed||C07BRA52,,Brahmani and Baitarni Basin,Brahmani,487.9528,1.25,100.0
subbasin,BRA,Brahmani,subbasin||BRA,,Brahmani and Baitarni Basin,Brahmani,watershed,C07BRA53,Watershed C07BRA53,watershed||C07BRA53,,Brahmani and Baitarni Basin,Brahmani,425.669,1.09,100.0
subbasin,BRA,Brahmani,subbasin||BRA,,Brahmani and Baitarni Basin,Brahmani,watershed,C07BRA54,Watershed C07BRA54,watershed||C07BRA54,,Brahmani and Baitarni Basin,Brahmani,836.8509,2.15,100.0
subbasin,BRA,Brahmani,subbasin||BRA,,Brahmani and Baitarni Basin,Brahmani,watershed,C07BRA55,Watershed C07BRA55,watershed||C07BRA55,,Brahmani and Baitarni Basin,Brahmani,902.3566,2.31,100.0
subbasin,BRA,Brahmani,subbasin||BRA,,Brahmani and Baitarni Basin,Brahmani,watershed,C07BRA56,Watershed C07BRA56,watershed||C07BRA56,,Brahmani and Baitarni Basin,Brahmani,905.5729,2.32,100.0
subbasin,BRA,Brahmani,subbasin||BRA,,Brahmani and Baitarni Basin,Brahmani,watershed,C07BRA57,Watershed C07BRA57,watershed||C07BRA57,,Brahmani and Baitarni Basin,Brahmani,855.1325,2.19,100.0
subbasin,BRA,Brahmani,subbasin||BRA,,Brahmani and Baitarni Basin,Brahmani,watershed,C07BRA58,Watershed C07BRA58,watershed||C07BRA58,,Brahmani and Baitarni Basin,Brahmani,999.793,2.56,100.0
subbasin,BRL,Brahmaputra Lower,subbasin||BRL,,Brahmaputra Basin,Brahmaputra Lower,watershed,D2BBRL01,Watershed D2BBRL01,watershed||D2BBRL01,,Brahmaputra Basin,Brahmaputra Lower,603.0468,0.66,100.0
subbasin,BRL,Brahmaputra Lower,subbasin||BRL,,Brahmaputra Basin,Brahmaputra Lower,watershed,D2BBRL02,Watershed D2BBRL02,watershed||D2BBRL02,,Brahmaputra Basin,Brahmaputra Lower,1314.6337,1.45,100.0
subbasin,BRL,Brahmaputra Lower,subbasin||BRL,,Brahmaputra Basin,Brahmaputra Lower,watershed,D2BBRL03,Watershed D2BBRL03,watershed||D2BBRL03,,Brahmaputra Basin,Brahmaputra Lower,444.9733,0.49,100.0
subbasin,BRL,Brahmaputra Lower,subbasin||BRL,,Brahmaputra Basin,Brahmaputra Lower,watershed,D2BBRL04,Watershed D2BBRL04,watershed||D2BBRL04,,Brahmaputra Basin,Brahmaputra Lower,1424.4378,1.57,100.0
subbasin,BRL,Brahmaputra Lower,subbasin||BRL,,Brahmaputra Basin,Brahmaputra Lower,watershed,D2BBRL05,Watershed D2BBRL05,watershed||D2BBRL05,,Brahmaputra Basin,Brahmaputra Lower,1078.4199,1.19,100.0
subbasin,BRL,Brahmaputra Lower,subbasin||BRL,,Brahmaputra Basin,Brahmaputra Lower,watershed,D2BBRL06,Watershed D2BBRL06,watershed||D2BBRL06,,Brahmaputra Basin,Brahmaputra Lower,1525.8129,1.68,100.0
subbasin,BRL,Brahmaputra Lower,subbasin||BRL,,Brahmaputra Basin,Brahmaputra Lower,watershed,D2BBRL07,Watershed D2BBRL07,watershed||D2BBRL07,,Brahmaputra Basin,Brahmaputra Lower,1155.8348,1.27,100.0
subbasin,BRL,Brahmaputra Lower,subbasin||BRL,,Brahmaputra Basin,Brahmaputra Lower,watershed,D2BBRL08,Watershed D2BBRL08,watershed||D2BBRL08,,Brahmaputra Basin,Brahmaputra Lower,1522.4877,1.68,100.0
subbasin,BRL,Brahmaputra Lower,subbasin||BRL,,Brahmaputra Basin,Brahmaputra Lower,watershed,D2BBRL09,Watershed D2BBRL09,watershed||D2BBRL09,,Brahmaputra Basin,Brahmaputra Lower,1298.2897,1.43,100.0
subbasin,BRL,Brahmaputra Lower,subbasin||BRL,,Brahmaputra Basin,Brahmaputra Lower,watershed,D2BBRL10,Watershed D2BBRL10,watershed||D2BBRL10,,Brahmaputra Basin,Brahmaputra Lower,1117.2767,1.23,100.0
subbasin,BRL,Brahmaputra Lower,subbasin||BRL,,Brahmaputra Basin,Brahmaputra Lower,watershed,D2BBRL11,Watershed D2BBRL11,watershed||D2BBRL11,,Brahmaputra Basin,Brahmaputra Lower,994.947,1.1,100.0
subbasin,BRL,Brahmaputra Lower,subbasin||BRL,,Brahmaputra Basin,Brahmaputra Lower,watershed,D2BBRL12,Watershed D2BBRL12,watershed||D2BBRL12,,Brahmaputra Basin,Brahmaputra Lower,1375.3835,1.52,100.0
subbasin,BRL,Brahmaputra Lower,subbasin||BRL,,Brahmaputra Basin,Brahmaputra Lower,watershed,D2BBRL13,Watershed D2BBRL13,watershed||D2BBRL13,,Brahmaputra Basin,Brahmaputra Lower,958.9341,1.06,100.0
subbasin,BRL,Brahmaputra Lower,subbasin||BRL,,Brahmaputra Basin,Brahmaputra Lower,watershed,D2BBRL14,Watershed D2BBRL14,watershed||D2BBRL14,,Brahmaputra Basin,Brahmaputra Lower,1377.2137,1.52,100.0
subbasin,BRL,Brahmaputra Lower,subbasin||BRL,,Brahmaputra Basin,Brahmaputra Lower,watershed,D2BBRL15,Watershed D2BBRL15,watershed||D2BBRL15,,Brahmaputra Basin,Brahmaputra Lower,1219.3219,1.34,100.0
subbasin,BRL,Brahmaputra Lower,subbasin||BRL,,Brahmaputra Basin,Brahmaputra Lower,watershed,D2BBRL16,Watershed D2BBRL16,watershed||D2BBRL16,,Brahmaputra Basin,Brahmaputra Lower,751.3759,0.83,100.0
subbasin,BRL,Brahmaputra Lower,subbasin||BRL,,Brahmaputra Basin,Brahmaputra Lower,watershed,D2BBRL17,Watershed D2BBRL17,watershed||D2BBRL17,,Brahmaputra Basin,Brahmaputra Lower,1232.3058,1.36,100.0
subbasin,BRL,Brahmaputra Lower,subbasin||BRL,,Brahmaputra Basin,Brahmaputra Lower,watershed,D2BBRL18,Watershed D2BBRL18,watershed||D2BBRL18,,Brahmaputra Basin,Brahmaputra Lower,1371.3626,1.51,100.0
subbasin,BRL,Brahmaputra Lower,subbasin||BRL,,Brahmaputra Basin,Brahmaputra Lower,watershed,D2BBRL19,Watershed D2BBRL19,watershed||D2BBRL19,,Brahmaputra Basin,Brahmaputra Lower,1285.7109,1.42,100.0
subbasin,BRL,Brahmaputra Lower,subbasin||BRL,,Brahmaputra Basin,Brahmaputra Lower,watershed,D2BBRL20,Watershed D2BBRL20,watershed||D2BBRL20,,Brahmaputra Basin,Brahmaputra Lower,806.8878,0.89,100.0
subbasin,BRL,Brahmaputra Lower,subbasin||BRL,,Brahmaputra Basin,Brahmaputra Lower,watershed,D2BBRL21,Watershed D2BBRL21,watershed||D2BBRL21,,Brahmaputra Basin,Brahmaputra Lower,1378.9622,1.52,100.0
subbasin,BRL,Brahmaputra Lower,subbasin||BRL,,Brahmaputra Basin,Brahmaputra Lower,watershed,D2BBRL22,Watershed D2BBRL22,watershed||D2BBRL22,,Brahmaputra Basin,Brahmaputra Lower,1235.9476,1.36,100.0
subbasin,BRL,Brahmaputra Lower,subbasin||BRL,,Brahmaputra Basin,Brahmaputra Lower,watershed,D2BBRL23,Watershed D2BBRL23,watershed||D2BBRL23,,Brahmaputra Basin,Brahmaputra Lower,573.7943,0.63,100.0
subbasin,BRL,Brahmaputra Lower,subbasin||BRL,,Brahmaputra Basin,Brahmaputra Lower,watershed,D2BBRL24,Watershed D2BBRL24,watershed||D2BBRL24,,Brahmaputra Basin,Brahmaputra Lower,998.8957,1.1,100.0
subbasin,BRL,Brahmaputra Lower,subbasin||BRL,,Brahmaputra Basin,Brahmaputra Lower,watershed,D2BBRL25,Watershed D2BBRL25,watershed||D2BBRL25,,Brahmaputra Basin,Brahmaputra Lower,867.1574,0.96,100.0
subbasin,BRL,Brahmaputra Lower,subbasin||BRL,,Brahmaputra Basin,Brahmaputra Lower,watershed,D2BBRL26,Watershed D2BBRL26,watershed||D2BBRL26,,Brahmaputra Basin,Brahmaputra Lower,1447.2272,1.6,100.0
subbasin,BRL,Brahmaputra Lower,subbasin||BRL,,Brahmaputra Basin,Brahmaputra Lower,watershed,D2BBRL27,Watershed D2BBRL27,watershed||D2BBRL27,,Brahmaputra Basin,Brahmaputra Lower,1172.294,1.29,100.0
subbasin,BRL,Brahmaputra Lower,subbasin||BRL,,Brahmaputra Basin,Brahmaputra Lower,watershed,D2BBRL28,Watershed D2BBRL28,watershed||D2BBRL28,,Brahmaputra Basin,Brahmaputra Lower,777.5809,0.86,100.0
subbasin,BRL,Brahmaputra Lower,subbasin||BRL,,Brahmaputra Basin,Brahmaputra Lower,watershed,D2BBRL29,Watershed D2BBRL29,watershed||D2BBRL29,,Brahmaputra Basin,Brahmaputra Lower,1322.9005,1.46,100.0
subbasin,BRL,Brahmaputra Lower,subbasin||BRL,,Brahmaputra Basin,Brahmaputra Lower,watershed,D2BBRL30,Watershed D2BBRL30,watershed||D2BBRL30,,Brahmaputra Basin,Brahmaputra Lower,902.9464,1.0,100.0
subbasin,BRL,Brahmaputra Lower,subbasin||BRL,,Brahmaputra Basin,Brahmaputra Lower,watershed,D2BBRL31,Watershed D2BBRL31,watershed||D2BBRL31,,Brahmaputra Basin,Brahmaputra Lower,1235.442,1.36,100.0
subbasin,BRL,Brahmaputra Lower,subbasin||BRL,,Brahmaputra Basin,Brahmaputra Lower,watershed,D2BBRL32,Watershed D2BBRL32,watershed||D2BBRL32,,Brahmaputra Basin,Brahmaputra Lower,610.0561,0.67,100.0
subbasin,BRL,Brahmaputra Lower,subbasin||BRL,,Brahmaputra Basin,Brahmaputra Lower,watershed,D2BBRL33,Watershed D2BBRL33,watershed||D2BBRL33,,Brahmaputra Basin,Brahmaputra Lower,1247.7997,1.38,100.0
subbasin,BRL,Brahmaputra Lower,subbasin||BRL,,Brahmaputra Basin,Brahmaputra Lower,watershed,D2BBRL34,Watershed D2BBRL34,watershed||D2BBRL34,,Brahmaputra Basin,Brahmaputra Lower,1218.3657,1.34,100.0
subbasin,BRL,Brahmaputra Lower,subbasin||BRL,,Brahmaputra Basin,Brahmaputra Lower,watershed,D2BBRL35,Watershed D2BBRL35,watershed||D2BBRL35,,Brahmaputra Basin,Brahmaputra Lower,909.3363,1.0,100.0
subbasin,BRL,Brahmaputra Lower,subbasin||BRL,,Brahmaputra Basin,Brahmaputra Lower,watershed,D2BBRL36,Watershed D2BBRL36,watershed||D2BBRL36,,Brahmaputra Basin,Brahmaputra Lower,1324.7355,1.46,100.0
subbasin,BRL,Brahmaputra Lower,subbasin||BRL,,Brahmaputra Basin,Brahmaputra Lower,watershed,D2BBRL37,Watershed D2BBRL37,watershed||D2BBRL37,,Brahmaputra Basin,Brahmaputra Lower,1310.374,1.44,100.0
subbasin,BRL,Brahmaputra Lower,subbasin||BRL,,Brahmaputra Basin,Brahmaputra Lower,watershed,D2BBRL38,Watershed D2BBRL38,watershed||D2BBRL38,,Brahmaputra Basin,Brahmaputra Lower,1312.9666,1.45,100.0
subbasin,BRL,Brahmaputra Lower,subbasin||BRL,,Brahmaputra Basin,Brahmaputra Lower,watershed,D2BBRL39,Watershed D2BBRL39,watershed||D2BBRL39,,Brahmaputra Basin,Brahmaputra Lower,1003.0126,1.11,100.0
subbasin,BRL,Brahmaputra Lower,subbasin||BRL,,Brahmaputra Basin,Brahmaputra Lower,watershed,D2BBRL40,Watershed D2BBRL40,watershed||D2BBRL40,,Brahmaputra Basin,Brahmaputra Lower,1328.1867,1.46,100.0
subbasin,BRL,Brahmaputra Lower,subbasin||BRL,,Brahmaputra Basin,Brahmaputra Lower,watershed,D2BBRL41,Watershed D2BBRL41,watershed||D2BBRL41,,Brahmaputra Basin,Brahmaputra Lower,1326.6201,1.46,100.0
subbasin,BRL,Brahmaputra Lower,subbasin||BRL,,Brahmaputra Basin,Brahmaputra Lower,watershed,D2BBRL42,Watershed D2BBRL42,watershed||D2BBRL42,,Brahmaputra Basin,Brahmaputra Lower,724.9955,0.8,100.0
subbasin,BRL,Brahmaputra Lower,subbasin||BRL,,Brahmaputra Basin,Brahmaputra Lower,watershed,D2BBRL43,Watershed D2BBRL43,watershed||D2BBRL43,,Brahmaputra Basin,Brahmaputra Lower,570.3251,0.63,100.0
subbasin,BRL,Brahmaputra Lower,subbasin||BRL,,Brahmaputra Basin,Brahmaputra Lower,watershed,D2BBRL44,Watershed D2BBRL44,watershed||D2BBRL44,,Brahmaputra Basin,Brahmaputra Lower,1072.5207,1.18,100.0
subbasin,BRL,Brahmaputra Lower,subbasin||BRL,,Brahmaputra Basin,Brahmaputra Lower,watershed,D2BBRL45,Watershed D2BBRL45,watershed||D2BBRL45,,Brahmaputra Basin,Brahmaputra Lower,667.1337,0.74,100.0
subbasin,BRL,Brahmaputra Lower,subbasin||BRL,,Brahmaputra Basin,Brahmaputra Lower,watershed,D2BBRL46,Watershed D2BBRL46,watershed||D2BBRL46,,Brahmaputra Basin,Brahmaputra Lower,1447.9529,1.6,100.0
subbasin,BRL,Brahmaputra Lower,subbasin||BRL,,Brahmaputra Basin,Brahmaputra Lower,watershed,D2BBRL47,Watershed D2BBRL47,watershed||D2BBRL47,,Brahmaputra Basin,Brahmaputra Lower,1164.9573,1.28,100.0
subbasin,BRL,Brahmaputra Lower,subbasin||BRL,,Brahmaputra Basin,Brahmaputra Lower,watershed,D2BBRL48,Watershed D2BBRL48,watershed||D2BBRL48,,Brahmaputra Basin,Brahmaputra Lower,1094.3158,1.21,100.0
subbasin,BRL,Brahmaputra Lower,subbasin||BRL,,Brahmaputra Basin,Brahmaputra Lower,watershed,D2BBRL49,Watershed D2BBRL49,watershed||D2BBRL49,,Brahmaputra Basin,Brahmaputra Lower,1228.1293,1.35,100.0
subbasin,BRL,Brahmaputra Lower,subbasin||BRL,,Brahmaputra Basin,Brahmaputra Lower,watershed,D2BBRL50,Watershed D2BBRL50,watershed||D2BBRL50,,Brahmaputra Basin,Brahmaputra Lower,982.8035,1.08,100.0
subbasin,BRL,Brahmaputra Lower,subbasin||BRL,,Brahmaputra Basin,Brahmaputra Lower,watershed,D2BBRL51,Watershed D2BBRL51,watershed||D2BBRL51,,Brahmaputra Basin,Brahmaputra Lower,1496.3007,1.65,100.0
subbasin,BRL,Brahmaputra Lower,subbasin||BRL,,Brahmaputra Basin,Brahmaputra Lower,watershed,D2BBRL52,Watershed D2BBRL52,watershed||D2BBRL52,,Brahmaputra Basin,Brahmaputra Lower,790.5839,0.87,100.0
subbasin,BRL,Brahmaputra Lower,subbasin||BRL,,Brahmaputra Basin,Brahmaputra Lower,watershed,D2BBRL53,Watershed D2BBRL53,watershed||D2BBRL53,,Brahmaputra Basin,Brahmaputra Lower,1507.0697,1.66,100.0
subbasin,BRL,Brahmaputra Lower,subbasin||BRL,,Brahmaputra Basin,Brahmaputra Lower,watershed,D2BBRL54,Watershed D2BBRL54,watershed||D2BBRL54,,Brahmaputra Basin,Brahmaputra Lower,1386.5535,1.53,100.0
subbasin,BRL,Brahmaputra Lower,subbasin||BRL,,Brahmaputra Basin,Brahmaputra Lower,watershed,D2BBRL55,Watershed D2BBRL55,watershed||D2BBRL55,,Brahmaputra Basin,Brahmaputra Lower,1075.5764,1.19,100.0
subbasin,BRL,Brahmaputra Lower,subbasin||BRL,,Brahmaputra Basin,Brahmaputra Lower,watershed,D2BBRL56,Watershed D2BBRL56,watershed||D2BBRL56,,Brahmaputra Basin,Brahmaputra Lower,1546.4707,1.7,100.0
subbasin,BRL,Brahmaputra Lower,subbasin||BRL,,Brahmaputra Basin,Brahmaputra Lower,watershed,D2BBRL57,Watershed D2BBRL57,watershed||D2BBRL57,,Brahmaputra Basin,Brahmaputra Lower,1204.9239,1.33,100.0
subbasin,BRL,Brahmaputra Lower,subbasin||BRL,,Brahmaputra Basin,Brahmaputra Lower,watershed,D2BBRL58,Watershed D2BBRL58,watershed||D2BBRL58,,Brahmaputra Basin,Brahmaputra Lower,1089.2395,1.2,100.0
subbasin,BRL,Brahmaputra Lower,subbasin||BRL,,Brahmaputra Basin,Brahmaputra Lower,watershed,D2BBRL59,Watershed D2BBRL59,watershed||D2BBRL59,,Brahmaputra Basin,Brahmaputra Lower,1097.7338,1.21,100.0
subbasin,BRL,Brahmaputra Lower,subbasin||BRL,,Brahmaputra Basin,Brahmaputra Lower,watershed,D2BBRL60,Watershed D2BBRL60,watershed||D2BBRL60,,Brahmaputra Basin,Brahmaputra Lower,1120.4104,1.24,100.0
subbasin,BRL,Brahmaputra Lower,subbasin||BRL,,Brahmaputra Basin,Brahmaputra Lower,watershed,D2BBRL61,Watershed D2BBRL61,watershed||D2BBRL61,,Brahmaputra Basin,Brahmaputra Lower,1302.4714,1.44,100.0
subbasin,BRL,Brahmaputra Lower,subbasin||BRL,,Brahmaputra Basin,Brahmaputra Lower,watershed,D2BBRL62,Watershed D2BBRL62,watershed||D2BBRL62,,Brahmaputra Basin,Brahmaputra Lower,704.4398,0.78,100.0
subbasin,BRL,Brahmaputra Lower,subbasin||BRL,,Brahmaputra Basin,Brahmaputra Lower,watershed,D2BBRL63,Watershed D2BBRL63,watershed||D2BBRL63,,Brahmaputra Basin,Brahmaputra Lower,991.1136,1.09,100.0
subbasin,BRL,Brahmaputra Lower,subbasin||BRL,,Brahmaputra Basin,Brahmaputra Lower,watershed,D2BBRL64,Watershed D2BBRL64,watershed||D2BBRL64,,Brahmaputra Basin,Brahmaputra Lower,817.1998,0.9,100.0
subbasin,BRL,Brahmaputra Lower,subbasin||BRL,,Brahmaputra Basin,Brahmaputra Lower,watershed,D2BBRL65,Watershed D2BBRL65,watershed||D2BBRL65,,Brahmaputra Basin,Brahmaputra Lower,1374.2112,1.52,100.0
subbasin,BRL,Brahmaputra Lower,subbasin||BRL,,Brahmaputra Basin,Brahmaputra Lower,watershed,D2BBRL66,Watershed D2BBRL66,watershed||D2BBRL66,,Brahmaputra Basin,Brahmaputra Lower,642.9015,0.71,100.0
subbasin,BRL,Brahmaputra Lower,subbasin||BRL,,Brahmaputra Basin,Brahmaputra Lower,watershed,D2BBRL67,Watershed D2BBRL67,watershed||D2BBRL67,,Brahmaputra Basin,Brahmaputra Lower,1193.1177,1.32,100.0
subbasin,BRL,Brahmaputra Lower,subbasin||BRL,,Brahmaputra Basin,Brahmaputra Lower,watershed,D2BBRL68,Watershed D2BBRL68,watershed||D2BBRL68,,Brahmaputra Basin,Brahmaputra Lower,1390.3668,1.53,100.0
subbasin,BRL,Brahmaputra Lower,subbasin||BRL,,Brahmaputra Basin,Brahmaputra Lower,watershed,D2BBRL69,Watershed D2BBRL69,watershed||D2BBRL69,,Brahmaputra Basin,Brahmaputra Lower,729.2465,0.8,100.0
subbasin,BRL,Brahmaputra Lower,subbasin||BRL,,Brahmaputra Basin,Brahmaputra Lower,watershed,D2BBRL70,Watershed D2BBRL70,watershed||D2BBRL70,,Brahmaputra Basin,Brahmaputra Lower,759.0281,0.84,100.0
subbasin,BRL,Brahmaputra Lower,subbasin||BRL,,Brahmaputra Basin,Brahmaputra Lower,watershed,D2BBRL71,Watershed D2BBRL71,watershed||D2BBRL71,,Brahmaputra Basin,Brahmaputra Lower,1195.1724,1.32,100.0
subbasin,BRL,Brahmaputra Lower,subbasin||BRL,,Brahmaputra Basin,Brahmaputra Lower,watershed,D2BBRL72,Watershed D2BBRL72,watershed||D2BBRL72,,Brahmaputra Basin,Brahmaputra Lower,1142.9319,1.26,100.0
subbasin,BRL,Brahmaputra Lower,subbasin||BRL,,Brahmaputra Basin,Brahmaputra Lower,watershed,D2BBRL73,Watershed D2BBRL73,watershed||D2BBRL73,,Brahmaputra Basin,Brahmaputra Lower,1540.5581,1.7,100.0
subbasin,BRL,Brahmaputra Lower,subbasin||BRL,,Brahmaputra Basin,Brahmaputra Lower,watershed,D2BBRL74,Watershed D2BBRL74,watershed||D2BBRL74,,Brahmaputra Basin,Brahmaputra Lower,557.4607,0.61,100.0
subbasin,BRL,Brahmaputra Lower,subbasin||BRL,,Brahmaputra Basin,Brahmaputra Lower,watershed,D2BBRL75,Watershed D2BBRL75,watershed||D2BBRL75,,Brahmaputra Basin,Brahmaputra Lower,978.4638,1.08,100.0
subbasin,BRL,Brahmaputra Lower,subbasin||BRL,,Brahmaputra Basin,Brahmaputra Lower,watershed,D2BBRL76,Watershed D2BBRL76,watershed||D2BBRL76,,Brahmaputra Basin,Brahmaputra Lower,778.3878,0.86,100.0
subbasin,BRL,Brahmaputra Lower,subbasin||BRL,,Brahmaputra Basin,Brahmaputra Lower,watershed,D2BBRL77,Watershed D2BBRL77,watershed||D2BBRL77,,Brahmaputra Basin,Brahmaputra Lower,955.2027,1.05,100.0
subbasin,BRL,Brahmaputra Lower,subbasin||BRL,,Brahmaputra Basin,Brahmaputra Lower,watershed,D2BBRL78,Watershed D2BBRL78,watershed||D2BBRL78,,Brahmaputra Basin,Brahmaputra Lower,1082.571,1.19,100.0
subbasin,BRL,Brahmaputra Lower,subbasin||BRL,,Brahmaputra Basin,Brahmaputra Lower,watershed,D2BBRL79,Watershed D2BBRL79,watershed||D2BBRL79,,Brahmaputra Basin,Brahmaputra Lower,1321.0746,1.46,100.0
subbasin,BRL,Brahmaputra Lower,subbasin||BRL,,Brahmaputra Basin,Brahmaputra Lower,watershed,D2BBRL80,Watershed D2BBRL80,watershed||D2BBRL80,,Brahmaputra Basin,Brahmaputra Lower,927.8973,1.02,100.0
subbasin,BRL,Brahmaputra Lower,subbasin||BRL,,Brahmaputra Basin,Brahmaputra Lower,watershed,D2BBRL81,Watershed D2BBRL81,watershed||D2BBRL81,,Brahmaputra Basin,Brahmaputra Lower,1030.7316,1.14,100.0
subbasin,BRL,Brahmaputra Lower,subbasin||BRL,,Brahmaputra Basin,Brahmaputra Lower,watershed,D2BBRL82,Watershed D2BBRL82,watershed||D2BBRL82,,Brahmaputra Basin,Brahmaputra Lower,979.1848,1.08,100.0
subbasin,BRL,Brahmaputra Lower,subbasin||BRL,,Brahmaputra Basin,Brahmaputra Lower,watershed,D2BBRL83,Watershed D2BBRL83,watershed||D2BBRL83,,Brahmaputra Basin,Brahmaputra Lower,681.6203,0.75,100.0
subbasin,BRU,Brahmaputra Upper,subbasin||BRU,,Brahmaputra Basin,Brahmaputra Upper,watershed,D2BBRU01,Watershed D2BBRU01,watershed||D2BBRU01,,Brahmaputra Basin,Brahmaputra Upper,683.0836,0.67,100.0
subbasin,BRU,Brahmaputra Upper,subbasin||BRU,,Brahmaputra Basin,Brahmaputra Upper,watershed,D2BBRU02,Watershed D2BBRU02,watershed||D2BBRU02,,Brahmaputra Basin,Brahmaputra Upper,1228.1757,1.2,100.0
subbasin,BRU,Brahmaputra Upper,subbasin||BRU,,Brahmaputra Basin,Brahmaputra Upper,watershed,D2BBRU03,Watershed D2BBRU03,watershed||D2BBRU03,,Brahmaputra Basin,Brahmaputra Upper,941.5646,0.92,100.0
subbasin,BRU,Brahmaputra Upper,subbasin||BRU,,Brahmaputra Basin,Brahmaputra Upper,watershed,D2BBRU04,Watershed D2BBRU04,watershed||D2BBRU04,,Brahmaputra Basin,Brahmaputra Upper,1001.1487,0.98,100.0
subbasin,BRU,Brahmaputra Upper,subbasin||BRU,,Brahmaputra Basin,Brahmaputra Upper,watershed,D2BBRU05,Watershed D2BBRU05,watershed||D2BBRU05,,Brahmaputra Basin,Brahmaputra Upper,561.394,0.55,100.0
subbasin,BRU,Brahmaputra Upper,subbasin||BRU,,Brahmaputra Basin,Brahmaputra Upper,watershed,D2BBRU06,Watershed D2BBRU06,watershed||D2BBRU06,,Brahmaputra Basin,Brahmaputra Upper,1287.7902,1.26,100.0
subbasin,BRU,Brahmaputra Upper,subbasin||BRU,,Brahmaputra Basin,Brahmaputra Upper,watershed,D2BBRU07,Watershed D2BBRU07,watershed||D2BBRU07,,Brahmaputra Basin,Brahmaputra Upper,1096.6736,1.07,100.0
subbasin,BRU,Brahmaputra Upper,subbasin||BRU,,Brahmaputra Basin,Brahmaputra Upper,watershed,D2BBRU08,Watershed D2BBRU08,watershed||D2BBRU08,,Brahmaputra Basin,Brahmaputra Upper,1413.9531,1.38,100.0
subbasin,BRU,Brahmaputra Upper,subbasin||BRU,,Brahmaputra Basin,Brahmaputra Upper,watershed,D2BBRU09,Watershed D2BBRU09,watershed||D2BBRU09,,Brahmaputra Basin,Brahmaputra Upper,694.5588,0.68,100.0
subbasin,BRU,Brahmaputra Upper,subbasin||BRU,,Brahmaputra Basin,Brahmaputra Upper,watershed,D2BBRU10,Watershed D2BBRU10,watershed||D2BBRU10,,Brahmaputra Basin,Brahmaputra Upper,1481.3345,1.45,100.0
subbasin,BRU,Brahmaputra Upper,subbasin||BRU,,Brahmaputra Basin,Brahmaputra Upper,watershed,D2BBRU11,Watershed D2BBRU11,watershed||D2BBRU11,,Brahmaputra Basin,Brahmaputra Upper,1293.4284,1.26,100.0
subbasin,BRU,Brahmaputra Upper,subbasin||BRU,,Brahmaputra Basin,Brahmaputra Upper,watershed,D2BBRU12,Watershed D2BBRU12,watershed||D2BBRU12,,Brahmaputra Basin,Brahmaputra Upper,1314.8441,1.28,100.0
subbasin,BRU,Brahmaputra Upper,subbasin||BRU,,Brahmaputra Basin,Brahmaputra Upper,watershed,D2BBRU13,Watershed D2BBRU13,watershed||D2BBRU13,,Brahmaputra Basin,Brahmaputra Upper,1245.6296,1.22,100.0
subbasin,BRU,Brahmaputra Upper,subbasin||BRU,,Brahmaputra Basin,Brahmaputra Upper,watershed,D2BBRU14,Watershed D2BBRU14,watershed||D2BBRU14,,Brahmaputra Basin,Brahmaputra Upper,1340.658,1.31,100.0
subbasin,BRU,Brahmaputra Upper,subbasin||BRU,,Brahmaputra Basin,Brahmaputra Upper,watershed,D2BBRU15,Watershed D2BBRU15,watershed||D2BBRU15,,Brahmaputra Basin,Brahmaputra Upper,1048.0006,1.02,100.0
subbasin,BRU,Brahmaputra Upper,subbasin||BRU,,Brahmaputra Basin,Brahmaputra Upper,watershed,D2BBRU16,Watershed D2BBRU16,watershed||D2BBRU16,,Brahmaputra Basin,Brahmaputra Upper,1300.0391,1.27,100.0
subbasin,BRU,Brahmaputra Upper,subbasin||BRU,,Brahmaputra Basin,Brahmaputra Upper,watershed,D2BBRU17,Watershed D2BBRU17,watershed||D2BBRU17,,Brahmaputra Basin,Brahmaputra Upper,936.7264,0.91,100.0
subbasin,BRU,Brahmaputra Upper,subbasin||BRU,,Brahmaputra Basin,Brahmaputra Upper,watershed,D2BBRU18,Watershed D2BBRU18,watershed||D2BBRU18,,Brahmaputra Basin,Brahmaputra Upper,694.253,0.68,100.0
subbasin,BRU,Brahmaputra Upper,subbasin||BRU,,Brahmaputra Basin,Brahmaputra Upper,watershed,D2BBRU19,Watershed D2BBRU19,watershed||D2BBRU19,,Brahmaputra Basin,Brahmaputra Upper,1072.6303,1.05,100.0
subbasin,BRU,Brahmaputra Upper,subbasin||BRU,,Brahmaputra Basin,Brahmaputra Upper,watershed,D2BBRU20,Watershed D2BBRU20,watershed||D2BBRU20,,Brahmaputra Basin,Brahmaputra Upper,1203.9413,1.17,100.0
subbasin,BRU,Brahmaputra Upper,subbasin||BRU,,Brahmaputra Basin,Brahmaputra Upper,watershed,D2BBRU21,Watershed D2BBRU21,watershed||D2BBRU21,,Brahmaputra Basin,Brahmaputra Upper,1062.9522,1.04,100.0
subbasin,BRU,Brahmaputra Upper,subbasin||BRU,,Brahmaputra Basin,Brahmaputra Upper,watershed,D2BBRU22,Watershed D2BBRU22,watershed||D2BBRU22,,Brahmaputra Basin,Brahmaputra Upper,968.1892,0.94,100.0
subbasin,BRU,Brahmaputra Upper,subbasin||BRU,,Brahmaputra Basin,Brahmaputra Upper,watershed,D2BBRU23,Watershed D2BBRU23,watershed||D2BBRU23,,Brahmaputra Basin,Brahmaputra Upper,1259.1185,1.23,100.0
subbasin,BRU,Brahmaputra Upper,subbasin||BRU,,Brahmaputra Basin,Brahmaputra Upper,watershed,D2BBRU24,Watershed D2BBRU24,watershed||D2BBRU24,,Brahmaputra Basin,Brahmaputra Upper,1076.6265,1.05,100.0
subbasin,BRU,Brahmaputra Upper,subbasin||BRU,,Brahmaputra Basin,Brahmaputra Upper,watershed,D2BBRU25,Watershed D2BBRU25,watershed||D2BBRU25,,Brahmaputra Basin,Brahmaputra Upper,694.3385,0.68,100.0
subbasin,BRU,Brahmaputra Upper,subbasin||BRU,,Brahmaputra Basin,Brahmaputra Upper,watershed,D2BBRU26,Watershed D2BBRU26,watershed||D2BBRU26,,Brahmaputra Basin,Brahmaputra Upper,1307.3941,1.28,100.0
subbasin,BRU,Brahmaputra Upper,subbasin||BRU,,Brahmaputra Basin,Brahmaputra Upper,watershed,D2BBRU27,Watershed D2BBRU27,watershed||D2BBRU27,,Brahmaputra Basin,Brahmaputra Upper,1234.2245,1.2,100.0
subbasin,BRU,Brahmaputra Upper,subbasin||BRU,,Brahmaputra Basin,Brahmaputra Upper,watershed,D2BBRU28,Watershed D2BBRU28,watershed||D2BBRU28,,Brahmaputra Basin,Brahmaputra Upper,894.6469,0.87,100.0
subbasin,BRU,Brahmaputra Upper,subbasin||BRU,,Brahmaputra Basin,Brahmaputra Upper,watershed,D2BBRU29,Watershed D2BBRU29,watershed||D2BBRU29,,Brahmaputra Basin,Brahmaputra Upper,694.0714,0.68,100.0
subbasin,BRU,Brahmaputra Upper,subbasin||BRU,,Brahmaputra Basin,Brahmaputra Upper,watershed,D2BBRU30,Watershed D2BBRU30,watershed||D2BBRU30,,Brahmaputra Basin,Brahmaputra Upper,1022.9782,1.0,100.0
subbasin,BRU,Brahmaputra Upper,subbasin||BRU,,Brahmaputra Basin,Brahmaputra Upper,watershed,D2BBRU31,Watershed D2BBRU31,watershed||D2BBRU31,,Brahmaputra Basin,Brahmaputra Upper,983.3516,0.96,100.0
subbasin,BRU,Brahmaputra Upper,subbasin||BRU,,Brahmaputra Basin,Brahmaputra Upper,watershed,D2BBRU32,Watershed D2BBRU32,watershed||D2BBRU32,,Brahmaputra Basin,Brahmaputra Upper,846.1252,0.83,100.0
subbasin,BRU,Brahmaputra Upper,subbasin||BRU,,Brahmaputra Basin,Brahmaputra Upper,watershed,D2BBRU33,Watershed D2BBRU33,watershed||D2BBRU33,,Brahmaputra Basin,Brahmaputra Upper,1350.0553,1.32,100.0
subbasin,BRU,Brahmaputra Upper,subbasin||BRU,,Brahmaputra Basin,Brahmaputra Upper,watershed,D2BBRU34,Watershed D2BBRU34,watershed||D2BBRU34,,Brahmaputra Basin,Brahmaputra Upper,709.1465,0.69,100.0
subbasin,BRU,Brahmaputra Upper,subbasin||BRU,,Brahmaputra Basin,Brahmaputra Upper,watershed,D2BBRU35,Watershed D2BBRU35,watershed||D2BBRU35,,Brahmaputra Basin,Brahmaputra Upper,917.9628,0.9,100.0
subbasin,BRU,Brahmaputra Upper,subbasin||BRU,,Brahmaputra Basin,Brahmaputra Upper,watershed,D2BBRU36,Watershed D2BBRU36,watershed||D2BBRU36,,Brahmaputra Basin,Brahmaputra Upper,1206.2172,1.18,100.0
subbasin,BRU,Brahmaputra Upper,subbasin||BRU,,Brahmaputra Basin,Brahmaputra Upper,watershed,D2BBRU37,Watershed D2BBRU37,watershed||D2BBRU37,,Brahmaputra Basin,Brahmaputra Upper,1273.2715,1.24,100.0
subbasin,BRU,Brahmaputra Upper,subbasin||BRU,,Brahmaputra Basin,Brahmaputra Upper,watershed,D2BBRU38,Watershed D2BBRU38,watershed||D2BBRU38,,Brahmaputra Basin,Brahmaputra Upper,1280.3373,1.25,100.0
subbasin,BRU,Brahmaputra Upper,subbasin||BRU,,Brahmaputra Basin,Brahmaputra Upper,watershed,D2BBRU39,Watershed D2BBRU39,watershed||D2BBRU39,,Brahmaputra Basin,Brahmaputra Upper,785.2967,0.77,100.0
subbasin,BRU,Brahmaputra Upper,subbasin||BRU,,Brahmaputra Basin,Brahmaputra Upper,watershed,D2BBRU40,Watershed D2BBRU40,watershed||D2BBRU40,,Brahmaputra Basin,Brahmaputra Upper,1147.0476,1.12,100.0
subbasin,BRU,Brahmaputra Upper,subbasin||BRU,,Brahmaputra Basin,Brahmaputra Upper,watershed,D2BBRU41,Watershed D2BBRU41,watershed||D2BBRU41,,Brahmaputra Basin,Brahmaputra Upper,1139.3833,1.11,100.0
subbasin,BRU,Brahmaputra Upper,subbasin||BRU,,Brahmaputra Basin,Brahmaputra Upper,watershed,D2BBRU42,Watershed D2BBRU42,watershed||D2BBRU42,,Brahmaputra Basin,Brahmaputra Upper,1339.65,1.31,100.0
subbasin,BRU,Brahmaputra Upper,subbasin||BRU,,Brahmaputra Basin,Brahmaputra Upper,watershed,D2BBRU43,Watershed D2BBRU43,watershed||D2BBRU43,,Brahmaputra Basin,Brahmaputra Upper,1286.1053,1.25,100.0
subbasin,BRU,Brahmaputra Upper,subbasin||BRU,,Brahmaputra Basin,Brahmaputra Upper,watershed,D2BBRU44,Watershed D2BBRU44,watershed||D2BBRU44,,Brahmaputra Basin,Brahmaputra Upper,1259.0324,1.23,100.0
subbasin,BRU,Brahmaputra Upper,subbasin||BRU,,Brahmaputra Basin,Brahmaputra Upper,watershed,D2BBRU45,Watershed D2BBRU45,watershed||D2BBRU45,,Brahmaputra Basin,Brahmaputra Upper,1001.9662,0.98,100.0
subbasin,BRU,Brahmaputra Upper,subbasin||BRU,,Brahmaputra Basin,Brahmaputra Upper,watershed,D2BBRU46,Watershed D2BBRU46,watershed||D2BBRU46,,Brahmaputra Basin,Brahmaputra Upper,1495.2873,1.46,100.0
subbasin,BRU,Brahmaputra Upper,subbasin||BRU,,Brahmaputra Basin,Brahmaputra Upper,watershed,D2BBRU47,Watershed D2BBRU47,watershed||D2BBRU47,,Brahmaputra Basin,Brahmaputra Upper,1092.297,1.07,100.0
subbasin,BRU,Brahmaputra Upper,subbasin||BRU,,Brahmaputra Basin,Brahmaputra Upper,watershed,D2BBRU48,Watershed D2BBRU48,watershed||D2BBRU48,,Brahmaputra Basin,Brahmaputra Upper,834.9256,0.81,100.0
subbasin,BRU,Brahmaputra Upper,subbasin||BRU,,Brahmaputra Basin,Brahmaputra Upper,watershed,D2BBRU49,Watershed D2BBRU49,watershed||D2BBRU49,,Brahmaputra Basin,Brahmaputra Upper,506.9588,0.49,100.0
subbasin,BRU,Brahmaputra Upper,subbasin||BRU,,Brahmaputra Basin,Brahmaputra Upper,watershed,D2BBRU50,Watershed D2BBRU50,watershed||D2BBRU50,,Brahmaputra Basin,Brahmaputra Upper,1143.4329,1.12,100.0
subbasin,BRU,Brahmaputra Upper,subbasin||BRU,,Brahmaputra Basin,Brahmaputra Upper,watershed,D2BBRU51,Watershed D2BBRU51,watershed||D2BBRU51,,Brahmaputra Basin,Brahmaputra Upper,766.7434,0.75,100.0
subbasin,BRU,Brahmaputra Upper,subbasin||BRU,,Brahmaputra Basin,Brahmaputra Upper,watershed,D2BBRU52,Watershed D2BBRU52,watershed||D2BBRU52,,Brahmaputra Basin,Brahmaputra Upper,1132.926,1.11,100.0
subbasin,BRU,Brahmaputra Upper,subbasin||BRU,,Brahmaputra Basin,Brahmaputra Upper,watershed,D2BBRU53,Watershed D2BBRU53,watershed||D2BBRU53,,Brahmaputra Basin,Brahmaputra Upper,1303.1382,1.27,100.0
subbasin,BRU,Brahmaputra Upper,subbasin||BRU,,Brahmaputra Basin,Brahmaputra Upper,watershed,D2BBRU54,Watershed D2BBRU54,watershed||D2BBRU54,,Brahmaputra Basin,Brahmaputra Upper,652.0885,0.64,100.0
subbasin,BRU,Brahmaputra Upper,subbasin||BRU,,Brahmaputra Basin,Brahmaputra Upper,watershed,D2BBRU55,Watershed D2BBRU55,watershed||D2BBRU55,,Brahmaputra Basin,Brahmaputra Upper,719.7184,0.7,100.0
subbasin,BRU,Brahmaputra Upper,subbasin||BRU,,Brahmaputra Basin,Brahmaputra Upper,watershed,D2BBRU56,Watershed D2BBRU56,watershed||D2BBRU56,,Brahmaputra Basin,Brahmaputra Upper,1092.6728,1.07,100.0
subbasin,BRU,Brahmaputra Upper,subbasin||BRU,,Brahmaputra Basin,Brahmaputra Upper,watershed,D2BBRU57,Watershed D2BBRU57,watershed||D2BBRU57,,Brahmaputra Basin,Brahmaputra Upper,799.6554,0.78,100.0
subbasin,BRU,Brahmaputra Upper,subbasin||BRU,,Brahmaputra Basin,Brahmaputra Upper,watershed,D2BBRU58,Watershed D2BBRU58,watershed||D2BBRU58,,Brahmaputra Basin,Brahmaputra Upper,1080.338,1.05,100.0
subbasin,BRU,Brahmaputra Upper,subbasin||BRU,,Brahmaputra Basin,Brahmaputra Upper,watershed,D2BBRU59,Watershed D2BBRU59,watershed||D2BBRU59,,Brahmaputra Basin,Brahmaputra Upper,1031.0512,1.01,100.0
subbasin,BRU,Brahmaputra Upper,subbasin||BRU,,Brahmaputra Basin,Brahmaputra Upper,watershed,D2BBRU60,Watershed D2BBRU60,watershed||D2BBRU60,,Brahmaputra Basin,Brahmaputra Upper,770.4867,0.75,100.0
subbasin,BRU,Brahmaputra Upper,subbasin||BRU,,Brahmaputra Basin,Brahmaputra Upper,watershed,D2BBRU61,Watershed D2BBRU61,watershed||D2BBRU61,,Brahmaputra Basin,Brahmaputra Upper,1528.8076,1.49,100.0
subbasin,BRU,Brahmaputra Upper,subbasin||BRU,,Brahmaputra Basin,Brahmaputra Upper,watershed,D2BBRU62,Watershed D2BBRU62,watershed||D2BBRU62,,Brahmaputra Basin,Brahmaputra Upper,867.4296,0.85,100.0
subbasin,BRU,Brahmaputra Upper,subbasin||BRU,,Brahmaputra Basin,Brahmaputra Upper,watershed,D2BBRU63,Watershed D2BBRU63,watershed||D2BBRU63,,Brahmaputra Basin,Brahmaputra Upper,945.0764,0.92,100.0
subbasin,BRU,Brahmaputra Upper,subbasin||BRU,,Brahmaputra Basin,Brahmaputra Upper,watershed,D2BBRU64,Watershed D2BBRU64,watershed||D2BBRU64,,Brahmaputra Basin,Brahmaputra Upper,892.2826,0.87,100.0
subbasin,BRU,Brahmaputra Upper,subbasin||BRU,,Brahmaputra Basin,Brahmaputra Upper,watershed,D2BBRU65,Watershed D2BBRU65,watershed||D2BBRU65,,Brahmaputra Basin,Brahmaputra Upper,1194.7455,1.17,100.0
subbasin,BRU,Brahmaputra Upper,subbasin||BRU,,Brahmaputra Basin,Brahmaputra Upper,watershed,D2BBRU66,Watershed D2BBRU66,watershed||D2BBRU66,,Brahmaputra Basin,Brahmaputra Upper,1348.1671,1.32,100.0
subbasin,BRU,Brahmaputra Upper,subbasin||BRU,,Brahmaputra Basin,Brahmaputra Upper,watershed,D2BBRU67,Watershed D2BBRU67,watershed||D2BBRU67,,Brahmaputra Basin,Brahmaputra Upper,710.8998,0.69,100.0
subbasin,BRU,Brahmaputra Upper,subbasin||BRU,,Brahmaputra Basin,Brahmaputra Upper,watershed,D2BBRU68,Watershed D2BBRU68,watershed||D2BBRU68,,Brahmaputra Basin,Brahmaputra Upper,749.4219,0.73,100.0
subbasin,BRU,Brahmaputra Upper,subbasin||BRU,,Brahmaputra Basin,Brahmaputra Upper,watershed,D2BBRU69,Watershed D2BBRU69,watershed||D2BBRU69,,Brahmaputra Basin,Brahmaputra Upper,1458.9505,1.42,100.0
subbasin,BRU,Brahmaputra Upper,subbasin||BRU,,Brahmaputra Basin,Brahmaputra Upper,watershed,D2BBRU70,Watershed D2BBRU70,watershed||D2BBRU70,,Brahmaputra Basin,Brahmaputra Upper,1147.7439,1.12,100.0
subbasin,BRU,Brahmaputra Upper,subbasin||BRU,,Brahmaputra Basin,Brahmaputra Upper,watershed,D2BBRU71,Watershed D2BBRU71,watershed||D2BBRU71,,Brahmaputra Basin,Brahmaputra Upper,1135.0132,1.11,100.0
subbasin,BRU,Brahmaputra Upper,subbasin||BRU,,Brahmaputra Basin,Brahmaputra Upper,watershed,D2BBRU72,Watershed D2BBRU72,watershed||D2BBRU72,,Brahmaputra Basin,Brahmaputra Upper,971.7892,0.95,100.0
subbasin,BRU,Brahmaputra Upper,subbasin||BRU,,Brahmaputra Basin,Brahmaputra Upper,watershed,D2BBRU73,Watershed D2BBRU73,watershed||D2BBRU73,,Brahmaputra Basin,Brahmaputra Upper,924.3553,0.9,100.0
subbasin,BRU,Brahmaputra Upper,subbasin||BRU,,Brahmaputra Basin,Brahmaputra Upper,watershed,D2BBRU74,Watershed D2BBRU74,watershed||D2BBRU74,,Brahmaputra Basin,Brahmaputra Upper,1423.0973,1.39,100.0
subbasin,BRU,Brahmaputra Upper,subbasin||BRU,,Brahmaputra Basin,Brahmaputra Upper,watershed,D2BBRU75,Watershed D2BBRU75,watershed||D2BBRU75,,Brahmaputra Basin,Brahmaputra Upper,934.7313,0.91,100.0
subbasin,BRU,Brahmaputra Upper,subbasin||BRU,,Brahmaputra Basin,Brahmaputra Upper,watershed,D2BBRU76,Watershed D2BBRU76,watershed||D2BBRU76,,Brahmaputra Basin,Brahmaputra Upper,1007.4093,0.98,100.0
subbasin,BRU,Brahmaputra Upper,subbasin||BRU,,Brahmaputra Basin,Brahmaputra Upper,watershed,D2BBRU77,Watershed D2BBRU77,watershed||D2BBRU77,,Brahmaputra Basin,Brahmaputra Upper,1169.3542,1.14,100.0
subbasin,BRU,Brahmaputra Upper,subbasin||BRU,,Brahmaputra Basin,Brahmaputra Upper,watershed,D2BBRU78,Watershed D2BBRU78,watershed||D2BBRU78,,Brahmaputra Basin,Brahmaputra Upper,1159.9251,1.13,100.0
subbasin,BRU,Brahmaputra Upper,subbasin||BRU,,Brahmaputra Basin,Brahmaputra Upper,watershed,D2BBRU79,Watershed D2BBRU79,watershed||D2BBRU79,,Brahmaputra Basin,Brahmaputra Upper,1431.5069,1.4,100.0
subbasin,BRU,Brahmaputra Upper,subbasin||BRU,,Brahmaputra Basin,Brahmaputra Upper,watershed,D2BBRU80,Watershed D2BBRU80,watershed||D2BBRU80,,Brahmaputra Basin,Brahmaputra Upper,1120.3708,1.09,100.0
subbasin,BRU,Brahmaputra Upper,subbasin||BRU,,Brahmaputra Basin,Brahmaputra Upper,watershed,D2BBRU81,Watershed D2BBRU81,watershed||D2BBRU81,,Brahmaputra Basin,Brahmaputra Upper,989.238,0.97,100.0
subbasin,BRU,Brahmaputra Upper,subbasin||BRU,,Brahmaputra Basin,Brahmaputra Upper,watershed,D2BBRU82,Watershed D2BBRU82,watershed||D2BBRU82,,Brahmaputra Basin,Brahmaputra Upper,1015.8532,0.99,100.0
subbasin,BRU,Brahmaputra Upper,subbasin||BRU,,Brahmaputra Basin,Brahmaputra Upper,watershed,D2BBRU83,Watershed D2BBRU83,watershed||D2BBRU83,,Brahmaputra Basin,Brahmaputra Upper,909.1116,0.89,100.0
subbasin,BRU,Brahmaputra Upper,subbasin||BRU,,Brahmaputra Basin,Brahmaputra Upper,watershed,D2BBRU84,Watershed D2BBRU84,watershed||D2BBRU84,,Brahmaputra Basin,Brahmaputra Upper,813.3134,0.79,100.0
subbasin,BRU,Brahmaputra Upper,subbasin||BRU,,Brahmaputra Basin,Brahmaputra Upper,watershed,D2BBRU85,Watershed D2BBRU85,watershed||D2BBRU85,,Brahmaputra Basin,Brahmaputra Upper,766.475,0.75,100.0
subbasin,BRU,Brahmaputra Upper,subbasin||BRU,,Brahmaputra Basin,Brahmaputra Upper,watershed,D2BBRU86,Watershed D2BBRU86,watershed||D2BBRU86,,Brahmaputra Basin,Brahmaputra Upper,905.3313,0.88,100.0
subbasin,BRU,Brahmaputra Upper,subbasin||BRU,,Brahmaputra Basin,Brahmaputra Upper,watershed,D2BBRU87,Watershed D2BBRU87,watershed||D2BBRU87,,Brahmaputra Basin,Brahmaputra Upper,1315.4735,1.28,100.0
subbasin,BRU,Brahmaputra Upper,subbasin||BRU,,Brahmaputra Basin,Brahmaputra Upper,watershed,D2BBRU88,Watershed D2BBRU88,watershed||D2BBRU88,,Brahmaputra Basin,Brahmaputra Upper,1368.7706,1.34,100.0
subbasin,BRU,Brahmaputra Upper,subbasin||BRU,,Brahmaputra Basin,Brahmaputra Upper,watershed,D2BBRU89,Watershed D2BBRU89,watershed||D2BBRU89,,Brahmaputra Basin,Brahmaputra Upper,1057.8439,1.03,100.0
subbasin,BRU,Brahmaputra Upper,subbasin||BRU,,Brahmaputra Basin,Brahmaputra Upper,watershed,D2BBRU90,Watershed D2BBRU90,watershed||D2BBRU90,,Brahmaputra Basin,Brahmaputra Upper,986.6984,0.96,100.0
subbasin,BRU,Brahmaputra Upper,subbasin||BRU,,Brahmaputra Basin,Brahmaputra Upper,watershed,D2BBRU91,Watershed D2BBRU91,watershed||D2BBRU91,,Brahmaputra Basin,Brahmaputra Upper,1266.4934,1.24,100.0
subbasin,BRU,Brahmaputra Upper,subbasin||BRU,,Brahmaputra Basin,Brahmaputra Upper,watershed,D2BBRU92,Watershed D2BBRU92,watershed||D2BBRU92,,Brahmaputra Basin,Brahmaputra Upper,1138.3988,1.11,100.0
subbasin,BRU,Brahmaputra Upper,subbasin||BRU,,Brahmaputra Basin,Brahmaputra Upper,watershed,D2BBRU93,Watershed D2BBRU93,watershed||D2BBRU93,,Brahmaputra Basin,Brahmaputra Upper,768.6431,0.75,100.0
subbasin,BRU,Brahmaputra Upper,subbasin||BRU,,Brahmaputra Basin,Brahmaputra Upper,watershed,D2BBRU94,Watershed D2BBRU94,watershed||D2BBRU94,,Brahmaputra Basin,Brahmaputra Upper,1221.4551,1.19,100.0
subbasin,BRU,Brahmaputra Upper,subbasin||BRU,,Brahmaputra Basin,Brahmaputra Upper,watershed,D2BBRU95,Watershed D2BBRU95,watershed||D2BBRU95,,Brahmaputra Basin,Brahmaputra Upper,532.9333,0.52,100.0
subbasin,BRU,Brahmaputra Upper,subbasin||BRU,,Brahmaputra Basin,Brahmaputra Upper,watershed,D2BBRU96,Watershed D2BBRU96,watershed||D2BBRU96,,Brahmaputra Basin,Brahmaputra Upper,1280.3159,1.25,100.0
subbasin,BRU,Brahmaputra Upper,subbasin||BRU,,Brahmaputra Basin,Brahmaputra Upper,watershed,D2BBRU97,Watershed D2BBRU97,watershed||D2BBRU97,,Brahmaputra Basin,Brahmaputra Upper,1028.0775,1.0,100.0
subbasin,CAL,Cauvery Lower,subbasin||CAL,,Cauvery Basin,Cauvery Lower,watershed,C05CAL01,Watershed C05CAL01,watershed||C05CAL01,,Cauvery Basin,Cauvery Lower,398.3902,2.32,100.0
subbasin,CAL,Cauvery Lower,subbasin||CAL,,Cauvery Basin,Cauvery Lower,watershed,C05CAL02,Watershed C05CAL02,watershed||C05CAL02,,Cauvery Basin,Cauvery Lower,726.9082,4.23,100.0
subbasin,CAL,Cauvery Lower,subbasin||CAL,,Cauvery Basin,Cauvery Lower,watershed,C05CAL03,Watershed C05CAL03,watershed||C05CAL03,,Cauvery Basin,Cauvery Lower,629.7909,3.66,100.0
subbasin,CAL,Cauvery Lower,subbasin||CAL,,Cauvery Basin,Cauvery Lower,watershed,C05CAL04,Watershed C05CAL04,watershed||C05CAL04,,Cauvery Basin,Cauvery Lower,446.9504,2.6,100.0
subbasin,CAL,Cauvery Lower,subbasin||CAL,,Cauvery Basin,Cauvery Lower,watershed,C05CAL05,Watershed C05CAL05,watershed||C05CAL05,,Cauvery Basin,Cauvery Lower,436.6259,2.54,100.0
subbasin,CAL,Cauvery Lower,subbasin||CAL,,Cauvery Basin,Cauvery Lower,watershed,C05CAL06,Watershed C05CAL06,watershed||C05CAL06,,Cauvery Basin,Cauvery Lower,747.1401,4.35,100.0
subbasin,CAL,Cauvery Lower,subbasin||CAL,,Cauvery Basin,Cauvery Lower,watershed,C05CAL07,Watershed C05CAL07,watershed||C05CAL07,,Cauvery Basin,Cauvery Lower,698.8955,4.07,100.0
subbasin,CAL,Cauvery Lower,subbasin||CAL,,Cauvery Basin,Cauvery Lower,watershed,C05CAL08,Watershed C05CAL08,watershed||C05CAL08,,Cauvery Basin,Cauvery Lower,792.1992,4.61,100.0
subbasin,CAL,Cauvery Lower,subbasin||CAL,,Cauvery Basin,Cauvery Lower,watershed,C05CAL09,Watershed C05CAL09,watershed||C05CAL09,,Cauvery Basin,Cauvery Lower,670.3216,3.9,100.0
subbasin,CAL,Cauvery Lower,subbasin||CAL,,Cauvery Basin,Cauvery Lower,watershed,C05CAL10,Watershed C05CAL10,watershed||C05CAL10,,Cauvery Basin,Cauvery Lower,759.2365,4.42,100.0
subbasin,CAL,Cauvery Lower,subbasin||CAL,,Cauvery Basin,Cauvery Lower,watershed,C05CAL11,Watershed C05CAL11,watershed||C05CAL11,,Cauvery Basin,Cauvery Lower,1413.3724,8.22,100.0
subbasin,CAL,Cauvery Lower,subbasin||CAL,,Cauvery Basin,Cauvery Lower,watershed,C05CAL12,Watershed C05CAL12,watershed||C05CAL12,,Cauvery Basin,Cauvery Lower,460.3956,2.68,100.0
subbasin,CAL,Cauvery Lower,subbasin||CAL,,Cauvery Basin,Cauvery Lower,watershed,C05CAL13,Watershed C05CAL13,watershed||C05CAL13,,Cauvery Basin,Cauvery Lower,481.0906,2.8,100.0
subbasin,CAL,Cauvery Lower,subbasin||CAL,,Cauvery Basin,Cauvery Lower,watershed,C05CAL15,Watershed C05CAL15,watershed||C05CAL15,,Cauvery Basin,Cauvery Lower,638.3846,3.71,100.0
subbasin,CAL,Cauvery Lower,subbasin||CAL,,Cauvery Basin,Cauvery Lower,watershed,C05CAL16,Watershed C05CAL16,watershed||C05CAL16,,Cauvery Basin,Cauvery Lower,729.3755,4.24,100.0
subbasin,CAL,Cauvery Lower,subbasin||CAL,,Cauvery Basin,Cauvery Lower,watershed,C05CAL17,Watershed C05CAL17,watershed||C05CAL17,,Cauvery Basin,Cauvery Lower,971.2773,5.65,100.0
subbasin,CAL,Cauvery Lower,subbasin||CAL,,Cauvery Basin,Cauvery Lower,watershed,C05CAL18,Watershed C05CAL18,watershed||C05CAL18,,Cauvery Basin,Cauvery Lower,540.223,3.14,100.0
subbasin,CAL,Cauvery Lower,subbasin||CAL,,Cauvery Basin,Cauvery Lower,watershed,C05CAL19,Watershed C05CAL19,watershed||C05CAL19,,Cauvery Basin,Cauvery Lower,316.7245,1.84,100.0
subbasin,CAL,Cauvery Lower,subbasin||CAL,,Cauvery Basin,Cauvery Lower,watershed,C05CAL20,Watershed C05CAL20,watershed||C05CAL20,,Cauvery Basin,Cauvery Lower,513.9343,2.99,100.0
subbasin,CAL,Cauvery Lower,subbasin||CAL,,Cauvery Basin,Cauvery Lower,watershed,C05CAL21,Watershed C05CAL21,watershed||C05CAL21,,Cauvery Basin,Cauvery Lower,747.3441,4.35,100.0
subbasin,CAL,Cauvery Lower,subbasin||CAL,,Cauvery Basin,Cauvery Lower,watershed,C05CAL22,Watershed C05CAL22,watershed||C05CAL22,,Cauvery Basin,Cauvery Lower,745.0684,4.33,100.0
subbasin,CAL,Cauvery Lower,subbasin||CAL,,Cauvery Basin,Cauvery Lower,watershed,C05CAL23,Watershed C05CAL23,watershed||C05CAL23,,Cauvery Basin,Cauvery Lower,560.6219,3.26,100.0
subbasin,CAL,Cauvery Lower,subbasin||CAL,,Cauvery Basin,Cauvery Lower,watershed,C05CAL24,Watershed C05CAL24,watershed||C05CAL24,,Cauvery Basin,Cauvery Lower,576.1689,3.35,100.0
subbasin,CAL,Cauvery Lower,subbasin||CAL,,Cauvery Basin,Cauvery Lower,watershed,C05CAL25,Watershed C05CAL25,watershed||C05CAL25,,Cauvery Basin,Cauvery Lower,558.8694,3.25,100.0
subbasin,CAL,Cauvery Lower,subbasin||CAL,,Cauvery Basin,Cauvery Lower,watershed,C05CAL26,Watershed C05CAL26,watershed||C05CAL26,,Cauvery Basin,Cauvery Lower,664.7673,3.87,100.0
subbasin,CAL,Cauvery Lower,subbasin||CAL,,Cauvery Basin,Cauvery Lower,watershed,C05CAL27,Watershed C05CAL27,watershed||C05CAL27,,Cauvery Basin,Cauvery Lower,391.5263,2.28,100.0
subbasin,CAL,Cauvery Lower,subbasin||CAL,,Cauvery Basin,Cauvery Lower,watershed,C05CAL28,Watershed C05CAL28,watershed||C05CAL28,,Cauvery Basin,Cauvery Lower,573.2512,3.34,100.0
subbasin,CAM,Cauvery Middle,subbasin||CAM,,Cauvery Basin,Cauvery Middle,watershed,C05CAM01,Watershed C05CAM01,watershed||C05CAM01,,Cauvery Basin,Cauvery Middle,874.848,1.53,100.0
subbasin,CAM,Cauvery Middle,subbasin||CAM,,Cauvery Basin,Cauvery Middle,watershed,C05CAM02,Watershed C05CAM02,watershed||C05CAM02,,Cauvery Basin,Cauvery Middle,507.3611,0.89,100.0
subbasin,CAM,Cauvery Middle,subbasin||CAM,,Cauvery Basin,Cauvery Middle,watershed,C05CAM03,Watershed C05CAM03,watershed||C05CAM03,,Cauvery Basin,Cauvery Middle,768.3605,1.35,100.0
subbasin,CAM,Cauvery Middle,subbasin||CAM,,Cauvery Basin,Cauvery Middle,watershed,C05CAM04,Watershed C05CAM04,watershed||C05CAM04,,Cauvery Basin,Cauvery Middle,495.003,0.87,100.0
subbasin,CAM,Cauvery Middle,subbasin||CAM,,Cauvery Basin,Cauvery Middle,watershed,C05CAM05,Watershed C05CAM05,watershed||C05CAM05,,Cauvery Basin,Cauvery Middle,790.6202,1.39,100.0
subbasin,CAM,Cauvery Middle,subbasin||CAM,,Cauvery Basin,Cauvery Middle,watershed,C05CAM06,Watershed C05CAM06,watershed||C05CAM06,,Cauvery Basin,Cauvery Middle,684.1064,1.2,100.0
subbasin,CAM,Cauvery Middle,subbasin||CAM,,Cauvery Basin,Cauvery Middle,watershed,C05CAM07,Watershed C05CAM07,watershed||C05CAM07,,Cauvery Basin,Cauvery Middle,744.6256,1.31,100.0
subbasin,CAM,Cauvery Middle,subbasin||CAM,,Cauvery Basin,Cauvery Middle,watershed,C05CAM08,Watershed C05CAM08,watershed||C05CAM08,,Cauvery Basin,Cauvery Middle,934.2046,1.64,100.0
subbasin,CAM,Cauvery Middle,subbasin||CAM,,Cauvery Basin,Cauvery Middle,watershed,C05CAM09,Watershed C05CAM09,watershed||C05CAM09,,Cauvery Basin,Cauvery Middle,786.2125,1.38,100.0
subbasin,CAM,Cauvery Middle,subbasin||CAM,,Cauvery Basin,Cauvery Middle,watershed,C05CAM10,Watershed C05CAM10,watershed||C05CAM10,,Cauvery Basin,Cauvery Middle,807.375,1.42,100.0
subbasin,CAM,Cauvery Middle,subbasin||CAM,,Cauvery Basin,Cauvery Middle,watershed,C05CAM11,Watershed C05CAM11,watershed||C05CAM11,,Cauvery Basin,Cauvery Middle,598.7895,1.05,100.0
subbasin,CAM,Cauvery Middle,subbasin||CAM,,Cauvery Basin,Cauvery Middle,watershed,C05CAM12,Watershed C05CAM12,watershed||C05CAM12,,Cauvery Basin,Cauvery Middle,676.7789,1.19,100.0
subbasin,CAM,Cauvery Middle,subbasin||CAM,,Cauvery Basin,Cauvery Middle,watershed,C05CAM13,Watershed C05CAM13,watershed||C05CAM13,,Cauvery Basin,Cauvery Middle,844.847,1.48,100.0
subbasin,CAM,Cauvery Middle,subbasin||CAM,,Cauvery Basin,Cauvery Middle,watershed,C05CAM14,Watershed C05CAM14,watershed||C05CAM14,,Cauvery Basin,Cauvery Middle,620.9414,1.09,100.0
subbasin,CAM,Cauvery Middle,subbasin||CAM,,Cauvery Basin,Cauvery Middle,watershed,C05CAM15,Watershed C05CAM15,watershed||C05CAM15,,Cauvery Basin,Cauvery Middle,700.4505,1.23,100.0
subbasin,CAM,Cauvery Middle,subbasin||CAM,,Cauvery Basin,Cauvery Middle,watershed,C05CAM16,Watershed C05CAM16,watershed||C05CAM16,,Cauvery Basin,Cauvery Middle,577.744,1.01,100.0
subbasin,CAM,Cauvery Middle,subbasin||CAM,,Cauvery Basin,Cauvery Middle,watershed,C05CAM17,Watershed C05CAM17,watershed||C05CAM17,,Cauvery Basin,Cauvery Middle,681.3979,1.2,100.0
subbasin,CAM,Cauvery Middle,subbasin||CAM,,Cauvery Basin,Cauvery Middle,watershed,C05CAM18,Watershed C05CAM18,watershed||C05CAM18,,Cauvery Basin,Cauvery Middle,735.0947,1.29,100.0
subbasin,CAM,Cauvery Middle,subbasin||CAM,,Cauvery Basin,Cauvery Middle,watershed,C05CAM19,Watershed C05CAM19,watershed||C05CAM19,,Cauvery Basin,Cauvery Middle,548.5611,0.96,100.0
subbasin,CAM,Cauvery Middle,subbasin||CAM,,Cauvery Basin,Cauvery Middle,watershed,C05CAM20,Watershed C05CAM20,watershed||C05CAM20,,Cauvery Basin,Cauvery Middle,771.525,1.35,100.0
subbasin,CAM,Cauvery Middle,subbasin||CAM,,Cauvery Basin,Cauvery Middle,watershed,C05CAM21,Watershed C05CAM21,watershed||C05CAM21,,Cauvery Basin,Cauvery Middle,812.3926,1.43,100.0
subbasin,CAM,Cauvery Middle,subbasin||CAM,,Cauvery Basin,Cauvery Middle,watershed,C05CAM22,Watershed C05CAM22,watershed||C05CAM22,,Cauvery Basin,Cauvery Middle,773.9281,1.36,100.0
subbasin,CAM,Cauvery Middle,subbasin||CAM,,Cauvery Basin,Cauvery Middle,watershed,C05CAM23,Watershed C05CAM23,watershed||C05CAM23,,Cauvery Basin,Cauvery Middle,848.3663,1.49,100.0
subbasin,CAM,Cauvery Middle,subbasin||CAM,,Cauvery Basin,Cauvery Middle,watershed,C05CAM24,Watershed C05CAM24,watershed||C05CAM24,,Cauvery Basin,Cauvery Middle,446.2282,0.78,100.0
subbasin,CAM,Cauvery Middle,subbasin||CAM,,Cauvery Basin,Cauvery Middle,watershed,C05CAM25,Watershed C05CAM25,watershed||C05CAM25,,Cauvery Basin,Cauvery Middle,544.1018,0.95,100.0
subbasin,CAM,Cauvery Middle,subbasin||CAM,,Cauvery Basin,Cauvery Middle,watershed,C05CAM26,Watershed C05CAM26,watershed||C05CAM26,,Cauvery Basin,Cauvery Middle,815.3263,1.43,100.0
subbasin,CAM,Cauvery Middle,subbasin||CAM,,Cauvery Basin,Cauvery Middle,watershed,C05CAM27,Watershed C05CAM27,watershed||C05CAM27,,Cauvery Basin,Cauvery Middle,589.2618,1.03,100.0
subbasin,CAM,Cauvery Middle,subbasin||CAM,,Cauvery Basin,Cauvery Middle,watershed,C05CAM28,Watershed C05CAM28,watershed||C05CAM28,,Cauvery Basin,Cauvery Middle,1407.1392,2.47,100.0
subbasin,CAM,Cauvery Middle,subbasin||CAM,,Cauvery Basin,Cauvery Middle,watershed,C05CAM30,Watershed C05CAM30,watershed||C05CAM30,,Cauvery Basin,Cauvery Middle,464.166,0.81,100.0
subbasin,CAM,Cauvery Middle,subbasin||CAM,,Cauvery Basin,Cauvery Middle,watershed,C05CAM31,Watershed C05CAM31,watershed||C05CAM31,,Cauvery Basin,Cauvery Middle,600.766,1.05,100.0
subbasin,CAM,Cauvery Middle,subbasin||CAM,,Cauvery Basin,Cauvery Middle,watershed,C05CAM32,Watershed C05CAM32,watershed||C05CAM32,,Cauvery Basin,Cauvery Middle,382.7147,0.67,100.0
subbasin,CAM,Cauvery Middle,subbasin||CAM,,Cauvery Basin,Cauvery Middle,watershed,C05CAM33,Watershed C05CAM33,watershed||C05CAM33,,Cauvery Basin,Cauvery Middle,519.0508,0.91,100.0
subbasin,CAM,Cauvery Middle,subbasin||CAM,,Cauvery Basin,Cauvery Middle,watershed,C05CAM34,Watershed C05CAM34,watershed||C05CAM34,,Cauvery Basin,Cauvery Middle,872.8093,1.53,100.0
subbasin,CAM,Cauvery Middle,subbasin||CAM,,Cauvery Basin,Cauvery Middle,watershed,C05CAM35,Watershed C05CAM35,watershed||C05CAM35,,Cauvery Basin,Cauvery Middle,573.145,1.01,100.0
subbasin,CAM,Cauvery Middle,subbasin||CAM,,Cauvery Basin,Cauvery Middle,watershed,C05CAM36,Watershed C05CAM36,watershed||C05CAM36,,Cauvery Basin,Cauvery Middle,748.8321,1.31,100.0
subbasin,CAM,Cauvery Middle,subbasin||CAM,,Cauvery Basin,Cauvery Middle,watershed,C05CAM37,Watershed C05CAM37,watershed||C05CAM37,,Cauvery Basin,Cauvery Middle,741.3405,1.3,100.0
subbasin,CAM,Cauvery Middle,subbasin||CAM,,Cauvery Basin,Cauvery Middle,watershed,C05CAM38,Watershed C05CAM38,watershed||C05CAM38,,Cauvery Basin,Cauvery Middle,593.3793,1.04,100.0
subbasin,CAM,Cauvery Middle,subbasin||CAM,,Cauvery Basin,Cauvery Middle,watershed,C05CAM39,Watershed C05CAM39,watershed||C05CAM39,,Cauvery Basin,Cauvery Middle,788.8882,1.38,100.0
subbasin,CAM,Cauvery Middle,subbasin||CAM,,Cauvery Basin,Cauvery Middle,watershed,C05CAM40,Watershed C05CAM40,watershed||C05CAM40,,Cauvery Basin,Cauvery Middle,656.6498,1.15,100.0
subbasin,CAM,Cauvery Middle,subbasin||CAM,,Cauvery Basin,Cauvery Middle,watershed,C05CAM41,Watershed C05CAM41,watershed||C05CAM41,,Cauvery Basin,Cauvery Middle,377.2463,0.66,100.0
subbasin,CAM,Cauvery Middle,subbasin||CAM,,Cauvery Basin,Cauvery Middle,watershed,C05CAM42,Watershed C05CAM42,watershed||C05CAM42,,Cauvery Basin,Cauvery Middle,529.539,0.93,100.0
subbasin,CAM,Cauvery Middle,subbasin||CAM,,Cauvery Basin,Cauvery Middle,watershed,C05CAM43,Watershed C05CAM43,watershed||C05CAM43,,Cauvery Basin,Cauvery Middle,721.607,1.27,100.0
subbasin,CAM,Cauvery Middle,subbasin||CAM,,Cauvery Basin,Cauvery Middle,watershed,C05CAM44,Watershed C05CAM44,watershed||C05CAM44,,Cauvery Basin,Cauvery Middle,570.0192,1.0,100.0
subbasin,CAM,Cauvery Middle,subbasin||CAM,,Cauvery Basin,Cauvery Middle,watershed,C05CAM45,Watershed C05CAM45,watershed||C05CAM45,,Cauvery Basin,Cauvery Middle,638.7568,1.12,100.0
subbasin,CAM,Cauvery Middle,subbasin||CAM,,Cauvery Basin,Cauvery Middle,watershed,C05CAM46,Watershed C05CAM46,watershed||C05CAM46,,Cauvery Basin,Cauvery Middle,473.2917,0.83,100.0
subbasin,CAM,Cauvery Middle,subbasin||CAM,,Cauvery Basin,Cauvery Middle,watershed,C05CAM47,Watershed C05CAM47,watershed||C05CAM47,,Cauvery Basin,Cauvery Middle,523.932,0.92,100.0
subbasin,CAM,Cauvery Middle,subbasin||CAM,,Cauvery Basin,Cauvery Middle,watershed,C05CAM48,Watershed C05CAM48,watershed||C05CAM48,,Cauvery Basin,Cauvery Middle,802.6337,1.41,100.0
subbasin,CAM,Cauvery Middle,subbasin||CAM,,Cauvery Basin,Cauvery Middle,watershed,C05CAM49,Watershed C05CAM49,watershed||C05CAM49,,Cauvery Basin,Cauvery Middle,611.1304,1.07,100.0
subbasin,CAM,Cauvery Middle,subbasin||CAM,,Cauvery Basin,Cauvery Middle,watershed,C05CAM50,Watershed C05CAM50,watershed||C05CAM50,,Cauvery Basin,Cauvery Middle,554.6504,0.97,100.0
subbasin,CAM,Cauvery Middle,subbasin||CAM,,Cauvery Basin,Cauvery Middle,watershed,C05CAM51,Watershed C05CAM51,watershed||C05CAM51,,Cauvery Basin,Cauvery Middle,649.4992,1.14,100.0
subbasin,CAM,Cauvery Middle,subbasin||CAM,,Cauvery Basin,Cauvery Middle,watershed,C05CAM52,Watershed C05CAM52,watershed||C05CAM52,,Cauvery Basin,Cauvery Middle,445.4506,0.78,100.0
subbasin,CAM,Cauvery Middle,subbasin||CAM,,Cauvery Basin,Cauvery Middle,watershed,C05CAM53,Watershed C05CAM53,watershed||C05CAM53,,Cauvery Basin,Cauvery Middle,722.4991,1.27,100.0
subbasin,CAM,Cauvery Middle,subbasin||CAM,,Cauvery Basin,Cauvery Middle,watershed,C05CAM54,Watershed C05CAM54,watershed||C05CAM54,,Cauvery Basin,Cauvery Middle,555.4115,0.97,100.0
subbasin,CAM,Cauvery Middle,subbasin||CAM,,Cauvery Basin,Cauvery Middle,watershed,C05CAM55,Watershed C05CAM55,watershed||C05CAM55,,Cauvery Basin,Cauvery Middle,779.5976,1.37,100.0
subbasin,CAM,Cauvery Middle,subbasin||CAM,,Cauvery Basin,Cauvery Middle,watershed,C05CAM56,Watershed C05CAM56,watershed||C05CAM56,,Cauvery Basin,Cauvery Middle,701.3769,1.23,100.0
subbasin,CAM,Cauvery Middle,subbasin||CAM,,Cauvery Basin,Cauvery Middle,watershed,C05CAM57,Watershed C05CAM57,watershed||C05CAM57,,Cauvery Basin,Cauvery Middle,905.6522,1.59,100.0
subbasin,CAM,Cauvery Middle,subbasin||CAM,,Cauvery Basin,Cauvery Middle,watershed,C05CAM58,Watershed C05CAM58,watershed||C05CAM58,,Cauvery Basin,Cauvery Middle,873.595,1.53,100.0
subbasin,CAM,Cauvery Middle,subbasin||CAM,,Cauvery Basin,Cauvery Middle,watershed,C05CAM59,Watershed C05CAM59,watershed||C05CAM59,,Cauvery Basin,Cauvery Middle,612.1448,1.07,100.0
subbasin,CAM,Cauvery Middle,subbasin||CAM,,Cauvery Basin,Cauvery Middle,watershed,C05CAM60,Watershed C05CAM60,watershed||C05CAM60,,Cauvery Basin,Cauvery Middle,871.1462,1.53,100.0
subbasin,CAM,Cauvery Middle,subbasin||CAM,,Cauvery Basin,Cauvery Middle,watershed,C05CAM61,Watershed C05CAM61,watershed||C05CAM61,,Cauvery Basin,Cauvery Middle,653.1704,1.15,100.0
subbasin,CAM,Cauvery Middle,subbasin||CAM,,Cauvery Basin,Cauvery Middle,watershed,C05CAM62,Watershed C05CAM62,watershed||C05CAM62,,Cauvery Basin,Cauvery Middle,865.8683,1.52,100.0
subbasin,CAM,Cauvery Middle,subbasin||CAM,,Cauvery Basin,Cauvery Middle,watershed,C05CAM63,Watershed C05CAM63,watershed||C05CAM63,,Cauvery Basin,Cauvery Middle,653.1924,1.15,100.0
subbasin,CAM,Cauvery Middle,subbasin||CAM,,Cauvery Basin,Cauvery Middle,watershed,C05CAM64,Watershed C05CAM64,watershed||C05CAM64,,Cauvery Basin,Cauvery Middle,863.9168,1.52,100.0
subbasin,CAM,Cauvery Middle,subbasin||CAM,,Cauvery Basin,Cauvery Middle,watershed,C05CAM65,Watershed C05CAM65,watershed||C05CAM65,,Cauvery Basin,Cauvery Middle,778.3042,1.37,100.0
subbasin,CAM,Cauvery Middle,subbasin||CAM,,Cauvery Basin,Cauvery Middle,watershed,C05CAM66,Watershed C05CAM66,watershed||C05CAM66,,Cauvery Basin,Cauvery Middle,646.4465,1.13,100.0
subbasin,CAM,Cauvery Middle,subbasin||CAM,,Cauvery Basin,Cauvery Middle,watershed,C05CAM67,Watershed C05CAM67,watershed||C05CAM67,,Cauvery Basin,Cauvery Middle,591.1018,1.04,100.0
subbasin,CAM,Cauvery Middle,subbasin||CAM,,Cauvery Basin,Cauvery Middle,watershed,C05CAM68,Watershed C05CAM68,watershed||C05CAM68,,Cauvery Basin,Cauvery Middle,625.6451,1.1,100.0
subbasin,CAM,Cauvery Middle,subbasin||CAM,,Cauvery Basin,Cauvery Middle,watershed,C05CAM69,Watershed C05CAM69,watershed||C05CAM69,,Cauvery Basin,Cauvery Middle,697.2975,1.22,100.0
subbasin,CAM,Cauvery Middle,subbasin||CAM,,Cauvery Basin,Cauvery Middle,watershed,C05CAM70,Watershed C05CAM70,watershed||C05CAM70,,Cauvery Basin,Cauvery Middle,695.138,1.22,100.0
subbasin,CAM,Cauvery Middle,subbasin||CAM,,Cauvery Basin,Cauvery Middle,watershed,C05CAM71,Watershed C05CAM71,watershed||C05CAM71,,Cauvery Basin,Cauvery Middle,802.073,1.41,100.0
subbasin,CAM,Cauvery Middle,subbasin||CAM,,Cauvery Basin,Cauvery Middle,watershed,C05CAM72,Watershed C05CAM72,watershed||C05CAM72,,Cauvery Basin,Cauvery Middle,435.9343,0.76,100.0
subbasin,CAM,Cauvery Middle,subbasin||CAM,,Cauvery Basin,Cauvery Middle,watershed,C05CAM73,Watershed C05CAM73,watershed||C05CAM73,,Cauvery Basin,Cauvery Middle,551.7011,0.97,100.0
subbasin,CAM,Cauvery Middle,subbasin||CAM,,Cauvery Basin,Cauvery Middle,watershed,C05CAM74,Watershed C05CAM74,watershed||C05CAM74,,Cauvery Basin,Cauvery Middle,664.1101,1.16,100.0
subbasin,CAM,Cauvery Middle,subbasin||CAM,,Cauvery Basin,Cauvery Middle,watershed,C05CAM75,Watershed C05CAM75,watershed||C05CAM75,,Cauvery Basin,Cauvery Middle,490.8131,0.86,100.0
subbasin,CAM,Cauvery Middle,subbasin||CAM,,Cauvery Basin,Cauvery Middle,watershed,C05CAM76,Watershed C05CAM76,watershed||C05CAM76,,Cauvery Basin,Cauvery Middle,531.1044,0.93,100.0
subbasin,CAM,Cauvery Middle,subbasin||CAM,,Cauvery Basin,Cauvery Middle,watershed,C05CAM77,Watershed C05CAM77,watershed||C05CAM77,,Cauvery Basin,Cauvery Middle,466.1025,0.82,100.0
subbasin,CAM,Cauvery Middle,subbasin||CAM,,Cauvery Basin,Cauvery Middle,watershed,C05CAM78,Watershed C05CAM78,watershed||C05CAM78,,Cauvery Basin,Cauvery Middle,676.1637,1.19,100.0
subbasin,CAM,Cauvery Middle,subbasin||CAM,,Cauvery Basin,Cauvery Middle,watershed,C05CAM79,Watershed C05CAM79,watershed||C05CAM79,,Cauvery Basin,Cauvery Middle,488.8325,0.86,100.0
subbasin,CAM,Cauvery Middle,subbasin||CAM,,Cauvery Basin,Cauvery Middle,watershed,C05CAM80,Watershed C05CAM80,watershed||C05CAM80,,Cauvery Basin,Cauvery Middle,517.3869,0.91,100.0
subbasin,CAM,Cauvery Middle,subbasin||CAM,,Cauvery Basin,Cauvery Middle,watershed,C05CAM81,Watershed C05CAM81,watershed||C05CAM81,,Cauvery Basin,Cauvery Middle,684.4281,1.2,100.0
subbasin,CAM,Cauvery Middle,subbasin||CAM,,Cauvery Basin,Cauvery Middle,watershed,C05CAM82,Watershed C05CAM82,watershed||C05CAM82,,Cauvery Basin,Cauvery Middle,727.5184,1.28,100.0
subbasin,CAM,Cauvery Middle,subbasin||CAM,,Cauvery Basin,Cauvery Middle,watershed,C05CAM83,Watershed C05CAM83,watershed||C05CAM83,,Cauvery Basin,Cauvery Middle,831.7232,1.46,100.0
subbasin,CAM,Cauvery Middle,subbasin||CAM,,Cauvery Basin,Cauvery Middle,watershed,C05CAM84,Watershed C05CAM84,watershed||C05CAM84,,Cauvery Basin,Cauvery Middle,701.9325,1.23,100.0
subbasin,CAM,Cauvery Middle,subbasin||CAM,,Cauvery Basin,Cauvery Middle,watershed,C05CAM85,Watershed C05CAM85,watershed||C05CAM85,,Cauvery Basin,Cauvery Middle,444.2037,0.78,100.0
subbasin,CAM,Cauvery Middle,subbasin||CAM,,Cauvery Basin,Cauvery Middle,watershed,C05CAM86,Watershed C05CAM86,watershed||C05CAM86,,Cauvery Basin,Cauvery Middle,676.2261,1.19,100.0
subbasin,CAU,Cauvery Upper,subbasin||CAU,,Cauvery Basin,Cauvery Upper,watershed,C05CAU01,Watershed C05CAU01,watershed||C05CAU01,,Cauvery Basin,Cauvery Upper,552.8275,5.04,100.0
subbasin,CAU,Cauvery Upper,subbasin||CAU,,Cauvery Basin,Cauvery Upper,watershed,C05CAU02,Watershed C05CAU02,watershed||C05CAU02,,Cauvery Basin,Cauvery Upper,615.9442,5.61,100.0
subbasin,CAU,Cauvery Upper,subbasin||CAU,,Cauvery Basin,Cauvery Upper,watershed,C05CAU03,Watershed C05CAU03,watershed||C05CAU03,,Cauvery Basin,Cauvery Upper,364.0482,3.32,100.0
subbasin,CAU,Cauvery Upper,subbasin||CAU,,Cauvery Basin,Cauvery Upper,watershed,C05CAU04,Watershed C05CAU04,watershed||C05CAU04,,Cauvery Basin,Cauvery Upper,604.6664,5.51,100.0
subbasin,CAU,Cauvery Upper,subbasin||CAU,,Cauvery Basin,Cauvery Upper,watershed,C05CAU05,Watershed C05CAU05,watershed||C05CAU05,,Cauvery Basin,Cauvery Upper,770.0315,7.02,100.0
subbasin,CAU,Cauvery Upper,subbasin||CAU,,Cauvery Basin,Cauvery Upper,watershed,C05CAU06,Watershed C05CAU06,watershed||C05CAU06,,Cauvery Basin,Cauvery Upper,506.3221,4.61,100.0
subbasin,CAU,Cauvery Upper,subbasin||CAU,,Cauvery Basin,Cauvery Upper,watershed,C05CAU07,Watershed C05CAU07,watershed||C05CAU07,,Cauvery Basin,Cauvery Upper,700.5578,6.38,100.0
subbasin,CAU,Cauvery Upper,subbasin||CAU,,Cauvery Basin,Cauvery Upper,watershed,C05CAU08,Watershed C05CAU08,watershed||C05CAU08,,Cauvery Basin,Cauvery Upper,521.3175,4.75,100.0
subbasin,CAU,Cauvery Upper,subbasin||CAU,,Cauvery Basin,Cauvery Upper,watershed,C05CAU09,Watershed C05CAU09,watershed||C05CAU09,,Cauvery Basin,Cauvery Upper,534.7809,4.87,100.0
subbasin,CAU,Cauvery Upper,subbasin||CAU,,Cauvery Basin,Cauvery Upper,watershed,C05CAU10,Watershed C05CAU10,watershed||C05CAU10,,Cauvery Basin,Cauvery Upper,401.8431,3.66,100.0
subbasin,CAU,Cauvery Upper,subbasin||CAU,,Cauvery Basin,Cauvery Upper,watershed,C05CAU11,Watershed C05CAU11,watershed||C05CAU11,,Cauvery Basin,Cauvery Upper,765.4947,6.98,100.0
subbasin,CAU,Cauvery Upper,subbasin||CAU,,Cauvery Basin,Cauvery Upper,watershed,C05CAU12,Watershed C05CAU12,watershed||C05CAU12,,Cauvery Basin,Cauvery Upper,991.1914,9.03,100.0
subbasin,CAU,Cauvery Upper,subbasin||CAU,,Cauvery Basin,Cauvery Upper,watershed,C05CAU13,Watershed C05CAU13,watershed||C05CAU13,,Cauvery Basin,Cauvery Upper,581.1708,5.3,100.0
subbasin,CAU,Cauvery Upper,subbasin||CAU,,Cauvery Basin,Cauvery Upper,watershed,C05CAU14,Watershed C05CAU14,watershed||C05CAU14,,Cauvery Basin,Cauvery Upper,595.3453,5.43,100.0
subbasin,CAU,Cauvery Upper,subbasin||CAU,,Cauvery Basin,Cauvery Upper,watershed,C05CAU15,Watershed C05CAU15,watershed||C05CAU15,,Cauvery Basin,Cauvery Upper,388.9076,3.54,100.0
subbasin,CAU,Cauvery Upper,subbasin||CAU,,Cauvery Basin,Cauvery Upper,watershed,C05CAU16,Watershed C05CAU16,watershed||C05CAU16,,Cauvery Basin,Cauvery Upper,693.411,6.32,100.0
subbasin,CAU,Cauvery Upper,subbasin||CAU,,Cauvery Basin,Cauvery Upper,watershed,C05CAU17,Watershed C05CAU17,watershed||C05CAU17,,Cauvery Basin,Cauvery Upper,761.0764,6.94,100.0
subbasin,CAU,Cauvery Upper,subbasin||CAU,,Cauvery Basin,Cauvery Upper,watershed,C05CAU18,Watershed C05CAU18,watershed||C05CAU18,,Cauvery Basin,Cauvery Upper,624.1517,5.69,100.0
subbasin,CHL,Chambal Lower,subbasin||CHL,,Ganga Basin,Chambal Lower,watershed,C2ACHL01,Watershed C2ACHL01,watershed||C2ACHL01,,Ganga Basin,Chambal Lower,898.994,7.91,100.0
subbasin,CHL,Chambal Lower,subbasin||CHL,,Ganga Basin,Chambal Lower,watershed,C2ACHL02,Watershed C2ACHL02,watershed||C2ACHL02,,Ganga Basin,Chambal Lower,868.1491,7.64,100.0
subbasin,CHL,Chambal Lower,subbasin||CHL,,Ganga Basin,Chambal Lower,watershed,C2ACHL03,Watershed C2ACHL03,watershed||C2ACHL03,,Ganga Basin,Chambal Lower,847.2801,7.45,100.0
subbasin,CHL,Chambal Lower,subbasin||CHL,,Ganga Basin,Chambal Lower,watershed,C2ACHL04,Watershed C2ACHL04,watershed||C2ACHL04,,Ganga Basin,Chambal Lower,582.1178,5.12,100.0
subbasin,CHL,Chambal Lower,subbasin||CHL,,Ganga Basin,Chambal Lower,watershed,C2ACHL05,Watershed C2ACHL05,watershed||C2ACHL05,,Ganga Basin,Chambal Lower,863.9256,7.6,100.0
subbasin,CHL,Chambal Lower,subbasin||CHL,,Ganga Basin,Chambal Lower,watershed,C2ACHL06,Watershed C2ACHL06,watershed||C2ACHL06,,Ganga Basin,Chambal Lower,421.3391,3.71,100.0
subbasin,CHL,Chambal Lower,subbasin||CHL,,Ganga Basin,Chambal Lower,watershed,C2ACHL07,Watershed C2ACHL07,watershed||C2ACHL07,,Ganga Basin,Chambal Lower,1009.3772,8.88,100.0
subbasin,CHL,Chambal Lower,subbasin||CHL,,Ganga Basin,Chambal Lower,watershed,C2ACHL08,Watershed C2ACHL08,watershed||C2ACHL08,,Ganga Basin,Chambal Lower,509.0712,4.48,100.0
subbasin,CHL,Chambal Lower,subbasin||CHL,,Ganga Basin,Chambal Lower,watershed,C2ACHL09,Watershed C2ACHL09,watershed||C2ACHL09,,Ganga Basin,Chambal Lower,987.3347,8.69,100.0
subbasin,CHL,Chambal Lower,subbasin||CHL,,Ganga Basin,Chambal Lower,watershed,C2ACHL10,Watershed C2ACHL10,watershed||C2ACHL10,,Ganga Basin,Chambal Lower,705.3033,6.21,100.0
subbasin,CHL,Chambal Lower,subbasin||CHL,,Ganga Basin,Chambal Lower,watershed,C2ACHL11,Watershed C2ACHL11,watershed||C2ACHL11,,Ganga Basin,Chambal Lower,969.6386,8.53,100.0
subbasin,CHL,Chambal Lower,subbasin||CHL,,Ganga Basin,Chambal Lower,watershed,C2ACHL12,Watershed C2ACHL12,watershed||C2ACHL12,,Ganga Basin,Chambal Lower,630.3924,5.55,100.0
subbasin,CHL,Chambal Lower,subbasin||CHL,,Ganga Basin,Chambal Lower,watershed,C2ACHL13,Watershed C2ACHL13,watershed||C2ACHL13,,Ganga Basin,Chambal Lower,1178.8187,10.37,100.0
subbasin,CHL,Chambal Lower,subbasin||CHL,,Ganga Basin,Chambal Lower,watershed,C2ACHL14,Watershed C2ACHL14,watershed||C2ACHL14,,Ganga Basin,Chambal Lower,894.9181,7.87,100.0
subbasin,CHU,Chambal Upper,subbasin||CHU,,Ganga Basin,Chambal Upper,watershed,C2ACHU01,Watershed C2ACHU01,watershed||C2ACHU01,,Ganga Basin,Chambal Upper,1233.7939,4.64,100.0
subbasin,CHU,Chambal Upper,subbasin||CHU,,Ganga Basin,Chambal Upper,watershed,C2ACHU02,Watershed C2ACHU02,watershed||C2ACHU02,,Ganga Basin,Chambal Upper,1459.7755,5.49,100.0
subbasin,CHU,Chambal Upper,subbasin||CHU,,Ganga Basin,Chambal Upper,watershed,C2ACHU03,Watershed C2ACHU03,watershed||C2ACHU03,,Ganga Basin,Chambal Upper,778.1842,2.93,100.0
subbasin,CHU,Chambal Upper,subbasin||CHU,,Ganga Basin,Chambal Upper,watershed,C2ACHU04,Watershed C2ACHU04,watershed||C2ACHU04,,Ganga Basin,Chambal Upper,978.7218,3.68,100.0
subbasin,CHU,Chambal Upper,subbasin||CHU,,Ganga Basin,Chambal Upper,watershed,C2ACHU05,Watershed C2ACHU05,watershed||C2ACHU05,,Ganga Basin,Chambal Upper,950.488,3.58,100.0
subbasin,CHU,Chambal Upper,subbasin||CHU,,Ganga Basin,Chambal Upper,watershed,C2ACHU06,Watershed C2ACHU06,watershed||C2ACHU06,,Ganga Basin,Chambal Upper,1013.851,3.82,100.0
subbasin,CHU,Chambal Upper,subbasin||CHU,,Ganga Basin,Chambal Upper,watershed,C2ACHU07,Watershed C2ACHU07,watershed||C2ACHU07,,Ganga Basin,Chambal Upper,1168.5871,4.4,100.0
subbasin,CHU,Chambal Upper,subbasin||CHU,,Ganga Basin,Chambal Upper,watershed,C2ACHU08,Watershed C2ACHU08,watershed||C2ACHU08,,Ganga Basin,Chambal Upper,816.2029,3.07,100.0
subbasin,CHU,Chambal Upper,subbasin||CHU,,Ganga Basin,Chambal Upper,watershed,C2ACHU09,Watershed C2ACHU09,watershed||C2ACHU09,,Ganga Basin,Chambal Upper,1016.8143,3.83,100.0
subbasin,CHU,Chambal Upper,subbasin||CHU,,Ganga Basin,Chambal Upper,watershed,C2ACHU10,Watershed C2ACHU10,watershed||C2ACHU10,,Ganga Basin,Chambal Upper,560.5143,2.11,100.0
subbasin,CHU,Chambal Upper,subbasin||CHU,,Ganga Basin,Chambal Upper,watershed,C2ACHU11,Watershed C2ACHU11,watershed||C2ACHU11,,Ganga Basin,Chambal Upper,768.5893,2.89,100.0
subbasin,CHU,Chambal Upper,subbasin||CHU,,Ganga Basin,Chambal Upper,watershed,C2ACHU12,Watershed C2ACHU12,watershed||C2ACHU12,,Ganga Basin,Chambal Upper,1257.8335,4.73,100.0
subbasin,CHU,Chambal Upper,subbasin||CHU,,Ganga Basin,Chambal Upper,watershed,C2ACHU13,Watershed C2ACHU13,watershed||C2ACHU13,,Ganga Basin,Chambal Upper,709.4521,2.67,100.0
subbasin,CHU,Chambal Upper,subbasin||CHU,,Ganga Basin,Chambal Upper,watershed,C2ACHU14,Watershed C2ACHU14,watershed||C2ACHU14,,Ganga Basin,Chambal Upper,922.5083,3.47,100.0
subbasin,CHU,Chambal Upper,subbasin||CHU,,Ganga Basin,Chambal Upper,watershed,C2ACHU15,Watershed C2ACHU15,watershed||C2ACHU15,,Ganga Basin,Chambal Upper,881.0964,3.32,100.0
subbasin,CHU,Chambal Upper,subbasin||CHU,,Ganga Basin,Chambal Upper,watershed,C2ACHU16,Watershed C2ACHU16,watershed||C2ACHU16,,Ganga Basin,Chambal Upper,642.544,2.42,100.0
subbasin,CHU,Chambal Upper,subbasin||CHU,,Ganga Basin,Chambal Upper,watershed,C2ACHU17,Watershed C2ACHU17,watershed||C2ACHU17,,Ganga Basin,Chambal Upper,721.9585,2.72,100.0
subbasin,CHU,Chambal Upper,subbasin||CHU,,Ganga Basin,Chambal Upper,watershed,C2ACHU18,Watershed C2ACHU18,watershed||C2ACHU18,,Ganga Basin,Chambal Upper,734.9135,2.77,100.0
subbasin,CHU,Chambal Upper,subbasin||CHU,,Ganga Basin,Chambal Upper,watershed,C2ACHU19,Watershed C2ACHU19,watershed||C2ACHU19,,Ganga Basin,Chambal Upper,1016.0218,3.82,100.0
subbasin,CHU,Chambal Upper,subbasin||CHU,,Ganga Basin,Chambal Upper,watershed,C2ACHU20,Watershed C2ACHU20,watershed||C2ACHU20,,Ganga Basin,Chambal Upper,608.0154,2.29,100.0
subbasin,CHU,Chambal Upper,subbasin||CHU,,Ganga Basin,Chambal Upper,watershed,C2ACHU21,Watershed C2ACHU21,watershed||C2ACHU21,,Ganga Basin,Chambal Upper,686.9625,2.59,100.0
subbasin,CHU,Chambal Upper,subbasin||CHU,,Ganga Basin,Chambal Upper,watershed,C2ACHU22,Watershed C2ACHU22,watershed||C2ACHU22,,Ganga Basin,Chambal Upper,858.8289,3.23,100.0
subbasin,CHU,Chambal Upper,subbasin||CHU,,Ganga Basin,Chambal Upper,watershed,C2ACHU23,Watershed C2ACHU23,watershed||C2ACHU23,,Ganga Basin,Chambal Upper,944.6667,3.56,100.0
subbasin,CHU,Chambal Upper,subbasin||CHU,,Ganga Basin,Chambal Upper,watershed,C2ACHU24,Watershed C2ACHU24,watershed||C2ACHU24,,Ganga Basin,Chambal Upper,544.0952,2.05,100.0
subbasin,CHU,Chambal Upper,subbasin||CHU,,Ganga Basin,Chambal Upper,watershed,C2ACHU25,Watershed C2ACHU25,watershed||C2ACHU25,,Ganga Basin,Chambal Upper,421.3726,1.59,100.0
subbasin,CHU,Chambal Upper,subbasin||CHU,,Ganga Basin,Chambal Upper,watershed,C2ACHU26,Watershed C2ACHU26,watershed||C2ACHU26,,Ganga Basin,Chambal Upper,1088.2192,4.1,100.0
subbasin,CHU,Chambal Upper,subbasin||CHU,,Ganga Basin,Chambal Upper,watershed,C2ACHU27,Watershed C2ACHU27,watershed||C2ACHU27,,Ganga Basin,Chambal Upper,1002.7326,3.77,100.0
subbasin,CHU,Chambal Upper,subbasin||CHU,,Ganga Basin,Chambal Upper,watershed,C2ACHU28,Watershed C2ACHU28,watershed||C2ACHU28,,Ganga Basin,Chambal Upper,743.1299,2.8,100.0
subbasin,CHU,Chambal Upper,subbasin||CHU,,Ganga Basin,Chambal Upper,watershed,C2ACHU29,Watershed C2ACHU29,watershed||C2ACHU29,,Ganga Basin,Chambal Upper,628.4015,2.37,100.0
subbasin,CHU,Chambal Upper,subbasin||CHU,,Ganga Basin,Chambal Upper,watershed,C2ACHU30,Watershed C2ACHU30,watershed||C2ACHU30,,Ganga Basin,Chambal Upper,1408.3396,5.3,100.0
subbasin,CHA,Chautang and others,subbasin||CHA,,Indus (Up to border) Basin,Chautang and others,watershed,A01CHA01,Watershed A01CHA01,watershed||A01CHA01,,Indus (Up to border) Basin,Chautang and others,725.4284,2.54,100.0
subbasin,CHA,Chautang and others,subbasin||CHA,,Indus (Up to border) Basin,Chautang and others,watershed,A01CHA02,Watershed A01CHA02,watershed||A01CHA02,,Indus (Up to border) Basin,Chautang and others,703.4044,2.46,100.0
subbasin,CHA,Chautang and others,subbasin||CHA,,Indus (Up to border) Basin,Chautang and others,watershed,A01CHA03,Watershed A01CHA03,watershed||A01CHA03,,Indus (Up to border) Basin,Chautang and others,688.3062,2.41,100.0
subbasin,CHA,Chautang and others,subbasin||CHA,,Indus (Up to border) Basin,Chautang and others,watershed,A01CHA04,Watershed A01CHA04,watershed||A01CHA04,,Indus (Up to border) Basin,Chautang and others,1060.0402,3.71,100.0
subbasin,CHA,Chautang and others,subbasin||CHA,,Indus (Up to border) Basin,Chautang and others,watershed,A01CHA05,Watershed A01CHA05,watershed||A01CHA05,,Indus (Up to border) Basin,Chautang and others,972.0359,3.4,100.0
subbasin,CHA,Chautang and others,subbasin||CHA,,Indus (Up to border) Basin,Chautang and others,watershed,A01CHA06,Watershed A01CHA06,watershed||A01CHA06,,Indus (Up to border) Basin,Chautang and others,868.4157,3.04,100.0
subbasin,CHA,Chautang and others,subbasin||CHA,,Indus (Up to border) Basin,Chautang and others,watershed,A01CHA07,Watershed A01CHA07,watershed||A01CHA07,,Indus (Up to border) Basin,Chautang and others,738.4252,2.58,100.0
subbasin,CHA,Chautang and others,subbasin||CHA,,Indus (Up to border) Basin,Chautang and others,watershed,A01CHA08,Watershed A01CHA08,watershed||A01CHA08,,Indus (Up to border) Basin,Chautang and others,347.277,1.21,100.0
subbasin,CHA,Chautang and others,subbasin||CHA,,Indus (Up to border) Basin,Chautang and others,watershed,A01CHA09,Watershed A01CHA09,watershed||A01CHA09,,Indus (Up to border) Basin,Chautang and others,797.4313,2.79,100.0
subbasin,CHA,Chautang and others,subbasin||CHA,,Indus (Up to border) Basin,Chautang and others,watershed,A01CHA10,Watershed A01CHA10,watershed||A01CHA10,,Indus (Up to border) Basin,Chautang and others,400.0341,1.4,100.0
subbasin,CHA,Chautang and others,subbasin||CHA,,Indus (Up to border) Basin,Chautang and others,watershed,A01CHA11,Watershed A01CHA11,watershed||A01CHA11,,Indus (Up to border) Basin,Chautang and others,530.6676,1.86,100.0
subbasin,CHA,Chautang and others,subbasin||CHA,,Indus (Up to border) Basin,Chautang and others,watershed,A01CHA12,Watershed A01CHA12,watershed||A01CHA12,,Indus (Up to border) Basin,Chautang and others,805.5273,2.82,100.0
subbasin,CHA,Chautang and others,subbasin||CHA,,Indus (Up to border) Basin,Chautang and others,watershed,A01CHA13,Watershed A01CHA13,watershed||A01CHA13,,Indus (Up to border) Basin,Chautang and others,337.4164,1.18,100.0
subbasin,CHA,Chautang and others,subbasin||CHA,,Indus (Up to border) Basin,Chautang and others,watershed,A01CHA14,Watershed A01CHA14,watershed||A01CHA14,,Indus (Up to border) Basin,Chautang and others,629.9761,2.2,100.0
subbasin,CHA,Chautang and others,subbasin||CHA,,Indus (Up to border) Basin,Chautang and others,watershed,A01CHA15,Watershed A01CHA15,watershed||A01CHA15,,Indus (Up to border) Basin,Chautang and others,647.1144,2.26,100.0
subbasin,CHA,Chautang and others,subbasin||CHA,,Indus (Up to border) Basin,Chautang and others,watershed,A01CHA16,Watershed A01CHA16,watershed||A01CHA16,,Indus (Up to border) Basin,Chautang and others,994.1933,3.48,100.0
subbasin,CHA,Chautang and others,subbasin||CHA,,Indus (Up to border) Basin,Chautang and others,watershed,A01CHA17,Watershed A01CHA17,watershed||A01CHA17,,Indus (Up to border) Basin,Chautang and others,829.4931,2.9,100.0
subbasin,CHA,Chautang and others,subbasin||CHA,,Indus (Up to border) Basin,Chautang and others,watershed,A01CHA18,Watershed A01CHA18,watershed||A01CHA18,,Indus (Up to border) Basin,Chautang and others,341.5055,1.19,100.0
subbasin,CHA,Chautang and others,subbasin||CHA,,Indus (Up to border) Basin,Chautang and others,watershed,A01CHA19,Watershed A01CHA19,watershed||A01CHA19,,Indus (Up to border) Basin,Chautang and others,839.4962,2.93,100.0
subbasin,CHA,Chautang and others,subbasin||CHA,,Indus (Up to border) Basin,Chautang and others,watershed,A01CHA20,Watershed A01CHA20,watershed||A01CHA20,,Indus (Up to border) Basin,Chautang and others,504.9836,1.77,100.0
subbasin,CHA,Chautang and others,subbasin||CHA,,Indus (Up to border) Basin,Chautang and others,watershed,A01CHA21,Watershed A01CHA21,watershed||A01CHA21,,Indus (Up to border) Basin,Chautang and others,676.8844,2.37,100.0
subbasin,CHA,Chautang and others,subbasin||CHA,,Indus (Up to border) Basin,Chautang and others,watershed,A01CHA22,Watershed A01CHA22,watershed||A01CHA22,,Indus (Up to border) Basin,Chautang and others,1451.8732,5.08,100.0
subbasin,CHA,Chautang and others,subbasin||CHA,,Indus (Up to border) Basin,Chautang and others,watershed,A01CHA23,Watershed A01CHA23,watershed||A01CHA23,,Indus (Up to border) Basin,Chautang and others,925.0737,3.23,100.0
subbasin,CHA,Chautang and others,subbasin||CHA,,Indus (Up to border) Basin,Chautang and others,watershed,A01CHA24,Watershed A01CHA24,watershed||A01CHA24,,Indus (Up to border) Basin,Chautang and others,488.6621,1.71,100.0
subbasin,CHA,Chautang and others,subbasin||CHA,,Indus (Up to border) Basin,Chautang and others,watershed,A01CHA25,Watershed A01CHA25,watershed||A01CHA25,,Indus (Up to border) Basin,Chautang and others,516.4446,1.81,100.0
subbasin,CHA,Chautang and others,subbasin||CHA,,Indus (Up to border) Basin,Chautang and others,watershed,A01CHA26,Watershed A01CHA26,watershed||A01CHA26,,Indus (Up to border) Basin,Chautang and others,753.1441,2.63,100.0
subbasin,CHA,Chautang and others,subbasin||CHA,,Indus (Up to border) Basin,Chautang and others,watershed,A01CHA27,Watershed A01CHA27,watershed||A01CHA27,,Indus (Up to border) Basin,Chautang and others,1175.9537,4.11,100.0
subbasin,CHA,Chautang and others,subbasin||CHA,,Indus (Up to border) Basin,Chautang and others,watershed,A01CHA28,Watershed A01CHA28,watershed||A01CHA28,,Indus (Up to border) Basin,Chautang and others,558.777,1.95,100.0
subbasin,CHA,Chautang and others,subbasin||CHA,,Indus (Up to border) Basin,Chautang and others,watershed,A01CHA29,Watershed A01CHA29,watershed||A01CHA29,,Indus (Up to border) Basin,Chautang and others,628.4355,2.2,100.0
subbasin,CHA,Chautang and others,subbasin||CHA,,Indus (Up to border) Basin,Chautang and others,watershed,A01CHA30,Watershed A01CHA30,watershed||A01CHA30,,Indus (Up to border) Basin,Chautang and others,938.6681,3.28,100.0
subbasin,CHA,Chautang and others,subbasin||CHA,,Indus (Up to border) Basin,Chautang and others,watershed,A01CHA31,Watershed A01CHA31,watershed||A01CHA31,,Indus (Up to border) Basin,Chautang and others,799.7768,2.8,100.0
subbasin,CHA,Chautang and others,subbasin||CHA,,Indus (Up to border) Basin,Chautang and others,watershed,A01CHA32,Watershed A01CHA32,watershed||A01CHA32,,Indus (Up to border) Basin,Chautang and others,604.0581,2.11,100.0
subbasin,CHA,Chautang and others,subbasin||CHA,,Indus (Up to border) Basin,Chautang and others,watershed,A01CHA33,Watershed A01CHA33,watershed||A01CHA33,,Indus (Up to border) Basin,Chautang and others,956.1465,3.34,100.0
subbasin,CHA,Chautang and others,subbasin||CHA,,Indus (Up to border) Basin,Chautang and others,watershed,A01CHA34,Watershed A01CHA34,watershed||A01CHA34,,Indus (Up to border) Basin,Chautang and others,728.4964,2.55,100.0
subbasin,CHA,Chautang and others,subbasin||CHA,,Indus (Up to border) Basin,Chautang and others,watershed,A01CHA35,Watershed A01CHA35,watershed||A01CHA35,,Indus (Up to border) Basin,Chautang and others,507.6409,1.77,100.0
subbasin,CHA,Chautang and others,subbasin||CHA,,Indus (Up to border) Basin,Chautang and others,watershed,A01CHA36,Watershed A01CHA36,watershed||A01CHA36,,Indus (Up to border) Basin,Chautang and others,463.595,1.62,100.0
subbasin,CHA,Chautang and others,subbasin||CHA,,Indus (Up to border) Basin,Chautang and others,watershed,A01CHA37,Watershed A01CHA37,watershed||A01CHA37,,Indus (Up to border) Basin,Chautang and others,1160.4034,4.06,100.0
subbasin,CHA,Chautang and others,subbasin||CHA,,Indus (Up to border) Basin,Chautang and others,watershed,A01CHA38,Watershed A01CHA38,watershed||A01CHA38,,Indus (Up to border) Basin,Chautang and others,561.1912,1.96,100.0
subbasin,CHA,Chautang and others,subbasin||CHA,,Indus (Up to border) Basin,Chautang and others,watershed,A01CHA39,Watershed A01CHA39,watershed||A01CHA39,,Indus (Up to border) Basin,Chautang and others,950.9617,3.32,100.0
subbasin,CHE,Chenab,subbasin||CHE,,Indus (Up to border) Basin,Chenab,watershed,A01CHE01,Watershed A01CHE01,watershed||A01CHE01,,Indus (Up to border) Basin,Chenab,711.5852,2.34,100.0
subbasin,CHE,Chenab,subbasin||CHE,,Indus (Up to border) Basin,Chenab,watershed,A01CHE02,Watershed A01CHE02,watershed||A01CHE02,,Indus (Up to border) Basin,Chenab,648.0828,2.13,100.0
subbasin,CHE,Chenab,subbasin||CHE,,Indus (Up to border) Basin,Chenab,watershed,A01CHE03,Watershed A01CHE03,watershed||A01CHE03,,Indus (Up to border) Basin,Chenab,508.7645,1.67,100.0
subbasin,CHE,Chenab,subbasin||CHE,,Indus (Up to border) Basin,Chenab,watershed,A01CHE04,Watershed A01CHE04,watershed||A01CHE04,,Indus (Up to border) Basin,Chenab,527.6242,1.74,100.0
subbasin,CHE,Chenab,subbasin||CHE,,Indus (Up to border) Basin,Chenab,watershed,A01CHE05,Watershed A01CHE05,watershed||A01CHE05,,Indus (Up to border) Basin,Chenab,694.4603,2.29,100.0
subbasin,CHE,Chenab,subbasin||CHE,,Indus (Up to border) Basin,Chenab,watershed,A01CHE06,Watershed A01CHE06,watershed||A01CHE06,,Indus (Up to border) Basin,Chenab,962.463,3.17,100.0
subbasin,CHE,Chenab,subbasin||CHE,,Indus (Up to border) Basin,Chenab,watershed,A01CHE07,Watershed A01CHE07,watershed||A01CHE07,,Indus (Up to border) Basin,Chenab,877.6664,2.89,100.0
subbasin,CHE,Chenab,subbasin||CHE,,Indus (Up to border) Basin,Chenab,watershed,A01CHE08,Watershed A01CHE08,watershed||A01CHE08,,Indus (Up to border) Basin,Chenab,549.0887,1.81,100.0
subbasin,CHE,Chenab,subbasin||CHE,,Indus (Up to border) Basin,Chenab,watershed,A01CHE09,Watershed A01CHE09,watershed||A01CHE09,,Indus (Up to border) Basin,Chenab,417.1393,1.37,100.0
subbasin,CHE,Chenab,subbasin||CHE,,Indus (Up to border) Basin,Chenab,watershed,A01CHE10,Watershed A01CHE10,watershed||A01CHE10,,Indus (Up to border) Basin,Chenab,732.7219,2.41,100.0
subbasin,CHE,Chenab,subbasin||CHE,,Indus (Up to border) Basin,Chenab,watershed,A01CHE11,Watershed A01CHE11,watershed||A01CHE11,,Indus (Up to border) Basin,Chenab,681.0469,2.24,100.0
subbasin,CHE,Chenab,subbasin||CHE,,Indus (Up to border) Basin,Chenab,watershed,A01CHE12,Watershed A01CHE12,watershed||A01CHE12,,Indus (Up to border) Basin,Chenab,777.1893,2.56,100.0
subbasin,CHE,Chenab,subbasin||CHE,,Indus (Up to border) Basin,Chenab,watershed,A01CHE13,Watershed A01CHE13,watershed||A01CHE13,,Indus (Up to border) Basin,Chenab,422.2248,1.39,100.0
subbasin,CHE,Chenab,subbasin||CHE,,Indus (Up to border) Basin,Chenab,watershed,A01CHE14,Watershed A01CHE14,watershed||A01CHE14,,Indus (Up to border) Basin,Chenab,538.2158,1.77,100.0
subbasin,CHE,Chenab,subbasin||CHE,,Indus (Up to border) Basin,Chenab,watershed,A01CHE15,Watershed A01CHE15,watershed||A01CHE15,,Indus (Up to border) Basin,Chenab,706.1257,2.32,100.0
subbasin,CHE,Chenab,subbasin||CHE,,Indus (Up to border) Basin,Chenab,watershed,A01CHE16,Watershed A01CHE16,watershed||A01CHE16,,Indus (Up to border) Basin,Chenab,641.0803,2.11,100.0
subbasin,CHE,Chenab,subbasin||CHE,,Indus (Up to border) Basin,Chenab,watershed,A01CHE17,Watershed A01CHE17,watershed||A01CHE17,,Indus (Up to border) Basin,Chenab,585.2429,1.93,100.0
subbasin,CHE,Chenab,subbasin||CHE,,Indus (Up to border) Basin,Chenab,watershed,A01CHE18,Watershed A01CHE18,watershed||A01CHE18,,Indus (Up to border) Basin,Chenab,803.3129,2.64,100.0
subbasin,CHE,Chenab,subbasin||CHE,,Indus (Up to border) Basin,Chenab,watershed,A01CHE19,Watershed A01CHE19,watershed||A01CHE19,,Indus (Up to border) Basin,Chenab,671.0119,2.21,100.0
subbasin,CHE,Chenab,subbasin||CHE,,Indus (Up to border) Basin,Chenab,watershed,A01CHE20,Watershed A01CHE20,watershed||A01CHE20,,Indus (Up to border) Basin,Chenab,684.722,2.25,100.0
subbasin,CHE,Chenab,subbasin||CHE,,Indus (Up to border) Basin,Chenab,watershed,A01CHE21,Watershed A01CHE21,watershed||A01CHE21,,Indus (Up to border) Basin,Chenab,717.7927,2.36,100.0
subbasin,CHE,Chenab,subbasin||CHE,,Indus (Up to border) Basin,Chenab,watershed,A01CHE22,Watershed A01CHE22,watershed||A01CHE22,,Indus (Up to border) Basin,Chenab,550.4128,1.81,100.0
subbasin,CHE,Chenab,subbasin||CHE,,Indus (Up to border) Basin,Chenab,watershed,A01CHE23,Watershed A01CHE23,watershed||A01CHE23,,Indus (Up to border) Basin,Chenab,788.7483,2.6,100.0
subbasin,CHE,Chenab,subbasin||CHE,,Indus (Up to border) Basin,Chenab,watershed,A01CHE24,Watershed A01CHE24,watershed||A01CHE24,,Indus (Up to border) Basin,Chenab,434.9249,1.43,100.0
subbasin,CHE,Chenab,subbasin||CHE,,Indus (Up to border) Basin,Chenab,watershed,A01CHE25,Watershed A01CHE25,watershed||A01CHE25,,Indus (Up to border) Basin,Chenab,579.7171,1.91,100.0
subbasin,CHE,Chenab,subbasin||CHE,,Indus (Up to border) Basin,Chenab,watershed,A01CHE26,Watershed A01CHE26,watershed||A01CHE26,,Indus (Up to border) Basin,Chenab,424.4049,1.4,100.0
subbasin,CHE,Chenab,subbasin||CHE,,Indus (Up to border) Basin,Chenab,watershed,A01CHE27,Watershed A01CHE27,watershed||A01CHE27,,Indus (Up to border) Basin,Chenab,499.5279,1.64,100.0
subbasin,CHE,Chenab,subbasin||CHE,,Indus (Up to border) Basin,Chenab,watershed,A01CHE28,Watershed A01CHE28,watershed||A01CHE28,,Indus (Up to border) Basin,Chenab,866.3512,2.85,100.0
subbasin,CHE,Chenab,subbasin||CHE,,Indus (Up to border) Basin,Chenab,watershed,A01CHE29,Watershed A01CHE29,watershed||A01CHE29,,Indus (Up to border) Basin,Chenab,344.683,1.13,100.0
subbasin,CHE,Chenab,subbasin||CHE,,Indus (Up to border) Basin,Chenab,watershed,A01CHE30,Watershed A01CHE30,watershed||A01CHE30,,Indus (Up to border) Basin,Chenab,652.1198,2.15,100.0
subbasin,CHE,Chenab,subbasin||CHE,,Indus (Up to border) Basin,Chenab,watershed,A01CHE31,Watershed A01CHE31,watershed||A01CHE31,,Indus (Up to border) Basin,Chenab,630.9646,2.08,100.0
subbasin,CHE,Chenab,subbasin||CHE,,Indus (Up to border) Basin,Chenab,watershed,A01CHE32,Watershed A01CHE32,watershed||A01CHE32,,Indus (Up to border) Basin,Chenab,798.0322,2.63,100.0
subbasin,CHE,Chenab,subbasin||CHE,,Indus (Up to border) Basin,Chenab,watershed,A01CHE33,Watershed A01CHE33,watershed||A01CHE33,,Indus (Up to border) Basin,Chenab,573.147,1.89,100.0
subbasin,CHE,Chenab,subbasin||CHE,,Indus (Up to border) Basin,Chenab,watershed,A01CHE34,Watershed A01CHE34,watershed||A01CHE34,,Indus (Up to border) Basin,Chenab,789.973,2.6,100.0
subbasin,CHE,Chenab,subbasin||CHE,,Indus (Up to border) Basin,Chenab,watershed,A01CHE35,Watershed A01CHE35,watershed||A01CHE35,,Indus (Up to border) Basin,Chenab,606.0219,1.99,100.0
subbasin,CHE,Chenab,subbasin||CHE,,Indus (Up to border) Basin,Chenab,watershed,A01CHE36,Watershed A01CHE36,watershed||A01CHE36,,Indus (Up to border) Basin,Chenab,715.0731,2.35,100.0
subbasin,CHE,Chenab,subbasin||CHE,,Indus (Up to border) Basin,Chenab,watershed,A01CHE37,Watershed A01CHE37,watershed||A01CHE37,,Indus (Up to border) Basin,Chenab,485.9969,1.6,100.0
subbasin,CHE,Chenab,subbasin||CHE,,Indus (Up to border) Basin,Chenab,watershed,A01CHE38,Watershed A01CHE38,watershed||A01CHE38,,Indus (Up to border) Basin,Chenab,950.1156,3.13,100.0
subbasin,CHE,Chenab,subbasin||CHE,,Indus (Up to border) Basin,Chenab,watershed,A01CHE39,Watershed A01CHE39,watershed||A01CHE39,,Indus (Up to border) Basin,Chenab,1143.9407,3.76,100.0
subbasin,CHE,Chenab,subbasin||CHE,,Indus (Up to border) Basin,Chenab,watershed,A01CHE40,Watershed A01CHE40,watershed||A01CHE40,,Indus (Up to border) Basin,Chenab,771.4972,2.54,100.0
subbasin,CHE,Chenab,subbasin||CHE,,Indus (Up to border) Basin,Chenab,watershed,A01CHE41,Watershed A01CHE41,watershed||A01CHE41,,Indus (Up to border) Basin,Chenab,454.4813,1.5,100.0
subbasin,CHE,Chenab,subbasin||CHE,,Indus (Up to border) Basin,Chenab,watershed,A01CHE42,Watershed A01CHE42,watershed||A01CHE42,,Indus (Up to border) Basin,Chenab,362.6493,1.19,100.0
subbasin,CHE,Chenab,subbasin||CHE,,Indus (Up to border) Basin,Chenab,watershed,A01CHE43,Watershed A01CHE43,watershed||A01CHE43,,Indus (Up to border) Basin,Chenab,666.1564,2.19,100.0
subbasin,CHE,Chenab,subbasin||CHE,,Indus (Up to border) Basin,Chenab,watershed,A01CHE44,Watershed A01CHE44,watershed||A01CHE44,,Indus (Up to border) Basin,Chenab,570.4082,1.88,100.0
subbasin,CHE,Chenab,subbasin||CHE,,Indus (Up to border) Basin,Chenab,watershed,A01CHE45,Watershed A01CHE45,watershed||A01CHE45,,Indus (Up to border) Basin,Chenab,327.8953,1.08,100.0
subbasin,CHE,Chenab,subbasin||CHE,,Indus (Up to border) Basin,Chenab,watershed,A01CHE46,Watershed A01CHE46,watershed||A01CHE46,,Indus (Up to border) Basin,Chenab,368.2169,1.21,100.0
subbasin,CHE,Chenab,subbasin||CHE,,Indus (Up to border) Basin,Chenab,watershed,A01CHE47,Watershed A01CHE47,watershed||A01CHE47,,Indus (Up to border) Basin,Chenab,621.3598,2.04,100.0
subbasin,CHE,Chenab,subbasin||CHE,,Indus (Up to border) Basin,Chenab,watershed,A01CHE48,Watershed A01CHE48,watershed||A01CHE48,,Indus (Up to border) Basin,Chenab,550.2935,1.81,100.0
subbasin,CHR,Churu,subbasin||CHR,,Indus (Up to border) Basin,Churu,watershed,A01CHR01,Watershed A01CHR01,watershed||A01CHR01,,Indus (Up to border) Basin,Churu,753.3824,1.09,100.0
subbasin,CHR,Churu,subbasin||CHR,,Indus (Up to border) Basin,Churu,watershed,A01CHR02,Watershed A01CHR02,watershed||A01CHR02,,Indus (Up to border) Basin,Churu,880.9487,1.27,100.0
subbasin,CHR,Churu,subbasin||CHR,,Indus (Up to border) Basin,Churu,watershed,A01CHR03,Watershed A01CHR03,watershed||A01CHR03,,Indus (Up to border) Basin,Churu,983.9983,1.42,100.0
subbasin,CHR,Churu,subbasin||CHR,,Indus (Up to border) Basin,Churu,watershed,A01CHR04,Watershed A01CHR04,watershed||A01CHR04,,Indus (Up to border) Basin,Churu,577.6078,0.83,100.0
subbasin,CHR,Churu,subbasin||CHR,,Indus (Up to border) Basin,Churu,watershed,A01CHR05,Watershed A01CHR05,watershed||A01CHR05,,Indus (Up to border) Basin,Churu,886.4654,1.28,100.0
subbasin,CHR,Churu,subbasin||CHR,,Indus (Up to border) Basin,Churu,watershed,A01CHR06,Watershed A01CHR06,watershed||A01CHR06,,Indus (Up to border) Basin,Churu,689.6284,1.0,100.0
subbasin,CHR,Churu,subbasin||CHR,,Indus (Up to border) Basin,Churu,watershed,A01CHR07,Watershed A01CHR07,watershed||A01CHR07,,Indus (Up to border) Basin,Churu,671.461,0.97,100.0
subbasin,CHR,Churu,subbasin||CHR,,Indus (Up to border) Basin,Churu,watershed,A01CHR08,Watershed A01CHR08,watershed||A01CHR08,,Indus (Up to border) Basin,Churu,659.0138,0.95,100.0
subbasin,CHR,Churu,subbasin||CHR,,Indus (Up to border) Basin,Churu,watershed,A01CHR09,Watershed A01CHR09,watershed||A01CHR09,,Indus (Up to border) Basin,Churu,679.3787,0.98,100.0
subbasin,CHR,Churu,subbasin||CHR,,Indus (Up to border) Basin,Churu,watershed,A01CHR10,Watershed A01CHR10,watershed||A01CHR10,,Indus (Up to border) Basin,Churu,571.1862,0.82,100.0
subbasin,CHR,Churu,subbasin||CHR,,Indus (Up to border) Basin,Churu,watershed,A01CHR11,Watershed A01CHR11,watershed||A01CHR11,,Indus (Up to border) Basin,Churu,576.2629,0.83,100.0
subbasin,CHR,Churu,subbasin||CHR,,Indus (Up to border) Basin,Churu,watershed,A01CHR12,Watershed A01CHR12,watershed||A01CHR12,,Indus (Up to border) Basin,Churu,553.1301,0.8,100.0
subbasin,CHR,Churu,subbasin||CHR,,Indus (Up to border) Basin,Churu,watershed,A01CHR13,Watershed A01CHR13,watershed||A01CHR13,,Indus (Up to border) Basin,Churu,1058.632,1.53,100.0
subbasin,CHR,Churu,subbasin||CHR,,Indus (Up to border) Basin,Churu,watershed,A01CHR14,Watershed A01CHR14,watershed||A01CHR14,,Indus (Up to border) Basin,Churu,1128.8183,1.63,100.0
subbasin,CHR,Churu,subbasin||CHR,,Indus (Up to border) Basin,Churu,watershed,A01CHR15,Watershed A01CHR15,watershed||A01CHR15,,Indus (Up to border) Basin,Churu,1172.0984,1.69,100.0
subbasin,CHR,Churu,subbasin||CHR,,Indus (Up to border) Basin,Churu,watershed,A01CHR16,Watershed A01CHR16,watershed||A01CHR16,,Indus (Up to border) Basin,Churu,649.0795,0.94,100.0
subbasin,CHR,Churu,subbasin||CHR,,Indus (Up to border) Basin,Churu,watershed,A01CHR17,Watershed A01CHR17,watershed||A01CHR17,,Indus (Up to border) Basin,Churu,1074.6271,1.55,100.0
subbasin,CHR,Churu,subbasin||CHR,,Indus (Up to border) Basin,Churu,watershed,A01CHR18,Watershed A01CHR18,watershed||A01CHR18,,Indus (Up to border) Basin,Churu,636.3834,0.92,100.0
subbasin,CHR,Churu,subbasin||CHR,,Indus (Up to border) Basin,Churu,watershed,A01CHR19,Watershed A01CHR19,watershed||A01CHR19,,Indus (Up to border) Basin,Churu,855.7853,1.24,100.0
subbasin,CHR,Churu,subbasin||CHR,,Indus (Up to border) Basin,Churu,watershed,A01CHR20,Watershed A01CHR20,watershed||A01CHR20,,Indus (Up to border) Basin,Churu,865.9008,1.25,100.0
subbasin,CHR,Churu,subbasin||CHR,,Indus (Up to border) Basin,Churu,watershed,A01CHR21,Watershed A01CHR21,watershed||A01CHR21,,Indus (Up to border) Basin,Churu,1139.7195,1.65,100.0
subbasin,CHR,Churu,subbasin||CHR,,Indus (Up to border) Basin,Churu,watershed,A01CHR22,Watershed A01CHR22,watershed||A01CHR22,,Indus (Up to border) Basin,Churu,898.4975,1.3,100.0
subbasin,CHR,Churu,subbasin||CHR,,Indus (Up to border) Basin,Churu,watershed,A01CHR23,Watershed A01CHR23,watershed||A01CHR23,,Indus (Up to border) Basin,Churu,741.8612,1.07,100.0
subbasin,CHR,Churu,subbasin||CHR,,Indus (Up to border) Basin,Churu,watershed,A01CHR24,Watershed A01CHR24,watershed||A01CHR24,,Indus (Up to border) Basin,Churu,1077.4341,1.56,100.0
subbasin,CHR,Churu,subbasin||CHR,,Indus (Up to border) Basin,Churu,watershed,A01CHR25,Watershed A01CHR25,watershed||A01CHR25,,Indus (Up to border) Basin,Churu,508.2584,0.73,100.0
subbasin,CHR,Churu,subbasin||CHR,,Indus (Up to border) Basin,Churu,watershed,A01CHR26,Watershed A01CHR26,watershed||A01CHR26,,Indus (Up to border) Basin,Churu,556.4429,0.8,100.0
subbasin,CHR,Churu,subbasin||CHR,,Indus (Up to border) Basin,Churu,watershed,A01CHR27,Watershed A01CHR27,watershed||A01CHR27,,Indus (Up to border) Basin,Churu,756.3886,1.09,100.0
subbasin,CHR,Churu,subbasin||CHR,,Indus (Up to border) Basin,Churu,watershed,A01CHR28,Watershed A01CHR28,watershed||A01CHR28,,Indus (Up to border) Basin,Churu,573.1618,0.83,100.0
subbasin,CHR,Churu,subbasin||CHR,,Indus (Up to border) Basin,Churu,watershed,A01CHR29,Watershed A01CHR29,watershed||A01CHR29,,Indus (Up to border) Basin,Churu,548.7601,0.79,100.0
subbasin,CHR,Churu,subbasin||CHR,,Indus (Up to border) Basin,Churu,watershed,A01CHR30,Watershed A01CHR30,watershed||A01CHR30,,Indus (Up to border) Basin,Churu,613.5211,0.89,100.0
subbasin,CHR,Churu,subbasin||CHR,,Indus (Up to border) Basin,Churu,watershed,A01CHR31,Watershed A01CHR31,watershed||A01CHR31,,Indus (Up to border) Basin,Churu,915.0157,1.32,100.0
subbasin,CHR,Churu,subbasin||CHR,,Indus (Up to border) Basin,Churu,watershed,A01CHR32,Watershed A01CHR32,watershed||A01CHR32,,Indus (Up to border) Basin,Churu,458.7223,0.66,100.0
subbasin,CHR,Churu,subbasin||CHR,,Indus (Up to border) Basin,Churu,watershed,A01CHR33,Watershed A01CHR33,watershed||A01CHR33,,Indus (Up to border) Basin,Churu,857.951,1.24,100.0
subbasin,CHR,Churu,subbasin||CHR,,Indus (Up to border) Basin,Churu,watershed,A01CHR34,Watershed A01CHR34,watershed||A01CHR34,,Indus (Up to border) Basin,Churu,918.0661,1.33,100.0
subbasin,CHR,Churu,subbasin||CHR,,Indus (Up to border) Basin,Churu,watershed,A01CHR35,Watershed A01CHR35,watershed||A01CHR35,,Indus (Up to border) Basin,Churu,511.0444,0.74,100.0
subbasin,CHR,Churu,subbasin||CHR,,Indus (Up to border) Basin,Churu,watershed,A01CHR36,Watershed A01CHR36,watershed||A01CHR36,,Indus (Up to border) Basin,Churu,805.2287,1.16,100.0
subbasin,CHR,Churu,subbasin||CHR,,Indus (Up to border) Basin,Churu,watershed,A01CHR37,Watershed A01CHR37,watershed||A01CHR37,,Indus (Up to border) Basin,Churu,1280.2146,1.85,100.0
subbasin,CHR,Churu,subbasin||CHR,,Indus (Up to border) Basin,Churu,watershed,A01CHR38,Watershed A01CHR38,watershed||A01CHR38,,Indus (Up to border) Basin,Churu,835.4979,1.21,100.0
subbasin,CHR,Churu,subbasin||CHR,,Indus (Up to border) Basin,Churu,watershed,A01CHR39,Watershed A01CHR39,watershed||A01CHR39,,Indus (Up to border) Basin,Churu,809.8182,1.17,100.0
subbasin,CHR,Churu,subbasin||CHR,,Indus (Up to border) Basin,Churu,watershed,A01CHR40,Watershed A01CHR40,watershed||A01CHR40,,Indus (Up to border) Basin,Churu,574.2846,0.83,100.0
subbasin,CHR,Churu,subbasin||CHR,,Indus (Up to border) Basin,Churu,watershed,A01CHR41,Watershed A01CHR41,watershed||A01CHR41,,Indus (Up to border) Basin,Churu,810.3183,1.17,100.0
subbasin,CHR,Churu,subbasin||CHR,,Indus (Up to border) Basin,Churu,watershed,A01CHR42,Watershed A01CHR42,watershed||A01CHR42,,Indus (Up to border) Basin,Churu,696.6605,1.01,100.0
subbasin,CHR,Churu,subbasin||CHR,,Indus (Up to border) Basin,Churu,watershed,A01CHR43,Watershed A01CHR43,watershed||A01CHR43,,Indus (Up to border) Basin,Churu,590.573,0.85,100.0
subbasin,CHR,Churu,subbasin||CHR,,Indus (Up to border) Basin,Churu,watershed,A01CHR44,Watershed A01CHR44,watershed||A01CHR44,,Indus (Up to border) Basin,Churu,605.3546,0.87,100.0
subbasin,CHR,Churu,subbasin||CHR,,Indus (Up to border) Basin,Churu,watershed,A01CHR45,Watershed A01CHR45,watershed||A01CHR45,,Indus (Up to border) Basin,Churu,995.3156,1.44,100.0
subbasin,CHR,Churu,subbasin||CHR,,Indus (Up to border) Basin,Churu,watershed,A01CHR46,Watershed A01CHR46,watershed||A01CHR46,,Indus (Up to border) Basin,Churu,572.0553,0.83,100.0
subbasin,CHR,Churu,subbasin||CHR,,Indus (Up to border) Basin,Churu,watershed,A01CHR47,Watershed A01CHR47,watershed||A01CHR47,,Indus (Up to border) Basin,Churu,785.0326,1.13,100.0
subbasin,CHR,Churu,subbasin||CHR,,Indus (Up to border) Basin,Churu,watershed,A01CHR48,Watershed A01CHR48,watershed||A01CHR48,,Indus (Up to border) Basin,Churu,497.7675,0.72,100.0
subbasin,CHR,Churu,subbasin||CHR,,Indus (Up to border) Basin,Churu,watershed,A01CHR49,Watershed A01CHR49,watershed||A01CHR49,,Indus (Up to border) Basin,Churu,795.8973,1.15,100.0
subbasin,CHR,Churu,subbasin||CHR,,Indus (Up to border) Basin,Churu,watershed,A01CHR50,Watershed A01CHR50,watershed||A01CHR50,,Indus (Up to border) Basin,Churu,858.0136,1.24,100.0
subbasin,CHR,Churu,subbasin||CHR,,Indus (Up to border) Basin,Churu,watershed,A01CHR51,Watershed A01CHR51,watershed||A01CHR51,,Indus (Up to border) Basin,Churu,716.8535,1.04,100.0
subbasin,CHR,Churu,subbasin||CHR,,Indus (Up to border) Basin,Churu,watershed,A01CHR52,Watershed A01CHR52,watershed||A01CHR52,,Indus (Up to border) Basin,Churu,571.0829,0.82,100.0
subbasin,CHR,Churu,subbasin||CHR,,Indus (Up to border) Basin,Churu,watershed,A01CHR53,Watershed A01CHR53,watershed||A01CHR53,,Indus (Up to border) Basin,Churu,606.7573,0.88,100.0
subbasin,CHR,Churu,subbasin||CHR,,Indus (Up to border) Basin,Churu,watershed,A01CHR54,Watershed A01CHR54,watershed||A01CHR54,,Indus (Up to border) Basin,Churu,821.0981,1.19,100.0
subbasin,CHR,Churu,subbasin||CHR,,Indus (Up to border) Basin,Churu,watershed,A01CHR55,Watershed A01CHR55,watershed||A01CHR55,,Indus (Up to border) Basin,Churu,894.0521,1.29,100.0
subbasin,CHR,Churu,subbasin||CHR,,Indus (Up to border) Basin,Churu,watershed,A01CHR56,Watershed A01CHR56,watershed||A01CHR56,,Indus (Up to border) Basin,Churu,547.6683,0.79,100.0
subbasin,CHR,Churu,subbasin||CHR,,Indus (Up to border) Basin,Churu,watershed,A01CHR57,Watershed A01CHR57,watershed||A01CHR57,,Indus (Up to border) Basin,Churu,800.9137,1.16,100.0
subbasin,CHR,Churu,subbasin||CHR,,Indus (Up to border) Basin,Churu,watershed,A01CHR58,Watershed A01CHR58,watershed||A01CHR58,,Indus (Up to border) Basin,Churu,583.5816,0.84,100.0
subbasin,CHR,Churu,subbasin||CHR,,Indus (Up to border) Basin,Churu,watershed,A01CHR59,Watershed A01CHR59,watershed||A01CHR59,,Indus (Up to border) Basin,Churu,826.8024,1.19,100.0
subbasin,CHR,Churu,subbasin||CHR,,Indus (Up to border) Basin,Churu,watershed,A01CHR60,Watershed A01CHR60,watershed||A01CHR60,,Indus (Up to border) Basin,Churu,781.7519,1.13,100.0
subbasin,CHR,Churu,subbasin||CHR,,Indus (Up to border) Basin,Churu,watershed,A01CHR61,Watershed A01CHR61,watershed||A01CHR61,,Indus (Up to border) Basin,Churu,921.3115,1.33,100.0
subbasin,CHR,Churu,subbasin||CHR,,Indus (Up to border) Basin,Churu,watershed,A01CHR62,Watershed A01CHR62,watershed||A01CHR62,,Indus (Up to border) Basin,Churu,822.8609,1.19,100.0
subbasin,CHR,Churu,subbasin||CHR,,Indus (Up to border) Basin,Churu,watershed,A01CHR63,Watershed A01CHR63,watershed||A01CHR63,,Indus (Up to border) Basin,Churu,563.6286,0.81,100.0
subbasin,CHR,Churu,subbasin||CHR,,Indus (Up to border) Basin,Churu,watershed,A01CHR64,Watershed A01CHR64,watershed||A01CHR64,,Indus (Up to border) Basin,Churu,431.6782,0.62,100.0
subbasin,CHR,Churu,subbasin||CHR,,Indus (Up to border) Basin,Churu,watershed,A01CHR65,Watershed A01CHR65,watershed||A01CHR65,,Indus (Up to border) Basin,Churu,453.4172,0.65,100.0
subbasin,CHR,Churu,subbasin||CHR,,Indus (Up to border) Basin,Churu,watershed,A01CHR66,Watershed A01CHR66,watershed||A01CHR66,,Indus (Up to border) Basin,Churu,471.6232,0.68,100.0
subbasin,CHR,Churu,subbasin||CHR,,Indus (Up to border) Basin,Churu,watershed,A01CHR67,Watershed A01CHR67,watershed||A01CHR67,,Indus (Up to border) Basin,Churu,471.598,0.68,100.0
subbasin,CHR,Churu,subbasin||CHR,,Indus (Up to border) Basin,Churu,watershed,A01CHR68,Watershed A01CHR68,watershed||A01CHR68,,Indus (Up to border) Basin,Churu,951.3432,1.37,100.0
subbasin,CHR,Churu,subbasin||CHR,,Indus (Up to border) Basin,Churu,watershed,A01CHR69,Watershed A01CHR69,watershed||A01CHR69,,Indus (Up to border) Basin,Churu,838.8505,1.21,100.0
subbasin,CHR,Churu,subbasin||CHR,,Indus (Up to border) Basin,Churu,watershed,A01CHR70,Watershed A01CHR70,watershed||A01CHR70,,Indus (Up to border) Basin,Churu,473.5823,0.68,100.0
subbasin,CHR,Churu,subbasin||CHR,,Indus (Up to border) Basin,Churu,watershed,A01CHR71,Watershed A01CHR71,watershed||A01CHR71,,Indus (Up to border) Basin,Churu,464.3061,0.67,100.0
subbasin,CHR,Churu,subbasin||CHR,,Indus (Up to border) Basin,Churu,watershed,A01CHR72,Watershed A01CHR72,watershed||A01CHR72,,Indus (Up to border) Basin,Churu,915.9135,1.32,100.0
subbasin,CHR,Churu,subbasin||CHR,,Indus (Up to border) Basin,Churu,watershed,A01CHR73,Watershed A01CHR73,watershed||A01CHR73,,Indus (Up to border) Basin,Churu,927.3216,1.34,100.0
subbasin,CHR,Churu,subbasin||CHR,,Indus (Up to border) Basin,Churu,watershed,A01CHR74,Watershed A01CHR74,watershed||A01CHR74,,Indus (Up to border) Basin,Churu,826.3247,1.19,100.0
subbasin,CHR,Churu,subbasin||CHR,,Indus (Up to border) Basin,Churu,watershed,A01CHR75,Watershed A01CHR75,watershed||A01CHR75,,Indus (Up to border) Basin,Churu,484.1859,0.7,100.0
subbasin,CHR,Churu,subbasin||CHR,,Indus (Up to border) Basin,Churu,watershed,A01CHR76,Watershed A01CHR76,watershed||A01CHR76,,Indus (Up to border) Basin,Churu,484.3928,0.7,100.0
subbasin,CHR,Churu,subbasin||CHR,,Indus (Up to border) Basin,Churu,watershed,A01CHR77,Watershed A01CHR77,watershed||A01CHR77,,Indus (Up to border) Basin,Churu,1176.5885,1.7,100.0
subbasin,CHR,Churu,subbasin||CHR,,Indus (Up to border) Basin,Churu,watershed,A01CHR78,Watershed A01CHR78,watershed||A01CHR78,,Indus (Up to border) Basin,Churu,572.5844,0.83,100.0
subbasin,CHR,Churu,subbasin||CHR,,Indus (Up to border) Basin,Churu,watershed,A01CHR79,Watershed A01CHR79,watershed||A01CHR79,,Indus (Up to border) Basin,Churu,472.3346,0.68,100.0
subbasin,CHR,Churu,subbasin||CHR,,Indus (Up to border) Basin,Churu,watershed,A01CHR80,Watershed A01CHR80,watershed||A01CHR80,,Indus (Up to border) Basin,Churu,473.9195,0.68,100.0
subbasin,CHR,Churu,subbasin||CHR,,Indus (Up to border) Basin,Churu,watershed,A01CHR81,Watershed A01CHR81,watershed||A01CHR81,,Indus (Up to border) Basin,Churu,637.5472,0.92,100.0
subbasin,CHR,Churu,subbasin||CHR,,Indus (Up to border) Basin,Churu,watershed,A01CHR82,Watershed A01CHR82,watershed||A01CHR82,,Indus (Up to border) Basin,Churu,705.6347,1.02,100.0
subbasin,CHR,Churu,subbasin||CHR,,Indus (Up to border) Basin,Churu,watershed,A01CHR83,Watershed A01CHR83,watershed||A01CHR83,,Indus (Up to border) Basin,Churu,568.4974,0.82,100.0
subbasin,CHR,Churu,subbasin||CHR,,Indus (Up to border) Basin,Churu,watershed,A01CHR84,Watershed A01CHR84,watershed||A01CHR84,,Indus (Up to border) Basin,Churu,805.0467,1.16,100.0
subbasin,CHR,Churu,subbasin||CHR,,Indus (Up to border) Basin,Churu,watershed,A01CHR85,Watershed A01CHR85,watershed||A01CHR85,,Indus (Up to border) Basin,Churu,822.1587,1.19,100.0
subbasin,CHR,Churu,subbasin||CHR,,Indus (Up to border) Basin,Churu,watershed,A01CHR86,Watershed A01CHR86,watershed||A01CHR86,,Indus (Up to border) Basin,Churu,476.7547,0.69,100.0
subbasin,CHR,Churu,subbasin||CHR,,Indus (Up to border) Basin,Churu,watershed,A01CHR87,Watershed A01CHR87,watershed||A01CHR87,,Indus (Up to border) Basin,Churu,781.0342,1.13,100.0
subbasin,CHR,Churu,subbasin||CHR,,Indus (Up to border) Basin,Churu,watershed,A01CHR88,Watershed A01CHR88,watershed||A01CHR88,,Indus (Up to border) Basin,Churu,555.9574,0.8,100.0
subbasin,CHR,Churu,subbasin||CHR,,Indus (Up to border) Basin,Churu,watershed,A01CHR89,Watershed A01CHR89,watershed||A01CHR89,,Indus (Up to border) Basin,Churu,552.5726,0.8,100.0
subbasin,CHR,Churu,subbasin||CHR,,Indus (Up to border) Basin,Churu,watershed,A01CHR90,Watershed A01CHR90,watershed||A01CHR90,,Indus (Up to border) Basin,Churu,773.5179,1.12,100.0
subbasin,CHR,Churu,subbasin||CHR,,Indus (Up to border) Basin,Churu,watershed,A01CHR91,Watershed A01CHR91,watershed||A01CHR91,,Indus (Up to border) Basin,Churu,1131.8031,1.63,100.0
subbasin,CHR,Churu,subbasin||CHR,,Indus (Up to border) Basin,Churu,watershed,A01CHR92,Watershed A01CHR92,watershed||A01CHR92,,Indus (Up to border) Basin,Churu,492.8897,0.71,100.0
subbasin,CHR,Churu,subbasin||CHR,,Indus (Up to border) Basin,Churu,watershed,A01CHR93,Watershed A01CHR93,watershed||A01CHR93,,Indus (Up to border) Basin,Churu,726.6796,1.05,100.0
subbasin,CHR,Churu,subbasin||CHR,,Indus (Up to border) Basin,Churu,watershed,A01CHR94,Watershed A01CHR94,watershed||A01CHR94,,Indus (Up to border) Basin,Churu,885.1491,1.28,100.0
subbasin,CHR,Churu,subbasin||CHR,,Indus (Up to border) Basin,Churu,watershed,A01CHR95,Watershed A01CHR95,watershed||A01CHR95,,Indus (Up to border) Basin,Churu,465.2088,0.67,100.0
subbasin,DAM,Damodar,subbasin||DAM,,Ganga Basin,Damodar,watershed,C2ADAM01,Watershed C2ADAM01,watershed||C2ADAM01,,Ganga Basin,Damodar,833.1099,1.91,100.0
subbasin,DAM,Damodar,subbasin||DAM,,Ganga Basin,Damodar,watershed,C2ADAM02,Watershed C2ADAM02,watershed||C2ADAM02,,Ganga Basin,Damodar,548.5004,1.26,100.0
subbasin,DAM,Damodar,subbasin||DAM,,Ganga Basin,Damodar,watershed,C2ADAM03,Watershed C2ADAM03,watershed||C2ADAM03,,Ganga Basin,Damodar,543.5938,1.25,100.0
subbasin,DAM,Damodar,subbasin||DAM,,Ganga Basin,Damodar,watershed,C2ADAM04,Watershed C2ADAM04,watershed||C2ADAM04,,Ganga Basin,Damodar,707.6425,1.62,100.0
subbasin,DAM,Damodar,subbasin||DAM,,Ganga Basin,Damodar,watershed,C2ADAM05,Watershed C2ADAM05,watershed||C2ADAM05,,Ganga Basin,Damodar,606.2072,1.39,100.0
subbasin,DAM,Damodar,subbasin||DAM,,Ganga Basin,Damodar,watershed,C2ADAM06,Watershed C2ADAM06,watershed||C2ADAM06,,Ganga Basin,Damodar,568.3552,1.3,100.0
subbasin,DAM,Damodar,subbasin||DAM,,Ganga Basin,Damodar,watershed,C2ADAM07,Watershed C2ADAM07,watershed||C2ADAM07,,Ganga Basin,Damodar,1353.2649,3.1,100.0
subbasin,DAM,Damodar,subbasin||DAM,,Ganga Basin,Damodar,watershed,C2ADAM08,Watershed C2ADAM08,watershed||C2ADAM08,,Ganga Basin,Damodar,635.4434,1.46,100.0
subbasin,DAM,Damodar,subbasin||DAM,,Ganga Basin,Damodar,watershed,C2ADAM09,Watershed C2ADAM09,watershed||C2ADAM09,,Ganga Basin,Damodar,842.1709,1.93,100.0
subbasin,DAM,Damodar,subbasin||DAM,,Ganga Basin,Damodar,watershed,C2ADAM10,Watershed C2ADAM10,watershed||C2ADAM10,,Ganga Basin,Damodar,958.4729,2.2,100.0
subbasin,DAM,Damodar,subbasin||DAM,,Ganga Basin,Damodar,watershed,C2ADAM11,Watershed C2ADAM11,watershed||C2ADAM11,,Ganga Basin,Damodar,821.2932,1.88,100.0
subbasin,DAM,Damodar,subbasin||DAM,,Ganga Basin,Damodar,watershed,C2ADAM12,Watershed C2ADAM12,watershed||C2ADAM12,,Ganga Basin,Damodar,492.0102,1.13,100.0
subbasin,DAM,Damodar,subbasin||DAM,,Ganga Basin,Damodar,watershed,C2ADAM13,Watershed C2ADAM13,watershed||C2ADAM13,,Ganga Basin,Damodar,367.3503,0.84,100.0
subbasin,DAM,Damodar,subbasin||DAM,,Ganga Basin,Damodar,watershed,C2ADAM14,Watershed C2ADAM14,watershed||C2ADAM14,,Ganga Basin,Damodar,440.8509,1.01,100.0
subbasin,DAM,Damodar,subbasin||DAM,,Ganga Basin,Damodar,watershed,C2ADAM15,Watershed C2ADAM15,watershed||C2ADAM15,,Ganga Basin,Damodar,709.6374,1.63,100.0
subbasin,DAM,Damodar,subbasin||DAM,,Ganga Basin,Damodar,watershed,C2ADAM16,Watershed C2ADAM16,watershed||C2ADAM16,,Ganga Basin,Damodar,873.2224,2.0,100.0
subbasin,DAM,Damodar,subbasin||DAM,,Ganga Basin,Damodar,watershed,C2ADAM17,Watershed C2ADAM17,watershed||C2ADAM17,,Ganga Basin,Damodar,857.3933,1.96,100.0
subbasin,DAM,Damodar,subbasin||DAM,,Ganga Basin,Damodar,watershed,C2ADAM18,Watershed C2ADAM18,watershed||C2ADAM18,,Ganga Basin,Damodar,767.1085,1.76,100.0
subbasin,DAM,Damodar,subbasin||DAM,,Ganga Basin,Damodar,watershed,C2ADAM19,Watershed C2ADAM19,watershed||C2ADAM19,,Ganga Basin,Damodar,537.1906,1.23,100.0
subbasin,DAM,Damodar,subbasin||DAM,,Ganga Basin,Damodar,watershed,C2ADAM20,Watershed C2ADAM20,watershed||C2ADAM20,,Ganga Basin,Damodar,681.455,1.56,100.0
subbasin,DAM,Damodar,subbasin||DAM,,Ganga Basin,Damodar,watershed,C2ADAM21,Watershed C2ADAM21,watershed||C2ADAM21,,Ganga Basin,Damodar,816.3054,1.87,100.0
subbasin,DAM,Damodar,subbasin||DAM,,Ganga Basin,Damodar,watershed,C2ADAM22,Watershed C2ADAM22,watershed||C2ADAM22,,Ganga Basin,Damodar,738.8905,1.69,100.0
subbasin,DAM,Damodar,subbasin||DAM,,Ganga Basin,Damodar,watershed,C2ADAM23,Watershed C2ADAM23,watershed||C2ADAM23,,Ganga Basin,Damodar,772.9036,1.77,100.0
subbasin,DAM,Damodar,subbasin||DAM,,Ganga Basin,Damodar,watershed,C2ADAM24,Watershed C2ADAM24,watershed||C2ADAM24,,Ganga Basin,Damodar,435.9558,1.0,100.0
subbasin,DAM,Damodar,subbasin||DAM,,Ganga Basin,Damodar,watershed,C2ADAM25,Watershed C2ADAM25,watershed||C2ADAM25,,Ganga Basin,Damodar,598.1201,1.37,100.0
subbasin,DAM,Damodar,subbasin||DAM,,Ganga Basin,Damodar,watershed,C2ADAM26,Watershed C2ADAM26,watershed||C2ADAM26,,Ganga Basin,Damodar,909.1796,2.08,100.0
subbasin,DAM,Damodar,subbasin||DAM,,Ganga Basin,Damodar,watershed,C2ADAM27,Watershed C2ADAM27,watershed||C2ADAM27,,Ganga Basin,Damodar,789.5064,1.81,100.0
subbasin,DAM,Damodar,subbasin||DAM,,Ganga Basin,Damodar,watershed,C2ADAM28,Watershed C2ADAM28,watershed||C2ADAM28,,Ganga Basin,Damodar,482.3642,1.11,100.0
subbasin,DAM,Damodar,subbasin||DAM,,Ganga Basin,Damodar,watershed,C2ADAM29,Watershed C2ADAM29,watershed||C2ADAM29,,Ganga Basin,Damodar,762.898,1.75,100.0
subbasin,DAM,Damodar,subbasin||DAM,,Ganga Basin,Damodar,watershed,C2ADAM30,Watershed C2ADAM30,watershed||C2ADAM30,,Ganga Basin,Damodar,669.4094,1.53,100.0
subbasin,DAM,Damodar,subbasin||DAM,,Ganga Basin,Damodar,watershed,C2ADAM31,Watershed C2ADAM31,watershed||C2ADAM31,,Ganga Basin,Damodar,596.7588,1.37,100.0
subbasin,DAM,Damodar,subbasin||DAM,,Ganga Basin,Damodar,watershed,C2ADAM32,Watershed C2ADAM32,watershed||C2ADAM32,,Ganga Basin,Damodar,414.8384,0.95,100.0
subbasin,DAM,Damodar,subbasin||DAM,,Ganga Basin,Damodar,watershed,C2ADAM33,Watershed C2ADAM33,watershed||C2ADAM33,,Ganga Basin,Damodar,847.1437,1.94,100.0
subbasin,DAM,Damodar,subbasin||DAM,,Ganga Basin,Damodar,watershed,C2ADAM34,Watershed C2ADAM34,watershed||C2ADAM34,,Ganga Basin,Damodar,978.3305,2.24,100.0
subbasin,DAM,Damodar,subbasin||DAM,,Ganga Basin,Damodar,watershed,C2ADAM35,Watershed C2ADAM35,watershed||C2ADAM35,,Ganga Basin,Damodar,1021.9967,2.34,100.0
subbasin,DAM,Damodar,subbasin||DAM,,Ganga Basin,Damodar,watershed,C2ADAM36,Watershed C2ADAM36,watershed||C2ADAM36,,Ganga Basin,Damodar,661.8582,1.52,100.0
subbasin,DAM,Damodar,subbasin||DAM,,Ganga Basin,Damodar,watershed,C2ADAM37,Watershed C2ADAM37,watershed||C2ADAM37,,Ganga Basin,Damodar,785.8544,1.8,100.0
subbasin,DAM,Damodar,subbasin||DAM,,Ganga Basin,Damodar,watershed,C2ADAM38,Watershed C2ADAM38,watershed||C2ADAM38,,Ganga Basin,Damodar,392.2277,0.9,100.0
subbasin,DAM,Damodar,subbasin||DAM,,Ganga Basin,Damodar,watershed,C2ADAM39,Watershed C2ADAM39,watershed||C2ADAM39,,Ganga Basin,Damodar,752.1723,1.72,100.0
subbasin,DAM,Damodar,subbasin||DAM,,Ganga Basin,Damodar,watershed,C2ADAM40,Watershed C2ADAM40,watershed||C2ADAM40,,Ganga Basin,Damodar,844.6652,1.94,100.0
subbasin,DAM,Damodar,subbasin||DAM,,Ganga Basin,Damodar,watershed,C2ADAM41,Watershed C2ADAM41,watershed||C2ADAM41,,Ganga Basin,Damodar,803.8916,1.84,100.0
subbasin,DAM,Damodar,subbasin||DAM,,Ganga Basin,Damodar,watershed,C2ADAM42,Watershed C2ADAM42,watershed||C2ADAM42,,Ganga Basin,Damodar,713.5953,1.64,100.0
subbasin,DAM,Damodar,subbasin||DAM,,Ganga Basin,Damodar,watershed,C2ADAM43,Watershed C2ADAM43,watershed||C2ADAM43,,Ganga Basin,Damodar,397.4243,0.91,100.0
subbasin,DAM,Damodar,subbasin||DAM,,Ganga Basin,Damodar,watershed,C2ADAM44,Watershed C2ADAM44,watershed||C2ADAM44,,Ganga Basin,Damodar,408.1096,0.94,100.0
subbasin,DAM,Damodar,subbasin||DAM,,Ganga Basin,Damodar,watershed,C2ADAM45,Watershed C2ADAM45,watershed||C2ADAM45,,Ganga Basin,Damodar,703.0716,1.61,100.0
subbasin,DAM,Damodar,subbasin||DAM,,Ganga Basin,Damodar,watershed,C2ADAM46,Watershed C2ADAM46,watershed||C2ADAM46,,Ganga Basin,Damodar,1250.3437,2.87,100.0
subbasin,DAM,Damodar,subbasin||DAM,,Ganga Basin,Damodar,watershed,C2ADAM47,Watershed C2ADAM47,watershed||C2ADAM47,,Ganga Basin,Damodar,727.3835,1.67,100.0
subbasin,DAM,Damodar,subbasin||DAM,,Ganga Basin,Damodar,watershed,C2ADAM48,Watershed C2ADAM48,watershed||C2ADAM48,,Ganga Basin,Damodar,927.2004,2.12,100.0
subbasin,DAM,Damodar,subbasin||DAM,,Ganga Basin,Damodar,watershed,C2ADAM49,Watershed C2ADAM49,watershed||C2ADAM49,,Ganga Basin,Damodar,605.618,1.39,100.0
subbasin,DAM,Damodar,subbasin||DAM,,Ganga Basin,Damodar,watershed,C2ADAM50,Watershed C2ADAM50,watershed||C2ADAM50,,Ganga Basin,Damodar,731.3598,1.68,100.0
subbasin,DAM,Damodar,subbasin||DAM,,Ganga Basin,Damodar,watershed,C2ADAM51,Watershed C2ADAM51,watershed||C2ADAM51,,Ganga Basin,Damodar,523.4273,1.2,100.0
subbasin,DAM,Damodar,subbasin||DAM,,Ganga Basin,Damodar,watershed,C2ADAM52,Watershed C2ADAM52,watershed||C2ADAM52,,Ganga Basin,Damodar,338.9733,0.78,100.0
subbasin,DAM,Damodar,subbasin||DAM,,Ganga Basin,Damodar,watershed,C2ADAM53,Watershed C2ADAM53,watershed||C2ADAM53,,Ganga Basin,Damodar,714.7568,1.64,100.0
subbasin,DAM,Damodar,subbasin||DAM,,Ganga Basin,Damodar,watershed,C2ADAM54,Watershed C2ADAM54,watershed||C2ADAM54,,Ganga Basin,Damodar,871.8421,2.0,100.0
subbasin,DAM,Damodar,subbasin||DAM,,Ganga Basin,Damodar,watershed,C2ADAM55,Watershed C2ADAM55,watershed||C2ADAM55,,Ganga Basin,Damodar,527.3818,1.21,100.0
subbasin,DAM,Damodar,subbasin||DAM,,Ganga Basin,Damodar,watershed,C2ADAM56,Watershed C2ADAM56,watershed||C2ADAM56,,Ganga Basin,Damodar,585.0288,1.34,100.0
subbasin,DAM,Damodar,subbasin||DAM,,Ganga Basin,Damodar,watershed,C2ADAM57,Watershed C2ADAM57,watershed||C2ADAM57,,Ganga Basin,Damodar,774.2638,1.77,100.0
subbasin,DAM,Damodar,subbasin||DAM,,Ganga Basin,Damodar,watershed,C2ADAM58,Watershed C2ADAM58,watershed||C2ADAM58,,Ganga Basin,Damodar,1263.8101,2.9,100.0
subbasin,DAM,Damodar,subbasin||DAM,,Ganga Basin,Damodar,watershed,C2ADAM59,Watershed C2ADAM59,watershed||C2ADAM59,,Ganga Basin,Damodar,1240.061,2.84,100.0
subbasin,DAM,Damodar,subbasin||DAM,,Ganga Basin,Damodar,watershed,C2ADAM60,Watershed C2ADAM60,watershed||C2ADAM60,,Ganga Basin,Damodar,1111.8039,2.55,100.0
subbasin,DAN,Drainage Area of Andaman and Nicobar Islands,subbasin||DAN,,Drainage Area of Andaman and Nicobar Islands Basin,Drainage Area of Andaman and Nicobar Islands,watershed,C24DAN01,Watershed C24DAN01,watershed||C24DAN01,,Drainage Area of Andaman and Nicobar Islands Basin,Drainage Area of Andaman and Nicobar Islands,786.6319,10.49,100.0
subbasin,DAN,Drainage Area of Andaman and Nicobar Islands,subbasin||DAN,,Drainage Area of Andaman and Nicobar Islands Basin,Drainage Area of Andaman and Nicobar Islands,watershed,C24DAN02,Watershed C24DAN02,watershed||C24DAN02,,Drainage Area of Andaman and Nicobar Islands Basin,Drainage Area of Andaman and Nicobar Islands,401.6509,5.36,100.0
subbasin,DAN,Drainage Area of Andaman and Nicobar Islands,subbasin||DAN,,Drainage Area of Andaman and Nicobar Islands Basin,Drainage Area of Andaman and Nicobar Islands,watershed,C24DAN03,Watershed C24DAN03,watershed||C24DAN03,,Drainage Area of Andaman and Nicobar Islands Basin,Drainage Area of Andaman and Nicobar Islands,456.8576,6.09,100.0
subbasin,DAN,Drainage Area of Andaman and Nicobar Islands,subbasin||DAN,,Drainage Area of Andaman and Nicobar Islands Basin,Drainage Area of Andaman and Nicobar Islands,watershed,C24DAN04,Watershed C24DAN04,watershed||C24DAN04,,Drainage Area of Andaman and Nicobar Islands Basin,Drainage Area of Andaman and Nicobar Islands,485.0148,6.47,100.0
subbasin,DAN,Drainage Area of Andaman and Nicobar Islands,subbasin||DAN,,Drainage Area of Andaman and Nicobar Islands Basin,Drainage Area of Andaman and Nicobar Islands,watershed,C24DAN05,Watershed C24DAN05,watershed||C24DAN05,,Drainage Area of Andaman and Nicobar Islands Basin,Drainage Area of Andaman and Nicobar Islands,528.7301,7.05,100.0
subbasin,DAN,Drainage Area of Andaman and Nicobar Islands,subbasin||DAN,,Drainage Area of Andaman and Nicobar Islands Basin,Drainage Area of Andaman and Nicobar Islands,watershed,C24DAN06,Watershed C24DAN06,watershed||C24DAN06,,Drainage Area of Andaman and Nicobar Islands Basin,Drainage Area of Andaman and Nicobar Islands,482.3087,6.43,100.0
subbasin,DAN,Drainage Area of Andaman and Nicobar Islands,subbasin||DAN,,Drainage Area of Andaman and Nicobar Islands Basin,Drainage Area of Andaman and Nicobar Islands,watershed,C24DAN07,Watershed C24DAN07,watershed||C24DAN07,,Drainage Area of Andaman and Nicobar Islands Basin,Drainage Area of Andaman and Nicobar Islands,207.1274,2.76,100.0
subbasin,DAN,Drainage Area of Andaman and Nicobar Islands,subbasin||DAN,,Drainage Area of Andaman and Nicobar Islands Basin,Drainage Area of Andaman and Nicobar Islands,watershed,C24DAN08,Watershed C24DAN08,watershed||C24DAN08,,Drainage Area of Andaman and Nicobar Islands Basin,Drainage Area of Andaman and Nicobar Islands,260.404,3.47,100.0
subbasin,DAN,Drainage Area of Andaman and Nicobar Islands,subbasin||DAN,,Drainage Area of Andaman and Nicobar Islands Basin,Drainage Area of Andaman and Nicobar Islands,watershed,C24DAN09,Watershed C24DAN09,watershed||C24DAN09,,Drainage Area of Andaman and Nicobar Islands Basin,Drainage Area of Andaman and Nicobar Islands,287.9683,3.84,100.0
subbasin,DAN,Drainage Area of Andaman and Nicobar Islands,subbasin||DAN,,Drainage Area of Andaman and Nicobar Islands Basin,Drainage Area of Andaman and Nicobar Islands,watershed,C24DAN10,Watershed C24DAN10,watershed||C24DAN10,,Drainage Area of Andaman and Nicobar Islands Basin,Drainage Area of Andaman and Nicobar Islands,458.1716,6.11,100.0
subbasin,DAN,Drainage Area of Andaman and Nicobar Islands,subbasin||DAN,,Drainage Area of Andaman and Nicobar Islands Basin,Drainage Area of Andaman and Nicobar Islands,watershed,C24DAN11,Watershed C24DAN11,watershed||C24DAN11,,Drainage Area of Andaman and Nicobar Islands Basin,Drainage Area of Andaman and Nicobar Islands,441.6677,5.89,100.0
subbasin,DAN,Drainage Area of Andaman and Nicobar Islands,subbasin||DAN,,Drainage Area of Andaman and Nicobar Islands Basin,Drainage Area of Andaman and Nicobar Islands,watershed,C24DAN12,Watershed C24DAN12,watershed||C24DAN12,,Drainage Area of Andaman and Nicobar Islands Basin,Drainage Area of Andaman and Nicobar Islands,314.2457,4.19,100.0
subbasin,DAN,Drainage Area of Andaman and Nicobar Islands,subbasin||DAN,,Drainage Area of Andaman and Nicobar Islands Basin,Drainage Area of Andaman and Nicobar Islands,watershed,C24DAN13,Watershed C24DAN13,watershed||C24DAN13,,Drainage Area of Andaman and Nicobar Islands Basin,Drainage Area of Andaman and Nicobar Islands,687.247,9.17,100.0
subbasin,DAN,Drainage Area of Andaman and Nicobar Islands,subbasin||DAN,,Drainage Area of Andaman and Nicobar Islands Basin,Drainage Area of Andaman and Nicobar Islands,watershed,C24DAN14,Watershed C24DAN14,watershed||C24DAN14,,Drainage Area of Andaman and Nicobar Islands Basin,Drainage Area of Andaman and Nicobar Islands,605.178,8.07,100.0
subbasin,DAN,Drainage Area of Andaman and Nicobar Islands,subbasin||DAN,,Drainage Area of Andaman and Nicobar Islands Basin,Drainage Area of Andaman and Nicobar Islands,watershed,C24DAN15,Watershed C24DAN15,watershed||C24DAN15,,Drainage Area of Andaman and Nicobar Islands Basin,Drainage Area of Andaman and Nicobar Islands,711.9655,9.5,100.0
subbasin,DAN,Drainage Area of Andaman and Nicobar Islands,subbasin||DAN,,Drainage Area of Andaman and Nicobar Islands Basin,Drainage Area of Andaman and Nicobar Islands,watershed,C24DAN16,Watershed C24DAN16,watershed||C24DAN16,,Drainage Area of Andaman and Nicobar Islands Basin,Drainage Area of Andaman and Nicobar Islands,383.1465,5.11,100.0
subbasin,DAL,Drainage Area of Lakshadweep Islands,subbasin||DAL,,Drainage Area of Lakshadweep Islands Basin,Drainage Area of Lakshadweep Islands,watershed,B25DAL01,Watershed B25DAL01,watershed||B25DAL01,,Drainage Area of Lakshadweep Islands Basin,Drainage Area of Lakshadweep Islands,662.9878,100.0,100.0
subbasin,RAN,Drainage of Rann,subbasin||RAN,,West flowing rivers of Kutch and Saurashtra including Luni Basin,Drainage of Rann,watershed,B20RAN01,Watershed B20RAN01,watershed||B20RAN01,,West flowing rivers of Kutch and Saurashtra including Luni Basin,Drainage of Rann,692.5817,3.14,100.0
subbasin,RAN,Drainage of Rann,subbasin||RAN,,West flowing rivers of Kutch and Saurashtra including Luni Basin,Drainage of Rann,watershed,B20RAN02,Watershed B20RAN02,watershed||B20RAN02,,West flowing rivers of Kutch and Saurashtra including Luni Basin,Drainage of Rann,423.4257,1.92,100.0
subbasin,RAN,Drainage of Rann,subbasin||RAN,,West flowing rivers of Kutch and Saurashtra including Luni Basin,Drainage of Rann,watershed,B20RAN03,Watershed B20RAN03,watershed||B20RAN03,,West flowing rivers of Kutch and Saurashtra including Luni Basin,Drainage of Rann,504.0561,2.28,100.0
subbasin,RAN,Drainage of Rann,subbasin||RAN,,West flowing rivers of Kutch and Saurashtra including Luni Basin,Drainage of Rann,watershed,B20RAN04,Watershed B20RAN04,watershed||B20RAN04,,West flowing rivers of Kutch and Saurashtra including Luni Basin,Drainage of Rann,571.7782,2.59,100.0
subbasin,RAN,Drainage of Rann,subbasin||RAN,,West flowing rivers of Kutch and Saurashtra including Luni Basin,Drainage of Rann,watershed,B20RAN05,Watershed B20RAN05,watershed||B20RAN05,,West flowing rivers of Kutch and Saurashtra including Luni Basin,Drainage of Rann,582.8942,2.64,100.0
subbasin,RAN,Drainage of Rann,subbasin||RAN,,West flowing rivers of Kutch and Saurashtra including Luni Basin,Drainage of Rann,watershed,B20RAN06,Watershed B20RAN06,watershed||B20RAN06,,West flowing rivers of Kutch and Saurashtra including Luni Basin,Drainage of Rann,510.6673,2.31,100.0
subbasin,RAN,Drainage of Rann,subbasin||RAN,,West flowing rivers of Kutch and Saurashtra including Luni Basin,Drainage of Rann,watershed,B20RAN07,Watershed B20RAN07,watershed||B20RAN07,,West flowing rivers of Kutch and Saurashtra including Luni Basin,Drainage of Rann,477.7461,2.16,100.0
subbasin,RAN,Drainage of Rann,subbasin||RAN,,West flowing rivers of Kutch and Saurashtra including Luni Basin,Drainage of Rann,watershed,B20RAN08,Watershed B20RAN08,watershed||B20RAN08,,West flowing rivers of Kutch and Saurashtra including Luni Basin,Drainage of Rann,533.2169,2.42,100.0
subbasin,RAN,Drainage of Rann,subbasin||RAN,,West flowing rivers of Kutch and Saurashtra including Luni Basin,Drainage of Rann,watershed,B20RAN09,Watershed B20RAN09,watershed||B20RAN09,,West flowing rivers of Kutch and Saurashtra including Luni Basin,Drainage of Rann,600.4313,2.72,100.0
subbasin,RAN,Drainage of Rann,subbasin||RAN,,West flowing rivers of Kutch and Saurashtra including Luni Basin,Drainage of Rann,watershed,B20RAN10,Watershed B20RAN10,watershed||B20RAN10,,West flowing rivers of Kutch and Saurashtra including Luni Basin,Drainage of Rann,497.4499,2.25,100.0
subbasin,RAN,Drainage of Rann,subbasin||RAN,,West flowing rivers of Kutch and Saurashtra including Luni Basin,Drainage of Rann,watershed,B20RAN11,Watershed B20RAN11,watershed||B20RAN11,,West flowing rivers of Kutch and Saurashtra including Luni Basin,Drainage of Rann,620.5139,2.81,100.0
subbasin,RAN,Drainage of Rann,subbasin||RAN,,West flowing rivers of Kutch and Saurashtra including Luni Basin,Drainage of Rann,watershed,B20RAN12,Watershed B20RAN12,watershed||B20RAN12,,West flowing rivers of Kutch and Saurashtra including Luni Basin,Drainage of Rann,458.2701,2.08,100.0
subbasin,RAN,Drainage of Rann,subbasin||RAN,,West flowing rivers of Kutch and Saurashtra including Luni Basin,Drainage of Rann,watershed,B20RAN13,Watershed B20RAN13,watershed||B20RAN13,,West flowing rivers of Kutch and Saurashtra including Luni Basin,Drainage of Rann,461.7994,2.09,100.0
subbasin,RAN,Drainage of Rann,subbasin||RAN,,West flowing rivers of Kutch and Saurashtra including Luni Basin,Drainage of Rann,watershed,B20RAN14,Watershed B20RAN14,watershed||B20RAN14,,West flowing rivers of Kutch and Saurashtra including Luni Basin,Drainage of Rann,440.0275,1.99,100.0
subbasin,RAN,Drainage of Rann,subbasin||RAN,,West flowing rivers of Kutch and Saurashtra including Luni Basin,Drainage of Rann,watershed,B20RAN15,Watershed B20RAN15,watershed||B20RAN15,,West flowing rivers of Kutch and Saurashtra including Luni Basin,Drainage of Rann,593.6251,2.69,100.0
subbasin,RAN,Drainage of Rann,subbasin||RAN,,West flowing rivers of Kutch and Saurashtra including Luni Basin,Drainage of Rann,watershed,B20RAN16,Watershed B20RAN16,watershed||B20RAN16,,West flowing rivers of Kutch and Saurashtra including Luni Basin,Drainage of Rann,428.6433,1.94,100.0
subbasin,RAN,Drainage of Rann,subbasin||RAN,,West flowing rivers of Kutch and Saurashtra including Luni Basin,Drainage of Rann,watershed,B20RAN17,Watershed B20RAN17,watershed||B20RAN17,,West flowing rivers of Kutch and Saurashtra including Luni Basin,Drainage of Rann,323.1823,1.46,100.0
subbasin,RAN,Drainage of Rann,subbasin||RAN,,West flowing rivers of Kutch and Saurashtra including Luni Basin,Drainage of Rann,watershed,B20RAN18,Watershed B20RAN18,watershed||B20RAN18,,West flowing rivers of Kutch and Saurashtra including Luni Basin,Drainage of Rann,490.3306,2.22,100.0
subbasin,RAN,Drainage of Rann,subbasin||RAN,,West flowing rivers of Kutch and Saurashtra including Luni Basin,Drainage of Rann,watershed,B20RAN19,Watershed B20RAN19,watershed||B20RAN19,,West flowing rivers of Kutch and Saurashtra including Luni Basin,Drainage of Rann,349.6832,1.58,100.0
subbasin,RAN,Drainage of Rann,subbasin||RAN,,West flowing rivers of Kutch and Saurashtra including Luni Basin,Drainage of Rann,watershed,B20RAN20,Watershed B20RAN20,watershed||B20RAN20,,West flowing rivers of Kutch and Saurashtra including Luni Basin,Drainage of Rann,978.5965,4.43,100.0
subbasin,RAN,Drainage of Rann,subbasin||RAN,,West flowing rivers of Kutch and Saurashtra including Luni Basin,Drainage of Rann,watershed,B20RAN21,Watershed B20RAN21,watershed||B20RAN21,,West flowing rivers of Kutch and Saurashtra including Luni Basin,Drainage of Rann,628.3302,2.85,100.0
subbasin,RAN,Drainage of Rann,subbasin||RAN,,West flowing rivers of Kutch and Saurashtra including Luni Basin,Drainage of Rann,watershed,B20RAN22,Watershed B20RAN22,watershed||B20RAN22,,West flowing rivers of Kutch and Saurashtra including Luni Basin,Drainage of Rann,488.1928,2.21,100.0
subbasin,RAN,Drainage of Rann,subbasin||RAN,,West flowing rivers of Kutch and Saurashtra including Luni Basin,Drainage of Rann,watershed,B20RAN23,Watershed B20RAN23,watershed||B20RAN23,,West flowing rivers of Kutch and Saurashtra including Luni Basin,Drainage of Rann,516.8673,2.34,100.0
subbasin,RAN,Drainage of Rann,subbasin||RAN,,West flowing rivers of Kutch and Saurashtra including Luni Basin,Drainage of Rann,watershed,B20RAN24,Watershed B20RAN24,watershed||B20RAN24,,West flowing rivers of Kutch and Saurashtra including Luni Basin,Drainage of Rann,835.7493,3.79,100.0
subbasin,RAN,Drainage of Rann,subbasin||RAN,,West flowing rivers of Kutch and Saurashtra including Luni Basin,Drainage of Rann,watershed,B20RAN25,Watershed B20RAN25,watershed||B20RAN25,,West flowing rivers of Kutch and Saurashtra including Luni Basin,Drainage of Rann,427.288,1.94,100.0
subbasin,RAN,Drainage of Rann,subbasin||RAN,,West flowing rivers of Kutch and Saurashtra including Luni Basin,Drainage of Rann,watershed,B20RAN26,Watershed B20RAN26,watershed||B20RAN26,,West flowing rivers of Kutch and Saurashtra including Luni Basin,Drainage of Rann,452.4881,2.05,100.0
subbasin,RAN,Drainage of Rann,subbasin||RAN,,West flowing rivers of Kutch and Saurashtra including Luni Basin,Drainage of Rann,watershed,B20RAN27,Watershed B20RAN27,watershed||B20RAN27,,West flowing rivers of Kutch and Saurashtra including Luni Basin,Drainage of Rann,696.7644,3.16,100.0
subbasin,RAN,Drainage of Rann,subbasin||RAN,,West flowing rivers of Kutch and Saurashtra including Luni Basin,Drainage of Rann,watershed,B20RAN28,Watershed B20RAN28,watershed||B20RAN28,,West flowing rivers of Kutch and Saurashtra including Luni Basin,Drainage of Rann,599.0102,2.71,100.0
subbasin,RAN,Drainage of Rann,subbasin||RAN,,West flowing rivers of Kutch and Saurashtra including Luni Basin,Drainage of Rann,watershed,B20RAN29,Watershed B20RAN29,watershed||B20RAN29,,West flowing rivers of Kutch and Saurashtra including Luni Basin,Drainage of Rann,458.9873,2.08,100.0
subbasin,RAN,Drainage of Rann,subbasin||RAN,,West flowing rivers of Kutch and Saurashtra including Luni Basin,Drainage of Rann,watershed,B20RAN30,Watershed B20RAN30,watershed||B20RAN30,,West flowing rivers of Kutch and Saurashtra including Luni Basin,Drainage of Rann,503.2249,2.28,100.0
subbasin,RAN,Drainage of Rann,subbasin||RAN,,West flowing rivers of Kutch and Saurashtra including Luni Basin,Drainage of Rann,watershed,B20RAN31,Watershed B20RAN31,watershed||B20RAN31,,West flowing rivers of Kutch and Saurashtra including Luni Basin,Drainage of Rann,1006.1851,4.56,100.0
subbasin,RAN,Drainage of Rann,subbasin||RAN,,West flowing rivers of Kutch and Saurashtra including Luni Basin,Drainage of Rann,watershed,B20RAN32,Watershed B20RAN32,watershed||B20RAN32,,West flowing rivers of Kutch and Saurashtra including Luni Basin,Drainage of Rann,537.712,2.44,100.0
subbasin,RAN,Drainage of Rann,subbasin||RAN,,West flowing rivers of Kutch and Saurashtra including Luni Basin,Drainage of Rann,watershed,B20RAN33,Watershed B20RAN33,watershed||B20RAN33,,West flowing rivers of Kutch and Saurashtra including Luni Basin,Drainage of Rann,392.3533,1.78,100.0
subbasin,RAN,Drainage of Rann,subbasin||RAN,,West flowing rivers of Kutch and Saurashtra including Luni Basin,Drainage of Rann,watershed,B20RAN34,Watershed B20RAN34,watershed||B20RAN34,,West flowing rivers of Kutch and Saurashtra including Luni Basin,Drainage of Rann,941.4379,4.27,100.0
subbasin,RAN,Drainage of Rann,subbasin||RAN,,West flowing rivers of Kutch and Saurashtra including Luni Basin,Drainage of Rann,watershed,B20RAN35,Watershed B20RAN35,watershed||B20RAN35,,West flowing rivers of Kutch and Saurashtra including Luni Basin,Drainage of Rann,489.6904,2.22,100.0
subbasin,RAN,Drainage of Rann,subbasin||RAN,,West flowing rivers of Kutch and Saurashtra including Luni Basin,Drainage of Rann,watershed,B20RAN36,Watershed B20RAN36,watershed||B20RAN36,,West flowing rivers of Kutch and Saurashtra including Luni Basin,Drainage of Rann,529.636,2.4,100.0
subbasin,RAN,Drainage of Rann,subbasin||RAN,,West flowing rivers of Kutch and Saurashtra including Luni Basin,Drainage of Rann,watershed,B20RAN37,Watershed B20RAN37,watershed||B20RAN37,,West flowing rivers of Kutch and Saurashtra including Luni Basin,Drainage of Rann,472.4492,2.14,100.0
subbasin,RAN,Drainage of Rann,subbasin||RAN,,West flowing rivers of Kutch and Saurashtra including Luni Basin,Drainage of Rann,watershed,B20RAN38,Watershed B20RAN38,watershed||B20RAN38,,West flowing rivers of Kutch and Saurashtra including Luni Basin,Drainage of Rann,663.636,3.01,100.0
subbasin,RAN,Drainage of Rann,subbasin||RAN,,West flowing rivers of Kutch and Saurashtra including Luni Basin,Drainage of Rann,watershed,B20RAN39,Watershed B20RAN39,watershed||B20RAN39,,West flowing rivers of Kutch and Saurashtra including Luni Basin,Drainage of Rann,507.8389,2.3,100.0
subbasin,RAN,Drainage of Rann,subbasin||RAN,,West flowing rivers of Kutch and Saurashtra including Luni Basin,Drainage of Rann,watershed,B20RAN40,Watershed B20RAN40,watershed||B20RAN40,,West flowing rivers of Kutch and Saurashtra including Luni Basin,Drainage of Rann,384.6373,1.74,100.0
subbasin,GTK,East flowing rivers between Godavari and krishna,subbasin||GTK,,East flowing rivers between Godavari and Krishna Basin,East flowing rivers between Godavari and krishna,watershed,C16GTK01,Watershed C16GTK01,watershed||C16GTK01,,East flowing rivers between Godavari and Krishna Basin,East flowing rivers between Godavari and krishna,518.6408,4.9,100.0
subbasin,GTK,East flowing rivers between Godavari and krishna,subbasin||GTK,,East flowing rivers between Godavari and Krishna Basin,East flowing rivers between Godavari and krishna,watershed,C16GTK02,Watershed C16GTK02,watershed||C16GTK02,,East flowing rivers between Godavari and Krishna Basin,East flowing rivers between Godavari and krishna,683.1748,6.45,100.0
subbasin,GTK,East flowing rivers between Godavari and krishna,subbasin||GTK,,East flowing rivers between Godavari and Krishna Basin,East flowing rivers between Godavari and krishna,watershed,C16GTK03,Watershed C16GTK03,watershed||C16GTK03,,East flowing rivers between Godavari and Krishna Basin,East flowing rivers between Godavari and krishna,669.1029,6.32,100.0
subbasin,GTK,East flowing rivers between Godavari and krishna,subbasin||GTK,,East flowing rivers between Godavari and Krishna Basin,East flowing rivers between Godavari and krishna,watershed,C16GTK04,Watershed C16GTK04,watershed||C16GTK04,,East flowing rivers between Godavari and Krishna Basin,East flowing rivers between Godavari and krishna,580.511,5.48,100.0
subbasin,GTK,East flowing rivers between Godavari and krishna,subbasin||GTK,,East flowing rivers between Godavari and Krishna Basin,East flowing rivers between Godavari and krishna,watershed,C16GTK05,Watershed C16GTK05,watershed||C16GTK05,,East flowing rivers between Godavari and Krishna Basin,East flowing rivers between Godavari and krishna,419.4026,3.96,100.0
subbasin,GTK,East flowing rivers between Godavari and krishna,subbasin||GTK,,East flowing rivers between Godavari and Krishna Basin,East flowing rivers between Godavari and krishna,watershed,C16GTK06,Watershed C16GTK06,watershed||C16GTK06,,East flowing rivers between Godavari and Krishna Basin,East flowing rivers between Godavari and krishna,599.4596,5.66,100.0
subbasin,GTK,East flowing rivers between Godavari and krishna,subbasin||GTK,,East flowing rivers between Godavari and Krishna Basin,East flowing rivers between Godavari and krishna,watershed,C16GTK07,Watershed C16GTK07,watershed||C16GTK07,,East flowing rivers between Godavari and Krishna Basin,East flowing rivers between Godavari and krishna,853.0895,8.05,100.0
subbasin,GTK,East flowing rivers between Godavari and krishna,subbasin||GTK,,East flowing rivers between Godavari and Krishna Basin,East flowing rivers between Godavari and krishna,watershed,C16GTK08,Watershed C16GTK08,watershed||C16GTK08,,East flowing rivers between Godavari and Krishna Basin,East flowing rivers between Godavari and krishna,936.8563,8.85,100.0
subbasin,GTK,East flowing rivers between Godavari and krishna,subbasin||GTK,,East flowing rivers between Godavari and Krishna Basin,East flowing rivers between Godavari and krishna,watershed,C16GTK09,Watershed C16GTK09,watershed||C16GTK09,,East flowing rivers between Godavari and Krishna Basin,East flowing rivers between Godavari and krishna,564.8204,5.33,100.0
subbasin,GTK,East flowing rivers between Godavari and krishna,subbasin||GTK,,East flowing rivers between Godavari and Krishna Basin,East flowing rivers between Godavari and krishna,watershed,C16GTK10,Watershed C16GTK10,watershed||C16GTK10,,East flowing rivers between Godavari and Krishna Basin,East flowing rivers between Godavari and krishna,641.7092,6.06,100.0
subbasin,GTK,East flowing rivers between Godavari and krishna,subbasin||GTK,,East flowing rivers between Godavari and Krishna Basin,East flowing rivers between Godavari and krishna,watershed,C16GTK11,Watershed C16GTK11,watershed||C16GTK11,,East flowing rivers between Godavari and Krishna Basin,East flowing rivers between Godavari and krishna,671.2507,6.34,100.0
subbasin,GTK,East flowing rivers between Godavari and krishna,subbasin||GTK,,East flowing rivers between Godavari and Krishna Basin,East flowing rivers between Godavari and krishna,watershed,C16GTK12,Watershed C16GTK12,watershed||C16GTK12,,East flowing rivers between Godavari and Krishna Basin,East flowing rivers between Godavari and krishna,641.8521,6.06,100.0
subbasin,GTK,East flowing rivers between Godavari and krishna,subbasin||GTK,,East flowing rivers between Godavari and Krishna Basin,East flowing rivers between Godavari and krishna,watershed,C16GTK13,Watershed C16GTK13,watershed||C16GTK13,,East flowing rivers between Godavari and Krishna Basin,East flowing rivers between Godavari and krishna,480.9116,4.54,100.0
subbasin,GTK,East flowing rivers between Godavari and krishna,subbasin||GTK,,East flowing rivers between Godavari and Krishna Basin,East flowing rivers between Godavari and krishna,watershed,C16GTK14,Watershed C16GTK14,watershed||C16GTK14,,East flowing rivers between Godavari and Krishna Basin,East flowing rivers between Godavari and krishna,608.2284,5.74,100.0
subbasin,GTK,East flowing rivers between Godavari and krishna,subbasin||GTK,,East flowing rivers between Godavari and Krishna Basin,East flowing rivers between Godavari and krishna,watershed,C16GTK15,Watershed C16GTK15,watershed||C16GTK15,,East flowing rivers between Godavari and Krishna Basin,East flowing rivers between Godavari and krishna,932.161,8.8,100.0
subbasin,GTK,East flowing rivers between Godavari and krishna,subbasin||GTK,,East flowing rivers between Godavari and Krishna Basin,East flowing rivers between Godavari and krishna,watershed,C16GTK16,Watershed C16GTK16,watershed||C16GTK16,,East flowing rivers between Godavari and Krishna Basin,East flowing rivers between Godavari and krishna,789.9369,7.46,100.0
subbasin,KTP,East flowing rivers between krishna and Pennar,subbasin||KTP,,East flowing rivers between Krishna and Pennar Basin,East flowing rivers between krishna and Pennar,watershed,C17KTP01,Watershed C17KTP01,watershed||C17KTP01,,East flowing rivers between Krishna and Pennar Basin,East flowing rivers between krishna and Pennar,467.3178,1.97,100.0
subbasin,KTP,East flowing rivers between krishna and Pennar,subbasin||KTP,,East flowing rivers between Krishna and Pennar Basin,East flowing rivers between krishna and Pennar,watershed,C17KTP02,Watershed C17KTP02,watershed||C17KTP02,,East flowing rivers between Krishna and Pennar Basin,East flowing rivers between krishna and Pennar,530.0605,2.23,100.0
subbasin,KTP,East flowing rivers between krishna and Pennar,subbasin||KTP,,East flowing rivers between Krishna and Pennar Basin,East flowing rivers between krishna and Pennar,watershed,C17KTP03,Watershed C17KTP03,watershed||C17KTP03,,East flowing rivers between Krishna and Pennar Basin,East flowing rivers between krishna and Pennar,564.056,2.37,100.0
subbasin,KTP,East flowing rivers between krishna and Pennar,subbasin||KTP,,East flowing rivers between Krishna and Pennar Basin,East flowing rivers between krishna and Pennar,watershed,C17KTP04,Watershed C17KTP04,watershed||C17KTP04,,East flowing rivers between Krishna and Pennar Basin,East flowing rivers between krishna and Pennar,597.6717,2.51,100.0
subbasin,KTP,East flowing rivers between krishna and Pennar,subbasin||KTP,,East flowing rivers between Krishna and Pennar Basin,East flowing rivers between krishna and Pennar,watershed,C17KTP05,Watershed C17KTP05,watershed||C17KTP05,,East flowing rivers between Krishna and Pennar Basin,East flowing rivers between krishna and Pennar,208.6368,0.88,100.0
subbasin,KTP,East flowing rivers between krishna and Pennar,subbasin||KTP,,East flowing rivers between Krishna and Pennar Basin,East flowing rivers between krishna and Pennar,watershed,C17KTP06,Watershed C17KTP06,watershed||C17KTP06,,East flowing rivers between Krishna and Pennar Basin,East flowing rivers between krishna and Pennar,426.9514,1.8,100.0
subbasin,KTP,East flowing rivers between krishna and Pennar,subbasin||KTP,,East flowing rivers between Krishna and Pennar Basin,East flowing rivers between krishna and Pennar,watershed,C17KTP07,Watershed C17KTP07,watershed||C17KTP07,,East flowing rivers between Krishna and Pennar Basin,East flowing rivers between krishna and Pennar,668.3084,2.81,100.0
subbasin,KTP,East flowing rivers between krishna and Pennar,subbasin||KTP,,East flowing rivers between Krishna and Pennar Basin,East flowing rivers between krishna and Pennar,watershed,C17KTP08,Watershed C17KTP08,watershed||C17KTP08,,East flowing rivers between Krishna and Pennar Basin,East flowing rivers between krishna and Pennar,602.6706,2.54,100.0
subbasin,KTP,East flowing rivers between krishna and Pennar,subbasin||KTP,,East flowing rivers between Krishna and Pennar Basin,East flowing rivers between krishna and Pennar,watershed,C17KTP09,Watershed C17KTP09,watershed||C17KTP09,,East flowing rivers between Krishna and Pennar Basin,East flowing rivers between krishna and Pennar,580.6437,2.44,100.0
subbasin,KTP,East flowing rivers between krishna and Pennar,subbasin||KTP,,East flowing rivers between Krishna and Pennar Basin,East flowing rivers between krishna and Pennar,watershed,C17KTP10,Watershed C17KTP10,watershed||C17KTP10,,East flowing rivers between Krishna and Pennar Basin,East flowing rivers between krishna and Pennar,510.8917,2.15,100.0
subbasin,KTP,East flowing rivers between krishna and Pennar,subbasin||KTP,,East flowing rivers between Krishna and Pennar Basin,East flowing rivers between krishna and Pennar,watershed,C17KTP11,Watershed C17KTP11,watershed||C17KTP11,,East flowing rivers between Krishna and Pennar Basin,East flowing rivers between krishna and Pennar,600.697,2.53,100.0
subbasin,KTP,East flowing rivers between krishna and Pennar,subbasin||KTP,,East flowing rivers between Krishna and Pennar Basin,East flowing rivers between krishna and Pennar,watershed,C17KTP12,Watershed C17KTP12,watershed||C17KTP12,,East flowing rivers between Krishna and Pennar Basin,East flowing rivers between krishna and Pennar,500.6123,2.11,100.0
subbasin,KTP,East flowing rivers between krishna and Pennar,subbasin||KTP,,East flowing rivers between Krishna and Pennar Basin,East flowing rivers between krishna and Pennar,watershed,C17KTP13,Watershed C17KTP13,watershed||C17KTP13,,East flowing rivers between Krishna and Pennar Basin,East flowing rivers between krishna and Pennar,460.3085,1.94,100.0
subbasin,KTP,East flowing rivers between krishna and Pennar,subbasin||KTP,,East flowing rivers between Krishna and Pennar Basin,East flowing rivers between krishna and Pennar,watershed,C17KTP14,Watershed C17KTP14,watershed||C17KTP14,,East flowing rivers between Krishna and Pennar Basin,East flowing rivers between krishna and Pennar,458.3848,1.93,100.0
subbasin,KTP,East flowing rivers between krishna and Pennar,subbasin||KTP,,East flowing rivers between Krishna and Pennar Basin,East flowing rivers between krishna and Pennar,watershed,C17KTP15,Watershed C17KTP15,watershed||C17KTP15,,East flowing rivers between Krishna and Pennar Basin,East flowing rivers between krishna and Pennar,578.3266,2.43,100.0
subbasin,KTP,East flowing rivers between krishna and Pennar,subbasin||KTP,,East flowing rivers between Krishna and Pennar Basin,East flowing rivers between krishna and Pennar,watershed,C17KTP16,Watershed C17KTP16,watershed||C17KTP16,,East flowing rivers between Krishna and Pennar Basin,East flowing rivers between krishna and Pennar,455.3176,1.92,100.0
subbasin,KTP,East flowing rivers between krishna and Pennar,subbasin||KTP,,East flowing rivers between Krishna and Pennar Basin,East flowing rivers between krishna and Pennar,watershed,C17KTP17,Watershed C17KTP17,watershed||C17KTP17,,East flowing rivers between Krishna and Pennar Basin,East flowing rivers between krishna and Pennar,526.0134,2.21,100.0
subbasin,KTP,East flowing rivers between krishna and Pennar,subbasin||KTP,,East flowing rivers between Krishna and Pennar Basin,East flowing rivers between krishna and Pennar,watershed,C17KTP18,Watershed C17KTP18,watershed||C17KTP18,,East flowing rivers between Krishna and Pennar Basin,East flowing rivers between krishna and Pennar,424.9924,1.79,100.0
subbasin,KTP,East flowing rivers between krishna and Pennar,subbasin||KTP,,East flowing rivers between Krishna and Pennar Basin,East flowing rivers between krishna and Pennar,watershed,C17KTP19,Watershed C17KTP19,watershed||C17KTP19,,East flowing rivers between Krishna and Pennar Basin,East flowing rivers between krishna and Pennar,667.6862,2.81,100.0
subbasin,KTP,East flowing rivers between krishna and Pennar,subbasin||KTP,,East flowing rivers between Krishna and Pennar Basin,East flowing rivers between krishna and Pennar,watershed,C17KTP20,Watershed C17KTP20,watershed||C17KTP20,,East flowing rivers between Krishna and Pennar Basin,East flowing rivers between krishna and Pennar,637.6957,2.68,100.0
subbasin,KTP,East flowing rivers between krishna and Pennar,subbasin||KTP,,East flowing rivers between Krishna and Pennar Basin,East flowing rivers between krishna and Pennar,watershed,C17KTP21,Watershed C17KTP21,watershed||C17KTP21,,East flowing rivers between Krishna and Pennar Basin,East flowing rivers between krishna and Pennar,466.3644,1.96,100.0
subbasin,KTP,East flowing rivers between krishna and Pennar,subbasin||KTP,,East flowing rivers between Krishna and Pennar Basin,East flowing rivers between krishna and Pennar,watershed,C17KTP22,Watershed C17KTP22,watershed||C17KTP22,,East flowing rivers between Krishna and Pennar Basin,East flowing rivers between krishna and Pennar,337.0995,1.42,100.0
subbasin,KTP,East flowing rivers between krishna and Pennar,subbasin||KTP,,East flowing rivers between Krishna and Pennar Basin,East flowing rivers between krishna and Pennar,watershed,C17KTP23,Watershed C17KTP23,watershed||C17KTP23,,East flowing rivers between Krishna and Pennar Basin,East flowing rivers between krishna and Pennar,723.9895,3.05,100.0
subbasin,KTP,East flowing rivers between krishna and Pennar,subbasin||KTP,,East flowing rivers between Krishna and Pennar Basin,East flowing rivers between krishna and Pennar,watershed,C17KTP24,Watershed C17KTP24,watershed||C17KTP24,,East flowing rivers between Krishna and Pennar Basin,East flowing rivers between krishna and Pennar,567.0405,2.39,100.0
subbasin,KTP,East flowing rivers between krishna and Pennar,subbasin||KTP,,East flowing rivers between Krishna and Pennar Basin,East flowing rivers between krishna and Pennar,watershed,C17KTP25,Watershed C17KTP25,watershed||C17KTP25,,East flowing rivers between Krishna and Pennar Basin,East flowing rivers between krishna and Pennar,562.6808,2.37,100.0
subbasin,KTP,East flowing rivers between krishna and Pennar,subbasin||KTP,,East flowing rivers between Krishna and Pennar Basin,East flowing rivers between krishna and Pennar,watershed,C17KTP26,Watershed C17KTP26,watershed||C17KTP26,,East flowing rivers between Krishna and Pennar Basin,East flowing rivers between krishna and Pennar,780.1149,3.28,100.0
subbasin,KTP,East flowing rivers between krishna and Pennar,subbasin||KTP,,East flowing rivers between Krishna and Pennar Basin,East flowing rivers between krishna and Pennar,watershed,C17KTP27,Watershed C17KTP27,watershed||C17KTP27,,East flowing rivers between Krishna and Pennar Basin,East flowing rivers between krishna and Pennar,465.6826,1.96,100.0
subbasin,KTP,East flowing rivers between krishna and Pennar,subbasin||KTP,,East flowing rivers between Krishna and Pennar Basin,East flowing rivers between krishna and Pennar,watershed,C17KTP28,Watershed C17KTP28,watershed||C17KTP28,,East flowing rivers between Krishna and Pennar Basin,East flowing rivers between krishna and Pennar,639.5326,2.69,100.0
subbasin,KTP,East flowing rivers between krishna and Pennar,subbasin||KTP,,East flowing rivers between Krishna and Pennar Basin,East flowing rivers between krishna and Pennar,watershed,C17KTP29,Watershed C17KTP29,watershed||C17KTP29,,East flowing rivers between Krishna and Pennar Basin,East flowing rivers between krishna and Pennar,1427.9909,6.01,100.0
subbasin,KTP,East flowing rivers between krishna and Pennar,subbasin||KTP,,East flowing rivers between Krishna and Pennar Basin,East flowing rivers between krishna and Pennar,watershed,C17KTP30,Watershed C17KTP30,watershed||C17KTP30,,East flowing rivers between Krishna and Pennar Basin,East flowing rivers between krishna and Pennar,578.8966,2.44,100.0
subbasin,KTP,East flowing rivers between krishna and Pennar,subbasin||KTP,,East flowing rivers between Krishna and Pennar Basin,East flowing rivers between krishna and Pennar,watershed,C17KTP31,Watershed C17KTP31,watershed||C17KTP31,,East flowing rivers between Krishna and Pennar Basin,East flowing rivers between krishna and Pennar,439.1339,1.85,100.0
subbasin,KTP,East flowing rivers between krishna and Pennar,subbasin||KTP,,East flowing rivers between Krishna and Pennar Basin,East flowing rivers between krishna and Pennar,watershed,C17KTP32,Watershed C17KTP32,watershed||C17KTP32,,East flowing rivers between Krishna and Pennar Basin,East flowing rivers between krishna and Pennar,498.2042,2.1,100.0
subbasin,KTP,East flowing rivers between krishna and Pennar,subbasin||KTP,,East flowing rivers between Krishna and Pennar Basin,East flowing rivers between krishna and Pennar,watershed,C17KTP33,Watershed C17KTP33,watershed||C17KTP33,,East flowing rivers between Krishna and Pennar Basin,East flowing rivers between krishna and Pennar,396.2697,1.67,100.0
subbasin,KTP,East flowing rivers between krishna and Pennar,subbasin||KTP,,East flowing rivers between Krishna and Pennar Basin,East flowing rivers between krishna and Pennar,watershed,C17KTP34,Watershed C17KTP34,watershed||C17KTP34,,East flowing rivers between Krishna and Pennar Basin,East flowing rivers between krishna and Pennar,701.7055,2.95,100.0
subbasin,KTP,East flowing rivers between krishna and Pennar,subbasin||KTP,,East flowing rivers between Krishna and Pennar Basin,East flowing rivers between krishna and Pennar,watershed,C17KTP35,Watershed C17KTP35,watershed||C17KTP35,,East flowing rivers between Krishna and Pennar Basin,East flowing rivers between krishna and Pennar,799.2384,3.36,100.0
subbasin,KTP,East flowing rivers between krishna and Pennar,subbasin||KTP,,East flowing rivers between Krishna and Pennar Basin,East flowing rivers between krishna and Pennar,watershed,C17KTP36,Watershed C17KTP36,watershed||C17KTP36,,East flowing rivers between Krishna and Pennar Basin,East flowing rivers between krishna and Pennar,783.7564,3.3,100.0
subbasin,KTP,East flowing rivers between krishna and Pennar,subbasin||KTP,,East flowing rivers between Krishna and Pennar Basin,East flowing rivers between krishna and Pennar,watershed,C17KTP37,Watershed C17KTP37,watershed||C17KTP37,,East flowing rivers between Krishna and Pennar Basin,East flowing rivers between krishna and Pennar,414.9981,1.75,100.0
subbasin,KTP,East flowing rivers between krishna and Pennar,subbasin||KTP,,East flowing rivers between Krishna and Pennar Basin,East flowing rivers between krishna and Pennar,watershed,C17KTP38,Watershed C17KTP38,watershed||C17KTP38,,East flowing rivers between Krishna and Pennar Basin,East flowing rivers between krishna and Pennar,554.4293,2.33,100.0
subbasin,KTP,East flowing rivers between krishna and Pennar,subbasin||KTP,,East flowing rivers between Krishna and Pennar Basin,East flowing rivers between krishna and Pennar,watershed,C17KTP39,Watershed C17KTP39,watershed||C17KTP39,,East flowing rivers between Krishna and Pennar Basin,East flowing rivers between krishna and Pennar,715.1589,3.01,100.0
subbasin,KTP,East flowing rivers between krishna and Pennar,subbasin||KTP,,East flowing rivers between Krishna and Pennar Basin,East flowing rivers between krishna and Pennar,watershed,C17KTP40,Watershed C17KTP40,watershed||C17KTP40,,East flowing rivers between Krishna and Pennar Basin,East flowing rivers between krishna and Pennar,581.0372,2.44,100.0
subbasin,KTP,East flowing rivers between krishna and Pennar,subbasin||KTP,,East flowing rivers between Krishna and Pennar Basin,East flowing rivers between krishna and Pennar,watershed,C17KTP41,Watershed C17KTP41,watershed||C17KTP41,,East flowing rivers between Krishna and Pennar Basin,East flowing rivers between krishna and Pennar,868.8675,3.66,100.0
subbasin,GAN,Gandak and others,subbasin||GAN,,Ganga Basin,Gandak and others,watershed,C2AGAN01,Watershed C2AGAN01,watershed||C2AGAN01,,Ganga Basin,Gandak and others,595.0866,1.02,100.0
subbasin,GAN,Gandak and others,subbasin||GAN,,Ganga Basin,Gandak and others,watershed,C2AGAN02,Watershed C2AGAN02,watershed||C2AGAN02,,Ganga Basin,Gandak and others,841.2715,1.44,100.0
subbasin,GAN,Gandak and others,subbasin||GAN,,Ganga Basin,Gandak and others,watershed,C2AGAN03,Watershed C2AGAN03,watershed||C2AGAN03,,Ganga Basin,Gandak and others,532.979,0.91,100.0
subbasin,GAN,Gandak and others,subbasin||GAN,,Ganga Basin,Gandak and others,watershed,C2AGAN04,Watershed C2AGAN04,watershed||C2AGAN04,,Ganga Basin,Gandak and others,782.9793,1.34,100.0
subbasin,GAN,Gandak and others,subbasin||GAN,,Ganga Basin,Gandak and others,watershed,C2AGAN05,Watershed C2AGAN05,watershed||C2AGAN05,,Ganga Basin,Gandak and others,1075.5857,1.84,100.0
subbasin,GAN,Gandak and others,subbasin||GAN,,Ganga Basin,Gandak and others,watershed,C2AGAN06,Watershed C2AGAN06,watershed||C2AGAN06,,Ganga Basin,Gandak and others,971.8965,1.66,100.0
subbasin,GAN,Gandak and others,subbasin||GAN,,Ganga Basin,Gandak and others,watershed,C2AGAN07,Watershed C2AGAN07,watershed||C2AGAN07,,Ganga Basin,Gandak and others,628.7084,1.08,100.0
subbasin,GAN,Gandak and others,subbasin||GAN,,Ganga Basin,Gandak and others,watershed,C2AGAN08,Watershed C2AGAN08,watershed||C2AGAN08,,Ganga Basin,Gandak and others,707.7491,1.21,100.0
subbasin,GAN,Gandak and others,subbasin||GAN,,Ganga Basin,Gandak and others,watershed,C2AGAN09,Watershed C2AGAN09,watershed||C2AGAN09,,Ganga Basin,Gandak and others,1359.606,2.33,100.0
subbasin,GAN,Gandak and others,subbasin||GAN,,Ganga Basin,Gandak and others,watershed,C2AGAN10,Watershed C2AGAN10,watershed||C2AGAN10,,Ganga Basin,Gandak and others,579.5255,0.99,100.0
subbasin,GAN,Gandak and others,subbasin||GAN,,Ganga Basin,Gandak and others,watershed,C2AGAN11,Watershed C2AGAN11,watershed||C2AGAN11,,Ganga Basin,Gandak and others,873.8142,1.49,100.0
subbasin,GAN,Gandak and others,subbasin||GAN,,Ganga Basin,Gandak and others,watershed,C2AGAN12,Watershed C2AGAN12,watershed||C2AGAN12,,Ganga Basin,Gandak and others,565.5155,0.97,100.0
subbasin,GAN,Gandak and others,subbasin||GAN,,Ganga Basin,Gandak and others,watershed,C2AGAN13,Watershed C2AGAN13,watershed||C2AGAN13,,Ganga Basin,Gandak and others,971.113,1.66,100.0
subbasin,GAN,Gandak and others,subbasin||GAN,,Ganga Basin,Gandak and others,watershed,C2AGAN14,Watershed C2AGAN14,watershed||C2AGAN14,,Ganga Basin,Gandak and others,771.5706,1.32,100.0
subbasin,GAN,Gandak and others,subbasin||GAN,,Ganga Basin,Gandak and others,watershed,C2AGAN15,Watershed C2AGAN15,watershed||C2AGAN15,,Ganga Basin,Gandak and others,509.1729,0.87,100.0
subbasin,GAN,Gandak and others,subbasin||GAN,,Ganga Basin,Gandak and others,watershed,C2AGAN16,Watershed C2AGAN16,watershed||C2AGAN16,,Ganga Basin,Gandak and others,591.6272,1.01,100.0
subbasin,GAN,Gandak and others,subbasin||GAN,,Ganga Basin,Gandak and others,watershed,C2AGAN17,Watershed C2AGAN17,watershed||C2AGAN17,,Ganga Basin,Gandak and others,634.3957,1.09,100.0
subbasin,GAN,Gandak and others,subbasin||GAN,,Ganga Basin,Gandak and others,watershed,C2AGAN18,Watershed C2AGAN18,watershed||C2AGAN18,,Ganga Basin,Gandak and others,586.7582,1.0,100.0
subbasin,GAN,Gandak and others,subbasin||GAN,,Ganga Basin,Gandak and others,watershed,C2AGAN19,Watershed C2AGAN19,watershed||C2AGAN19,,Ganga Basin,Gandak and others,694.8601,1.19,100.0
subbasin,GAN,Gandak and others,subbasin||GAN,,Ganga Basin,Gandak and others,watershed,C2AGAN20,Watershed C2AGAN20,watershed||C2AGAN20,,Ganga Basin,Gandak and others,593.5936,1.02,100.0
subbasin,GAN,Gandak and others,subbasin||GAN,,Ganga Basin,Gandak and others,watershed,C2AGAN21,Watershed C2AGAN21,watershed||C2AGAN21,,Ganga Basin,Gandak and others,721.8925,1.23,100.0
subbasin,GAN,Gandak and others,subbasin||GAN,,Ganga Basin,Gandak and others,watershed,C2AGAN22,Watershed C2AGAN22,watershed||C2AGAN22,,Ganga Basin,Gandak and others,551.6427,0.94,100.0
subbasin,GAN,Gandak and others,subbasin||GAN,,Ganga Basin,Gandak and others,watershed,C2AGAN23,Watershed C2AGAN23,watershed||C2AGAN23,,Ganga Basin,Gandak and others,1172.8871,2.01,100.0
subbasin,GAN,Gandak and others,subbasin||GAN,,Ganga Basin,Gandak and others,watershed,C2AGAN24,Watershed C2AGAN24,watershed||C2AGAN24,,Ganga Basin,Gandak and others,674.5805,1.15,100.0
subbasin,GAN,Gandak and others,subbasin||GAN,,Ganga Basin,Gandak and others,watershed,C2AGAN25,Watershed C2AGAN25,watershed||C2AGAN25,,Ganga Basin,Gandak and others,1097.419,1.88,100.0
subbasin,GAN,Gandak and others,subbasin||GAN,,Ganga Basin,Gandak and others,watershed,C2AGAN26,Watershed C2AGAN26,watershed||C2AGAN26,,Ganga Basin,Gandak and others,801.5846,1.37,100.0
subbasin,GAN,Gandak and others,subbasin||GAN,,Ganga Basin,Gandak and others,watershed,C2AGAN27,Watershed C2AGAN27,watershed||C2AGAN27,,Ganga Basin,Gandak and others,1045.9988,1.79,100.0
subbasin,GAN,Gandak and others,subbasin||GAN,,Ganga Basin,Gandak and others,watershed,C2AGAN28,Watershed C2AGAN28,watershed||C2AGAN28,,Ganga Basin,Gandak and others,692.5432,1.18,100.0
subbasin,GAN,Gandak and others,subbasin||GAN,,Ganga Basin,Gandak and others,watershed,C2AGAN29,Watershed C2AGAN29,watershed||C2AGAN29,,Ganga Basin,Gandak and others,572.8877,0.98,100.0
subbasin,GAN,Gandak and others,subbasin||GAN,,Ganga Basin,Gandak and others,watershed,C2AGAN30,Watershed C2AGAN30,watershed||C2AGAN30,,Ganga Basin,Gandak and others,693.4811,1.19,100.0
subbasin,GAN,Gandak and others,subbasin||GAN,,Ganga Basin,Gandak and others,watershed,C2AGAN31,Watershed C2AGAN31,watershed||C2AGAN31,,Ganga Basin,Gandak and others,496.8568,0.85,100.0
subbasin,GAN,Gandak and others,subbasin||GAN,,Ganga Basin,Gandak and others,watershed,C2AGAN32,Watershed C2AGAN32,watershed||C2AGAN32,,Ganga Basin,Gandak and others,743.8262,1.27,100.0
subbasin,GAN,Gandak and others,subbasin||GAN,,Ganga Basin,Gandak and others,watershed,C2AGAN33,Watershed C2AGAN33,watershed||C2AGAN33,,Ganga Basin,Gandak and others,1262.616,2.16,100.0
subbasin,GAN,Gandak and others,subbasin||GAN,,Ganga Basin,Gandak and others,watershed,C2AGAN34,Watershed C2AGAN34,watershed||C2AGAN34,,Ganga Basin,Gandak and others,712.1418,1.22,100.0
subbasin,GAN,Gandak and others,subbasin||GAN,,Ganga Basin,Gandak and others,watershed,C2AGAN35,Watershed C2AGAN35,watershed||C2AGAN35,,Ganga Basin,Gandak and others,846.7904,1.45,100.0
subbasin,GAN,Gandak and others,subbasin||GAN,,Ganga Basin,Gandak and others,watershed,C2AGAN36,Watershed C2AGAN36,watershed||C2AGAN36,,Ganga Basin,Gandak and others,942.3473,1.61,100.0
subbasin,GAN,Gandak and others,subbasin||GAN,,Ganga Basin,Gandak and others,watershed,C2AGAN37,Watershed C2AGAN37,watershed||C2AGAN37,,Ganga Basin,Gandak and others,1223.9664,2.09,100.0
subbasin,GAN,Gandak and others,subbasin||GAN,,Ganga Basin,Gandak and others,watershed,C2AGAN38,Watershed C2AGAN38,watershed||C2AGAN38,,Ganga Basin,Gandak and others,602.1772,1.03,100.0
subbasin,GAN,Gandak and others,subbasin||GAN,,Ganga Basin,Gandak and others,watershed,C2AGAN39,Watershed C2AGAN39,watershed||C2AGAN39,,Ganga Basin,Gandak and others,577.1838,0.99,100.0
subbasin,GAN,Gandak and others,subbasin||GAN,,Ganga Basin,Gandak and others,watershed,C2AGAN40,Watershed C2AGAN40,watershed||C2AGAN40,,Ganga Basin,Gandak and others,815.8731,1.4,100.0
subbasin,GAN,Gandak and others,subbasin||GAN,,Ganga Basin,Gandak and others,watershed,C2AGAN41,Watershed C2AGAN41,watershed||C2AGAN41,,Ganga Basin,Gandak and others,656.9125,1.12,100.0
subbasin,GAN,Gandak and others,subbasin||GAN,,Ganga Basin,Gandak and others,watershed,C2AGAN42,Watershed C2AGAN42,watershed||C2AGAN42,,Ganga Basin,Gandak and others,951.5365,1.63,100.0
subbasin,GAN,Gandak and others,subbasin||GAN,,Ganga Basin,Gandak and others,watershed,C2AGAN43,Watershed C2AGAN43,watershed||C2AGAN43,,Ganga Basin,Gandak and others,668.3497,1.14,100.0
subbasin,GAN,Gandak and others,subbasin||GAN,,Ganga Basin,Gandak and others,watershed,C2AGAN44,Watershed C2AGAN44,watershed||C2AGAN44,,Ganga Basin,Gandak and others,655.7396,1.12,100.0
subbasin,GAN,Gandak and others,subbasin||GAN,,Ganga Basin,Gandak and others,watershed,C2AGAN45,Watershed C2AGAN45,watershed||C2AGAN45,,Ganga Basin,Gandak and others,1305.0464,2.23,100.0
subbasin,GAN,Gandak and others,subbasin||GAN,,Ganga Basin,Gandak and others,watershed,C2AGAN46,Watershed C2AGAN46,watershed||C2AGAN46,,Ganga Basin,Gandak and others,672.826,1.15,100.0
subbasin,GAN,Gandak and others,subbasin||GAN,,Ganga Basin,Gandak and others,watershed,C2AGAN47,Watershed C2AGAN47,watershed||C2AGAN47,,Ganga Basin,Gandak and others,637.5071,1.09,100.0
subbasin,GAN,Gandak and others,subbasin||GAN,,Ganga Basin,Gandak and others,watershed,C2AGAN48,Watershed C2AGAN48,watershed||C2AGAN48,,Ganga Basin,Gandak and others,966.8085,1.65,100.0
subbasin,GAN,Gandak and others,subbasin||GAN,,Ganga Basin,Gandak and others,watershed,C2AGAN49,Watershed C2AGAN49,watershed||C2AGAN49,,Ganga Basin,Gandak and others,549.5017,0.94,100.0
subbasin,GAN,Gandak and others,subbasin||GAN,,Ganga Basin,Gandak and others,watershed,C2AGAN50,Watershed C2AGAN50,watershed||C2AGAN50,,Ganga Basin,Gandak and others,1040.4936,1.78,100.0
subbasin,GAN,Gandak and others,subbasin||GAN,,Ganga Basin,Gandak and others,watershed,C2AGAN51,Watershed C2AGAN51,watershed||C2AGAN51,,Ganga Basin,Gandak and others,561.9735,0.96,100.0
subbasin,GAN,Gandak and others,subbasin||GAN,,Ganga Basin,Gandak and others,watershed,C2AGAN52,Watershed C2AGAN52,watershed||C2AGAN52,,Ganga Basin,Gandak and others,804.2191,1.38,100.0
subbasin,GAN,Gandak and others,subbasin||GAN,,Ganga Basin,Gandak and others,watershed,C2AGAN53,Watershed C2AGAN53,watershed||C2AGAN53,,Ganga Basin,Gandak and others,882.3651,1.51,100.0
subbasin,GAN,Gandak and others,subbasin||GAN,,Ganga Basin,Gandak and others,watershed,C2AGAN54,Watershed C2AGAN54,watershed||C2AGAN54,,Ganga Basin,Gandak and others,771.1104,1.32,100.0
subbasin,GAN,Gandak and others,subbasin||GAN,,Ganga Basin,Gandak and others,watershed,C2AGAN55,Watershed C2AGAN55,watershed||C2AGAN55,,Ganga Basin,Gandak and others,950.136,1.63,100.0
subbasin,GAN,Gandak and others,subbasin||GAN,,Ganga Basin,Gandak and others,watershed,C2AGAN56,Watershed C2AGAN56,watershed||C2AGAN56,,Ganga Basin,Gandak and others,400.5127,0.69,100.0
subbasin,GAN,Gandak and others,subbasin||GAN,,Ganga Basin,Gandak and others,watershed,C2AGAN57,Watershed C2AGAN57,watershed||C2AGAN57,,Ganga Basin,Gandak and others,406.6541,0.7,100.0
subbasin,GAN,Gandak and others,subbasin||GAN,,Ganga Basin,Gandak and others,watershed,C2AGAN58,Watershed C2AGAN58,watershed||C2AGAN58,,Ganga Basin,Gandak and others,885.0183,1.51,50.21
subbasin,GAN,Gandak and others,subbasin||GAN,,Ganga Basin,Gandak and others,watershed,C2AGAN59,Watershed C2AGAN59,watershed||C2AGAN59,,Ganga Basin,Gandak and others,1194.9669,2.04,100.0
subbasin,GAN,Gandak and others,subbasin||GAN,,Ganga Basin,Gandak and others,watershed,C2AGAN60,Watershed C2AGAN60,watershed||C2AGAN60,,Ganga Basin,Gandak and others,765.3177,1.31,100.0
subbasin,GAN,Gandak and others,subbasin||GAN,,Ganga Basin,Gandak and others,watershed,C2AGAN61,Watershed C2AGAN61,watershed||C2AGAN61,,Ganga Basin,Gandak and others,345.2838,0.59,100.0
subbasin,GAN,Gandak and others,subbasin||GAN,,Ganga Basin,Gandak and others,watershed,C2AGAN62,Watershed C2AGAN62,watershed||C2AGAN62,,Ganga Basin,Gandak and others,1358.5711,2.32,100.0
subbasin,GAN,Gandak and others,subbasin||GAN,,Ganga Basin,Gandak and others,watershed,C2AGAN63,Watershed C2AGAN63,watershed||C2AGAN63,,Ganga Basin,Gandak and others,454.3465,0.78,100.0
subbasin,GAN,Gandak and others,subbasin||GAN,,Ganga Basin,Gandak and others,watershed,C2AGAN64,Watershed C2AGAN64,watershed||C2AGAN64,,Ganga Basin,Gandak and others,556.694,0.95,100.0
subbasin,GAN,Gandak and others,subbasin||GAN,,Ganga Basin,Gandak and others,watershed,C2AGAN65,Watershed C2AGAN65,watershed||C2AGAN65,,Ganga Basin,Gandak and others,961.8099,1.65,100.0
subbasin,GAN,Gandak and others,subbasin||GAN,,Ganga Basin,Gandak and others,watershed,C2AGAN66,Watershed C2AGAN66,watershed||C2AGAN66,,Ganga Basin,Gandak and others,594.8981,1.02,100.0
subbasin,GAN,Gandak and others,subbasin||GAN,,Ganga Basin,Gandak and others,watershed,C2AGAN67,Watershed C2AGAN67,watershed||C2AGAN67,,Ganga Basin,Gandak and others,565.9365,0.97,100.0
subbasin,GAN,Gandak and others,subbasin||GAN,,Ganga Basin,Gandak and others,watershed,C2AGAN68,Watershed C2AGAN68,watershed||C2AGAN68,,Ganga Basin,Gandak and others,746.5331,1.28,100.0
subbasin,GAN,Gandak and others,subbasin||GAN,,Ganga Basin,Gandak and others,watershed,C2AGAN69,Watershed C2AGAN69,watershed||C2AGAN69,,Ganga Basin,Gandak and others,494.5094,0.85,100.0
subbasin,GAN,Gandak and others,subbasin||GAN,,Ganga Basin,Gandak and others,watershed,C2AGAN70,Watershed C2AGAN70,watershed||C2AGAN70,,Ganga Basin,Gandak and others,760.9796,1.3,100.0
subbasin,GAN,Gandak and others,subbasin||GAN,,Ganga Basin,Gandak and others,watershed,C2AGAN71,Watershed C2AGAN71,watershed||C2AGAN71,,Ganga Basin,Gandak and others,348.1766,0.6,100.0
subbasin,GAN,Gandak and others,subbasin||GAN,,Ganga Basin,Gandak and others,watershed,C2AGAN72,Watershed C2AGAN72,watershed||C2AGAN72,,Ganga Basin,Gandak and others,1234.3564,2.11,100.0
subbasin,GAN,Gandak and others,subbasin||GAN,,Ganga Basin,Gandak and others,watershed,C2AGAN73,Watershed C2AGAN73,watershed||C2AGAN73,,Ganga Basin,Gandak and others,946.12,1.62,100.0
subbasin,GAN,Gandak and others,subbasin||GAN,,Ganga Basin,Gandak and others,watershed,C2AGAN74,Watershed C2AGAN74,watershed||C2AGAN74,,Ganga Basin,Gandak and others,691.3185,1.18,100.0
subbasin,GAN,Gandak and others,subbasin||GAN,,Ganga Basin,Gandak and others,watershed,C2AGAN75,Watershed C2AGAN75,watershed||C2AGAN75,,Ganga Basin,Gandak and others,658.4032,1.13,100.0
subbasin,GAN,Gandak and others,subbasin||GAN,,Ganga Basin,Gandak and others,watershed,C2AGAN76,Watershed C2AGAN76,watershed||C2AGAN76,,Ganga Basin,Gandak and others,906.0071,1.55,100.0
subbasin,GHO,Ghaghar and others,subbasin||GHO,,Indus (Up to border) Basin,Ghaghar and others,watershed,A01GHO01,Watershed A01GHO01,watershed||A01GHO01,,Indus (Up to border) Basin,Ghaghar and others,440.9659,0.86,100.0
subbasin,GHO,Ghaghar and others,subbasin||GHO,,Indus (Up to border) Basin,Ghaghar and others,watershed,A01GHO02,Watershed A01GHO02,watershed||A01GHO02,,Indus (Up to border) Basin,Ghaghar and others,460.65,0.89,100.0
subbasin,GHO,Ghaghar and others,subbasin||GHO,,Indus (Up to border) Basin,Ghaghar and others,watershed,A01GHO03,Watershed A01GHO03,watershed||A01GHO03,,Indus (Up to border) Basin,Ghaghar and others,490.9809,0.95,100.0
subbasin,GHO,Ghaghar and others,subbasin||GHO,,Indus (Up to border) Basin,Ghaghar and others,watershed,A01GHO04,Watershed A01GHO04,watershed||A01GHO04,,Indus (Up to border) Basin,Ghaghar and others,914.5916,1.78,100.0
subbasin,GHO,Ghaghar and others,subbasin||GHO,,Indus (Up to border) Basin,Ghaghar and others,watershed,A01GHO05,Watershed A01GHO05,watershed||A01GHO05,,Indus (Up to border) Basin,Ghaghar and others,339.2196,0.66,100.0
subbasin,GHO,Ghaghar and others,subbasin||GHO,,Indus (Up to border) Basin,Ghaghar and others,watershed,A01GHO06,Watershed A01GHO06,watershed||A01GHO06,,Indus (Up to border) Basin,Ghaghar and others,805.1377,1.56,100.0
subbasin,GHO,Ghaghar and others,subbasin||GHO,,Indus (Up to border) Basin,Ghaghar and others,watershed,A01GHO07,Watershed A01GHO07,watershed||A01GHO07,,Indus (Up to border) Basin,Ghaghar and others,622.7239,1.21,100.0
subbasin,GHO,Ghaghar and others,subbasin||GHO,,Indus (Up to border) Basin,Ghaghar and others,watershed,A01GHO08,Watershed A01GHO08,watershed||A01GHO08,,Indus (Up to border) Basin,Ghaghar and others,446.2847,0.87,100.0
subbasin,GHO,Ghaghar and others,subbasin||GHO,,Indus (Up to border) Basin,Ghaghar and others,watershed,A01GHO09,Watershed A01GHO09,watershed||A01GHO09,,Indus (Up to border) Basin,Ghaghar and others,468.1745,0.91,100.0
subbasin,GHO,Ghaghar and others,subbasin||GHO,,Indus (Up to border) Basin,Ghaghar and others,watershed,A01GHO10,Watershed A01GHO10,watershed||A01GHO10,,Indus (Up to border) Basin,Ghaghar and others,500.7691,0.97,100.0
subbasin,GHO,Ghaghar and others,subbasin||GHO,,Indus (Up to border) Basin,Ghaghar and others,watershed,A01GHO11,Watershed A01GHO11,watershed||A01GHO11,,Indus (Up to border) Basin,Ghaghar and others,740.4835,1.44,100.0
subbasin,GHO,Ghaghar and others,subbasin||GHO,,Indus (Up to border) Basin,Ghaghar and others,watershed,A01GHO12,Watershed A01GHO12,watershed||A01GHO12,,Indus (Up to border) Basin,Ghaghar and others,407.8197,0.79,100.0
subbasin,GHO,Ghaghar and others,subbasin||GHO,,Indus (Up to border) Basin,Ghaghar and others,watershed,A01GHO13,Watershed A01GHO13,watershed||A01GHO13,,Indus (Up to border) Basin,Ghaghar and others,614.3975,1.19,100.0
subbasin,GHO,Ghaghar and others,subbasin||GHO,,Indus (Up to border) Basin,Ghaghar and others,watershed,A01GHO14,Watershed A01GHO14,watershed||A01GHO14,,Indus (Up to border) Basin,Ghaghar and others,764.2546,1.48,100.0
subbasin,GHO,Ghaghar and others,subbasin||GHO,,Indus (Up to border) Basin,Ghaghar and others,watershed,A01GHO15,Watershed A01GHO15,watershed||A01GHO15,,Indus (Up to border) Basin,Ghaghar and others,667.2599,1.3,100.0
subbasin,GHO,Ghaghar and others,subbasin||GHO,,Indus (Up to border) Basin,Ghaghar and others,watershed,A01GHO16,Watershed A01GHO16,watershed||A01GHO16,,Indus (Up to border) Basin,Ghaghar and others,977.3977,1.9,100.0
subbasin,GHO,Ghaghar and others,subbasin||GHO,,Indus (Up to border) Basin,Ghaghar and others,watershed,A01GHO17,Watershed A01GHO17,watershed||A01GHO17,,Indus (Up to border) Basin,Ghaghar and others,406.6213,0.79,100.0
subbasin,GHO,Ghaghar and others,subbasin||GHO,,Indus (Up to border) Basin,Ghaghar and others,watershed,A01GHO18,Watershed A01GHO18,watershed||A01GHO18,,Indus (Up to border) Basin,Ghaghar and others,474.15,0.92,100.0
subbasin,GHO,Ghaghar and others,subbasin||GHO,,Indus (Up to border) Basin,Ghaghar and others,watershed,A01GHO19,Watershed A01GHO19,watershed||A01GHO19,,Indus (Up to border) Basin,Ghaghar and others,918.649,1.78,100.0
subbasin,GHO,Ghaghar and others,subbasin||GHO,,Indus (Up to border) Basin,Ghaghar and others,watershed,A01GHO20,Watershed A01GHO20,watershed||A01GHO20,,Indus (Up to border) Basin,Ghaghar and others,688.353,1.34,100.0
subbasin,GHO,Ghaghar and others,subbasin||GHO,,Indus (Up to border) Basin,Ghaghar and others,watershed,A01GHO21,Watershed A01GHO21,watershed||A01GHO21,,Indus (Up to border) Basin,Ghaghar and others,603.0539,1.17,100.0
subbasin,GHO,Ghaghar and others,subbasin||GHO,,Indus (Up to border) Basin,Ghaghar and others,watershed,A01GHO22,Watershed A01GHO22,watershed||A01GHO22,,Indus (Up to border) Basin,Ghaghar and others,1191.2428,2.31,100.0
subbasin,GHO,Ghaghar and others,subbasin||GHO,,Indus (Up to border) Basin,Ghaghar and others,watershed,A01GHO23,Watershed A01GHO23,watershed||A01GHO23,,Indus (Up to border) Basin,Ghaghar and others,932.6647,1.81,100.0
subbasin,GHO,Ghaghar and others,subbasin||GHO,,Indus (Up to border) Basin,Ghaghar and others,watershed,A01GHO24,Watershed A01GHO24,watershed||A01GHO24,,Indus (Up to border) Basin,Ghaghar and others,995.8587,1.93,100.0
subbasin,GHO,Ghaghar and others,subbasin||GHO,,Indus (Up to border) Basin,Ghaghar and others,watershed,A01GHO25,Watershed A01GHO25,watershed||A01GHO25,,Indus (Up to border) Basin,Ghaghar and others,547.0544,1.06,100.0
subbasin,GHO,Ghaghar and others,subbasin||GHO,,Indus (Up to border) Basin,Ghaghar and others,watershed,A01GHO26,Watershed A01GHO26,watershed||A01GHO26,,Indus (Up to border) Basin,Ghaghar and others,525.1057,1.02,100.0
subbasin,GHO,Ghaghar and others,subbasin||GHO,,Indus (Up to border) Basin,Ghaghar and others,watershed,A01GHO27,Watershed A01GHO27,watershed||A01GHO27,,Indus (Up to border) Basin,Ghaghar and others,394.4597,0.77,100.0
subbasin,GHO,Ghaghar and others,subbasin||GHO,,Indus (Up to border) Basin,Ghaghar and others,watershed,A01GHO28,Watershed A01GHO28,watershed||A01GHO28,,Indus (Up to border) Basin,Ghaghar and others,394.5182,0.77,100.0
subbasin,GHO,Ghaghar and others,subbasin||GHO,,Indus (Up to border) Basin,Ghaghar and others,watershed,A01GHO29,Watershed A01GHO29,watershed||A01GHO29,,Indus (Up to border) Basin,Ghaghar and others,568.2723,1.1,100.0
subbasin,GHO,Ghaghar and others,subbasin||GHO,,Indus (Up to border) Basin,Ghaghar and others,watershed,A01GHO30,Watershed A01GHO30,watershed||A01GHO30,,Indus (Up to border) Basin,Ghaghar and others,454.1768,0.88,100.0
subbasin,GHO,Ghaghar and others,subbasin||GHO,,Indus (Up to border) Basin,Ghaghar and others,watershed,A01GHO31,Watershed A01GHO31,watershed||A01GHO31,,Indus (Up to border) Basin,Ghaghar and others,612.7161,1.19,100.0
subbasin,GHO,Ghaghar and others,subbasin||GHO,,Indus (Up to border) Basin,Ghaghar and others,watershed,A01GHO32,Watershed A01GHO32,watershed||A01GHO32,,Indus (Up to border) Basin,Ghaghar and others,372.6176,0.72,100.0
subbasin,GHO,Ghaghar and others,subbasin||GHO,,Indus (Up to border) Basin,Ghaghar and others,watershed,A01GHO33,Watershed A01GHO33,watershed||A01GHO33,,Indus (Up to border) Basin,Ghaghar and others,549.1658,1.07,100.0
subbasin,GHO,Ghaghar and others,subbasin||GHO,,Indus (Up to border) Basin,Ghaghar and others,watershed,A01GHO34,Watershed A01GHO34,watershed||A01GHO34,,Indus (Up to border) Basin,Ghaghar and others,497.8303,0.97,100.0
subbasin,GHO,Ghaghar and others,subbasin||GHO,,Indus (Up to border) Basin,Ghaghar and others,watershed,A01GHO35,Watershed A01GHO35,watershed||A01GHO35,,Indus (Up to border) Basin,Ghaghar and others,577.1017,1.12,100.0
subbasin,GHO,Ghaghar and others,subbasin||GHO,,Indus (Up to border) Basin,Ghaghar and others,watershed,A01GHO36,Watershed A01GHO36,watershed||A01GHO36,,Indus (Up to border) Basin,Ghaghar and others,1091.0888,2.12,100.0
subbasin,GHO,Ghaghar and others,subbasin||GHO,,Indus (Up to border) Basin,Ghaghar and others,watershed,A01GHO37,Watershed A01GHO37,watershed||A01GHO37,,Indus (Up to border) Basin,Ghaghar and others,517.95,1.01,100.0
subbasin,GHO,Ghaghar and others,subbasin||GHO,,Indus (Up to border) Basin,Ghaghar and others,watershed,A01GHO38,Watershed A01GHO38,watershed||A01GHO38,,Indus (Up to border) Basin,Ghaghar and others,456.835,0.89,100.0
subbasin,GHO,Ghaghar and others,subbasin||GHO,,Indus (Up to border) Basin,Ghaghar and others,watershed,A01GHO39,Watershed A01GHO39,watershed||A01GHO39,,Indus (Up to border) Basin,Ghaghar and others,339.7381,0.66,100.0
subbasin,GHO,Ghaghar and others,subbasin||GHO,,Indus (Up to border) Basin,Ghaghar and others,watershed,A01GHO40,Watershed A01GHO40,watershed||A01GHO40,,Indus (Up to border) Basin,Ghaghar and others,605.7606,1.18,100.0
subbasin,GHO,Ghaghar and others,subbasin||GHO,,Indus (Up to border) Basin,Ghaghar and others,watershed,A01GHO41,Watershed A01GHO41,watershed||A01GHO41,,Indus (Up to border) Basin,Ghaghar and others,679.7291,1.32,100.0
subbasin,GHO,Ghaghar and others,subbasin||GHO,,Indus (Up to border) Basin,Ghaghar and others,watershed,A01GHO42,Watershed A01GHO42,watershed||A01GHO42,,Indus (Up to border) Basin,Ghaghar and others,439.3287,0.85,100.0
subbasin,GHO,Ghaghar and others,subbasin||GHO,,Indus (Up to border) Basin,Ghaghar and others,watershed,A01GHO43,Watershed A01GHO43,watershed||A01GHO43,,Indus (Up to border) Basin,Ghaghar and others,449.6575,0.87,100.0
subbasin,GHO,Ghaghar and others,subbasin||GHO,,Indus (Up to border) Basin,Ghaghar and others,watershed,A01GHO44,Watershed A01GHO44,watershed||A01GHO44,,Indus (Up to border) Basin,Ghaghar and others,662.4794,1.29,100.0
subbasin,GHO,Ghaghar and others,subbasin||GHO,,Indus (Up to border) Basin,Ghaghar and others,watershed,A01GHO45,Watershed A01GHO45,watershed||A01GHO45,,Indus (Up to border) Basin,Ghaghar and others,1544.7724,3.0,100.0
subbasin,GHO,Ghaghar and others,subbasin||GHO,,Indus (Up to border) Basin,Ghaghar and others,watershed,A01GHO46,Watershed A01GHO46,watershed||A01GHO46,,Indus (Up to border) Basin,Ghaghar and others,539.4768,1.05,100.0
subbasin,GHO,Ghaghar and others,subbasin||GHO,,Indus (Up to border) Basin,Ghaghar and others,watershed,A01GHO47,Watershed A01GHO47,watershed||A01GHO47,,Indus (Up to border) Basin,Ghaghar and others,893.4498,1.73,100.0
subbasin,GHO,Ghaghar and others,subbasin||GHO,,Indus (Up to border) Basin,Ghaghar and others,watershed,A01GHO48,Watershed A01GHO48,watershed||A01GHO48,,Indus (Up to border) Basin,Ghaghar and others,1071.6,2.08,100.0
subbasin,GHO,Ghaghar and others,subbasin||GHO,,Indus (Up to border) Basin,Ghaghar and others,watershed,A01GHO49,Watershed A01GHO49,watershed||A01GHO49,,Indus (Up to border) Basin,Ghaghar and others,634.4201,1.23,100.0
subbasin,GHO,Ghaghar and others,subbasin||GHO,,Indus (Up to border) Basin,Ghaghar and others,watershed,A01GHO50,Watershed A01GHO50,watershed||A01GHO50,,Indus (Up to border) Basin,Ghaghar and others,614.7649,1.19,100.0
subbasin,GHO,Ghaghar and others,subbasin||GHO,,Indus (Up to border) Basin,Ghaghar and others,watershed,A01GHO51,Watershed A01GHO51,watershed||A01GHO51,,Indus (Up to border) Basin,Ghaghar and others,1315.4272,2.55,100.0
subbasin,GHO,Ghaghar and others,subbasin||GHO,,Indus (Up to border) Basin,Ghaghar and others,watershed,A01GHO52,Watershed A01GHO52,watershed||A01GHO52,,Indus (Up to border) Basin,Ghaghar and others,922.5708,1.79,100.0
subbasin,GHO,Ghaghar and others,subbasin||GHO,,Indus (Up to border) Basin,Ghaghar and others,watershed,A01GHO53,Watershed A01GHO53,watershed||A01GHO53,,Indus (Up to border) Basin,Ghaghar and others,779.6531,1.51,100.0
subbasin,GHO,Ghaghar and others,subbasin||GHO,,Indus (Up to border) Basin,Ghaghar and others,watershed,A01GHO54,Watershed A01GHO54,watershed||A01GHO54,,Indus (Up to border) Basin,Ghaghar and others,404.2983,0.78,100.0
subbasin,GHO,Ghaghar and others,subbasin||GHO,,Indus (Up to border) Basin,Ghaghar and others,watershed,A01GHO55,Watershed A01GHO55,watershed||A01GHO55,,Indus (Up to border) Basin,Ghaghar and others,539.5306,1.05,100.0
subbasin,GHO,Ghaghar and others,subbasin||GHO,,Indus (Up to border) Basin,Ghaghar and others,watershed,A01GHO56,Watershed A01GHO56,watershed||A01GHO56,,Indus (Up to border) Basin,Ghaghar and others,608.2712,1.18,100.0
subbasin,GHO,Ghaghar and others,subbasin||GHO,,Indus (Up to border) Basin,Ghaghar and others,watershed,A01GHO57,Watershed A01GHO57,watershed||A01GHO57,,Indus (Up to border) Basin,Ghaghar and others,667.5594,1.3,100.0
subbasin,GHO,Ghaghar and others,subbasin||GHO,,Indus (Up to border) Basin,Ghaghar and others,watershed,A01GHO58,Watershed A01GHO58,watershed||A01GHO58,,Indus (Up to border) Basin,Ghaghar and others,759.9037,1.47,100.0
subbasin,GHO,Ghaghar and others,subbasin||GHO,,Indus (Up to border) Basin,Ghaghar and others,watershed,A01GHO59,Watershed A01GHO59,watershed||A01GHO59,,Indus (Up to border) Basin,Ghaghar and others,880.8821,1.71,100.0
subbasin,GHO,Ghaghar and others,subbasin||GHO,,Indus (Up to border) Basin,Ghaghar and others,watershed,A01GHO60,Watershed A01GHO60,watershed||A01GHO60,,Indus (Up to border) Basin,Ghaghar and others,866.3533,1.68,100.0
subbasin,GHO,Ghaghar and others,subbasin||GHO,,Indus (Up to border) Basin,Ghaghar and others,watershed,A01GHO61,Watershed A01GHO61,watershed||A01GHO61,,Indus (Up to border) Basin,Ghaghar and others,827.9598,1.61,100.0
subbasin,GHO,Ghaghar and others,subbasin||GHO,,Indus (Up to border) Basin,Ghaghar and others,watershed,A01GHO62,Watershed A01GHO62,watershed||A01GHO62,,Indus (Up to border) Basin,Ghaghar and others,415.7982,0.81,100.0
subbasin,GHO,Ghaghar and others,subbasin||GHO,,Indus (Up to border) Basin,Ghaghar and others,watershed,A01GHO63,Watershed A01GHO63,watershed||A01GHO63,,Indus (Up to border) Basin,Ghaghar and others,1087.1783,2.11,100.0
subbasin,GHO,Ghaghar and others,subbasin||GHO,,Indus (Up to border) Basin,Ghaghar and others,watershed,A01GHO64,Watershed A01GHO64,watershed||A01GHO64,,Indus (Up to border) Basin,Ghaghar and others,802.6416,1.56,100.0
subbasin,GHO,Ghaghar and others,subbasin||GHO,,Indus (Up to border) Basin,Ghaghar and others,watershed,A01GHO65,Watershed A01GHO65,watershed||A01GHO65,,Indus (Up to border) Basin,Ghaghar and others,800.4355,1.55,100.0
subbasin,GHO,Ghaghar and others,subbasin||GHO,,Indus (Up to border) Basin,Ghaghar and others,watershed,A01GHO66,Watershed A01GHO66,watershed||A01GHO66,,Indus (Up to border) Basin,Ghaghar and others,1013.5425,1.97,100.0
subbasin,GHO,Ghaghar and others,subbasin||GHO,,Indus (Up to border) Basin,Ghaghar and others,watershed,A01GHO67,Watershed A01GHO67,watershed||A01GHO67,,Indus (Up to border) Basin,Ghaghar and others,740.7529,1.44,100.0
subbasin,GHO,Ghaghar and others,subbasin||GHO,,Indus (Up to border) Basin,Ghaghar and others,watershed,A01GHO68,Watershed A01GHO68,watershed||A01GHO68,,Indus (Up to border) Basin,Ghaghar and others,327.6158,0.64,100.0
subbasin,GHO,Ghaghar and others,subbasin||GHO,,Indus (Up to border) Basin,Ghaghar and others,watershed,A01GHO69,Watershed A01GHO69,watershed||A01GHO69,,Indus (Up to border) Basin,Ghaghar and others,852.7181,1.65,100.0
subbasin,GHO,Ghaghar and others,subbasin||GHO,,Indus (Up to border) Basin,Ghaghar and others,watershed,A01GHO70,Watershed A01GHO70,watershed||A01GHO70,,Indus (Up to border) Basin,Ghaghar and others,968.7343,1.88,100.0
subbasin,GHO,Ghaghar and others,subbasin||GHO,,Indus (Up to border) Basin,Ghaghar and others,watershed,A01GHO71,Watershed A01GHO71,watershed||A01GHO71,,Indus (Up to border) Basin,Ghaghar and others,954.5387,1.85,100.0
subbasin,GHO,Ghaghar and others,subbasin||GHO,,Indus (Up to border) Basin,Ghaghar and others,watershed,A01GHO72,Watershed A01GHO72,watershed||A01GHO72,,Indus (Up to border) Basin,Ghaghar and others,774.8514,1.5,100.0
subbasin,GHO,Ghaghar and others,subbasin||GHO,,Indus (Up to border) Basin,Ghaghar and others,watershed,A01GHO73,Watershed A01GHO73,watershed||A01GHO73,,Indus (Up to border) Basin,Ghaghar and others,633.145,1.23,100.0
subbasin,GHO,Ghaghar and others,subbasin||GHO,,Indus (Up to border) Basin,Ghaghar and others,watershed,A01GHO74,Watershed A01GHO74,watershed||A01GHO74,,Indus (Up to border) Basin,Ghaghar and others,685.9823,1.33,100.0
subbasin,GHO,Ghaghar and others,subbasin||GHO,,Indus (Up to border) Basin,Ghaghar and others,watershed,A01GHO75,Watershed A01GHO75,watershed||A01GHO75,,Indus (Up to border) Basin,Ghaghar and others,989.6114,1.92,100.0
subbasin,GHA,Ghaghara,subbasin||GHA,,Ganga Basin,Ghaghara,watershed,C2AGHA01,Watershed C2AGHA01,watershed||C2AGHA01,,Ganga Basin,Ghaghara,805.9578,1.33,100.0
subbasin,GHA,Ghaghara,subbasin||GHA,,Ganga Basin,Ghaghara,watershed,C2AGHA02,Watershed C2AGHA02,watershed||C2AGHA02,,Ganga Basin,Ghaghara,814.6834,1.34,100.0
subbasin,GHA,Ghaghara,subbasin||GHA,,Ganga Basin,Ghaghara,watershed,C2AGHA03,Watershed C2AGHA03,watershed||C2AGHA03,,Ganga Basin,Ghaghara,1004.6538,1.65,100.0
subbasin,GHA,Ghaghara,subbasin||GHA,,Ganga Basin,Ghaghara,watershed,C2AGHA04,Watershed C2AGHA04,watershed||C2AGHA04,,Ganga Basin,Ghaghara,857.1265,1.41,100.0
subbasin,GHA,Ghaghara,subbasin||GHA,,Ganga Basin,Ghaghara,watershed,C2AGHA05,Watershed C2AGHA05,watershed||C2AGHA05,,Ganga Basin,Ghaghara,1103.8247,1.82,100.0
subbasin,GHA,Ghaghara,subbasin||GHA,,Ganga Basin,Ghaghara,watershed,C2AGHA06,Watershed C2AGHA06,watershed||C2AGHA06,,Ganga Basin,Ghaghara,1149.973,1.89,100.0
subbasin,GHA,Ghaghara,subbasin||GHA,,Ganga Basin,Ghaghara,watershed,C2AGHA07,Watershed C2AGHA07,watershed||C2AGHA07,,Ganga Basin,Ghaghara,664.7885,1.1,100.0
subbasin,GHA,Ghaghara,subbasin||GHA,,Ganga Basin,Ghaghara,watershed,C2AGHA08,Watershed C2AGHA08,watershed||C2AGHA08,,Ganga Basin,Ghaghara,640.263,1.05,100.0
subbasin,GHA,Ghaghara,subbasin||GHA,,Ganga Basin,Ghaghara,watershed,C2AGHA09,Watershed C2AGHA09,watershed||C2AGHA09,,Ganga Basin,Ghaghara,718.9232,1.18,100.0
subbasin,GHA,Ghaghara,subbasin||GHA,,Ganga Basin,Ghaghara,watershed,C2AGHA10,Watershed C2AGHA10,watershed||C2AGHA10,,Ganga Basin,Ghaghara,645.0725,1.06,100.0
subbasin,GHA,Ghaghara,subbasin||GHA,,Ganga Basin,Ghaghara,watershed,C2AGHA11,Watershed C2AGHA11,watershed||C2AGHA11,,Ganga Basin,Ghaghara,973.1511,1.6,100.0
subbasin,GHA,Ghaghara,subbasin||GHA,,Ganga Basin,Ghaghara,watershed,C2AGHA12,Watershed C2AGHA12,watershed||C2AGHA12,,Ganga Basin,Ghaghara,1139.8965,1.88,100.0
subbasin,GHA,Ghaghara,subbasin||GHA,,Ganga Basin,Ghaghara,watershed,C2AGHA13,Watershed C2AGHA13,watershed||C2AGHA13,,Ganga Basin,Ghaghara,911.6189,1.5,100.0
subbasin,GHA,Ghaghara,subbasin||GHA,,Ganga Basin,Ghaghara,watershed,C2AGHA14,Watershed C2AGHA14,watershed||C2AGHA14,,Ganga Basin,Ghaghara,905.5836,1.49,100.0
subbasin,GHA,Ghaghara,subbasin||GHA,,Ganga Basin,Ghaghara,watershed,C2AGHA15,Watershed C2AGHA15,watershed||C2AGHA15,,Ganga Basin,Ghaghara,986.601,1.63,100.0
subbasin,GHA,Ghaghara,subbasin||GHA,,Ganga Basin,Ghaghara,watershed,C2AGHA16,Watershed C2AGHA16,watershed||C2AGHA16,,Ganga Basin,Ghaghara,451.8849,0.74,100.0
subbasin,GHA,Ghaghara,subbasin||GHA,,Ganga Basin,Ghaghara,watershed,C2AGHA17,Watershed C2AGHA17,watershed||C2AGHA17,,Ganga Basin,Ghaghara,440.4017,0.73,100.0
subbasin,GHA,Ghaghara,subbasin||GHA,,Ganga Basin,Ghaghara,watershed,C2AGHA18,Watershed C2AGHA18,watershed||C2AGHA18,,Ganga Basin,Ghaghara,796.5147,1.31,100.0
subbasin,GHA,Ghaghara,subbasin||GHA,,Ganga Basin,Ghaghara,watershed,C2AGHA19,Watershed C2AGHA19,watershed||C2AGHA19,,Ganga Basin,Ghaghara,478.123,0.79,100.0
subbasin,GHA,Ghaghara,subbasin||GHA,,Ganga Basin,Ghaghara,watershed,C2AGHA20,Watershed C2AGHA20,watershed||C2AGHA20,,Ganga Basin,Ghaghara,575.0447,0.95,100.0
subbasin,GHA,Ghaghara,subbasin||GHA,,Ganga Basin,Ghaghara,watershed,C2AGHA21,Watershed C2AGHA21,watershed||C2AGHA21,,Ganga Basin,Ghaghara,968.081,1.59,100.0
subbasin,GHA,Ghaghara,subbasin||GHA,,Ganga Basin,Ghaghara,watershed,C2AGHA22,Watershed C2AGHA22,watershed||C2AGHA22,,Ganga Basin,Ghaghara,610.1359,1.01,100.0
subbasin,GHA,Ghaghara,subbasin||GHA,,Ganga Basin,Ghaghara,watershed,C2AGHA23,Watershed C2AGHA23,watershed||C2AGHA23,,Ganga Basin,Ghaghara,446.4191,0.74,100.0
subbasin,GHA,Ghaghara,subbasin||GHA,,Ganga Basin,Ghaghara,watershed,C2AGHA24,Watershed C2AGHA24,watershed||C2AGHA24,,Ganga Basin,Ghaghara,889.1018,1.46,100.0
subbasin,GHA,Ghaghara,subbasin||GHA,,Ganga Basin,Ghaghara,watershed,C2AGHA25,Watershed C2AGHA25,watershed||C2AGHA25,,Ganga Basin,Ghaghara,788.8405,1.3,100.0
subbasin,GHA,Ghaghara,subbasin||GHA,,Ganga Basin,Ghaghara,watershed,C2AGHA26,Watershed C2AGHA26,watershed||C2AGHA26,,Ganga Basin,Ghaghara,976.1729,1.61,100.0
subbasin,GHA,Ghaghara,subbasin||GHA,,Ganga Basin,Ghaghara,watershed,C2AGHA27,Watershed C2AGHA27,watershed||C2AGHA27,,Ganga Basin,Ghaghara,1348.0136,2.22,100.0
subbasin,GHA,Ghaghara,subbasin||GHA,,Ganga Basin,Ghaghara,watershed,C2AGHA28,Watershed C2AGHA28,watershed||C2AGHA28,,Ganga Basin,Ghaghara,1304.5326,2.15,100.0
subbasin,GHA,Ghaghara,subbasin||GHA,,Ganga Basin,Ghaghara,watershed,C2AGHA29,Watershed C2AGHA29,watershed||C2AGHA29,,Ganga Basin,Ghaghara,947.8214,1.56,100.0
subbasin,GHA,Ghaghara,subbasin||GHA,,Ganga Basin,Ghaghara,watershed,C2AGHA30,Watershed C2AGHA30,watershed||C2AGHA30,,Ganga Basin,Ghaghara,937.5251,1.54,100.0
subbasin,GHA,Ghaghara,subbasin||GHA,,Ganga Basin,Ghaghara,watershed,C2AGHA31,Watershed C2AGHA31,watershed||C2AGHA31,,Ganga Basin,Ghaghara,628.5373,1.04,100.0
subbasin,GHA,Ghaghara,subbasin||GHA,,Ganga Basin,Ghaghara,watershed,C2AGHA32,Watershed C2AGHA32,watershed||C2AGHA32,,Ganga Basin,Ghaghara,856.0279,1.41,100.0
subbasin,GHA,Ghaghara,subbasin||GHA,,Ganga Basin,Ghaghara,watershed,C2AGHA33,Watershed C2AGHA33,watershed||C2AGHA33,,Ganga Basin,Ghaghara,934.9046,1.54,100.0
subbasin,GHA,Ghaghara,subbasin||GHA,,Ganga Basin,Ghaghara,watershed,C2AGHA34,Watershed C2AGHA34,watershed||C2AGHA34,,Ganga Basin,Ghaghara,1081.2198,1.78,100.0
subbasin,GHA,Ghaghara,subbasin||GHA,,Ganga Basin,Ghaghara,watershed,C2AGHA35,Watershed C2AGHA35,watershed||C2AGHA35,,Ganga Basin,Ghaghara,692.9594,1.14,100.0
subbasin,GHA,Ghaghara,subbasin||GHA,,Ganga Basin,Ghaghara,watershed,C2AGHA36,Watershed C2AGHA36,watershed||C2AGHA36,,Ganga Basin,Ghaghara,777.5312,1.28,100.0
subbasin,GHA,Ghaghara,subbasin||GHA,,Ganga Basin,Ghaghara,watershed,C2AGHA37,Watershed C2AGHA37,watershed||C2AGHA37,,Ganga Basin,Ghaghara,730.143,1.2,100.0
subbasin,GHA,Ghaghara,subbasin||GHA,,Ganga Basin,Ghaghara,watershed,C2AGHA38,Watershed C2AGHA38,watershed||C2AGHA38,,Ganga Basin,Ghaghara,853.9426,1.41,100.0
subbasin,GHA,Ghaghara,subbasin||GHA,,Ganga Basin,Ghaghara,watershed,C2AGHA39,Watershed C2AGHA39,watershed||C2AGHA39,,Ganga Basin,Ghaghara,595.032,0.98,100.0
subbasin,GHA,Ghaghara,subbasin||GHA,,Ganga Basin,Ghaghara,watershed,C2AGHA40,Watershed C2AGHA40,watershed||C2AGHA40,,Ganga Basin,Ghaghara,627.178,1.03,100.0
subbasin,GHA,Ghaghara,subbasin||GHA,,Ganga Basin,Ghaghara,watershed,C2AGHA41,Watershed C2AGHA41,watershed||C2AGHA41,,Ganga Basin,Ghaghara,1029.9183,1.7,100.0
subbasin,GHA,Ghaghara,subbasin||GHA,,Ganga Basin,Ghaghara,watershed,C2AGHA42,Watershed C2AGHA42,watershed||C2AGHA42,,Ganga Basin,Ghaghara,1299.1638,2.14,100.0
subbasin,GHA,Ghaghara,subbasin||GHA,,Ganga Basin,Ghaghara,watershed,C2AGHA43,Watershed C2AGHA43,watershed||C2AGHA43,,Ganga Basin,Ghaghara,879.706,1.45,100.0
subbasin,GHA,Ghaghara,subbasin||GHA,,Ganga Basin,Ghaghara,watershed,C2AGHA44,Watershed C2AGHA44,watershed||C2AGHA44,,Ganga Basin,Ghaghara,920.7836,1.52,100.0
subbasin,GHA,Ghaghara,subbasin||GHA,,Ganga Basin,Ghaghara,watershed,C2AGHA45,Watershed C2AGHA45,watershed||C2AGHA45,,Ganga Basin,Ghaghara,555.8193,0.92,100.0
subbasin,GHA,Ghaghara,subbasin||GHA,,Ganga Basin,Ghaghara,watershed,C2AGHA46,Watershed C2AGHA46,watershed||C2AGHA46,,Ganga Basin,Ghaghara,400.2259,0.66,100.0
subbasin,GHA,Ghaghara,subbasin||GHA,,Ganga Basin,Ghaghara,watershed,C2AGHA47,Watershed C2AGHA47,watershed||C2AGHA47,,Ganga Basin,Ghaghara,451.2532,0.74,100.0
subbasin,GHA,Ghaghara,subbasin||GHA,,Ganga Basin,Ghaghara,watershed,C2AGHA48,Watershed C2AGHA48,watershed||C2AGHA48,,Ganga Basin,Ghaghara,1099.8063,1.81,100.0
subbasin,GHA,Ghaghara,subbasin||GHA,,Ganga Basin,Ghaghara,watershed,C2AGHA49,Watershed C2AGHA49,watershed||C2AGHA49,,Ganga Basin,Ghaghara,533.4879,0.88,100.0
subbasin,GHA,Ghaghara,subbasin||GHA,,Ganga Basin,Ghaghara,watershed,C2AGHA50,Watershed C2AGHA50,watershed||C2AGHA50,,Ganga Basin,Ghaghara,731.6594,1.21,100.0
subbasin,GHA,Ghaghara,subbasin||GHA,,Ganga Basin,Ghaghara,watershed,C2AGHA51,Watershed C2AGHA51,watershed||C2AGHA51,,Ganga Basin,Ghaghara,653.4199,1.08,100.0
subbasin,GHA,Ghaghara,subbasin||GHA,,Ganga Basin,Ghaghara,watershed,C2AGHA52,Watershed C2AGHA52,watershed||C2AGHA52,,Ganga Basin,Ghaghara,931.0893,1.53,100.0
subbasin,GHA,Ghaghara,subbasin||GHA,,Ganga Basin,Ghaghara,watershed,C2AGHA53,Watershed C2AGHA53,watershed||C2AGHA53,,Ganga Basin,Ghaghara,640.22,1.05,100.0
subbasin,GHA,Ghaghara,subbasin||GHA,,Ganga Basin,Ghaghara,watershed,C2AGHA54,Watershed C2AGHA54,watershed||C2AGHA54,,Ganga Basin,Ghaghara,979.9692,1.61,100.0
subbasin,GHA,Ghaghara,subbasin||GHA,,Ganga Basin,Ghaghara,watershed,C2AGHA55,Watershed C2AGHA55,watershed||C2AGHA55,,Ganga Basin,Ghaghara,1087.1059,1.79,100.0
subbasin,GHA,Ghaghara,subbasin||GHA,,Ganga Basin,Ghaghara,watershed,C2AGHA56,Watershed C2AGHA56,watershed||C2AGHA56,,Ganga Basin,Ghaghara,600.9737,0.99,100.0
subbasin,GHA,Ghaghara,subbasin||GHA,,Ganga Basin,Ghaghara,watershed,C2AGHA57,Watershed C2AGHA57,watershed||C2AGHA57,,Ganga Basin,Ghaghara,976.1288,1.61,100.0
subbasin,GHA,Ghaghara,subbasin||GHA,,Ganga Basin,Ghaghara,watershed,C2AGHA58,Watershed C2AGHA58,watershed||C2AGHA58,,Ganga Basin,Ghaghara,716.4865,1.18,100.0
subbasin,GHA,Ghaghara,subbasin||GHA,,Ganga Basin,Ghaghara,watershed,C2AGHA59,Watershed C2AGHA59,watershed||C2AGHA59,,Ganga Basin,Ghaghara,994.0641,1.64,100.0
subbasin,GHA,Ghaghara,subbasin||GHA,,Ganga Basin,Ghaghara,watershed,C2AGHA60,Watershed C2AGHA60,watershed||C2AGHA60,,Ganga Basin,Ghaghara,919.7119,1.51,100.0
subbasin,GHA,Ghaghara,subbasin||GHA,,Ganga Basin,Ghaghara,watershed,C2AGHA61,Watershed C2AGHA61,watershed||C2AGHA61,,Ganga Basin,Ghaghara,656.6509,1.08,100.0
subbasin,GHA,Ghaghara,subbasin||GHA,,Ganga Basin,Ghaghara,watershed,C2AGHA62,Watershed C2AGHA62,watershed||C2AGHA62,,Ganga Basin,Ghaghara,783.503,1.29,100.0
subbasin,GHA,Ghaghara,subbasin||GHA,,Ganga Basin,Ghaghara,watershed,C2AGHA63,Watershed C2AGHA63,watershed||C2AGHA63,,Ganga Basin,Ghaghara,521.1338,0.86,100.0
subbasin,GHA,Ghaghara,subbasin||GHA,,Ganga Basin,Ghaghara,watershed,C2AGHA64,Watershed C2AGHA64,watershed||C2AGHA64,,Ganga Basin,Ghaghara,999.1842,1.65,100.0
subbasin,GHA,Ghaghara,subbasin||GHA,,Ganga Basin,Ghaghara,watershed,C2AGHA65,Watershed C2AGHA65,watershed||C2AGHA65,,Ganga Basin,Ghaghara,1161.264,1.91,100.0
subbasin,GHA,Ghaghara,subbasin||GHA,,Ganga Basin,Ghaghara,watershed,C2AGHA66,Watershed C2AGHA66,watershed||C2AGHA66,,Ganga Basin,Ghaghara,389.1664,0.64,100.0
subbasin,GHA,Ghaghara,subbasin||GHA,,Ganga Basin,Ghaghara,watershed,C2AGHA67,Watershed C2AGHA67,watershed||C2AGHA67,,Ganga Basin,Ghaghara,673.1812,1.11,100.0
subbasin,GHA,Ghaghara,subbasin||GHA,,Ganga Basin,Ghaghara,watershed,C2AGHA68,Watershed C2AGHA68,watershed||C2AGHA68,,Ganga Basin,Ghaghara,780.0172,1.28,100.0
subbasin,GHA,Ghaghara,subbasin||GHA,,Ganga Basin,Ghaghara,watershed,C2AGHA69,Watershed C2AGHA69,watershed||C2AGHA69,,Ganga Basin,Ghaghara,536.1915,0.88,100.0
subbasin,GHA,Ghaghara,subbasin||GHA,,Ganga Basin,Ghaghara,watershed,C2AGHA70,Watershed C2AGHA70,watershed||C2AGHA70,,Ganga Basin,Ghaghara,600.7887,0.99,100.0
subbasin,GHA,Ghaghara,subbasin||GHA,,Ganga Basin,Ghaghara,watershed,C2AGHA71,Watershed C2AGHA71,watershed||C2AGHA71,,Ganga Basin,Ghaghara,515.6446,0.85,100.0
subbasin,GHA,Ghaghara,subbasin||GHA,,Ganga Basin,Ghaghara,watershed,C2AGHA72,Watershed C2AGHA72,watershed||C2AGHA72,,Ganga Basin,Ghaghara,1015.0864,1.67,100.0
subbasin,GHA,Ghaghara,subbasin||GHA,,Ganga Basin,Ghaghara,watershed,C2AGHA73,Watershed C2AGHA73,watershed||C2AGHA73,,Ganga Basin,Ghaghara,522.8011,0.86,100.0
subbasin,GHA,Ghaghara,subbasin||GHA,,Ganga Basin,Ghaghara,watershed,C2AGHA74,Watershed C2AGHA74,watershed||C2AGHA74,,Ganga Basin,Ghaghara,458.74,0.76,100.0
subbasin,GHA,Ghaghara,subbasin||GHA,,Ganga Basin,Ghaghara,watershed,C2AGHA75,Watershed C2AGHA75,watershed||C2AGHA75,,Ganga Basin,Ghaghara,931.6654,1.53,100.0
subbasin,GHA,Ghaghara,subbasin||GHA,,Ganga Basin,Ghaghara,watershed,C2AGHA76,Watershed C2AGHA76,watershed||C2AGHA76,,Ganga Basin,Ghaghara,704.297,1.16,100.0
subbasin,GHG,Ghaghara Confluence to Gomti confluence,subbasin||GHG,,Ganga Basin,Ghaghara Confluence to Gomti confluence,watershed,C2AGHG01,Watershed C2AGHG01,watershed||C2AGHG01,,Ganga Basin,Ghaghara Confluence to Gomti confluence,778.4543,2.85,100.0
subbasin,GHG,Ghaghara Confluence to Gomti confluence,subbasin||GHG,,Ganga Basin,Ghaghara Confluence to Gomti confluence,watershed,C2AGHG02,Watershed C2AGHG02,watershed||C2AGHG02,,Ganga Basin,Ghaghara Confluence to Gomti confluence,1301.6627,4.77,100.0
subbasin,GHG,Ghaghara Confluence to Gomti confluence,subbasin||GHG,,Ganga Basin,Ghaghara Confluence to Gomti confluence,watershed,C2AGHG03,Watershed C2AGHG03,watershed||C2AGHG03,,Ganga Basin,Ghaghara Confluence to Gomti confluence,728.6563,2.67,100.0
subbasin,GHG,Ghaghara Confluence to Gomti confluence,subbasin||GHG,,Ganga Basin,Ghaghara Confluence to Gomti confluence,watershed,C2AGHG04,Watershed C2AGHG04,watershed||C2AGHG04,,Ganga Basin,Ghaghara Confluence to Gomti confluence,442.6194,1.62,100.0
subbasin,GHG,Ghaghara Confluence to Gomti confluence,subbasin||GHG,,Ganga Basin,Ghaghara Confluence to Gomti confluence,watershed,C2AGHG05,Watershed C2AGHG05,watershed||C2AGHG05,,Ganga Basin,Ghaghara Confluence to Gomti confluence,636.2542,2.33,100.0
subbasin,GHG,Ghaghara Confluence to Gomti confluence,subbasin||GHG,,Ganga Basin,Ghaghara Confluence to Gomti confluence,watershed,C2AGHG06,Watershed C2AGHG06,watershed||C2AGHG06,,Ganga Basin,Ghaghara Confluence to Gomti confluence,772.566,2.83,100.0
subbasin,GHG,Ghaghara Confluence to Gomti confluence,subbasin||GHG,,Ganga Basin,Ghaghara Confluence to Gomti confluence,watershed,C2AGHG07,Watershed C2AGHG07,watershed||C2AGHG07,,Ganga Basin,Ghaghara Confluence to Gomti confluence,432.359,1.58,100.0
subbasin,GHG,Ghaghara Confluence to Gomti confluence,subbasin||GHG,,Ganga Basin,Ghaghara Confluence to Gomti confluence,watershed,C2AGHG08,Watershed C2AGHG08,watershed||C2AGHG08,,Ganga Basin,Ghaghara Confluence to Gomti confluence,1072.6966,3.93,100.0
subbasin,GHG,Ghaghara Confluence to Gomti confluence,subbasin||GHG,,Ganga Basin,Ghaghara Confluence to Gomti confluence,watershed,C2AGHG09,Watershed C2AGHG09,watershed||C2AGHG09,,Ganga Basin,Ghaghara Confluence to Gomti confluence,767.342,2.81,100.0
subbasin,GHG,Ghaghara Confluence to Gomti confluence,subbasin||GHG,,Ganga Basin,Ghaghara Confluence to Gomti confluence,watershed,C2AGHG10,Watershed C2AGHG10,watershed||C2AGHG10,,Ganga Basin,Ghaghara Confluence to Gomti confluence,662.0896,2.43,100.0
subbasin,GHG,Ghaghara Confluence to Gomti confluence,subbasin||GHG,,Ganga Basin,Ghaghara Confluence to Gomti confluence,watershed,C2AGHG11,Watershed C2AGHG11,watershed||C2AGHG11,,Ganga Basin,Ghaghara Confluence to Gomti confluence,522.4161,1.91,100.0
subbasin,GHG,Ghaghara Confluence to Gomti confluence,subbasin||GHG,,Ganga Basin,Ghaghara Confluence to Gomti confluence,watershed,C2AGHG12,Watershed C2AGHG12,watershed||C2AGHG12,,Ganga Basin,Ghaghara Confluence to Gomti confluence,943.7593,3.46,100.0
subbasin,GHG,Ghaghara Confluence to Gomti confluence,subbasin||GHG,,Ganga Basin,Ghaghara Confluence to Gomti confluence,watershed,C2AGHG13,Watershed C2AGHG13,watershed||C2AGHG13,,Ganga Basin,Ghaghara Confluence to Gomti confluence,647.9097,2.37,100.0
subbasin,GHG,Ghaghara Confluence to Gomti confluence,subbasin||GHG,,Ganga Basin,Ghaghara Confluence to Gomti confluence,watershed,C2AGHG14,Watershed C2AGHG14,watershed||C2AGHG14,,Ganga Basin,Ghaghara Confluence to Gomti confluence,448.4807,1.64,100.0
subbasin,GHG,Ghaghara Confluence to Gomti confluence,subbasin||GHG,,Ganga Basin,Ghaghara Confluence to Gomti confluence,watershed,C2AGHG15,Watershed C2AGHG15,watershed||C2AGHG15,,Ganga Basin,Ghaghara Confluence to Gomti confluence,694.8543,2.55,100.0
subbasin,GHG,Ghaghara Confluence to Gomti confluence,subbasin||GHG,,Ganga Basin,Ghaghara Confluence to Gomti confluence,watershed,C2AGHG16,Watershed C2AGHG16,watershed||C2AGHG16,,Ganga Basin,Ghaghara Confluence to Gomti confluence,387.0183,1.42,100.0
subbasin,GHG,Ghaghara Confluence to Gomti confluence,subbasin||GHG,,Ganga Basin,Ghaghara Confluence to Gomti confluence,watershed,C2AGHG17,Watershed C2AGHG17,watershed||C2AGHG17,,Ganga Basin,Ghaghara Confluence to Gomti confluence,441.0724,1.62,100.0
subbasin,GHG,Ghaghara Confluence to Gomti confluence,subbasin||GHG,,Ganga Basin,Ghaghara Confluence to Gomti confluence,watershed,C2AGHG18,Watershed C2AGHG18,watershed||C2AGHG18,,Ganga Basin,Ghaghara Confluence to Gomti confluence,812.2333,2.98,100.0
subbasin,GHG,Ghaghara Confluence to Gomti confluence,subbasin||GHG,,Ganga Basin,Ghaghara Confluence to Gomti confluence,watershed,C2AGHG19,Watershed C2AGHG19,watershed||C2AGHG19,,Ganga Basin,Ghaghara Confluence to Gomti confluence,1048.0148,3.84,100.0
subbasin,GHG,Ghaghara Confluence to Gomti confluence,subbasin||GHG,,Ganga Basin,Ghaghara Confluence to Gomti confluence,watershed,C2AGHG20,Watershed C2AGHG20,watershed||C2AGHG20,,Ganga Basin,Ghaghara Confluence to Gomti confluence,536.4136,1.97,100.0
subbasin,GHG,Ghaghara Confluence to Gomti confluence,subbasin||GHG,,Ganga Basin,Ghaghara Confluence to Gomti confluence,watershed,C2AGHG21,Watershed C2AGHG21,watershed||C2AGHG21,,Ganga Basin,Ghaghara Confluence to Gomti confluence,842.2588,3.09,100.0
subbasin,GHG,Ghaghara Confluence to Gomti confluence,subbasin||GHG,,Ganga Basin,Ghaghara Confluence to Gomti confluence,watershed,C2AGHG22,Watershed C2AGHG22,watershed||C2AGHG22,,Ganga Basin,Ghaghara Confluence to Gomti confluence,487.3819,1.79,100.0
subbasin,GHG,Ghaghara Confluence to Gomti confluence,subbasin||GHG,,Ganga Basin,Ghaghara Confluence to Gomti confluence,watershed,C2AGHG23,Watershed C2AGHG23,watershed||C2AGHG23,,Ganga Basin,Ghaghara Confluence to Gomti confluence,663.3127,2.43,99.84
subbasin,GHG,Ghaghara Confluence to Gomti confluence,subbasin||GHG,,Ganga Basin,Ghaghara Confluence to Gomti confluence,watershed,C2AGHG24,Watershed C2AGHG24,watershed||C2AGHG24,,Ganga Basin,Ghaghara Confluence to Gomti confluence,795.3623,2.92,100.0
subbasin,GHG,Ghaghara Confluence to Gomti confluence,subbasin||GHG,,Ganga Basin,Ghaghara Confluence to Gomti confluence,watershed,C2AGHG25,Watershed C2AGHG25,watershed||C2AGHG25,,Ganga Basin,Ghaghara Confluence to Gomti confluence,990.3599,3.63,100.0
subbasin,GHG,Ghaghara Confluence to Gomti confluence,subbasin||GHG,,Ganga Basin,Ghaghara Confluence to Gomti confluence,watershed,C2AGHG26,Watershed C2AGHG26,watershed||C2AGHG26,,Ganga Basin,Ghaghara Confluence to Gomti confluence,397.9606,1.46,100.0
subbasin,GHG,Ghaghara Confluence to Gomti confluence,subbasin||GHG,,Ganga Basin,Ghaghara Confluence to Gomti confluence,watershed,C2AGHG27,Watershed C2AGHG27,watershed||C2AGHG27,,Ganga Basin,Ghaghara Confluence to Gomti confluence,1064.7573,3.9,100.0
subbasin,GHG,Ghaghara Confluence to Gomti confluence,subbasin||GHG,,Ganga Basin,Ghaghara Confluence to Gomti confluence,watershed,C2AGHG28,Watershed C2AGHG28,watershed||C2AGHG28,,Ganga Basin,Ghaghara Confluence to Gomti confluence,1167.8766,4.28,100.0
subbasin,GHG,Ghaghara Confluence to Gomti confluence,subbasin||GHG,,Ganga Basin,Ghaghara Confluence to Gomti confluence,watershed,C2AGHG29,Watershed C2AGHG29,watershed||C2AGHG29,,Ganga Basin,Ghaghara Confluence to Gomti confluence,1053.4526,3.86,100.0
subbasin,GHG,Ghaghara Confluence to Gomti confluence,subbasin||GHG,,Ganga Basin,Ghaghara Confluence to Gomti confluence,watershed,C2AGHG30,Watershed C2AGHG30,watershed||C2AGHG30,,Ganga Basin,Ghaghara Confluence to Gomti confluence,572.1845,2.1,100.0
subbasin,GHG,Ghaghara Confluence to Gomti confluence,subbasin||GHG,,Ganga Basin,Ghaghara Confluence to Gomti confluence,watershed,C2AGHG31,Watershed C2AGHG31,watershed||C2AGHG31,,Ganga Basin,Ghaghara Confluence to Gomti confluence,913.9049,3.35,100.0
subbasin,GHG,Ghaghara Confluence to Gomti confluence,subbasin||GHG,,Ganga Basin,Ghaghara Confluence to Gomti confluence,watershed,C2AGHG32,Watershed C2AGHG32,watershed||C2AGHG32,,Ganga Basin,Ghaghara Confluence to Gomti confluence,511.7135,1.88,100.0
subbasin,GHG,Ghaghara Confluence to Gomti confluence,subbasin||GHG,,Ganga Basin,Ghaghara Confluence to Gomti confluence,watershed,C2AGHG33,Watershed C2AGHG33,watershed||C2AGHG33,,Ganga Basin,Ghaghara Confluence to Gomti confluence,582.9858,2.14,100.0
subbasin,GHG,Ghaghara Confluence to Gomti confluence,subbasin||GHG,,Ganga Basin,Ghaghara Confluence to Gomti confluence,watershed,C2AGHG34,Watershed C2AGHG34,watershed||C2AGHG34,,Ganga Basin,Ghaghara Confluence to Gomti confluence,792.6015,2.91,100.0
subbasin,GHG,Ghaghara Confluence to Gomti confluence,subbasin||GHG,,Ganga Basin,Ghaghara Confluence to Gomti confluence,watershed,C2AGHG35,Watershed C2AGHG35,watershed||C2AGHG35,,Ganga Basin,Ghaghara Confluence to Gomti confluence,539.0699,1.98,100.0
subbasin,GHG,Ghaghara Confluence to Gomti confluence,subbasin||GHG,,Ganga Basin,Ghaghara Confluence to Gomti confluence,watershed,C2AGHG36,Watershed C2AGHG36,watershed||C2AGHG36,,Ganga Basin,Ghaghara Confluence to Gomti confluence,1831.2679,6.71,100.0
subbasin,GHG,Ghaghara Confluence to Gomti confluence,subbasin||GHG,,Ganga Basin,Ghaghara Confluence to Gomti confluence,watershed,C2AUGO40,Watershed C2AUGO40,watershed||C2AUGO40,,Ganga Basin,Upstream of Gomti confluece to Muzaffarnagar,0.0489,0.0,0.0
subbasin,GIL,Gilgit,subbasin||GIL,,Indus (Up to border) Basin,Gilgit,watershed,A01GIL01,Watershed A01GIL01,watershed||A01GIL01,,Indus (Up to border) Basin,Gilgit,642.3554,2.39,100.0
subbasin,GIL,Gilgit,subbasin||GIL,,Indus (Up to border) Basin,Gilgit,watershed,A01GIL02,Watershed A01GIL02,watershed||A01GIL02,,Indus (Up to border) Basin,Gilgit,719.2072,2.68,100.0
subbasin,GIL,Gilgit,subbasin||GIL,,Indus (Up to border) Basin,Gilgit,watershed,A01GIL03,Watershed A01GIL03,watershed||A01GIL03,,Indus (Up to border) Basin,Gilgit,488.8736,1.82,100.0
subbasin,GIL,Gilgit,subbasin||GIL,,Indus (Up to border) Basin,Gilgit,watershed,A01GIL04,Watershed A01GIL04,watershed||A01GIL04,,Indus (Up to border) Basin,Gilgit,911.2362,3.39,100.0
subbasin,GIL,Gilgit,subbasin||GIL,,Indus (Up to border) Basin,Gilgit,watershed,A01GIL05,Watershed A01GIL05,watershed||A01GIL05,,Indus (Up to border) Basin,Gilgit,815.7551,3.04,100.0
subbasin,GIL,Gilgit,subbasin||GIL,,Indus (Up to border) Basin,Gilgit,watershed,A01GIL06,Watershed A01GIL06,watershed||A01GIL06,,Indus (Up to border) Basin,Gilgit,752.7816,2.8,100.0
subbasin,GIL,Gilgit,subbasin||GIL,,Indus (Up to border) Basin,Gilgit,watershed,A01GIL07,Watershed A01GIL07,watershed||A01GIL07,,Indus (Up to border) Basin,Gilgit,737.7137,2.75,100.0
subbasin,GIL,Gilgit,subbasin||GIL,,Indus (Up to border) Basin,Gilgit,watershed,A01GIL08,Watershed A01GIL08,watershed||A01GIL08,,Indus (Up to border) Basin,Gilgit,618.8136,2.31,100.0
subbasin,GIL,Gilgit,subbasin||GIL,,Indus (Up to border) Basin,Gilgit,watershed,A01GIL09,Watershed A01GIL09,watershed||A01GIL09,,Indus (Up to border) Basin,Gilgit,336.4173,1.25,100.0
subbasin,GIL,Gilgit,subbasin||GIL,,Indus (Up to border) Basin,Gilgit,watershed,A01GIL10,Watershed A01GIL10,watershed||A01GIL10,,Indus (Up to border) Basin,Gilgit,559.2821,2.08,100.0
subbasin,GIL,Gilgit,subbasin||GIL,,Indus (Up to border) Basin,Gilgit,watershed,A01GIL11,Watershed A01GIL11,watershed||A01GIL11,,Indus (Up to border) Basin,Gilgit,826.4028,3.08,100.0
subbasin,GIL,Gilgit,subbasin||GIL,,Indus (Up to border) Basin,Gilgit,watershed,A01GIL12,Watershed A01GIL12,watershed||A01GIL12,,Indus (Up to border) Basin,Gilgit,468.7714,1.75,100.0
subbasin,GIL,Gilgit,subbasin||GIL,,Indus (Up to border) Basin,Gilgit,watershed,A01GIL13,Watershed A01GIL13,watershed||A01GIL13,,Indus (Up to border) Basin,Gilgit,563.9149,2.1,100.0
subbasin,GIL,Gilgit,subbasin||GIL,,Indus (Up to border) Basin,Gilgit,watershed,A01GIL14,Watershed A01GIL14,watershed||A01GIL14,,Indus (Up to border) Basin,Gilgit,1000.7766,3.73,100.0
subbasin,GIL,Gilgit,subbasin||GIL,,Indus (Up to border) Basin,Gilgit,watershed,A01GIL15,Watershed A01GIL15,watershed||A01GIL15,,Indus (Up to border) Basin,Gilgit,787.7767,2.93,100.0
subbasin,GIL,Gilgit,subbasin||GIL,,Indus (Up to border) Basin,Gilgit,watershed,A01GIL16,Watershed A01GIL16,watershed||A01GIL16,,Indus (Up to border) Basin,Gilgit,829.2661,3.09,100.0
subbasin,GIL,Gilgit,subbasin||GIL,,Indus (Up to border) Basin,Gilgit,watershed,A01GIL17,Watershed A01GIL17,watershed||A01GIL17,,Indus (Up to border) Basin,Gilgit,798.5358,2.97,100.0
subbasin,GIL,Gilgit,subbasin||GIL,,Indus (Up to border) Basin,Gilgit,watershed,A01GIL18,Watershed A01GIL18,watershed||A01GIL18,,Indus (Up to border) Basin,Gilgit,633.0921,2.36,100.0
subbasin,GIL,Gilgit,subbasin||GIL,,Indus (Up to border) Basin,Gilgit,watershed,A01GIL19,Watershed A01GIL19,watershed||A01GIL19,,Indus (Up to border) Basin,Gilgit,476.2382,1.77,100.0
subbasin,GIL,Gilgit,subbasin||GIL,,Indus (Up to border) Basin,Gilgit,watershed,A01GIL20,Watershed A01GIL20,watershed||A01GIL20,,Indus (Up to border) Basin,Gilgit,570.5135,2.13,100.0
subbasin,GIL,Gilgit,subbasin||GIL,,Indus (Up to border) Basin,Gilgit,watershed,A01GIL21,Watershed A01GIL21,watershed||A01GIL21,,Indus (Up to border) Basin,Gilgit,963.32,3.59,100.0
subbasin,GIL,Gilgit,subbasin||GIL,,Indus (Up to border) Basin,Gilgit,watershed,A01GIL22,Watershed A01GIL22,watershed||A01GIL22,,Indus (Up to border) Basin,Gilgit,366.5373,1.37,100.0
subbasin,GIL,Gilgit,subbasin||GIL,,Indus (Up to border) Basin,Gilgit,watershed,A01GIL23,Watershed A01GIL23,watershed||A01GIL23,,Indus (Up to border) Basin,Gilgit,740.1616,2.76,100.0
subbasin,GIL,Gilgit,subbasin||GIL,,Indus (Up to border) Basin,Gilgit,watershed,A01GIL24,Watershed A01GIL24,watershed||A01GIL24,,Indus (Up to border) Basin,Gilgit,962.1998,3.58,100.0
subbasin,GIL,Gilgit,subbasin||GIL,,Indus (Up to border) Basin,Gilgit,watershed,A01GIL25,Watershed A01GIL25,watershed||A01GIL25,,Indus (Up to border) Basin,Gilgit,619.0624,2.31,100.0
subbasin,GIL,Gilgit,subbasin||GIL,,Indus (Up to border) Basin,Gilgit,watershed,A01GIL26,Watershed A01GIL26,watershed||A01GIL26,,Indus (Up to border) Basin,Gilgit,401.8151,1.5,100.0
subbasin,GIL,Gilgit,subbasin||GIL,,Indus (Up to border) Basin,Gilgit,watershed,A01GIL27,Watershed A01GIL27,watershed||A01GIL27,,Indus (Up to border) Basin,Gilgit,651.9665,2.43,100.0
subbasin,GIL,Gilgit,subbasin||GIL,,Indus (Up to border) Basin,Gilgit,watershed,A01GIL28,Watershed A01GIL28,watershed||A01GIL28,,Indus (Up to border) Basin,Gilgit,715.6803,2.67,100.0
subbasin,GIL,Gilgit,subbasin||GIL,,Indus (Up to border) Basin,Gilgit,watershed,A01GIL29,Watershed A01GIL29,watershed||A01GIL29,,Indus (Up to border) Basin,Gilgit,888.0601,3.31,100.0
subbasin,GIL,Gilgit,subbasin||GIL,,Indus (Up to border) Basin,Gilgit,watershed,A01GIL30,Watershed A01GIL30,watershed||A01GIL30,,Indus (Up to border) Basin,Gilgit,884.9124,3.3,100.0
subbasin,GIL,Gilgit,subbasin||GIL,,Indus (Up to border) Basin,Gilgit,watershed,A01GIL31,Watershed A01GIL31,watershed||A01GIL31,,Indus (Up to border) Basin,Gilgit,853.2968,3.18,100.0
subbasin,GIL,Gilgit,subbasin||GIL,,Indus (Up to border) Basin,Gilgit,watershed,A01GIL32,Watershed A01GIL32,watershed||A01GIL32,,Indus (Up to border) Basin,Gilgit,929.6239,3.46,100.0
subbasin,GIL,Gilgit,subbasin||GIL,,Indus (Up to border) Basin,Gilgit,watershed,A01GIL33,Watershed A01GIL33,watershed||A01GIL33,,Indus (Up to border) Basin,Gilgit,708.2357,2.64,100.0
subbasin,GIL,Gilgit,subbasin||GIL,,Indus (Up to border) Basin,Gilgit,watershed,A01GIL34,Watershed A01GIL34,watershed||A01GIL34,,Indus (Up to border) Basin,Gilgit,809.4644,3.02,100.0
subbasin,GIL,Gilgit,subbasin||GIL,,Indus (Up to border) Basin,Gilgit,watershed,A01GIL35,Watershed A01GIL35,watershed||A01GIL35,,Indus (Up to border) Basin,Gilgit,952.2124,3.55,100.0
subbasin,GIL,Gilgit,subbasin||GIL,,Indus (Up to border) Basin,Gilgit,watershed,A01GIL36,Watershed A01GIL36,watershed||A01GIL36,,Indus (Up to border) Basin,Gilgit,863.1537,3.22,100.0
subbasin,GIL,Gilgit,subbasin||GIL,,Indus (Up to border) Basin,Gilgit,watershed,A01GIL37,Watershed A01GIL37,watershed||A01GIL37,,Indus (Up to border) Basin,Gilgit,995.9209,3.71,100.0
subbasin,GDL,Godavari Lower,subbasin||GDL,,Godavari Basin,Godavari Lower,watershed,C03GDL01,Watershed C03GDL01,watershed||C03GDL01,,Godavari Basin,Godavari Lower,407.5412,0.89,100.0
subbasin,GDL,Godavari Lower,subbasin||GDL,,Godavari Basin,Godavari Lower,watershed,C03GDL02,Watershed C03GDL02,watershed||C03GDL02,,Godavari Basin,Godavari Lower,625.8781,1.37,100.0
subbasin,GDL,Godavari Lower,subbasin||GDL,,Godavari Basin,Godavari Lower,watershed,C03GDL03,Watershed C03GDL03,watershed||C03GDL03,,Godavari Basin,Godavari Lower,611.6725,1.34,100.0
subbasin,GDL,Godavari Lower,subbasin||GDL,,Godavari Basin,Godavari Lower,watershed,C03GDL04,Watershed C03GDL04,watershed||C03GDL04,,Godavari Basin,Godavari Lower,839.6191,1.83,100.0
subbasin,GDL,Godavari Lower,subbasin||GDL,,Godavari Basin,Godavari Lower,watershed,C03GDL05,Watershed C03GDL05,watershed||C03GDL05,,Godavari Basin,Godavari Lower,379.868,0.83,100.0
subbasin,GDL,Godavari Lower,subbasin||GDL,,Godavari Basin,Godavari Lower,watershed,C03GDL06,Watershed C03GDL06,watershed||C03GDL06,,Godavari Basin,Godavari Lower,674.1274,1.47,100.0
subbasin,GDL,Godavari Lower,subbasin||GDL,,Godavari Basin,Godavari Lower,watershed,C03GDL07,Watershed C03GDL07,watershed||C03GDL07,,Godavari Basin,Godavari Lower,859.9039,1.88,100.0
subbasin,GDL,Godavari Lower,subbasin||GDL,,Godavari Basin,Godavari Lower,watershed,C03GDL08,Watershed C03GDL08,watershed||C03GDL08,,Godavari Basin,Godavari Lower,774.2257,1.69,100.0
subbasin,GDL,Godavari Lower,subbasin||GDL,,Godavari Basin,Godavari Lower,watershed,C03GDL09,Watershed C03GDL09,watershed||C03GDL09,,Godavari Basin,Godavari Lower,755.4648,1.65,100.0
subbasin,GDL,Godavari Lower,subbasin||GDL,,Godavari Basin,Godavari Lower,watershed,C03GDL10,Watershed C03GDL10,watershed||C03GDL10,,Godavari Basin,Godavari Lower,718.1903,1.57,100.0
subbasin,GDL,Godavari Lower,subbasin||GDL,,Godavari Basin,Godavari Lower,watershed,C03GDL11,Watershed C03GDL11,watershed||C03GDL11,,Godavari Basin,Godavari Lower,477.4926,1.04,100.0
subbasin,GDL,Godavari Lower,subbasin||GDL,,Godavari Basin,Godavari Lower,watershed,C03GDL12,Watershed C03GDL12,watershed||C03GDL12,,Godavari Basin,Godavari Lower,577.3341,1.26,100.0
subbasin,GDL,Godavari Lower,subbasin||GDL,,Godavari Basin,Godavari Lower,watershed,C03GDL13,Watershed C03GDL13,watershed||C03GDL13,,Godavari Basin,Godavari Lower,483.5536,1.06,100.0
subbasin,GDL,Godavari Lower,subbasin||GDL,,Godavari Basin,Godavari Lower,watershed,C03GDL14,Watershed C03GDL14,watershed||C03GDL14,,Godavari Basin,Godavari Lower,782.0384,1.71,100.0
subbasin,GDL,Godavari Lower,subbasin||GDL,,Godavari Basin,Godavari Lower,watershed,C03GDL15,Watershed C03GDL15,watershed||C03GDL15,,Godavari Basin,Godavari Lower,529.961,1.16,100.0
subbasin,GDL,Godavari Lower,subbasin||GDL,,Godavari Basin,Godavari Lower,watershed,C03GDL16,Watershed C03GDL16,watershed||C03GDL16,,Godavari Basin,Godavari Lower,518.5683,1.13,100.0
subbasin,GDL,Godavari Lower,subbasin||GDL,,Godavari Basin,Godavari Lower,watershed,C03GDL17,Watershed C03GDL17,watershed||C03GDL17,,Godavari Basin,Godavari Lower,451.8264,0.99,100.0
subbasin,GDL,Godavari Lower,subbasin||GDL,,Godavari Basin,Godavari Lower,watershed,C03GDL18,Watershed C03GDL18,watershed||C03GDL18,,Godavari Basin,Godavari Lower,663.9961,1.45,100.0
subbasin,GDL,Godavari Lower,subbasin||GDL,,Godavari Basin,Godavari Lower,watershed,C03GDL19,Watershed C03GDL19,watershed||C03GDL19,,Godavari Basin,Godavari Lower,649.053,1.42,100.0
subbasin,GDL,Godavari Lower,subbasin||GDL,,Godavari Basin,Godavari Lower,watershed,C03GDL20,Watershed C03GDL20,watershed||C03GDL20,,Godavari Basin,Godavari Lower,336.6118,0.74,100.0
subbasin,GDL,Godavari Lower,subbasin||GDL,,Godavari Basin,Godavari Lower,watershed,C03GDL21,Watershed C03GDL21,watershed||C03GDL21,,Godavari Basin,Godavari Lower,613.2592,1.34,100.0
subbasin,GDL,Godavari Lower,subbasin||GDL,,Godavari Basin,Godavari Lower,watershed,C03GDL22,Watershed C03GDL22,watershed||C03GDL22,,Godavari Basin,Godavari Lower,837.8761,1.83,100.0
subbasin,GDL,Godavari Lower,subbasin||GDL,,Godavari Basin,Godavari Lower,watershed,C03GDL23,Watershed C03GDL23,watershed||C03GDL23,,Godavari Basin,Godavari Lower,716.6842,1.57,100.0
subbasin,GDL,Godavari Lower,subbasin||GDL,,Godavari Basin,Godavari Lower,watershed,C03GDL24,Watershed C03GDL24,watershed||C03GDL24,,Godavari Basin,Godavari Lower,415.7865,0.91,100.0
subbasin,GDL,Godavari Lower,subbasin||GDL,,Godavari Basin,Godavari Lower,watershed,C03GDL25,Watershed C03GDL25,watershed||C03GDL25,,Godavari Basin,Godavari Lower,852.9802,1.86,100.0
subbasin,GDL,Godavari Lower,subbasin||GDL,,Godavari Basin,Godavari Lower,watershed,C03GDL26,Watershed C03GDL26,watershed||C03GDL26,,Godavari Basin,Godavari Lower,635.0597,1.39,100.0
subbasin,GDL,Godavari Lower,subbasin||GDL,,Godavari Basin,Godavari Lower,watershed,C03GDL27,Watershed C03GDL27,watershed||C03GDL27,,Godavari Basin,Godavari Lower,435.4173,0.95,100.0
subbasin,GDL,Godavari Lower,subbasin||GDL,,Godavari Basin,Godavari Lower,watershed,C03GDL28,Watershed C03GDL28,watershed||C03GDL28,,Godavari Basin,Godavari Lower,494.1689,1.08,100.0
subbasin,GDL,Godavari Lower,subbasin||GDL,,Godavari Basin,Godavari Lower,watershed,C03GDL29,Watershed C03GDL29,watershed||C03GDL29,,Godavari Basin,Godavari Lower,533.2577,1.16,100.0
subbasin,GDL,Godavari Lower,subbasin||GDL,,Godavari Basin,Godavari Lower,watershed,C03GDL30,Watershed C03GDL30,watershed||C03GDL30,,Godavari Basin,Godavari Lower,952.5746,2.08,100.0
subbasin,GDL,Godavari Lower,subbasin||GDL,,Godavari Basin,Godavari Lower,watershed,C03GDL31,Watershed C03GDL31,watershed||C03GDL31,,Godavari Basin,Godavari Lower,688.8943,1.5,100.0
subbasin,GDL,Godavari Lower,subbasin||GDL,,Godavari Basin,Godavari Lower,watershed,C03GDL32,Watershed C03GDL32,watershed||C03GDL32,,Godavari Basin,Godavari Lower,1003.0672,2.19,100.0
subbasin,GDL,Godavari Lower,subbasin||GDL,,Godavari Basin,Godavari Lower,watershed,C03GDL33,Watershed C03GDL33,watershed||C03GDL33,,Godavari Basin,Godavari Lower,467.4932,1.02,100.0
subbasin,GDL,Godavari Lower,subbasin||GDL,,Godavari Basin,Godavari Lower,watershed,C03GDL34,Watershed C03GDL34,watershed||C03GDL34,,Godavari Basin,Godavari Lower,735.0116,1.61,100.0
subbasin,GDL,Godavari Lower,subbasin||GDL,,Godavari Basin,Godavari Lower,watershed,C03GDL35,Watershed C03GDL35,watershed||C03GDL35,,Godavari Basin,Godavari Lower,420.5737,0.92,100.0
subbasin,GDL,Godavari Lower,subbasin||GDL,,Godavari Basin,Godavari Lower,watershed,C03GDL36,Watershed C03GDL36,watershed||C03GDL36,,Godavari Basin,Godavari Lower,757.6858,1.65,100.0
subbasin,GDL,Godavari Lower,subbasin||GDL,,Godavari Basin,Godavari Lower,watershed,C03GDL37,Watershed C03GDL37,watershed||C03GDL37,,Godavari Basin,Godavari Lower,856.0975,1.87,100.0
subbasin,GDL,Godavari Lower,subbasin||GDL,,Godavari Basin,Godavari Lower,watershed,C03GDL38,Watershed C03GDL38,watershed||C03GDL38,,Godavari Basin,Godavari Lower,755.8645,1.65,100.0
subbasin,GDL,Godavari Lower,subbasin||GDL,,Godavari Basin,Godavari Lower,watershed,C03GDL39,Watershed C03GDL39,watershed||C03GDL39,,Godavari Basin,Godavari Lower,802.145,1.75,100.0
subbasin,GDL,Godavari Lower,subbasin||GDL,,Godavari Basin,Godavari Lower,watershed,C03GDL40,Watershed C03GDL40,watershed||C03GDL40,,Godavari Basin,Godavari Lower,761.4811,1.66,100.0
subbasin,GDL,Godavari Lower,subbasin||GDL,,Godavari Basin,Godavari Lower,watershed,C03GDL41,Watershed C03GDL41,watershed||C03GDL41,,Godavari Basin,Godavari Lower,694.4582,1.52,100.0
subbasin,GDL,Godavari Lower,subbasin||GDL,,Godavari Basin,Godavari Lower,watershed,C03GDL42,Watershed C03GDL42,watershed||C03GDL42,,Godavari Basin,Godavari Lower,644.9972,1.41,100.0
subbasin,GDL,Godavari Lower,subbasin||GDL,,Godavari Basin,Godavari Lower,watershed,C03GDL43,Watershed C03GDL43,watershed||C03GDL43,,Godavari Basin,Godavari Lower,893.2135,1.95,100.0
subbasin,GDL,Godavari Lower,subbasin||GDL,,Godavari Basin,Godavari Lower,watershed,C03GDL44,Watershed C03GDL44,watershed||C03GDL44,,Godavari Basin,Godavari Lower,769.5614,1.68,100.0
subbasin,GDL,Godavari Lower,subbasin||GDL,,Godavari Basin,Godavari Lower,watershed,C03GDL45,Watershed C03GDL45,watershed||C03GDL45,,Godavari Basin,Godavari Lower,456.4134,1.0,100.0
subbasin,GDL,Godavari Lower,subbasin||GDL,,Godavari Basin,Godavari Lower,watershed,C03GDL46,Watershed C03GDL46,watershed||C03GDL46,,Godavari Basin,Godavari Lower,715.4608,1.56,100.0
subbasin,GDL,Godavari Lower,subbasin||GDL,,Godavari Basin,Godavari Lower,watershed,C03GDL47,Watershed C03GDL47,watershed||C03GDL47,,Godavari Basin,Godavari Lower,738.5738,1.61,100.0
subbasin,GDL,Godavari Lower,subbasin||GDL,,Godavari Basin,Godavari Lower,watershed,C03GDL48,Watershed C03GDL48,watershed||C03GDL48,,Godavari Basin,Godavari Lower,749.0332,1.64,100.0
subbasin,GDL,Godavari Lower,subbasin||GDL,,Godavari Basin,Godavari Lower,watershed,C03GDL49,Watershed C03GDL49,watershed||C03GDL49,,Godavari Basin,Godavari Lower,869.6968,1.9,100.0
subbasin,GDL,Godavari Lower,subbasin||GDL,,Godavari Basin,Godavari Lower,watershed,C03GDL50,Watershed C03GDL50,watershed||C03GDL50,,Godavari Basin,Godavari Lower,778.6938,1.7,100.0
subbasin,GDL,Godavari Lower,subbasin||GDL,,Godavari Basin,Godavari Lower,watershed,C03GDL51,Watershed C03GDL51,watershed||C03GDL51,,Godavari Basin,Godavari Lower,945.9663,2.07,100.0
subbasin,GDL,Godavari Lower,subbasin||GDL,,Godavari Basin,Godavari Lower,watershed,C03GDL52,Watershed C03GDL52,watershed||C03GDL52,,Godavari Basin,Godavari Lower,975.0342,2.13,100.0
subbasin,GDL,Godavari Lower,subbasin||GDL,,Godavari Basin,Godavari Lower,watershed,C03GDL53,Watershed C03GDL53,watershed||C03GDL53,,Godavari Basin,Godavari Lower,737.2629,1.61,100.0
subbasin,GDL,Godavari Lower,subbasin||GDL,,Godavari Basin,Godavari Lower,watershed,C03GDL54,Watershed C03GDL54,watershed||C03GDL54,,Godavari Basin,Godavari Lower,640.2512,1.4,100.0
subbasin,GDL,Godavari Lower,subbasin||GDL,,Godavari Basin,Godavari Lower,watershed,C03GDL55,Watershed C03GDL55,watershed||C03GDL55,,Godavari Basin,Godavari Lower,685.9653,1.5,100.0
subbasin,GDL,Godavari Lower,subbasin||GDL,,Godavari Basin,Godavari Lower,watershed,C03GDL56,Watershed C03GDL56,watershed||C03GDL56,,Godavari Basin,Godavari Lower,772.2953,1.69,100.0
subbasin,GDL,Godavari Lower,subbasin||GDL,,Godavari Basin,Godavari Lower,watershed,C03GDL57,Watershed C03GDL57,watershed||C03GDL57,,Godavari Basin,Godavari Lower,509.5259,1.11,100.0
subbasin,GDL,Godavari Lower,subbasin||GDL,,Godavari Basin,Godavari Lower,watershed,C03GDL58,Watershed C03GDL58,watershed||C03GDL58,,Godavari Basin,Godavari Lower,590.0873,1.29,100.0
subbasin,GDL,Godavari Lower,subbasin||GDL,,Godavari Basin,Godavari Lower,watershed,C03GDL59,Watershed C03GDL59,watershed||C03GDL59,,Godavari Basin,Godavari Lower,463.5946,1.01,100.0
subbasin,GDL,Godavari Lower,subbasin||GDL,,Godavari Basin,Godavari Lower,watershed,C03GDL60,Watershed C03GDL60,watershed||C03GDL60,,Godavari Basin,Godavari Lower,502.4349,1.1,100.0
subbasin,GDL,Godavari Lower,subbasin||GDL,,Godavari Basin,Godavari Lower,watershed,C03GDL61,Watershed C03GDL61,watershed||C03GDL61,,Godavari Basin,Godavari Lower,1015.0353,2.22,100.0
subbasin,GDL,Godavari Lower,subbasin||GDL,,Godavari Basin,Godavari Lower,watershed,C03GDL62,Watershed C03GDL62,watershed||C03GDL62,,Godavari Basin,Godavari Lower,312.3964,0.68,100.0
subbasin,GDL,Godavari Lower,subbasin||GDL,,Godavari Basin,Godavari Lower,watershed,C03GDL63,Watershed C03GDL63,watershed||C03GDL63,,Godavari Basin,Godavari Lower,565.3783,1.23,100.0
subbasin,GDL,Godavari Lower,subbasin||GDL,,Godavari Basin,Godavari Lower,watershed,C03GDL64,Watershed C03GDL64,watershed||C03GDL64,,Godavari Basin,Godavari Lower,532.089,1.16,100.0
subbasin,GDL,Godavari Lower,subbasin||GDL,,Godavari Basin,Godavari Lower,watershed,C03GDL65,Watershed C03GDL65,watershed||C03GDL65,,Godavari Basin,Godavari Lower,937.5605,2.05,100.0
subbasin,GDL,Godavari Lower,subbasin||GDL,,Godavari Basin,Godavari Lower,watershed,C03GDL66,Watershed C03GDL66,watershed||C03GDL66,,Godavari Basin,Godavari Lower,837.5671,1.83,100.0
subbasin,GDL,Godavari Lower,subbasin||GDL,,Godavari Basin,Godavari Lower,watershed,C03GDL67,Watershed C03GDL67,watershed||C03GDL67,,Godavari Basin,Godavari Lower,853.3117,1.86,100.0
subbasin,GDL,Godavari Lower,subbasin||GDL,,Godavari Basin,Godavari Lower,watershed,C03IND30,Watershed C03IND30,watershed||C03IND30,,Godavari Basin,Indravati,744.2029,1.63,100.0
subbasin,GDM,Godavari Middle,subbasin||GDM,,Godavari Basin,Godavari Middle,watershed,C03GDM01,Watershed C03GDM01,watershed||C03GDM01,,Godavari Basin,Godavari Middle,760.0579,2.03,100.0
subbasin,GDM,Godavari Middle,subbasin||GDM,,Godavari Basin,Godavari Middle,watershed,C03GDM02,Watershed C03GDM02,watershed||C03GDM02,,Godavari Basin,Godavari Middle,453.9606,1.21,100.0
subbasin,GDM,Godavari Middle,subbasin||GDM,,Godavari Basin,Godavari Middle,watershed,C03GDM03,Watershed C03GDM03,watershed||C03GDM03,,Godavari Basin,Godavari Middle,800.7587,2.13,100.0
subbasin,GDM,Godavari Middle,subbasin||GDM,,Godavari Basin,Godavari Middle,watershed,C03GDM04,Watershed C03GDM04,watershed||C03GDM04,,Godavari Basin,Godavari Middle,509.4672,1.36,100.0
subbasin,GDM,Godavari Middle,subbasin||GDM,,Godavari Basin,Godavari Middle,watershed,C03GDM05,Watershed C03GDM05,watershed||C03GDM05,,Godavari Basin,Godavari Middle,812.5114,2.17,100.0
subbasin,GDM,Godavari Middle,subbasin||GDM,,Godavari Basin,Godavari Middle,watershed,C03GDM06,Watershed C03GDM06,watershed||C03GDM06,,Godavari Basin,Godavari Middle,759.2128,2.02,100.0
subbasin,GDM,Godavari Middle,subbasin||GDM,,Godavari Basin,Godavari Middle,watershed,C03GDM07,Watershed C03GDM07,watershed||C03GDM07,,Godavari Basin,Godavari Middle,439.8418,1.17,100.0
subbasin,GDM,Godavari Middle,subbasin||GDM,,Godavari Basin,Godavari Middle,watershed,C03GDM08,Watershed C03GDM08,watershed||C03GDM08,,Godavari Basin,Godavari Middle,544.8184,1.45,100.0
subbasin,GDM,Godavari Middle,subbasin||GDM,,Godavari Basin,Godavari Middle,watershed,C03GDM09,Watershed C03GDM09,watershed||C03GDM09,,Godavari Basin,Godavari Middle,731.8018,1.95,100.0
subbasin,GDM,Godavari Middle,subbasin||GDM,,Godavari Basin,Godavari Middle,watershed,C03GDM10,Watershed C03GDM10,watershed||C03GDM10,,Godavari Basin,Godavari Middle,784.0619,2.09,100.0
subbasin,GDM,Godavari Middle,subbasin||GDM,,Godavari Basin,Godavari Middle,watershed,C03GDM11,Watershed C03GDM11,watershed||C03GDM11,,Godavari Basin,Godavari Middle,827.698,2.21,100.0
subbasin,GDM,Godavari Middle,subbasin||GDM,,Godavari Basin,Godavari Middle,watershed,C03GDM12,Watershed C03GDM12,watershed||C03GDM12,,Godavari Basin,Godavari Middle,780.3074,2.08,100.0
subbasin,GDM,Godavari Middle,subbasin||GDM,,Godavari Basin,Godavari Middle,watershed,C03GDM13,Watershed C03GDM13,watershed||C03GDM13,,Godavari Basin,Godavari Middle,456.0821,1.22,100.0
subbasin,GDM,Godavari Middle,subbasin||GDM,,Godavari Basin,Godavari Middle,watershed,C03GDM14,Watershed C03GDM14,watershed||C03GDM14,,Godavari Basin,Godavari Middle,537.2172,1.43,100.0
subbasin,GDM,Godavari Middle,subbasin||GDM,,Godavari Basin,Godavari Middle,watershed,C03GDM15,Watershed C03GDM15,watershed||C03GDM15,,Godavari Basin,Godavari Middle,723.3634,1.93,100.0
subbasin,GDM,Godavari Middle,subbasin||GDM,,Godavari Basin,Godavari Middle,watershed,C03GDM16,Watershed C03GDM16,watershed||C03GDM16,,Godavari Basin,Godavari Middle,802.0757,2.14,100.0
subbasin,GDM,Godavari Middle,subbasin||GDM,,Godavari Basin,Godavari Middle,watershed,C03GDM17,Watershed C03GDM17,watershed||C03GDM17,,Godavari Basin,Godavari Middle,566.3936,1.51,100.0
subbasin,GDM,Godavari Middle,subbasin||GDM,,Godavari Basin,Godavari Middle,watershed,C03GDM18,Watershed C03GDM18,watershed||C03GDM18,,Godavari Basin,Godavari Middle,635.6035,1.69,100.0
subbasin,GDM,Godavari Middle,subbasin||GDM,,Godavari Basin,Godavari Middle,watershed,C03GDM19,Watershed C03GDM19,watershed||C03GDM19,,Godavari Basin,Godavari Middle,551.7843,1.47,100.0
subbasin,GDM,Godavari Middle,subbasin||GDM,,Godavari Basin,Godavari Middle,watershed,C03GDM20,Watershed C03GDM20,watershed||C03GDM20,,Godavari Basin,Godavari Middle,624.8114,1.67,100.0
subbasin,GDM,Godavari Middle,subbasin||GDM,,Godavari Basin,Godavari Middle,watershed,C03GDM21,Watershed C03GDM21,watershed||C03GDM21,,Godavari Basin,Godavari Middle,596.2929,1.59,100.0
subbasin,GDM,Godavari Middle,subbasin||GDM,,Godavari Basin,Godavari Middle,watershed,C03GDM22,Watershed C03GDM22,watershed||C03GDM22,,Godavari Basin,Godavari Middle,489.1134,1.3,100.0
subbasin,GDM,Godavari Middle,subbasin||GDM,,Godavari Basin,Godavari Middle,watershed,C03GDM23,Watershed C03GDM23,watershed||C03GDM23,,Godavari Basin,Godavari Middle,714.1942,1.9,100.0
subbasin,GDM,Godavari Middle,subbasin||GDM,,Godavari Basin,Godavari Middle,watershed,C03GDM24,Watershed C03GDM24,watershed||C03GDM24,,Godavari Basin,Godavari Middle,985.9682,2.63,100.0
subbasin,GDM,Godavari Middle,subbasin||GDM,,Godavari Basin,Godavari Middle,watershed,C03GDM25,Watershed C03GDM25,watershed||C03GDM25,,Godavari Basin,Godavari Middle,884.1785,2.36,100.0
subbasin,GDM,Godavari Middle,subbasin||GDM,,Godavari Basin,Godavari Middle,watershed,C03GDM26,Watershed C03GDM26,watershed||C03GDM26,,Godavari Basin,Godavari Middle,696.2355,1.86,100.0
subbasin,GDM,Godavari Middle,subbasin||GDM,,Godavari Basin,Godavari Middle,watershed,C03GDM27,Watershed C03GDM27,watershed||C03GDM27,,Godavari Basin,Godavari Middle,453.3048,1.21,100.0
subbasin,GDM,Godavari Middle,subbasin||GDM,,Godavari Basin,Godavari Middle,watershed,C03GDM28,Watershed C03GDM28,watershed||C03GDM28,,Godavari Basin,Godavari Middle,479.2883,1.28,100.0
subbasin,GDM,Godavari Middle,subbasin||GDM,,Godavari Basin,Godavari Middle,watershed,C03GDM29,Watershed C03GDM29,watershed||C03GDM29,,Godavari Basin,Godavari Middle,909.6304,2.43,100.0
subbasin,GDM,Godavari Middle,subbasin||GDM,,Godavari Basin,Godavari Middle,watershed,C03GDM30,Watershed C03GDM30,watershed||C03GDM30,,Godavari Basin,Godavari Middle,796.0364,2.12,100.0
subbasin,GDM,Godavari Middle,subbasin||GDM,,Godavari Basin,Godavari Middle,watershed,C03GDM31,Watershed C03GDM31,watershed||C03GDM31,,Godavari Basin,Godavari Middle,652.6984,1.74,100.0
subbasin,GDM,Godavari Middle,subbasin||GDM,,Godavari Basin,Godavari Middle,watershed,C03GDM32,Watershed C03GDM32,watershed||C03GDM32,,Godavari Basin,Godavari Middle,666.9204,1.78,100.0
subbasin,GDM,Godavari Middle,subbasin||GDM,,Godavari Basin,Godavari Middle,watershed,C03GDM33,Watershed C03GDM33,watershed||C03GDM33,,Godavari Basin,Godavari Middle,719.1144,1.92,100.0
subbasin,GDM,Godavari Middle,subbasin||GDM,,Godavari Basin,Godavari Middle,watershed,C03GDM34,Watershed C03GDM34,watershed||C03GDM34,,Godavari Basin,Godavari Middle,566.2266,1.51,100.0
subbasin,GDM,Godavari Middle,subbasin||GDM,,Godavari Basin,Godavari Middle,watershed,C03GDM35,Watershed C03GDM35,watershed||C03GDM35,,Godavari Basin,Godavari Middle,612.0769,1.63,100.0
subbasin,GDM,Godavari Middle,subbasin||GDM,,Godavari Basin,Godavari Middle,watershed,C03GDM36,Watershed C03GDM36,watershed||C03GDM36,,Godavari Basin,Godavari Middle,756.2243,2.02,100.0
subbasin,GDM,Godavari Middle,subbasin||GDM,,Godavari Basin,Godavari Middle,watershed,C03GDM37,Watershed C03GDM37,watershed||C03GDM37,,Godavari Basin,Godavari Middle,540.5699,1.44,100.0
subbasin,GDM,Godavari Middle,subbasin||GDM,,Godavari Basin,Godavari Middle,watershed,C03GDM38,Watershed C03GDM38,watershed||C03GDM38,,Godavari Basin,Godavari Middle,611.532,1.63,100.0
subbasin,GDM,Godavari Middle,subbasin||GDM,,Godavari Basin,Godavari Middle,watershed,C03GDM39,Watershed C03GDM39,watershed||C03GDM39,,Godavari Basin,Godavari Middle,801.6706,2.14,100.0
subbasin,GDM,Godavari Middle,subbasin||GDM,,Godavari Basin,Godavari Middle,watershed,C03GDM40,Watershed C03GDM40,watershed||C03GDM40,,Godavari Basin,Godavari Middle,336.5982,0.9,100.0
subbasin,GDM,Godavari Middle,subbasin||GDM,,Godavari Basin,Godavari Middle,watershed,C03GDM41,Watershed C03GDM41,watershed||C03GDM41,,Godavari Basin,Godavari Middle,938.9765,2.5,100.0
subbasin,GDM,Godavari Middle,subbasin||GDM,,Godavari Basin,Godavari Middle,watershed,C03GDM42,Watershed C03GDM42,watershed||C03GDM42,,Godavari Basin,Godavari Middle,705.2042,1.88,100.0
subbasin,GDM,Godavari Middle,subbasin||GDM,,Godavari Basin,Godavari Middle,watershed,C03GDM43,Watershed C03GDM43,watershed||C03GDM43,,Godavari Basin,Godavari Middle,685.6676,1.83,100.0
subbasin,GDM,Godavari Middle,subbasin||GDM,,Godavari Basin,Godavari Middle,watershed,C03GDM44,Watershed C03GDM44,watershed||C03GDM44,,Godavari Basin,Godavari Middle,668.9692,1.78,100.0
subbasin,GDM,Godavari Middle,subbasin||GDM,,Godavari Basin,Godavari Middle,watershed,C03GDM45,Watershed C03GDM45,watershed||C03GDM45,,Godavari Basin,Godavari Middle,525.8655,1.4,100.0
subbasin,GDM,Godavari Middle,subbasin||GDM,,Godavari Basin,Godavari Middle,watershed,C03GDM46,Watershed C03GDM46,watershed||C03GDM46,,Godavari Basin,Godavari Middle,907.569,2.42,100.0
subbasin,GDM,Godavari Middle,subbasin||GDM,,Godavari Basin,Godavari Middle,watershed,C03GDM47,Watershed C03GDM47,watershed||C03GDM47,,Godavari Basin,Godavari Middle,567.648,1.51,100.0
subbasin,GDM,Godavari Middle,subbasin||GDM,,Godavari Basin,Godavari Middle,watershed,C03GDM48,Watershed C03GDM48,watershed||C03GDM48,,Godavari Basin,Godavari Middle,667.9105,1.78,100.0
subbasin,GDM,Godavari Middle,subbasin||GDM,,Godavari Basin,Godavari Middle,watershed,C03GDM49,Watershed C03GDM49,watershed||C03GDM49,,Godavari Basin,Godavari Middle,502.687,1.34,100.0
subbasin,GDM,Godavari Middle,subbasin||GDM,,Godavari Basin,Godavari Middle,watershed,C03GDM50,Watershed C03GDM50,watershed||C03GDM50,,Godavari Basin,Godavari Middle,607.8985,1.62,100.0
subbasin,GDM,Godavari Middle,subbasin||GDM,,Godavari Basin,Godavari Middle,watershed,C03GDM51,Watershed C03GDM51,watershed||C03GDM51,,Godavari Basin,Godavari Middle,683.1457,1.82,100.0
subbasin,GDM,Godavari Middle,subbasin||GDM,,Godavari Basin,Godavari Middle,watershed,C03GDM52,Watershed C03GDM52,watershed||C03GDM52,,Godavari Basin,Godavari Middle,740.3159,1.97,100.0
subbasin,GDM,Godavari Middle,subbasin||GDM,,Godavari Basin,Godavari Middle,watershed,C03GDM53,Watershed C03GDM53,watershed||C03GDM53,,Godavari Basin,Godavari Middle,662.4155,1.77,100.0
subbasin,GDM,Godavari Middle,subbasin||GDM,,Godavari Basin,Godavari Middle,watershed,C03GDM54,Watershed C03GDM54,watershed||C03GDM54,,Godavari Basin,Godavari Middle,874.509,2.33,100.0
subbasin,GDM,Godavari Middle,subbasin||GDM,,Godavari Basin,Godavari Middle,watershed,C03GDM55,Watershed C03GDM55,watershed||C03GDM55,,Godavari Basin,Godavari Middle,643.6759,1.72,100.0
subbasin,GDM,Godavari Middle,subbasin||GDM,,Godavari Basin,Godavari Middle,watershed,C03GDM56,Watershed C03GDM56,watershed||C03GDM56,,Godavari Basin,Godavari Middle,754.2701,2.01,100.0
subbasin,GDU,Godavari Upper,subbasin||GDU,,Godavari Basin,Godavari Upper,watershed,C03GDU01,Watershed C03GDU01,watershed||C03GDU01,,Godavari Basin,Godavari Upper,820.7081,3.7,100.0
subbasin,GDU,Godavari Upper,subbasin||GDU,,Godavari Basin,Godavari Upper,watershed,C03GDU02,Watershed C03GDU02,watershed||C03GDU02,,Godavari Basin,Godavari Upper,886.9018,4.0,100.0
subbasin,GDU,Godavari Upper,subbasin||GDU,,Godavari Basin,Godavari Upper,watershed,C03GDU03,Watershed C03GDU03,watershed||C03GDU03,,Godavari Basin,Godavari Upper,850.7412,3.84,100.0
subbasin,GDU,Godavari Upper,subbasin||GDU,,Godavari Basin,Godavari Upper,watershed,C03GDU04,Watershed C03GDU04,watershed||C03GDU04,,Godavari Basin,Godavari Upper,852.1156,3.84,100.0
subbasin,GDU,Godavari Upper,subbasin||GDU,,Godavari Basin,Godavari Upper,watershed,C03GDU05,Watershed C03GDU05,watershed||C03GDU05,,Godavari Basin,Godavari Upper,455.4854,2.05,100.0
subbasin,GDU,Godavari Upper,subbasin||GDU,,Godavari Basin,Godavari Upper,watershed,C03GDU06,Watershed C03GDU06,watershed||C03GDU06,,Godavari Basin,Godavari Upper,479.3937,2.16,100.0
subbasin,GDU,Godavari Upper,subbasin||GDU,,Godavari Basin,Godavari Upper,watershed,C03GDU07,Watershed C03GDU07,watershed||C03GDU07,,Godavari Basin,Godavari Upper,573.0557,2.58,100.0
subbasin,GDU,Godavari Upper,subbasin||GDU,,Godavari Basin,Godavari Upper,watershed,C03GDU08,Watershed C03GDU08,watershed||C03GDU08,,Godavari Basin,Godavari Upper,870.0465,3.92,100.0
subbasin,GDU,Godavari Upper,subbasin||GDU,,Godavari Basin,Godavari Upper,watershed,C03GDU09,Watershed C03GDU09,watershed||C03GDU09,,Godavari Basin,Godavari Upper,633.3823,2.86,100.0
subbasin,GDU,Godavari Upper,subbasin||GDU,,Godavari Basin,Godavari Upper,watershed,C03GDU10,Watershed C03GDU10,watershed||C03GDU10,,Godavari Basin,Godavari Upper,553.0202,2.49,100.0
subbasin,GDU,Godavari Upper,subbasin||GDU,,Godavari Basin,Godavari Upper,watershed,C03GDU11,Watershed C03GDU11,watershed||C03GDU11,,Godavari Basin,Godavari Upper,452.5795,2.04,100.0
subbasin,GDU,Godavari Upper,subbasin||GDU,,Godavari Basin,Godavari Upper,watershed,C03GDU12,Watershed C03GDU12,watershed||C03GDU12,,Godavari Basin,Godavari Upper,866.0597,3.9,100.0
subbasin,GDU,Godavari Upper,subbasin||GDU,,Godavari Basin,Godavari Upper,watershed,C03GDU13,Watershed C03GDU13,watershed||C03GDU13,,Godavari Basin,Godavari Upper,486.9191,2.2,100.0
subbasin,GDU,Godavari Upper,subbasin||GDU,,Godavari Basin,Godavari Upper,watershed,C03GDU14,Watershed C03GDU14,watershed||C03GDU14,,Godavari Basin,Godavari Upper,553.5212,2.5,100.0
subbasin,GDU,Godavari Upper,subbasin||GDU,,Godavari Basin,Godavari Upper,watershed,C03GDU15,Watershed C03GDU15,watershed||C03GDU15,,Godavari Basin,Godavari Upper,691.6416,3.12,100.0
subbasin,GDU,Godavari Upper,subbasin||GDU,,Godavari Basin,Godavari Upper,watershed,C03GDU16,Watershed C03GDU16,watershed||C03GDU16,,Godavari Basin,Godavari Upper,1226.0933,5.53,100.0
subbasin,GDU,Godavari Upper,subbasin||GDU,,Godavari Basin,Godavari Upper,watershed,C03GDU18,Watershed C03GDU18,watershed||C03GDU18,,Godavari Basin,Godavari Upper,726.7632,3.28,100.0
subbasin,GDU,Godavari Upper,subbasin||GDU,,Godavari Basin,Godavari Upper,watershed,C03GDU19,Watershed C03GDU19,watershed||C03GDU19,,Godavari Basin,Godavari Upper,1020.088,4.6,100.0
subbasin,GDU,Godavari Upper,subbasin||GDU,,Godavari Basin,Godavari Upper,watershed,C03GDU20,Watershed C03GDU20,watershed||C03GDU20,,Godavari Basin,Godavari Upper,997.1099,4.5,100.0
subbasin,GDU,Godavari Upper,subbasin||GDU,,Godavari Basin,Godavari Upper,watershed,C03GDU21,Watershed C03GDU21,watershed||C03GDU21,,Godavari Basin,Godavari Upper,342.0211,1.54,100.0
subbasin,GDU,Godavari Upper,subbasin||GDU,,Godavari Basin,Godavari Upper,watershed,C03GDU22,Watershed C03GDU22,watershed||C03GDU22,,Godavari Basin,Godavari Upper,563.6676,2.54,100.0
subbasin,GDU,Godavari Upper,subbasin||GDU,,Godavari Basin,Godavari Upper,watershed,C03GDU23,Watershed C03GDU23,watershed||C03GDU23,,Godavari Basin,Godavari Upper,819.5849,3.69,100.0
subbasin,GDU,Godavari Upper,subbasin||GDU,,Godavari Basin,Godavari Upper,watershed,C03GDU24,Watershed C03GDU24,watershed||C03GDU24,,Godavari Basin,Godavari Upper,564.7474,2.55,100.0
subbasin,GDU,Godavari Upper,subbasin||GDU,,Godavari Basin,Godavari Upper,watershed,C03GDU25,Watershed C03GDU25,watershed||C03GDU25,,Godavari Basin,Godavari Upper,498.4627,2.25,100.0
subbasin,GDU,Godavari Upper,subbasin||GDU,,Godavari Basin,Godavari Upper,watershed,C03GDU26,Watershed C03GDU26,watershed||C03GDU26,,Godavari Basin,Godavari Upper,731.1812,3.3,100.0
subbasin,GDU,Godavari Upper,subbasin||GDU,,Godavari Basin,Godavari Upper,watershed,C03GDU27,Watershed C03GDU27,watershed||C03GDU27,,Godavari Basin,Godavari Upper,729.6516,3.29,100.0
subbasin,GDU,Godavari Upper,subbasin||GDU,,Godavari Basin,Godavari Upper,watershed,C03GDU28,Watershed C03GDU28,watershed||C03GDU28,,Godavari Basin,Godavari Upper,884.6194,3.99,100.0
subbasin,GDU,Godavari Upper,subbasin||GDU,,Godavari Basin,Godavari Upper,watershed,C03GDU29,Watershed C03GDU29,watershed||C03GDU29,,Godavari Basin,Godavari Upper,752.724,3.39,100.0
subbasin,GDU,Godavari Upper,subbasin||GDU,,Godavari Basin,Godavari Upper,watershed,C03GDU30,Watershed C03GDU30,watershed||C03GDU30,,Godavari Basin,Godavari Upper,577.4194,2.6,100.0
subbasin,GDU,Godavari Upper,subbasin||GDU,,Godavari Basin,Godavari Upper,watershed,C03GDU31,Watershed C03GDU31,watershed||C03GDU31,,Godavari Basin,Godavari Upper,629.9593,2.84,100.0
subbasin,GDU,Godavari Upper,subbasin||GDU,,Godavari Basin,Godavari Upper,watershed,C03GDU32,Watershed C03GDU32,watershed||C03GDU32,,Godavari Basin,Godavari Upper,404.0607,1.82,100.0
subbasin,GDU,Godavari Upper,subbasin||GDU,,Godavari Basin,Godavari Upper,watershed,C03GDU33,Watershed C03GDU33,watershed||C03GDU33,,Godavari Basin,Godavari Upper,688.1172,3.1,100.0
subbasin,GOM,Gomti,subbasin||GOM,,Ganga Basin,Gomti,watershed,C2AGOM01,Watershed C2AGOM01,watershed||C2AGOM01,,Ganga Basin,Gomti,384.9978,1.24,100.0
subbasin,GOM,Gomti,subbasin||GOM,,Ganga Basin,Gomti,watershed,C2AGOM02,Watershed C2AGOM02,watershed||C2AGOM02,,Ganga Basin,Gomti,682.0133,2.2,100.0
subbasin,GOM,Gomti,subbasin||GOM,,Ganga Basin,Gomti,watershed,C2AGOM03,Watershed C2AGOM03,watershed||C2AGOM03,,Ganga Basin,Gomti,828.4139,2.67,100.0
subbasin,GOM,Gomti,subbasin||GOM,,Ganga Basin,Gomti,watershed,C2AGOM04,Watershed C2AGOM04,watershed||C2AGOM04,,Ganga Basin,Gomti,654.7862,2.11,100.0
subbasin,GOM,Gomti,subbasin||GOM,,Ganga Basin,Gomti,watershed,C2AGOM05,Watershed C2AGOM05,watershed||C2AGOM05,,Ganga Basin,Gomti,1176.8841,3.8,100.0
subbasin,GOM,Gomti,subbasin||GOM,,Ganga Basin,Gomti,watershed,C2AGOM06,Watershed C2AGOM06,watershed||C2AGOM06,,Ganga Basin,Gomti,690.0046,2.23,100.0
subbasin,GOM,Gomti,subbasin||GOM,,Ganga Basin,Gomti,watershed,C2AGOM07,Watershed C2AGOM07,watershed||C2AGOM07,,Ganga Basin,Gomti,615.9243,1.99,100.0
subbasin,GOM,Gomti,subbasin||GOM,,Ganga Basin,Gomti,watershed,C2AGOM08,Watershed C2AGOM08,watershed||C2AGOM08,,Ganga Basin,Gomti,462.8631,1.49,100.0
subbasin,GOM,Gomti,subbasin||GOM,,Ganga Basin,Gomti,watershed,C2AGOM09,Watershed C2AGOM09,watershed||C2AGOM09,,Ganga Basin,Gomti,742.4992,2.4,100.0
subbasin,GOM,Gomti,subbasin||GOM,,Ganga Basin,Gomti,watershed,C2AGOM10,Watershed C2AGOM10,watershed||C2AGOM10,,Ganga Basin,Gomti,1066.7896,3.44,100.0
subbasin,GOM,Gomti,subbasin||GOM,,Ganga Basin,Gomti,watershed,C2AGOM11,Watershed C2AGOM11,watershed||C2AGOM11,,Ganga Basin,Gomti,998.3077,3.22,100.0
subbasin,GOM,Gomti,subbasin||GOM,,Ganga Basin,Gomti,watershed,C2AGOM12,Watershed C2AGOM12,watershed||C2AGOM12,,Ganga Basin,Gomti,721.5367,2.33,100.0
subbasin,GOM,Gomti,subbasin||GOM,,Ganga Basin,Gomti,watershed,C2AGOM13,Watershed C2AGOM13,watershed||C2AGOM13,,Ganga Basin,Gomti,681.0064,2.2,100.0
subbasin,GOM,Gomti,subbasin||GOM,,Ganga Basin,Gomti,watershed,C2AGOM14,Watershed C2AGOM14,watershed||C2AGOM14,,Ganga Basin,Gomti,720.3328,2.32,100.0
subbasin,GOM,Gomti,subbasin||GOM,,Ganga Basin,Gomti,watershed,C2AGOM15,Watershed C2AGOM15,watershed||C2AGOM15,,Ganga Basin,Gomti,762.7757,2.46,100.0
subbasin,GOM,Gomti,subbasin||GOM,,Ganga Basin,Gomti,watershed,C2AGOM16,Watershed C2AGOM16,watershed||C2AGOM16,,Ganga Basin,Gomti,781.5951,2.52,100.0
subbasin,GOM,Gomti,subbasin||GOM,,Ganga Basin,Gomti,watershed,C2AGOM17,Watershed C2AGOM17,watershed||C2AGOM17,,Ganga Basin,Gomti,391.7921,1.26,100.0
subbasin,GOM,Gomti,subbasin||GOM,,Ganga Basin,Gomti,watershed,C2AGOM18,Watershed C2AGOM18,watershed||C2AGOM18,,Ganga Basin,Gomti,865.3063,2.79,100.0
subbasin,GOM,Gomti,subbasin||GOM,,Ganga Basin,Gomti,watershed,C2AGOM19,Watershed C2AGOM19,watershed||C2AGOM19,,Ganga Basin,Gomti,792.071,2.56,100.0
subbasin,GOM,Gomti,subbasin||GOM,,Ganga Basin,Gomti,watershed,C2AGOM20,Watershed C2AGOM20,watershed||C2AGOM20,,Ganga Basin,Gomti,619.9566,2.0,100.0
subbasin,GOM,Gomti,subbasin||GOM,,Ganga Basin,Gomti,watershed,C2AGOM21,Watershed C2AGOM21,watershed||C2AGOM21,,Ganga Basin,Gomti,618.4062,2.0,100.0
subbasin,GOM,Gomti,subbasin||GOM,,Ganga Basin,Gomti,watershed,C2AGOM22,Watershed C2AGOM22,watershed||C2AGOM22,,Ganga Basin,Gomti,773.139,2.5,100.0
subbasin,GOM,Gomti,subbasin||GOM,,Ganga Basin,Gomti,watershed,C2AGOM23,Watershed C2AGOM23,watershed||C2AGOM23,,Ganga Basin,Gomti,1085.2904,3.5,100.0
subbasin,GOM,Gomti,subbasin||GOM,,Ganga Basin,Gomti,watershed,C2AGOM24,Watershed C2AGOM24,watershed||C2AGOM24,,Ganga Basin,Gomti,472.7794,1.53,100.0
subbasin,GOM,Gomti,subbasin||GOM,,Ganga Basin,Gomti,watershed,C2AGOM25,Watershed C2AGOM25,watershed||C2AGOM25,,Ganga Basin,Gomti,1009.7359,3.26,100.0
subbasin,GOM,Gomti,subbasin||GOM,,Ganga Basin,Gomti,watershed,C2AGOM26,Watershed C2AGOM26,watershed||C2AGOM26,,Ganga Basin,Gomti,829.6691,2.68,100.0
subbasin,GOM,Gomti,subbasin||GOM,,Ganga Basin,Gomti,watershed,C2AGOM27,Watershed C2AGOM27,watershed||C2AGOM27,,Ganga Basin,Gomti,1380.5516,4.46,100.0
subbasin,GOM,Gomti,subbasin||GOM,,Ganga Basin,Gomti,watershed,C2AGOM28,Watershed C2AGOM28,watershed||C2AGOM28,,Ganga Basin,Gomti,684.8249,2.21,100.0
subbasin,GOM,Gomti,subbasin||GOM,,Ganga Basin,Gomti,watershed,C2AGOM29,Watershed C2AGOM29,watershed||C2AGOM29,,Ganga Basin,Gomti,456.272,1.47,100.0
subbasin,GOM,Gomti,subbasin||GOM,,Ganga Basin,Gomti,watershed,C2AGOM30,Watershed C2AGOM30,watershed||C2AGOM30,,Ganga Basin,Gomti,723.1811,2.33,100.0
subbasin,GOM,Gomti,subbasin||GOM,,Ganga Basin,Gomti,watershed,C2AGOM31,Watershed C2AGOM31,watershed||C2AGOM31,,Ganga Basin,Gomti,626.8269,2.02,100.0
subbasin,GOM,Gomti,subbasin||GOM,,Ganga Basin,Gomti,watershed,C2AGOM32,Watershed C2AGOM32,watershed||C2AGOM32,,Ganga Basin,Gomti,918.8147,2.97,100.0
subbasin,GOM,Gomti,subbasin||GOM,,Ganga Basin,Gomti,watershed,C2AGOM33,Watershed C2AGOM33,watershed||C2AGOM33,,Ganga Basin,Gomti,1281.8109,4.14,100.0
subbasin,GOM,Gomti,subbasin||GOM,,Ganga Basin,Gomti,watershed,C2AGOM34,Watershed C2AGOM34,watershed||C2AGOM34,,Ganga Basin,Gomti,805.9428,2.6,100.0
subbasin,GOM,Gomti,subbasin||GOM,,Ganga Basin,Gomti,watershed,C2AGOM35,Watershed C2AGOM35,watershed||C2AGOM35,,Ganga Basin,Gomti,671.3468,2.17,100.0
subbasin,GOM,Gomti,subbasin||GOM,,Ganga Basin,Gomti,watershed,C2AGOM36,Watershed C2AGOM36,watershed||C2AGOM36,,Ganga Basin,Gomti,1131.142,3.65,100.0
subbasin,GOM,Gomti,subbasin||GOM,,Ganga Basin,Gomti,watershed,C2AGOM37,Watershed C2AGOM37,watershed||C2AGOM37,,Ganga Basin,Gomti,346.3077,1.12,100.0
subbasin,GOM,Gomti,subbasin||GOM,,Ganga Basin,Gomti,watershed,C2AGOM38,Watershed C2AGOM38,watershed||C2AGOM38,,Ganga Basin,Gomti,591.5483,1.91,100.0
subbasin,GOM,Gomti,subbasin||GOM,,Ganga Basin,Gomti,watershed,C2AGOM39,Watershed C2AGOM39,watershed||C2AGOM39,,Ganga Basin,Gomti,901.622,2.91,97.11
subbasin,GOM,Gomti,subbasin||GOM,,Ganga Basin,Gomti,watershed,C2AGOM40,Watershed C2AGOM40,watershed||C2AGOM40,,Ganga Basin,Gomti,558.3304,1.8,100.0
subbasin,GOM,Gomti,subbasin||GOM,,Ganga Basin,Gomti,watershed,C2AGOM41,Watershed C2AGOM41,watershed||C2AGOM41,,Ganga Basin,Gomti,361.0966,1.17,100.0
subbasin,GOM,Gomti,subbasin||GOM,,Ganga Basin,Gomti,watershed,C2AUGO35,Watershed C2AUGO35,watershed||C2AUGO35,,Ganga Basin,Upstream of Gomti confluece to Muzaffarnagar,39.8883,0.13,6.82
subbasin,GOM,Gomti,subbasin||GOM,,Ganga Basin,Gomti,watershed,C2AUGO36,Watershed C2AUGO36,watershed||C2AUGO36,,Ganga Basin,Upstream of Gomti confluece to Muzaffarnagar,75.1656,0.24,11.54
subbasin,IMP,Imphal and others,subbasin||IMP,,Minor rivers draining into Myanmar Basin,Imphal and others,watershed,E22IMP01,Watershed E22IMP01,watershed||E22IMP01,,Minor rivers draining into Myanmar Basin,Imphal and others,687.463,3.95,100.0
subbasin,IMP,Imphal and others,subbasin||IMP,,Minor rivers draining into Myanmar Basin,Imphal and others,watershed,E22IMP02,Watershed E22IMP02,watershed||E22IMP02,,Minor rivers draining into Myanmar Basin,Imphal and others,492.169,2.83,100.0
subbasin,IMP,Imphal and others,subbasin||IMP,,Minor rivers draining into Myanmar Basin,Imphal and others,watershed,E22IMP03,Watershed E22IMP03,watershed||E22IMP03,,Minor rivers draining into Myanmar Basin,Imphal and others,608.432,3.49,100.0
subbasin,IMP,Imphal and others,subbasin||IMP,,Minor rivers draining into Myanmar Basin,Imphal and others,watershed,E22IMP04,Watershed E22IMP04,watershed||E22IMP04,,Minor rivers draining into Myanmar Basin,Imphal and others,617.1385,3.54,100.0
subbasin,IMP,Imphal and others,subbasin||IMP,,Minor rivers draining into Myanmar Basin,Imphal and others,watershed,E22IMP05,Watershed E22IMP05,watershed||E22IMP05,,Minor rivers draining into Myanmar Basin,Imphal and others,475.7327,2.73,100.0
subbasin,IMP,Imphal and others,subbasin||IMP,,Minor rivers draining into Myanmar Basin,Imphal and others,watershed,E22IMP06,Watershed E22IMP06,watershed||E22IMP06,,Minor rivers draining into Myanmar Basin,Imphal and others,507.8596,2.92,100.0
subbasin,IMP,Imphal and others,subbasin||IMP,,Minor rivers draining into Myanmar Basin,Imphal and others,watershed,E22IMP07,Watershed E22IMP07,watershed||E22IMP07,,Minor rivers draining into Myanmar Basin,Imphal and others,555.7225,3.19,100.0
subbasin,IMP,Imphal and others,subbasin||IMP,,Minor rivers draining into Myanmar Basin,Imphal and others,watershed,E22IMP08,Watershed E22IMP08,watershed||E22IMP08,,Minor rivers draining into Myanmar Basin,Imphal and others,333.9915,1.92,100.0
subbasin,IMP,Imphal and others,subbasin||IMP,,Minor rivers draining into Myanmar Basin,Imphal and others,watershed,E22IMP09,Watershed E22IMP09,watershed||E22IMP09,,Minor rivers draining into Myanmar Basin,Imphal and others,504.0382,2.89,100.0
subbasin,IMP,Imphal and others,subbasin||IMP,,Minor rivers draining into Myanmar Basin,Imphal and others,watershed,E22IMP10,Watershed E22IMP10,watershed||E22IMP10,,Minor rivers draining into Myanmar Basin,Imphal and others,436.5654,2.51,100.0
subbasin,IMP,Imphal and others,subbasin||IMP,,Minor rivers draining into Myanmar Basin,Imphal and others,watershed,E22IMP11,Watershed E22IMP11,watershed||E22IMP11,,Minor rivers draining into Myanmar Basin,Imphal and others,501.6734,2.88,100.0
subbasin,IMP,Imphal and others,subbasin||IMP,,Minor rivers draining into Myanmar Basin,Imphal and others,watershed,E22IMP12,Watershed E22IMP12,watershed||E22IMP12,,Minor rivers draining into Myanmar Basin,Imphal and others,693.4472,3.98,100.0
subbasin,IMP,Imphal and others,subbasin||IMP,,Minor rivers draining into Myanmar Basin,Imphal and others,watershed,E22IMP13,Watershed E22IMP13,watershed||E22IMP13,,Minor rivers draining into Myanmar Basin,Imphal and others,759.9511,4.36,100.0
subbasin,IMP,Imphal and others,subbasin||IMP,,Minor rivers draining into Myanmar Basin,Imphal and others,watershed,E22IMP14,Watershed E22IMP14,watershed||E22IMP14,,Minor rivers draining into Myanmar Basin,Imphal and others,383.0411,2.2,100.0
subbasin,IMP,Imphal and others,subbasin||IMP,,Minor rivers draining into Myanmar Basin,Imphal and others,watershed,E22IMP15,Watershed E22IMP15,watershed||E22IMP15,,Minor rivers draining into Myanmar Basin,Imphal and others,634.8878,3.64,100.0
subbasin,IMP,Imphal and others,subbasin||IMP,,Minor rivers draining into Myanmar Basin,Imphal and others,watershed,E22IMP16,Watershed E22IMP16,watershed||E22IMP16,,Minor rivers draining into Myanmar Basin,Imphal and others,511.6327,2.94,100.0
subbasin,IMP,Imphal and others,subbasin||IMP,,Minor rivers draining into Myanmar Basin,Imphal and others,watershed,E22IMP17,Watershed E22IMP17,watershed||E22IMP17,,Minor rivers draining into Myanmar Basin,Imphal and others,713.9588,4.1,100.0
subbasin,IMP,Imphal and others,subbasin||IMP,,Minor rivers draining into Myanmar Basin,Imphal and others,watershed,E22IMP18,Watershed E22IMP18,watershed||E22IMP18,,Minor rivers draining into Myanmar Basin,Imphal and others,935.1902,5.37,100.0
subbasin,IMP,Imphal and others,subbasin||IMP,,Minor rivers draining into Myanmar Basin,Imphal and others,watershed,E22IMP19,Watershed E22IMP19,watershed||E22IMP19,,Minor rivers draining into Myanmar Basin,Imphal and others,520.6327,2.99,100.0
subbasin,IMP,Imphal and others,subbasin||IMP,,Minor rivers draining into Myanmar Basin,Imphal and others,watershed,E22IMP20,Watershed E22IMP20,watershed||E22IMP20,,Minor rivers draining into Myanmar Basin,Imphal and others,858.7906,4.93,100.0
subbasin,IMP,Imphal and others,subbasin||IMP,,Minor rivers draining into Myanmar Basin,Imphal and others,watershed,E22IMP21,Watershed E22IMP21,watershed||E22IMP21,,Minor rivers draining into Myanmar Basin,Imphal and others,715.4666,4.11,100.0
subbasin,IMP,Imphal and others,subbasin||IMP,,Minor rivers draining into Myanmar Basin,Imphal and others,watershed,E22IMP22,Watershed E22IMP22,watershed||E22IMP22,,Minor rivers draining into Myanmar Basin,Imphal and others,784.9347,4.51,100.0
subbasin,IMP,Imphal and others,subbasin||IMP,,Minor rivers draining into Myanmar Basin,Imphal and others,watershed,E22IMP23,Watershed E22IMP23,watershed||E22IMP23,,Minor rivers draining into Myanmar Basin,Imphal and others,874.6464,5.02,100.0
subbasin,IMP,Imphal and others,subbasin||IMP,,Minor rivers draining into Myanmar Basin,Imphal and others,watershed,E22IMP24,Watershed E22IMP24,watershed||E22IMP24,,Minor rivers draining into Myanmar Basin,Imphal and others,552.0053,3.17,100.0
subbasin,IMP,Imphal and others,subbasin||IMP,,Minor rivers draining into Myanmar Basin,Imphal and others,watershed,E22IMP25,Watershed E22IMP25,watershed||E22IMP25,,Minor rivers draining into Myanmar Basin,Imphal and others,432.4588,2.48,100.0
subbasin,IMP,Imphal and others,subbasin||IMP,,Minor rivers draining into Myanmar Basin,Imphal and others,watershed,E22IMP26,Watershed E22IMP26,watershed||E22IMP26,,Minor rivers draining into Myanmar Basin,Imphal and others,417.655,2.4,100.0
subbasin,IMP,Imphal and others,subbasin||IMP,,Minor rivers draining into Myanmar Basin,Imphal and others,watershed,E22IMP27,Watershed E22IMP27,watershed||E22IMP27,,Minor rivers draining into Myanmar Basin,Imphal and others,531.8474,3.05,100.0
subbasin,IMP,Imphal and others,subbasin||IMP,,Minor rivers draining into Myanmar Basin,Imphal and others,watershed,E22IMP28,Watershed E22IMP28,watershed||E22IMP28,,Minor rivers draining into Myanmar Basin,Imphal and others,774.8362,4.45,100.0
subbasin,IMP,Imphal and others,subbasin||IMP,,Minor rivers draining into Myanmar Basin,Imphal and others,watershed,E22IMP29,Watershed E22IMP29,watershed||E22IMP29,,Minor rivers draining into Myanmar Basin,Imphal and others,602.6401,3.46,100.0
subbasin,IND,Indravati,subbasin||IND,,Godavari Basin,Indravati,watershed,C03IND01,Watershed C03IND01,watershed||C03IND01,,Godavari Basin,Indravati,489.9694,1.24,100.0
subbasin,IND,Indravati,subbasin||IND,,Godavari Basin,Indravati,watershed,C03IND02,Watershed C03IND02,watershed||C03IND02,,Godavari Basin,Indravati,706.6886,1.78,100.0
subbasin,IND,Indravati,subbasin||IND,,Godavari Basin,Indravati,watershed,C03IND03,Watershed C03IND03,watershed||C03IND03,,Godavari Basin,Indravati,379.1139,0.96,100.0
subbasin,IND,Indravati,subbasin||IND,,Godavari Basin,Indravati,watershed,C03IND04,Watershed C03IND04,watershed||C03IND04,,Godavari Basin,Indravati,1024.9013,2.59,100.0
subbasin,IND,Indravati,subbasin||IND,,Godavari Basin,Indravati,watershed,C03IND05,Watershed C03IND05,watershed||C03IND05,,Godavari Basin,Indravati,876.8271,2.21,100.0
subbasin,IND,Indravati,subbasin||IND,,Godavari Basin,Indravati,watershed,C03IND06,Watershed C03IND06,watershed||C03IND06,,Godavari Basin,Indravati,684.3049,1.73,100.0
subbasin,IND,Indravati,subbasin||IND,,Godavari Basin,Indravati,watershed,C03IND07,Watershed C03IND07,watershed||C03IND07,,Godavari Basin,Indravati,476.1791,1.2,100.0
subbasin,IND,Indravati,subbasin||IND,,Godavari Basin,Indravati,watershed,C03IND08,Watershed C03IND08,watershed||C03IND08,,Godavari Basin,Indravati,609.5937,1.54,100.0
subbasin,IND,Indravati,subbasin||IND,,Godavari Basin,Indravati,watershed,C03IND09,Watershed C03IND09,watershed||C03IND09,,Godavari Basin,Indravati,767.8532,1.94,100.0
subbasin,IND,Indravati,subbasin||IND,,Godavari Basin,Indravati,watershed,C03IND10,Watershed C03IND10,watershed||C03IND10,,Godavari Basin,Indravati,886.0056,2.24,100.0
subbasin,IND,Indravati,subbasin||IND,,Godavari Basin,Indravati,watershed,C03IND11,Watershed C03IND11,watershed||C03IND11,,Godavari Basin,Indravati,797.1736,2.01,100.0
subbasin,IND,Indravati,subbasin||IND,,Godavari Basin,Indravati,watershed,C03IND12,Watershed C03IND12,watershed||C03IND12,,Godavari Basin,Indravati,382.0872,0.96,100.0
subbasin,IND,Indravati,subbasin||IND,,Godavari Basin,Indravati,watershed,C03IND13,Watershed C03IND13,watershed||C03IND13,,Godavari Basin,Indravati,1012.0789,2.56,100.0
subbasin,IND,Indravati,subbasin||IND,,Godavari Basin,Indravati,watershed,C03IND14,Watershed C03IND14,watershed||C03IND14,,Godavari Basin,Indravati,934.1187,2.36,100.0
subbasin,IND,Indravati,subbasin||IND,,Godavari Basin,Indravati,watershed,C03IND15,Watershed C03IND15,watershed||C03IND15,,Godavari Basin,Indravati,596.9096,1.51,100.0
subbasin,IND,Indravati,subbasin||IND,,Godavari Basin,Indravati,watershed,C03IND16,Watershed C03IND16,watershed||C03IND16,,Godavari Basin,Indravati,963.276,2.43,100.0
subbasin,IND,Indravati,subbasin||IND,,Godavari Basin,Indravati,watershed,C03IND17,Watershed C03IND17,watershed||C03IND17,,Godavari Basin,Indravati,476.5071,1.2,100.0
subbasin,IND,Indravati,subbasin||IND,,Godavari Basin,Indravati,watershed,C03IND18,Watershed C03IND18,watershed||C03IND18,,Godavari Basin,Indravati,677.5733,1.71,100.0
subbasin,IND,Indravati,subbasin||IND,,Godavari Basin,Indravati,watershed,C03IND19,Watershed C03IND19,watershed||C03IND19,,Godavari Basin,Indravati,950.6374,2.4,100.0
subbasin,IND,Indravati,subbasin||IND,,Godavari Basin,Indravati,watershed,C03IND20,Watershed C03IND20,watershed||C03IND20,,Godavari Basin,Indravati,654.9675,1.65,100.0
subbasin,IND,Indravati,subbasin||IND,,Godavari Basin,Indravati,watershed,C03IND21,Watershed C03IND21,watershed||C03IND21,,Godavari Basin,Indravati,516.3078,1.3,100.0
subbasin,IND,Indravati,subbasin||IND,,Godavari Basin,Indravati,watershed,C03IND22,Watershed C03IND22,watershed||C03IND22,,Godavari Basin,Indravati,702.7396,1.77,100.0
subbasin,IND,Indravati,subbasin||IND,,Godavari Basin,Indravati,watershed,C03IND23,Watershed C03IND23,watershed||C03IND23,,Godavari Basin,Indravati,982.9442,2.48,100.0
subbasin,IND,Indravati,subbasin||IND,,Godavari Basin,Indravati,watershed,C03IND24,Watershed C03IND24,watershed||C03IND24,,Godavari Basin,Indravati,748.2353,1.89,100.0
subbasin,IND,Indravati,subbasin||IND,,Godavari Basin,Indravati,watershed,C03IND25,Watershed C03IND25,watershed||C03IND25,,Godavari Basin,Indravati,559.3577,1.41,100.0
subbasin,IND,Indravati,subbasin||IND,,Godavari Basin,Indravati,watershed,C03IND26,Watershed C03IND26,watershed||C03IND26,,Godavari Basin,Indravati,831.2383,2.1,100.0
subbasin,IND,Indravati,subbasin||IND,,Godavari Basin,Indravati,watershed,C03IND27,Watershed C03IND27,watershed||C03IND27,,Godavari Basin,Indravati,468.5795,1.18,100.0
subbasin,IND,Indravati,subbasin||IND,,Godavari Basin,Indravati,watershed,C03IND28,Watershed C03IND28,watershed||C03IND28,,Godavari Basin,Indravati,976.9342,2.47,100.0
subbasin,IND,Indravati,subbasin||IND,,Godavari Basin,Indravati,watershed,C03IND29,Watershed C03IND29,watershed||C03IND29,,Godavari Basin,Indravati,565.8001,1.43,100.0
subbasin,IND,Indravati,subbasin||IND,,Godavari Basin,Indravati,watershed,C03IND31,Watershed C03IND31,watershed||C03IND31,,Godavari Basin,Indravati,736.4519,1.86,100.0
subbasin,IND,Indravati,subbasin||IND,,Godavari Basin,Indravati,watershed,C03IND32,Watershed C03IND32,watershed||C03IND32,,Godavari Basin,Indravati,564.8554,1.43,100.0
subbasin,IND,Indravati,subbasin||IND,,Godavari Basin,Indravati,watershed,C03IND33,Watershed C03IND33,watershed||C03IND33,,Godavari Basin,Indravati,709.2848,1.79,100.0
subbasin,IND,Indravati,subbasin||IND,,Godavari Basin,Indravati,watershed,C03IND34,Watershed C03IND34,watershed||C03IND34,,Godavari Basin,Indravati,720.2234,1.82,100.0
subbasin,IND,Indravati,subbasin||IND,,Godavari Basin,Indravati,watershed,C03IND35,Watershed C03IND35,watershed||C03IND35,,Godavari Basin,Indravati,914.5807,2.31,100.0
subbasin,IND,Indravati,subbasin||IND,,Godavari Basin,Indravati,watershed,C03IND36,Watershed C03IND36,watershed||C03IND36,,Godavari Basin,Indravati,374.9857,0.95,100.0
subbasin,IND,Indravati,subbasin||IND,,Godavari Basin,Indravati,watershed,C03IND37,Watershed C03IND37,watershed||C03IND37,,Godavari Basin,Indravati,668.0647,1.69,100.0
subbasin,IND,Indravati,subbasin||IND,,Godavari Basin,Indravati,watershed,C03IND38,Watershed C03IND38,watershed||C03IND38,,Godavari Basin,Indravati,500.2713,1.26,100.0
subbasin,IND,Indravati,subbasin||IND,,Godavari Basin,Indravati,watershed,C03IND39,Watershed C03IND39,watershed||C03IND39,,Godavari Basin,Indravati,673.8558,1.7,100.0
subbasin,IND,Indravati,subbasin||IND,,Godavari Basin,Indravati,watershed,C03IND40,Watershed C03IND40,watershed||C03IND40,,Godavari Basin,Indravati,424.5764,1.07,100.0
subbasin,IND,Indravati,subbasin||IND,,Godavari Basin,Indravati,watershed,C03IND41,Watershed C03IND41,watershed||C03IND41,,Godavari Basin,Indravati,680.5416,1.72,100.0
subbasin,IND,Indravati,subbasin||IND,,Godavari Basin,Indravati,watershed,C03IND42,Watershed C03IND42,watershed||C03IND42,,Godavari Basin,Indravati,882.5482,2.23,100.0
subbasin,IND,Indravati,subbasin||IND,,Godavari Basin,Indravati,watershed,C03IND43,Watershed C03IND43,watershed||C03IND43,,Godavari Basin,Indravati,734.3567,1.85,100.0
subbasin,IND,Indravati,subbasin||IND,,Godavari Basin,Indravati,watershed,C03IND44,Watershed C03IND44,watershed||C03IND44,,Godavari Basin,Indravati,517.0663,1.31,100.0
subbasin,IND,Indravati,subbasin||IND,,Godavari Basin,Indravati,watershed,C03IND45,Watershed C03IND45,watershed||C03IND45,,Godavari Basin,Indravati,551.4365,1.39,100.0
subbasin,IND,Indravati,subbasin||IND,,Godavari Basin,Indravati,watershed,C03IND46,Watershed C03IND46,watershed||C03IND46,,Godavari Basin,Indravati,540.6266,1.37,100.0
subbasin,IND,Indravati,subbasin||IND,,Godavari Basin,Indravati,watershed,C03IND47,Watershed C03IND47,watershed||C03IND47,,Godavari Basin,Indravati,538.3181,1.36,100.0
subbasin,IND,Indravati,subbasin||IND,,Godavari Basin,Indravati,watershed,C03IND48,Watershed C03IND48,watershed||C03IND48,,Godavari Basin,Indravati,718.7069,1.82,100.0
subbasin,IND,Indravati,subbasin||IND,,Godavari Basin,Indravati,watershed,C03IND49,Watershed C03IND49,watershed||C03IND49,,Godavari Basin,Indravati,674.3183,1.7,100.0
subbasin,IND,Indravati,subbasin||IND,,Godavari Basin,Indravati,watershed,C03IND50,Watershed C03IND50,watershed||C03IND50,,Godavari Basin,Indravati,785.265,1.98,100.0
subbasin,IND,Indravati,subbasin||IND,,Godavari Basin,Indravati,watershed,C03IND51,Watershed C03IND51,watershed||C03IND51,,Godavari Basin,Indravati,522.2624,1.32,100.0
subbasin,IND,Indravati,subbasin||IND,,Godavari Basin,Indravati,watershed,C03IND52,Watershed C03IND52,watershed||C03IND52,,Godavari Basin,Indravati,557.2875,1.41,100.0
subbasin,IND,Indravati,subbasin||IND,,Godavari Basin,Indravati,watershed,C03IND53,Watershed C03IND53,watershed||C03IND53,,Godavari Basin,Indravati,808.5145,2.04,100.0
subbasin,IND,Indravati,subbasin||IND,,Godavari Basin,Indravati,watershed,C03IND54,Watershed C03IND54,watershed||C03IND54,,Godavari Basin,Indravati,354.5738,0.9,100.0
subbasin,IND,Indravati,subbasin||IND,,Godavari Basin,Indravati,watershed,C03IND55,Watershed C03IND55,watershed||C03IND55,,Godavari Basin,Indravati,558.9391,1.41,100.0
subbasin,IND,Indravati,subbasin||IND,,Godavari Basin,Indravati,watershed,C03IND56,Watershed C03IND56,watershed||C03IND56,,Godavari Basin,Indravati,510.3427,1.29,100.0
subbasin,IND,Indravati,subbasin||IND,,Godavari Basin,Indravati,watershed,C03IND57,Watershed C03IND57,watershed||C03IND57,,Godavari Basin,Indravati,803.8603,2.03,100.0
subbasin,IND,Indravati,subbasin||IND,,Godavari Basin,Indravati,watershed,C03IND58,Watershed C03IND58,watershed||C03IND58,,Godavari Basin,Indravati,822.5297,2.08,100.0
subbasin,IND,Indravati,subbasin||IND,,Godavari Basin,Indravati,watershed,C03IND59,Watershed C03IND59,watershed||C03IND59,,Godavari Basin,Indravati,629.5366,1.59,100.0
subbasin,IND,Indravati,subbasin||IND,,Godavari Basin,Indravati,watershed,C03IND60,Watershed C03IND60,watershed||C03IND60,,Godavari Basin,Indravati,417.8455,1.06,100.0
subbasin,JHE,Jhelum,subbasin||JHE,,Indus (Up to border) Basin,Jhelum,watershed,A01JHE01,Watershed A01JHE01,watershed||A01JHE01,,Indus (Up to border) Basin,Jhelum,627.8106,2.13,100.0
subbasin,JHE,Jhelum,subbasin||JHE,,Indus (Up to border) Basin,Jhelum,watershed,A01JHE02,Watershed A01JHE02,watershed||A01JHE02,,Indus (Up to border) Basin,Jhelum,430.4567,1.46,100.0
subbasin,JHE,Jhelum,subbasin||JHE,,Indus (Up to border) Basin,Jhelum,watershed,A01JHE03,Watershed A01JHE03,watershed||A01JHE03,,Indus (Up to border) Basin,Jhelum,570.593,1.94,100.0
subbasin,JHE,Jhelum,subbasin||JHE,,Indus (Up to border) Basin,Jhelum,watershed,A01JHE04,Watershed A01JHE04,watershed||A01JHE04,,Indus (Up to border) Basin,Jhelum,454.8497,1.55,100.0
subbasin,JHE,Jhelum,subbasin||JHE,,Indus (Up to border) Basin,Jhelum,watershed,A01JHE05,Watershed A01JHE05,watershed||A01JHE05,,Indus (Up to border) Basin,Jhelum,574.1697,1.95,100.0
subbasin,JHE,Jhelum,subbasin||JHE,,Indus (Up to border) Basin,Jhelum,watershed,A01JHE06,Watershed A01JHE06,watershed||A01JHE06,,Indus (Up to border) Basin,Jhelum,513.0013,1.74,100.0
subbasin,JHE,Jhelum,subbasin||JHE,,Indus (Up to border) Basin,Jhelum,watershed,A01JHE07,Watershed A01JHE07,watershed||A01JHE07,,Indus (Up to border) Basin,Jhelum,970.9084,3.3,100.0
subbasin,JHE,Jhelum,subbasin||JHE,,Indus (Up to border) Basin,Jhelum,watershed,A01JHE08,Watershed A01JHE08,watershed||A01JHE08,,Indus (Up to border) Basin,Jhelum,1033.853,3.52,100.0
subbasin,JHE,Jhelum,subbasin||JHE,,Indus (Up to border) Basin,Jhelum,watershed,A01JHE09,Watershed A01JHE09,watershed||A01JHE09,,Indus (Up to border) Basin,Jhelum,654.5548,2.23,100.0
subbasin,JHE,Jhelum,subbasin||JHE,,Indus (Up to border) Basin,Jhelum,watershed,A01JHE10,Watershed A01JHE10,watershed||A01JHE10,,Indus (Up to border) Basin,Jhelum,652.9088,2.22,100.0
subbasin,JHE,Jhelum,subbasin||JHE,,Indus (Up to border) Basin,Jhelum,watershed,A01JHE11,Watershed A01JHE11,watershed||A01JHE11,,Indus (Up to border) Basin,Jhelum,963.1463,3.27,100.0
subbasin,JHE,Jhelum,subbasin||JHE,,Indus (Up to border) Basin,Jhelum,watershed,A01JHE12,Watershed A01JHE12,watershed||A01JHE12,,Indus (Up to border) Basin,Jhelum,604.8326,2.06,100.0
subbasin,JHE,Jhelum,subbasin||JHE,,Indus (Up to border) Basin,Jhelum,watershed,A01JHE13,Watershed A01JHE13,watershed||A01JHE13,,Indus (Up to border) Basin,Jhelum,867.8272,2.95,100.0
subbasin,JHE,Jhelum,subbasin||JHE,,Indus (Up to border) Basin,Jhelum,watershed,A01JHE14,Watershed A01JHE14,watershed||A01JHE14,,Indus (Up to border) Basin,Jhelum,1303.4224,4.43,100.0
subbasin,JHE,Jhelum,subbasin||JHE,,Indus (Up to border) Basin,Jhelum,watershed,A01JHE15,Watershed A01JHE15,watershed||A01JHE15,,Indus (Up to border) Basin,Jhelum,510.3669,1.74,100.0
subbasin,JHE,Jhelum,subbasin||JHE,,Indus (Up to border) Basin,Jhelum,watershed,A01JHE16,Watershed A01JHE16,watershed||A01JHE16,,Indus (Up to border) Basin,Jhelum,856.9934,2.91,100.0
subbasin,JHE,Jhelum,subbasin||JHE,,Indus (Up to border) Basin,Jhelum,watershed,A01JHE17,Watershed A01JHE17,watershed||A01JHE17,,Indus (Up to border) Basin,Jhelum,534.8564,1.82,100.0
subbasin,JHE,Jhelum,subbasin||JHE,,Indus (Up to border) Basin,Jhelum,watershed,A01JHE18,Watershed A01JHE18,watershed||A01JHE18,,Indus (Up to border) Basin,Jhelum,1331.5814,4.53,100.0
subbasin,JHE,Jhelum,subbasin||JHE,,Indus (Up to border) Basin,Jhelum,watershed,A01JHE19,Watershed A01JHE19,watershed||A01JHE19,,Indus (Up to border) Basin,Jhelum,485.9506,1.65,100.0
subbasin,JHE,Jhelum,subbasin||JHE,,Indus (Up to border) Basin,Jhelum,watershed,A01JHE20,Watershed A01JHE20,watershed||A01JHE20,,Indus (Up to border) Basin,Jhelum,463.3943,1.58,100.0
subbasin,JHE,Jhelum,subbasin||JHE,,Indus (Up to border) Basin,Jhelum,watershed,A01JHE21,Watershed A01JHE21,watershed||A01JHE21,,Indus (Up to border) Basin,Jhelum,535.4023,1.82,100.0
subbasin,JHE,Jhelum,subbasin||JHE,,Indus (Up to border) Basin,Jhelum,watershed,A01JHE22,Watershed A01JHE22,watershed||A01JHE22,,Indus (Up to border) Basin,Jhelum,679.1532,2.31,100.0
subbasin,JHE,Jhelum,subbasin||JHE,,Indus (Up to border) Basin,Jhelum,watershed,A01JHE23,Watershed A01JHE23,watershed||A01JHE23,,Indus (Up to border) Basin,Jhelum,924.0944,3.14,100.0
subbasin,JHE,Jhelum,subbasin||JHE,,Indus (Up to border) Basin,Jhelum,watershed,A01JHE24,Watershed A01JHE24,watershed||A01JHE24,,Indus (Up to border) Basin,Jhelum,662.4155,2.25,100.0
subbasin,JHE,Jhelum,subbasin||JHE,,Indus (Up to border) Basin,Jhelum,watershed,A01JHE25,Watershed A01JHE25,watershed||A01JHE25,,Indus (Up to border) Basin,Jhelum,503.4219,1.71,100.0
subbasin,JHE,Jhelum,subbasin||JHE,,Indus (Up to border) Basin,Jhelum,watershed,A01JHE26,Watershed A01JHE26,watershed||A01JHE26,,Indus (Up to border) Basin,Jhelum,805.9789,2.74,100.0
subbasin,JHE,Jhelum,subbasin||JHE,,Indus (Up to border) Basin,Jhelum,watershed,A01JHE27,Watershed A01JHE27,watershed||A01JHE27,,Indus (Up to border) Basin,Jhelum,552.4936,1.88,100.0
subbasin,JHE,Jhelum,subbasin||JHE,,Indus (Up to border) Basin,Jhelum,watershed,A01JHE28,Watershed A01JHE28,watershed||A01JHE28,,Indus (Up to border) Basin,Jhelum,726.3012,2.47,100.0
subbasin,JHE,Jhelum,subbasin||JHE,,Indus (Up to border) Basin,Jhelum,watershed,A01JHE29,Watershed A01JHE29,watershed||A01JHE29,,Indus (Up to border) Basin,Jhelum,793.5967,2.7,100.0
subbasin,JHE,Jhelum,subbasin||JHE,,Indus (Up to border) Basin,Jhelum,watershed,A01JHE30,Watershed A01JHE30,watershed||A01JHE30,,Indus (Up to border) Basin,Jhelum,582.4138,1.98,100.0
subbasin,JHE,Jhelum,subbasin||JHE,,Indus (Up to border) Basin,Jhelum,watershed,A01JHE31,Watershed A01JHE31,watershed||A01JHE31,,Indus (Up to border) Basin,Jhelum,743.3934,2.53,100.0
subbasin,JHE,Jhelum,subbasin||JHE,,Indus (Up to border) Basin,Jhelum,watershed,A01JHE32,Watershed A01JHE32,watershed||A01JHE32,,Indus (Up to border) Basin,Jhelum,605.8427,2.06,100.0
subbasin,JHE,Jhelum,subbasin||JHE,,Indus (Up to border) Basin,Jhelum,watershed,A01JHE33,Watershed A01JHE33,watershed||A01JHE33,,Indus (Up to border) Basin,Jhelum,427.5357,1.45,100.0
subbasin,JHE,Jhelum,subbasin||JHE,,Indus (Up to border) Basin,Jhelum,watershed,A01JHE34,Watershed A01JHE34,watershed||A01JHE34,,Indus (Up to border) Basin,Jhelum,540.1238,1.84,100.0
subbasin,JHE,Jhelum,subbasin||JHE,,Indus (Up to border) Basin,Jhelum,watershed,A01JHE35,Watershed A01JHE35,watershed||A01JHE35,,Indus (Up to border) Basin,Jhelum,466.496,1.59,100.0
subbasin,JHE,Jhelum,subbasin||JHE,,Indus (Up to border) Basin,Jhelum,watershed,A01JHE36,Watershed A01JHE36,watershed||A01JHE36,,Indus (Up to border) Basin,Jhelum,750.5035,2.55,100.0
subbasin,JHE,Jhelum,subbasin||JHE,,Indus (Up to border) Basin,Jhelum,watershed,A01JHE37,Watershed A01JHE37,watershed||A01JHE37,,Indus (Up to border) Basin,Jhelum,403.0321,1.37,100.0
subbasin,JHE,Jhelum,subbasin||JHE,,Indus (Up to border) Basin,Jhelum,watershed,A01JHE38,Watershed A01JHE38,watershed||A01JHE38,,Indus (Up to border) Basin,Jhelum,456.3595,1.55,100.0
subbasin,JHE,Jhelum,subbasin||JHE,,Indus (Up to border) Basin,Jhelum,watershed,A01JHE39,Watershed A01JHE39,watershed||A01JHE39,,Indus (Up to border) Basin,Jhelum,561.3376,1.91,100.0
subbasin,JHE,Jhelum,subbasin||JHE,,Indus (Up to border) Basin,Jhelum,watershed,A01JHE40,Watershed A01JHE40,watershed||A01JHE40,,Indus (Up to border) Basin,Jhelum,708.9229,2.41,100.0
subbasin,JHE,Jhelum,subbasin||JHE,,Indus (Up to border) Basin,Jhelum,watershed,A01JHE41,Watershed A01JHE41,watershed||A01JHE41,,Indus (Up to border) Basin,Jhelum,322.4868,1.1,100.0
subbasin,JHE,Jhelum,subbasin||JHE,,Indus (Up to border) Basin,Jhelum,watershed,A01JHE42,Watershed A01JHE42,watershed||A01JHE42,,Indus (Up to border) Basin,Jhelum,744.8099,2.53,100.0
subbasin,JHE,Jhelum,subbasin||JHE,,Indus (Up to border) Basin,Jhelum,watershed,A01JHE43,Watershed A01JHE43,watershed||A01JHE43,,Indus (Up to border) Basin,Jhelum,747.4521,2.54,100.0
subbasin,JHE,Jhelum,subbasin||JHE,,Indus (Up to border) Basin,Jhelum,watershed,A01JHE44,Watershed A01JHE44,watershed||A01JHE44,,Indus (Up to border) Basin,Jhelum,763.2658,2.6,100.0
subbasin,KAS,Kali Sindh and others up to Confluence with Parbati,subbasin||KAS,,Ganga Basin,Kali Sindh and others up to Confluence with Parbati,watershed,C2AKAS01,Watershed C2AKAS01,watershed||C2AKAS01,,Ganga Basin,Kali Sindh and others up to Confluence with Parbati,1014.977,2.01,100.0
subbasin,KAS,Kali Sindh and others up to Confluence with Parbati,subbasin||KAS,,Ganga Basin,Kali Sindh and others up to Confluence with Parbati,watershed,C2AKAS02,Watershed C2AKAS02,watershed||C2AKAS02,,Ganga Basin,Kali Sindh and others up to Confluence with Parbati,456.7417,0.91,100.0
subbasin,KAS,Kali Sindh and others up to Confluence with Parbati,subbasin||KAS,,Ganga Basin,Kali Sindh and others up to Confluence with Parbati,watershed,C2AKAS03,Watershed C2AKAS03,watershed||C2AKAS03,,Ganga Basin,Kali Sindh and others up to Confluence with Parbati,652.0058,1.29,100.0
subbasin,KAS,Kali Sindh and others up to Confluence with Parbati,subbasin||KAS,,Ganga Basin,Kali Sindh and others up to Confluence with Parbati,watershed,C2AKAS04,Watershed C2AKAS04,watershed||C2AKAS04,,Ganga Basin,Kali Sindh and others up to Confluence with Parbati,600.3851,1.19,100.0
subbasin,KAS,Kali Sindh and others up to Confluence with Parbati,subbasin||KAS,,Ganga Basin,Kali Sindh and others up to Confluence with Parbati,watershed,C2AKAS05,Watershed C2AKAS05,watershed||C2AKAS05,,Ganga Basin,Kali Sindh and others up to Confluence with Parbati,625.1718,1.24,100.0
subbasin,KAS,Kali Sindh and others up to Confluence with Parbati,subbasin||KAS,,Ganga Basin,Kali Sindh and others up to Confluence with Parbati,watershed,C2AKAS06,Watershed C2AKAS06,watershed||C2AKAS06,,Ganga Basin,Kali Sindh and others up to Confluence with Parbati,884.1792,1.75,100.0
subbasin,KAS,Kali Sindh and others up to Confluence with Parbati,subbasin||KAS,,Ganga Basin,Kali Sindh and others up to Confluence with Parbati,watershed,C2AKAS07,Watershed C2AKAS07,watershed||C2AKAS07,,Ganga Basin,Kali Sindh and others up to Confluence with Parbati,468.0,0.93,100.0
subbasin,KAS,Kali Sindh and others up to Confluence with Parbati,subbasin||KAS,,Ganga Basin,Kali Sindh and others up to Confluence with Parbati,watershed,C2AKAS08,Watershed C2AKAS08,watershed||C2AKAS08,,Ganga Basin,Kali Sindh and others up to Confluence with Parbati,761.1963,1.51,100.0
subbasin,KAS,Kali Sindh and others up to Confluence with Parbati,subbasin||KAS,,Ganga Basin,Kali Sindh and others up to Confluence with Parbati,watershed,C2AKAS09,Watershed C2AKAS09,watershed||C2AKAS09,,Ganga Basin,Kali Sindh and others up to Confluence with Parbati,556.687,1.1,100.0
subbasin,KAS,Kali Sindh and others up to Confluence with Parbati,subbasin||KAS,,Ganga Basin,Kali Sindh and others up to Confluence with Parbati,watershed,C2AKAS10,Watershed C2AKAS10,watershed||C2AKAS10,,Ganga Basin,Kali Sindh and others up to Confluence with Parbati,983.6856,1.95,100.0
subbasin,KAS,Kali Sindh and others up to Confluence with Parbati,subbasin||KAS,,Ganga Basin,Kali Sindh and others up to Confluence with Parbati,watershed,C2AKAS11,Watershed C2AKAS11,watershed||C2AKAS11,,Ganga Basin,Kali Sindh and others up to Confluence with Parbati,949.4043,1.88,100.0
subbasin,KAS,Kali Sindh and others up to Confluence with Parbati,subbasin||KAS,,Ganga Basin,Kali Sindh and others up to Confluence with Parbati,watershed,C2AKAS12,Watershed C2AKAS12,watershed||C2AKAS12,,Ganga Basin,Kali Sindh and others up to Confluence with Parbati,787.4178,1.56,100.0
subbasin,KAS,Kali Sindh and others up to Confluence with Parbati,subbasin||KAS,,Ganga Basin,Kali Sindh and others up to Confluence with Parbati,watershed,C2AKAS13,Watershed C2AKAS13,watershed||C2AKAS13,,Ganga Basin,Kali Sindh and others up to Confluence with Parbati,553.1935,1.1,100.0
subbasin,KAS,Kali Sindh and others up to Confluence with Parbati,subbasin||KAS,,Ganga Basin,Kali Sindh and others up to Confluence with Parbati,watershed,C2AKAS14,Watershed C2AKAS14,watershed||C2AKAS14,,Ganga Basin,Kali Sindh and others up to Confluence with Parbati,665.1932,1.32,100.0
subbasin,KAS,Kali Sindh and others up to Confluence with Parbati,subbasin||KAS,,Ganga Basin,Kali Sindh and others up to Confluence with Parbati,watershed,C2AKAS15,Watershed C2AKAS15,watershed||C2AKAS15,,Ganga Basin,Kali Sindh and others up to Confluence with Parbati,858.6408,1.7,100.0
subbasin,KAS,Kali Sindh and others up to Confluence with Parbati,subbasin||KAS,,Ganga Basin,Kali Sindh and others up to Confluence with Parbati,watershed,C2AKAS16,Watershed C2AKAS16,watershed||C2AKAS16,,Ganga Basin,Kali Sindh and others up to Confluence with Parbati,1135.5341,2.25,100.0
subbasin,KAS,Kali Sindh and others up to Confluence with Parbati,subbasin||KAS,,Ganga Basin,Kali Sindh and others up to Confluence with Parbati,watershed,C2AKAS17,Watershed C2AKAS17,watershed||C2AKAS17,,Ganga Basin,Kali Sindh and others up to Confluence with Parbati,697.8544,1.38,100.0
subbasin,KAS,Kali Sindh and others up to Confluence with Parbati,subbasin||KAS,,Ganga Basin,Kali Sindh and others up to Confluence with Parbati,watershed,C2AKAS18,Watershed C2AKAS18,watershed||C2AKAS18,,Ganga Basin,Kali Sindh and others up to Confluence with Parbati,571.1594,1.13,100.0
subbasin,KAS,Kali Sindh and others up to Confluence with Parbati,subbasin||KAS,,Ganga Basin,Kali Sindh and others up to Confluence with Parbati,watershed,C2AKAS19,Watershed C2AKAS19,watershed||C2AKAS19,,Ganga Basin,Kali Sindh and others up to Confluence with Parbati,982.5361,1.95,100.0
subbasin,KAS,Kali Sindh and others up to Confluence with Parbati,subbasin||KAS,,Ganga Basin,Kali Sindh and others up to Confluence with Parbati,watershed,C2AKAS20,Watershed C2AKAS20,watershed||C2AKAS20,,Ganga Basin,Kali Sindh and others up to Confluence with Parbati,720.1073,1.43,100.0
subbasin,KAS,Kali Sindh and others up to Confluence with Parbati,subbasin||KAS,,Ganga Basin,Kali Sindh and others up to Confluence with Parbati,watershed,C2AKAS21,Watershed C2AKAS21,watershed||C2AKAS21,,Ganga Basin,Kali Sindh and others up to Confluence with Parbati,839.119,1.66,100.0
subbasin,KAS,Kali Sindh and others up to Confluence with Parbati,subbasin||KAS,,Ganga Basin,Kali Sindh and others up to Confluence with Parbati,watershed,C2AKAS22,Watershed C2AKAS22,watershed||C2AKAS22,,Ganga Basin,Kali Sindh and others up to Confluence with Parbati,1106.7058,2.19,100.0
subbasin,KAS,Kali Sindh and others up to Confluence with Parbati,subbasin||KAS,,Ganga Basin,Kali Sindh and others up to Confluence with Parbati,watershed,C2AKAS23,Watershed C2AKAS23,watershed||C2AKAS23,,Ganga Basin,Kali Sindh and others up to Confluence with Parbati,749.6249,1.49,100.0
subbasin,KAS,Kali Sindh and others up to Confluence with Parbati,subbasin||KAS,,Ganga Basin,Kali Sindh and others up to Confluence with Parbati,watershed,C2AKAS24,Watershed C2AKAS24,watershed||C2AKAS24,,Ganga Basin,Kali Sindh and others up to Confluence with Parbati,1326.1263,2.63,100.0
subbasin,KAS,Kali Sindh and others up to Confluence with Parbati,subbasin||KAS,,Ganga Basin,Kali Sindh and others up to Confluence with Parbati,watershed,C2AKAS25,Watershed C2AKAS25,watershed||C2AKAS25,,Ganga Basin,Kali Sindh and others up to Confluence with Parbati,773.5347,1.53,100.0
subbasin,KAS,Kali Sindh and others up to Confluence with Parbati,subbasin||KAS,,Ganga Basin,Kali Sindh and others up to Confluence with Parbati,watershed,C2AKAS26,Watershed C2AKAS26,watershed||C2AKAS26,,Ganga Basin,Kali Sindh and others up to Confluence with Parbati,1026.1541,2.04,100.0
subbasin,KAS,Kali Sindh and others up to Confluence with Parbati,subbasin||KAS,,Ganga Basin,Kali Sindh and others up to Confluence with Parbati,watershed,C2AKAS27,Watershed C2AKAS27,watershed||C2AKAS27,,Ganga Basin,Kali Sindh and others up to Confluence with Parbati,622.3334,1.23,100.0
subbasin,KAS,Kali Sindh and others up to Confluence with Parbati,subbasin||KAS,,Ganga Basin,Kali Sindh and others up to Confluence with Parbati,watershed,C2AKAS28,Watershed C2AKAS28,watershed||C2AKAS28,,Ganga Basin,Kali Sindh and others up to Confluence with Parbati,585.867,1.16,100.0
subbasin,KAS,Kali Sindh and others up to Confluence with Parbati,subbasin||KAS,,Ganga Basin,Kali Sindh and others up to Confluence with Parbati,watershed,C2AKAS29,Watershed C2AKAS29,watershed||C2AKAS29,,Ganga Basin,Kali Sindh and others up to Confluence with Parbati,723.1526,1.43,100.0
subbasin,KAS,Kali Sindh and others up to Confluence with Parbati,subbasin||KAS,,Ganga Basin,Kali Sindh and others up to Confluence with Parbati,watershed,C2AKAS30,Watershed C2AKAS30,watershed||C2AKAS30,,Ganga Basin,Kali Sindh and others up to Confluence with Parbati,1177.1149,2.33,100.0
subbasin,KAS,Kali Sindh and others up to Confluence with Parbati,subbasin||KAS,,Ganga Basin,Kali Sindh and others up to Confluence with Parbati,watershed,C2AKAS31,Watershed C2AKAS31,watershed||C2AKAS31,,Ganga Basin,Kali Sindh and others up to Confluence with Parbati,548.995,1.09,100.0
subbasin,KAS,Kali Sindh and others up to Confluence with Parbati,subbasin||KAS,,Ganga Basin,Kali Sindh and others up to Confluence with Parbati,watershed,C2AKAS32,Watershed C2AKAS32,watershed||C2AKAS32,,Ganga Basin,Kali Sindh and others up to Confluence with Parbati,1103.8783,2.19,100.0
subbasin,KAS,Kali Sindh and others up to Confluence with Parbati,subbasin||KAS,,Ganga Basin,Kali Sindh and others up to Confluence with Parbati,watershed,C2AKAS33,Watershed C2AKAS33,watershed||C2AKAS33,,Ganga Basin,Kali Sindh and others up to Confluence with Parbati,883.3848,1.75,100.0
subbasin,KAS,Kali Sindh and others up to Confluence with Parbati,subbasin||KAS,,Ganga Basin,Kali Sindh and others up to Confluence with Parbati,watershed,C2AKAS34,Watershed C2AKAS34,watershed||C2AKAS34,,Ganga Basin,Kali Sindh and others up to Confluence with Parbati,758.2767,1.5,100.0
subbasin,KAS,Kali Sindh and others up to Confluence with Parbati,subbasin||KAS,,Ganga Basin,Kali Sindh and others up to Confluence with Parbati,watershed,C2AKAS35,Watershed C2AKAS35,watershed||C2AKAS35,,Ganga Basin,Kali Sindh and others up to Confluence with Parbati,600.4389,1.19,100.0
subbasin,KAS,Kali Sindh and others up to Confluence with Parbati,subbasin||KAS,,Ganga Basin,Kali Sindh and others up to Confluence with Parbati,watershed,C2AKAS36,Watershed C2AKAS36,watershed||C2AKAS36,,Ganga Basin,Kali Sindh and others up to Confluence with Parbati,691.9056,1.37,100.0
subbasin,KAS,Kali Sindh and others up to Confluence with Parbati,subbasin||KAS,,Ganga Basin,Kali Sindh and others up to Confluence with Parbati,watershed,C2AKAS37,Watershed C2AKAS37,watershed||C2AKAS37,,Ganga Basin,Kali Sindh and others up to Confluence with Parbati,968.383,1.92,100.0
subbasin,KAS,Kali Sindh and others up to Confluence with Parbati,subbasin||KAS,,Ganga Basin,Kali Sindh and others up to Confluence with Parbati,watershed,C2AKAS38,Watershed C2AKAS38,watershed||C2AKAS38,,Ganga Basin,Kali Sindh and others up to Confluence with Parbati,669.4218,1.33,100.0
subbasin,KAS,Kali Sindh and others up to Confluence with Parbati,subbasin||KAS,,Ganga Basin,Kali Sindh and others up to Confluence with Parbati,watershed,C2AKAS39,Watershed C2AKAS39,watershed||C2AKAS39,,Ganga Basin,Kali Sindh and others up to Confluence with Parbati,1016.704,2.02,100.0
subbasin,KAS,Kali Sindh and others up to Confluence with Parbati,subbasin||KAS,,Ganga Basin,Kali Sindh and others up to Confluence with Parbati,watershed,C2AKAS40,Watershed C2AKAS40,watershed||C2AKAS40,,Ganga Basin,Kali Sindh and others up to Confluence with Parbati,478.3285,0.95,100.0
subbasin,KAS,Kali Sindh and others up to Confluence with Parbati,subbasin||KAS,,Ganga Basin,Kali Sindh and others up to Confluence with Parbati,watershed,C2AKAS41,Watershed C2AKAS41,watershed||C2AKAS41,,Ganga Basin,Kali Sindh and others up to Confluence with Parbati,598.3811,1.19,100.0
subbasin,KAS,Kali Sindh and others up to Confluence with Parbati,subbasin||KAS,,Ganga Basin,Kali Sindh and others up to Confluence with Parbati,watershed,C2AKAS42,Watershed C2AKAS42,watershed||C2AKAS42,,Ganga Basin,Kali Sindh and others up to Confluence with Parbati,1113.059,2.21,100.0
subbasin,KAS,Kali Sindh and others up to Confluence with Parbati,subbasin||KAS,,Ganga Basin,Kali Sindh and others up to Confluence with Parbati,watershed,C2AKAS43,Watershed C2AKAS43,watershed||C2AKAS43,,Ganga Basin,Kali Sindh and others up to Confluence with Parbati,862.5311,1.71,100.0
subbasin,KAS,Kali Sindh and others up to Confluence with Parbati,subbasin||KAS,,Ganga Basin,Kali Sindh and others up to Confluence with Parbati,watershed,C2AKAS44,Watershed C2AKAS44,watershed||C2AKAS44,,Ganga Basin,Kali Sindh and others up to Confluence with Parbati,870.6772,1.73,100.0
subbasin,KAS,Kali Sindh and others up to Confluence with Parbati,subbasin||KAS,,Ganga Basin,Kali Sindh and others up to Confluence with Parbati,watershed,C2AKAS45,Watershed C2AKAS45,watershed||C2AKAS45,,Ganga Basin,Kali Sindh and others up to Confluence with Parbati,939.9447,1.86,100.0
subbasin,KAS,Kali Sindh and others up to Confluence with Parbati,subbasin||KAS,,Ganga Basin,Kali Sindh and others up to Confluence with Parbati,watershed,C2AKAS46,Watershed C2AKAS46,watershed||C2AKAS46,,Ganga Basin,Kali Sindh and others up to Confluence with Parbati,832.7508,1.65,100.0
subbasin,KAS,Kali Sindh and others up to Confluence with Parbati,subbasin||KAS,,Ganga Basin,Kali Sindh and others up to Confluence with Parbati,watershed,C2AKAS47,Watershed C2AKAS47,watershed||C2AKAS47,,Ganga Basin,Kali Sindh and others up to Confluence with Parbati,545.1798,1.08,100.0
subbasin,KAS,Kali Sindh and others up to Confluence with Parbati,subbasin||KAS,,Ganga Basin,Kali Sindh and others up to Confluence with Parbati,watershed,C2AKAS48,Watershed C2AKAS48,watershed||C2AKAS48,,Ganga Basin,Kali Sindh and others up to Confluence with Parbati,634.3002,1.26,100.0
subbasin,KAS,Kali Sindh and others up to Confluence with Parbati,subbasin||KAS,,Ganga Basin,Kali Sindh and others up to Confluence with Parbati,watershed,C2AKAS49,Watershed C2AKAS49,watershed||C2AKAS49,,Ganga Basin,Kali Sindh and others up to Confluence with Parbati,889.0306,1.76,100.0
subbasin,KAS,Kali Sindh and others up to Confluence with Parbati,subbasin||KAS,,Ganga Basin,Kali Sindh and others up to Confluence with Parbati,watershed,C2AKAS50,Watershed C2AKAS50,watershed||C2AKAS50,,Ganga Basin,Kali Sindh and others up to Confluence with Parbati,612.5777,1.21,100.0
subbasin,KAS,Kali Sindh and others up to Confluence with Parbati,subbasin||KAS,,Ganga Basin,Kali Sindh and others up to Confluence with Parbati,watershed,C2AKAS51,Watershed C2AKAS51,watershed||C2AKAS51,,Ganga Basin,Kali Sindh and others up to Confluence with Parbati,640.7586,1.27,100.0
subbasin,KAS,Kali Sindh and others up to Confluence with Parbati,subbasin||KAS,,Ganga Basin,Kali Sindh and others up to Confluence with Parbati,watershed,C2AKAS52,Watershed C2AKAS52,watershed||C2AKAS52,,Ganga Basin,Kali Sindh and others up to Confluence with Parbati,961.4098,1.91,100.0
subbasin,KAS,Kali Sindh and others up to Confluence with Parbati,subbasin||KAS,,Ganga Basin,Kali Sindh and others up to Confluence with Parbati,watershed,C2AKAS53,Watershed C2AKAS53,watershed||C2AKAS53,,Ganga Basin,Kali Sindh and others up to Confluence with Parbati,1059.0518,2.1,100.0
subbasin,KAS,Kali Sindh and others up to Confluence with Parbati,subbasin||KAS,,Ganga Basin,Kali Sindh and others up to Confluence with Parbati,watershed,C2AKAS54,Watershed C2AKAS54,watershed||C2AKAS54,,Ganga Basin,Kali Sindh and others up to Confluence with Parbati,816.0536,1.62,100.0
subbasin,KAS,Kali Sindh and others up to Confluence with Parbati,subbasin||KAS,,Ganga Basin,Kali Sindh and others up to Confluence with Parbati,watershed,C2AKAS55,Watershed C2AKAS55,watershed||C2AKAS55,,Ganga Basin,Kali Sindh and others up to Confluence with Parbati,749.5459,1.49,100.0
subbasin,KAS,Kali Sindh and others up to Confluence with Parbati,subbasin||KAS,,Ganga Basin,Kali Sindh and others up to Confluence with Parbati,watershed,C2AKAS56,Watershed C2AKAS56,watershed||C2AKAS56,,Ganga Basin,Kali Sindh and others up to Confluence with Parbati,584.6123,1.16,100.0
subbasin,KAS,Kali Sindh and others up to Confluence with Parbati,subbasin||KAS,,Ganga Basin,Kali Sindh and others up to Confluence with Parbati,watershed,C2AKAS57,Watershed C2AKAS57,watershed||C2AKAS57,,Ganga Basin,Kali Sindh and others up to Confluence with Parbati,1184.6371,2.35,100.0
subbasin,KAS,Kali Sindh and others up to Confluence with Parbati,subbasin||KAS,,Ganga Basin,Kali Sindh and others up to Confluence with Parbati,watershed,C2AKAS58,Watershed C2AKAS58,watershed||C2AKAS58,,Ganga Basin,Kali Sindh and others up to Confluence with Parbati,968.2325,1.92,100.0
subbasin,KAS,Kali Sindh and others up to Confluence with Parbati,subbasin||KAS,,Ganga Basin,Kali Sindh and others up to Confluence with Parbati,watershed,C2AKAS59,Watershed C2AKAS59,watershed||C2AKAS59,,Ganga Basin,Kali Sindh and others up to Confluence with Parbati,446.8559,0.89,100.0
subbasin,KAS,Kali Sindh and others up to Confluence with Parbati,subbasin||KAS,,Ganga Basin,Kali Sindh and others up to Confluence with Parbati,watershed,C2AKAS60,Watershed C2AKAS60,watershed||C2AKAS60,,Ganga Basin,Kali Sindh and others up to Confluence with Parbati,602.4669,1.19,100.0
subbasin,KAS,Kali Sindh and others up to Confluence with Parbati,subbasin||KAS,,Ganga Basin,Kali Sindh and others up to Confluence with Parbati,watershed,C2AKAS61,Watershed C2AKAS61,watershed||C2AKAS61,,Ganga Basin,Kali Sindh and others up to Confluence with Parbati,773.4332,1.53,100.0
subbasin,KAS,Kali Sindh and others up to Confluence with Parbati,subbasin||KAS,,Ganga Basin,Kali Sindh and others up to Confluence with Parbati,watershed,C2AKAS62,Watershed C2AKAS62,watershed||C2AKAS62,,Ganga Basin,Kali Sindh and others up to Confluence with Parbati,560.3284,1.11,100.0
subbasin,KAS,Kali Sindh and others up to Confluence with Parbati,subbasin||KAS,,Ganga Basin,Kali Sindh and others up to Confluence with Parbati,watershed,C2AKAS63,Watershed C2AKAS63,watershed||C2AKAS63,,Ganga Basin,Kali Sindh and others up to Confluence with Parbati,648.3753,1.29,100.0
subbasin,KAS,Kali Sindh and others up to Confluence with Parbati,subbasin||KAS,,Ganga Basin,Kali Sindh and others up to Confluence with Parbati,watershed,C2AKAS64,Watershed C2AKAS64,watershed||C2AKAS64,,Ganga Basin,Kali Sindh and others up to Confluence with Parbati,955.7574,1.9,100.0
subbasin,KPO,Karnaphuli and Others,subbasin||KPO,,Minor rivers draining into Bangladesh Basin,Karnaphuli and Others,watershed,E21KPO01,Watershed E21KPO01,watershed||E21KPO01,,Minor rivers draining into Bangladesh Basin,Karnaphuli and Others,325.0877,8.28,100.0
subbasin,KPO,Karnaphuli and Others,subbasin||KPO,,Minor rivers draining into Bangladesh Basin,Karnaphuli and Others,watershed,E21KPO02,Watershed E21KPO02,watershed||E21KPO02,,Minor rivers draining into Bangladesh Basin,Karnaphuli and Others,842.4872,21.46,100.0
subbasin,KPO,Karnaphuli and Others,subbasin||KPO,,Minor rivers draining into Bangladesh Basin,Karnaphuli and Others,watershed,E21KPO03,Watershed E21KPO03,watershed||E21KPO03,,Minor rivers draining into Bangladesh Basin,Karnaphuli and Others,916.9594,23.35,100.0
subbasin,KPO,Karnaphuli and Others,subbasin||KPO,,Minor rivers draining into Bangladesh Basin,Karnaphuli and Others,watershed,E21KPO04,Watershed E21KPO04,watershed||E21KPO04,,Minor rivers draining into Bangladesh Basin,Karnaphuli and Others,626.3222,15.95,100.0
subbasin,KPO,Karnaphuli and Others,subbasin||KPO,,Minor rivers draining into Bangladesh Basin,Karnaphuli and Others,watershed,E21KPO05,Watershed E21KPO05,watershed||E21KPO05,,Minor rivers draining into Bangladesh Basin,Karnaphuli and Others,745.5155,18.99,100.0
subbasin,KPO,Karnaphuli and Others,subbasin||KPO,,Minor rivers draining into Bangladesh Basin,Karnaphuli and Others,watershed,E21KPO06,Watershed E21KPO06,watershed||E21KPO06,,Minor rivers draining into Bangladesh Basin,Karnaphuli and Others,470.3482,11.98,100.0
subbasin,KOS,Kosi,subbasin||KOS,,Ganga Basin,Kosi,watershed,C2AGAN58,Watershed C2AGAN58,watershed||C2AGAN58,,Ganga Basin,Gandak and others,877.6814,4.59,49.79
subbasin,KOS,Kosi,subbasin||KOS,,Ganga Basin,Kosi,watershed,C2AKOS01,Watershed C2AKOS01,watershed||C2AKOS01,,Ganga Basin,Kosi,940.7776,4.92,100.0
subbasin,KOS,Kosi,subbasin||KOS,,Ganga Basin,Kosi,watershed,C2AKOS02,Watershed C2AKOS02,watershed||C2AKOS02,,Ganga Basin,Kosi,776.4357,4.06,100.0
subbasin,KOS,Kosi,subbasin||KOS,,Ganga Basin,Kosi,watershed,C2AKOS03,Watershed C2AKOS03,watershed||C2AKOS03,,Ganga Basin,Kosi,2157.6288,11.28,100.0
subbasin,KOS,Kosi,subbasin||KOS,,Ganga Basin,Kosi,watershed,C2AKOS04,Watershed C2AKOS04,watershed||C2AKOS04,,Ganga Basin,Kosi,668.1118,3.49,100.0
subbasin,KOS,Kosi,subbasin||KOS,,Ganga Basin,Kosi,watershed,C2AKOS05,Watershed C2AKOS05,watershed||C2AKOS05,,Ganga Basin,Kosi,1156.2959,6.05,100.0
subbasin,KOS,Kosi,subbasin||KOS,,Ganga Basin,Kosi,watershed,C2AKOS06,Watershed C2AKOS06,watershed||C2AKOS06,,Ganga Basin,Kosi,1436.2654,7.51,100.0
subbasin,KOS,Kosi,subbasin||KOS,,Ganga Basin,Kosi,watershed,C2AKOS07,Watershed C2AKOS07,watershed||C2AKOS07,,Ganga Basin,Kosi,797.0228,4.17,100.0
subbasin,KOS,Kosi,subbasin||KOS,,Ganga Basin,Kosi,watershed,C2AKOS08,Watershed C2AKOS08,watershed||C2AKOS08,,Ganga Basin,Kosi,1229.0837,6.43,100.0
subbasin,KOS,Kosi,subbasin||KOS,,Ganga Basin,Kosi,watershed,C2AKOS09,Watershed C2AKOS09,watershed||C2AKOS09,,Ganga Basin,Kosi,774.3984,4.05,100.0
subbasin,KOS,Kosi,subbasin||KOS,,Ganga Basin,Kosi,watershed,C2AKOS10,Watershed C2AKOS10,watershed||C2AKOS10,,Ganga Basin,Kosi,872.8619,4.56,100.0
subbasin,KOS,Kosi,subbasin||KOS,,Ganga Basin,Kosi,watershed,C2AKOS11,Watershed C2AKOS11,watershed||C2AKOS11,,Ganga Basin,Kosi,650.2381,3.4,100.0
subbasin,KOS,Kosi,subbasin||KOS,,Ganga Basin,Kosi,watershed,C2AKOS12,Watershed C2AKOS12,watershed||C2AKOS12,,Ganga Basin,Kosi,976.9808,5.11,100.0
subbasin,KOS,Kosi,subbasin||KOS,,Ganga Basin,Kosi,watershed,C2AKOS13,Watershed C2AKOS13,watershed||C2AKOS13,,Ganga Basin,Kosi,734.2084,3.84,100.0
subbasin,KOS,Kosi,subbasin||KOS,,Ganga Basin,Kosi,watershed,C2AKOS14,Watershed C2AKOS14,watershed||C2AKOS14,,Ganga Basin,Kosi,588.5747,3.08,100.0
subbasin,KOS,Kosi,subbasin||KOS,,Ganga Basin,Kosi,watershed,C2AKOS15,Watershed C2AKOS15,watershed||C2AKOS15,,Ganga Basin,Kosi,1653.9908,8.65,100.0
subbasin,KOS,Kosi,subbasin||KOS,,Ganga Basin,Kosi,watershed,C2AKOS16,Watershed C2AKOS16,watershed||C2AKOS16,,Ganga Basin,Kosi,658.0313,3.44,100.0
subbasin,KOS,Kosi,subbasin||KOS,,Ganga Basin,Kosi,watershed,C2AKOS17,Watershed C2AKOS17,watershed||C2AKOS17,,Ganga Basin,Kosi,1015.1857,5.31,100.0
subbasin,KOS,Kosi,subbasin||KOS,,Ganga Basin,Kosi,watershed,C2AKOS18,Watershed C2AKOS18,watershed||C2AKOS18,,Ganga Basin,Kosi,315.6901,1.65,100.0
subbasin,KOS,Kosi,subbasin||KOS,,Ganga Basin,Kosi,watershed,C2AKOS19,Watershed C2AKOS19,watershed||C2AKOS19,,Ganga Basin,Kosi,845.1826,4.42,100.0
subbasin,KRL,Krishna Lower,subbasin||KRL,,Krishna Basin,Krishna Lower,watershed,C04KRL01,Watershed C04KRL01,watershed||C04KRL01,,Krishna Basin,Krishna Lower,670.5373,1.66,100.0
subbasin,KRL,Krishna Lower,subbasin||KRL,,Krishna Basin,Krishna Lower,watershed,C04KRL02,Watershed C04KRL02,watershed||C04KRL02,,Krishna Basin,Krishna Lower,687.669,1.7,100.0
subbasin,KRL,Krishna Lower,subbasin||KRL,,Krishna Basin,Krishna Lower,watershed,C04KRL03,Watershed C04KRL03,watershed||C04KRL03,,Krishna Basin,Krishna Lower,749.0624,1.85,100.0
subbasin,KRL,Krishna Lower,subbasin||KRL,,Krishna Basin,Krishna Lower,watershed,C04KRL04,Watershed C04KRL04,watershed||C04KRL04,,Krishna Basin,Krishna Lower,878.5661,2.17,100.0
subbasin,KRL,Krishna Lower,subbasin||KRL,,Krishna Basin,Krishna Lower,watershed,C04KRL05,Watershed C04KRL05,watershed||C04KRL05,,Krishna Basin,Krishna Lower,641.0205,1.58,100.0
subbasin,KRL,Krishna Lower,subbasin||KRL,,Krishna Basin,Krishna Lower,watershed,C04KRL06,Watershed C04KRL06,watershed||C04KRL06,,Krishna Basin,Krishna Lower,995.6778,2.46,100.0
subbasin,KRL,Krishna Lower,subbasin||KRL,,Krishna Basin,Krishna Lower,watershed,C04KRL07,Watershed C04KRL07,watershed||C04KRL07,,Krishna Basin,Krishna Lower,482.7217,1.19,100.0
subbasin,KRL,Krishna Lower,subbasin||KRL,,Krishna Basin,Krishna Lower,watershed,C04KRL08,Watershed C04KRL08,watershed||C04KRL08,,Krishna Basin,Krishna Lower,530.804,1.31,100.0
subbasin,KRL,Krishna Lower,subbasin||KRL,,Krishna Basin,Krishna Lower,watershed,C04KRL09,Watershed C04KRL09,watershed||C04KRL09,,Krishna Basin,Krishna Lower,958.3503,2.37,100.0
subbasin,KRL,Krishna Lower,subbasin||KRL,,Krishna Basin,Krishna Lower,watershed,C04KRL10,Watershed C04KRL10,watershed||C04KRL10,,Krishna Basin,Krishna Lower,709.3753,1.75,100.0
subbasin,KRL,Krishna Lower,subbasin||KRL,,Krishna Basin,Krishna Lower,watershed,C04KRL11,Watershed C04KRL11,watershed||C04KRL11,,Krishna Basin,Krishna Lower,800.8688,1.98,100.0
subbasin,KRL,Krishna Lower,subbasin||KRL,,Krishna Basin,Krishna Lower,watershed,C04KRL12,Watershed C04KRL12,watershed||C04KRL12,,Krishna Basin,Krishna Lower,949.4662,2.34,100.0
subbasin,KRL,Krishna Lower,subbasin||KRL,,Krishna Basin,Krishna Lower,watershed,C04KRL13,Watershed C04KRL13,watershed||C04KRL13,,Krishna Basin,Krishna Lower,477.0716,1.18,100.0
subbasin,KRL,Krishna Lower,subbasin||KRL,,Krishna Basin,Krishna Lower,watershed,C04KRL14,Watershed C04KRL14,watershed||C04KRL14,,Krishna Basin,Krishna Lower,629.0557,1.55,100.0
subbasin,KRL,Krishna Lower,subbasin||KRL,,Krishna Basin,Krishna Lower,watershed,C04KRL15,Watershed C04KRL15,watershed||C04KRL15,,Krishna Basin,Krishna Lower,584.6377,1.44,100.0
subbasin,KRL,Krishna Lower,subbasin||KRL,,Krishna Basin,Krishna Lower,watershed,C04KRL16,Watershed C04KRL16,watershed||C04KRL16,,Krishna Basin,Krishna Lower,562.5101,1.39,100.0
subbasin,KRL,Krishna Lower,subbasin||KRL,,Krishna Basin,Krishna Lower,watershed,C04KRL17,Watershed C04KRL17,watershed||C04KRL17,,Krishna Basin,Krishna Lower,857.8912,2.12,100.0
subbasin,KRL,Krishna Lower,subbasin||KRL,,Krishna Basin,Krishna Lower,watershed,C04KRL18,Watershed C04KRL18,watershed||C04KRL18,,Krishna Basin,Krishna Lower,625.5629,1.54,100.0
subbasin,KRL,Krishna Lower,subbasin||KRL,,Krishna Basin,Krishna Lower,watershed,C04KRL19,Watershed C04KRL19,watershed||C04KRL19,,Krishna Basin,Krishna Lower,587.8226,1.45,100.0
subbasin,KRL,Krishna Lower,subbasin||KRL,,Krishna Basin,Krishna Lower,watershed,C04KRL20,Watershed C04KRL20,watershed||C04KRL20,,Krishna Basin,Krishna Lower,725.3428,1.79,100.0
subbasin,KRL,Krishna Lower,subbasin||KRL,,Krishna Basin,Krishna Lower,watershed,C04KRL21,Watershed C04KRL21,watershed||C04KRL21,,Krishna Basin,Krishna Lower,445.7265,1.1,100.0
subbasin,KRL,Krishna Lower,subbasin||KRL,,Krishna Basin,Krishna Lower,watershed,C04KRL22,Watershed C04KRL22,watershed||C04KRL22,,Krishna Basin,Krishna Lower,671.8555,1.66,100.0
subbasin,KRL,Krishna Lower,subbasin||KRL,,Krishna Basin,Krishna Lower,watershed,C04KRL23,Watershed C04KRL23,watershed||C04KRL23,,Krishna Basin,Krishna Lower,843.1964,2.08,100.0
subbasin,KRL,Krishna Lower,subbasin||KRL,,Krishna Basin,Krishna Lower,watershed,C04KRL24,Watershed C04KRL24,watershed||C04KRL24,,Krishna Basin,Krishna Lower,700.4254,1.73,100.0
subbasin,KRL,Krishna Lower,subbasin||KRL,,Krishna Basin,Krishna Lower,watershed,C04KRL25,Watershed C04KRL25,watershed||C04KRL25,,Krishna Basin,Krishna Lower,785.3776,1.94,100.0
subbasin,KRL,Krishna Lower,subbasin||KRL,,Krishna Basin,Krishna Lower,watershed,C04KRL26,Watershed C04KRL26,watershed||C04KRL26,,Krishna Basin,Krishna Lower,754.9338,1.86,100.0
subbasin,KRL,Krishna Lower,subbasin||KRL,,Krishna Basin,Krishna Lower,watershed,C04KRL27,Watershed C04KRL27,watershed||C04KRL27,,Krishna Basin,Krishna Lower,704.3664,1.74,100.0
subbasin,KRL,Krishna Lower,subbasin||KRL,,Krishna Basin,Krishna Lower,watershed,C04KRL28,Watershed C04KRL28,watershed||C04KRL28,,Krishna Basin,Krishna Lower,573.4702,1.42,100.0
subbasin,KRL,Krishna Lower,subbasin||KRL,,Krishna Basin,Krishna Lower,watershed,C04KRL29,Watershed C04KRL29,watershed||C04KRL29,,Krishna Basin,Krishna Lower,716.498,1.77,100.0
subbasin,KRL,Krishna Lower,subbasin||KRL,,Krishna Basin,Krishna Lower,watershed,C04KRL30,Watershed C04KRL30,watershed||C04KRL30,,Krishna Basin,Krishna Lower,534.7268,1.32,100.0
subbasin,KRL,Krishna Lower,subbasin||KRL,,Krishna Basin,Krishna Lower,watershed,C04KRL31,Watershed C04KRL31,watershed||C04KRL31,,Krishna Basin,Krishna Lower,505.7977,1.25,100.0
subbasin,KRL,Krishna Lower,subbasin||KRL,,Krishna Basin,Krishna Lower,watershed,C04KRL32,Watershed C04KRL32,watershed||C04KRL32,,Krishna Basin,Krishna Lower,744.0778,1.84,100.0
subbasin,KRL,Krishna Lower,subbasin||KRL,,Krishna Basin,Krishna Lower,watershed,C04KRL33,Watershed C04KRL33,watershed||C04KRL33,,Krishna Basin,Krishna Lower,553.6571,1.37,100.0
subbasin,KRL,Krishna Lower,subbasin||KRL,,Krishna Basin,Krishna Lower,watershed,C04KRL34,Watershed C04KRL34,watershed||C04KRL34,,Krishna Basin,Krishna Lower,830.984,2.05,100.0
subbasin,KRL,Krishna Lower,subbasin||KRL,,Krishna Basin,Krishna Lower,watershed,C04KRL35,Watershed C04KRL35,watershed||C04KRL35,,Krishna Basin,Krishna Lower,709.531,1.75,100.0
subbasin,KRL,Krishna Lower,subbasin||KRL,,Krishna Basin,Krishna Lower,watershed,C04KRL36,Watershed C04KRL36,watershed||C04KRL36,,Krishna Basin,Krishna Lower,992.8192,2.45,100.0
subbasin,KRL,Krishna Lower,subbasin||KRL,,Krishna Basin,Krishna Lower,watershed,C04KRL37,Watershed C04KRL37,watershed||C04KRL37,,Krishna Basin,Krishna Lower,768.8828,1.9,100.0
subbasin,KRL,Krishna Lower,subbasin||KRL,,Krishna Basin,Krishna Lower,watershed,C04KRL38,Watershed C04KRL38,watershed||C04KRL38,,Krishna Basin,Krishna Lower,545.6574,1.35,100.0
subbasin,KRL,Krishna Lower,subbasin||KRL,,Krishna Basin,Krishna Lower,watershed,C04KRL39,Watershed C04KRL39,watershed||C04KRL39,,Krishna Basin,Krishna Lower,983.381,2.43,100.0
subbasin,KRL,Krishna Lower,subbasin||KRL,,Krishna Basin,Krishna Lower,watershed,C04KRL40,Watershed C04KRL40,watershed||C04KRL40,,Krishna Basin,Krishna Lower,533.997,1.32,100.0
subbasin,KRL,Krishna Lower,subbasin||KRL,,Krishna Basin,Krishna Lower,watershed,C04KRL41,Watershed C04KRL41,watershed||C04KRL41,,Krishna Basin,Krishna Lower,517.9541,1.28,100.0
subbasin,KRL,Krishna Lower,subbasin||KRL,,Krishna Basin,Krishna Lower,watershed,C04KRL42,Watershed C04KRL42,watershed||C04KRL42,,Krishna Basin,Krishna Lower,612.8894,1.51,100.0
subbasin,KRL,Krishna Lower,subbasin||KRL,,Krishna Basin,Krishna Lower,watershed,C04KRL43,Watershed C04KRL43,watershed||C04KRL43,,Krishna Basin,Krishna Lower,615.5025,1.52,100.0
subbasin,KRL,Krishna Lower,subbasin||KRL,,Krishna Basin,Krishna Lower,watershed,C04KRL44,Watershed C04KRL44,watershed||C04KRL44,,Krishna Basin,Krishna Lower,568.2481,1.4,100.0
subbasin,KRL,Krishna Lower,subbasin||KRL,,Krishna Basin,Krishna Lower,watershed,C04KRL45,Watershed C04KRL45,watershed||C04KRL45,,Krishna Basin,Krishna Lower,854.2188,2.11,100.0
subbasin,KRL,Krishna Lower,subbasin||KRL,,Krishna Basin,Krishna Lower,watershed,C04KRL46,Watershed C04KRL46,watershed||C04KRL46,,Krishna Basin,Krishna Lower,495.2964,1.22,100.0
subbasin,KRL,Krishna Lower,subbasin||KRL,,Krishna Basin,Krishna Lower,watershed,C04KRL47,Watershed C04KRL47,watershed||C04KRL47,,Krishna Basin,Krishna Lower,284.5129,0.7,100.0
subbasin,KRL,Krishna Lower,subbasin||KRL,,Krishna Basin,Krishna Lower,watershed,C04KRL48,Watershed C04KRL48,watershed||C04KRL48,,Krishna Basin,Krishna Lower,839.4447,2.07,100.0
subbasin,KRL,Krishna Lower,subbasin||KRL,,Krishna Basin,Krishna Lower,watershed,C04KRL49,Watershed C04KRL49,watershed||C04KRL49,,Krishna Basin,Krishna Lower,491.9711,1.21,100.0
subbasin,KRL,Krishna Lower,subbasin||KRL,,Krishna Basin,Krishna Lower,watershed,C04KRL50,Watershed C04KRL50,watershed||C04KRL50,,Krishna Basin,Krishna Lower,584.175,1.44,100.0
subbasin,KRL,Krishna Lower,subbasin||KRL,,Krishna Basin,Krishna Lower,watershed,C04KRL51,Watershed C04KRL51,watershed||C04KRL51,,Krishna Basin,Krishna Lower,727.5719,1.8,100.0
subbasin,KRL,Krishna Lower,subbasin||KRL,,Krishna Basin,Krishna Lower,watershed,C04KRL52,Watershed C04KRL52,watershed||C04KRL52,,Krishna Basin,Krishna Lower,576.4785,1.42,100.0
subbasin,KRL,Krishna Lower,subbasin||KRL,,Krishna Basin,Krishna Lower,watershed,C04KRL53,Watershed C04KRL53,watershed||C04KRL53,,Krishna Basin,Krishna Lower,883.7164,2.18,100.0
subbasin,KRL,Krishna Lower,subbasin||KRL,,Krishna Basin,Krishna Lower,watershed,C04KRL54,Watershed C04KRL54,watershed||C04KRL54,,Krishna Basin,Krishna Lower,925.3074,2.29,100.0
subbasin,KRL,Krishna Lower,subbasin||KRL,,Krishna Basin,Krishna Lower,watershed,C04KRL55,Watershed C04KRL55,watershed||C04KRL55,,Krishna Basin,Krishna Lower,784.095,1.94,100.0
subbasin,KRL,Krishna Lower,subbasin||KRL,,Krishna Basin,Krishna Lower,watershed,C04KRL56,Watershed C04KRL56,watershed||C04KRL56,,Krishna Basin,Krishna Lower,769.5954,1.9,100.0
subbasin,KRL,Krishna Lower,subbasin||KRL,,Krishna Basin,Krishna Lower,watershed,C04KRL57,Watershed C04KRL57,watershed||C04KRL57,,Krishna Basin,Krishna Lower,579.2692,1.43,100.0
subbasin,KRL,Krishna Lower,subbasin||KRL,,Krishna Basin,Krishna Lower,watershed,C04KRL58,Watershed C04KRL58,watershed||C04KRL58,,Krishna Basin,Krishna Lower,813.4287,2.01,100.0
subbasin,KRL,Krishna Lower,subbasin||KRL,,Krishna Basin,Krishna Lower,watershed,C04KRL59,Watershed C04KRL59,watershed||C04KRL59,,Krishna Basin,Krishna Lower,566.8748,1.4,100.0
subbasin,KRM,Krishna Middle,subbasin||KRM,,Krishna Basin,Krishna Middle,watershed,C04KRM01,Watershed C04KRM01,watershed||C04KRM01,,Krishna Basin,Krishna Middle,791.3003,3.48,100.0
subbasin,KRM,Krishna Middle,subbasin||KRM,,Krishna Basin,Krishna Middle,watershed,C04KRM02,Watershed C04KRM02,watershed||C04KRM02,,Krishna Basin,Krishna Middle,418.7257,1.84,100.0
subbasin,KRM,Krishna Middle,subbasin||KRM,,Krishna Basin,Krishna Middle,watershed,C04KRM03,Watershed C04KRM03,watershed||C04KRM03,,Krishna Basin,Krishna Middle,621.7342,2.74,100.0
subbasin,KRM,Krishna Middle,subbasin||KRM,,Krishna Basin,Krishna Middle,watershed,C04KRM04,Watershed C04KRM04,watershed||C04KRM04,,Krishna Basin,Krishna Middle,545.4333,2.4,100.0
subbasin,KRM,Krishna Middle,subbasin||KRM,,Krishna Basin,Krishna Middle,watershed,C04KRM05,Watershed C04KRM05,watershed||C04KRM05,,Krishna Basin,Krishna Middle,595.3466,2.62,100.0
subbasin,KRM,Krishna Middle,subbasin||KRM,,Krishna Basin,Krishna Middle,watershed,C04KRM06,Watershed C04KRM06,watershed||C04KRM06,,Krishna Basin,Krishna Middle,457.8075,2.01,100.0
subbasin,KRM,Krishna Middle,subbasin||KRM,,Krishna Basin,Krishna Middle,watershed,C04KRM07,Watershed C04KRM07,watershed||C04KRM07,,Krishna Basin,Krishna Middle,530.0794,2.33,100.0
subbasin,KRM,Krishna Middle,subbasin||KRM,,Krishna Basin,Krishna Middle,watershed,C04KRM08,Watershed C04KRM08,watershed||C04KRM08,,Krishna Basin,Krishna Middle,447.1044,1.97,100.0
subbasin,KRM,Krishna Middle,subbasin||KRM,,Krishna Basin,Krishna Middle,watershed,C04KRM09,Watershed C04KRM09,watershed||C04KRM09,,Krishna Basin,Krishna Middle,732.1193,3.22,100.0
subbasin,KRM,Krishna Middle,subbasin||KRM,,Krishna Basin,Krishna Middle,watershed,C04KRM10,Watershed C04KRM10,watershed||C04KRM10,,Krishna Basin,Krishna Middle,624.7222,2.75,100.0
subbasin,KRM,Krishna Middle,subbasin||KRM,,Krishna Basin,Krishna Middle,watershed,C04KRM11,Watershed C04KRM11,watershed||C04KRM11,,Krishna Basin,Krishna Middle,799.1307,3.52,100.0
subbasin,KRM,Krishna Middle,subbasin||KRM,,Krishna Basin,Krishna Middle,watershed,C04KRM12,Watershed C04KRM12,watershed||C04KRM12,,Krishna Basin,Krishna Middle,840.0813,3.7,100.0
subbasin,KRM,Krishna Middle,subbasin||KRM,,Krishna Basin,Krishna Middle,watershed,C04KRM13,Watershed C04KRM13,watershed||C04KRM13,,Krishna Basin,Krishna Middle,605.6337,2.66,100.0
subbasin,KRM,Krishna Middle,subbasin||KRM,,Krishna Basin,Krishna Middle,watershed,C04KRM14,Watershed C04KRM14,watershed||C04KRM14,,Krishna Basin,Krishna Middle,588.0143,2.59,100.0
subbasin,KRM,Krishna Middle,subbasin||KRM,,Krishna Basin,Krishna Middle,watershed,C04KRM15,Watershed C04KRM15,watershed||C04KRM15,,Krishna Basin,Krishna Middle,529.7431,2.33,100.0
subbasin,KRM,Krishna Middle,subbasin||KRM,,Krishna Basin,Krishna Middle,watershed,C04KRM16,Watershed C04KRM16,watershed||C04KRM16,,Krishna Basin,Krishna Middle,817.3457,3.6,100.0
subbasin,KRM,Krishna Middle,subbasin||KRM,,Krishna Basin,Krishna Middle,watershed,C04KRM17,Watershed C04KRM17,watershed||C04KRM17,,Krishna Basin,Krishna Middle,679.6791,2.99,100.0
subbasin,KRM,Krishna Middle,subbasin||KRM,,Krishna Basin,Krishna Middle,watershed,C04KRM18,Watershed C04KRM18,watershed||C04KRM18,,Krishna Basin,Krishna Middle,981.9103,4.32,100.0
subbasin,KRM,Krishna Middle,subbasin||KRM,,Krishna Basin,Krishna Middle,watershed,C04KRM19,Watershed C04KRM19,watershed||C04KRM19,,Krishna Basin,Krishna Middle,698.9064,3.07,100.0
subbasin,KRM,Krishna Middle,subbasin||KRM,,Krishna Basin,Krishna Middle,watershed,C04KRM20,Watershed C04KRM20,watershed||C04KRM20,,Krishna Basin,Krishna Middle,475.1434,2.09,100.0
subbasin,KRM,Krishna Middle,subbasin||KRM,,Krishna Basin,Krishna Middle,watershed,C04KRM21,Watershed C04KRM21,watershed||C04KRM21,,Krishna Basin,Krishna Middle,676.3311,2.98,100.0
subbasin,KRM,Krishna Middle,subbasin||KRM,,Krishna Basin,Krishna Middle,watershed,C04KRM22,Watershed C04KRM22,watershed||C04KRM22,,Krishna Basin,Krishna Middle,616.6299,2.71,100.0
subbasin,KRM,Krishna Middle,subbasin||KRM,,Krishna Basin,Krishna Middle,watershed,C04KRM23,Watershed C04KRM23,watershed||C04KRM23,,Krishna Basin,Krishna Middle,348.514,1.53,100.0
subbasin,KRM,Krishna Middle,subbasin||KRM,,Krishna Basin,Krishna Middle,watershed,C04KRM24,Watershed C04KRM24,watershed||C04KRM24,,Krishna Basin,Krishna Middle,393.6013,1.73,100.0
subbasin,KRM,Krishna Middle,subbasin||KRM,,Krishna Basin,Krishna Middle,watershed,C04KRM25,Watershed C04KRM25,watershed||C04KRM25,,Krishna Basin,Krishna Middle,882.7339,3.88,100.0
subbasin,KRM,Krishna Middle,subbasin||KRM,,Krishna Basin,Krishna Middle,watershed,C04KRM26,Watershed C04KRM26,watershed||C04KRM26,,Krishna Basin,Krishna Middle,688.2909,3.03,100.0
subbasin,KRM,Krishna Middle,subbasin||KRM,,Krishna Basin,Krishna Middle,watershed,C04KRM27,Watershed C04KRM27,watershed||C04KRM27,,Krishna Basin,Krishna Middle,353.8936,1.56,100.0
subbasin,KRM,Krishna Middle,subbasin||KRM,,Krishna Basin,Krishna Middle,watershed,C04KRM28,Watershed C04KRM28,watershed||C04KRM28,,Krishna Basin,Krishna Middle,474.4732,2.09,100.0
subbasin,KRM,Krishna Middle,subbasin||KRM,,Krishna Basin,Krishna Middle,watershed,C04KRM29,Watershed C04KRM29,watershed||C04KRM29,,Krishna Basin,Krishna Middle,613.4921,2.7,100.0
subbasin,KRM,Krishna Middle,subbasin||KRM,,Krishna Basin,Krishna Middle,watershed,C04KRM30,Watershed C04KRM30,watershed||C04KRM30,,Krishna Basin,Krishna Middle,781.3547,3.44,100.0
subbasin,KRM,Krishna Middle,subbasin||KRM,,Krishna Basin,Krishna Middle,watershed,C04KRM31,Watershed C04KRM31,watershed||C04KRM31,,Krishna Basin,Krishna Middle,540.6868,2.38,100.0
subbasin,KRM,Krishna Middle,subbasin||KRM,,Krishna Basin,Krishna Middle,watershed,C04KRM32,Watershed C04KRM32,watershed||C04KRM32,,Krishna Basin,Krishna Middle,617.3834,2.72,100.0
subbasin,KRM,Krishna Middle,subbasin||KRM,,Krishna Basin,Krishna Middle,watershed,C04KRM33,Watershed C04KRM33,watershed||C04KRM33,,Krishna Basin,Krishna Middle,599.9894,2.64,100.0
subbasin,KRM,Krishna Middle,subbasin||KRM,,Krishna Basin,Krishna Middle,watershed,C04KRM34,Watershed C04KRM34,watershed||C04KRM34,,Krishna Basin,Krishna Middle,769.6525,3.39,100.0
subbasin,KRM,Krishna Middle,subbasin||KRM,,Krishna Basin,Krishna Middle,watershed,C04KRM35,Watershed C04KRM35,watershed||C04KRM35,,Krishna Basin,Krishna Middle,879.8649,3.87,100.0
subbasin,KRM,Krishna Middle,subbasin||KRM,,Krishna Basin,Krishna Middle,watershed,C04KRM36,Watershed C04KRM36,watershed||C04KRM36,,Krishna Basin,Krishna Middle,715.3346,3.15,100.0
subbasin,KRU,Krishna Upper,subbasin||KRU,,Krishna Basin,Krishna Upper,watershed,C04KRU01,Watershed C04KRU01,watershed||C04KRU01,,Krishna Basin,Krishna Upper,749.8045,1.35,100.0
subbasin,KRU,Krishna Upper,subbasin||KRU,,Krishna Basin,Krishna Upper,watershed,C04KRU02,Watershed C04KRU02,watershed||C04KRU02,,Krishna Basin,Krishna Upper,543.5898,0.98,100.0
subbasin,KRU,Krishna Upper,subbasin||KRU,,Krishna Basin,Krishna Upper,watershed,C04KRU03,Watershed C04KRU03,watershed||C04KRU03,,Krishna Basin,Krishna Upper,615.186,1.1,100.0
subbasin,KRU,Krishna Upper,subbasin||KRU,,Krishna Basin,Krishna Upper,watershed,C04KRU04,Watershed C04KRU04,watershed||C04KRU04,,Krishna Basin,Krishna Upper,411.9587,0.74,100.0
subbasin,KRU,Krishna Upper,subbasin||KRU,,Krishna Basin,Krishna Upper,watershed,C04KRU05,Watershed C04KRU05,watershed||C04KRU05,,Krishna Basin,Krishna Upper,430.2393,0.77,100.0
subbasin,KRU,Krishna Upper,subbasin||KRU,,Krishna Basin,Krishna Upper,watershed,C04KRU06,Watershed C04KRU06,watershed||C04KRU06,,Krishna Basin,Krishna Upper,733.9378,1.32,100.0
subbasin,KRU,Krishna Upper,subbasin||KRU,,Krishna Basin,Krishna Upper,watershed,C04KRU07,Watershed C04KRU07,watershed||C04KRU07,,Krishna Basin,Krishna Upper,900.91,1.62,100.0
subbasin,KRU,Krishna Upper,subbasin||KRU,,Krishna Basin,Krishna Upper,watershed,C04KRU08,Watershed C04KRU08,watershed||C04KRU08,,Krishna Basin,Krishna Upper,476.8907,0.86,100.0
subbasin,KRU,Krishna Upper,subbasin||KRU,,Krishna Basin,Krishna Upper,watershed,C04KRU09,Watershed C04KRU09,watershed||C04KRU09,,Krishna Basin,Krishna Upper,561.5208,1.01,100.0
subbasin,KRU,Krishna Upper,subbasin||KRU,,Krishna Basin,Krishna Upper,watershed,C04KRU10,Watershed C04KRU10,watershed||C04KRU10,,Krishna Basin,Krishna Upper,668.1871,1.2,100.0
subbasin,KRU,Krishna Upper,subbasin||KRU,,Krishna Basin,Krishna Upper,watershed,C04KRU11,Watershed C04KRU11,watershed||C04KRU11,,Krishna Basin,Krishna Upper,742.6328,1.33,100.0
subbasin,KRU,Krishna Upper,subbasin||KRU,,Krishna Basin,Krishna Upper,watershed,C04KRU12,Watershed C04KRU12,watershed||C04KRU12,,Krishna Basin,Krishna Upper,359.6174,0.65,100.0
subbasin,KRU,Krishna Upper,subbasin||KRU,,Krishna Basin,Krishna Upper,watershed,C04KRU13,Watershed C04KRU13,watershed||C04KRU13,,Krishna Basin,Krishna Upper,489.575,0.88,100.0
subbasin,KRU,Krishna Upper,subbasin||KRU,,Krishna Basin,Krishna Upper,watershed,C04KRU14,Watershed C04KRU14,watershed||C04KRU14,,Krishna Basin,Krishna Upper,488.674,0.88,100.0
subbasin,KRU,Krishna Upper,subbasin||KRU,,Krishna Basin,Krishna Upper,watershed,C04KRU15,Watershed C04KRU15,watershed||C04KRU15,,Krishna Basin,Krishna Upper,498.6896,0.89,100.0
subbasin,KRU,Krishna Upper,subbasin||KRU,,Krishna Basin,Krishna Upper,watershed,C04KRU16,Watershed C04KRU16,watershed||C04KRU16,,Krishna Basin,Krishna Upper,465.5766,0.84,100.0
subbasin,KRU,Krishna Upper,subbasin||KRU,,Krishna Basin,Krishna Upper,watershed,C04KRU17,Watershed C04KRU17,watershed||C04KRU17,,Krishna Basin,Krishna Upper,633.522,1.14,100.0
subbasin,KRU,Krishna Upper,subbasin||KRU,,Krishna Basin,Krishna Upper,watershed,C04KRU18,Watershed C04KRU18,watershed||C04KRU18,,Krishna Basin,Krishna Upper,426.8443,0.77,100.0
subbasin,KRU,Krishna Upper,subbasin||KRU,,Krishna Basin,Krishna Upper,watershed,C04KRU19,Watershed C04KRU19,watershed||C04KRU19,,Krishna Basin,Krishna Upper,665.1049,1.19,100.0
subbasin,KRU,Krishna Upper,subbasin||KRU,,Krishna Basin,Krishna Upper,watershed,C04KRU20,Watershed C04KRU20,watershed||C04KRU20,,Krishna Basin,Krishna Upper,522.4139,0.94,100.0
subbasin,KRU,Krishna Upper,subbasin||KRU,,Krishna Basin,Krishna Upper,watershed,C04KRU21,Watershed C04KRU21,watershed||C04KRU21,,Krishna Basin,Krishna Upper,469.0467,0.84,100.0
subbasin,KRU,Krishna Upper,subbasin||KRU,,Krishna Basin,Krishna Upper,watershed,C04KRU22,Watershed C04KRU22,watershed||C04KRU22,,Krishna Basin,Krishna Upper,330.3285,0.59,100.0
subbasin,KRU,Krishna Upper,subbasin||KRU,,Krishna Basin,Krishna Upper,watershed,C04KRU23,Watershed C04KRU23,watershed||C04KRU23,,Krishna Basin,Krishna Upper,573.1841,1.03,100.0
subbasin,KRU,Krishna Upper,subbasin||KRU,,Krishna Basin,Krishna Upper,watershed,C04KRU24,Watershed C04KRU24,watershed||C04KRU24,,Krishna Basin,Krishna Upper,543.8998,0.98,100.0
subbasin,KRU,Krishna Upper,subbasin||KRU,,Krishna Basin,Krishna Upper,watershed,C04KRU25,Watershed C04KRU25,watershed||C04KRU25,,Krishna Basin,Krishna Upper,1401.1285,2.51,100.0
subbasin,KRU,Krishna Upper,subbasin||KRU,,Krishna Basin,Krishna Upper,watershed,C04KRU26,Watershed C04KRU26,watershed||C04KRU26,,Krishna Basin,Krishna Upper,636.7024,1.14,100.0
subbasin,KRU,Krishna Upper,subbasin||KRU,,Krishna Basin,Krishna Upper,watershed,C04KRU27,Watershed C04KRU27,watershed||C04KRU27,,Krishna Basin,Krishna Upper,794.8403,1.43,100.0
subbasin,KRU,Krishna Upper,subbasin||KRU,,Krishna Basin,Krishna Upper,watershed,C04KRU28,Watershed C04KRU28,watershed||C04KRU28,,Krishna Basin,Krishna Upper,733.4462,1.32,100.0
subbasin,KRU,Krishna Upper,subbasin||KRU,,Krishna Basin,Krishna Upper,watershed,C04KRU29,Watershed C04KRU29,watershed||C04KRU29,,Krishna Basin,Krishna Upper,353.794,0.63,100.0
subbasin,KRU,Krishna Upper,subbasin||KRU,,Krishna Basin,Krishna Upper,watershed,C04KRU30,Watershed C04KRU30,watershed||C04KRU30,,Krishna Basin,Krishna Upper,690.8903,1.24,100.0
subbasin,KRU,Krishna Upper,subbasin||KRU,,Krishna Basin,Krishna Upper,watershed,C04KRU31,Watershed C04KRU31,watershed||C04KRU31,,Krishna Basin,Krishna Upper,372.085,0.67,100.0
subbasin,KRU,Krishna Upper,subbasin||KRU,,Krishna Basin,Krishna Upper,watershed,C04KRU32,Watershed C04KRU32,watershed||C04KRU32,,Krishna Basin,Krishna Upper,799.8286,1.43,100.0
subbasin,KRU,Krishna Upper,subbasin||KRU,,Krishna Basin,Krishna Upper,watershed,C04KRU33,Watershed C04KRU33,watershed||C04KRU33,,Krishna Basin,Krishna Upper,801.7556,1.44,100.0
subbasin,KRU,Krishna Upper,subbasin||KRU,,Krishna Basin,Krishna Upper,watershed,C04KRU34,Watershed C04KRU34,watershed||C04KRU34,,Krishna Basin,Krishna Upper,617.0056,1.11,100.0
subbasin,KRU,Krishna Upper,subbasin||KRU,,Krishna Basin,Krishna Upper,watershed,C04KRU35,Watershed C04KRU35,watershed||C04KRU35,,Krishna Basin,Krishna Upper,505.2394,0.91,100.0
subbasin,KRU,Krishna Upper,subbasin||KRU,,Krishna Basin,Krishna Upper,watershed,C04KRU36,Watershed C04KRU36,watershed||C04KRU36,,Krishna Basin,Krishna Upper,789.6344,1.42,100.0
subbasin,KRU,Krishna Upper,subbasin||KRU,,Krishna Basin,Krishna Upper,watershed,C04KRU37,Watershed C04KRU37,watershed||C04KRU37,,Krishna Basin,Krishna Upper,828.9776,1.49,100.0
subbasin,KRU,Krishna Upper,subbasin||KRU,,Krishna Basin,Krishna Upper,watershed,C04KRU38,Watershed C04KRU38,watershed||C04KRU38,,Krishna Basin,Krishna Upper,751.0324,1.35,100.0
subbasin,KRU,Krishna Upper,subbasin||KRU,,Krishna Basin,Krishna Upper,watershed,C04KRU39,Watershed C04KRU39,watershed||C04KRU39,,Krishna Basin,Krishna Upper,837.8589,1.5,100.0
subbasin,KRU,Krishna Upper,subbasin||KRU,,Krishna Basin,Krishna Upper,watershed,C04KRU40,Watershed C04KRU40,watershed||C04KRU40,,Krishna Basin,Krishna Upper,863.1135,1.55,100.0
subbasin,KRU,Krishna Upper,subbasin||KRU,,Krishna Basin,Krishna Upper,watershed,C04KRU41,Watershed C04KRU41,watershed||C04KRU41,,Krishna Basin,Krishna Upper,592.5194,1.06,100.0
subbasin,KRU,Krishna Upper,subbasin||KRU,,Krishna Basin,Krishna Upper,watershed,C04KRU42,Watershed C04KRU42,watershed||C04KRU42,,Krishna Basin,Krishna Upper,645.5627,1.16,100.0
subbasin,KRU,Krishna Upper,subbasin||KRU,,Krishna Basin,Krishna Upper,watershed,C04KRU43,Watershed C04KRU43,watershed||C04KRU43,,Krishna Basin,Krishna Upper,543.0084,0.97,100.0
subbasin,KRU,Krishna Upper,subbasin||KRU,,Krishna Basin,Krishna Upper,watershed,C04KRU44,Watershed C04KRU44,watershed||C04KRU44,,Krishna Basin,Krishna Upper,485.9192,0.87,100.0
subbasin,KRU,Krishna Upper,subbasin||KRU,,Krishna Basin,Krishna Upper,watershed,C04KRU45,Watershed C04KRU45,watershed||C04KRU45,,Krishna Basin,Krishna Upper,352.4013,0.63,100.0
subbasin,KRU,Krishna Upper,subbasin||KRU,,Krishna Basin,Krishna Upper,watershed,C04KRU46,Watershed C04KRU46,watershed||C04KRU46,,Krishna Basin,Krishna Upper,441.1521,0.79,100.0
subbasin,KRU,Krishna Upper,subbasin||KRU,,Krishna Basin,Krishna Upper,watershed,C04KRU47,Watershed C04KRU47,watershed||C04KRU47,,Krishna Basin,Krishna Upper,578.8667,1.04,100.0
subbasin,KRU,Krishna Upper,subbasin||KRU,,Krishna Basin,Krishna Upper,watershed,C04KRU48,Watershed C04KRU48,watershed||C04KRU48,,Krishna Basin,Krishna Upper,670.1188,1.2,100.0
subbasin,KRU,Krishna Upper,subbasin||KRU,,Krishna Basin,Krishna Upper,watershed,C04KRU49,Watershed C04KRU49,watershed||C04KRU49,,Krishna Basin,Krishna Upper,397.1143,0.71,100.0
subbasin,KRU,Krishna Upper,subbasin||KRU,,Krishna Basin,Krishna Upper,watershed,C04KRU50,Watershed C04KRU50,watershed||C04KRU50,,Krishna Basin,Krishna Upper,702.0594,1.26,100.0
subbasin,KRU,Krishna Upper,subbasin||KRU,,Krishna Basin,Krishna Upper,watershed,C04KRU51,Watershed C04KRU51,watershed||C04KRU51,,Krishna Basin,Krishna Upper,514.6165,0.92,100.0
subbasin,KRU,Krishna Upper,subbasin||KRU,,Krishna Basin,Krishna Upper,watershed,C04KRU52,Watershed C04KRU52,watershed||C04KRU52,,Krishna Basin,Krishna Upper,670.8184,1.2,100.0
subbasin,KRU,Krishna Upper,subbasin||KRU,,Krishna Basin,Krishna Upper,watershed,C04KRU53,Watershed C04KRU53,watershed||C04KRU53,,Krishna Basin,Krishna Upper,804.1649,1.44,100.0
subbasin,KRU,Krishna Upper,subbasin||KRU,,Krishna Basin,Krishna Upper,watershed,C04KRU54,Watershed C04KRU54,watershed||C04KRU54,,Krishna Basin,Krishna Upper,695.4256,1.25,100.0
subbasin,KRU,Krishna Upper,subbasin||KRU,,Krishna Basin,Krishna Upper,watershed,C04KRU55,Watershed C04KRU55,watershed||C04KRU55,,Krishna Basin,Krishna Upper,593.671,1.07,100.0
subbasin,KRU,Krishna Upper,subbasin||KRU,,Krishna Basin,Krishna Upper,watershed,C04KRU56,Watershed C04KRU56,watershed||C04KRU56,,Krishna Basin,Krishna Upper,777.6832,1.4,100.0
subbasin,KRU,Krishna Upper,subbasin||KRU,,Krishna Basin,Krishna Upper,watershed,C04KRU57,Watershed C04KRU57,watershed||C04KRU57,,Krishna Basin,Krishna Upper,693.5735,1.24,100.0
subbasin,KRU,Krishna Upper,subbasin||KRU,,Krishna Basin,Krishna Upper,watershed,C04KRU58,Watershed C04KRU58,watershed||C04KRU58,,Krishna Basin,Krishna Upper,835.3386,1.5,100.0
subbasin,KRU,Krishna Upper,subbasin||KRU,,Krishna Basin,Krishna Upper,watershed,C04KRU59,Watershed C04KRU59,watershed||C04KRU59,,Krishna Basin,Krishna Upper,702.8795,1.26,100.0
subbasin,KRU,Krishna Upper,subbasin||KRU,,Krishna Basin,Krishna Upper,watershed,C04KRU60,Watershed C04KRU60,watershed||C04KRU60,,Krishna Basin,Krishna Upper,854.3385,1.53,100.0
subbasin,KRU,Krishna Upper,subbasin||KRU,,Krishna Basin,Krishna Upper,watershed,C04KRU61,Watershed C04KRU61,watershed||C04KRU61,,Krishna Basin,Krishna Upper,931.7223,1.67,100.0
subbasin,KRU,Krishna Upper,subbasin||KRU,,Krishna Basin,Krishna Upper,watershed,C04KRU62,Watershed C04KRU62,watershed||C04KRU62,,Krishna Basin,Krishna Upper,681.1728,1.22,100.0
subbasin,KRU,Krishna Upper,subbasin||KRU,,Krishna Basin,Krishna Upper,watershed,C04KRU63,Watershed C04KRU63,watershed||C04KRU63,,Krishna Basin,Krishna Upper,821.1966,1.47,100.0
subbasin,KRU,Krishna Upper,subbasin||KRU,,Krishna Basin,Krishna Upper,watershed,C04KRU64,Watershed C04KRU64,watershed||C04KRU64,,Krishna Basin,Krishna Upper,603.7186,1.08,100.0
subbasin,KRU,Krishna Upper,subbasin||KRU,,Krishna Basin,Krishna Upper,watershed,C04KRU65,Watershed C04KRU65,watershed||C04KRU65,,Krishna Basin,Krishna Upper,636.5702,1.14,100.0
subbasin,KRU,Krishna Upper,subbasin||KRU,,Krishna Basin,Krishna Upper,watershed,C04KRU66,Watershed C04KRU66,watershed||C04KRU66,,Krishna Basin,Krishna Upper,690.3941,1.24,100.0
subbasin,KRU,Krishna Upper,subbasin||KRU,,Krishna Basin,Krishna Upper,watershed,C04KRU67,Watershed C04KRU67,watershed||C04KRU67,,Krishna Basin,Krishna Upper,968.3259,1.74,100.0
subbasin,KRU,Krishna Upper,subbasin||KRU,,Krishna Basin,Krishna Upper,watershed,C04KRU68,Watershed C04KRU68,watershed||C04KRU68,,Krishna Basin,Krishna Upper,642.3128,1.15,100.0
subbasin,KRU,Krishna Upper,subbasin||KRU,,Krishna Basin,Krishna Upper,watershed,C04KRU69,Watershed C04KRU69,watershed||C04KRU69,,Krishna Basin,Krishna Upper,845.8999,1.52,100.0
subbasin,KRU,Krishna Upper,subbasin||KRU,,Krishna Basin,Krishna Upper,watershed,C04KRU70,Watershed C04KRU70,watershed||C04KRU70,,Krishna Basin,Krishna Upper,733.3262,1.32,100.0
subbasin,KRU,Krishna Upper,subbasin||KRU,,Krishna Basin,Krishna Upper,watershed,C04KRU71,Watershed C04KRU71,watershed||C04KRU71,,Krishna Basin,Krishna Upper,913.0915,1.64,100.0
subbasin,KRU,Krishna Upper,subbasin||KRU,,Krishna Basin,Krishna Upper,watershed,C04KRU72,Watershed C04KRU72,watershed||C04KRU72,,Krishna Basin,Krishna Upper,954.9724,1.71,100.0
subbasin,KRU,Krishna Upper,subbasin||KRU,,Krishna Basin,Krishna Upper,watershed,C04KRU73,Watershed C04KRU73,watershed||C04KRU73,,Krishna Basin,Krishna Upper,902.6062,1.62,100.0
subbasin,KRU,Krishna Upper,subbasin||KRU,,Krishna Basin,Krishna Upper,watershed,C04KRU74,Watershed C04KRU74,watershed||C04KRU74,,Krishna Basin,Krishna Upper,515.6474,0.93,100.0
subbasin,KRU,Krishna Upper,subbasin||KRU,,Krishna Basin,Krishna Upper,watershed,C04KRU75,Watershed C04KRU75,watershed||C04KRU75,,Krishna Basin,Krishna Upper,469.9718,0.84,100.0
subbasin,KRU,Krishna Upper,subbasin||KRU,,Krishna Basin,Krishna Upper,watershed,C04KRU76,Watershed C04KRU76,watershed||C04KRU76,,Krishna Basin,Krishna Upper,784.9505,1.41,100.0
subbasin,KRU,Krishna Upper,subbasin||KRU,,Krishna Basin,Krishna Upper,watershed,C04KRU77,Watershed C04KRU77,watershed||C04KRU77,,Krishna Basin,Krishna Upper,869.1638,1.56,100.0
subbasin,KRU,Krishna Upper,subbasin||KRU,,Krishna Basin,Krishna Upper,watershed,C04KRU79,Watershed C04KRU79,watershed||C04KRU79,,Krishna Basin,Krishna Upper,480.2569,0.86,100.0
subbasin,KRU,Krishna Upper,subbasin||KRU,,Krishna Basin,Krishna Upper,watershed,C04KRU80,Watershed C04KRU80,watershed||C04KRU80,,Krishna Basin,Krishna Upper,727.0016,1.3,100.0
subbasin,KRU,Krishna Upper,subbasin||KRU,,Krishna Basin,Krishna Upper,watershed,C04KRU81,Watershed C04KRU81,watershed||C04KRU81,,Krishna Basin,Krishna Upper,646.9752,1.16,100.0
subbasin,KRU,Krishna Upper,subbasin||KRU,,Krishna Basin,Krishna Upper,watershed,C04KRU82,Watershed C04KRU82,watershed||C04KRU82,,Krishna Basin,Krishna Upper,985.9186,1.77,100.0
subbasin,KRU,Krishna Upper,subbasin||KRU,,Krishna Basin,Krishna Upper,watershed,C04KRU83,Watershed C04KRU83,watershed||C04KRU83,,Krishna Basin,Krishna Upper,1492.9051,2.68,100.0
subbasin,KRU,Krishna Upper,subbasin||KRU,,Krishna Basin,Krishna Upper,watershed,C04KRU85,Watershed C04KRU85,watershed||C04KRU85,,Krishna Basin,Krishna Upper,810.0036,1.45,100.0
subbasin,KYN,Kynchiang and other south flowing rivers,subbasin||KYN,,Barak and others Basin,Kynchiang and other south flowing rivers,watershed,D2CKYN01,Watershed D2CKYN01,watershed||D2CKYN01,,Barak and others Basin,Kynchiang and other south flowing rivers,557.9644,5.23,100.0
subbasin,KYN,Kynchiang and other south flowing rivers,subbasin||KYN,,Barak and others Basin,Kynchiang and other south flowing rivers,watershed,D2CKYN02,Watershed D2CKYN02,watershed||D2CKYN02,,Barak and others Basin,Kynchiang and other south flowing rivers,571.8429,5.36,100.0
subbasin,KYN,Kynchiang and other south flowing rivers,subbasin||KYN,,Barak and others Basin,Kynchiang and other south flowing rivers,watershed,D2CKYN03,Watershed D2CKYN03,watershed||D2CKYN03,,Barak and others Basin,Kynchiang and other south flowing rivers,517.831,4.85,100.0
subbasin,KYN,Kynchiang and other south flowing rivers,subbasin||KYN,,Barak and others Basin,Kynchiang and other south flowing rivers,watershed,D2CKYN04,Watershed D2CKYN04,watershed||D2CKYN04,,Barak and others Basin,Kynchiang and other south flowing rivers,797.551,7.47,100.0
subbasin,KYN,Kynchiang and other south flowing rivers,subbasin||KYN,,Barak and others Basin,Kynchiang and other south flowing rivers,watershed,D2CKYN05,Watershed D2CKYN05,watershed||D2CKYN05,,Barak and others Basin,Kynchiang and other south flowing rivers,687.3305,6.44,100.0
subbasin,KYN,Kynchiang and other south flowing rivers,subbasin||KYN,,Barak and others Basin,Kynchiang and other south flowing rivers,watershed,D2CKYN06,Watershed D2CKYN06,watershed||D2CKYN06,,Barak and others Basin,Kynchiang and other south flowing rivers,821.5667,7.7,100.0
subbasin,KYN,Kynchiang and other south flowing rivers,subbasin||KYN,,Barak and others Basin,Kynchiang and other south flowing rivers,watershed,D2CKYN07,Watershed D2CKYN07,watershed||D2CKYN07,,Barak and others Basin,Kynchiang and other south flowing rivers,599.4807,5.62,100.0
subbasin,KYN,Kynchiang and other south flowing rivers,subbasin||KYN,,Barak and others Basin,Kynchiang and other south flowing rivers,watershed,D2CKYN08,Watershed D2CKYN08,watershed||D2CKYN08,,Barak and others Basin,Kynchiang and other south flowing rivers,809.5278,7.58,100.0
subbasin,KYN,Kynchiang and other south flowing rivers,subbasin||KYN,,Barak and others Basin,Kynchiang and other south flowing rivers,watershed,D2CKYN09,Watershed D2CKYN09,watershed||D2CKYN09,,Barak and others Basin,Kynchiang and other south flowing rivers,569.0845,5.33,100.0
subbasin,KYN,Kynchiang and other south flowing rivers,subbasin||KYN,,Barak and others Basin,Kynchiang and other south flowing rivers,watershed,D2CKYN10,Watershed D2CKYN10,watershed||D2CKYN10,,Barak and others Basin,Kynchiang and other south flowing rivers,752.9486,7.05,100.0
subbasin,KYN,Kynchiang and other south flowing rivers,subbasin||KYN,,Barak and others Basin,Kynchiang and other south flowing rivers,watershed,D2CKYN11,Watershed D2CKYN11,watershed||D2CKYN11,,Barak and others Basin,Kynchiang and other south flowing rivers,681.2098,6.38,100.0
subbasin,KYN,Kynchiang and other south flowing rivers,subbasin||KYN,,Barak and others Basin,Kynchiang and other south flowing rivers,watershed,D2CKYN12,Watershed D2CKYN12,watershed||D2CKYN12,,Barak and others Basin,Kynchiang and other south flowing rivers,321.017,3.01,100.0
subbasin,KYN,Kynchiang and other south flowing rivers,subbasin||KYN,,Barak and others Basin,Kynchiang and other south flowing rivers,watershed,D2CKYN13,Watershed D2CKYN13,watershed||D2CKYN13,,Barak and others Basin,Kynchiang and other south flowing rivers,586.7426,5.5,100.0
subbasin,KYN,Kynchiang and other south flowing rivers,subbasin||KYN,,Barak and others Basin,Kynchiang and other south flowing rivers,watershed,D2CKYN14,Watershed D2CKYN14,watershed||D2CKYN14,,Barak and others Basin,Kynchiang and other south flowing rivers,510.578,4.78,100.0
subbasin,KYN,Kynchiang and other south flowing rivers,subbasin||KYN,,Barak and others Basin,Kynchiang and other south flowing rivers,watershed,D2CKYN15,Watershed D2CKYN15,watershed||D2CKYN15,,Barak and others Basin,Kynchiang and other south flowing rivers,739.0054,6.92,100.0
subbasin,KYN,Kynchiang and other south flowing rivers,subbasin||KYN,,Barak and others Basin,Kynchiang and other south flowing rivers,watershed,D2CKYN16,Watershed D2CKYN16,watershed||D2CKYN16,,Barak and others Basin,Kynchiang and other south flowing rivers,586.1846,5.49,100.0
subbasin,KYN,Kynchiang and other south flowing rivers,subbasin||KYN,,Barak and others Basin,Kynchiang and other south flowing rivers,watershed,D2CKYN17,Watershed D2CKYN17,watershed||D2CKYN17,,Barak and others Basin,Kynchiang and other south flowing rivers,562.9499,5.27,100.0
subbasin,LIN,Lower Indus,subbasin||LIN,,Indus (Up to border) Basin,Lower Indus,watershed,A01LIN01,Watershed A01LIN01,watershed||A01LIN01,,Indus (Up to border) Basin,Lower Indus,831.9004,3.49,100.0
subbasin,LIN,Lower Indus,subbasin||LIN,,Indus (Up to border) Basin,Lower Indus,watershed,A01LIN02,Watershed A01LIN02,watershed||A01LIN02,,Indus (Up to border) Basin,Lower Indus,909.7385,3.82,100.0
subbasin,LIN,Lower Indus,subbasin||LIN,,Indus (Up to border) Basin,Lower Indus,watershed,A01LIN03,Watershed A01LIN03,watershed||A01LIN03,,Indus (Up to border) Basin,Lower Indus,847.8748,3.56,100.0
subbasin,LIN,Lower Indus,subbasin||LIN,,Indus (Up to border) Basin,Lower Indus,watershed,A01LIN04,Watershed A01LIN04,watershed||A01LIN04,,Indus (Up to border) Basin,Lower Indus,317.2255,1.33,100.0
subbasin,LIN,Lower Indus,subbasin||LIN,,Indus (Up to border) Basin,Lower Indus,watershed,A01LIN05,Watershed A01LIN05,watershed||A01LIN05,,Indus (Up to border) Basin,Lower Indus,692.9155,2.91,100.0
subbasin,LIN,Lower Indus,subbasin||LIN,,Indus (Up to border) Basin,Lower Indus,watershed,A01LIN06,Watershed A01LIN06,watershed||A01LIN06,,Indus (Up to border) Basin,Lower Indus,864.2123,3.63,100.0
subbasin,LIN,Lower Indus,subbasin||LIN,,Indus (Up to border) Basin,Lower Indus,watershed,A01LIN07,Watershed A01LIN07,watershed||A01LIN07,,Indus (Up to border) Basin,Lower Indus,751.4158,3.15,100.0
subbasin,LIN,Lower Indus,subbasin||LIN,,Indus (Up to border) Basin,Lower Indus,watershed,A01LIN08,Watershed A01LIN08,watershed||A01LIN08,,Indus (Up to border) Basin,Lower Indus,528.7871,2.22,100.0
subbasin,LIN,Lower Indus,subbasin||LIN,,Indus (Up to border) Basin,Lower Indus,watershed,A01LIN09,Watershed A01LIN09,watershed||A01LIN09,,Indus (Up to border) Basin,Lower Indus,412.0378,1.73,100.0
subbasin,LIN,Lower Indus,subbasin||LIN,,Indus (Up to border) Basin,Lower Indus,watershed,A01LIN10,Watershed A01LIN10,watershed||A01LIN10,,Indus (Up to border) Basin,Lower Indus,894.9082,3.76,100.0
subbasin,LIN,Lower Indus,subbasin||LIN,,Indus (Up to border) Basin,Lower Indus,watershed,A01LIN11,Watershed A01LIN11,watershed||A01LIN11,,Indus (Up to border) Basin,Lower Indus,504.7838,2.12,100.0
subbasin,LIN,Lower Indus,subbasin||LIN,,Indus (Up to border) Basin,Lower Indus,watershed,A01LIN12,Watershed A01LIN12,watershed||A01LIN12,,Indus (Up to border) Basin,Lower Indus,609.5838,2.56,100.0
subbasin,LIN,Lower Indus,subbasin||LIN,,Indus (Up to border) Basin,Lower Indus,watershed,A01LIN13,Watershed A01LIN13,watershed||A01LIN13,,Indus (Up to border) Basin,Lower Indus,853.0198,3.58,100.0
subbasin,LIN,Lower Indus,subbasin||LIN,,Indus (Up to border) Basin,Lower Indus,watershed,A01LIN14,Watershed A01LIN14,watershed||A01LIN14,,Indus (Up to border) Basin,Lower Indus,780.6669,3.28,100.0
subbasin,LIN,Lower Indus,subbasin||LIN,,Indus (Up to border) Basin,Lower Indus,watershed,A01LIN15,Watershed A01LIN15,watershed||A01LIN15,,Indus (Up to border) Basin,Lower Indus,833.0248,3.5,100.0
subbasin,LIN,Lower Indus,subbasin||LIN,,Indus (Up to border) Basin,Lower Indus,watershed,A01LIN16,Watershed A01LIN16,watershed||A01LIN16,,Indus (Up to border) Basin,Lower Indus,681.763,2.86,100.0
subbasin,LIN,Lower Indus,subbasin||LIN,,Indus (Up to border) Basin,Lower Indus,watershed,A01LIN17,Watershed A01LIN17,watershed||A01LIN17,,Indus (Up to border) Basin,Lower Indus,663.1704,2.78,100.0
subbasin,LIN,Lower Indus,subbasin||LIN,,Indus (Up to border) Basin,Lower Indus,watershed,A01LIN18,Watershed A01LIN18,watershed||A01LIN18,,Indus (Up to border) Basin,Lower Indus,578.5921,2.43,100.0
subbasin,LIN,Lower Indus,subbasin||LIN,,Indus (Up to border) Basin,Lower Indus,watershed,A01LIN19,Watershed A01LIN19,watershed||A01LIN19,,Indus (Up to border) Basin,Lower Indus,1272.1953,5.34,100.0
subbasin,LIN,Lower Indus,subbasin||LIN,,Indus (Up to border) Basin,Lower Indus,watershed,A01LIN20,Watershed A01LIN20,watershed||A01LIN20,,Indus (Up to border) Basin,Lower Indus,1015.8991,4.26,100.0
subbasin,LIN,Lower Indus,subbasin||LIN,,Indus (Up to border) Basin,Lower Indus,watershed,A01LIN21,Watershed A01LIN21,watershed||A01LIN21,,Indus (Up to border) Basin,Lower Indus,767.2335,3.22,100.0
subbasin,LIN,Lower Indus,subbasin||LIN,,Indus (Up to border) Basin,Lower Indus,watershed,A01LIN22,Watershed A01LIN22,watershed||A01LIN22,,Indus (Up to border) Basin,Lower Indus,828.2621,3.48,100.0
subbasin,LIN,Lower Indus,subbasin||LIN,,Indus (Up to border) Basin,Lower Indus,watershed,A01LIN23,Watershed A01LIN23,watershed||A01LIN23,,Indus (Up to border) Basin,Lower Indus,682.697,2.87,100.0
subbasin,LIN,Lower Indus,subbasin||LIN,,Indus (Up to border) Basin,Lower Indus,watershed,A01LIN24,Watershed A01LIN24,watershed||A01LIN24,,Indus (Up to border) Basin,Lower Indus,874.0771,3.67,100.0
subbasin,LIN,Lower Indus,subbasin||LIN,,Indus (Up to border) Basin,Lower Indus,watershed,A01LIN25,Watershed A01LIN25,watershed||A01LIN25,,Indus (Up to border) Basin,Lower Indus,931.3829,3.91,100.0
subbasin,LIN,Lower Indus,subbasin||LIN,,Indus (Up to border) Basin,Lower Indus,watershed,A01LIN26,Watershed A01LIN26,watershed||A01LIN26,,Indus (Up to border) Basin,Lower Indus,938.8394,3.94,100.0
subbasin,LIN,Lower Indus,subbasin||LIN,,Indus (Up to border) Basin,Lower Indus,watershed,A01LIN27,Watershed A01LIN27,watershed||A01LIN27,,Indus (Up to border) Basin,Lower Indus,840.4324,3.53,100.0
subbasin,LIN,Lower Indus,subbasin||LIN,,Indus (Up to border) Basin,Lower Indus,watershed,A01LIN28,Watershed A01LIN28,watershed||A01LIN28,,Indus (Up to border) Basin,Lower Indus,724.0575,3.04,100.0
subbasin,LIN,Lower Indus,subbasin||LIN,,Indus (Up to border) Basin,Lower Indus,watershed,A01LIN29,Watershed A01LIN29,watershed||A01LIN29,,Indus (Up to border) Basin,Lower Indus,675.2825,2.83,100.0
subbasin,LIN,Lower Indus,subbasin||LIN,,Indus (Up to border) Basin,Lower Indus,watershed,A01LIN30,Watershed A01LIN30,watershed||A01LIN30,,Indus (Up to border) Basin,Lower Indus,727.698,3.05,100.0
subbasin,LIN,Lower Indus,subbasin||LIN,,Indus (Up to border) Basin,Lower Indus,watershed,A01LIN31,Watershed A01LIN31,watershed||A01LIN31,,Indus (Up to border) Basin,Lower Indus,995.1128,4.18,100.0
subbasin,LUL,Luni Lower,subbasin||LUL,,West flowing rivers of Kutch and Saurashtra including Luni Basin,Luni Lower,watershed,B20LUL01,Watershed B20LUL01,watershed||B20LUL01,,West flowing rivers of Kutch and Saurashtra including Luni Basin,Luni Lower,966.0585,3.18,100.0
subbasin,LUL,Luni Lower,subbasin||LUL,,West flowing rivers of Kutch and Saurashtra including Luni Basin,Luni Lower,watershed,B20LUL02,Watershed B20LUL02,watershed||B20LUL02,,West flowing rivers of Kutch and Saurashtra including Luni Basin,Luni Lower,797.6621,2.63,100.0
subbasin,LUL,Luni Lower,subbasin||LUL,,West flowing rivers of Kutch and Saurashtra including Luni Basin,Luni Lower,watershed,B20LUL03,Watershed B20LUL03,watershed||B20LUL03,,West flowing rivers of Kutch and Saurashtra including Luni Basin,Luni Lower,1064.636,3.51,100.0
subbasin,LUL,Luni Lower,subbasin||LUL,,West flowing rivers of Kutch and Saurashtra including Luni Basin,Luni Lower,watershed,B20LUL04,Watershed B20LUL04,watershed||B20LUL04,,West flowing rivers of Kutch and Saurashtra including Luni Basin,Luni Lower,1475.464,4.86,100.0
subbasin,LUL,Luni Lower,subbasin||LUL,,West flowing rivers of Kutch and Saurashtra including Luni Basin,Luni Lower,watershed,B20LUL05,Watershed B20LUL05,watershed||B20LUL05,,West flowing rivers of Kutch and Saurashtra including Luni Basin,Luni Lower,1092.6052,3.6,100.0
subbasin,LUL,Luni Lower,subbasin||LUL,,West flowing rivers of Kutch and Saurashtra including Luni Basin,Luni Lower,watershed,B20LUL06,Watershed B20LUL06,watershed||B20LUL06,,West flowing rivers of Kutch and Saurashtra including Luni Basin,Luni Lower,979.2126,3.23,100.0
subbasin,LUL,Luni Lower,subbasin||LUL,,West flowing rivers of Kutch and Saurashtra including Luni Basin,Luni Lower,watershed,B20LUL07,Watershed B20LUL07,watershed||B20LUL07,,West flowing rivers of Kutch and Saurashtra including Luni Basin,Luni Lower,808.9044,2.67,100.0
subbasin,LUL,Luni Lower,subbasin||LUL,,West flowing rivers of Kutch and Saurashtra including Luni Basin,Luni Lower,watershed,B20LUL08,Watershed B20LUL08,watershed||B20LUL08,,West flowing rivers of Kutch and Saurashtra including Luni Basin,Luni Lower,644.981,2.13,100.0
subbasin,LUL,Luni Lower,subbasin||LUL,,West flowing rivers of Kutch and Saurashtra including Luni Basin,Luni Lower,watershed,B20LUL09,Watershed B20LUL09,watershed||B20LUL09,,West flowing rivers of Kutch and Saurashtra including Luni Basin,Luni Lower,777.7781,2.56,100.0
subbasin,LUL,Luni Lower,subbasin||LUL,,West flowing rivers of Kutch and Saurashtra including Luni Basin,Luni Lower,watershed,B20LUL10,Watershed B20LUL10,watershed||B20LUL10,,West flowing rivers of Kutch and Saurashtra including Luni Basin,Luni Lower,843.5225,2.78,100.0
subbasin,LUL,Luni Lower,subbasin||LUL,,West flowing rivers of Kutch and Saurashtra including Luni Basin,Luni Lower,watershed,B20LUL11,Watershed B20LUL11,watershed||B20LUL11,,West flowing rivers of Kutch and Saurashtra including Luni Basin,Luni Lower,817.2299,2.69,100.0
subbasin,LUL,Luni Lower,subbasin||LUL,,West flowing rivers of Kutch and Saurashtra including Luni Basin,Luni Lower,watershed,B20LUL12,Watershed B20LUL12,watershed||B20LUL12,,West flowing rivers of Kutch and Saurashtra including Luni Basin,Luni Lower,1010.2049,3.33,100.0
subbasin,LUL,Luni Lower,subbasin||LUL,,West flowing rivers of Kutch and Saurashtra including Luni Basin,Luni Lower,watershed,B20LUL13,Watershed B20LUL13,watershed||B20LUL13,,West flowing rivers of Kutch and Saurashtra including Luni Basin,Luni Lower,781.0507,2.57,100.0
subbasin,LUL,Luni Lower,subbasin||LUL,,West flowing rivers of Kutch and Saurashtra including Luni Basin,Luni Lower,watershed,B20LUL14,Watershed B20LUL14,watershed||B20LUL14,,West flowing rivers of Kutch and Saurashtra including Luni Basin,Luni Lower,552.9355,1.82,100.0
subbasin,LUL,Luni Lower,subbasin||LUL,,West flowing rivers of Kutch and Saurashtra including Luni Basin,Luni Lower,watershed,B20LUL15,Watershed B20LUL15,watershed||B20LUL15,,West flowing rivers of Kutch and Saurashtra including Luni Basin,Luni Lower,359.8568,1.19,100.0
subbasin,LUL,Luni Lower,subbasin||LUL,,West flowing rivers of Kutch and Saurashtra including Luni Basin,Luni Lower,watershed,B20LUL16,Watershed B20LUL16,watershed||B20LUL16,,West flowing rivers of Kutch and Saurashtra including Luni Basin,Luni Lower,711.1222,2.34,100.0
subbasin,LUL,Luni Lower,subbasin||LUL,,West flowing rivers of Kutch and Saurashtra including Luni Basin,Luni Lower,watershed,B20LUL17,Watershed B20LUL17,watershed||B20LUL17,,West flowing rivers of Kutch and Saurashtra including Luni Basin,Luni Lower,664.2736,2.19,100.0
subbasin,LUL,Luni Lower,subbasin||LUL,,West flowing rivers of Kutch and Saurashtra including Luni Basin,Luni Lower,watershed,B20LUL18,Watershed B20LUL18,watershed||B20LUL18,,West flowing rivers of Kutch and Saurashtra including Luni Basin,Luni Lower,801.8847,2.64,100.0
subbasin,LUL,Luni Lower,subbasin||LUL,,West flowing rivers of Kutch and Saurashtra including Luni Basin,Luni Lower,watershed,B20LUL19,Watershed B20LUL19,watershed||B20LUL19,,West flowing rivers of Kutch and Saurashtra including Luni Basin,Luni Lower,544.4712,1.79,100.0
subbasin,LUL,Luni Lower,subbasin||LUL,,West flowing rivers of Kutch and Saurashtra including Luni Basin,Luni Lower,watershed,B20LUL20,Watershed B20LUL20,watershed||B20LUL20,,West flowing rivers of Kutch and Saurashtra including Luni Basin,Luni Lower,372.4476,1.23,100.0
subbasin,LUL,Luni Lower,subbasin||LUL,,West flowing rivers of Kutch and Saurashtra including Luni Basin,Luni Lower,watershed,B20LUL21,Watershed B20LUL21,watershed||B20LUL21,,West flowing rivers of Kutch and Saurashtra including Luni Basin,Luni Lower,695.1918,2.29,100.0
subbasin,LUL,Luni Lower,subbasin||LUL,,West flowing rivers of Kutch and Saurashtra including Luni Basin,Luni Lower,watershed,B20LUL22,Watershed B20LUL22,watershed||B20LUL22,,West flowing rivers of Kutch and Saurashtra including Luni Basin,Luni Lower,645.8146,2.13,100.0
subbasin,LUL,Luni Lower,subbasin||LUL,,West flowing rivers of Kutch and Saurashtra including Luni Basin,Luni Lower,watershed,B20LUL23,Watershed B20LUL23,watershed||B20LUL23,,West flowing rivers of Kutch and Saurashtra including Luni Basin,Luni Lower,624.0823,2.06,100.0
subbasin,LUL,Luni Lower,subbasin||LUL,,West flowing rivers of Kutch and Saurashtra including Luni Basin,Luni Lower,watershed,B20LUL24,Watershed B20LUL24,watershed||B20LUL24,,West flowing rivers of Kutch and Saurashtra including Luni Basin,Luni Lower,547.1142,1.8,100.0
subbasin,LUL,Luni Lower,subbasin||LUL,,West flowing rivers of Kutch and Saurashtra including Luni Basin,Luni Lower,watershed,B20LUL25,Watershed B20LUL25,watershed||B20LUL25,,West flowing rivers of Kutch and Saurashtra including Luni Basin,Luni Lower,485.0232,1.6,100.0
subbasin,LUL,Luni Lower,subbasin||LUL,,West flowing rivers of Kutch and Saurashtra including Luni Basin,Luni Lower,watershed,B20LUL26,Watershed B20LUL26,watershed||B20LUL26,,West flowing rivers of Kutch and Saurashtra including Luni Basin,Luni Lower,492.9226,1.62,100.0
subbasin,LUL,Luni Lower,subbasin||LUL,,West flowing rivers of Kutch and Saurashtra including Luni Basin,Luni Lower,watershed,B20LUL27,Watershed B20LUL27,watershed||B20LUL27,,West flowing rivers of Kutch and Saurashtra including Luni Basin,Luni Lower,642.8981,2.12,100.0
subbasin,LUL,Luni Lower,subbasin||LUL,,West flowing rivers of Kutch and Saurashtra including Luni Basin,Luni Lower,watershed,B20LUL28,Watershed B20LUL28,watershed||B20LUL28,,West flowing rivers of Kutch and Saurashtra including Luni Basin,Luni Lower,586.873,1.93,100.0
subbasin,LUL,Luni Lower,subbasin||LUL,,West flowing rivers of Kutch and Saurashtra including Luni Basin,Luni Lower,watershed,B20LUL29,Watershed B20LUL29,watershed||B20LUL29,,West flowing rivers of Kutch and Saurashtra including Luni Basin,Luni Lower,779.1252,2.57,100.0
subbasin,LUL,Luni Lower,subbasin||LUL,,West flowing rivers of Kutch and Saurashtra including Luni Basin,Luni Lower,watershed,B20LUL30,Watershed B20LUL30,watershed||B20LUL30,,West flowing rivers of Kutch and Saurashtra including Luni Basin,Luni Lower,639.8029,2.11,100.0
subbasin,LUL,Luni Lower,subbasin||LUL,,West flowing rivers of Kutch and Saurashtra including Luni Basin,Luni Lower,watershed,B20LUL31,Watershed B20LUL31,watershed||B20LUL31,,West flowing rivers of Kutch and Saurashtra including Luni Basin,Luni Lower,636.0668,2.1,100.0
subbasin,LUL,Luni Lower,subbasin||LUL,,West flowing rivers of Kutch and Saurashtra including Luni Basin,Luni Lower,watershed,B20LUL32,Watershed B20LUL32,watershed||B20LUL32,,West flowing rivers of Kutch and Saurashtra including Luni Basin,Luni Lower,417.7595,1.38,100.0
subbasin,LUL,Luni Lower,subbasin||LUL,,West flowing rivers of Kutch and Saurashtra including Luni Basin,Luni Lower,watershed,B20LUL33,Watershed B20LUL33,watershed||B20LUL33,,West flowing rivers of Kutch and Saurashtra including Luni Basin,Luni Lower,328.5997,1.08,100.0
subbasin,LUL,Luni Lower,subbasin||LUL,,West flowing rivers of Kutch and Saurashtra including Luni Basin,Luni Lower,watershed,B20LUL34,Watershed B20LUL34,watershed||B20LUL34,,West flowing rivers of Kutch and Saurashtra including Luni Basin,Luni Lower,988.5092,3.26,100.0
subbasin,LUL,Luni Lower,subbasin||LUL,,West flowing rivers of Kutch and Saurashtra including Luni Basin,Luni Lower,watershed,B20LUL35,Watershed B20LUL35,watershed||B20LUL35,,West flowing rivers of Kutch and Saurashtra including Luni Basin,Luni Lower,696.6952,2.3,100.0
subbasin,LUL,Luni Lower,subbasin||LUL,,West flowing rivers of Kutch and Saurashtra including Luni Basin,Luni Lower,watershed,B20LUL36,Watershed B20LUL36,watershed||B20LUL36,,West flowing rivers of Kutch and Saurashtra including Luni Basin,Luni Lower,652.5792,2.15,100.0
subbasin,LUL,Luni Lower,subbasin||LUL,,West flowing rivers of Kutch and Saurashtra including Luni Basin,Luni Lower,watershed,B20LUL37,Watershed B20LUL37,watershed||B20LUL37,,West flowing rivers of Kutch and Saurashtra including Luni Basin,Luni Lower,742.0232,2.44,100.0
subbasin,LUL,Luni Lower,subbasin||LUL,,West flowing rivers of Kutch and Saurashtra including Luni Basin,Luni Lower,watershed,B20LUL38,Watershed B20LUL38,watershed||B20LUL38,,West flowing rivers of Kutch and Saurashtra including Luni Basin,Luni Lower,998.0601,3.29,100.0
subbasin,LUL,Luni Lower,subbasin||LUL,,West flowing rivers of Kutch and Saurashtra including Luni Basin,Luni Lower,watershed,B20LUL39,Watershed B20LUL39,watershed||B20LUL39,,West flowing rivers of Kutch and Saurashtra including Luni Basin,Luni Lower,693.2627,2.28,100.0
subbasin,LUL,Luni Lower,subbasin||LUL,,West flowing rivers of Kutch and Saurashtra including Luni Basin,Luni Lower,watershed,B20LUL40,Watershed B20LUL40,watershed||B20LUL40,,West flowing rivers of Kutch and Saurashtra including Luni Basin,Luni Lower,525.6386,1.73,100.0
subbasin,LUL,Luni Lower,subbasin||LUL,,West flowing rivers of Kutch and Saurashtra including Luni Basin,Luni Lower,watershed,B20LUL41,Watershed B20LUL41,watershed||B20LUL41,,West flowing rivers of Kutch and Saurashtra including Luni Basin,Luni Lower,873.9158,2.88,100.0
subbasin,LUL,Luni Lower,subbasin||LUL,,West flowing rivers of Kutch and Saurashtra including Luni Basin,Luni Lower,watershed,B20LUL42,Watershed B20LUL42,watershed||B20LUL42,,West flowing rivers of Kutch and Saurashtra including Luni Basin,Luni Lower,590.8411,1.95,100.0
subbasin,LUU,Luni Upper,subbasin||LUU,,West flowing rivers of Kutch and Saurashtra including Luni Basin,Luni Upper,watershed,B20LUU01,Watershed B20LUU01,watershed||B20LUU01,,West flowing rivers of Kutch and Saurashtra including Luni Basin,Luni Upper,607.2124,0.83,100.0
subbasin,LUU,Luni Upper,subbasin||LUU,,West flowing rivers of Kutch and Saurashtra including Luni Basin,Luni Upper,watershed,B20LUU02,Watershed B20LUU02,watershed||B20LUU02,,West flowing rivers of Kutch and Saurashtra including Luni Basin,Luni Upper,902.2797,1.24,100.0
subbasin,LUU,Luni Upper,subbasin||LUU,,West flowing rivers of Kutch and Saurashtra including Luni Basin,Luni Upper,watershed,B20LUU03,Watershed B20LUU03,watershed||B20LUU03,,West flowing rivers of Kutch and Saurashtra including Luni Basin,Luni Upper,989.9528,1.36,100.0
subbasin,LUU,Luni Upper,subbasin||LUU,,West flowing rivers of Kutch and Saurashtra including Luni Basin,Luni Upper,watershed,B20LUU04,Watershed B20LUU04,watershed||B20LUU04,,West flowing rivers of Kutch and Saurashtra including Luni Basin,Luni Upper,619.9627,0.85,100.0
subbasin,LUU,Luni Upper,subbasin||LUU,,West flowing rivers of Kutch and Saurashtra including Luni Basin,Luni Upper,watershed,B20LUU05,Watershed B20LUU05,watershed||B20LUU05,,West flowing rivers of Kutch and Saurashtra including Luni Basin,Luni Upper,655.8649,0.9,100.0
subbasin,LUU,Luni Upper,subbasin||LUU,,West flowing rivers of Kutch and Saurashtra including Luni Basin,Luni Upper,watershed,B20LUU06,Watershed B20LUU06,watershed||B20LUU06,,West flowing rivers of Kutch and Saurashtra including Luni Basin,Luni Upper,853.5833,1.17,100.0
subbasin,LUU,Luni Upper,subbasin||LUU,,West flowing rivers of Kutch and Saurashtra including Luni Basin,Luni Upper,watershed,B20LUU07,Watershed B20LUU07,watershed||B20LUU07,,West flowing rivers of Kutch and Saurashtra including Luni Basin,Luni Upper,904.3646,1.24,100.0
subbasin,LUU,Luni Upper,subbasin||LUU,,West flowing rivers of Kutch and Saurashtra including Luni Basin,Luni Upper,watershed,B20LUU08,Watershed B20LUU08,watershed||B20LUU08,,West flowing rivers of Kutch and Saurashtra including Luni Basin,Luni Upper,740.8455,1.02,100.0
subbasin,LUU,Luni Upper,subbasin||LUU,,West flowing rivers of Kutch and Saurashtra including Luni Basin,Luni Upper,watershed,B20LUU09,Watershed B20LUU09,watershed||B20LUU09,,West flowing rivers of Kutch and Saurashtra including Luni Basin,Luni Upper,723.2571,0.99,100.0
subbasin,LUU,Luni Upper,subbasin||LUU,,West flowing rivers of Kutch and Saurashtra including Luni Basin,Luni Upper,watershed,B20LUU10,Watershed B20LUU10,watershed||B20LUU10,,West flowing rivers of Kutch and Saurashtra including Luni Basin,Luni Upper,832.5007,1.14,100.0
subbasin,LUU,Luni Upper,subbasin||LUU,,West flowing rivers of Kutch and Saurashtra including Luni Basin,Luni Upper,watershed,B20LUU11,Watershed B20LUU11,watershed||B20LUU11,,West flowing rivers of Kutch and Saurashtra including Luni Basin,Luni Upper,584.3525,0.8,100.0
subbasin,LUU,Luni Upper,subbasin||LUU,,West flowing rivers of Kutch and Saurashtra including Luni Basin,Luni Upper,watershed,B20LUU12,Watershed B20LUU12,watershed||B20LUU12,,West flowing rivers of Kutch and Saurashtra including Luni Basin,Luni Upper,850.0139,1.17,100.0
subbasin,LUU,Luni Upper,subbasin||LUU,,West flowing rivers of Kutch and Saurashtra including Luni Basin,Luni Upper,watershed,B20LUU13,Watershed B20LUU13,watershed||B20LUU13,,West flowing rivers of Kutch and Saurashtra including Luni Basin,Luni Upper,704.4806,0.97,100.0
subbasin,LUU,Luni Upper,subbasin||LUU,,West flowing rivers of Kutch and Saurashtra including Luni Basin,Luni Upper,watershed,B20LUU14,Watershed B20LUU14,watershed||B20LUU14,,West flowing rivers of Kutch and Saurashtra including Luni Basin,Luni Upper,677.1266,0.93,100.0
subbasin,LUU,Luni Upper,subbasin||LUU,,West flowing rivers of Kutch and Saurashtra including Luni Basin,Luni Upper,watershed,B20LUU15,Watershed B20LUU15,watershed||B20LUU15,,West flowing rivers of Kutch and Saurashtra including Luni Basin,Luni Upper,1196.8902,1.64,100.0
subbasin,LUU,Luni Upper,subbasin||LUU,,West flowing rivers of Kutch and Saurashtra including Luni Basin,Luni Upper,watershed,B20LUU16,Watershed B20LUU16,watershed||B20LUU16,,West flowing rivers of Kutch and Saurashtra including Luni Basin,Luni Upper,799.3036,1.1,100.0
subbasin,LUU,Luni Upper,subbasin||LUU,,West flowing rivers of Kutch and Saurashtra including Luni Basin,Luni Upper,watershed,B20LUU17,Watershed B20LUU17,watershed||B20LUU17,,West flowing rivers of Kutch and Saurashtra including Luni Basin,Luni Upper,859.3678,1.18,100.0
subbasin,LUU,Luni Upper,subbasin||LUU,,West flowing rivers of Kutch and Saurashtra including Luni Basin,Luni Upper,watershed,B20LUU18,Watershed B20LUU18,watershed||B20LUU18,,West flowing rivers of Kutch and Saurashtra including Luni Basin,Luni Upper,873.4195,1.2,100.0
subbasin,LUU,Luni Upper,subbasin||LUU,,West flowing rivers of Kutch and Saurashtra including Luni Basin,Luni Upper,watershed,B20LUU19,Watershed B20LUU19,watershed||B20LUU19,,West flowing rivers of Kutch and Saurashtra including Luni Basin,Luni Upper,743.7323,1.02,100.0
subbasin,LUU,Luni Upper,subbasin||LUU,,West flowing rivers of Kutch and Saurashtra including Luni Basin,Luni Upper,watershed,B20LUU20,Watershed B20LUU20,watershed||B20LUU20,,West flowing rivers of Kutch and Saurashtra including Luni Basin,Luni Upper,843.564,1.16,100.0
subbasin,LUU,Luni Upper,subbasin||LUU,,West flowing rivers of Kutch and Saurashtra including Luni Basin,Luni Upper,watershed,B20LUU21,Watershed B20LUU21,watershed||B20LUU21,,West flowing rivers of Kutch and Saurashtra including Luni Basin,Luni Upper,1004.1164,1.38,100.0
subbasin,LUU,Luni Upper,subbasin||LUU,,West flowing rivers of Kutch and Saurashtra including Luni Basin,Luni Upper,watershed,B20LUU22,Watershed B20LUU22,watershed||B20LUU22,,West flowing rivers of Kutch and Saurashtra including Luni Basin,Luni Upper,542.8129,0.74,100.0
subbasin,LUU,Luni Upper,subbasin||LUU,,West flowing rivers of Kutch and Saurashtra including Luni Basin,Luni Upper,watershed,B20LUU23,Watershed B20LUU23,watershed||B20LUU23,,West flowing rivers of Kutch and Saurashtra including Luni Basin,Luni Upper,682.4728,0.94,100.0
subbasin,LUU,Luni Upper,subbasin||LUU,,West flowing rivers of Kutch and Saurashtra including Luni Basin,Luni Upper,watershed,B20LUU24,Watershed B20LUU24,watershed||B20LUU24,,West flowing rivers of Kutch and Saurashtra including Luni Basin,Luni Upper,1000.2397,1.37,100.0
subbasin,LUU,Luni Upper,subbasin||LUU,,West flowing rivers of Kutch and Saurashtra including Luni Basin,Luni Upper,watershed,B20LUU25,Watershed B20LUU25,watershed||B20LUU25,,West flowing rivers of Kutch and Saurashtra including Luni Basin,Luni Upper,616.6089,0.85,100.0
subbasin,LUU,Luni Upper,subbasin||LUU,,West flowing rivers of Kutch and Saurashtra including Luni Basin,Luni Upper,watershed,B20LUU26,Watershed B20LUU26,watershed||B20LUU26,,West flowing rivers of Kutch and Saurashtra including Luni Basin,Luni Upper,968.371,1.33,100.0
subbasin,LUU,Luni Upper,subbasin||LUU,,West flowing rivers of Kutch and Saurashtra including Luni Basin,Luni Upper,watershed,B20LUU27,Watershed B20LUU27,watershed||B20LUU27,,West flowing rivers of Kutch and Saurashtra including Luni Basin,Luni Upper,995.6774,1.37,100.0
subbasin,LUU,Luni Upper,subbasin||LUU,,West flowing rivers of Kutch and Saurashtra including Luni Basin,Luni Upper,watershed,B20LUU28,Watershed B20LUU28,watershed||B20LUU28,,West flowing rivers of Kutch and Saurashtra including Luni Basin,Luni Upper,738.9401,1.01,100.0
subbasin,LUU,Luni Upper,subbasin||LUU,,West flowing rivers of Kutch and Saurashtra including Luni Basin,Luni Upper,watershed,B20LUU29,Watershed B20LUU29,watershed||B20LUU29,,West flowing rivers of Kutch and Saurashtra including Luni Basin,Luni Upper,626.5708,0.86,100.0
subbasin,LUU,Luni Upper,subbasin||LUU,,West flowing rivers of Kutch and Saurashtra including Luni Basin,Luni Upper,watershed,B20LUU30,Watershed B20LUU30,watershed||B20LUU30,,West flowing rivers of Kutch and Saurashtra including Luni Basin,Luni Upper,847.447,1.16,100.0
subbasin,LUU,Luni Upper,subbasin||LUU,,West flowing rivers of Kutch and Saurashtra including Luni Basin,Luni Upper,watershed,B20LUU31,Watershed B20LUU31,watershed||B20LUU31,,West flowing rivers of Kutch and Saurashtra including Luni Basin,Luni Upper,759.9261,1.04,100.0
subbasin,LUU,Luni Upper,subbasin||LUU,,West flowing rivers of Kutch and Saurashtra including Luni Basin,Luni Upper,watershed,B20LUU32,Watershed B20LUU32,watershed||B20LUU32,,West flowing rivers of Kutch and Saurashtra including Luni Basin,Luni Upper,776.363,1.06,100.0
subbasin,LUU,Luni Upper,subbasin||LUU,,West flowing rivers of Kutch and Saurashtra including Luni Basin,Luni Upper,watershed,B20LUU33,Watershed B20LUU33,watershed||B20LUU33,,West flowing rivers of Kutch and Saurashtra including Luni Basin,Luni Upper,891.8024,1.22,100.0
subbasin,LUU,Luni Upper,subbasin||LUU,,West flowing rivers of Kutch and Saurashtra including Luni Basin,Luni Upper,watershed,B20LUU34,Watershed B20LUU34,watershed||B20LUU34,,West flowing rivers of Kutch and Saurashtra including Luni Basin,Luni Upper,873.7459,1.2,100.0
subbasin,LUU,Luni Upper,subbasin||LUU,,West flowing rivers of Kutch and Saurashtra including Luni Basin,Luni Upper,watershed,B20LUU35,Watershed B20LUU35,watershed||B20LUU35,,West flowing rivers of Kutch and Saurashtra including Luni Basin,Luni Upper,846.6815,1.16,100.0
subbasin,LUU,Luni Upper,subbasin||LUU,,West flowing rivers of Kutch and Saurashtra including Luni Basin,Luni Upper,watershed,B20LUU36,Watershed B20LUU36,watershed||B20LUU36,,West flowing rivers of Kutch and Saurashtra including Luni Basin,Luni Upper,534.474,0.73,100.0
subbasin,LUU,Luni Upper,subbasin||LUU,,West flowing rivers of Kutch and Saurashtra including Luni Basin,Luni Upper,watershed,B20LUU37,Watershed B20LUU37,watershed||B20LUU37,,West flowing rivers of Kutch and Saurashtra including Luni Basin,Luni Upper,631.225,0.87,100.0
subbasin,LUU,Luni Upper,subbasin||LUU,,West flowing rivers of Kutch and Saurashtra including Luni Basin,Luni Upper,watershed,B20LUU38,Watershed B20LUU38,watershed||B20LUU38,,West flowing rivers of Kutch and Saurashtra including Luni Basin,Luni Upper,1174.5465,1.61,100.0
subbasin,LUU,Luni Upper,subbasin||LUU,,West flowing rivers of Kutch and Saurashtra including Luni Basin,Luni Upper,watershed,B20LUU39,Watershed B20LUU39,watershed||B20LUU39,,West flowing rivers of Kutch and Saurashtra including Luni Basin,Luni Upper,902.6437,1.24,100.0
subbasin,LUU,Luni Upper,subbasin||LUU,,West flowing rivers of Kutch and Saurashtra including Luni Basin,Luni Upper,watershed,B20LUU40,Watershed B20LUU40,watershed||B20LUU40,,West flowing rivers of Kutch and Saurashtra including Luni Basin,Luni Upper,1088.0425,1.49,100.0
subbasin,LUU,Luni Upper,subbasin||LUU,,West flowing rivers of Kutch and Saurashtra including Luni Basin,Luni Upper,watershed,B20LUU41,Watershed B20LUU41,watershed||B20LUU41,,West flowing rivers of Kutch and Saurashtra including Luni Basin,Luni Upper,1059.0901,1.45,100.0
subbasin,LUU,Luni Upper,subbasin||LUU,,West flowing rivers of Kutch and Saurashtra including Luni Basin,Luni Upper,watershed,B20LUU42,Watershed B20LUU42,watershed||B20LUU42,,West flowing rivers of Kutch and Saurashtra including Luni Basin,Luni Upper,733.3548,1.01,100.0
subbasin,LUU,Luni Upper,subbasin||LUU,,West flowing rivers of Kutch and Saurashtra including Luni Basin,Luni Upper,watershed,B20LUU43,Watershed B20LUU43,watershed||B20LUU43,,West flowing rivers of Kutch and Saurashtra including Luni Basin,Luni Upper,751.9362,1.03,100.0
subbasin,LUU,Luni Upper,subbasin||LUU,,West flowing rivers of Kutch and Saurashtra including Luni Basin,Luni Upper,watershed,B20LUU44,Watershed B20LUU44,watershed||B20LUU44,,West flowing rivers of Kutch and Saurashtra including Luni Basin,Luni Upper,1178.3279,1.62,100.0
subbasin,LUU,Luni Upper,subbasin||LUU,,West flowing rivers of Kutch and Saurashtra including Luni Basin,Luni Upper,watershed,B20LUU45,Watershed B20LUU45,watershed||B20LUU45,,West flowing rivers of Kutch and Saurashtra including Luni Basin,Luni Upper,927.3659,1.27,100.0
subbasin,LUU,Luni Upper,subbasin||LUU,,West flowing rivers of Kutch and Saurashtra including Luni Basin,Luni Upper,watershed,B20LUU46,Watershed B20LUU46,watershed||B20LUU46,,West flowing rivers of Kutch and Saurashtra including Luni Basin,Luni Upper,1218.6996,1.67,100.0
subbasin,LUU,Luni Upper,subbasin||LUU,,West flowing rivers of Kutch and Saurashtra including Luni Basin,Luni Upper,watershed,B20LUU47,Watershed B20LUU47,watershed||B20LUU47,,West flowing rivers of Kutch and Saurashtra including Luni Basin,Luni Upper,898.7937,1.23,100.0
subbasin,LUU,Luni Upper,subbasin||LUU,,West flowing rivers of Kutch and Saurashtra including Luni Basin,Luni Upper,watershed,B20LUU48,Watershed B20LUU48,watershed||B20LUU48,,West flowing rivers of Kutch and Saurashtra including Luni Basin,Luni Upper,1418.2155,1.94,100.0
subbasin,LUU,Luni Upper,subbasin||LUU,,West flowing rivers of Kutch and Saurashtra including Luni Basin,Luni Upper,watershed,B20LUU49,Watershed B20LUU49,watershed||B20LUU49,,West flowing rivers of Kutch and Saurashtra including Luni Basin,Luni Upper,1050.1022,1.44,100.0
subbasin,LUU,Luni Upper,subbasin||LUU,,West flowing rivers of Kutch and Saurashtra including Luni Basin,Luni Upper,watershed,B20LUU50,Watershed B20LUU50,watershed||B20LUU50,,West flowing rivers of Kutch and Saurashtra including Luni Basin,Luni Upper,979.7943,1.34,100.0
subbasin,LUU,Luni Upper,subbasin||LUU,,West flowing rivers of Kutch and Saurashtra including Luni Basin,Luni Upper,watershed,B20LUU51,Watershed B20LUU51,watershed||B20LUU51,,West flowing rivers of Kutch and Saurashtra including Luni Basin,Luni Upper,879.7773,1.21,100.0
subbasin,LUU,Luni Upper,subbasin||LUU,,West flowing rivers of Kutch and Saurashtra including Luni Basin,Luni Upper,watershed,B20LUU52,Watershed B20LUU52,watershed||B20LUU52,,West flowing rivers of Kutch and Saurashtra including Luni Basin,Luni Upper,1166.0325,1.6,100.0
subbasin,LUU,Luni Upper,subbasin||LUU,,West flowing rivers of Kutch and Saurashtra including Luni Basin,Luni Upper,watershed,B20LUU53,Watershed B20LUU53,watershed||B20LUU53,,West flowing rivers of Kutch and Saurashtra including Luni Basin,Luni Upper,396.2472,0.54,100.0
subbasin,LUU,Luni Upper,subbasin||LUU,,West flowing rivers of Kutch and Saurashtra including Luni Basin,Luni Upper,watershed,B20LUU54,Watershed B20LUU54,watershed||B20LUU54,,West flowing rivers of Kutch and Saurashtra including Luni Basin,Luni Upper,603.7609,0.83,100.0
subbasin,LUU,Luni Upper,subbasin||LUU,,West flowing rivers of Kutch and Saurashtra including Luni Basin,Luni Upper,watershed,B20LUU55,Watershed B20LUU55,watershed||B20LUU55,,West flowing rivers of Kutch and Saurashtra including Luni Basin,Luni Upper,828.4403,1.14,100.0
subbasin,LUU,Luni Upper,subbasin||LUU,,West flowing rivers of Kutch and Saurashtra including Luni Basin,Luni Upper,watershed,B20LUU56,Watershed B20LUU56,watershed||B20LUU56,,West flowing rivers of Kutch and Saurashtra including Luni Basin,Luni Upper,1208.0973,1.66,100.0
subbasin,LUU,Luni Upper,subbasin||LUU,,West flowing rivers of Kutch and Saurashtra including Luni Basin,Luni Upper,watershed,B20LUU57,Watershed B20LUU57,watershed||B20LUU57,,West flowing rivers of Kutch and Saurashtra including Luni Basin,Luni Upper,944.5944,1.3,100.0
subbasin,LUU,Luni Upper,subbasin||LUU,,West flowing rivers of Kutch and Saurashtra including Luni Basin,Luni Upper,watershed,B20LUU58,Watershed B20LUU58,watershed||B20LUU58,,West flowing rivers of Kutch and Saurashtra including Luni Basin,Luni Upper,888.2267,1.22,100.0
subbasin,LUU,Luni Upper,subbasin||LUU,,West flowing rivers of Kutch and Saurashtra including Luni Basin,Luni Upper,watershed,B20LUU59,Watershed B20LUU59,watershed||B20LUU59,,West flowing rivers of Kutch and Saurashtra including Luni Basin,Luni Upper,940.509,1.29,100.0
subbasin,LUU,Luni Upper,subbasin||LUU,,West flowing rivers of Kutch and Saurashtra including Luni Basin,Luni Upper,watershed,B20LUU60,Watershed B20LUU60,watershed||B20LUU60,,West flowing rivers of Kutch and Saurashtra including Luni Basin,Luni Upper,939.3744,1.29,100.0
subbasin,LUU,Luni Upper,subbasin||LUU,,West flowing rivers of Kutch and Saurashtra including Luni Basin,Luni Upper,watershed,B20LUU61,Watershed B20LUU61,watershed||B20LUU61,,West flowing rivers of Kutch and Saurashtra including Luni Basin,Luni Upper,843.3778,1.16,100.0
subbasin,LUU,Luni Upper,subbasin||LUU,,West flowing rivers of Kutch and Saurashtra including Luni Basin,Luni Upper,watershed,B20LUU62,Watershed B20LUU62,watershed||B20LUU62,,West flowing rivers of Kutch and Saurashtra including Luni Basin,Luni Upper,1504.9163,2.06,100.0
subbasin,LUU,Luni Upper,subbasin||LUU,,West flowing rivers of Kutch and Saurashtra including Luni Basin,Luni Upper,watershed,B20LUU63,Watershed B20LUU63,watershed||B20LUU63,,West flowing rivers of Kutch and Saurashtra including Luni Basin,Luni Upper,706.1065,0.97,100.0
subbasin,LUU,Luni Upper,subbasin||LUU,,West flowing rivers of Kutch and Saurashtra including Luni Basin,Luni Upper,watershed,B20LUU64,Watershed B20LUU64,watershed||B20LUU64,,West flowing rivers of Kutch and Saurashtra including Luni Basin,Luni Upper,823.8514,1.13,100.0
subbasin,LUU,Luni Upper,subbasin||LUU,,West flowing rivers of Kutch and Saurashtra including Luni Basin,Luni Upper,watershed,B20LUU65,Watershed B20LUU65,watershed||B20LUU65,,West flowing rivers of Kutch and Saurashtra including Luni Basin,Luni Upper,886.9819,1.22,100.0
subbasin,LUU,Luni Upper,subbasin||LUU,,West flowing rivers of Kutch and Saurashtra including Luni Basin,Luni Upper,watershed,B20LUU66,Watershed B20LUU66,watershed||B20LUU66,,West flowing rivers of Kutch and Saurashtra including Luni Basin,Luni Upper,1260.0345,1.73,100.0
subbasin,LUU,Luni Upper,subbasin||LUU,,West flowing rivers of Kutch and Saurashtra including Luni Basin,Luni Upper,watershed,B20LUU67,Watershed B20LUU67,watershed||B20LUU67,,West flowing rivers of Kutch and Saurashtra including Luni Basin,Luni Upper,1256.8832,1.72,100.0
subbasin,LUU,Luni Upper,subbasin||LUU,,West flowing rivers of Kutch and Saurashtra including Luni Basin,Luni Upper,watershed,B20LUU68,Watershed B20LUU68,watershed||B20LUU68,,West flowing rivers of Kutch and Saurashtra including Luni Basin,Luni Upper,650.5312,0.89,100.0
subbasin,LUU,Luni Upper,subbasin||LUU,,West flowing rivers of Kutch and Saurashtra including Luni Basin,Luni Upper,watershed,B20LUU69,Watershed B20LUU69,watershed||B20LUU69,,West flowing rivers of Kutch and Saurashtra including Luni Basin,Luni Upper,1175.0723,1.61,100.0
subbasin,LUU,Luni Upper,subbasin||LUU,,West flowing rivers of Kutch and Saurashtra including Luni Basin,Luni Upper,watershed,B20LUU70,Watershed B20LUU70,watershed||B20LUU70,,West flowing rivers of Kutch and Saurashtra including Luni Basin,Luni Upper,765.2755,1.05,100.0
subbasin,LUU,Luni Upper,subbasin||LUU,,West flowing rivers of Kutch and Saurashtra including Luni Basin,Luni Upper,watershed,B20LUU71,Watershed B20LUU71,watershed||B20LUU71,,West flowing rivers of Kutch and Saurashtra including Luni Basin,Luni Upper,1128.6112,1.55,100.0
subbasin,LUU,Luni Upper,subbasin||LUU,,West flowing rivers of Kutch and Saurashtra including Luni Basin,Luni Upper,watershed,B20LUU72,Watershed B20LUU72,watershed||B20LUU72,,West flowing rivers of Kutch and Saurashtra including Luni Basin,Luni Upper,790.2021,1.08,100.0
subbasin,LUU,Luni Upper,subbasin||LUU,,West flowing rivers of Kutch and Saurashtra including Luni Basin,Luni Upper,watershed,B20LUU73,Watershed B20LUU73,watershed||B20LUU73,,West flowing rivers of Kutch and Saurashtra including Luni Basin,Luni Upper,1174.755,1.61,100.0
subbasin,LUU,Luni Upper,subbasin||LUU,,West flowing rivers of Kutch and Saurashtra including Luni Basin,Luni Upper,watershed,B20LUU74,Watershed B20LUU74,watershed||B20LUU74,,West flowing rivers of Kutch and Saurashtra including Luni Basin,Luni Upper,1123.9193,1.54,100.0
subbasin,LUU,Luni Upper,subbasin||LUU,,West flowing rivers of Kutch and Saurashtra including Luni Basin,Luni Upper,watershed,B20LUU75,Watershed B20LUU75,watershed||B20LUU75,,West flowing rivers of Kutch and Saurashtra including Luni Basin,Luni Upper,874.1042,1.2,100.0
subbasin,LUU,Luni Upper,subbasin||LUU,,West flowing rivers of Kutch and Saurashtra including Luni Basin,Luni Upper,watershed,B20LUU76,Watershed B20LUU76,watershed||B20LUU76,,West flowing rivers of Kutch and Saurashtra including Luni Basin,Luni Upper,1135.425,1.56,100.0
subbasin,LUU,Luni Upper,subbasin||LUU,,West flowing rivers of Kutch and Saurashtra including Luni Basin,Luni Upper,watershed,B20LUU77,Watershed B20LUU77,watershed||B20LUU77,,West flowing rivers of Kutch and Saurashtra including Luni Basin,Luni Upper,1153.9311,1.58,100.0
subbasin,LUU,Luni Upper,subbasin||LUU,,West flowing rivers of Kutch and Saurashtra including Luni Basin,Luni Upper,watershed,B20LUU78,Watershed B20LUU78,watershed||B20LUU78,,West flowing rivers of Kutch and Saurashtra including Luni Basin,Luni Upper,768.6302,1.05,100.0
subbasin,LUU,Luni Upper,subbasin||LUU,,West flowing rivers of Kutch and Saurashtra including Luni Basin,Luni Upper,watershed,B20LUU79,Watershed B20LUU79,watershed||B20LUU79,,West flowing rivers of Kutch and Saurashtra including Luni Basin,Luni Upper,1409.6865,1.93,100.0
subbasin,LUU,Luni Upper,subbasin||LUU,,West flowing rivers of Kutch and Saurashtra including Luni Basin,Luni Upper,watershed,B20LUU80,Watershed B20LUU80,watershed||B20LUU80,,West flowing rivers of Kutch and Saurashtra including Luni Basin,Luni Upper,772.0618,1.06,100.0
subbasin,LUU,Luni Upper,subbasin||LUU,,West flowing rivers of Kutch and Saurashtra including Luni Basin,Luni Upper,watershed,B20LUU81,Watershed B20LUU81,watershed||B20LUU81,,West flowing rivers of Kutch and Saurashtra including Luni Basin,Luni Upper,1252.4768,1.72,100.0
subbasin,MAL,Mahanadi Lower,subbasin||MAL,,Mahanadi Basin,Mahanadi Lower,watershed,C08MAL01,Watershed C08MAL01,watershed||C08MAL01,,Mahanadi Basin,Mahanadi Lower,631.2263,1.05,100.0
subbasin,MAL,Mahanadi Lower,subbasin||MAL,,Mahanadi Basin,Mahanadi Lower,watershed,C08MAL02,Watershed C08MAL02,watershed||C08MAL02,,Mahanadi Basin,Mahanadi Lower,338.1573,0.56,100.0
subbasin,MAL,Mahanadi Lower,subbasin||MAL,,Mahanadi Basin,Mahanadi Lower,watershed,C08MAL03,Watershed C08MAL03,watershed||C08MAL03,,Mahanadi Basin,Mahanadi Lower,582.8482,0.97,100.0
subbasin,MAL,Mahanadi Lower,subbasin||MAL,,Mahanadi Basin,Mahanadi Lower,watershed,C08MAL04,Watershed C08MAL04,watershed||C08MAL04,,Mahanadi Basin,Mahanadi Lower,582.7881,0.97,100.0
subbasin,MAL,Mahanadi Lower,subbasin||MAL,,Mahanadi Basin,Mahanadi Lower,watershed,C08MAL05,Watershed C08MAL05,watershed||C08MAL05,,Mahanadi Basin,Mahanadi Lower,419.8236,0.7,100.0
subbasin,MAL,Mahanadi Lower,subbasin||MAL,,Mahanadi Basin,Mahanadi Lower,watershed,C08MAL06,Watershed C08MAL06,watershed||C08MAL06,,Mahanadi Basin,Mahanadi Lower,427.0806,0.71,100.0
subbasin,MAL,Mahanadi Lower,subbasin||MAL,,Mahanadi Basin,Mahanadi Lower,watershed,C08MAL07,Watershed C08MAL07,watershed||C08MAL07,,Mahanadi Basin,Mahanadi Lower,522.7124,0.87,100.0
subbasin,MAL,Mahanadi Lower,subbasin||MAL,,Mahanadi Basin,Mahanadi Lower,watershed,C08MAL08,Watershed C08MAL08,watershed||C08MAL08,,Mahanadi Basin,Mahanadi Lower,728.8679,1.21,100.0
subbasin,MAL,Mahanadi Lower,subbasin||MAL,,Mahanadi Basin,Mahanadi Lower,watershed,C08MAL09,Watershed C08MAL09,watershed||C08MAL09,,Mahanadi Basin,Mahanadi Lower,415.7592,0.69,100.0
subbasin,MAL,Mahanadi Lower,subbasin||MAL,,Mahanadi Basin,Mahanadi Lower,watershed,C08MAL10,Watershed C08MAL10,watershed||C08MAL10,,Mahanadi Basin,Mahanadi Lower,554.392,0.92,100.0
subbasin,MAL,Mahanadi Lower,subbasin||MAL,,Mahanadi Basin,Mahanadi Lower,watershed,C08MAL11,Watershed C08MAL11,watershed||C08MAL11,,Mahanadi Basin,Mahanadi Lower,677.4636,1.13,100.0
subbasin,MAL,Mahanadi Lower,subbasin||MAL,,Mahanadi Basin,Mahanadi Lower,watershed,C08MAL12,Watershed C08MAL12,watershed||C08MAL12,,Mahanadi Basin,Mahanadi Lower,721.9405,1.2,100.0
subbasin,MAL,Mahanadi Lower,subbasin||MAL,,Mahanadi Basin,Mahanadi Lower,watershed,C08MAL13,Watershed C08MAL13,watershed||C08MAL13,,Mahanadi Basin,Mahanadi Lower,403.1883,0.67,100.0
subbasin,MAL,Mahanadi Lower,subbasin||MAL,,Mahanadi Basin,Mahanadi Lower,watershed,C08MAL14,Watershed C08MAL14,watershed||C08MAL14,,Mahanadi Basin,Mahanadi Lower,575.4633,0.96,100.0
subbasin,MAL,Mahanadi Lower,subbasin||MAL,,Mahanadi Basin,Mahanadi Lower,watershed,C08MAL15,Watershed C08MAL15,watershed||C08MAL15,,Mahanadi Basin,Mahanadi Lower,581.566,0.97,100.0
subbasin,MAL,Mahanadi Lower,subbasin||MAL,,Mahanadi Basin,Mahanadi Lower,watershed,C08MAL16,Watershed C08MAL16,watershed||C08MAL16,,Mahanadi Basin,Mahanadi Lower,610.655,1.02,100.0
subbasin,MAL,Mahanadi Lower,subbasin||MAL,,Mahanadi Basin,Mahanadi Lower,watershed,C08MAL17,Watershed C08MAL17,watershed||C08MAL17,,Mahanadi Basin,Mahanadi Lower,483.7278,0.81,100.0
subbasin,MAL,Mahanadi Lower,subbasin||MAL,,Mahanadi Basin,Mahanadi Lower,watershed,C08MAL18,Watershed C08MAL18,watershed||C08MAL18,,Mahanadi Basin,Mahanadi Lower,454.2928,0.76,100.0
subbasin,MAL,Mahanadi Lower,subbasin||MAL,,Mahanadi Basin,Mahanadi Lower,watershed,C08MAL19,Watershed C08MAL19,watershed||C08MAL19,,Mahanadi Basin,Mahanadi Lower,486.8124,0.81,100.0
subbasin,MAL,Mahanadi Lower,subbasin||MAL,,Mahanadi Basin,Mahanadi Lower,watershed,C08MAL20,Watershed C08MAL20,watershed||C08MAL20,,Mahanadi Basin,Mahanadi Lower,625.0305,1.04,100.0
subbasin,MAL,Mahanadi Lower,subbasin||MAL,,Mahanadi Basin,Mahanadi Lower,watershed,C08MAL21,Watershed C08MAL21,watershed||C08MAL21,,Mahanadi Basin,Mahanadi Lower,423.6129,0.71,100.0
subbasin,MAL,Mahanadi Lower,subbasin||MAL,,Mahanadi Basin,Mahanadi Lower,watershed,C08MAL22,Watershed C08MAL22,watershed||C08MAL22,,Mahanadi Basin,Mahanadi Lower,548.5721,0.91,100.0
subbasin,MAL,Mahanadi Lower,subbasin||MAL,,Mahanadi Basin,Mahanadi Lower,watershed,C08MAL23,Watershed C08MAL23,watershed||C08MAL23,,Mahanadi Basin,Mahanadi Lower,468.8568,0.78,100.0
subbasin,MAL,Mahanadi Lower,subbasin||MAL,,Mahanadi Basin,Mahanadi Lower,watershed,C08MAL24,Watershed C08MAL24,watershed||C08MAL24,,Mahanadi Basin,Mahanadi Lower,762.3892,1.27,100.0
subbasin,MAL,Mahanadi Lower,subbasin||MAL,,Mahanadi Basin,Mahanadi Lower,watershed,C08MAL25,Watershed C08MAL25,watershed||C08MAL25,,Mahanadi Basin,Mahanadi Lower,765.1798,1.27,100.0
subbasin,MAL,Mahanadi Lower,subbasin||MAL,,Mahanadi Basin,Mahanadi Lower,watershed,C08MAL26,Watershed C08MAL26,watershed||C08MAL26,,Mahanadi Basin,Mahanadi Lower,811.3456,1.35,100.0
subbasin,MAL,Mahanadi Lower,subbasin||MAL,,Mahanadi Basin,Mahanadi Lower,watershed,C08MAL27,Watershed C08MAL27,watershed||C08MAL27,,Mahanadi Basin,Mahanadi Lower,771.05,1.28,100.0
subbasin,MAL,Mahanadi Lower,subbasin||MAL,,Mahanadi Basin,Mahanadi Lower,watershed,C08MAL28,Watershed C08MAL28,watershed||C08MAL28,,Mahanadi Basin,Mahanadi Lower,403.1981,0.67,100.0
subbasin,MAL,Mahanadi Lower,subbasin||MAL,,Mahanadi Basin,Mahanadi Lower,watershed,C08MAL29,Watershed C08MAL29,watershed||C08MAL29,,Mahanadi Basin,Mahanadi Lower,684.898,1.14,100.0
subbasin,MAL,Mahanadi Lower,subbasin||MAL,,Mahanadi Basin,Mahanadi Lower,watershed,C08MAL30,Watershed C08MAL30,watershed||C08MAL30,,Mahanadi Basin,Mahanadi Lower,331.5255,0.55,100.0
subbasin,MAL,Mahanadi Lower,subbasin||MAL,,Mahanadi Basin,Mahanadi Lower,watershed,C08MAL31,Watershed C08MAL31,watershed||C08MAL31,,Mahanadi Basin,Mahanadi Lower,686.156,1.14,100.0
subbasin,MAL,Mahanadi Lower,subbasin||MAL,,Mahanadi Basin,Mahanadi Lower,watershed,C08MAL32,Watershed C08MAL32,watershed||C08MAL32,,Mahanadi Basin,Mahanadi Lower,566.1666,0.94,100.0
subbasin,MAL,Mahanadi Lower,subbasin||MAL,,Mahanadi Basin,Mahanadi Lower,watershed,C08MAL33,Watershed C08MAL33,watershed||C08MAL33,,Mahanadi Basin,Mahanadi Lower,447.9936,0.75,100.0
subbasin,MAL,Mahanadi Lower,subbasin||MAL,,Mahanadi Basin,Mahanadi Lower,watershed,C08MAL34,Watershed C08MAL34,watershed||C08MAL34,,Mahanadi Basin,Mahanadi Lower,640.5991,1.07,100.0
subbasin,MAL,Mahanadi Lower,subbasin||MAL,,Mahanadi Basin,Mahanadi Lower,watershed,C08MAL35,Watershed C08MAL35,watershed||C08MAL35,,Mahanadi Basin,Mahanadi Lower,447.3132,0.74,100.0
subbasin,MAL,Mahanadi Lower,subbasin||MAL,,Mahanadi Basin,Mahanadi Lower,watershed,C08MAL36,Watershed C08MAL36,watershed||C08MAL36,,Mahanadi Basin,Mahanadi Lower,692.8433,1.15,100.0
subbasin,MAL,Mahanadi Lower,subbasin||MAL,,Mahanadi Basin,Mahanadi Lower,watershed,C08MAL37,Watershed C08MAL37,watershed||C08MAL37,,Mahanadi Basin,Mahanadi Lower,477.4201,0.8,100.0
subbasin,MAL,Mahanadi Lower,subbasin||MAL,,Mahanadi Basin,Mahanadi Lower,watershed,C08MAL38,Watershed C08MAL38,watershed||C08MAL38,,Mahanadi Basin,Mahanadi Lower,539.1962,0.9,100.0
subbasin,MAL,Mahanadi Lower,subbasin||MAL,,Mahanadi Basin,Mahanadi Lower,watershed,C08MAL39,Watershed C08MAL39,watershed||C08MAL39,,Mahanadi Basin,Mahanadi Lower,623.8791,1.04,100.0
subbasin,MAL,Mahanadi Lower,subbasin||MAL,,Mahanadi Basin,Mahanadi Lower,watershed,C08MAL40,Watershed C08MAL40,watershed||C08MAL40,,Mahanadi Basin,Mahanadi Lower,740.6293,1.23,100.0
subbasin,MAL,Mahanadi Lower,subbasin||MAL,,Mahanadi Basin,Mahanadi Lower,watershed,C08MAL41,Watershed C08MAL41,watershed||C08MAL41,,Mahanadi Basin,Mahanadi Lower,746.3868,1.24,100.0
subbasin,MAL,Mahanadi Lower,subbasin||MAL,,Mahanadi Basin,Mahanadi Lower,watershed,C08MAL42,Watershed C08MAL42,watershed||C08MAL42,,Mahanadi Basin,Mahanadi Lower,887.3513,1.48,100.0
subbasin,MAL,Mahanadi Lower,subbasin||MAL,,Mahanadi Basin,Mahanadi Lower,watershed,C08MAL43,Watershed C08MAL43,watershed||C08MAL43,,Mahanadi Basin,Mahanadi Lower,682.0481,1.14,100.0
subbasin,MAL,Mahanadi Lower,subbasin||MAL,,Mahanadi Basin,Mahanadi Lower,watershed,C08MAL44,Watershed C08MAL44,watershed||C08MAL44,,Mahanadi Basin,Mahanadi Lower,673.5027,1.12,100.0
subbasin,MAL,Mahanadi Lower,subbasin||MAL,,Mahanadi Basin,Mahanadi Lower,watershed,C08MAL45,Watershed C08MAL45,watershed||C08MAL45,,Mahanadi Basin,Mahanadi Lower,907.819,1.51,100.0
subbasin,MAL,Mahanadi Lower,subbasin||MAL,,Mahanadi Basin,Mahanadi Lower,watershed,C08MAL46,Watershed C08MAL46,watershed||C08MAL46,,Mahanadi Basin,Mahanadi Lower,670.489,1.12,100.0
subbasin,MAL,Mahanadi Lower,subbasin||MAL,,Mahanadi Basin,Mahanadi Lower,watershed,C08MAL47,Watershed C08MAL47,watershed||C08MAL47,,Mahanadi Basin,Mahanadi Lower,574.7114,0.96,100.0
subbasin,MAL,Mahanadi Lower,subbasin||MAL,,Mahanadi Basin,Mahanadi Lower,watershed,C08MAL48,Watershed C08MAL48,watershed||C08MAL48,,Mahanadi Basin,Mahanadi Lower,404.3788,0.67,100.0
subbasin,MAL,Mahanadi Lower,subbasin||MAL,,Mahanadi Basin,Mahanadi Lower,watershed,C08MAL49,Watershed C08MAL49,watershed||C08MAL49,,Mahanadi Basin,Mahanadi Lower,670.3484,1.12,100.0
subbasin,MAL,Mahanadi Lower,subbasin||MAL,,Mahanadi Basin,Mahanadi Lower,watershed,C08MAL50,Watershed C08MAL50,watershed||C08MAL50,,Mahanadi Basin,Mahanadi Lower,690.3778,1.15,100.0
subbasin,MAL,Mahanadi Lower,subbasin||MAL,,Mahanadi Basin,Mahanadi Lower,watershed,C08MAL51,Watershed C08MAL51,watershed||C08MAL51,,Mahanadi Basin,Mahanadi Lower,463.1585,0.77,100.0
subbasin,MAL,Mahanadi Lower,subbasin||MAL,,Mahanadi Basin,Mahanadi Lower,watershed,C08MAL52,Watershed C08MAL52,watershed||C08MAL52,,Mahanadi Basin,Mahanadi Lower,766.827,1.28,100.0
subbasin,MAL,Mahanadi Lower,subbasin||MAL,,Mahanadi Basin,Mahanadi Lower,watershed,C08MAL53,Watershed C08MAL53,watershed||C08MAL53,,Mahanadi Basin,Mahanadi Lower,662.8929,1.1,100.0
subbasin,MAL,Mahanadi Lower,subbasin||MAL,,Mahanadi Basin,Mahanadi Lower,watershed,C08MAL54,Watershed C08MAL54,watershed||C08MAL54,,Mahanadi Basin,Mahanadi Lower,602.3919,1.0,100.0
subbasin,MAL,Mahanadi Lower,subbasin||MAL,,Mahanadi Basin,Mahanadi Lower,watershed,C08MAL55,Watershed C08MAL55,watershed||C08MAL55,,Mahanadi Basin,Mahanadi Lower,422.0361,0.7,100.0
subbasin,MAL,Mahanadi Lower,subbasin||MAL,,Mahanadi Basin,Mahanadi Lower,watershed,C08MAL56,Watershed C08MAL56,watershed||C08MAL56,,Mahanadi Basin,Mahanadi Lower,386.5178,0.64,100.0
subbasin,MAL,Mahanadi Lower,subbasin||MAL,,Mahanadi Basin,Mahanadi Lower,watershed,C08MAL57,Watershed C08MAL57,watershed||C08MAL57,,Mahanadi Basin,Mahanadi Lower,614.7921,1.02,100.0
subbasin,MAL,Mahanadi Lower,subbasin||MAL,,Mahanadi Basin,Mahanadi Lower,watershed,C08MAL58,Watershed C08MAL58,watershed||C08MAL58,,Mahanadi Basin,Mahanadi Lower,481.7108,0.8,100.0
subbasin,MAL,Mahanadi Lower,subbasin||MAL,,Mahanadi Basin,Mahanadi Lower,watershed,C08MAL59,Watershed C08MAL59,watershed||C08MAL59,,Mahanadi Basin,Mahanadi Lower,709.8205,1.18,100.0
subbasin,MAL,Mahanadi Lower,subbasin||MAL,,Mahanadi Basin,Mahanadi Lower,watershed,C08MAL60,Watershed C08MAL60,watershed||C08MAL60,,Mahanadi Basin,Mahanadi Lower,775.9528,1.29,100.0
subbasin,MAL,Mahanadi Lower,subbasin||MAL,,Mahanadi Basin,Mahanadi Lower,watershed,C08MAL61,Watershed C08MAL61,watershed||C08MAL61,,Mahanadi Basin,Mahanadi Lower,797.7957,1.33,100.0
subbasin,MAL,Mahanadi Lower,subbasin||MAL,,Mahanadi Basin,Mahanadi Lower,watershed,C08MAL62,Watershed C08MAL62,watershed||C08MAL62,,Mahanadi Basin,Mahanadi Lower,647.6763,1.08,100.0
subbasin,MAL,Mahanadi Lower,subbasin||MAL,,Mahanadi Basin,Mahanadi Lower,watershed,C08MAL63,Watershed C08MAL63,watershed||C08MAL63,,Mahanadi Basin,Mahanadi Lower,917.147,1.53,100.0
subbasin,MAL,Mahanadi Lower,subbasin||MAL,,Mahanadi Basin,Mahanadi Lower,watershed,C08MAL64,Watershed C08MAL64,watershed||C08MAL64,,Mahanadi Basin,Mahanadi Lower,760.3744,1.27,100.0
subbasin,MAL,Mahanadi Lower,subbasin||MAL,,Mahanadi Basin,Mahanadi Lower,watershed,C08MAL65,Watershed C08MAL65,watershed||C08MAL65,,Mahanadi Basin,Mahanadi Lower,696.3594,1.16,100.0
subbasin,MAL,Mahanadi Lower,subbasin||MAL,,Mahanadi Basin,Mahanadi Lower,watershed,C08MAL66,Watershed C08MAL66,watershed||C08MAL66,,Mahanadi Basin,Mahanadi Lower,452.2994,0.75,100.0
subbasin,MAL,Mahanadi Lower,subbasin||MAL,,Mahanadi Basin,Mahanadi Lower,watershed,C08MAL67,Watershed C08MAL67,watershed||C08MAL67,,Mahanadi Basin,Mahanadi Lower,725.8019,1.21,100.0
subbasin,MAL,Mahanadi Lower,subbasin||MAL,,Mahanadi Basin,Mahanadi Lower,watershed,C08MAL68,Watershed C08MAL68,watershed||C08MAL68,,Mahanadi Basin,Mahanadi Lower,867.6408,1.44,100.0
subbasin,MAL,Mahanadi Lower,subbasin||MAL,,Mahanadi Basin,Mahanadi Lower,watershed,C08MAL69,Watershed C08MAL69,watershed||C08MAL69,,Mahanadi Basin,Mahanadi Lower,566.8689,0.94,100.0
subbasin,MAL,Mahanadi Lower,subbasin||MAL,,Mahanadi Basin,Mahanadi Lower,watershed,C08MAL70,Watershed C08MAL70,watershed||C08MAL70,,Mahanadi Basin,Mahanadi Lower,773.1799,1.29,100.0
subbasin,MAL,Mahanadi Lower,subbasin||MAL,,Mahanadi Basin,Mahanadi Lower,watershed,C08MAL71,Watershed C08MAL71,watershed||C08MAL71,,Mahanadi Basin,Mahanadi Lower,741.3949,1.23,100.0
subbasin,MAL,Mahanadi Lower,subbasin||MAL,,Mahanadi Basin,Mahanadi Lower,watershed,C08MAL72,Watershed C08MAL72,watershed||C08MAL72,,Mahanadi Basin,Mahanadi Lower,554.4696,0.92,100.0
subbasin,MAL,Mahanadi Lower,subbasin||MAL,,Mahanadi Basin,Mahanadi Lower,watershed,C08MAL73,Watershed C08MAL73,watershed||C08MAL73,,Mahanadi Basin,Mahanadi Lower,766.7587,1.28,100.0
subbasin,MAL,Mahanadi Lower,subbasin||MAL,,Mahanadi Basin,Mahanadi Lower,watershed,C08MAL74,Watershed C08MAL74,watershed||C08MAL74,,Mahanadi Basin,Mahanadi Lower,508.7281,0.85,100.0
subbasin,MAL,Mahanadi Lower,subbasin||MAL,,Mahanadi Basin,Mahanadi Lower,watershed,C08MAL75,Watershed C08MAL75,watershed||C08MAL75,,Mahanadi Basin,Mahanadi Lower,793.9747,1.32,100.0
subbasin,MAL,Mahanadi Lower,subbasin||MAL,,Mahanadi Basin,Mahanadi Lower,watershed,C08MAL76,Watershed C08MAL76,watershed||C08MAL76,,Mahanadi Basin,Mahanadi Lower,650.6025,1.08,100.0
subbasin,MAL,Mahanadi Lower,subbasin||MAL,,Mahanadi Basin,Mahanadi Lower,watershed,C08MAL77,Watershed C08MAL77,watershed||C08MAL77,,Mahanadi Basin,Mahanadi Lower,887.0796,1.48,100.0
subbasin,MAL,Mahanadi Lower,subbasin||MAL,,Mahanadi Basin,Mahanadi Lower,watershed,C08MAL78,Watershed C08MAL78,watershed||C08MAL78,,Mahanadi Basin,Mahanadi Lower,916.4217,1.53,100.0
subbasin,MAL,Mahanadi Lower,subbasin||MAL,,Mahanadi Basin,Mahanadi Lower,watershed,C08MAL79,Watershed C08MAL79,watershed||C08MAL79,,Mahanadi Basin,Mahanadi Lower,623.3998,1.04,100.0
subbasin,MAL,Mahanadi Lower,subbasin||MAL,,Mahanadi Basin,Mahanadi Lower,watershed,C08MAL80,Watershed C08MAL80,watershed||C08MAL80,,Mahanadi Basin,Mahanadi Lower,1196.982,1.99,100.0
subbasin,MAL,Mahanadi Lower,subbasin||MAL,,Mahanadi Basin,Mahanadi Lower,watershed,C08MAL81,Watershed C08MAL81,watershed||C08MAL81,,Mahanadi Basin,Mahanadi Lower,1140.8398,1.9,100.0
subbasin,MAL,Mahanadi Lower,subbasin||MAL,,Mahanadi Basin,Mahanadi Lower,watershed,C08MAL82,Watershed C08MAL82,watershed||C08MAL82,,Mahanadi Basin,Mahanadi Lower,962.1524,1.6,100.0
subbasin,MAL,Mahanadi Lower,subbasin||MAL,,Mahanadi Basin,Mahanadi Lower,watershed,C08MAL83,Watershed C08MAL83,watershed||C08MAL83,,Mahanadi Basin,Mahanadi Lower,848.0526,1.41,100.0
subbasin,MAL,Mahanadi Lower,subbasin||MAL,,Mahanadi Basin,Mahanadi Lower,watershed,C08MAL84,Watershed C08MAL84,watershed||C08MAL84,,Mahanadi Basin,Mahanadi Lower,470.4301,0.78,100.0
subbasin,MAL,Mahanadi Lower,subbasin||MAL,,Mahanadi Basin,Mahanadi Lower,watershed,C08MAL85,Watershed C08MAL85,watershed||C08MAL85,,Mahanadi Basin,Mahanadi Lower,986.5659,1.64,100.0
subbasin,MAL,Mahanadi Lower,subbasin||MAL,,Mahanadi Basin,Mahanadi Lower,watershed,C08MAL86,Watershed C08MAL86,watershed||C08MAL86,,Mahanadi Basin,Mahanadi Lower,760.9876,1.27,100.0
subbasin,MAL,Mahanadi Lower,subbasin||MAL,,Mahanadi Basin,Mahanadi Lower,watershed,C08MAL87,Watershed C08MAL87,watershed||C08MAL87,,Mahanadi Basin,Mahanadi Lower,1508.649,2.51,100.0
subbasin,MAL,Mahanadi Lower,subbasin||MAL,,Mahanadi Basin,Mahanadi Lower,watershed,C08MAL88,Watershed C08MAL88,watershed||C08MAL88,,Mahanadi Basin,Mahanadi Lower,634.5729,1.06,100.0
subbasin,MAL,Mahanadi Lower,subbasin||MAL,,Mahanadi Basin,Mahanadi Lower,watershed,C08MAL89,Watershed C08MAL89,watershed||C08MAL89,,Mahanadi Basin,Mahanadi Lower,771.8581,1.29,100.0
subbasin,MAL,Mahanadi Lower,subbasin||MAL,,Mahanadi Basin,Mahanadi Lower,watershed,C08MAL90,Watershed C08MAL90,watershed||C08MAL90,,Mahanadi Basin,Mahanadi Lower,926.4912,1.54,100.0
subbasin,MAL,Mahanadi Lower,subbasin||MAL,,Mahanadi Basin,Mahanadi Lower,watershed,C08MAL91,Watershed C08MAL91,watershed||C08MAL91,,Mahanadi Basin,Mahanadi Lower,744.3292,1.24,100.0
subbasin,MAM,Mahanadi Middle,subbasin||MAM,,Mahanadi Basin,Mahanadi Middle,watershed,C08MAM01,Watershed C08MAM01,watershed||C08MAM01,,Mahanadi Basin,Mahanadi Middle,691.7686,1.28,100.0
subbasin,MAM,Mahanadi Middle,subbasin||MAM,,Mahanadi Basin,Mahanadi Middle,watershed,C08MAM02,Watershed C08MAM02,watershed||C08MAM02,,Mahanadi Basin,Mahanadi Middle,543.215,1.01,100.0
subbasin,MAM,Mahanadi Middle,subbasin||MAM,,Mahanadi Basin,Mahanadi Middle,watershed,C08MAM03,Watershed C08MAM03,watershed||C08MAM03,,Mahanadi Basin,Mahanadi Middle,424.3747,0.79,100.0
subbasin,MAM,Mahanadi Middle,subbasin||MAM,,Mahanadi Basin,Mahanadi Middle,watershed,C08MAM04,Watershed C08MAM04,watershed||C08MAM04,,Mahanadi Basin,Mahanadi Middle,357.4978,0.66,100.0
subbasin,MAM,Mahanadi Middle,subbasin||MAM,,Mahanadi Basin,Mahanadi Middle,watershed,C08MAM05,Watershed C08MAM05,watershed||C08MAM05,,Mahanadi Basin,Mahanadi Middle,395.6974,0.73,100.0
subbasin,MAM,Mahanadi Middle,subbasin||MAM,,Mahanadi Basin,Mahanadi Middle,watershed,C08MAM06,Watershed C08MAM06,watershed||C08MAM06,,Mahanadi Basin,Mahanadi Middle,368.1285,0.68,100.0
subbasin,MAM,Mahanadi Middle,subbasin||MAM,,Mahanadi Basin,Mahanadi Middle,watershed,C08MAM07,Watershed C08MAM07,watershed||C08MAM07,,Mahanadi Basin,Mahanadi Middle,516.5361,0.96,100.0
subbasin,MAM,Mahanadi Middle,subbasin||MAM,,Mahanadi Basin,Mahanadi Middle,watershed,C08MAM08,Watershed C08MAM08,watershed||C08MAM08,,Mahanadi Basin,Mahanadi Middle,536.9441,1.0,100.0
subbasin,MAM,Mahanadi Middle,subbasin||MAM,,Mahanadi Basin,Mahanadi Middle,watershed,C08MAM09,Watershed C08MAM09,watershed||C08MAM09,,Mahanadi Basin,Mahanadi Middle,673.961,1.25,100.0
subbasin,MAM,Mahanadi Middle,subbasin||MAM,,Mahanadi Basin,Mahanadi Middle,watershed,C08MAM10,Watershed C08MAM10,watershed||C08MAM10,,Mahanadi Basin,Mahanadi Middle,584.3113,1.08,100.0
subbasin,MAM,Mahanadi Middle,subbasin||MAM,,Mahanadi Basin,Mahanadi Middle,watershed,C08MAM11,Watershed C08MAM11,watershed||C08MAM11,,Mahanadi Basin,Mahanadi Middle,514.9543,0.96,100.0
subbasin,MAM,Mahanadi Middle,subbasin||MAM,,Mahanadi Basin,Mahanadi Middle,watershed,C08MAM12,Watershed C08MAM12,watershed||C08MAM12,,Mahanadi Basin,Mahanadi Middle,482.1782,0.89,100.0
subbasin,MAM,Mahanadi Middle,subbasin||MAM,,Mahanadi Basin,Mahanadi Middle,watershed,C08MAM13,Watershed C08MAM13,watershed||C08MAM13,,Mahanadi Basin,Mahanadi Middle,850.3903,1.58,100.0
subbasin,MAM,Mahanadi Middle,subbasin||MAM,,Mahanadi Basin,Mahanadi Middle,watershed,C08MAM14,Watershed C08MAM14,watershed||C08MAM14,,Mahanadi Basin,Mahanadi Middle,587.8263,1.09,100.0
subbasin,MAM,Mahanadi Middle,subbasin||MAM,,Mahanadi Basin,Mahanadi Middle,watershed,C08MAM15,Watershed C08MAM15,watershed||C08MAM15,,Mahanadi Basin,Mahanadi Middle,872.3572,1.62,100.0
subbasin,MAM,Mahanadi Middle,subbasin||MAM,,Mahanadi Basin,Mahanadi Middle,watershed,C08MAM16,Watershed C08MAM16,watershed||C08MAM16,,Mahanadi Basin,Mahanadi Middle,439.6661,0.82,100.0
subbasin,MAM,Mahanadi Middle,subbasin||MAM,,Mahanadi Basin,Mahanadi Middle,watershed,C08MAM17,Watershed C08MAM17,watershed||C08MAM17,,Mahanadi Basin,Mahanadi Middle,760.8126,1.41,100.0
subbasin,MAM,Mahanadi Middle,subbasin||MAM,,Mahanadi Basin,Mahanadi Middle,watershed,C08MAM18,Watershed C08MAM18,watershed||C08MAM18,,Mahanadi Basin,Mahanadi Middle,464.9303,0.86,100.0
subbasin,MAM,Mahanadi Middle,subbasin||MAM,,Mahanadi Basin,Mahanadi Middle,watershed,C08MAM19,Watershed C08MAM19,watershed||C08MAM19,,Mahanadi Basin,Mahanadi Middle,461.2879,0.86,100.0
subbasin,MAM,Mahanadi Middle,subbasin||MAM,,Mahanadi Basin,Mahanadi Middle,watershed,C08MAM20,Watershed C08MAM20,watershed||C08MAM20,,Mahanadi Basin,Mahanadi Middle,326.9277,0.61,100.0
subbasin,MAM,Mahanadi Middle,subbasin||MAM,,Mahanadi Basin,Mahanadi Middle,watershed,C08MAM21,Watershed C08MAM21,watershed||C08MAM21,,Mahanadi Basin,Mahanadi Middle,454.0398,0.84,100.0
subbasin,MAM,Mahanadi Middle,subbasin||MAM,,Mahanadi Basin,Mahanadi Middle,watershed,C08MAM22,Watershed C08MAM22,watershed||C08MAM22,,Mahanadi Basin,Mahanadi Middle,717.4699,1.33,100.0
subbasin,MAM,Mahanadi Middle,subbasin||MAM,,Mahanadi Basin,Mahanadi Middle,watershed,C08MAM23,Watershed C08MAM23,watershed||C08MAM23,,Mahanadi Basin,Mahanadi Middle,754.173,1.4,100.0
subbasin,MAM,Mahanadi Middle,subbasin||MAM,,Mahanadi Basin,Mahanadi Middle,watershed,C08MAM24,Watershed C08MAM24,watershed||C08MAM24,,Mahanadi Basin,Mahanadi Middle,344.3947,0.64,100.0
subbasin,MAM,Mahanadi Middle,subbasin||MAM,,Mahanadi Basin,Mahanadi Middle,watershed,C08MAM25,Watershed C08MAM25,watershed||C08MAM25,,Mahanadi Basin,Mahanadi Middle,569.6679,1.06,100.0
subbasin,MAM,Mahanadi Middle,subbasin||MAM,,Mahanadi Basin,Mahanadi Middle,watershed,C08MAM26,Watershed C08MAM26,watershed||C08MAM26,,Mahanadi Basin,Mahanadi Middle,813.6464,1.51,100.0
subbasin,MAM,Mahanadi Middle,subbasin||MAM,,Mahanadi Basin,Mahanadi Middle,watershed,C08MAM27,Watershed C08MAM27,watershed||C08MAM27,,Mahanadi Basin,Mahanadi Middle,614.3703,1.14,100.0
subbasin,MAM,Mahanadi Middle,subbasin||MAM,,Mahanadi Basin,Mahanadi Middle,watershed,C08MAM28,Watershed C08MAM28,watershed||C08MAM28,,Mahanadi Basin,Mahanadi Middle,700.3005,1.3,100.0
subbasin,MAM,Mahanadi Middle,subbasin||MAM,,Mahanadi Basin,Mahanadi Middle,watershed,C08MAM29,Watershed C08MAM29,watershed||C08MAM29,,Mahanadi Basin,Mahanadi Middle,416.5793,0.77,100.0
subbasin,MAM,Mahanadi Middle,subbasin||MAM,,Mahanadi Basin,Mahanadi Middle,watershed,C08MAM30,Watershed C08MAM30,watershed||C08MAM30,,Mahanadi Basin,Mahanadi Middle,541.5076,1.0,100.0
subbasin,MAM,Mahanadi Middle,subbasin||MAM,,Mahanadi Basin,Mahanadi Middle,watershed,C08MAM31,Watershed C08MAM31,watershed||C08MAM31,,Mahanadi Basin,Mahanadi Middle,358.4107,0.67,100.0
subbasin,MAM,Mahanadi Middle,subbasin||MAM,,Mahanadi Basin,Mahanadi Middle,watershed,C08MAM32,Watershed C08MAM32,watershed||C08MAM32,,Mahanadi Basin,Mahanadi Middle,659.1581,1.22,100.0
subbasin,MAM,Mahanadi Middle,subbasin||MAM,,Mahanadi Basin,Mahanadi Middle,watershed,C08MAM33,Watershed C08MAM33,watershed||C08MAM33,,Mahanadi Basin,Mahanadi Middle,896.7001,1.66,100.0
subbasin,MAM,Mahanadi Middle,subbasin||MAM,,Mahanadi Basin,Mahanadi Middle,watershed,C08MAM34,Watershed C08MAM34,watershed||C08MAM34,,Mahanadi Basin,Mahanadi Middle,495.8854,0.92,100.0
subbasin,MAM,Mahanadi Middle,subbasin||MAM,,Mahanadi Basin,Mahanadi Middle,watershed,C08MAM35,Watershed C08MAM35,watershed||C08MAM35,,Mahanadi Basin,Mahanadi Middle,424.7153,0.79,100.0
subbasin,MAM,Mahanadi Middle,subbasin||MAM,,Mahanadi Basin,Mahanadi Middle,watershed,C08MAM36,Watershed C08MAM36,watershed||C08MAM36,,Mahanadi Basin,Mahanadi Middle,551.3032,1.02,100.0
subbasin,MAM,Mahanadi Middle,subbasin||MAM,,Mahanadi Basin,Mahanadi Middle,watershed,C08MAM37,Watershed C08MAM37,watershed||C08MAM37,,Mahanadi Basin,Mahanadi Middle,695.0196,1.29,100.0
subbasin,MAM,Mahanadi Middle,subbasin||MAM,,Mahanadi Basin,Mahanadi Middle,watershed,C08MAM38,Watershed C08MAM38,watershed||C08MAM38,,Mahanadi Basin,Mahanadi Middle,574.4249,1.07,100.0
subbasin,MAM,Mahanadi Middle,subbasin||MAM,,Mahanadi Basin,Mahanadi Middle,watershed,C08MAM39,Watershed C08MAM39,watershed||C08MAM39,,Mahanadi Basin,Mahanadi Middle,721.598,1.34,100.0
subbasin,MAM,Mahanadi Middle,subbasin||MAM,,Mahanadi Basin,Mahanadi Middle,watershed,C08MAM40,Watershed C08MAM40,watershed||C08MAM40,,Mahanadi Basin,Mahanadi Middle,845.1219,1.57,100.0
subbasin,MAM,Mahanadi Middle,subbasin||MAM,,Mahanadi Basin,Mahanadi Middle,watershed,C08MAM41,Watershed C08MAM41,watershed||C08MAM41,,Mahanadi Basin,Mahanadi Middle,474.0781,0.88,100.0
subbasin,MAM,Mahanadi Middle,subbasin||MAM,,Mahanadi Basin,Mahanadi Middle,watershed,C08MAM42,Watershed C08MAM42,watershed||C08MAM42,,Mahanadi Basin,Mahanadi Middle,735.1812,1.36,100.0
subbasin,MAM,Mahanadi Middle,subbasin||MAM,,Mahanadi Basin,Mahanadi Middle,watershed,C08MAM43,Watershed C08MAM43,watershed||C08MAM43,,Mahanadi Basin,Mahanadi Middle,887.1698,1.65,100.0
subbasin,MAM,Mahanadi Middle,subbasin||MAM,,Mahanadi Basin,Mahanadi Middle,watershed,C08MAM44,Watershed C08MAM44,watershed||C08MAM44,,Mahanadi Basin,Mahanadi Middle,512.2618,0.95,100.0
subbasin,MAM,Mahanadi Middle,subbasin||MAM,,Mahanadi Basin,Mahanadi Middle,watershed,C08MAM45,Watershed C08MAM45,watershed||C08MAM45,,Mahanadi Basin,Mahanadi Middle,547.2955,1.02,100.0
subbasin,MAM,Mahanadi Middle,subbasin||MAM,,Mahanadi Basin,Mahanadi Middle,watershed,C08MAM46,Watershed C08MAM46,watershed||C08MAM46,,Mahanadi Basin,Mahanadi Middle,534.8087,0.99,100.0
subbasin,MAM,Mahanadi Middle,subbasin||MAM,,Mahanadi Basin,Mahanadi Middle,watershed,C08MAM47,Watershed C08MAM47,watershed||C08MAM47,,Mahanadi Basin,Mahanadi Middle,882.2947,1.64,100.0
subbasin,MAM,Mahanadi Middle,subbasin||MAM,,Mahanadi Basin,Mahanadi Middle,watershed,C08MAM48,Watershed C08MAM48,watershed||C08MAM48,,Mahanadi Basin,Mahanadi Middle,641.3824,1.19,100.0
subbasin,MAM,Mahanadi Middle,subbasin||MAM,,Mahanadi Basin,Mahanadi Middle,watershed,C08MAM49,Watershed C08MAM49,watershed||C08MAM49,,Mahanadi Basin,Mahanadi Middle,677.1506,1.26,100.0
subbasin,MAM,Mahanadi Middle,subbasin||MAM,,Mahanadi Basin,Mahanadi Middle,watershed,C08MAM50,Watershed C08MAM50,watershed||C08MAM50,,Mahanadi Basin,Mahanadi Middle,937.5253,1.74,100.0
subbasin,MAM,Mahanadi Middle,subbasin||MAM,,Mahanadi Basin,Mahanadi Middle,watershed,C08MAM51,Watershed C08MAM51,watershed||C08MAM51,,Mahanadi Basin,Mahanadi Middle,357.7445,0.66,100.0
subbasin,MAM,Mahanadi Middle,subbasin||MAM,,Mahanadi Basin,Mahanadi Middle,watershed,C08MAM52,Watershed C08MAM52,watershed||C08MAM52,,Mahanadi Basin,Mahanadi Middle,617.2353,1.15,100.0
subbasin,MAM,Mahanadi Middle,subbasin||MAM,,Mahanadi Basin,Mahanadi Middle,watershed,C08MAM53,Watershed C08MAM53,watershed||C08MAM53,,Mahanadi Basin,Mahanadi Middle,372.614,0.69,100.0
subbasin,MAM,Mahanadi Middle,subbasin||MAM,,Mahanadi Basin,Mahanadi Middle,watershed,C08MAM54,Watershed C08MAM54,watershed||C08MAM54,,Mahanadi Basin,Mahanadi Middle,919.108,1.71,100.0
subbasin,MAM,Mahanadi Middle,subbasin||MAM,,Mahanadi Basin,Mahanadi Middle,watershed,C08MAM55,Watershed C08MAM55,watershed||C08MAM55,,Mahanadi Basin,Mahanadi Middle,404.3438,0.75,100.0
subbasin,MAM,Mahanadi Middle,subbasin||MAM,,Mahanadi Basin,Mahanadi Middle,watershed,C08MAM56,Watershed C08MAM56,watershed||C08MAM56,,Mahanadi Basin,Mahanadi Middle,668.9965,1.24,100.0
subbasin,MAM,Mahanadi Middle,subbasin||MAM,,Mahanadi Basin,Mahanadi Middle,watershed,C08MAM57,Watershed C08MAM57,watershed||C08MAM57,,Mahanadi Basin,Mahanadi Middle,752.8832,1.4,100.0
subbasin,MAM,Mahanadi Middle,subbasin||MAM,,Mahanadi Basin,Mahanadi Middle,watershed,C08MAM58,Watershed C08MAM58,watershed||C08MAM58,,Mahanadi Basin,Mahanadi Middle,515.5071,0.96,100.0
subbasin,MAM,Mahanadi Middle,subbasin||MAM,,Mahanadi Basin,Mahanadi Middle,watershed,C08MAM59,Watershed C08MAM59,watershed||C08MAM59,,Mahanadi Basin,Mahanadi Middle,437.4064,0.81,100.0
subbasin,MAM,Mahanadi Middle,subbasin||MAM,,Mahanadi Basin,Mahanadi Middle,watershed,C08MAM60,Watershed C08MAM60,watershed||C08MAM60,,Mahanadi Basin,Mahanadi Middle,643.4009,1.19,100.0
subbasin,MAM,Mahanadi Middle,subbasin||MAM,,Mahanadi Basin,Mahanadi Middle,watershed,C08MAM61,Watershed C08MAM61,watershed||C08MAM61,,Mahanadi Basin,Mahanadi Middle,540.4523,1.0,100.0
subbasin,MAM,Mahanadi Middle,subbasin||MAM,,Mahanadi Basin,Mahanadi Middle,watershed,C08MAM62,Watershed C08MAM62,watershed||C08MAM62,,Mahanadi Basin,Mahanadi Middle,442.3544,0.82,100.0
subbasin,MAM,Mahanadi Middle,subbasin||MAM,,Mahanadi Basin,Mahanadi Middle,watershed,C08MAM63,Watershed C08MAM63,watershed||C08MAM63,,Mahanadi Basin,Mahanadi Middle,782.3878,1.45,100.0
subbasin,MAM,Mahanadi Middle,subbasin||MAM,,Mahanadi Basin,Mahanadi Middle,watershed,C08MAM64,Watershed C08MAM64,watershed||C08MAM64,,Mahanadi Basin,Mahanadi Middle,803.2762,1.49,100.0
subbasin,MAM,Mahanadi Middle,subbasin||MAM,,Mahanadi Basin,Mahanadi Middle,watershed,C08MAM65,Watershed C08MAM65,watershed||C08MAM65,,Mahanadi Basin,Mahanadi Middle,771.148,1.43,100.0
subbasin,MAM,Mahanadi Middle,subbasin||MAM,,Mahanadi Basin,Mahanadi Middle,watershed,C08MAM66,Watershed C08MAM66,watershed||C08MAM66,,Mahanadi Basin,Mahanadi Middle,555.808,1.03,100.0
subbasin,MAM,Mahanadi Middle,subbasin||MAM,,Mahanadi Basin,Mahanadi Middle,watershed,C08MAM67,Watershed C08MAM67,watershed||C08MAM67,,Mahanadi Basin,Mahanadi Middle,470.5857,0.87,100.0
subbasin,MAM,Mahanadi Middle,subbasin||MAM,,Mahanadi Basin,Mahanadi Middle,watershed,C08MAM68,Watershed C08MAM68,watershed||C08MAM68,,Mahanadi Basin,Mahanadi Middle,312.7682,0.58,100.0
subbasin,MAM,Mahanadi Middle,subbasin||MAM,,Mahanadi Basin,Mahanadi Middle,watershed,C08MAM69,Watershed C08MAM69,watershed||C08MAM69,,Mahanadi Basin,Mahanadi Middle,624.8994,1.16,100.0
subbasin,MAM,Mahanadi Middle,subbasin||MAM,,Mahanadi Basin,Mahanadi Middle,watershed,C08MAM70,Watershed C08MAM70,watershed||C08MAM70,,Mahanadi Basin,Mahanadi Middle,682.0796,1.27,100.0
subbasin,MAM,Mahanadi Middle,subbasin||MAM,,Mahanadi Basin,Mahanadi Middle,watershed,C08MAM71,Watershed C08MAM71,watershed||C08MAM71,,Mahanadi Basin,Mahanadi Middle,781.8616,1.45,100.0
subbasin,MAM,Mahanadi Middle,subbasin||MAM,,Mahanadi Basin,Mahanadi Middle,watershed,C08MAM72,Watershed C08MAM72,watershed||C08MAM72,,Mahanadi Basin,Mahanadi Middle,696.9244,1.29,100.0
subbasin,MAM,Mahanadi Middle,subbasin||MAM,,Mahanadi Basin,Mahanadi Middle,watershed,C08MAM73,Watershed C08MAM73,watershed||C08MAM73,,Mahanadi Basin,Mahanadi Middle,607.0822,1.13,100.0
subbasin,MAM,Mahanadi Middle,subbasin||MAM,,Mahanadi Basin,Mahanadi Middle,watershed,C08MAM74,Watershed C08MAM74,watershed||C08MAM74,,Mahanadi Basin,Mahanadi Middle,513.1549,0.95,100.0
subbasin,MAM,Mahanadi Middle,subbasin||MAM,,Mahanadi Basin,Mahanadi Middle,watershed,C08MAM75,Watershed C08MAM75,watershed||C08MAM75,,Mahanadi Basin,Mahanadi Middle,609.4961,1.13,100.0
subbasin,MAM,Mahanadi Middle,subbasin||MAM,,Mahanadi Basin,Mahanadi Middle,watershed,C08MAM76,Watershed C08MAM76,watershed||C08MAM76,,Mahanadi Basin,Mahanadi Middle,921.8352,1.71,100.0
subbasin,MAM,Mahanadi Middle,subbasin||MAM,,Mahanadi Basin,Mahanadi Middle,watershed,C08MAM77,Watershed C08MAM77,watershed||C08MAM77,,Mahanadi Basin,Mahanadi Middle,799.4887,1.48,100.0
subbasin,MAM,Mahanadi Middle,subbasin||MAM,,Mahanadi Basin,Mahanadi Middle,watershed,C08MAM78,Watershed C08MAM78,watershed||C08MAM78,,Mahanadi Basin,Mahanadi Middle,592.4576,1.1,100.0
subbasin,MAM,Mahanadi Middle,subbasin||MAM,,Mahanadi Basin,Mahanadi Middle,watershed,C08MAM79,Watershed C08MAM79,watershed||C08MAM79,,Mahanadi Basin,Mahanadi Middle,583.8231,1.08,100.0
subbasin,MAM,Mahanadi Middle,subbasin||MAM,,Mahanadi Basin,Mahanadi Middle,watershed,C08MAM80,Watershed C08MAM80,watershed||C08MAM80,,Mahanadi Basin,Mahanadi Middle,922.9004,1.71,100.0
subbasin,MAM,Mahanadi Middle,subbasin||MAM,,Mahanadi Basin,Mahanadi Middle,watershed,C08MAM81,Watershed C08MAM81,watershed||C08MAM81,,Mahanadi Basin,Mahanadi Middle,767.1,1.42,100.0
subbasin,MAM,Mahanadi Middle,subbasin||MAM,,Mahanadi Basin,Mahanadi Middle,watershed,C08MAM82,Watershed C08MAM82,watershed||C08MAM82,,Mahanadi Basin,Mahanadi Middle,783.6273,1.45,100.0
subbasin,MAM,Mahanadi Middle,subbasin||MAM,,Mahanadi Basin,Mahanadi Middle,watershed,C08MAM83,Watershed C08MAM83,watershed||C08MAM83,,Mahanadi Basin,Mahanadi Middle,550.3873,1.02,100.0
subbasin,MAM,Mahanadi Middle,subbasin||MAM,,Mahanadi Basin,Mahanadi Middle,watershed,C08MAM84,Watershed C08MAM84,watershed||C08MAM84,,Mahanadi Basin,Mahanadi Middle,920.5676,1.71,100.0
subbasin,MAM,Mahanadi Middle,subbasin||MAM,,Mahanadi Basin,Mahanadi Middle,watershed,C08MAM85,Watershed C08MAM85,watershed||C08MAM85,,Mahanadi Basin,Mahanadi Middle,369.7506,0.69,100.0
subbasin,MAM,Mahanadi Middle,subbasin||MAM,,Mahanadi Basin,Mahanadi Middle,watershed,C08MAM86,Watershed C08MAM86,watershed||C08MAM86,,Mahanadi Basin,Mahanadi Middle,619.3346,1.15,100.0
subbasin,MAM,Mahanadi Middle,subbasin||MAM,,Mahanadi Basin,Mahanadi Middle,watershed,C08MAM87,Watershed C08MAM87,watershed||C08MAM87,,Mahanadi Basin,Mahanadi Middle,676.5716,1.26,100.0
subbasin,MAM,Mahanadi Middle,subbasin||MAM,,Mahanadi Basin,Mahanadi Middle,watershed,C08MAM88,Watershed C08MAM88,watershed||C08MAM88,,Mahanadi Basin,Mahanadi Middle,666.0949,1.24,100.0
subbasin,MAU,Mahanadi Upper,subbasin||MAU,,Mahanadi Basin,Mahanadi Upper,watershed,C08MAU01,Watershed C08MAU01,watershed||C08MAU01,,Mahanadi Basin,Mahanadi Upper,616.1855,1.99,100.0
subbasin,MAU,Mahanadi Upper,subbasin||MAU,,Mahanadi Basin,Mahanadi Upper,watershed,C08MAU02,Watershed C08MAU02,watershed||C08MAU02,,Mahanadi Basin,Mahanadi Upper,854.6404,2.76,100.0
subbasin,MAU,Mahanadi Upper,subbasin||MAU,,Mahanadi Basin,Mahanadi Upper,watershed,C08MAU03,Watershed C08MAU03,watershed||C08MAU03,,Mahanadi Basin,Mahanadi Upper,752.4962,2.43,100.0
subbasin,MAU,Mahanadi Upper,subbasin||MAU,,Mahanadi Basin,Mahanadi Upper,watershed,C08MAU04,Watershed C08MAU04,watershed||C08MAU04,,Mahanadi Basin,Mahanadi Upper,926.6342,3.0,100.0
subbasin,MAU,Mahanadi Upper,subbasin||MAU,,Mahanadi Basin,Mahanadi Upper,watershed,C08MAU05,Watershed C08MAU05,watershed||C08MAU05,,Mahanadi Basin,Mahanadi Upper,603.2865,1.95,100.0
subbasin,MAU,Mahanadi Upper,subbasin||MAU,,Mahanadi Basin,Mahanadi Upper,watershed,C08MAU06,Watershed C08MAU06,watershed||C08MAU06,,Mahanadi Basin,Mahanadi Upper,694.3042,2.24,100.0
subbasin,MAU,Mahanadi Upper,subbasin||MAU,,Mahanadi Basin,Mahanadi Upper,watershed,C08MAU07,Watershed C08MAU07,watershed||C08MAU07,,Mahanadi Basin,Mahanadi Upper,822.0405,2.66,100.0
subbasin,MAU,Mahanadi Upper,subbasin||MAU,,Mahanadi Basin,Mahanadi Upper,watershed,C08MAU08,Watershed C08MAU08,watershed||C08MAU08,,Mahanadi Basin,Mahanadi Upper,768.6787,2.48,100.0
subbasin,MAU,Mahanadi Upper,subbasin||MAU,,Mahanadi Basin,Mahanadi Upper,watershed,C08MAU09,Watershed C08MAU09,watershed||C08MAU09,,Mahanadi Basin,Mahanadi Upper,902.5061,2.92,100.0
subbasin,MAU,Mahanadi Upper,subbasin||MAU,,Mahanadi Basin,Mahanadi Upper,watershed,C08MAU10,Watershed C08MAU10,watershed||C08MAU10,,Mahanadi Basin,Mahanadi Upper,662.8523,2.14,100.0
subbasin,MAU,Mahanadi Upper,subbasin||MAU,,Mahanadi Basin,Mahanadi Upper,watershed,C08MAU11,Watershed C08MAU11,watershed||C08MAU11,,Mahanadi Basin,Mahanadi Upper,758.2692,2.45,100.0
subbasin,MAU,Mahanadi Upper,subbasin||MAU,,Mahanadi Basin,Mahanadi Upper,watershed,C08MAU12,Watershed C08MAU12,watershed||C08MAU12,,Mahanadi Basin,Mahanadi Upper,489.9207,1.58,100.0
subbasin,MAU,Mahanadi Upper,subbasin||MAU,,Mahanadi Basin,Mahanadi Upper,watershed,C08MAU13,Watershed C08MAU13,watershed||C08MAU13,,Mahanadi Basin,Mahanadi Upper,489.3116,1.58,100.0
subbasin,MAU,Mahanadi Upper,subbasin||MAU,,Mahanadi Basin,Mahanadi Upper,watershed,C08MAU14,Watershed C08MAU14,watershed||C08MAU14,,Mahanadi Basin,Mahanadi Upper,859.3209,2.78,100.0
subbasin,MAU,Mahanadi Upper,subbasin||MAU,,Mahanadi Basin,Mahanadi Upper,watershed,C08MAU15,Watershed C08MAU15,watershed||C08MAU15,,Mahanadi Basin,Mahanadi Upper,646.0803,2.09,100.0
subbasin,MAU,Mahanadi Upper,subbasin||MAU,,Mahanadi Basin,Mahanadi Upper,watershed,C08MAU16,Watershed C08MAU16,watershed||C08MAU16,,Mahanadi Basin,Mahanadi Upper,608.7304,1.97,100.0
subbasin,MAU,Mahanadi Upper,subbasin||MAU,,Mahanadi Basin,Mahanadi Upper,watershed,C08MAU17,Watershed C08MAU17,watershed||C08MAU17,,Mahanadi Basin,Mahanadi Upper,402.5961,1.3,100.0
subbasin,MAU,Mahanadi Upper,subbasin||MAU,,Mahanadi Basin,Mahanadi Upper,watershed,C08MAU18,Watershed C08MAU18,watershed||C08MAU18,,Mahanadi Basin,Mahanadi Upper,740.268,2.39,100.0
subbasin,MAU,Mahanadi Upper,subbasin||MAU,,Mahanadi Basin,Mahanadi Upper,watershed,C08MAU19,Watershed C08MAU19,watershed||C08MAU19,,Mahanadi Basin,Mahanadi Upper,576.1003,1.86,100.0
subbasin,MAU,Mahanadi Upper,subbasin||MAU,,Mahanadi Basin,Mahanadi Upper,watershed,C08MAU20,Watershed C08MAU20,watershed||C08MAU20,,Mahanadi Basin,Mahanadi Upper,606.3192,1.96,100.0
subbasin,MAU,Mahanadi Upper,subbasin||MAU,,Mahanadi Basin,Mahanadi Upper,watershed,C08MAU21,Watershed C08MAU21,watershed||C08MAU21,,Mahanadi Basin,Mahanadi Upper,556.2987,1.8,100.0
subbasin,MAU,Mahanadi Upper,subbasin||MAU,,Mahanadi Basin,Mahanadi Upper,watershed,C08MAU22,Watershed C08MAU22,watershed||C08MAU22,,Mahanadi Basin,Mahanadi Upper,411.4138,1.33,100.0
subbasin,MAU,Mahanadi Upper,subbasin||MAU,,Mahanadi Basin,Mahanadi Upper,watershed,C08MAU23,Watershed C08MAU23,watershed||C08MAU23,,Mahanadi Basin,Mahanadi Upper,538.7546,1.74,100.0
subbasin,MAU,Mahanadi Upper,subbasin||MAU,,Mahanadi Basin,Mahanadi Upper,watershed,C08MAU24,Watershed C08MAU24,watershed||C08MAU24,,Mahanadi Basin,Mahanadi Upper,718.8225,2.32,100.0
subbasin,MAU,Mahanadi Upper,subbasin||MAU,,Mahanadi Basin,Mahanadi Upper,watershed,C08MAU25,Watershed C08MAU25,watershed||C08MAU25,,Mahanadi Basin,Mahanadi Upper,326.5066,1.06,100.0
subbasin,MAU,Mahanadi Upper,subbasin||MAU,,Mahanadi Basin,Mahanadi Upper,watershed,C08MAU26,Watershed C08MAU26,watershed||C08MAU26,,Mahanadi Basin,Mahanadi Upper,496.2597,1.6,100.0
subbasin,MAU,Mahanadi Upper,subbasin||MAU,,Mahanadi Basin,Mahanadi Upper,watershed,C08MAU27,Watershed C08MAU27,watershed||C08MAU27,,Mahanadi Basin,Mahanadi Upper,585.145,1.89,100.0
subbasin,MAU,Mahanadi Upper,subbasin||MAU,,Mahanadi Basin,Mahanadi Upper,watershed,C08MAU28,Watershed C08MAU28,watershed||C08MAU28,,Mahanadi Basin,Mahanadi Upper,550.8476,1.78,100.0
subbasin,MAU,Mahanadi Upper,subbasin||MAU,,Mahanadi Basin,Mahanadi Upper,watershed,C08MAU29,Watershed C08MAU29,watershed||C08MAU29,,Mahanadi Basin,Mahanadi Upper,798.0594,2.58,100.0
subbasin,MAU,Mahanadi Upper,subbasin||MAU,,Mahanadi Basin,Mahanadi Upper,watershed,C08MAU30,Watershed C08MAU30,watershed||C08MAU30,,Mahanadi Basin,Mahanadi Upper,779.3255,2.52,100.0
subbasin,MAU,Mahanadi Upper,subbasin||MAU,,Mahanadi Basin,Mahanadi Upper,watershed,C08MAU31,Watershed C08MAU31,watershed||C08MAU31,,Mahanadi Basin,Mahanadi Upper,910.5018,2.94,100.0
subbasin,MAU,Mahanadi Upper,subbasin||MAU,,Mahanadi Basin,Mahanadi Upper,watershed,C08MAU32,Watershed C08MAU32,watershed||C08MAU32,,Mahanadi Basin,Mahanadi Upper,467.4939,1.51,100.0
subbasin,MAU,Mahanadi Upper,subbasin||MAU,,Mahanadi Basin,Mahanadi Upper,watershed,C08MAU33,Watershed C08MAU33,watershed||C08MAU33,,Mahanadi Basin,Mahanadi Upper,358.3349,1.16,100.0
subbasin,MAU,Mahanadi Upper,subbasin||MAU,,Mahanadi Basin,Mahanadi Upper,watershed,C08MAU34,Watershed C08MAU34,watershed||C08MAU34,,Mahanadi Basin,Mahanadi Upper,475.7691,1.54,100.0
subbasin,MAU,Mahanadi Upper,subbasin||MAU,,Mahanadi Basin,Mahanadi Upper,watershed,C08MAU35,Watershed C08MAU35,watershed||C08MAU35,,Mahanadi Basin,Mahanadi Upper,802.2905,2.59,100.0
subbasin,MAU,Mahanadi Upper,subbasin||MAU,,Mahanadi Basin,Mahanadi Upper,watershed,C08MAU36,Watershed C08MAU36,watershed||C08MAU36,,Mahanadi Basin,Mahanadi Upper,676.3123,2.19,100.0
subbasin,MAU,Mahanadi Upper,subbasin||MAU,,Mahanadi Basin,Mahanadi Upper,watershed,C08MAU37,Watershed C08MAU37,watershed||C08MAU37,,Mahanadi Basin,Mahanadi Upper,527.457,1.71,100.0
subbasin,MAU,Mahanadi Upper,subbasin||MAU,,Mahanadi Basin,Mahanadi Upper,watershed,C08MAU38,Watershed C08MAU38,watershed||C08MAU38,,Mahanadi Basin,Mahanadi Upper,788.7717,2.55,100.0
subbasin,MAU,Mahanadi Upper,subbasin||MAU,,Mahanadi Basin,Mahanadi Upper,watershed,C08MAU39,Watershed C08MAU39,watershed||C08MAU39,,Mahanadi Basin,Mahanadi Upper,703.4497,2.27,100.0
subbasin,MAU,Mahanadi Upper,subbasin||MAU,,Mahanadi Basin,Mahanadi Upper,watershed,C08MAU40,Watershed C08MAU40,watershed||C08MAU40,,Mahanadi Basin,Mahanadi Upper,600.9488,1.94,100.0
subbasin,MAU,Mahanadi Upper,subbasin||MAU,,Mahanadi Basin,Mahanadi Upper,watershed,C08MAU41,Watershed C08MAU41,watershed||C08MAU41,,Mahanadi Basin,Mahanadi Upper,395.6921,1.28,100.0
subbasin,MAU,Mahanadi Upper,subbasin||MAU,,Mahanadi Basin,Mahanadi Upper,watershed,C08MAU42,Watershed C08MAU42,watershed||C08MAU42,,Mahanadi Basin,Mahanadi Upper,449.9144,1.45,100.0
subbasin,MAU,Mahanadi Upper,subbasin||MAU,,Mahanadi Basin,Mahanadi Upper,watershed,C08MAU43,Watershed C08MAU43,watershed||C08MAU43,,Mahanadi Basin,Mahanadi Upper,408.4277,1.32,100.0
subbasin,MAU,Mahanadi Upper,subbasin||MAU,,Mahanadi Basin,Mahanadi Upper,watershed,C08MAU44,Watershed C08MAU44,watershed||C08MAU44,,Mahanadi Basin,Mahanadi Upper,851.7426,2.75,100.0
subbasin,MAU,Mahanadi Upper,subbasin||MAU,,Mahanadi Basin,Mahanadi Upper,watershed,C08MAU45,Watershed C08MAU45,watershed||C08MAU45,,Mahanadi Basin,Mahanadi Upper,942.4784,3.05,100.0
subbasin,MAU,Mahanadi Upper,subbasin||MAU,,Mahanadi Basin,Mahanadi Upper,watershed,C08MAU46,Watershed C08MAU46,watershed||C08MAU46,,Mahanadi Basin,Mahanadi Upper,605.1943,1.96,100.0
subbasin,MAU,Mahanadi Upper,subbasin||MAU,,Mahanadi Basin,Mahanadi Upper,watershed,C08MAU47,Watershed C08MAU47,watershed||C08MAU47,,Mahanadi Basin,Mahanadi Upper,641.1811,2.07,100.0
subbasin,MAU,Mahanadi Upper,subbasin||MAU,,Mahanadi Basin,Mahanadi Upper,watershed,C08MAU48,Watershed C08MAU48,watershed||C08MAU48,,Mahanadi Basin,Mahanadi Upper,786.909,2.54,100.0
subbasin,MHL,Mahi Lower,subbasin||MHL,,Mahi Basin,Mahi Lower,watershed,B10MHL01,Watershed B10MHL01,watershed||B10MHL01,,Mahi Basin,Mahi Lower,566.5918,4.16,100.0
subbasin,MHL,Mahi Lower,subbasin||MHL,,Mahi Basin,Mahi Lower,watershed,B10MHL02,Watershed B10MHL02,watershed||B10MHL02,,Mahi Basin,Mahi Lower,485.9185,3.57,100.0
subbasin,MHL,Mahi Lower,subbasin||MHL,,Mahi Basin,Mahi Lower,watershed,B10MHL03,Watershed B10MHL03,watershed||B10MHL03,,Mahi Basin,Mahi Lower,508.5691,3.74,100.0
subbasin,MHL,Mahi Lower,subbasin||MHL,,Mahi Basin,Mahi Lower,watershed,B10MHL04,Watershed B10MHL04,watershed||B10MHL04,,Mahi Basin,Mahi Lower,786.5684,5.78,100.0
subbasin,MHL,Mahi Lower,subbasin||MHL,,Mahi Basin,Mahi Lower,watershed,B10MHL05,Watershed B10MHL05,watershed||B10MHL05,,Mahi Basin,Mahi Lower,385.8366,2.84,100.0
subbasin,MHL,Mahi Lower,subbasin||MHL,,Mahi Basin,Mahi Lower,watershed,B10MHL06,Watershed B10MHL06,watershed||B10MHL06,,Mahi Basin,Mahi Lower,759.2439,5.58,100.0
subbasin,MHL,Mahi Lower,subbasin||MHL,,Mahi Basin,Mahi Lower,watershed,B10MHL07,Watershed B10MHL07,watershed||B10MHL07,,Mahi Basin,Mahi Lower,513.6067,3.77,100.0
subbasin,MHL,Mahi Lower,subbasin||MHL,,Mahi Basin,Mahi Lower,watershed,B10MHL08,Watershed B10MHL08,watershed||B10MHL08,,Mahi Basin,Mahi Lower,568.2669,4.18,100.0
subbasin,MHL,Mahi Lower,subbasin||MHL,,Mahi Basin,Mahi Lower,watershed,B10MHL09,Watershed B10MHL09,watershed||B10MHL09,,Mahi Basin,Mahi Lower,843.3853,6.2,100.0
subbasin,MHL,Mahi Lower,subbasin||MHL,,Mahi Basin,Mahi Lower,watershed,B10MHL10,Watershed B10MHL10,watershed||B10MHL10,,Mahi Basin,Mahi Lower,640.2861,4.71,100.0
subbasin,MHL,Mahi Lower,subbasin||MHL,,Mahi Basin,Mahi Lower,watershed,B10MHL11,Watershed B10MHL11,watershed||B10MHL11,,Mahi Basin,Mahi Lower,862.4073,6.34,100.0
subbasin,MHL,Mahi Lower,subbasin||MHL,,Mahi Basin,Mahi Lower,watershed,B10MHL12,Watershed B10MHL12,watershed||B10MHL12,,Mahi Basin,Mahi Lower,907.2895,6.67,100.0
subbasin,MHL,Mahi Lower,subbasin||MHL,,Mahi Basin,Mahi Lower,watershed,B10MHL13,Watershed B10MHL13,watershed||B10MHL13,,Mahi Basin,Mahi Lower,617.7623,4.54,100.0
subbasin,MHL,Mahi Lower,subbasin||MHL,,Mahi Basin,Mahi Lower,watershed,B10MHL14,Watershed B10MHL14,watershed||B10MHL14,,Mahi Basin,Mahi Lower,561.451,4.13,100.0
subbasin,MHL,Mahi Lower,subbasin||MHL,,Mahi Basin,Mahi Lower,watershed,B10MHL15,Watershed B10MHL15,watershed||B10MHL15,,Mahi Basin,Mahi Lower,704.6326,5.18,100.0
subbasin,MHL,Mahi Lower,subbasin||MHL,,Mahi Basin,Mahi Lower,watershed,B10MHL16,Watershed B10MHL16,watershed||B10MHL16,,Mahi Basin,Mahi Lower,691.1812,5.08,100.0
subbasin,MHL,Mahi Lower,subbasin||MHL,,Mahi Basin,Mahi Lower,watershed,B10MHL17,Watershed B10MHL17,watershed||B10MHL17,,Mahi Basin,Mahi Lower,610.3551,4.49,100.0
subbasin,MHL,Mahi Lower,subbasin||MHL,,Mahi Basin,Mahi Lower,watershed,B10MHL18,Watershed B10MHL18,watershed||B10MHL18,,Mahi Basin,Mahi Lower,510.7937,3.75,100.0
subbasin,MHL,Mahi Lower,subbasin||MHL,,Mahi Basin,Mahi Lower,watershed,B10MHL19,Watershed B10MHL19,watershed||B10MHL19,,Mahi Basin,Mahi Lower,516.7584,3.8,100.0
subbasin,MHL,Mahi Lower,subbasin||MHL,,Mahi Basin,Mahi Lower,watershed,B10MHL20,Watershed B10MHL20,watershed||B10MHL20,,Mahi Basin,Mahi Lower,788.4204,5.79,100.0
subbasin,MHL,Mahi Lower,subbasin||MHL,,Mahi Basin,Mahi Lower,watershed,B10MHL21,Watershed B10MHL21,watershed||B10MHL21,,Mahi Basin,Mahi Lower,386.7784,2.84,100.0
subbasin,MHL,Mahi Lower,subbasin||MHL,,Mahi Basin,Mahi Lower,watershed,B10MHL22,Watershed B10MHL22,watershed||B10MHL22,,Mahi Basin,Mahi Lower,391.8679,2.88,100.0
subbasin,MHU,Mahi Upper,subbasin||MHU,,Mahi Basin,Mahi Upper,watershed,B10MHU01,Watershed B10MHU01,watershed||B10MHU01,,Mahi Basin,Mahi Upper,939.6155,3.62,100.0
subbasin,MHU,Mahi Upper,subbasin||MHU,,Mahi Basin,Mahi Upper,watershed,B10MHU02,Watershed B10MHU02,watershed||B10MHU02,,Mahi Basin,Mahi Upper,485.9636,1.87,100.0
subbasin,MHU,Mahi Upper,subbasin||MHU,,Mahi Basin,Mahi Upper,watershed,B10MHU03,Watershed B10MHU03,watershed||B10MHU03,,Mahi Basin,Mahi Upper,486.2787,1.87,100.0
subbasin,MHU,Mahi Upper,subbasin||MHU,,Mahi Basin,Mahi Upper,watershed,B10MHU04,Watershed B10MHU04,watershed||B10MHU04,,Mahi Basin,Mahi Upper,621.1988,2.39,100.0
subbasin,MHU,Mahi Upper,subbasin||MHU,,Mahi Basin,Mahi Upper,watershed,B10MHU05,Watershed B10MHU05,watershed||B10MHU05,,Mahi Basin,Mahi Upper,469.3271,1.81,100.0
subbasin,MHU,Mahi Upper,subbasin||MHU,,Mahi Basin,Mahi Upper,watershed,B10MHU06,Watershed B10MHU06,watershed||B10MHU06,,Mahi Basin,Mahi Upper,945.8291,3.64,100.0
subbasin,MHU,Mahi Upper,subbasin||MHU,,Mahi Basin,Mahi Upper,watershed,B10MHU07,Watershed B10MHU07,watershed||B10MHU07,,Mahi Basin,Mahi Upper,668.6208,2.58,100.0
subbasin,MHU,Mahi Upper,subbasin||MHU,,Mahi Basin,Mahi Upper,watershed,B10MHU08,Watershed B10MHU08,watershed||B10MHU08,,Mahi Basin,Mahi Upper,504.932,1.95,100.0
subbasin,MHU,Mahi Upper,subbasin||MHU,,Mahi Basin,Mahi Upper,watershed,B10MHU09,Watershed B10MHU09,watershed||B10MHU09,,Mahi Basin,Mahi Upper,737.5874,2.84,100.0
subbasin,MHU,Mahi Upper,subbasin||MHU,,Mahi Basin,Mahi Upper,watershed,B10MHU10,Watershed B10MHU10,watershed||B10MHU10,,Mahi Basin,Mahi Upper,403.186,1.55,100.0
subbasin,MHU,Mahi Upper,subbasin||MHU,,Mahi Basin,Mahi Upper,watershed,B10MHU11,Watershed B10MHU11,watershed||B10MHU11,,Mahi Basin,Mahi Upper,435.0086,1.68,100.0
subbasin,MHU,Mahi Upper,subbasin||MHU,,Mahi Basin,Mahi Upper,watershed,B10MHU12,Watershed B10MHU12,watershed||B10MHU12,,Mahi Basin,Mahi Upper,991.651,3.82,100.0
subbasin,MHU,Mahi Upper,subbasin||MHU,,Mahi Basin,Mahi Upper,watershed,B10MHU13,Watershed B10MHU13,watershed||B10MHU13,,Mahi Basin,Mahi Upper,758.7497,2.92,100.0
subbasin,MHU,Mahi Upper,subbasin||MHU,,Mahi Basin,Mahi Upper,watershed,B10MHU14,Watershed B10MHU14,watershed||B10MHU14,,Mahi Basin,Mahi Upper,608.0453,2.34,100.0
subbasin,MHU,Mahi Upper,subbasin||MHU,,Mahi Basin,Mahi Upper,watershed,B10MHU15,Watershed B10MHU15,watershed||B10MHU15,,Mahi Basin,Mahi Upper,578.4733,2.23,100.0
subbasin,MHU,Mahi Upper,subbasin||MHU,,Mahi Basin,Mahi Upper,watershed,B10MHU16,Watershed B10MHU16,watershed||B10MHU16,,Mahi Basin,Mahi Upper,596.935,2.3,100.0
subbasin,MHU,Mahi Upper,subbasin||MHU,,Mahi Basin,Mahi Upper,watershed,B10MHU17,Watershed B10MHU17,watershed||B10MHU17,,Mahi Basin,Mahi Upper,738.4322,2.84,100.0
subbasin,MHU,Mahi Upper,subbasin||MHU,,Mahi Basin,Mahi Upper,watershed,B10MHU18,Watershed B10MHU18,watershed||B10MHU18,,Mahi Basin,Mahi Upper,797.4062,3.07,100.0
subbasin,MHU,Mahi Upper,subbasin||MHU,,Mahi Basin,Mahi Upper,watershed,B10MHU19,Watershed B10MHU19,watershed||B10MHU19,,Mahi Basin,Mahi Upper,680.3771,2.62,100.0
subbasin,MHU,Mahi Upper,subbasin||MHU,,Mahi Basin,Mahi Upper,watershed,B10MHU20,Watershed B10MHU20,watershed||B10MHU20,,Mahi Basin,Mahi Upper,343.411,1.32,100.0
subbasin,MHU,Mahi Upper,subbasin||MHU,,Mahi Basin,Mahi Upper,watershed,B10MHU21,Watershed B10MHU21,watershed||B10MHU21,,Mahi Basin,Mahi Upper,956.2258,3.68,100.0
subbasin,MHU,Mahi Upper,subbasin||MHU,,Mahi Basin,Mahi Upper,watershed,B10MHU22,Watershed B10MHU22,watershed||B10MHU22,,Mahi Basin,Mahi Upper,669.8952,2.58,100.0
subbasin,MHU,Mahi Upper,subbasin||MHU,,Mahi Basin,Mahi Upper,watershed,B10MHU23,Watershed B10MHU23,watershed||B10MHU23,,Mahi Basin,Mahi Upper,761.3307,2.93,100.0
subbasin,MHU,Mahi Upper,subbasin||MHU,,Mahi Basin,Mahi Upper,watershed,B10MHU24,Watershed B10MHU24,watershed||B10MHU24,,Mahi Basin,Mahi Upper,778.1192,3.0,100.0
subbasin,MHU,Mahi Upper,subbasin||MHU,,Mahi Basin,Mahi Upper,watershed,B10MHU25,Watershed B10MHU25,watershed||B10MHU25,,Mahi Basin,Mahi Upper,908.1893,3.5,100.0
subbasin,MHU,Mahi Upper,subbasin||MHU,,Mahi Basin,Mahi Upper,watershed,B10MHU26,Watershed B10MHU26,watershed||B10MHU26,,Mahi Basin,Mahi Upper,401.8307,1.55,100.0
subbasin,MHU,Mahi Upper,subbasin||MHU,,Mahi Basin,Mahi Upper,watershed,B10MHU27,Watershed B10MHU27,watershed||B10MHU27,,Mahi Basin,Mahi Upper,606.2252,2.34,100.0
subbasin,MHU,Mahi Upper,subbasin||MHU,,Mahi Basin,Mahi Upper,watershed,B10MHU28,Watershed B10MHU28,watershed||B10MHU28,,Mahi Basin,Mahi Upper,819.1065,3.16,100.0
subbasin,MHU,Mahi Upper,subbasin||MHU,,Mahi Basin,Mahi Upper,watershed,B10MHU29,Watershed B10MHU29,watershed||B10MHU29,,Mahi Basin,Mahi Upper,544.6619,2.1,100.0
subbasin,MHU,Mahi Upper,subbasin||MHU,,Mahi Basin,Mahi Upper,watershed,B10MHU30,Watershed B10MHU30,watershed||B10MHU30,,Mahi Basin,Mahi Upper,708.4693,2.73,100.0
subbasin,MHU,Mahi Upper,subbasin||MHU,,Mahi Basin,Mahi Upper,watershed,B10MHU31,Watershed B10MHU31,watershed||B10MHU31,,Mahi Basin,Mahi Upper,405.2958,1.56,100.0
subbasin,MHU,Mahi Upper,subbasin||MHU,,Mahi Basin,Mahi Upper,watershed,B10MHU32,Watershed B10MHU32,watershed||B10MHU32,,Mahi Basin,Mahi Upper,595.4691,2.29,100.0
subbasin,MHU,Mahi Upper,subbasin||MHU,,Mahi Basin,Mahi Upper,watershed,B10MHU33,Watershed B10MHU33,watershed||B10MHU33,,Mahi Basin,Mahi Upper,618.9378,2.38,100.0
subbasin,MHU,Mahi Upper,subbasin||MHU,,Mahi Basin,Mahi Upper,watershed,B10MHU34,Watershed B10MHU34,watershed||B10MHU34,,Mahi Basin,Mahi Upper,592.0898,2.28,100.0
subbasin,MHU,Mahi Upper,subbasin||MHU,,Mahi Basin,Mahi Upper,watershed,B10MHU35,Watershed B10MHU35,watershed||B10MHU35,,Mahi Basin,Mahi Upper,454.4093,1.75,100.0
subbasin,MHU,Mahi Upper,subbasin||MHU,,Mahi Basin,Mahi Upper,watershed,B10MHU36,Watershed B10MHU36,watershed||B10MHU36,,Mahi Basin,Mahi Upper,605.0852,2.33,100.0
subbasin,MHU,Mahi Upper,subbasin||MHU,,Mahi Basin,Mahi Upper,watershed,B10MHU37,Watershed B10MHU37,watershed||B10MHU37,,Mahi Basin,Mahi Upper,745.0064,2.87,100.0
subbasin,MHU,Mahi Upper,subbasin||MHU,,Mahi Basin,Mahi Upper,watershed,B10MHU38,Watershed B10MHU38,watershed||B10MHU38,,Mahi Basin,Mahi Upper,419.7809,1.62,100.0
subbasin,MHU,Mahi Upper,subbasin||MHU,,Mahi Basin,Mahi Upper,watershed,B10MHU39,Watershed B10MHU39,watershed||B10MHU39,,Mahi Basin,Mahi Upper,407.4799,1.57,100.0
subbasin,MHU,Mahi Upper,subbasin||MHU,,Mahi Basin,Mahi Upper,watershed,B10MHU40,Watershed B10MHU40,watershed||B10MHU40,,Mahi Basin,Mahi Upper,751.5567,2.9,100.0
subbasin,MHU,Mahi Upper,subbasin||MHU,,Mahi Basin,Mahi Upper,watershed,B10MHU41,Watershed B10MHU41,watershed||B10MHU41,,Mahi Basin,Mahi Upper,416.7078,1.61,100.0
subbasin,MAN,Mangpui Lui and others,subbasin||MAN,,Minor rivers draining into Myanmar Basin,Mangpui Lui and others,watershed,E22MAN01,Watershed E22MAN01,watershed||E22MAN01,,Minor rivers draining into Myanmar Basin,Mangpui Lui and others,551.9629,6.66,100.0
subbasin,MAN,Mangpui Lui and others,subbasin||MAN,,Minor rivers draining into Myanmar Basin,Mangpui Lui and others,watershed,E22MAN02,Watershed E22MAN02,watershed||E22MAN02,,Minor rivers draining into Myanmar Basin,Mangpui Lui and others,681.2806,8.22,100.0
subbasin,MAN,Mangpui Lui and others,subbasin||MAN,,Minor rivers draining into Myanmar Basin,Mangpui Lui and others,watershed,E22MAN03,Watershed E22MAN03,watershed||E22MAN03,,Minor rivers draining into Myanmar Basin,Mangpui Lui and others,678.9996,8.19,100.0
subbasin,MAN,Mangpui Lui and others,subbasin||MAN,,Minor rivers draining into Myanmar Basin,Mangpui Lui and others,watershed,E22MAN04,Watershed E22MAN04,watershed||E22MAN04,,Minor rivers draining into Myanmar Basin,Mangpui Lui and others,563.3292,6.79,100.0
subbasin,MAN,Mangpui Lui and others,subbasin||MAN,,Minor rivers draining into Myanmar Basin,Mangpui Lui and others,watershed,E22MAN05,Watershed E22MAN05,watershed||E22MAN05,,Minor rivers draining into Myanmar Basin,Mangpui Lui and others,524.5367,6.33,100.0
subbasin,MAN,Mangpui Lui and others,subbasin||MAN,,Minor rivers draining into Myanmar Basin,Mangpui Lui and others,watershed,E22MAN06,Watershed E22MAN06,watershed||E22MAN06,,Minor rivers draining into Myanmar Basin,Mangpui Lui and others,417.8789,5.04,100.0
subbasin,MAN,Mangpui Lui and others,subbasin||MAN,,Minor rivers draining into Myanmar Basin,Mangpui Lui and others,watershed,E22MAN07,Watershed E22MAN07,watershed||E22MAN07,,Minor rivers draining into Myanmar Basin,Mangpui Lui and others,624.1218,7.53,100.0
subbasin,MAN,Mangpui Lui and others,subbasin||MAN,,Minor rivers draining into Myanmar Basin,Mangpui Lui and others,watershed,E22MAN08,Watershed E22MAN08,watershed||E22MAN08,,Minor rivers draining into Myanmar Basin,Mangpui Lui and others,379.826,4.58,100.0
subbasin,MAN,Mangpui Lui and others,subbasin||MAN,,Minor rivers draining into Myanmar Basin,Mangpui Lui and others,watershed,E22MAN09,Watershed E22MAN09,watershed||E22MAN09,,Minor rivers draining into Myanmar Basin,Mangpui Lui and others,589.8857,7.11,100.0
subbasin,MAN,Mangpui Lui and others,subbasin||MAN,,Minor rivers draining into Myanmar Basin,Mangpui Lui and others,watershed,E22MAN10,Watershed E22MAN10,watershed||E22MAN10,,Minor rivers draining into Myanmar Basin,Mangpui Lui and others,373.8758,4.51,100.0
subbasin,MAN,Mangpui Lui and others,subbasin||MAN,,Minor rivers draining into Myanmar Basin,Mangpui Lui and others,watershed,E22MAN11,Watershed E22MAN11,watershed||E22MAN11,,Minor rivers draining into Myanmar Basin,Mangpui Lui and others,452.1334,5.45,100.0
subbasin,MAN,Mangpui Lui and others,subbasin||MAN,,Minor rivers draining into Myanmar Basin,Mangpui Lui and others,watershed,E22MAN12,Watershed E22MAN12,watershed||E22MAN12,,Minor rivers draining into Myanmar Basin,Mangpui Lui and others,530.8978,6.4,100.0
subbasin,MAN,Mangpui Lui and others,subbasin||MAN,,Minor rivers draining into Myanmar Basin,Mangpui Lui and others,watershed,E22MAN13,Watershed E22MAN13,watershed||E22MAN13,,Minor rivers draining into Myanmar Basin,Mangpui Lui and others,444.371,5.36,100.0
subbasin,MAN,Mangpui Lui and others,subbasin||MAN,,Minor rivers draining into Myanmar Basin,Mangpui Lui and others,watershed,E22MAN14,Watershed E22MAN14,watershed||E22MAN14,,Minor rivers draining into Myanmar Basin,Mangpui Lui and others,503.2521,6.07,100.0
subbasin,MAN,Mangpui Lui and others,subbasin||MAN,,Minor rivers draining into Myanmar Basin,Mangpui Lui and others,watershed,E22MAN15,Watershed E22MAN15,watershed||E22MAN15,,Minor rivers draining into Myanmar Basin,Mangpui Lui and others,449.2427,5.42,100.0
subbasin,MAN,Mangpui Lui and others,subbasin||MAN,,Minor rivers draining into Myanmar Basin,Mangpui Lui and others,watershed,E22MAN16,Watershed E22MAN16,watershed||E22MAN16,,Minor rivers draining into Myanmar Basin,Mangpui Lui and others,526.9695,6.35,100.0
subbasin,MAJ,Manjra,subbasin||MAJ,,Godavari Basin,Manjra,watershed,C03MAJ01,Watershed C03MAJ01,watershed||C03MAJ01,,Godavari Basin,Manjra,434.3998,1.43,100.0
subbasin,MAJ,Manjra,subbasin||MAJ,,Godavari Basin,Manjra,watershed,C03MAJ02,Watershed C03MAJ02,watershed||C03MAJ02,,Godavari Basin,Manjra,529.768,1.75,100.0
subbasin,MAJ,Manjra,subbasin||MAJ,,Godavari Basin,Manjra,watershed,C03MAJ03,Watershed C03MAJ03,watershed||C03MAJ03,,Godavari Basin,Manjra,856.0836,2.82,100.0
subbasin,MAJ,Manjra,subbasin||MAJ,,Godavari Basin,Manjra,watershed,C03MAJ04,Watershed C03MAJ04,watershed||C03MAJ04,,Godavari Basin,Manjra,675.028,2.22,100.0
subbasin,MAJ,Manjra,subbasin||MAJ,,Godavari Basin,Manjra,watershed,C03MAJ05,Watershed C03MAJ05,watershed||C03MAJ05,,Godavari Basin,Manjra,773.3294,2.55,100.0
subbasin,MAJ,Manjra,subbasin||MAJ,,Godavari Basin,Manjra,watershed,C03MAJ06,Watershed C03MAJ06,watershed||C03MAJ06,,Godavari Basin,Manjra,670.3542,2.21,100.0
subbasin,MAJ,Manjra,subbasin||MAJ,,Godavari Basin,Manjra,watershed,C03MAJ07,Watershed C03MAJ07,watershed||C03MAJ07,,Godavari Basin,Manjra,743.4817,2.45,100.0
subbasin,MAJ,Manjra,subbasin||MAJ,,Godavari Basin,Manjra,watershed,C03MAJ08,Watershed C03MAJ08,watershed||C03MAJ08,,Godavari Basin,Manjra,760.937,2.51,100.0
subbasin,MAJ,Manjra,subbasin||MAJ,,Godavari Basin,Manjra,watershed,C03MAJ09,Watershed C03MAJ09,watershed||C03MAJ09,,Godavari Basin,Manjra,590.155,1.94,100.0
subbasin,MAJ,Manjra,subbasin||MAJ,,Godavari Basin,Manjra,watershed,C03MAJ10,Watershed C03MAJ10,watershed||C03MAJ10,,Godavari Basin,Manjra,660.2758,2.18,100.0
subbasin,MAJ,Manjra,subbasin||MAJ,,Godavari Basin,Manjra,watershed,C03MAJ11,Watershed C03MAJ11,watershed||C03MAJ11,,Godavari Basin,Manjra,518.9673,1.71,100.0
subbasin,MAJ,Manjra,subbasin||MAJ,,Godavari Basin,Manjra,watershed,C03MAJ12,Watershed C03MAJ12,watershed||C03MAJ12,,Godavari Basin,Manjra,604.9914,1.99,100.0
subbasin,MAJ,Manjra,subbasin||MAJ,,Godavari Basin,Manjra,watershed,C03MAJ13,Watershed C03MAJ13,watershed||C03MAJ13,,Godavari Basin,Manjra,469.014,1.55,100.0
subbasin,MAJ,Manjra,subbasin||MAJ,,Godavari Basin,Manjra,watershed,C03MAJ14,Watershed C03MAJ14,watershed||C03MAJ14,,Godavari Basin,Manjra,897.9932,2.96,100.0
subbasin,MAJ,Manjra,subbasin||MAJ,,Godavari Basin,Manjra,watershed,C03MAJ15,Watershed C03MAJ15,watershed||C03MAJ15,,Godavari Basin,Manjra,876.7105,2.89,100.0
subbasin,MAJ,Manjra,subbasin||MAJ,,Godavari Basin,Manjra,watershed,C03MAJ16,Watershed C03MAJ16,watershed||C03MAJ16,,Godavari Basin,Manjra,752.3566,2.48,100.0
subbasin,MAJ,Manjra,subbasin||MAJ,,Godavari Basin,Manjra,watershed,C03MAJ17,Watershed C03MAJ17,watershed||C03MAJ17,,Godavari Basin,Manjra,460.4102,1.52,100.0
subbasin,MAJ,Manjra,subbasin||MAJ,,Godavari Basin,Manjra,watershed,C03MAJ18,Watershed C03MAJ18,watershed||C03MAJ18,,Godavari Basin,Manjra,826.6399,2.72,100.0
subbasin,MAJ,Manjra,subbasin||MAJ,,Godavari Basin,Manjra,watershed,C03MAJ19,Watershed C03MAJ19,watershed||C03MAJ19,,Godavari Basin,Manjra,901.692,2.97,100.0
subbasin,MAJ,Manjra,subbasin||MAJ,,Godavari Basin,Manjra,watershed,C03MAJ20,Watershed C03MAJ20,watershed||C03MAJ20,,Godavari Basin,Manjra,465.5336,1.53,100.0
subbasin,MAJ,Manjra,subbasin||MAJ,,Godavari Basin,Manjra,watershed,C03MAJ21,Watershed C03MAJ21,watershed||C03MAJ21,,Godavari Basin,Manjra,541.9834,1.79,100.0
subbasin,MAJ,Manjra,subbasin||MAJ,,Godavari Basin,Manjra,watershed,C03MAJ22,Watershed C03MAJ22,watershed||C03MAJ22,,Godavari Basin,Manjra,814.5297,2.68,100.0
subbasin,MAJ,Manjra,subbasin||MAJ,,Godavari Basin,Manjra,watershed,C03MAJ23,Watershed C03MAJ23,watershed||C03MAJ23,,Godavari Basin,Manjra,723.0162,2.38,100.0
subbasin,MAJ,Manjra,subbasin||MAJ,,Godavari Basin,Manjra,watershed,C03MAJ24,Watershed C03MAJ24,watershed||C03MAJ24,,Godavari Basin,Manjra,701.2229,2.31,100.0
subbasin,MAJ,Manjra,subbasin||MAJ,,Godavari Basin,Manjra,watershed,C03MAJ25,Watershed C03MAJ25,watershed||C03MAJ25,,Godavari Basin,Manjra,480.3135,1.58,100.0
subbasin,MAJ,Manjra,subbasin||MAJ,,Godavari Basin,Manjra,watershed,C03MAJ26,Watershed C03MAJ26,watershed||C03MAJ26,,Godavari Basin,Manjra,476.8407,1.57,100.0
subbasin,MAJ,Manjra,subbasin||MAJ,,Godavari Basin,Manjra,watershed,C03MAJ27,Watershed C03MAJ27,watershed||C03MAJ27,,Godavari Basin,Manjra,863.7001,2.85,100.0
subbasin,MAJ,Manjra,subbasin||MAJ,,Godavari Basin,Manjra,watershed,C03MAJ28,Watershed C03MAJ28,watershed||C03MAJ28,,Godavari Basin,Manjra,758.8931,2.5,100.0
subbasin,MAJ,Manjra,subbasin||MAJ,,Godavari Basin,Manjra,watershed,C03MAJ29,Watershed C03MAJ29,watershed||C03MAJ29,,Godavari Basin,Manjra,868.7256,2.86,100.0
subbasin,MAJ,Manjra,subbasin||MAJ,,Godavari Basin,Manjra,watershed,C03MAJ30,Watershed C03MAJ30,watershed||C03MAJ30,,Godavari Basin,Manjra,1008.0541,3.32,100.0
subbasin,MAJ,Manjra,subbasin||MAJ,,Godavari Basin,Manjra,watershed,C03MAJ31,Watershed C03MAJ31,watershed||C03MAJ31,,Godavari Basin,Manjra,824.8811,2.72,100.0
subbasin,MAJ,Manjra,subbasin||MAJ,,Godavari Basin,Manjra,watershed,C03MAJ32,Watershed C03MAJ32,watershed||C03MAJ32,,Godavari Basin,Manjra,825.0216,2.72,100.0
subbasin,MAJ,Manjra,subbasin||MAJ,,Godavari Basin,Manjra,watershed,C03MAJ33,Watershed C03MAJ33,watershed||C03MAJ33,,Godavari Basin,Manjra,830.2564,2.74,100.0
subbasin,MAJ,Manjra,subbasin||MAJ,,Godavari Basin,Manjra,watershed,C03MAJ34,Watershed C03MAJ34,watershed||C03MAJ34,,Godavari Basin,Manjra,592.4394,1.95,100.0
subbasin,MAJ,Manjra,subbasin||MAJ,,Godavari Basin,Manjra,watershed,C03MAJ35,Watershed C03MAJ35,watershed||C03MAJ35,,Godavari Basin,Manjra,905.7155,2.98,100.0
subbasin,MAJ,Manjra,subbasin||MAJ,,Godavari Basin,Manjra,watershed,C03MAJ36,Watershed C03MAJ36,watershed||C03MAJ36,,Godavari Basin,Manjra,657.5948,2.17,100.0
subbasin,MAJ,Manjra,subbasin||MAJ,,Godavari Basin,Manjra,watershed,C03MAJ37,Watershed C03MAJ37,watershed||C03MAJ37,,Godavari Basin,Manjra,677.9356,2.23,100.0
subbasin,MAJ,Manjra,subbasin||MAJ,,Godavari Basin,Manjra,watershed,C03MAJ38,Watershed C03MAJ38,watershed||C03MAJ38,,Godavari Basin,Manjra,451.7904,1.49,100.0
subbasin,MAJ,Manjra,subbasin||MAJ,,Godavari Basin,Manjra,watershed,C03MAJ39,Watershed C03MAJ39,watershed||C03MAJ39,,Godavari Basin,Manjra,731.0475,2.41,100.0
subbasin,MAJ,Manjra,subbasin||MAJ,,Godavari Basin,Manjra,watershed,C03MAJ40,Watershed C03MAJ40,watershed||C03MAJ40,,Godavari Basin,Manjra,602.7042,1.99,100.0
subbasin,MAJ,Manjra,subbasin||MAJ,,Godavari Basin,Manjra,watershed,C03MAJ41,Watershed C03MAJ41,watershed||C03MAJ41,,Godavari Basin,Manjra,537.8069,1.77,100.0
subbasin,MAJ,Manjra,subbasin||MAJ,,Godavari Basin,Manjra,watershed,C03MAJ42,Watershed C03MAJ42,watershed||C03MAJ42,,Godavari Basin,Manjra,796.6508,2.62,100.0
subbasin,MAJ,Manjra,subbasin||MAJ,,Godavari Basin,Manjra,watershed,C03MAJ43,Watershed C03MAJ43,watershed||C03MAJ43,,Godavari Basin,Manjra,637.3259,2.1,100.0
subbasin,MAJ,Manjra,subbasin||MAJ,,Godavari Basin,Manjra,watershed,C03MAJ44,Watershed C03MAJ44,watershed||C03MAJ44,,Godavari Basin,Manjra,573.4923,1.89,100.0
subbasin,MHO,Muhury and Others,subbasin||MHO,,Minor rivers draining into Bangladesh Basin,Muhury and Others,watershed,E21MHO01,Watershed E21MHO01,watershed||E21MHO01,,Minor rivers draining into Bangladesh Basin,Muhury and Others,557.4018,31.97,100.0
subbasin,MHO,Muhury and Others,subbasin||MHO,,Minor rivers draining into Bangladesh Basin,Muhury and Others,watershed,E21MHO02,Watershed E21MHO02,watershed||E21MHO02,,Minor rivers draining into Bangladesh Basin,Muhury and Others,631.8479,36.24,100.0
subbasin,MHO,Muhury and Others,subbasin||MHO,,Minor rivers draining into Bangladesh Basin,Muhury and Others,watershed,E21MHO03,Watershed E21MHO03,watershed||E21MHO03,,Minor rivers draining into Bangladesh Basin,Muhury and Others,554.0411,31.78,100.0
subbasin,NAG,Nagvati and other,subbasin||NAG,,East flowing rivers between Mahanadi and Godavari Basin,Nagvati and other,watershed,C15NAG01,Watershed C15NAG01,watershed||C15NAG01,,East flowing rivers between Mahanadi and Godavari Basin,Nagvati and other,654.0586,2.61,100.0
subbasin,NAG,Nagvati and other,subbasin||NAG,,East flowing rivers between Mahanadi and Godavari Basin,Nagvati and other,watershed,C15NAG02,Watershed C15NAG02,watershed||C15NAG02,,East flowing rivers between Mahanadi and Godavari Basin,Nagvati and other,445.1575,1.77,100.0
subbasin,NAG,Nagvati and other,subbasin||NAG,,East flowing rivers between Mahanadi and Godavari Basin,Nagvati and other,watershed,C15NAG03,Watershed C15NAG03,watershed||C15NAG03,,East flowing rivers between Mahanadi and Godavari Basin,Nagvati and other,765.2998,3.05,100.0
subbasin,NAG,Nagvati and other,subbasin||NAG,,East flowing rivers between Mahanadi and Godavari Basin,Nagvati and other,watershed,C15NAG04,Watershed C15NAG04,watershed||C15NAG04,,East flowing rivers between Mahanadi and Godavari Basin,Nagvati and other,791.9961,3.16,100.0
subbasin,NAG,Nagvati and other,subbasin||NAG,,East flowing rivers between Mahanadi and Godavari Basin,Nagvati and other,watershed,C15NAG05,Watershed C15NAG05,watershed||C15NAG05,,East flowing rivers between Mahanadi and Godavari Basin,Nagvati and other,529.1684,2.11,100.0
subbasin,NAG,Nagvati and other,subbasin||NAG,,East flowing rivers between Mahanadi and Godavari Basin,Nagvati and other,watershed,C15NAG06,Watershed C15NAG06,watershed||C15NAG06,,East flowing rivers between Mahanadi and Godavari Basin,Nagvati and other,716.8341,2.86,100.0
subbasin,NAG,Nagvati and other,subbasin||NAG,,East flowing rivers between Mahanadi and Godavari Basin,Nagvati and other,watershed,C15NAG07,Watershed C15NAG07,watershed||C15NAG07,,East flowing rivers between Mahanadi and Godavari Basin,Nagvati and other,659.7952,2.63,100.0
subbasin,NAG,Nagvati and other,subbasin||NAG,,East flowing rivers between Mahanadi and Godavari Basin,Nagvati and other,watershed,C15NAG08,Watershed C15NAG08,watershed||C15NAG08,,East flowing rivers between Mahanadi and Godavari Basin,Nagvati and other,732.6368,2.92,100.0
subbasin,NAG,Nagvati and other,subbasin||NAG,,East flowing rivers between Mahanadi and Godavari Basin,Nagvati and other,watershed,C15NAG09,Watershed C15NAG09,watershed||C15NAG09,,East flowing rivers between Mahanadi and Godavari Basin,Nagvati and other,779.6489,3.11,100.0
subbasin,NAG,Nagvati and other,subbasin||NAG,,East flowing rivers between Mahanadi and Godavari Basin,Nagvati and other,watershed,C15NAG10,Watershed C15NAG10,watershed||C15NAG10,,East flowing rivers between Mahanadi and Godavari Basin,Nagvati and other,566.5506,2.26,100.0
subbasin,NAG,Nagvati and other,subbasin||NAG,,East flowing rivers between Mahanadi and Godavari Basin,Nagvati and other,watershed,C15NAG11,Watershed C15NAG11,watershed||C15NAG11,,East flowing rivers between Mahanadi and Godavari Basin,Nagvati and other,580.7621,2.31,100.0
subbasin,NAG,Nagvati and other,subbasin||NAG,,East flowing rivers between Mahanadi and Godavari Basin,Nagvati and other,watershed,C15NAG12,Watershed C15NAG12,watershed||C15NAG12,,East flowing rivers between Mahanadi and Godavari Basin,Nagvati and other,535.0752,2.13,100.0
subbasin,NAG,Nagvati and other,subbasin||NAG,,East flowing rivers between Mahanadi and Godavari Basin,Nagvati and other,watershed,C15NAG13,Watershed C15NAG13,watershed||C15NAG13,,East flowing rivers between Mahanadi and Godavari Basin,Nagvati and other,571.2204,2.28,100.0
subbasin,NAG,Nagvati and other,subbasin||NAG,,East flowing rivers between Mahanadi and Godavari Basin,Nagvati and other,watershed,C15NAG14,Watershed C15NAG14,watershed||C15NAG14,,East flowing rivers between Mahanadi and Godavari Basin,Nagvati and other,956.611,3.81,100.0
subbasin,NAG,Nagvati and other,subbasin||NAG,,East flowing rivers between Mahanadi and Godavari Basin,Nagvati and other,watershed,C15NAG15,Watershed C15NAG15,watershed||C15NAG15,,East flowing rivers between Mahanadi and Godavari Basin,Nagvati and other,391.7653,1.56,100.0
subbasin,NAG,Nagvati and other,subbasin||NAG,,East flowing rivers between Mahanadi and Godavari Basin,Nagvati and other,watershed,C15NAG16,Watershed C15NAG16,watershed||C15NAG16,,East flowing rivers between Mahanadi and Godavari Basin,Nagvati and other,614.967,2.45,100.0
subbasin,NAG,Nagvati and other,subbasin||NAG,,East flowing rivers between Mahanadi and Godavari Basin,Nagvati and other,watershed,C15NAG17,Watershed C15NAG17,watershed||C15NAG17,,East flowing rivers between Mahanadi and Godavari Basin,Nagvati and other,565.5807,2.25,100.0
subbasin,NAG,Nagvati and other,subbasin||NAG,,East flowing rivers between Mahanadi and Godavari Basin,Nagvati and other,watershed,C15NAG18,Watershed C15NAG18,watershed||C15NAG18,,East flowing rivers between Mahanadi and Godavari Basin,Nagvati and other,743.6296,2.96,100.0
subbasin,NAG,Nagvati and other,subbasin||NAG,,East flowing rivers between Mahanadi and Godavari Basin,Nagvati and other,watershed,C15NAG19,Watershed C15NAG19,watershed||C15NAG19,,East flowing rivers between Mahanadi and Godavari Basin,Nagvati and other,559.7809,2.23,100.0
subbasin,NAG,Nagvati and other,subbasin||NAG,,East flowing rivers between Mahanadi and Godavari Basin,Nagvati and other,watershed,C15NAG20,Watershed C15NAG20,watershed||C15NAG20,,East flowing rivers between Mahanadi and Godavari Basin,Nagvati and other,496.1615,1.98,100.0
subbasin,NAG,Nagvati and other,subbasin||NAG,,East flowing rivers between Mahanadi and Godavari Basin,Nagvati and other,watershed,C15NAG21,Watershed C15NAG21,watershed||C15NAG21,,East flowing rivers between Mahanadi and Godavari Basin,Nagvati and other,406.691,1.62,100.0
subbasin,NAG,Nagvati and other,subbasin||NAG,,East flowing rivers between Mahanadi and Godavari Basin,Nagvati and other,watershed,C15NAG22,Watershed C15NAG22,watershed||C15NAG22,,East flowing rivers between Mahanadi and Godavari Basin,Nagvati and other,584.0778,2.33,100.0
subbasin,NAG,Nagvati and other,subbasin||NAG,,East flowing rivers between Mahanadi and Godavari Basin,Nagvati and other,watershed,C15NAG23,Watershed C15NAG23,watershed||C15NAG23,,East flowing rivers between Mahanadi and Godavari Basin,Nagvati and other,822.8778,3.28,100.0
subbasin,NAG,Nagvati and other,subbasin||NAG,,East flowing rivers between Mahanadi and Godavari Basin,Nagvati and other,watershed,C15NAG24,Watershed C15NAG24,watershed||C15NAG24,,East flowing rivers between Mahanadi and Godavari Basin,Nagvati and other,463.2714,1.85,100.0
subbasin,NAG,Nagvati and other,subbasin||NAG,,East flowing rivers between Mahanadi and Godavari Basin,Nagvati and other,watershed,C15NAG25,Watershed C15NAG25,watershed||C15NAG25,,East flowing rivers between Mahanadi and Godavari Basin,Nagvati and other,398.1921,1.59,100.0
subbasin,NAG,Nagvati and other,subbasin||NAG,,East flowing rivers between Mahanadi and Godavari Basin,Nagvati and other,watershed,C15NAG26,Watershed C15NAG26,watershed||C15NAG26,,East flowing rivers between Mahanadi and Godavari Basin,Nagvati and other,562.0477,2.24,100.0
subbasin,NAG,Nagvati and other,subbasin||NAG,,East flowing rivers between Mahanadi and Godavari Basin,Nagvati and other,watershed,C15NAG27,Watershed C15NAG27,watershed||C15NAG27,,East flowing rivers between Mahanadi and Godavari Basin,Nagvati and other,367.4059,1.46,100.0
subbasin,NAG,Nagvati and other,subbasin||NAG,,East flowing rivers between Mahanadi and Godavari Basin,Nagvati and other,watershed,C15NAG28,Watershed C15NAG28,watershed||C15NAG28,,East flowing rivers between Mahanadi and Godavari Basin,Nagvati and other,857.4908,3.42,100.0
subbasin,NAG,Nagvati and other,subbasin||NAG,,East flowing rivers between Mahanadi and Godavari Basin,Nagvati and other,watershed,C15NAG29,Watershed C15NAG29,watershed||C15NAG29,,East flowing rivers between Mahanadi and Godavari Basin,Nagvati and other,466.7154,1.86,100.0
subbasin,NAG,Nagvati and other,subbasin||NAG,,East flowing rivers between Mahanadi and Godavari Basin,Nagvati and other,watershed,C15NAG30,Watershed C15NAG30,watershed||C15NAG30,,East flowing rivers between Mahanadi and Godavari Basin,Nagvati and other,541.2258,2.16,100.0
subbasin,NAG,Nagvati and other,subbasin||NAG,,East flowing rivers between Mahanadi and Godavari Basin,Nagvati and other,watershed,C15NAG31,Watershed C15NAG31,watershed||C15NAG31,,East flowing rivers between Mahanadi and Godavari Basin,Nagvati and other,553.0089,2.2,100.0
subbasin,NAG,Nagvati and other,subbasin||NAG,,East flowing rivers between Mahanadi and Godavari Basin,Nagvati and other,watershed,C15NAG32,Watershed C15NAG32,watershed||C15NAG32,,East flowing rivers between Mahanadi and Godavari Basin,Nagvati and other,395.2696,1.58,100.0
subbasin,NAG,Nagvati and other,subbasin||NAG,,East flowing rivers between Mahanadi and Godavari Basin,Nagvati and other,watershed,C15NAG33,Watershed C15NAG33,watershed||C15NAG33,,East flowing rivers between Mahanadi and Godavari Basin,Nagvati and other,635.0426,2.53,100.0
subbasin,NAG,Nagvati and other,subbasin||NAG,,East flowing rivers between Mahanadi and Godavari Basin,Nagvati and other,watershed,C15NAG34,Watershed C15NAG34,watershed||C15NAG34,,East flowing rivers between Mahanadi and Godavari Basin,Nagvati and other,632.2303,2.52,100.0
subbasin,NAG,Nagvati and other,subbasin||NAG,,East flowing rivers between Mahanadi and Godavari Basin,Nagvati and other,watershed,C15NAG35,Watershed C15NAG35,watershed||C15NAG35,,East flowing rivers between Mahanadi and Godavari Basin,Nagvati and other,720.2103,2.87,100.0
subbasin,NAG,Nagvati and other,subbasin||NAG,,East flowing rivers between Mahanadi and Godavari Basin,Nagvati and other,watershed,C15NAG36,Watershed C15NAG36,watershed||C15NAG36,,East flowing rivers between Mahanadi and Godavari Basin,Nagvati and other,440.497,1.76,100.0
subbasin,NAG,Nagvati and other,subbasin||NAG,,East flowing rivers between Mahanadi and Godavari Basin,Nagvati and other,watershed,C15NAG37,Watershed C15NAG37,watershed||C15NAG37,,East flowing rivers between Mahanadi and Godavari Basin,Nagvati and other,844.3685,3.37,100.0
subbasin,NAG,Nagvati and other,subbasin||NAG,,East flowing rivers between Mahanadi and Godavari Basin,Nagvati and other,watershed,C15NAG38,Watershed C15NAG38,watershed||C15NAG38,,East flowing rivers between Mahanadi and Godavari Basin,Nagvati and other,741.4659,2.96,100.0
subbasin,NAG,Nagvati and other,subbasin||NAG,,East flowing rivers between Mahanadi and Godavari Basin,Nagvati and other,watershed,C15NAG39,Watershed C15NAG39,watershed||C15NAG39,,East flowing rivers between Mahanadi and Godavari Basin,Nagvati and other,631.0505,2.52,100.0
subbasin,NAG,Nagvati and other,subbasin||NAG,,East flowing rivers between Mahanadi and Godavari Basin,Nagvati and other,watershed,C15NAG40,Watershed C15NAG40,watershed||C15NAG40,,East flowing rivers between Mahanadi and Godavari Basin,Nagvati and other,751.5541,3.0,100.0
subbasin,NAG,Nagvati and other,subbasin||NAG,,East flowing rivers between Mahanadi and Godavari Basin,Nagvati and other,watershed,C15NAG41,Watershed C15NAG41,watershed||C15NAG41,,East flowing rivers between Mahanadi and Godavari Basin,Nagvati and other,616.695,2.46,100.0
subbasin,NAO,Naoch chara and others,subbasin||NAO,,Barak and others Basin,Naoch chara and others,watershed,D2CNAO01,Watershed D2CNAO01,watershed||D2CNAO01,,Barak and others Basin,Naoch chara and others,440.2475,5.5,100.0
subbasin,NAO,Naoch chara and others,subbasin||NAO,,Barak and others Basin,Naoch chara and others,watershed,D2CNAO02,Watershed D2CNAO02,watershed||D2CNAO02,,Barak and others Basin,Naoch chara and others,505.1754,6.31,100.0
subbasin,NAO,Naoch chara and others,subbasin||NAO,,Barak and others Basin,Naoch chara and others,watershed,D2CNAO03,Watershed D2CNAO03,watershed||D2CNAO03,,Barak and others Basin,Naoch chara and others,582.9939,7.28,100.0
subbasin,NAO,Naoch chara and others,subbasin||NAO,,Barak and others Basin,Naoch chara and others,watershed,D2CNAO04,Watershed D2CNAO04,watershed||D2CNAO04,,Barak and others Basin,Naoch chara and others,694.9113,8.68,100.0
subbasin,NAO,Naoch chara and others,subbasin||NAO,,Barak and others Basin,Naoch chara and others,watershed,D2CNAO05,Watershed D2CNAO05,watershed||D2CNAO05,,Barak and others Basin,Naoch chara and others,611.5488,7.64,100.0
subbasin,NAO,Naoch chara and others,subbasin||NAO,,Barak and others Basin,Naoch chara and others,watershed,D2CNAO06,Watershed D2CNAO06,watershed||D2CNAO06,,Barak and others Basin,Naoch chara and others,621.4382,7.76,100.0
subbasin,NAO,Naoch chara and others,subbasin||NAO,,Barak and others Basin,Naoch chara and others,watershed,D2CNAO07,Watershed D2CNAO07,watershed||D2CNAO07,,Barak and others Basin,Naoch chara and others,732.9923,9.16,100.0
subbasin,NAO,Naoch chara and others,subbasin||NAO,,Barak and others Basin,Naoch chara and others,watershed,D2CNAO08,Watershed D2CNAO08,watershed||D2CNAO08,,Barak and others Basin,Naoch chara and others,582.4825,7.28,100.0
subbasin,NAO,Naoch chara and others,subbasin||NAO,,Barak and others Basin,Naoch chara and others,watershed,D2CNAO09,Watershed D2CNAO09,watershed||D2CNAO09,,Barak and others Basin,Naoch chara and others,771.0654,9.63,100.0
subbasin,NAO,Naoch chara and others,subbasin||NAO,,Barak and others Basin,Naoch chara and others,watershed,D2CNAO10,Watershed D2CNAO10,watershed||D2CNAO10,,Barak and others Basin,Naoch chara and others,891.0079,11.13,100.0
subbasin,NAO,Naoch chara and others,subbasin||NAO,,Barak and others Basin,Naoch chara and others,watershed,D2CNAO11,Watershed D2CNAO11,watershed||D2CNAO11,,Barak and others Basin,Naoch chara and others,532.4178,6.65,100.0
subbasin,NAO,Naoch chara and others,subbasin||NAO,,Barak and others Basin,Naoch chara and others,watershed,D2CNAO12,Watershed D2CNAO12,watershed||D2CNAO12,,Barak and others Basin,Naoch chara and others,399.1747,4.99,100.0
subbasin,NAO,Naoch chara and others,subbasin||NAO,,Barak and others Basin,Naoch chara and others,watershed,D2CNAO13,Watershed D2CNAO13,watershed||D2CNAO13,,Barak and others Basin,Naoch chara and others,638.7479,7.98,100.0
subbasin,NAL,Narmada Lower,subbasin||NAL,,Narmada Basin,Narmada Lower,watershed,B12NAL01,Watershed B12NAL01,watershed||B12NAL01,,Narmada Basin,Narmada Lower,653.0722,6.46,100.0
subbasin,NAL,Narmada Lower,subbasin||NAL,,Narmada Basin,Narmada Lower,watershed,B12NAL02,Watershed B12NAL02,watershed||B12NAL02,,Narmada Basin,Narmada Lower,499.2597,4.94,100.0
subbasin,NAL,Narmada Lower,subbasin||NAL,,Narmada Basin,Narmada Lower,watershed,B12NAL03,Watershed B12NAL03,watershed||B12NAL03,,Narmada Basin,Narmada Lower,428.0087,4.24,100.0
subbasin,NAL,Narmada Lower,subbasin||NAL,,Narmada Basin,Narmada Lower,watershed,B12NAL04,Watershed B12NAL04,watershed||B12NAL04,,Narmada Basin,Narmada Lower,534.6563,5.29,100.0
subbasin,NAL,Narmada Lower,subbasin||NAL,,Narmada Basin,Narmada Lower,watershed,B12NAL05,Watershed B12NAL05,watershed||B12NAL05,,Narmada Basin,Narmada Lower,585.8938,5.8,100.0
subbasin,NAL,Narmada Lower,subbasin||NAL,,Narmada Basin,Narmada Lower,watershed,B12NAL06,Watershed B12NAL06,watershed||B12NAL06,,Narmada Basin,Narmada Lower,763.0146,7.55,100.0
subbasin,NAL,Narmada Lower,subbasin||NAL,,Narmada Basin,Narmada Lower,watershed,B12NAL07,Watershed B12NAL07,watershed||B12NAL07,,Narmada Basin,Narmada Lower,501.2376,4.96,100.0
subbasin,NAL,Narmada Lower,subbasin||NAL,,Narmada Basin,Narmada Lower,watershed,B12NAL08,Watershed B12NAL08,watershed||B12NAL08,,Narmada Basin,Narmada Lower,400.6581,3.97,100.0
subbasin,NAL,Narmada Lower,subbasin||NAL,,Narmada Basin,Narmada Lower,watershed,B12NAL09,Watershed B12NAL09,watershed||B12NAL09,,Narmada Basin,Narmada Lower,779.3918,7.71,100.0
subbasin,NAL,Narmada Lower,subbasin||NAL,,Narmada Basin,Narmada Lower,watershed,B12NAL10,Watershed B12NAL10,watershed||B12NAL10,,Narmada Basin,Narmada Lower,675.9884,6.69,100.0
subbasin,NAL,Narmada Lower,subbasin||NAL,,Narmada Basin,Narmada Lower,watershed,B12NAL11,Watershed B12NAL11,watershed||B12NAL11,,Narmada Basin,Narmada Lower,706.5966,6.99,100.0
subbasin,NAL,Narmada Lower,subbasin||NAL,,Narmada Basin,Narmada Lower,watershed,B12NAL12,Watershed B12NAL12,watershed||B12NAL12,,Narmada Basin,Narmada Lower,514.1914,5.09,100.0
subbasin,NAL,Narmada Lower,subbasin||NAL,,Narmada Basin,Narmada Lower,watershed,B12NAL13,Watershed B12NAL13,watershed||B12NAL13,,Narmada Basin,Narmada Lower,586.2456,5.8,100.0
subbasin,NAL,Narmada Lower,subbasin||NAL,,Narmada Basin,Narmada Lower,watershed,B12NAL14,Watershed B12NAL14,watershed||B12NAL14,,Narmada Basin,Narmada Lower,622.6354,6.16,100.0
subbasin,NAL,Narmada Lower,subbasin||NAL,,Narmada Basin,Narmada Lower,watershed,B12NAL15,Watershed B12NAL15,watershed||B12NAL15,,Narmada Basin,Narmada Lower,974.8688,9.65,100.0
subbasin,NAL,Narmada Lower,subbasin||NAL,,Narmada Basin,Narmada Lower,watershed,B12NAL16,Watershed B12NAL16,watershed||B12NAL16,,Narmada Basin,Narmada Lower,876.7959,8.68,100.0
subbasin,NAM,Narmada Middle,subbasin||NAM,,Narmada Basin,Narmada Middle,watershed,B12NAM01,Watershed B12NAM01,watershed||B12NAM01,,Narmada Basin,Narmada Middle,556.8997,1.32,100.0
subbasin,NAM,Narmada Middle,subbasin||NAM,,Narmada Basin,Narmada Middle,watershed,B12NAM02,Watershed B12NAM02,watershed||B12NAM02,,Narmada Basin,Narmada Middle,718.918,1.71,100.0
subbasin,NAM,Narmada Middle,subbasin||NAM,,Narmada Basin,Narmada Middle,watershed,B12NAM03,Watershed B12NAM03,watershed||B12NAM03,,Narmada Basin,Narmada Middle,449.6645,1.07,100.0
subbasin,NAM,Narmada Middle,subbasin||NAM,,Narmada Basin,Narmada Middle,watershed,B12NAM04,Watershed B12NAM04,watershed||B12NAM04,,Narmada Basin,Narmada Middle,534.9314,1.27,100.0
subbasin,NAM,Narmada Middle,subbasin||NAM,,Narmada Basin,Narmada Middle,watershed,B12NAM05,Watershed B12NAM05,watershed||B12NAM05,,Narmada Basin,Narmada Middle,701.6122,1.66,100.0
subbasin,NAM,Narmada Middle,subbasin||NAM,,Narmada Basin,Narmada Middle,watershed,B12NAM06,Watershed B12NAM06,watershed||B12NAM06,,Narmada Basin,Narmada Middle,572.5625,1.36,100.0
subbasin,NAM,Narmada Middle,subbasin||NAM,,Narmada Basin,Narmada Middle,watershed,B12NAM07,Watershed B12NAM07,watershed||B12NAM07,,Narmada Basin,Narmada Middle,803.639,1.91,100.0
subbasin,NAM,Narmada Middle,subbasin||NAM,,Narmada Basin,Narmada Middle,watershed,B12NAM08,Watershed B12NAM08,watershed||B12NAM08,,Narmada Basin,Narmada Middle,679.7844,1.61,100.0
subbasin,NAM,Narmada Middle,subbasin||NAM,,Narmada Basin,Narmada Middle,watershed,B12NAM09,Watershed B12NAM09,watershed||B12NAM09,,Narmada Basin,Narmada Middle,351.3154,0.83,100.0
subbasin,NAM,Narmada Middle,subbasin||NAM,,Narmada Basin,Narmada Middle,watershed,B12NAM10,Watershed B12NAM10,watershed||B12NAM10,,Narmada Basin,Narmada Middle,587.1373,1.39,100.0
subbasin,NAM,Narmada Middle,subbasin||NAM,,Narmada Basin,Narmada Middle,watershed,B12NAM11,Watershed B12NAM11,watershed||B12NAM11,,Narmada Basin,Narmada Middle,494.4405,1.17,100.0
subbasin,NAM,Narmada Middle,subbasin||NAM,,Narmada Basin,Narmada Middle,watershed,B12NAM12,Watershed B12NAM12,watershed||B12NAM12,,Narmada Basin,Narmada Middle,532.9327,1.26,100.0
subbasin,NAM,Narmada Middle,subbasin||NAM,,Narmada Basin,Narmada Middle,watershed,B12NAM13,Watershed B12NAM13,watershed||B12NAM13,,Narmada Basin,Narmada Middle,605.3488,1.44,100.0
subbasin,NAM,Narmada Middle,subbasin||NAM,,Narmada Basin,Narmada Middle,watershed,B12NAM14,Watershed B12NAM14,watershed||B12NAM14,,Narmada Basin,Narmada Middle,560.3673,1.33,100.0
subbasin,NAM,Narmada Middle,subbasin||NAM,,Narmada Basin,Narmada Middle,watershed,B12NAM15,Watershed B12NAM15,watershed||B12NAM15,,Narmada Basin,Narmada Middle,570.5535,1.35,100.0
subbasin,NAM,Narmada Middle,subbasin||NAM,,Narmada Basin,Narmada Middle,watershed,B12NAM16,Watershed B12NAM16,watershed||B12NAM16,,Narmada Basin,Narmada Middle,655.6721,1.56,100.0
subbasin,NAM,Narmada Middle,subbasin||NAM,,Narmada Basin,Narmada Middle,watershed,B12NAM17,Watershed B12NAM17,watershed||B12NAM17,,Narmada Basin,Narmada Middle,764.7308,1.81,100.0
subbasin,NAM,Narmada Middle,subbasin||NAM,,Narmada Basin,Narmada Middle,watershed,B12NAM18,Watershed B12NAM18,watershed||B12NAM18,,Narmada Basin,Narmada Middle,991.0068,2.35,100.0
subbasin,NAM,Narmada Middle,subbasin||NAM,,Narmada Basin,Narmada Middle,watershed,B12NAM19,Watershed B12NAM19,watershed||B12NAM19,,Narmada Basin,Narmada Middle,359.3807,0.85,100.0
subbasin,NAM,Narmada Middle,subbasin||NAM,,Narmada Basin,Narmada Middle,watershed,B12NAM20,Watershed B12NAM20,watershed||B12NAM20,,Narmada Basin,Narmada Middle,539.9019,1.28,100.0
subbasin,NAM,Narmada Middle,subbasin||NAM,,Narmada Basin,Narmada Middle,watershed,B12NAM21,Watershed B12NAM21,watershed||B12NAM21,,Narmada Basin,Narmada Middle,775.3476,1.84,100.0
subbasin,NAM,Narmada Middle,subbasin||NAM,,Narmada Basin,Narmada Middle,watershed,B12NAM22,Watershed B12NAM22,watershed||B12NAM22,,Narmada Basin,Narmada Middle,635.2072,1.51,100.0
subbasin,NAM,Narmada Middle,subbasin||NAM,,Narmada Basin,Narmada Middle,watershed,B12NAM23,Watershed B12NAM23,watershed||B12NAM23,,Narmada Basin,Narmada Middle,732.2772,1.74,100.0
subbasin,NAM,Narmada Middle,subbasin||NAM,,Narmada Basin,Narmada Middle,watershed,B12NAM24,Watershed B12NAM24,watershed||B12NAM24,,Narmada Basin,Narmada Middle,748.1231,1.77,100.0
subbasin,NAM,Narmada Middle,subbasin||NAM,,Narmada Basin,Narmada Middle,watershed,B12NAM25,Watershed B12NAM25,watershed||B12NAM25,,Narmada Basin,Narmada Middle,658.706,1.56,100.0
subbasin,NAM,Narmada Middle,subbasin||NAM,,Narmada Basin,Narmada Middle,watershed,B12NAM26,Watershed B12NAM26,watershed||B12NAM26,,Narmada Basin,Narmada Middle,512.1799,1.21,100.0
subbasin,NAM,Narmada Middle,subbasin||NAM,,Narmada Basin,Narmada Middle,watershed,B12NAM27,Watershed B12NAM27,watershed||B12NAM27,,Narmada Basin,Narmada Middle,876.2236,2.08,100.0
subbasin,NAM,Narmada Middle,subbasin||NAM,,Narmada Basin,Narmada Middle,watershed,B12NAM28,Watershed B12NAM28,watershed||B12NAM28,,Narmada Basin,Narmada Middle,567.5951,1.35,100.0
subbasin,NAM,Narmada Middle,subbasin||NAM,,Narmada Basin,Narmada Middle,watershed,B12NAM29,Watershed B12NAM29,watershed||B12NAM29,,Narmada Basin,Narmada Middle,614.6314,1.46,100.0
subbasin,NAM,Narmada Middle,subbasin||NAM,,Narmada Basin,Narmada Middle,watershed,B12NAM30,Watershed B12NAM30,watershed||B12NAM30,,Narmada Basin,Narmada Middle,451.6399,1.07,100.0
subbasin,NAM,Narmada Middle,subbasin||NAM,,Narmada Basin,Narmada Middle,watershed,B12NAM31,Watershed B12NAM31,watershed||B12NAM31,,Narmada Basin,Narmada Middle,491.2322,1.17,100.0
subbasin,NAM,Narmada Middle,subbasin||NAM,,Narmada Basin,Narmada Middle,watershed,B12NAM32,Watershed B12NAM32,watershed||B12NAM32,,Narmada Basin,Narmada Middle,453.196,1.07,100.0
subbasin,NAM,Narmada Middle,subbasin||NAM,,Narmada Basin,Narmada Middle,watershed,B12NAM33,Watershed B12NAM33,watershed||B12NAM33,,Narmada Basin,Narmada Middle,389.6845,0.92,100.0
subbasin,NAM,Narmada Middle,subbasin||NAM,,Narmada Basin,Narmada Middle,watershed,B12NAM34,Watershed B12NAM34,watershed||B12NAM34,,Narmada Basin,Narmada Middle,856.5922,2.03,100.0
subbasin,NAM,Narmada Middle,subbasin||NAM,,Narmada Basin,Narmada Middle,watershed,B12NAM35,Watershed B12NAM35,watershed||B12NAM35,,Narmada Basin,Narmada Middle,994.6637,2.36,100.0
subbasin,NAM,Narmada Middle,subbasin||NAM,,Narmada Basin,Narmada Middle,watershed,B12NAM36,Watershed B12NAM36,watershed||B12NAM36,,Narmada Basin,Narmada Middle,573.0569,1.36,100.0
subbasin,NAM,Narmada Middle,subbasin||NAM,,Narmada Basin,Narmada Middle,watershed,B12NAM37,Watershed B12NAM37,watershed||B12NAM37,,Narmada Basin,Narmada Middle,678.93,1.61,100.0
subbasin,NAM,Narmada Middle,subbasin||NAM,,Narmada Basin,Narmada Middle,watershed,B12NAM38,Watershed B12NAM38,watershed||B12NAM38,,Narmada Basin,Narmada Middle,775.7175,1.84,100.0
subbasin,NAM,Narmada Middle,subbasin||NAM,,Narmada Basin,Narmada Middle,watershed,B12NAM39,Watershed B12NAM39,watershed||B12NAM39,,Narmada Basin,Narmada Middle,924.0554,2.19,100.0
subbasin,NAM,Narmada Middle,subbasin||NAM,,Narmada Basin,Narmada Middle,watershed,B12NAM40,Watershed B12NAM40,watershed||B12NAM40,,Narmada Basin,Narmada Middle,752.4508,1.78,100.0
subbasin,NAM,Narmada Middle,subbasin||NAM,,Narmada Basin,Narmada Middle,watershed,B12NAM41,Watershed B12NAM41,watershed||B12NAM41,,Narmada Basin,Narmada Middle,904.1722,2.14,100.0
subbasin,NAM,Narmada Middle,subbasin||NAM,,Narmada Basin,Narmada Middle,watershed,B12NAM42,Watershed B12NAM42,watershed||B12NAM42,,Narmada Basin,Narmada Middle,561.0298,1.33,100.0
subbasin,NAM,Narmada Middle,subbasin||NAM,,Narmada Basin,Narmada Middle,watershed,B12NAM43,Watershed B12NAM43,watershed||B12NAM43,,Narmada Basin,Narmada Middle,768.5027,1.82,100.0
subbasin,NAM,Narmada Middle,subbasin||NAM,,Narmada Basin,Narmada Middle,watershed,B12NAM44,Watershed B12NAM44,watershed||B12NAM44,,Narmada Basin,Narmada Middle,815.692,1.93,100.0
subbasin,NAM,Narmada Middle,subbasin||NAM,,Narmada Basin,Narmada Middle,watershed,B12NAM45,Watershed B12NAM45,watershed||B12NAM45,,Narmada Basin,Narmada Middle,774.3577,1.84,100.0
subbasin,NAM,Narmada Middle,subbasin||NAM,,Narmada Basin,Narmada Middle,watershed,B12NAM46,Watershed B12NAM46,watershed||B12NAM46,,Narmada Basin,Narmada Middle,851.5803,2.02,100.0
subbasin,NAM,Narmada Middle,subbasin||NAM,,Narmada Basin,Narmada Middle,watershed,B12NAM47,Watershed B12NAM47,watershed||B12NAM47,,Narmada Basin,Narmada Middle,676.453,1.6,100.0
subbasin,NAM,Narmada Middle,subbasin||NAM,,Narmada Basin,Narmada Middle,watershed,B12NAM48,Watershed B12NAM48,watershed||B12NAM48,,Narmada Basin,Narmada Middle,818.4397,1.94,100.0
subbasin,NAM,Narmada Middle,subbasin||NAM,,Narmada Basin,Narmada Middle,watershed,B12NAM49,Watershed B12NAM49,watershed||B12NAM49,,Narmada Basin,Narmada Middle,820.9262,1.95,100.0
subbasin,NAM,Narmada Middle,subbasin||NAM,,Narmada Basin,Narmada Middle,watershed,B12NAM50,Watershed B12NAM50,watershed||B12NAM50,,Narmada Basin,Narmada Middle,497.4068,1.18,100.0
subbasin,NAM,Narmada Middle,subbasin||NAM,,Narmada Basin,Narmada Middle,watershed,B12NAM51,Watershed B12NAM51,watershed||B12NAM51,,Narmada Basin,Narmada Middle,701.6659,1.66,100.0
subbasin,NAM,Narmada Middle,subbasin||NAM,,Narmada Basin,Narmada Middle,watershed,B12NAM52,Watershed B12NAM52,watershed||B12NAM52,,Narmada Basin,Narmada Middle,812.9609,1.93,100.0
subbasin,NAM,Narmada Middle,subbasin||NAM,,Narmada Basin,Narmada Middle,watershed,B12NAM53,Watershed B12NAM53,watershed||B12NAM53,,Narmada Basin,Narmada Middle,595.5544,1.41,100.0
subbasin,NAM,Narmada Middle,subbasin||NAM,,Narmada Basin,Narmada Middle,watershed,B12NAM54,Watershed B12NAM54,watershed||B12NAM54,,Narmada Basin,Narmada Middle,845.9642,2.01,100.0
subbasin,NAM,Narmada Middle,subbasin||NAM,,Narmada Basin,Narmada Middle,watershed,B12NAM55,Watershed B12NAM55,watershed||B12NAM55,,Narmada Basin,Narmada Middle,969.0212,2.3,100.0
subbasin,NAM,Narmada Middle,subbasin||NAM,,Narmada Basin,Narmada Middle,watershed,B12NAM56,Watershed B12NAM56,watershed||B12NAM56,,Narmada Basin,Narmada Middle,518.3393,1.23,100.0
subbasin,NAM,Narmada Middle,subbasin||NAM,,Narmada Basin,Narmada Middle,watershed,B12NAM57,Watershed B12NAM57,watershed||B12NAM57,,Narmada Basin,Narmada Middle,770.3003,1.83,100.0
subbasin,NAM,Narmada Middle,subbasin||NAM,,Narmada Basin,Narmada Middle,watershed,B12NAM58,Watershed B12NAM58,watershed||B12NAM58,,Narmada Basin,Narmada Middle,874.1985,2.07,100.0
subbasin,NAM,Narmada Middle,subbasin||NAM,,Narmada Basin,Narmada Middle,watershed,B12NAM59,Watershed B12NAM59,watershed||B12NAM59,,Narmada Basin,Narmada Middle,374.7026,0.89,100.0
subbasin,NAM,Narmada Middle,subbasin||NAM,,Narmada Basin,Narmada Middle,watershed,B12NAM60,Watershed B12NAM60,watershed||B12NAM60,,Narmada Basin,Narmada Middle,855.0759,2.03,100.0
subbasin,NAM,Narmada Middle,subbasin||NAM,,Narmada Basin,Narmada Middle,watershed,B12NAM61,Watershed B12NAM61,watershed||B12NAM61,,Narmada Basin,Narmada Middle,621.8145,1.47,100.0
subbasin,NAM,Narmada Middle,subbasin||NAM,,Narmada Basin,Narmada Middle,watershed,B12NAM62,Watershed B12NAM62,watershed||B12NAM62,,Narmada Basin,Narmada Middle,472.9329,1.12,100.0
subbasin,NAM,Narmada Middle,subbasin||NAM,,Narmada Basin,Narmada Middle,watershed,B12NAM63,Watershed B12NAM63,watershed||B12NAM63,,Narmada Basin,Narmada Middle,766.0285,1.82,100.0
subbasin,NAU,Narmada Upper,subbasin||NAU,,Narmada Basin,Narmada Upper,watershed,B12NAU01,Watershed B12NAU01,watershed||B12NAU01,,Narmada Basin,Narmada Upper,603.7889,1.34,100.0
subbasin,NAU,Narmada Upper,subbasin||NAU,,Narmada Basin,Narmada Upper,watershed,B12NAU02,Watershed B12NAU02,watershed||B12NAU02,,Narmada Basin,Narmada Upper,354.567,0.79,100.0
subbasin,NAU,Narmada Upper,subbasin||NAU,,Narmada Basin,Narmada Upper,watershed,B12NAU03,Watershed B12NAU03,watershed||B12NAU03,,Narmada Basin,Narmada Upper,414.0435,0.92,100.0
subbasin,NAU,Narmada Upper,subbasin||NAU,,Narmada Basin,Narmada Upper,watershed,B12NAU04,Watershed B12NAU04,watershed||B12NAU04,,Narmada Basin,Narmada Upper,667.1348,1.49,100.0
subbasin,NAU,Narmada Upper,subbasin||NAU,,Narmada Basin,Narmada Upper,watershed,B12NAU05,Watershed B12NAU05,watershed||B12NAU05,,Narmada Basin,Narmada Upper,513.414,1.14,100.0
subbasin,NAU,Narmada Upper,subbasin||NAU,,Narmada Basin,Narmada Upper,watershed,B12NAU06,Watershed B12NAU06,watershed||B12NAU06,,Narmada Basin,Narmada Upper,457.583,1.02,100.0
subbasin,NAU,Narmada Upper,subbasin||NAU,,Narmada Basin,Narmada Upper,watershed,B12NAU07,Watershed B12NAU07,watershed||B12NAU07,,Narmada Basin,Narmada Upper,452.1798,1.01,100.0
subbasin,NAU,Narmada Upper,subbasin||NAU,,Narmada Basin,Narmada Upper,watershed,B12NAU08,Watershed B12NAU08,watershed||B12NAU08,,Narmada Basin,Narmada Upper,793.4274,1.77,100.0
subbasin,NAU,Narmada Upper,subbasin||NAU,,Narmada Basin,Narmada Upper,watershed,B12NAU09,Watershed B12NAU09,watershed||B12NAU09,,Narmada Basin,Narmada Upper,669.6449,1.49,100.0
subbasin,NAU,Narmada Upper,subbasin||NAU,,Narmada Basin,Narmada Upper,watershed,B12NAU10,Watershed B12NAU10,watershed||B12NAU10,,Narmada Basin,Narmada Upper,819.2137,1.82,100.0
subbasin,NAU,Narmada Upper,subbasin||NAU,,Narmada Basin,Narmada Upper,watershed,B12NAU11,Watershed B12NAU11,watershed||B12NAU11,,Narmada Basin,Narmada Upper,767.6879,1.71,100.0
subbasin,NAU,Narmada Upper,subbasin||NAU,,Narmada Basin,Narmada Upper,watershed,B12NAU12,Watershed B12NAU12,watershed||B12NAU12,,Narmada Basin,Narmada Upper,523.6308,1.17,100.0
subbasin,NAU,Narmada Upper,subbasin||NAU,,Narmada Basin,Narmada Upper,watershed,B12NAU13,Watershed B12NAU13,watershed||B12NAU13,,Narmada Basin,Narmada Upper,667.3451,1.49,100.0
subbasin,NAU,Narmada Upper,subbasin||NAU,,Narmada Basin,Narmada Upper,watershed,B12NAU14,Watershed B12NAU14,watershed||B12NAU14,,Narmada Basin,Narmada Upper,566.0873,1.26,100.0
subbasin,NAU,Narmada Upper,subbasin||NAU,,Narmada Basin,Narmada Upper,watershed,B12NAU15,Watershed B12NAU15,watershed||B12NAU15,,Narmada Basin,Narmada Upper,575.5343,1.28,100.0
subbasin,NAU,Narmada Upper,subbasin||NAU,,Narmada Basin,Narmada Upper,watershed,B12NAU16,Watershed B12NAU16,watershed||B12NAU16,,Narmada Basin,Narmada Upper,569.6977,1.27,100.0
subbasin,NAU,Narmada Upper,subbasin||NAU,,Narmada Basin,Narmada Upper,watershed,B12NAU17,Watershed B12NAU17,watershed||B12NAU17,,Narmada Basin,Narmada Upper,969.7956,2.16,100.0
subbasin,NAU,Narmada Upper,subbasin||NAU,,Narmada Basin,Narmada Upper,watershed,B12NAU18,Watershed B12NAU18,watershed||B12NAU18,,Narmada Basin,Narmada Upper,718.1891,1.6,100.0
subbasin,NAU,Narmada Upper,subbasin||NAU,,Narmada Basin,Narmada Upper,watershed,B12NAU19,Watershed B12NAU19,watershed||B12NAU19,,Narmada Basin,Narmada Upper,773.7899,1.72,100.0
subbasin,NAU,Narmada Upper,subbasin||NAU,,Narmada Basin,Narmada Upper,watershed,B12NAU20,Watershed B12NAU20,watershed||B12NAU20,,Narmada Basin,Narmada Upper,888.1408,1.98,100.0
subbasin,NAU,Narmada Upper,subbasin||NAU,,Narmada Basin,Narmada Upper,watershed,B12NAU21,Watershed B12NAU21,watershed||B12NAU21,,Narmada Basin,Narmada Upper,714.4541,1.59,100.0
subbasin,NAU,Narmada Upper,subbasin||NAU,,Narmada Basin,Narmada Upper,watershed,B12NAU22,Watershed B12NAU22,watershed||B12NAU22,,Narmada Basin,Narmada Upper,459.0142,1.02,100.0
subbasin,NAU,Narmada Upper,subbasin||NAU,,Narmada Basin,Narmada Upper,watershed,B12NAU23,Watershed B12NAU23,watershed||B12NAU23,,Narmada Basin,Narmada Upper,340.0615,0.76,100.0
subbasin,NAU,Narmada Upper,subbasin||NAU,,Narmada Basin,Narmada Upper,watershed,B12NAU24,Watershed B12NAU24,watershed||B12NAU24,,Narmada Basin,Narmada Upper,768.6015,1.71,100.0
subbasin,NAU,Narmada Upper,subbasin||NAU,,Narmada Basin,Narmada Upper,watershed,B12NAU25,Watershed B12NAU25,watershed||B12NAU25,,Narmada Basin,Narmada Upper,842.2487,1.88,100.0
subbasin,NAU,Narmada Upper,subbasin||NAU,,Narmada Basin,Narmada Upper,watershed,B12NAU26,Watershed B12NAU26,watershed||B12NAU26,,Narmada Basin,Narmada Upper,513.8544,1.14,100.0
subbasin,NAU,Narmada Upper,subbasin||NAU,,Narmada Basin,Narmada Upper,watershed,B12NAU27,Watershed B12NAU27,watershed||B12NAU27,,Narmada Basin,Narmada Upper,578.2808,1.29,100.0
subbasin,NAU,Narmada Upper,subbasin||NAU,,Narmada Basin,Narmada Upper,watershed,B12NAU28,Watershed B12NAU28,watershed||B12NAU28,,Narmada Basin,Narmada Upper,547.5579,1.22,100.0
subbasin,NAU,Narmada Upper,subbasin||NAU,,Narmada Basin,Narmada Upper,watershed,B12NAU29,Watershed B12NAU29,watershed||B12NAU29,,Narmada Basin,Narmada Upper,801.2124,1.78,100.0
subbasin,NAU,Narmada Upper,subbasin||NAU,,Narmada Basin,Narmada Upper,watershed,B12NAU30,Watershed B12NAU30,watershed||B12NAU30,,Narmada Basin,Narmada Upper,769.1709,1.71,100.0
subbasin,NAU,Narmada Upper,subbasin||NAU,,Narmada Basin,Narmada Upper,watershed,B12NAU31,Watershed B12NAU31,watershed||B12NAU31,,Narmada Basin,Narmada Upper,482.1267,1.07,100.0
subbasin,NAU,Narmada Upper,subbasin||NAU,,Narmada Basin,Narmada Upper,watershed,B12NAU32,Watershed B12NAU32,watershed||B12NAU32,,Narmada Basin,Narmada Upper,666.0808,1.48,100.0
subbasin,NAU,Narmada Upper,subbasin||NAU,,Narmada Basin,Narmada Upper,watershed,B12NAU33,Watershed B12NAU33,watershed||B12NAU33,,Narmada Basin,Narmada Upper,498.3742,1.11,100.0
subbasin,NAU,Narmada Upper,subbasin||NAU,,Narmada Basin,Narmada Upper,watershed,B12NAU34,Watershed B12NAU34,watershed||B12NAU34,,Narmada Basin,Narmada Upper,721.6124,1.61,100.0
subbasin,NAU,Narmada Upper,subbasin||NAU,,Narmada Basin,Narmada Upper,watershed,B12NAU35,Watershed B12NAU35,watershed||B12NAU35,,Narmada Basin,Narmada Upper,899.5073,2.0,100.0
subbasin,NAU,Narmada Upper,subbasin||NAU,,Narmada Basin,Narmada Upper,watershed,B12NAU36,Watershed B12NAU36,watershed||B12NAU36,,Narmada Basin,Narmada Upper,611.1286,1.36,100.0
subbasin,NAU,Narmada Upper,subbasin||NAU,,Narmada Basin,Narmada Upper,watershed,B12NAU37,Watershed B12NAU37,watershed||B12NAU37,,Narmada Basin,Narmada Upper,586.2276,1.31,100.0
subbasin,NAU,Narmada Upper,subbasin||NAU,,Narmada Basin,Narmada Upper,watershed,B12NAU38,Watershed B12NAU38,watershed||B12NAU38,,Narmada Basin,Narmada Upper,531.4266,1.18,100.0
subbasin,NAU,Narmada Upper,subbasin||NAU,,Narmada Basin,Narmada Upper,watershed,B12NAU39,Watershed B12NAU39,watershed||B12NAU39,,Narmada Basin,Narmada Upper,912.7799,2.03,100.0
subbasin,NAU,Narmada Upper,subbasin||NAU,,Narmada Basin,Narmada Upper,watershed,B12NAU40,Watershed B12NAU40,watershed||B12NAU40,,Narmada Basin,Narmada Upper,482.6469,1.07,100.0
subbasin,NAU,Narmada Upper,subbasin||NAU,,Narmada Basin,Narmada Upper,watershed,B12NAU41,Watershed B12NAU41,watershed||B12NAU41,,Narmada Basin,Narmada Upper,621.8371,1.38,100.0
subbasin,NAU,Narmada Upper,subbasin||NAU,,Narmada Basin,Narmada Upper,watershed,B12NAU42,Watershed B12NAU42,watershed||B12NAU42,,Narmada Basin,Narmada Upper,666.7467,1.48,100.0
subbasin,NAU,Narmada Upper,subbasin||NAU,,Narmada Basin,Narmada Upper,watershed,B12NAU43,Watershed B12NAU43,watershed||B12NAU43,,Narmada Basin,Narmada Upper,404.0094,0.9,100.0
subbasin,NAU,Narmada Upper,subbasin||NAU,,Narmada Basin,Narmada Upper,watershed,B12NAU44,Watershed B12NAU44,watershed||B12NAU44,,Narmada Basin,Narmada Upper,612.7745,1.36,100.0
subbasin,NAU,Narmada Upper,subbasin||NAU,,Narmada Basin,Narmada Upper,watershed,B12NAU45,Watershed B12NAU45,watershed||B12NAU45,,Narmada Basin,Narmada Upper,834.8244,1.86,100.0
subbasin,NAU,Narmada Upper,subbasin||NAU,,Narmada Basin,Narmada Upper,watershed,B12NAU46,Watershed B12NAU46,watershed||B12NAU46,,Narmada Basin,Narmada Upper,579.5133,1.29,100.0
subbasin,NAU,Narmada Upper,subbasin||NAU,,Narmada Basin,Narmada Upper,watershed,B12NAU47,Watershed B12NAU47,watershed||B12NAU47,,Narmada Basin,Narmada Upper,526.4835,1.17,100.0
subbasin,NAU,Narmada Upper,subbasin||NAU,,Narmada Basin,Narmada Upper,watershed,B12NAU48,Watershed B12NAU48,watershed||B12NAU48,,Narmada Basin,Narmada Upper,349.2615,0.78,100.0
subbasin,NAU,Narmada Upper,subbasin||NAU,,Narmada Basin,Narmada Upper,watershed,B12NAU49,Watershed B12NAU49,watershed||B12NAU49,,Narmada Basin,Narmada Upper,765.5142,1.7,100.0
subbasin,NAU,Narmada Upper,subbasin||NAU,,Narmada Basin,Narmada Upper,watershed,B12NAU50,Watershed B12NAU50,watershed||B12NAU50,,Narmada Basin,Narmada Upper,737.1186,1.64,100.0
subbasin,NAU,Narmada Upper,subbasin||NAU,,Narmada Basin,Narmada Upper,watershed,B12NAU51,Watershed B12NAU51,watershed||B12NAU51,,Narmada Basin,Narmada Upper,859.7,1.91,100.0
subbasin,NAU,Narmada Upper,subbasin||NAU,,Narmada Basin,Narmada Upper,watershed,B12NAU52,Watershed B12NAU52,watershed||B12NAU52,,Narmada Basin,Narmada Upper,378.3082,0.84,100.0
subbasin,NAU,Narmada Upper,subbasin||NAU,,Narmada Basin,Narmada Upper,watershed,B12NAU53,Watershed B12NAU53,watershed||B12NAU53,,Narmada Basin,Narmada Upper,587.1742,1.31,100.0
subbasin,NAU,Narmada Upper,subbasin||NAU,,Narmada Basin,Narmada Upper,watershed,B12NAU54,Watershed B12NAU54,watershed||B12NAU54,,Narmada Basin,Narmada Upper,552.3222,1.23,100.0
subbasin,NAU,Narmada Upper,subbasin||NAU,,Narmada Basin,Narmada Upper,watershed,B12NAU55,Watershed B12NAU55,watershed||B12NAU55,,Narmada Basin,Narmada Upper,626.0805,1.39,100.0
subbasin,NAU,Narmada Upper,subbasin||NAU,,Narmada Basin,Narmada Upper,watershed,B12NAU56,Watershed B12NAU56,watershed||B12NAU56,,Narmada Basin,Narmada Upper,682.847,1.52,100.0
subbasin,NAU,Narmada Upper,subbasin||NAU,,Narmada Basin,Narmada Upper,watershed,B12NAU57,Watershed B12NAU57,watershed||B12NAU57,,Narmada Basin,Narmada Upper,490.2558,1.09,100.0
subbasin,NAU,Narmada Upper,subbasin||NAU,,Narmada Basin,Narmada Upper,watershed,B12NAU58,Watershed B12NAU58,watershed||B12NAU58,,Narmada Basin,Narmada Upper,488.8829,1.09,100.0
subbasin,NAU,Narmada Upper,subbasin||NAU,,Narmada Basin,Narmada Upper,watershed,B12NAU59,Watershed B12NAU59,watershed||B12NAU59,,Narmada Basin,Narmada Upper,573.0111,1.28,100.0
subbasin,NAU,Narmada Upper,subbasin||NAU,,Narmada Basin,Narmada Upper,watershed,B12NAU60,Watershed B12NAU60,watershed||B12NAU60,,Narmada Basin,Narmada Upper,566.5389,1.26,100.0
subbasin,NAU,Narmada Upper,subbasin||NAU,,Narmada Basin,Narmada Upper,watershed,B12NAU61,Watershed B12NAU61,watershed||B12NAU61,,Narmada Basin,Narmada Upper,591.4925,1.32,100.0
subbasin,NAU,Narmada Upper,subbasin||NAU,,Narmada Basin,Narmada Upper,watershed,B12NAU62,Watershed B12NAU62,watershed||B12NAU62,,Narmada Basin,Narmada Upper,548.642,1.22,100.0
subbasin,NAU,Narmada Upper,subbasin||NAU,,Narmada Basin,Narmada Upper,watershed,B12NAU63,Watershed B12NAU63,watershed||B12NAU63,,Narmada Basin,Narmada Upper,841.1662,1.87,100.0
subbasin,NAU,Narmada Upper,subbasin||NAU,,Narmada Basin,Narmada Upper,watershed,B12NAU64,Watershed B12NAU64,watershed||B12NAU64,,Narmada Basin,Narmada Upper,743.1046,1.65,100.0
subbasin,NAU,Narmada Upper,subbasin||NAU,,Narmada Basin,Narmada Upper,watershed,B12NAU65,Watershed B12NAU65,watershed||B12NAU65,,Narmada Basin,Narmada Upper,572.7176,1.28,100.0
subbasin,NAU,Narmada Upper,subbasin||NAU,,Narmada Basin,Narmada Upper,watershed,B12NAU66,Watershed B12NAU66,watershed||B12NAU66,,Narmada Basin,Narmada Upper,972.6435,2.17,100.0
subbasin,NAU,Narmada Upper,subbasin||NAU,,Narmada Basin,Narmada Upper,watershed,B12NAU67,Watershed B12NAU67,watershed||B12NAU67,,Narmada Basin,Narmada Upper,623.0489,1.39,100.0
subbasin,NAU,Narmada Upper,subbasin||NAU,,Narmada Basin,Narmada Upper,watershed,B12NAU68,Watershed B12NAU68,watershed||B12NAU68,,Narmada Basin,Narmada Upper,452.1768,1.01,100.0
subbasin,NAU,Narmada Upper,subbasin||NAU,,Narmada Basin,Narmada Upper,watershed,B12NAU69,Watershed B12NAU69,watershed||B12NAU69,,Narmada Basin,Narmada Upper,630.6555,1.4,100.0
subbasin,NAU,Narmada Upper,subbasin||NAU,,Narmada Basin,Narmada Upper,watershed,B12NAU70,Watershed B12NAU70,watershed||B12NAU70,,Narmada Basin,Narmada Upper,506.9461,1.13,100.0
subbasin,NAU,Narmada Upper,subbasin||NAU,,Narmada Basin,Narmada Upper,watershed,B12NAU71,Watershed B12NAU71,watershed||B12NAU71,,Narmada Basin,Narmada Upper,1025.12,2.28,100.0
subbasin,NET,Netravati and others,subbasin||NET,,West flowing rivers South of Tapi Basin,Netravati and others,watershed,B14NET01,Watershed B14NET01,watershed||B14NET01,,West flowing rivers South of Tapi Basin,Netravati and others,639.5053,3.4,100.0
subbasin,NET,Netravati and others,subbasin||NET,,West flowing rivers South of Tapi Basin,Netravati and others,watershed,B14NET02,Watershed B14NET02,watershed||B14NET02,,West flowing rivers South of Tapi Basin,Netravati and others,787.996,4.19,100.0
subbasin,NET,Netravati and others,subbasin||NET,,West flowing rivers South of Tapi Basin,Netravati and others,watershed,B14NET03,Watershed B14NET03,watershed||B14NET03,,West flowing rivers South of Tapi Basin,Netravati and others,377.1009,2.0,100.0
subbasin,NET,Netravati and others,subbasin||NET,,West flowing rivers South of Tapi Basin,Netravati and others,watershed,B14NET04,Watershed B14NET04,watershed||B14NET04,,West flowing rivers South of Tapi Basin,Netravati and others,604.1528,3.21,100.0
subbasin,NET,Netravati and others,subbasin||NET,,West flowing rivers South of Tapi Basin,Netravati and others,watershed,B14NET05,Watershed B14NET05,watershed||B14NET05,,West flowing rivers South of Tapi Basin,Netravati and others,526.3533,2.8,100.0
subbasin,NET,Netravati and others,subbasin||NET,,West flowing rivers South of Tapi Basin,Netravati and others,watershed,B14NET06,Watershed B14NET06,watershed||B14NET06,,West flowing rivers South of Tapi Basin,Netravati and others,877.8368,4.66,100.0
subbasin,NET,Netravati and others,subbasin||NET,,West flowing rivers South of Tapi Basin,Netravati and others,watershed,B14NET07,Watershed B14NET07,watershed||B14NET07,,West flowing rivers South of Tapi Basin,Netravati and others,571.5465,3.04,100.0
subbasin,NET,Netravati and others,subbasin||NET,,West flowing rivers South of Tapi Basin,Netravati and others,watershed,B14NET08,Watershed B14NET08,watershed||B14NET08,,West flowing rivers South of Tapi Basin,Netravati and others,682.2966,3.62,100.0
subbasin,NET,Netravati and others,subbasin||NET,,West flowing rivers South of Tapi Basin,Netravati and others,watershed,B14NET09,Watershed B14NET09,watershed||B14NET09,,West flowing rivers South of Tapi Basin,Netravati and others,426.8055,2.27,100.0
subbasin,NET,Netravati and others,subbasin||NET,,West flowing rivers South of Tapi Basin,Netravati and others,watershed,B14NET10,Watershed B14NET10,watershed||B14NET10,,West flowing rivers South of Tapi Basin,Netravati and others,938.1665,4.98,100.0
subbasin,NET,Netravati and others,subbasin||NET,,West flowing rivers South of Tapi Basin,Netravati and others,watershed,B14NET11,Watershed B14NET11,watershed||B14NET11,,West flowing rivers South of Tapi Basin,Netravati and others,414.3115,2.2,100.0
subbasin,NET,Netravati and others,subbasin||NET,,West flowing rivers South of Tapi Basin,Netravati and others,watershed,B14NET12,Watershed B14NET12,watershed||B14NET12,,West flowing rivers South of Tapi Basin,Netravati and others,465.37,2.47,100.0
subbasin,NET,Netravati and others,subbasin||NET,,West flowing rivers South of Tapi Basin,Netravati and others,watershed,B14NET13,Watershed B14NET13,watershed||B14NET13,,West flowing rivers South of Tapi Basin,Netravati and others,388.7762,2.07,100.0
subbasin,NET,Netravati and others,subbasin||NET,,West flowing rivers South of Tapi Basin,Netravati and others,watershed,B14NET14,Watershed B14NET14,watershed||B14NET14,,West flowing rivers South of Tapi Basin,Netravati and others,788.3062,4.19,100.0
subbasin,NET,Netravati and others,subbasin||NET,,West flowing rivers South of Tapi Basin,Netravati and others,watershed,B14NET15,Watershed B14NET15,watershed||B14NET15,,West flowing rivers South of Tapi Basin,Netravati and others,413.9173,2.2,100.0
subbasin,NET,Netravati and others,subbasin||NET,,West flowing rivers South of Tapi Basin,Netravati and others,watershed,B14NET16,Watershed B14NET16,watershed||B14NET16,,West flowing rivers South of Tapi Basin,Netravati and others,779.6371,4.14,100.0
subbasin,NET,Netravati and others,subbasin||NET,,West flowing rivers South of Tapi Basin,Netravati and others,watershed,B14NET17,Watershed B14NET17,watershed||B14NET17,,West flowing rivers South of Tapi Basin,Netravati and others,673.5846,3.58,100.0
subbasin,NET,Netravati and others,subbasin||NET,,West flowing rivers South of Tapi Basin,Netravati and others,watershed,B14NET18,Watershed B14NET18,watershed||B14NET18,,West flowing rivers South of Tapi Basin,Netravati and others,907.2102,4.82,100.0
subbasin,NET,Netravati and others,subbasin||NET,,West flowing rivers South of Tapi Basin,Netravati and others,watershed,B14NET19,Watershed B14NET19,watershed||B14NET19,,West flowing rivers South of Tapi Basin,Netravati and others,546.6105,2.9,100.0
subbasin,NET,Netravati and others,subbasin||NET,,West flowing rivers South of Tapi Basin,Netravati and others,watershed,B14NET20,Watershed B14NET20,watershed||B14NET20,,West flowing rivers South of Tapi Basin,Netravati and others,502.0931,2.67,100.0
subbasin,NET,Netravati and others,subbasin||NET,,West flowing rivers South of Tapi Basin,Netravati and others,watershed,B14NET21,Watershed B14NET21,watershed||B14NET21,,West flowing rivers South of Tapi Basin,Netravati and others,793.9751,4.22,100.0
subbasin,NET,Netravati and others,subbasin||NET,,West flowing rivers South of Tapi Basin,Netravati and others,watershed,B14NET22,Watershed B14NET22,watershed||B14NET22,,West flowing rivers South of Tapi Basin,Netravati and others,396.0259,2.1,100.0
subbasin,NET,Netravati and others,subbasin||NET,,West flowing rivers South of Tapi Basin,Netravati and others,watershed,B14NET23,Watershed B14NET23,watershed||B14NET23,,West flowing rivers South of Tapi Basin,Netravati and others,522.9211,2.78,100.0
subbasin,NET,Netravati and others,subbasin||NET,,West flowing rivers South of Tapi Basin,Netravati and others,watershed,B14NET24,Watershed B14NET24,watershed||B14NET24,,West flowing rivers South of Tapi Basin,Netravati and others,402.121,2.14,100.0
subbasin,NET,Netravati and others,subbasin||NET,,West flowing rivers South of Tapi Basin,Netravati and others,watershed,B14NET25,Watershed B14NET25,watershed||B14NET25,,West flowing rivers South of Tapi Basin,Netravati and others,492.7253,2.62,100.0
subbasin,NET,Netravati and others,subbasin||NET,,West flowing rivers South of Tapi Basin,Netravati and others,watershed,B14NET26,Watershed B14NET26,watershed||B14NET26,,West flowing rivers South of Tapi Basin,Netravati and others,606.5401,3.22,100.0
subbasin,NET,Netravati and others,subbasin||NET,,West flowing rivers South of Tapi Basin,Netravati and others,watershed,B14NET27,Watershed B14NET27,watershed||B14NET27,,West flowing rivers South of Tapi Basin,Netravati and others,483.8946,2.57,100.0
subbasin,NET,Netravati and others,subbasin||NET,,West flowing rivers South of Tapi Basin,Netravati and others,watershed,B14NET28,Watershed B14NET28,watershed||B14NET28,,West flowing rivers South of Tapi Basin,Netravati and others,588.481,3.13,100.0
subbasin,NET,Netravati and others,subbasin||NET,,West flowing rivers South of Tapi Basin,Netravati and others,watershed,B14NET29,Watershed B14NET29,watershed||B14NET29,,West flowing rivers South of Tapi Basin,Netravati and others,318.0231,1.69,100.0
subbasin,NET,Netravati and others,subbasin||NET,,West flowing rivers South of Tapi Basin,Netravati and others,watershed,B14NET30,Watershed B14NET30,watershed||B14NET30,,West flowing rivers South of Tapi Basin,Netravati and others,781.6573,4.15,100.0
subbasin,NET,Netravati and others,subbasin||NET,,West flowing rivers South of Tapi Basin,Netravati and others,watershed,B14NET31,Watershed B14NET31,watershed||B14NET31,,West flowing rivers South of Tapi Basin,Netravati and others,545.391,2.9,100.0
subbasin,NET,Netravati and others,subbasin||NET,,West flowing rivers South of Tapi Basin,Netravati and others,watershed,B14NET32,Watershed B14NET32,watershed||B14NET32,,West flowing rivers South of Tapi Basin,Netravati and others,581.8613,3.09,100.0
subbasin,PAL,Palar and other,subbasin||PAL,,East flowing rivers between Pennar and Cauvery Basin,Palar and other,watershed,C18PAL01,Watershed C18PAL01,watershed||C18PAL01,,East flowing rivers between Pennar and Cauvery Basin,Palar and other,501.5424,1.41,100.0
subbasin,PAL,Palar and other,subbasin||PAL,,East flowing rivers between Pennar and Cauvery Basin,Palar and other,watershed,C18PAL02,Watershed C18PAL02,watershed||C18PAL02,,East flowing rivers between Pennar and Cauvery Basin,Palar and other,546.9424,1.54,100.0
subbasin,PAL,Palar and other,subbasin||PAL,,East flowing rivers between Pennar and Cauvery Basin,Palar and other,watershed,C18PAL03,Watershed C18PAL03,watershed||C18PAL03,,East flowing rivers between Pennar and Cauvery Basin,Palar and other,644.2007,1.81,100.0
subbasin,PAL,Palar and other,subbasin||PAL,,East flowing rivers between Pennar and Cauvery Basin,Palar and other,watershed,C18PAL04,Watershed C18PAL04,watershed||C18PAL04,,East flowing rivers between Pennar and Cauvery Basin,Palar and other,592.9531,1.67,100.0
subbasin,PAL,Palar and other,subbasin||PAL,,East flowing rivers between Pennar and Cauvery Basin,Palar and other,watershed,C18PAL05,Watershed C18PAL05,watershed||C18PAL05,,East flowing rivers between Pennar and Cauvery Basin,Palar and other,611.0808,1.72,100.0
subbasin,PAL,Palar and other,subbasin||PAL,,East flowing rivers between Pennar and Cauvery Basin,Palar and other,watershed,C18PAL06,Watershed C18PAL06,watershed||C18PAL06,,East flowing rivers between Pennar and Cauvery Basin,Palar and other,776.9997,2.18,100.0
subbasin,PAL,Palar and other,subbasin||PAL,,East flowing rivers between Pennar and Cauvery Basin,Palar and other,watershed,C18PAL07,Watershed C18PAL07,watershed||C18PAL07,,East flowing rivers between Pennar and Cauvery Basin,Palar and other,556.1842,1.56,100.0
subbasin,PAL,Palar and other,subbasin||PAL,,East flowing rivers between Pennar and Cauvery Basin,Palar and other,watershed,C18PAL08,Watershed C18PAL08,watershed||C18PAL08,,East flowing rivers between Pennar and Cauvery Basin,Palar and other,598.8312,1.68,100.0
subbasin,PAL,Palar and other,subbasin||PAL,,East flowing rivers between Pennar and Cauvery Basin,Palar and other,watershed,C18PAL09,Watershed C18PAL09,watershed||C18PAL09,,East flowing rivers between Pennar and Cauvery Basin,Palar and other,940.7059,2.65,100.0
subbasin,PAL,Palar and other,subbasin||PAL,,East flowing rivers between Pennar and Cauvery Basin,Palar and other,watershed,C18PAL10,Watershed C18PAL10,watershed||C18PAL10,,East flowing rivers between Pennar and Cauvery Basin,Palar and other,446.6125,1.26,100.0
subbasin,PAL,Palar and other,subbasin||PAL,,East flowing rivers between Pennar and Cauvery Basin,Palar and other,watershed,C18PAL11,Watershed C18PAL11,watershed||C18PAL11,,East flowing rivers between Pennar and Cauvery Basin,Palar and other,578.048,1.63,100.0
subbasin,PAL,Palar and other,subbasin||PAL,,East flowing rivers between Pennar and Cauvery Basin,Palar and other,watershed,C18PAL12,Watershed C18PAL12,watershed||C18PAL12,,East flowing rivers between Pennar and Cauvery Basin,Palar and other,706.3248,1.99,100.0
subbasin,PAL,Palar and other,subbasin||PAL,,East flowing rivers between Pennar and Cauvery Basin,Palar and other,watershed,C18PAL13,Watershed C18PAL13,watershed||C18PAL13,,East flowing rivers between Pennar and Cauvery Basin,Palar and other,781.6279,2.2,100.0
subbasin,PAL,Palar and other,subbasin||PAL,,East flowing rivers between Pennar and Cauvery Basin,Palar and other,watershed,C18PAL14,Watershed C18PAL14,watershed||C18PAL14,,East flowing rivers between Pennar and Cauvery Basin,Palar and other,679.0925,1.91,100.0
subbasin,PAL,Palar and other,subbasin||PAL,,East flowing rivers between Pennar and Cauvery Basin,Palar and other,watershed,C18PAL15,Watershed C18PAL15,watershed||C18PAL15,,East flowing rivers between Pennar and Cauvery Basin,Palar and other,721.0731,2.03,100.0
subbasin,PAL,Palar and other,subbasin||PAL,,East flowing rivers between Pennar and Cauvery Basin,Palar and other,watershed,C18PAL16,Watershed C18PAL16,watershed||C18PAL16,,East flowing rivers between Pennar and Cauvery Basin,Palar and other,535.5923,1.51,100.0
subbasin,PAL,Palar and other,subbasin||PAL,,East flowing rivers between Pennar and Cauvery Basin,Palar and other,watershed,C18PAL17,Watershed C18PAL17,watershed||C18PAL17,,East flowing rivers between Pennar and Cauvery Basin,Palar and other,581.1089,1.63,100.0
subbasin,PAL,Palar and other,subbasin||PAL,,East flowing rivers between Pennar and Cauvery Basin,Palar and other,watershed,C18PAL18,Watershed C18PAL18,watershed||C18PAL18,,East flowing rivers between Pennar and Cauvery Basin,Palar and other,533.6358,1.5,100.0
subbasin,PAL,Palar and other,subbasin||PAL,,East flowing rivers between Pennar and Cauvery Basin,Palar and other,watershed,C18PAL19,Watershed C18PAL19,watershed||C18PAL19,,East flowing rivers between Pennar and Cauvery Basin,Palar and other,520.6035,1.46,100.0
subbasin,PAL,Palar and other,subbasin||PAL,,East flowing rivers between Pennar and Cauvery Basin,Palar and other,watershed,C18PAL20,Watershed C18PAL20,watershed||C18PAL20,,East flowing rivers between Pennar and Cauvery Basin,Palar and other,355.8236,1.0,100.0
subbasin,PAL,Palar and other,subbasin||PAL,,East flowing rivers between Pennar and Cauvery Basin,Palar and other,watershed,C18PAL21,Watershed C18PAL21,watershed||C18PAL21,,East flowing rivers between Pennar and Cauvery Basin,Palar and other,631.1977,1.77,100.0
subbasin,PAL,Palar and other,subbasin||PAL,,East flowing rivers between Pennar and Cauvery Basin,Palar and other,watershed,C18PAL22,Watershed C18PAL22,watershed||C18PAL22,,East flowing rivers between Pennar and Cauvery Basin,Palar and other,862.2501,2.42,100.0
subbasin,PAL,Palar and other,subbasin||PAL,,East flowing rivers between Pennar and Cauvery Basin,Palar and other,watershed,C18PAL23,Watershed C18PAL23,watershed||C18PAL23,,East flowing rivers between Pennar and Cauvery Basin,Palar and other,624.194,1.76,100.0
subbasin,PAL,Palar and other,subbasin||PAL,,East flowing rivers between Pennar and Cauvery Basin,Palar and other,watershed,C18PAL24,Watershed C18PAL24,watershed||C18PAL24,,East flowing rivers between Pennar and Cauvery Basin,Palar and other,826.5181,2.32,100.0
subbasin,PAL,Palar and other,subbasin||PAL,,East flowing rivers between Pennar and Cauvery Basin,Palar and other,watershed,C18PAL25,Watershed C18PAL25,watershed||C18PAL25,,East flowing rivers between Pennar and Cauvery Basin,Palar and other,467.9749,1.32,100.0
subbasin,PAL,Palar and other,subbasin||PAL,,East flowing rivers between Pennar and Cauvery Basin,Palar and other,watershed,C18PAL26,Watershed C18PAL26,watershed||C18PAL26,,East flowing rivers between Pennar and Cauvery Basin,Palar and other,629.6493,1.77,100.0
subbasin,PAL,Palar and other,subbasin||PAL,,East flowing rivers between Pennar and Cauvery Basin,Palar and other,watershed,C18PAL27,Watershed C18PAL27,watershed||C18PAL27,,East flowing rivers between Pennar and Cauvery Basin,Palar and other,669.652,1.88,100.0
subbasin,PAL,Palar and other,subbasin||PAL,,East flowing rivers between Pennar and Cauvery Basin,Palar and other,watershed,C18PAL28,Watershed C18PAL28,watershed||C18PAL28,,East flowing rivers between Pennar and Cauvery Basin,Palar and other,731.513,2.06,100.0
subbasin,PAL,Palar and other,subbasin||PAL,,East flowing rivers between Pennar and Cauvery Basin,Palar and other,watershed,C18PAL29,Watershed C18PAL29,watershed||C18PAL29,,East flowing rivers between Pennar and Cauvery Basin,Palar and other,442.4513,1.24,100.0
subbasin,PAL,Palar and other,subbasin||PAL,,East flowing rivers between Pennar and Cauvery Basin,Palar and other,watershed,C18PAL30,Watershed C18PAL30,watershed||C18PAL30,,East flowing rivers between Pennar and Cauvery Basin,Palar and other,604.6106,1.7,100.0
subbasin,PAL,Palar and other,subbasin||PAL,,East flowing rivers between Pennar and Cauvery Basin,Palar and other,watershed,C18PAL31,Watershed C18PAL31,watershed||C18PAL31,,East flowing rivers between Pennar and Cauvery Basin,Palar and other,826.3556,2.32,100.0
subbasin,PAL,Palar and other,subbasin||PAL,,East flowing rivers between Pennar and Cauvery Basin,Palar and other,watershed,C18PAL32,Watershed C18PAL32,watershed||C18PAL32,,East flowing rivers between Pennar and Cauvery Basin,Palar and other,942.8065,2.65,100.0
subbasin,PAL,Palar and other,subbasin||PAL,,East flowing rivers between Pennar and Cauvery Basin,Palar and other,watershed,C18PAL33,Watershed C18PAL33,watershed||C18PAL33,,East flowing rivers between Pennar and Cauvery Basin,Palar and other,583.151,1.64,100.0
subbasin,PAL,Palar and other,subbasin||PAL,,East flowing rivers between Pennar and Cauvery Basin,Palar and other,watershed,C18PAL34,Watershed C18PAL34,watershed||C18PAL34,,East flowing rivers between Pennar and Cauvery Basin,Palar and other,927.5629,2.61,100.0
subbasin,PAL,Palar and other,subbasin||PAL,,East flowing rivers between Pennar and Cauvery Basin,Palar and other,watershed,C18PAL35,Watershed C18PAL35,watershed||C18PAL35,,East flowing rivers between Pennar and Cauvery Basin,Palar and other,831.5698,2.34,100.0
subbasin,PAL,Palar and other,subbasin||PAL,,East flowing rivers between Pennar and Cauvery Basin,Palar and other,watershed,C18PAL36,Watershed C18PAL36,watershed||C18PAL36,,East flowing rivers between Pennar and Cauvery Basin,Palar and other,672.4701,1.89,100.0
subbasin,PAL,Palar and other,subbasin||PAL,,East flowing rivers between Pennar and Cauvery Basin,Palar and other,watershed,C18PAL37,Watershed C18PAL37,watershed||C18PAL37,,East flowing rivers between Pennar and Cauvery Basin,Palar and other,549.7578,1.55,100.0
subbasin,PAL,Palar and other,subbasin||PAL,,East flowing rivers between Pennar and Cauvery Basin,Palar and other,watershed,C18PAL38,Watershed C18PAL38,watershed||C18PAL38,,East flowing rivers between Pennar and Cauvery Basin,Palar and other,424.8863,1.19,100.0
subbasin,PAL,Palar and other,subbasin||PAL,,East flowing rivers between Pennar and Cauvery Basin,Palar and other,watershed,C18PAL39,Watershed C18PAL39,watershed||C18PAL39,,East flowing rivers between Pennar and Cauvery Basin,Palar and other,635.8738,1.79,100.0
subbasin,PAL,Palar and other,subbasin||PAL,,East flowing rivers between Pennar and Cauvery Basin,Palar and other,watershed,C18PAL40,Watershed C18PAL40,watershed||C18PAL40,,East flowing rivers between Pennar and Cauvery Basin,Palar and other,651.0758,1.83,100.0
subbasin,PAL,Palar and other,subbasin||PAL,,East flowing rivers between Pennar and Cauvery Basin,Palar and other,watershed,C18PAL41,Watershed C18PAL41,watershed||C18PAL41,,East flowing rivers between Pennar and Cauvery Basin,Palar and other,966.4106,2.72,100.0
subbasin,PAL,Palar and other,subbasin||PAL,,East flowing rivers between Pennar and Cauvery Basin,Palar and other,watershed,C18PAL42,Watershed C18PAL42,watershed||C18PAL42,,East flowing rivers between Pennar and Cauvery Basin,Palar and other,723.2071,2.03,100.0
subbasin,PAL,Palar and other,subbasin||PAL,,East flowing rivers between Pennar and Cauvery Basin,Palar and other,watershed,C18PAL43,Watershed C18PAL43,watershed||C18PAL43,,East flowing rivers between Pennar and Cauvery Basin,Palar and other,448.2141,1.26,100.0
subbasin,PAL,Palar and other,subbasin||PAL,,East flowing rivers between Pennar and Cauvery Basin,Palar and other,watershed,C18PAL44,Watershed C18PAL44,watershed||C18PAL44,,East flowing rivers between Pennar and Cauvery Basin,Palar and other,399.428,1.12,100.0
subbasin,PAL,Palar and other,subbasin||PAL,,East flowing rivers between Pennar and Cauvery Basin,Palar and other,watershed,C18PAL45,Watershed C18PAL45,watershed||C18PAL45,,East flowing rivers between Pennar and Cauvery Basin,Palar and other,823.7234,2.32,100.0
subbasin,PAL,Palar and other,subbasin||PAL,,East flowing rivers between Pennar and Cauvery Basin,Palar and other,watershed,C18PAL46,Watershed C18PAL46,watershed||C18PAL46,,East flowing rivers between Pennar and Cauvery Basin,Palar and other,732.1689,2.06,100.0
subbasin,PAL,Palar and other,subbasin||PAL,,East flowing rivers between Pennar and Cauvery Basin,Palar and other,watershed,C18PAL47,Watershed C18PAL47,watershed||C18PAL47,,East flowing rivers between Pennar and Cauvery Basin,Palar and other,375.6477,1.06,100.0
subbasin,PAL,Palar and other,subbasin||PAL,,East flowing rivers between Pennar and Cauvery Basin,Palar and other,watershed,C18PAL48,Watershed C18PAL48,watershed||C18PAL48,,East flowing rivers between Pennar and Cauvery Basin,Palar and other,670.884,1.89,100.0
subbasin,PAL,Palar and other,subbasin||PAL,,East flowing rivers between Pennar and Cauvery Basin,Palar and other,watershed,C18PAL49,Watershed C18PAL49,watershed||C18PAL49,,East flowing rivers between Pennar and Cauvery Basin,Palar and other,530.1473,1.49,100.0
subbasin,PAL,Palar and other,subbasin||PAL,,East flowing rivers between Pennar and Cauvery Basin,Palar and other,watershed,C18PAL50,Watershed C18PAL50,watershed||C18PAL50,,East flowing rivers between Pennar and Cauvery Basin,Palar and other,627.739,1.77,100.0
subbasin,PAL,Palar and other,subbasin||PAL,,East flowing rivers between Pennar and Cauvery Basin,Palar and other,watershed,C18PAL51,Watershed C18PAL51,watershed||C18PAL51,,East flowing rivers between Pennar and Cauvery Basin,Palar and other,584.9874,1.64,100.0
subbasin,PAL,Palar and other,subbasin||PAL,,East flowing rivers between Pennar and Cauvery Basin,Palar and other,watershed,C18PAL52,Watershed C18PAL52,watershed||C18PAL52,,East flowing rivers between Pennar and Cauvery Basin,Palar and other,588.6061,1.66,100.0
subbasin,PAL,Palar and other,subbasin||PAL,,East flowing rivers between Pennar and Cauvery Basin,Palar and other,watershed,C18PAL53,Watershed C18PAL53,watershed||C18PAL53,,East flowing rivers between Pennar and Cauvery Basin,Palar and other,305.3285,0.86,100.0
subbasin,PAL,Palar and other,subbasin||PAL,,East flowing rivers between Pennar and Cauvery Basin,Palar and other,watershed,C18PAL54,Watershed C18PAL54,watershed||C18PAL54,,East flowing rivers between Pennar and Cauvery Basin,Palar and other,404.0831,1.14,100.0
subbasin,PAL,Palar and other,subbasin||PAL,,East flowing rivers between Pennar and Cauvery Basin,Palar and other,watershed,C18PAL55,Watershed C18PAL55,watershed||C18PAL55,,East flowing rivers between Pennar and Cauvery Basin,Palar and other,834.5741,2.35,100.0
subbasin,PAL,Palar and other,subbasin||PAL,,East flowing rivers between Pennar and Cauvery Basin,Palar and other,watershed,C18PAL56,Watershed C18PAL56,watershed||C18PAL56,,East flowing rivers between Pennar and Cauvery Basin,Palar and other,805.1869,2.26,100.0
subbasin,PAM,Pamba and others,subbasin||PAM,,East flowing rivers South of Cauvery Basin,Pamba and others,watershed,C19PAM01,Watershed C19PAM01,watershed||C19PAM01,,East flowing rivers South of Cauvery Basin,Pamba and others,573.9525,3.2,100.0
subbasin,PAM,Pamba and others,subbasin||PAM,,East flowing rivers South of Cauvery Basin,Pamba and others,watershed,C19PAM02,Watershed C19PAM02,watershed||C19PAM02,,East flowing rivers South of Cauvery Basin,Pamba and others,810.4339,4.51,100.0
subbasin,PAM,Pamba and others,subbasin||PAM,,East flowing rivers South of Cauvery Basin,Pamba and others,watershed,C19PAM03,Watershed C19PAM03,watershed||C19PAM03,,East flowing rivers South of Cauvery Basin,Pamba and others,429.2572,2.39,100.0
subbasin,PAM,Pamba and others,subbasin||PAM,,East flowing rivers South of Cauvery Basin,Pamba and others,watershed,C19PAM04,Watershed C19PAM04,watershed||C19PAM04,,East flowing rivers South of Cauvery Basin,Pamba and others,415.1209,2.31,100.0
subbasin,PAM,Pamba and others,subbasin||PAM,,East flowing rivers South of Cauvery Basin,Pamba and others,watershed,C19PAM05,Watershed C19PAM05,watershed||C19PAM05,,East flowing rivers South of Cauvery Basin,Pamba and others,714.826,3.98,100.0
subbasin,PAM,Pamba and others,subbasin||PAM,,East flowing rivers South of Cauvery Basin,Pamba and others,watershed,C19PAM06,Watershed C19PAM06,watershed||C19PAM06,,East flowing rivers South of Cauvery Basin,Pamba and others,627.0836,3.49,100.0
subbasin,PAM,Pamba and others,subbasin||PAM,,East flowing rivers South of Cauvery Basin,Pamba and others,watershed,C19PAM07,Watershed C19PAM07,watershed||C19PAM07,,East flowing rivers South of Cauvery Basin,Pamba and others,778.6137,4.34,100.0
subbasin,PAM,Pamba and others,subbasin||PAM,,East flowing rivers South of Cauvery Basin,Pamba and others,watershed,C19PAM08,Watershed C19PAM08,watershed||C19PAM08,,East flowing rivers South of Cauvery Basin,Pamba and others,456.5577,2.54,100.0
subbasin,PAM,Pamba and others,subbasin||PAM,,East flowing rivers South of Cauvery Basin,Pamba and others,watershed,C19PAM09,Watershed C19PAM09,watershed||C19PAM09,,East flowing rivers South of Cauvery Basin,Pamba and others,828.2703,4.61,100.0
subbasin,PAM,Pamba and others,subbasin||PAM,,East flowing rivers South of Cauvery Basin,Pamba and others,watershed,C19PAM10,Watershed C19PAM10,watershed||C19PAM10,,East flowing rivers South of Cauvery Basin,Pamba and others,792.9466,4.42,100.0
subbasin,PAM,Pamba and others,subbasin||PAM,,East flowing rivers South of Cauvery Basin,Pamba and others,watershed,C19PAM11,Watershed C19PAM11,watershed||C19PAM11,,East flowing rivers South of Cauvery Basin,Pamba and others,639.9812,3.56,100.0
subbasin,PAM,Pamba and others,subbasin||PAM,,East flowing rivers South of Cauvery Basin,Pamba and others,watershed,C19PAM12,Watershed C19PAM12,watershed||C19PAM12,,East flowing rivers South of Cauvery Basin,Pamba and others,414.007,2.31,100.0
subbasin,PAM,Pamba and others,subbasin||PAM,,East flowing rivers South of Cauvery Basin,Pamba and others,watershed,C19PAM13,Watershed C19PAM13,watershed||C19PAM13,,East flowing rivers South of Cauvery Basin,Pamba and others,567.1593,3.16,100.0
subbasin,PAM,Pamba and others,subbasin||PAM,,East flowing rivers South of Cauvery Basin,Pamba and others,watershed,C19PAM14,Watershed C19PAM14,watershed||C19PAM14,,East flowing rivers South of Cauvery Basin,Pamba and others,625.6937,3.48,100.0
subbasin,PAM,Pamba and others,subbasin||PAM,,East flowing rivers South of Cauvery Basin,Pamba and others,watershed,C19PAM15,Watershed C19PAM15,watershed||C19PAM15,,East flowing rivers South of Cauvery Basin,Pamba and others,753.7097,4.2,100.0
subbasin,PAM,Pamba and others,subbasin||PAM,,East flowing rivers South of Cauvery Basin,Pamba and others,watershed,C19PAM16,Watershed C19PAM16,watershed||C19PAM16,,East flowing rivers South of Cauvery Basin,Pamba and others,373.5272,2.08,100.0
subbasin,PAM,Pamba and others,subbasin||PAM,,East flowing rivers South of Cauvery Basin,Pamba and others,watershed,C19PAM17,Watershed C19PAM17,watershed||C19PAM17,,East flowing rivers South of Cauvery Basin,Pamba and others,311.5631,1.73,100.0
subbasin,PAM,Pamba and others,subbasin||PAM,,East flowing rivers South of Cauvery Basin,Pamba and others,watershed,C19PAM18,Watershed C19PAM18,watershed||C19PAM18,,East flowing rivers South of Cauvery Basin,Pamba and others,400.68,2.23,100.0
subbasin,PAM,Pamba and others,subbasin||PAM,,East flowing rivers South of Cauvery Basin,Pamba and others,watershed,C19PAM19,Watershed C19PAM19,watershed||C19PAM19,,East flowing rivers South of Cauvery Basin,Pamba and others,700.7768,3.9,100.0
subbasin,PAM,Pamba and others,subbasin||PAM,,East flowing rivers South of Cauvery Basin,Pamba and others,watershed,C19PAM20,Watershed C19PAM20,watershed||C19PAM20,,East flowing rivers South of Cauvery Basin,Pamba and others,797.546,4.44,100.0
subbasin,PAM,Pamba and others,subbasin||PAM,,East flowing rivers South of Cauvery Basin,Pamba and others,watershed,C19PAM21,Watershed C19PAM21,watershed||C19PAM21,,East flowing rivers South of Cauvery Basin,Pamba and others,764.2729,4.26,100.0
subbasin,PAM,Pamba and others,subbasin||PAM,,East flowing rivers South of Cauvery Basin,Pamba and others,watershed,C19PAM22,Watershed C19PAM22,watershed||C19PAM22,,East flowing rivers South of Cauvery Basin,Pamba and others,795.5474,4.43,100.0
subbasin,PAM,Pamba and others,subbasin||PAM,,East flowing rivers South of Cauvery Basin,Pamba and others,watershed,C19PAM23,Watershed C19PAM23,watershed||C19PAM23,,East flowing rivers South of Cauvery Basin,Pamba and others,541.9294,3.02,100.0
subbasin,PAM,Pamba and others,subbasin||PAM,,East flowing rivers South of Cauvery Basin,Pamba and others,watershed,C19PAM24,Watershed C19PAM24,watershed||C19PAM24,,East flowing rivers South of Cauvery Basin,Pamba and others,574.5804,3.2,100.0
subbasin,PAM,Pamba and others,subbasin||PAM,,East flowing rivers South of Cauvery Basin,Pamba and others,watershed,C19PAM25,Watershed C19PAM25,watershed||C19PAM25,,East flowing rivers South of Cauvery Basin,Pamba and others,558.6248,3.11,100.0
subbasin,PAM,Pamba and others,subbasin||PAM,,East flowing rivers South of Cauvery Basin,Pamba and others,watershed,C19PAM26,Watershed C19PAM26,watershed||C19PAM26,,East flowing rivers South of Cauvery Basin,Pamba and others,317.4147,1.77,100.0
subbasin,PAM,Pamba and others,subbasin||PAM,,East flowing rivers South of Cauvery Basin,Pamba and others,watershed,C19PAM27,Watershed C19PAM27,watershed||C19PAM27,,East flowing rivers South of Cauvery Basin,Pamba and others,802.6264,4.47,100.0
subbasin,PAM,Pamba and others,subbasin||PAM,,East flowing rivers South of Cauvery Basin,Pamba and others,watershed,C19PAM28,Watershed C19PAM28,watershed||C19PAM28,,East flowing rivers South of Cauvery Basin,Pamba and others,333.8651,1.86,100.0
subbasin,PAM,Pamba and others,subbasin||PAM,,East flowing rivers South of Cauvery Basin,Pamba and others,watershed,C19PAM29,Watershed C19PAM29,watershed||C19PAM29,,East flowing rivers South of Cauvery Basin,Pamba and others,922.5273,5.14,100.0
subbasin,PAM,Pamba and others,subbasin||PAM,,East flowing rivers South of Cauvery Basin,Pamba and others,watershed,C19PAM30,Watershed C19PAM30,watershed||C19PAM30,,East flowing rivers South of Cauvery Basin,Pamba and others,335.3031,1.87,100.0
subbasin,PEL,Pennar Lower,subbasin||PEL,,Pennar Basin,Pennar Lower,watershed,C09PEL01,Watershed C09PEL01,watershed||C09PEL01,,Pennar Basin,Pennar Lower,563.787,3.1,100.0
subbasin,PEL,Pennar Lower,subbasin||PEL,,Pennar Basin,Pennar Lower,watershed,C09PEL02,Watershed C09PEL02,watershed||C09PEL02,,Pennar Basin,Pennar Lower,686.071,3.77,100.0
subbasin,PEL,Pennar Lower,subbasin||PEL,,Pennar Basin,Pennar Lower,watershed,C09PEL03,Watershed C09PEL03,watershed||C09PEL03,,Pennar Basin,Pennar Lower,675.6124,3.71,100.0
subbasin,PEL,Pennar Lower,subbasin||PEL,,Pennar Basin,Pennar Lower,watershed,C09PEL04,Watershed C09PEL04,watershed||C09PEL04,,Pennar Basin,Pennar Lower,856.6591,4.71,100.0
subbasin,PEL,Pennar Lower,subbasin||PEL,,Pennar Basin,Pennar Lower,watershed,C09PEL05,Watershed C09PEL05,watershed||C09PEL05,,Pennar Basin,Pennar Lower,697.7321,3.84,100.0
subbasin,PEL,Pennar Lower,subbasin||PEL,,Pennar Basin,Pennar Lower,watershed,C09PEL06,Watershed C09PEL06,watershed||C09PEL06,,Pennar Basin,Pennar Lower,502.6971,2.76,100.0
subbasin,PEL,Pennar Lower,subbasin||PEL,,Pennar Basin,Pennar Lower,watershed,C09PEL07,Watershed C09PEL07,watershed||C09PEL07,,Pennar Basin,Pennar Lower,653.7428,3.59,100.0
subbasin,PEL,Pennar Lower,subbasin||PEL,,Pennar Basin,Pennar Lower,watershed,C09PEL08,Watershed C09PEL08,watershed||C09PEL08,,Pennar Basin,Pennar Lower,630.3353,3.47,100.0
subbasin,PEL,Pennar Lower,subbasin||PEL,,Pennar Basin,Pennar Lower,watershed,C09PEL09,Watershed C09PEL09,watershed||C09PEL09,,Pennar Basin,Pennar Lower,770.0484,4.23,100.0
subbasin,PEL,Pennar Lower,subbasin||PEL,,Pennar Basin,Pennar Lower,watershed,C09PEL10,Watershed C09PEL10,watershed||C09PEL10,,Pennar Basin,Pennar Lower,626.6789,3.45,100.0
subbasin,PEL,Pennar Lower,subbasin||PEL,,Pennar Basin,Pennar Lower,watershed,C09PEL11,Watershed C09PEL11,watershed||C09PEL11,,Pennar Basin,Pennar Lower,649.8118,3.57,100.0
subbasin,PEL,Pennar Lower,subbasin||PEL,,Pennar Basin,Pennar Lower,watershed,C09PEL12,Watershed C09PEL12,watershed||C09PEL12,,Pennar Basin,Pennar Lower,743.3491,4.09,100.0
subbasin,PEL,Pennar Lower,subbasin||PEL,,Pennar Basin,Pennar Lower,watershed,C09PEL13,Watershed C09PEL13,watershed||C09PEL13,,Pennar Basin,Pennar Lower,520.9979,2.86,100.0
subbasin,PEL,Pennar Lower,subbasin||PEL,,Pennar Basin,Pennar Lower,watershed,C09PEL14,Watershed C09PEL14,watershed||C09PEL14,,Pennar Basin,Pennar Lower,628.4593,3.46,100.0
subbasin,PEL,Pennar Lower,subbasin||PEL,,Pennar Basin,Pennar Lower,watershed,C09PEL15,Watershed C09PEL15,watershed||C09PEL15,,Pennar Basin,Pennar Lower,775.6222,4.26,100.0
subbasin,PEL,Pennar Lower,subbasin||PEL,,Pennar Basin,Pennar Lower,watershed,C09PEL16,Watershed C09PEL16,watershed||C09PEL16,,Pennar Basin,Pennar Lower,829.8096,4.56,100.0
subbasin,PEL,Pennar Lower,subbasin||PEL,,Pennar Basin,Pennar Lower,watershed,C09PEL17,Watershed C09PEL17,watershed||C09PEL17,,Pennar Basin,Pennar Lower,445.3915,2.45,100.0
subbasin,PEL,Pennar Lower,subbasin||PEL,,Pennar Basin,Pennar Lower,watershed,C09PEL18,Watershed C09PEL18,watershed||C09PEL18,,Pennar Basin,Pennar Lower,705.5581,3.88,100.0
subbasin,PEL,Pennar Lower,subbasin||PEL,,Pennar Basin,Pennar Lower,watershed,C09PEL19,Watershed C09PEL19,watershed||C09PEL19,,Pennar Basin,Pennar Lower,786.4649,4.32,100.0
subbasin,PEL,Pennar Lower,subbasin||PEL,,Pennar Basin,Pennar Lower,watershed,C09PEL20,Watershed C09PEL20,watershed||C09PEL20,,Pennar Basin,Pennar Lower,761.7001,4.19,100.0
subbasin,PEL,Pennar Lower,subbasin||PEL,,Pennar Basin,Pennar Lower,watershed,C09PEL21,Watershed C09PEL21,watershed||C09PEL21,,Pennar Basin,Pennar Lower,550.1469,3.02,100.0
subbasin,PEL,Pennar Lower,subbasin||PEL,,Pennar Basin,Pennar Lower,watershed,C09PEL22,Watershed C09PEL22,watershed||C09PEL22,,Pennar Basin,Pennar Lower,599.9903,3.3,100.0
subbasin,PEL,Pennar Lower,subbasin||PEL,,Pennar Basin,Pennar Lower,watershed,C09PEL23,Watershed C09PEL23,watershed||C09PEL23,,Pennar Basin,Pennar Lower,500.9642,2.75,100.0
subbasin,PEL,Pennar Lower,subbasin||PEL,,Pennar Basin,Pennar Lower,watershed,C09PEL24,Watershed C09PEL24,watershed||C09PEL24,,Pennar Basin,Pennar Lower,463.5944,2.55,100.0
subbasin,PEL,Pennar Lower,subbasin||PEL,,Pennar Basin,Pennar Lower,watershed,C09PEL25,Watershed C09PEL25,watershed||C09PEL25,,Pennar Basin,Pennar Lower,526.5958,2.9,100.0
subbasin,PEL,Pennar Lower,subbasin||PEL,,Pennar Basin,Pennar Lower,watershed,C09PEL26,Watershed C09PEL26,watershed||C09PEL26,,Pennar Basin,Pennar Lower,600.8504,3.3,100.0
subbasin,PEL,Pennar Lower,subbasin||PEL,,Pennar Basin,Pennar Lower,watershed,C09PEL27,Watershed C09PEL27,watershed||C09PEL27,,Pennar Basin,Pennar Lower,634.1576,3.49,100.0
subbasin,PEL,Pennar Lower,subbasin||PEL,,Pennar Basin,Pennar Lower,watershed,C09PEL28,Watershed C09PEL28,watershed||C09PEL28,,Pennar Basin,Pennar Lower,362.4103,1.99,100.0
subbasin,PEL,Pennar Lower,subbasin||PEL,,Pennar Basin,Pennar Lower,watershed,C09PEL29,Watershed C09PEL29,watershed||C09PEL29,,Pennar Basin,Pennar Lower,440.1476,2.42,100.0
subbasin,PEU,Pennar Upper,subbasin||PEU,,Pennar Basin,Pennar Upper,watershed,C09PEU01,Watershed C09PEU01,watershed||C09PEU01,,Pennar Basin,Pennar Upper,843.214,2.3,100.0
subbasin,PEU,Pennar Upper,subbasin||PEU,,Pennar Basin,Pennar Upper,watershed,C09PEU02,Watershed C09PEU02,watershed||C09PEU02,,Pennar Basin,Pennar Upper,598.694,1.63,100.0
subbasin,PEU,Pennar Upper,subbasin||PEU,,Pennar Basin,Pennar Upper,watershed,C09PEU03,Watershed C09PEU03,watershed||C09PEU03,,Pennar Basin,Pennar Upper,549.818,1.5,100.0
subbasin,PEU,Pennar Upper,subbasin||PEU,,Pennar Basin,Pennar Upper,watershed,C09PEU04,Watershed C09PEU04,watershed||C09PEU04,,Pennar Basin,Pennar Upper,549.1269,1.5,100.0
subbasin,PEU,Pennar Upper,subbasin||PEU,,Pennar Basin,Pennar Upper,watershed,C09PEU05,Watershed C09PEU05,watershed||C09PEU05,,Pennar Basin,Pennar Upper,456.4967,1.24,100.0
subbasin,PEU,Pennar Upper,subbasin||PEU,,Pennar Basin,Pennar Upper,watershed,C09PEU06,Watershed C09PEU06,watershed||C09PEU06,,Pennar Basin,Pennar Upper,558.3414,1.52,100.0
subbasin,PEU,Pennar Upper,subbasin||PEU,,Pennar Basin,Pennar Upper,watershed,C09PEU07,Watershed C09PEU07,watershed||C09PEU07,,Pennar Basin,Pennar Upper,935.5643,2.55,100.0
subbasin,PEU,Pennar Upper,subbasin||PEU,,Pennar Basin,Pennar Upper,watershed,C09PEU08,Watershed C09PEU08,watershed||C09PEU08,,Pennar Basin,Pennar Upper,471.6603,1.28,100.0
subbasin,PEU,Pennar Upper,subbasin||PEU,,Pennar Basin,Pennar Upper,watershed,C09PEU09,Watershed C09PEU09,watershed||C09PEU09,,Pennar Basin,Pennar Upper,358.4801,0.98,100.0
subbasin,PEU,Pennar Upper,subbasin||PEU,,Pennar Basin,Pennar Upper,watershed,C09PEU10,Watershed C09PEU10,watershed||C09PEU10,,Pennar Basin,Pennar Upper,655.8423,1.79,100.0
subbasin,PEU,Pennar Upper,subbasin||PEU,,Pennar Basin,Pennar Upper,watershed,C09PEU11,Watershed C09PEU11,watershed||C09PEU11,,Pennar Basin,Pennar Upper,618.1515,1.68,100.0
subbasin,PEU,Pennar Upper,subbasin||PEU,,Pennar Basin,Pennar Upper,watershed,C09PEU12,Watershed C09PEU12,watershed||C09PEU12,,Pennar Basin,Pennar Upper,597.525,1.63,100.0
subbasin,PEU,Pennar Upper,subbasin||PEU,,Pennar Basin,Pennar Upper,watershed,C09PEU13,Watershed C09PEU13,watershed||C09PEU13,,Pennar Basin,Pennar Upper,617.0878,1.68,100.0
subbasin,PEU,Pennar Upper,subbasin||PEU,,Pennar Basin,Pennar Upper,watershed,C09PEU14,Watershed C09PEU14,watershed||C09PEU14,,Pennar Basin,Pennar Upper,843.5227,2.3,100.0
subbasin,PEU,Pennar Upper,subbasin||PEU,,Pennar Basin,Pennar Upper,watershed,C09PEU15,Watershed C09PEU15,watershed||C09PEU15,,Pennar Basin,Pennar Upper,548.3328,1.49,100.0
subbasin,PEU,Pennar Upper,subbasin||PEU,,Pennar Basin,Pennar Upper,watershed,C09PEU16,Watershed C09PEU16,watershed||C09PEU16,,Pennar Basin,Pennar Upper,571.3908,1.56,100.0
subbasin,PEU,Pennar Upper,subbasin||PEU,,Pennar Basin,Pennar Upper,watershed,C09PEU17,Watershed C09PEU17,watershed||C09PEU17,,Pennar Basin,Pennar Upper,880.1581,2.4,100.0
subbasin,PEU,Pennar Upper,subbasin||PEU,,Pennar Basin,Pennar Upper,watershed,C09PEU18,Watershed C09PEU18,watershed||C09PEU18,,Pennar Basin,Pennar Upper,835.9636,2.28,100.0
subbasin,PEU,Pennar Upper,subbasin||PEU,,Pennar Basin,Pennar Upper,watershed,C09PEU19,Watershed C09PEU19,watershed||C09PEU19,,Pennar Basin,Pennar Upper,848.2272,2.31,100.0
subbasin,PEU,Pennar Upper,subbasin||PEU,,Pennar Basin,Pennar Upper,watershed,C09PEU20,Watershed C09PEU20,watershed||C09PEU20,,Pennar Basin,Pennar Upper,778.1134,2.12,100.0
subbasin,PEU,Pennar Upper,subbasin||PEU,,Pennar Basin,Pennar Upper,watershed,C09PEU21,Watershed C09PEU21,watershed||C09PEU21,,Pennar Basin,Pennar Upper,397.2196,1.08,100.0
subbasin,PEU,Pennar Upper,subbasin||PEU,,Pennar Basin,Pennar Upper,watershed,C09PEU22,Watershed C09PEU22,watershed||C09PEU22,,Pennar Basin,Pennar Upper,598.2336,1.63,100.0
subbasin,PEU,Pennar Upper,subbasin||PEU,,Pennar Basin,Pennar Upper,watershed,C09PEU23,Watershed C09PEU23,watershed||C09PEU23,,Pennar Basin,Pennar Upper,474.6916,1.29,100.0
subbasin,PEU,Pennar Upper,subbasin||PEU,,Pennar Basin,Pennar Upper,watershed,C09PEU24,Watershed C09PEU24,watershed||C09PEU24,,Pennar Basin,Pennar Upper,668.8995,1.82,100.0
subbasin,PEU,Pennar Upper,subbasin||PEU,,Pennar Basin,Pennar Upper,watershed,C09PEU25,Watershed C09PEU25,watershed||C09PEU25,,Pennar Basin,Pennar Upper,669.5413,1.82,100.0
subbasin,PEU,Pennar Upper,subbasin||PEU,,Pennar Basin,Pennar Upper,watershed,C09PEU26,Watershed C09PEU26,watershed||C09PEU26,,Pennar Basin,Pennar Upper,626.7879,1.71,100.0
subbasin,PEU,Pennar Upper,subbasin||PEU,,Pennar Basin,Pennar Upper,watershed,C09PEU27,Watershed C09PEU27,watershed||C09PEU27,,Pennar Basin,Pennar Upper,828.9561,2.26,100.0
subbasin,PEU,Pennar Upper,subbasin||PEU,,Pennar Basin,Pennar Upper,watershed,C09PEU28,Watershed C09PEU28,watershed||C09PEU28,,Pennar Basin,Pennar Upper,602.788,1.64,100.0
subbasin,PEU,Pennar Upper,subbasin||PEU,,Pennar Basin,Pennar Upper,watershed,C09PEU29,Watershed C09PEU29,watershed||C09PEU29,,Pennar Basin,Pennar Upper,539.6513,1.47,100.0
subbasin,PEU,Pennar Upper,subbasin||PEU,,Pennar Basin,Pennar Upper,watershed,C09PEU30,Watershed C09PEU30,watershed||C09PEU30,,Pennar Basin,Pennar Upper,577.7271,1.57,100.0
subbasin,PEU,Pennar Upper,subbasin||PEU,,Pennar Basin,Pennar Upper,watershed,C09PEU31,Watershed C09PEU31,watershed||C09PEU31,,Pennar Basin,Pennar Upper,587.0633,1.6,100.0
subbasin,PEU,Pennar Upper,subbasin||PEU,,Pennar Basin,Pennar Upper,watershed,C09PEU32,Watershed C09PEU32,watershed||C09PEU32,,Pennar Basin,Pennar Upper,316.1213,0.86,100.0
subbasin,PEU,Pennar Upper,subbasin||PEU,,Pennar Basin,Pennar Upper,watershed,C09PEU33,Watershed C09PEU33,watershed||C09PEU33,,Pennar Basin,Pennar Upper,381.5732,1.04,100.0
subbasin,PEU,Pennar Upper,subbasin||PEU,,Pennar Basin,Pennar Upper,watershed,C09PEU34,Watershed C09PEU34,watershed||C09PEU34,,Pennar Basin,Pennar Upper,635.2441,1.73,100.0
subbasin,PEU,Pennar Upper,subbasin||PEU,,Pennar Basin,Pennar Upper,watershed,C09PEU35,Watershed C09PEU35,watershed||C09PEU35,,Pennar Basin,Pennar Upper,607.5299,1.65,100.0
subbasin,PEU,Pennar Upper,subbasin||PEU,,Pennar Basin,Pennar Upper,watershed,C09PEU36,Watershed C09PEU36,watershed||C09PEU36,,Pennar Basin,Pennar Upper,725.7643,1.98,100.0
subbasin,PEU,Pennar Upper,subbasin||PEU,,Pennar Basin,Pennar Upper,watershed,C09PEU37,Watershed C09PEU37,watershed||C09PEU37,,Pennar Basin,Pennar Upper,669.2707,1.82,100.0
subbasin,PEU,Pennar Upper,subbasin||PEU,,Pennar Basin,Pennar Upper,watershed,C09PEU38,Watershed C09PEU38,watershed||C09PEU38,,Pennar Basin,Pennar Upper,670.5418,1.83,100.0
subbasin,PEU,Pennar Upper,subbasin||PEU,,Pennar Basin,Pennar Upper,watershed,C09PEU39,Watershed C09PEU39,watershed||C09PEU39,,Pennar Basin,Pennar Upper,588.5622,1.6,100.0
subbasin,PEU,Pennar Upper,subbasin||PEU,,Pennar Basin,Pennar Upper,watershed,C09PEU40,Watershed C09PEU40,watershed||C09PEU40,,Pennar Basin,Pennar Upper,402.855,1.1,100.0
subbasin,PEU,Pennar Upper,subbasin||PEU,,Pennar Basin,Pennar Upper,watershed,C09PEU41,Watershed C09PEU41,watershed||C09PEU41,,Pennar Basin,Pennar Upper,571.4797,1.56,100.0
subbasin,PEU,Pennar Upper,subbasin||PEU,,Pennar Basin,Pennar Upper,watershed,C09PEU42,Watershed C09PEU42,watershed||C09PEU42,,Pennar Basin,Pennar Upper,607.1484,1.65,100.0
subbasin,PEU,Pennar Upper,subbasin||PEU,,Pennar Basin,Pennar Upper,watershed,C09PEU43,Watershed C09PEU43,watershed||C09PEU43,,Pennar Basin,Pennar Upper,652.7071,1.78,100.0
subbasin,PEU,Pennar Upper,subbasin||PEU,,Pennar Basin,Pennar Upper,watershed,C09PEU44,Watershed C09PEU44,watershed||C09PEU44,,Pennar Basin,Pennar Upper,854.4578,2.33,100.0
subbasin,PEU,Pennar Upper,subbasin||PEU,,Pennar Basin,Pennar Upper,watershed,C09PEU45,Watershed C09PEU45,watershed||C09PEU45,,Pennar Basin,Pennar Upper,598.5215,1.63,100.0
subbasin,PEU,Pennar Upper,subbasin||PEU,,Pennar Basin,Pennar Upper,watershed,C09PEU46,Watershed C09PEU46,watershed||C09PEU46,,Pennar Basin,Pennar Upper,454.8498,1.24,100.0
subbasin,PEU,Pennar Upper,subbasin||PEU,,Pennar Basin,Pennar Upper,watershed,C09PEU47,Watershed C09PEU47,watershed||C09PEU47,,Pennar Basin,Pennar Upper,665.8354,1.81,100.0
subbasin,PEU,Pennar Upper,subbasin||PEU,,Pennar Basin,Pennar Upper,watershed,C09PEU48,Watershed C09PEU48,watershed||C09PEU48,,Pennar Basin,Pennar Upper,390.2178,1.06,100.0
subbasin,PEU,Pennar Upper,subbasin||PEU,,Pennar Basin,Pennar Upper,watershed,C09PEU49,Watershed C09PEU49,watershed||C09PEU49,,Pennar Basin,Pennar Upper,707.8344,1.93,100.0
subbasin,PEU,Pennar Upper,subbasin||PEU,,Pennar Basin,Pennar Upper,watershed,C09PEU50,Watershed C09PEU50,watershed||C09PEU50,,Pennar Basin,Pennar Upper,508.9788,1.39,100.0
subbasin,PEU,Pennar Upper,subbasin||PEU,,Pennar Basin,Pennar Upper,watershed,C09PEU51,Watershed C09PEU51,watershed||C09PEU51,,Pennar Basin,Pennar Upper,756.6897,2.06,100.0
subbasin,PEU,Pennar Upper,subbasin||PEU,,Pennar Basin,Pennar Upper,watershed,C09PEU52,Watershed C09PEU52,watershed||C09PEU52,,Pennar Basin,Pennar Upper,820.0855,2.23,100.0
subbasin,PEU,Pennar Upper,subbasin||PEU,,Pennar Basin,Pennar Upper,watershed,C09PEU53,Watershed C09PEU53,watershed||C09PEU53,,Pennar Basin,Pennar Upper,418.3228,1.14,100.0
subbasin,PEU,Pennar Upper,subbasin||PEU,,Pennar Basin,Pennar Upper,watershed,C09PEU54,Watershed C09PEU54,watershed||C09PEU54,,Pennar Basin,Pennar Upper,425.4204,1.16,100.0
subbasin,PEU,Pennar Upper,subbasin||PEU,,Pennar Basin,Pennar Upper,watershed,C09PEU55,Watershed C09PEU55,watershed||C09PEU55,,Pennar Basin,Pennar Upper,502.1759,1.37,100.0
subbasin,PEU,Pennar Upper,subbasin||PEU,,Pennar Basin,Pennar Upper,watershed,C09PEU56,Watershed C09PEU56,watershed||C09PEU56,,Pennar Basin,Pennar Upper,579.9544,1.58,100.0
subbasin,PEU,Pennar Upper,subbasin||PEU,,Pennar Basin,Pennar Upper,watershed,C09PEU57,Watershed C09PEU57,watershed||C09PEU57,,Pennar Basin,Pennar Upper,426.7075,1.16,100.0
subbasin,PEU,Pennar Upper,subbasin||PEU,,Pennar Basin,Pennar Upper,watershed,C09PEU58,Watershed C09PEU58,watershed||C09PEU58,,Pennar Basin,Pennar Upper,484.6508,1.32,100.0
subbasin,PEU,Pennar Upper,subbasin||PEU,,Pennar Basin,Pennar Upper,watershed,C09PEU59,Watershed C09PEU59,watershed||C09PEU59,,Pennar Basin,Pennar Upper,530.9585,1.45,100.0
subbasin,PEU,Pennar Upper,subbasin||PEU,,Pennar Basin,Pennar Upper,watershed,C09PEU60,Watershed C09PEU60,watershed||C09PEU60,,Pennar Basin,Pennar Upper,563.5523,1.53,100.0
subbasin,PEU,Pennar Upper,subbasin||PEU,,Pennar Basin,Pennar Upper,watershed,C09PEU61,Watershed C09PEU61,watershed||C09PEU61,,Pennar Basin,Pennar Upper,510.7185,1.39,100.0
subbasin,PAR,Periyar and others,subbasin||PAR,,West flowing rivers South of Tapi Basin,Periyar and others,watershed,B14PAR01,Watershed B14PAR01,watershed||B14PAR01,,West flowing rivers South of Tapi Basin,Periyar and others,720.9387,3.37,100.0
subbasin,PAR,Periyar and others,subbasin||PAR,,West flowing rivers South of Tapi Basin,Periyar and others,watershed,B14PAR02,Watershed B14PAR02,watershed||B14PAR02,,West flowing rivers South of Tapi Basin,Periyar and others,624.3784,2.92,100.0
subbasin,PAR,Periyar and others,subbasin||PAR,,West flowing rivers South of Tapi Basin,Periyar and others,watershed,B14PAR03,Watershed B14PAR03,watershed||B14PAR03,,West flowing rivers South of Tapi Basin,Periyar and others,510.3946,2.39,100.0
subbasin,PAR,Periyar and others,subbasin||PAR,,West flowing rivers South of Tapi Basin,Periyar and others,watershed,B14PAR04,Watershed B14PAR04,watershed||B14PAR04,,West flowing rivers South of Tapi Basin,Periyar and others,480.9149,2.25,100.0
subbasin,PAR,Periyar and others,subbasin||PAR,,West flowing rivers South of Tapi Basin,Periyar and others,watershed,B14PAR05,Watershed B14PAR05,watershed||B14PAR05,,West flowing rivers South of Tapi Basin,Periyar and others,548.8753,2.57,100.0
subbasin,PAR,Periyar and others,subbasin||PAR,,West flowing rivers South of Tapi Basin,Periyar and others,watershed,B14PAR06,Watershed B14PAR06,watershed||B14PAR06,,West flowing rivers South of Tapi Basin,Periyar and others,620.19,2.9,100.0
subbasin,PAR,Periyar and others,subbasin||PAR,,West flowing rivers South of Tapi Basin,Periyar and others,watershed,B14PAR07,Watershed B14PAR07,watershed||B14PAR07,,West flowing rivers South of Tapi Basin,Periyar and others,360.2847,1.68,100.0
subbasin,PAR,Periyar and others,subbasin||PAR,,West flowing rivers South of Tapi Basin,Periyar and others,watershed,B14PAR08,Watershed B14PAR08,watershed||B14PAR08,,West flowing rivers South of Tapi Basin,Periyar and others,593.003,2.77,100.0
subbasin,PAR,Periyar and others,subbasin||PAR,,West flowing rivers South of Tapi Basin,Periyar and others,watershed,B14PAR09,Watershed B14PAR09,watershed||B14PAR09,,West flowing rivers South of Tapi Basin,Periyar and others,517.8318,2.42,100.0
subbasin,PAR,Periyar and others,subbasin||PAR,,West flowing rivers South of Tapi Basin,Periyar and others,watershed,B14PAR10,Watershed B14PAR10,watershed||B14PAR10,,West flowing rivers South of Tapi Basin,Periyar and others,759.5193,3.55,100.0
subbasin,PAR,Periyar and others,subbasin||PAR,,West flowing rivers South of Tapi Basin,Periyar and others,watershed,B14PAR11,Watershed B14PAR11,watershed||B14PAR11,,West flowing rivers South of Tapi Basin,Periyar and others,524.5655,2.45,100.0
subbasin,PAR,Periyar and others,subbasin||PAR,,West flowing rivers South of Tapi Basin,Periyar and others,watershed,B14PAR12,Watershed B14PAR12,watershed||B14PAR12,,West flowing rivers South of Tapi Basin,Periyar and others,475.808,2.22,100.0
subbasin,PAR,Periyar and others,subbasin||PAR,,West flowing rivers South of Tapi Basin,Periyar and others,watershed,B14PAR13,Watershed B14PAR13,watershed||B14PAR13,,West flowing rivers South of Tapi Basin,Periyar and others,796.2572,3.72,100.0
subbasin,PAR,Periyar and others,subbasin||PAR,,West flowing rivers South of Tapi Basin,Periyar and others,watershed,B14PAR14,Watershed B14PAR14,watershed||B14PAR14,,West flowing rivers South of Tapi Basin,Periyar and others,614.619,2.87,100.0
subbasin,PAR,Periyar and others,subbasin||PAR,,West flowing rivers South of Tapi Basin,Periyar and others,watershed,B14PAR15,Watershed B14PAR15,watershed||B14PAR15,,West flowing rivers South of Tapi Basin,Periyar and others,601.6684,2.81,100.0
subbasin,PAR,Periyar and others,subbasin||PAR,,West flowing rivers South of Tapi Basin,Periyar and others,watershed,B14PAR16,Watershed B14PAR16,watershed||B14PAR16,,West flowing rivers South of Tapi Basin,Periyar and others,575.9124,2.69,100.0
subbasin,PAR,Periyar and others,subbasin||PAR,,West flowing rivers South of Tapi Basin,Periyar and others,watershed,B14PAR17,Watershed B14PAR17,watershed||B14PAR17,,West flowing rivers South of Tapi Basin,Periyar and others,721.5933,3.37,100.0
subbasin,PAR,Periyar and others,subbasin||PAR,,West flowing rivers South of Tapi Basin,Periyar and others,watershed,B14PAR18,Watershed B14PAR18,watershed||B14PAR18,,West flowing rivers South of Tapi Basin,Periyar and others,443.7299,2.07,100.0
subbasin,PAR,Periyar and others,subbasin||PAR,,West flowing rivers South of Tapi Basin,Periyar and others,watershed,B14PAR19,Watershed B14PAR19,watershed||B14PAR19,,West flowing rivers South of Tapi Basin,Periyar and others,613.1601,2.87,100.0
subbasin,PAR,Periyar and others,subbasin||PAR,,West flowing rivers South of Tapi Basin,Periyar and others,watershed,B14PAR20,Watershed B14PAR20,watershed||B14PAR20,,West flowing rivers South of Tapi Basin,Periyar and others,702.7247,3.28,100.0
subbasin,PAR,Periyar and others,subbasin||PAR,,West flowing rivers South of Tapi Basin,Periyar and others,watershed,B14PAR21,Watershed B14PAR21,watershed||B14PAR21,,West flowing rivers South of Tapi Basin,Periyar and others,617.0977,2.88,100.0
subbasin,PAR,Periyar and others,subbasin||PAR,,West flowing rivers South of Tapi Basin,Periyar and others,watershed,B14PAR22,Watershed B14PAR22,watershed||B14PAR22,,West flowing rivers South of Tapi Basin,Periyar and others,395.3945,1.85,100.0
subbasin,PAR,Periyar and others,subbasin||PAR,,West flowing rivers South of Tapi Basin,Periyar and others,watershed,B14PAR23,Watershed B14PAR23,watershed||B14PAR23,,West flowing rivers South of Tapi Basin,Periyar and others,432.1394,2.02,100.0
subbasin,PAR,Periyar and others,subbasin||PAR,,West flowing rivers South of Tapi Basin,Periyar and others,watershed,B14PAR24,Watershed B14PAR24,watershed||B14PAR24,,West flowing rivers South of Tapi Basin,Periyar and others,729.7802,3.41,100.0
subbasin,PAR,Periyar and others,subbasin||PAR,,West flowing rivers South of Tapi Basin,Periyar and others,watershed,B14PAR25,Watershed B14PAR25,watershed||B14PAR25,,West flowing rivers South of Tapi Basin,Periyar and others,918.2229,4.29,100.0
subbasin,PAR,Periyar and others,subbasin||PAR,,West flowing rivers South of Tapi Basin,Periyar and others,watershed,B14PAR26,Watershed B14PAR26,watershed||B14PAR26,,West flowing rivers South of Tapi Basin,Periyar and others,557.6924,2.61,100.0
subbasin,PAR,Periyar and others,subbasin||PAR,,West flowing rivers South of Tapi Basin,Periyar and others,watershed,B14PAR27,Watershed B14PAR27,watershed||B14PAR27,,West flowing rivers South of Tapi Basin,Periyar and others,642.3713,3.0,100.0
subbasin,PAR,Periyar and others,subbasin||PAR,,West flowing rivers South of Tapi Basin,Periyar and others,watershed,B14PAR28,Watershed B14PAR28,watershed||B14PAR28,,West flowing rivers South of Tapi Basin,Periyar and others,405.8461,1.9,100.0
subbasin,PAR,Periyar and others,subbasin||PAR,,West flowing rivers South of Tapi Basin,Periyar and others,watershed,B14PAR29,Watershed B14PAR29,watershed||B14PAR29,,West flowing rivers South of Tapi Basin,Periyar and others,362.281,1.69,100.0
subbasin,PAR,Periyar and others,subbasin||PAR,,West flowing rivers South of Tapi Basin,Periyar and others,watershed,B14PAR30,Watershed B14PAR30,watershed||B14PAR30,,West flowing rivers South of Tapi Basin,Periyar and others,529.6433,2.48,100.0
subbasin,PAR,Periyar and others,subbasin||PAR,,West flowing rivers South of Tapi Basin,Periyar and others,watershed,B14PAR31,Watershed B14PAR31,watershed||B14PAR31,,West flowing rivers South of Tapi Basin,Periyar and others,464.5666,2.17,100.0
subbasin,PAR,Periyar and others,subbasin||PAR,,West flowing rivers South of Tapi Basin,Periyar and others,watershed,B14PAR32,Watershed B14PAR32,watershed||B14PAR32,,West flowing rivers South of Tapi Basin,Periyar and others,759.2248,3.55,100.0
subbasin,PAR,Periyar and others,subbasin||PAR,,West flowing rivers South of Tapi Basin,Periyar and others,watershed,B14PAR33,Watershed B14PAR33,watershed||B14PAR33,,West flowing rivers South of Tapi Basin,Periyar and others,623.3092,2.91,100.0
subbasin,PAR,Periyar and others,subbasin||PAR,,West flowing rivers South of Tapi Basin,Periyar and others,watershed,B14PAR34,Watershed B14PAR34,watershed||B14PAR34,,West flowing rivers South of Tapi Basin,Periyar and others,522.0757,2.44,100.0
subbasin,PAR,Periyar and others,subbasin||PAR,,West flowing rivers South of Tapi Basin,Periyar and others,watershed,B14PAR35,Watershed B14PAR35,watershed||B14PAR35,,West flowing rivers South of Tapi Basin,Periyar and others,812.1033,3.8,100.0
subbasin,PAR,Periyar and others,subbasin||PAR,,West flowing rivers South of Tapi Basin,Periyar and others,watershed,B14PAR36,Watershed B14PAR36,watershed||B14PAR36,,West flowing rivers South of Tapi Basin,Periyar and others,485.2591,2.27,100.0
subbasin,PAR,Periyar and others,subbasin||PAR,,West flowing rivers South of Tapi Basin,Periyar and others,watershed,B14PAR37,Watershed B14PAR37,watershed||B14PAR37,,West flowing rivers South of Tapi Basin,Periyar and others,328.6536,1.54,100.0
subbasin,PON,Ponnaiyar and other,subbasin||PON,,East flowing rivers between Pennar and Cauvery Basin,Ponnaiyar and other,watershed,C18PON01,Watershed C18PON01,watershed||C18PON01,,East flowing rivers between Pennar and Cauvery Basin,Ponnaiyar and other,574.8141,2.04,100.0
subbasin,PON,Ponnaiyar and other,subbasin||PON,,East flowing rivers between Pennar and Cauvery Basin,Ponnaiyar and other,watershed,C18PON02,Watershed C18PON02,watershed||C18PON02,,East flowing rivers between Pennar and Cauvery Basin,Ponnaiyar and other,735.1004,2.61,100.0
subbasin,PON,Ponnaiyar and other,subbasin||PON,,East flowing rivers between Pennar and Cauvery Basin,Ponnaiyar and other,watershed,C18PON03,Watershed C18PON03,watershed||C18PON03,,East flowing rivers between Pennar and Cauvery Basin,Ponnaiyar and other,734.9469,2.61,100.0
subbasin,PON,Ponnaiyar and other,subbasin||PON,,East flowing rivers between Pennar and Cauvery Basin,Ponnaiyar and other,watershed,C18PON04,Watershed C18PON04,watershed||C18PON04,,East flowing rivers between Pennar and Cauvery Basin,Ponnaiyar and other,468.1302,1.66,100.0
subbasin,PON,Ponnaiyar and other,subbasin||PON,,East flowing rivers between Pennar and Cauvery Basin,Ponnaiyar and other,watershed,C18PON05,Watershed C18PON05,watershed||C18PON05,,East flowing rivers between Pennar and Cauvery Basin,Ponnaiyar and other,456.4138,1.62,100.0
subbasin,PON,Ponnaiyar and other,subbasin||PON,,East flowing rivers between Pennar and Cauvery Basin,Ponnaiyar and other,watershed,C18PON06,Watershed C18PON06,watershed||C18PON06,,East flowing rivers between Pennar and Cauvery Basin,Ponnaiyar and other,689.2151,2.45,100.0
subbasin,PON,Ponnaiyar and other,subbasin||PON,,East flowing rivers between Pennar and Cauvery Basin,Ponnaiyar and other,watershed,C18PON07,Watershed C18PON07,watershed||C18PON07,,East flowing rivers between Pennar and Cauvery Basin,Ponnaiyar and other,827.7357,2.94,100.0
subbasin,PON,Ponnaiyar and other,subbasin||PON,,East flowing rivers between Pennar and Cauvery Basin,Ponnaiyar and other,watershed,C18PON08,Watershed C18PON08,watershed||C18PON08,,East flowing rivers between Pennar and Cauvery Basin,Ponnaiyar and other,595.2602,2.11,100.0
subbasin,PON,Ponnaiyar and other,subbasin||PON,,East flowing rivers between Pennar and Cauvery Basin,Ponnaiyar and other,watershed,C18PON09,Watershed C18PON09,watershed||C18PON09,,East flowing rivers between Pennar and Cauvery Basin,Ponnaiyar and other,744.7068,2.64,100.0
subbasin,PON,Ponnaiyar and other,subbasin||PON,,East flowing rivers between Pennar and Cauvery Basin,Ponnaiyar and other,watershed,C18PON10,Watershed C18PON10,watershed||C18PON10,,East flowing rivers between Pennar and Cauvery Basin,Ponnaiyar and other,387.9207,1.38,100.0
subbasin,PON,Ponnaiyar and other,subbasin||PON,,East flowing rivers between Pennar and Cauvery Basin,Ponnaiyar and other,watershed,C18PON11,Watershed C18PON11,watershed||C18PON11,,East flowing rivers between Pennar and Cauvery Basin,Ponnaiyar and other,447.8084,1.59,100.0
subbasin,PON,Ponnaiyar and other,subbasin||PON,,East flowing rivers between Pennar and Cauvery Basin,Ponnaiyar and other,watershed,C18PON12,Watershed C18PON12,watershed||C18PON12,,East flowing rivers between Pennar and Cauvery Basin,Ponnaiyar and other,758.344,2.69,100.0
subbasin,PON,Ponnaiyar and other,subbasin||PON,,East flowing rivers between Pennar and Cauvery Basin,Ponnaiyar and other,watershed,C18PON13,Watershed C18PON13,watershed||C18PON13,,East flowing rivers between Pennar and Cauvery Basin,Ponnaiyar and other,375.8146,1.33,100.0
subbasin,PON,Ponnaiyar and other,subbasin||PON,,East flowing rivers between Pennar and Cauvery Basin,Ponnaiyar and other,watershed,C18PON14,Watershed C18PON14,watershed||C18PON14,,East flowing rivers between Pennar and Cauvery Basin,Ponnaiyar and other,645.3544,2.29,100.0
subbasin,PON,Ponnaiyar and other,subbasin||PON,,East flowing rivers between Pennar and Cauvery Basin,Ponnaiyar and other,watershed,C18PON15,Watershed C18PON15,watershed||C18PON15,,East flowing rivers between Pennar and Cauvery Basin,Ponnaiyar and other,433.7216,1.54,100.0
subbasin,PON,Ponnaiyar and other,subbasin||PON,,East flowing rivers between Pennar and Cauvery Basin,Ponnaiyar and other,watershed,C18PON16,Watershed C18PON16,watershed||C18PON16,,East flowing rivers between Pennar and Cauvery Basin,Ponnaiyar and other,566.6562,2.01,100.0
subbasin,PON,Ponnaiyar and other,subbasin||PON,,East flowing rivers between Pennar and Cauvery Basin,Ponnaiyar and other,watershed,C18PON17,Watershed C18PON17,watershed||C18PON17,,East flowing rivers between Pennar and Cauvery Basin,Ponnaiyar and other,491.6351,1.74,100.0
subbasin,PON,Ponnaiyar and other,subbasin||PON,,East flowing rivers between Pennar and Cauvery Basin,Ponnaiyar and other,watershed,C18PON18,Watershed C18PON18,watershed||C18PON18,,East flowing rivers between Pennar and Cauvery Basin,Ponnaiyar and other,355.9474,1.26,100.0
subbasin,PON,Ponnaiyar and other,subbasin||PON,,East flowing rivers between Pennar and Cauvery Basin,Ponnaiyar and other,watershed,C18PON19,Watershed C18PON19,watershed||C18PON19,,East flowing rivers between Pennar and Cauvery Basin,Ponnaiyar and other,672.1545,2.39,100.0
subbasin,PON,Ponnaiyar and other,subbasin||PON,,East flowing rivers between Pennar and Cauvery Basin,Ponnaiyar and other,watershed,C18PON20,Watershed C18PON20,watershed||C18PON20,,East flowing rivers between Pennar and Cauvery Basin,Ponnaiyar and other,602.8918,2.14,100.0
subbasin,PON,Ponnaiyar and other,subbasin||PON,,East flowing rivers between Pennar and Cauvery Basin,Ponnaiyar and other,watershed,C18PON21,Watershed C18PON21,watershed||C18PON21,,East flowing rivers between Pennar and Cauvery Basin,Ponnaiyar and other,844.3599,3.0,100.0
subbasin,PON,Ponnaiyar and other,subbasin||PON,,East flowing rivers between Pennar and Cauvery Basin,Ponnaiyar and other,watershed,C18PON22,Watershed C18PON22,watershed||C18PON22,,East flowing rivers between Pennar and Cauvery Basin,Ponnaiyar and other,747.5914,2.65,100.0
subbasin,PON,Ponnaiyar and other,subbasin||PON,,East flowing rivers between Pennar and Cauvery Basin,Ponnaiyar and other,watershed,C18PON23,Watershed C18PON23,watershed||C18PON23,,East flowing rivers between Pennar and Cauvery Basin,Ponnaiyar and other,506.3489,1.8,100.0
subbasin,PON,Ponnaiyar and other,subbasin||PON,,East flowing rivers between Pennar and Cauvery Basin,Ponnaiyar and other,watershed,C18PON24,Watershed C18PON24,watershed||C18PON24,,East flowing rivers between Pennar and Cauvery Basin,Ponnaiyar and other,499.2455,1.77,100.0
subbasin,PON,Ponnaiyar and other,subbasin||PON,,East flowing rivers between Pennar and Cauvery Basin,Ponnaiyar and other,watershed,C18PON25,Watershed C18PON25,watershed||C18PON25,,East flowing rivers between Pennar and Cauvery Basin,Ponnaiyar and other,752.2636,2.67,100.0
subbasin,PON,Ponnaiyar and other,subbasin||PON,,East flowing rivers between Pennar and Cauvery Basin,Ponnaiyar and other,watershed,C18PON26,Watershed C18PON26,watershed||C18PON26,,East flowing rivers between Pennar and Cauvery Basin,Ponnaiyar and other,520.8448,1.85,100.0
subbasin,PON,Ponnaiyar and other,subbasin||PON,,East flowing rivers between Pennar and Cauvery Basin,Ponnaiyar and other,watershed,C18PON27,Watershed C18PON27,watershed||C18PON27,,East flowing rivers between Pennar and Cauvery Basin,Ponnaiyar and other,489.4979,1.74,100.0
subbasin,PON,Ponnaiyar and other,subbasin||PON,,East flowing rivers between Pennar and Cauvery Basin,Ponnaiyar and other,watershed,C18PON28,Watershed C18PON28,watershed||C18PON28,,East flowing rivers between Pennar and Cauvery Basin,Ponnaiyar and other,600.3686,2.13,100.0
subbasin,PON,Ponnaiyar and other,subbasin||PON,,East flowing rivers between Pennar and Cauvery Basin,Ponnaiyar and other,watershed,C18PON29,Watershed C18PON29,watershed||C18PON29,,East flowing rivers between Pennar and Cauvery Basin,Ponnaiyar and other,732.8553,2.6,100.0
subbasin,PON,Ponnaiyar and other,subbasin||PON,,East flowing rivers between Pennar and Cauvery Basin,Ponnaiyar and other,watershed,C18PON30,Watershed C18PON30,watershed||C18PON30,,East flowing rivers between Pennar and Cauvery Basin,Ponnaiyar and other,535.037,1.9,100.0
subbasin,PON,Ponnaiyar and other,subbasin||PON,,East flowing rivers between Pennar and Cauvery Basin,Ponnaiyar and other,watershed,C18PON31,Watershed C18PON31,watershed||C18PON31,,East flowing rivers between Pennar and Cauvery Basin,Ponnaiyar and other,595.5512,2.11,100.0
subbasin,PON,Ponnaiyar and other,subbasin||PON,,East flowing rivers between Pennar and Cauvery Basin,Ponnaiyar and other,watershed,C18PON32,Watershed C18PON32,watershed||C18PON32,,East flowing rivers between Pennar and Cauvery Basin,Ponnaiyar and other,728.8059,2.59,100.0
subbasin,PON,Ponnaiyar and other,subbasin||PON,,East flowing rivers between Pennar and Cauvery Basin,Ponnaiyar and other,watershed,C18PON33,Watershed C18PON33,watershed||C18PON33,,East flowing rivers between Pennar and Cauvery Basin,Ponnaiyar and other,584.7281,2.08,100.0
subbasin,PON,Ponnaiyar and other,subbasin||PON,,East flowing rivers between Pennar and Cauvery Basin,Ponnaiyar and other,watershed,C18PON34,Watershed C18PON34,watershed||C18PON34,,East flowing rivers between Pennar and Cauvery Basin,Ponnaiyar and other,525.4872,1.86,100.0
subbasin,PON,Ponnaiyar and other,subbasin||PON,,East flowing rivers between Pennar and Cauvery Basin,Ponnaiyar and other,watershed,C18PON35,Watershed C18PON35,watershed||C18PON35,,East flowing rivers between Pennar and Cauvery Basin,Ponnaiyar and other,827.8583,2.94,100.0
subbasin,PON,Ponnaiyar and other,subbasin||PON,,East flowing rivers between Pennar and Cauvery Basin,Ponnaiyar and other,watershed,C18PON36,Watershed C18PON36,watershed||C18PON36,,East flowing rivers between Pennar and Cauvery Basin,Ponnaiyar and other,423.3618,1.5,100.0
subbasin,PON,Ponnaiyar and other,subbasin||PON,,East flowing rivers between Pennar and Cauvery Basin,Ponnaiyar and other,watershed,C18PON37,Watershed C18PON37,watershed||C18PON37,,East flowing rivers between Pennar and Cauvery Basin,Ponnaiyar and other,566.6214,2.01,100.0
subbasin,PON,Ponnaiyar and other,subbasin||PON,,East flowing rivers between Pennar and Cauvery Basin,Ponnaiyar and other,watershed,C18PON38,Watershed C18PON38,watershed||C18PON38,,East flowing rivers between Pennar and Cauvery Basin,Ponnaiyar and other,894.4053,3.17,100.0
subbasin,PON,Ponnaiyar and other,subbasin||PON,,East flowing rivers between Pennar and Cauvery Basin,Ponnaiyar and other,watershed,C18PON39,Watershed C18PON39,watershed||C18PON39,,East flowing rivers between Pennar and Cauvery Basin,Ponnaiyar and other,511.5727,1.82,100.0
subbasin,PON,Ponnaiyar and other,subbasin||PON,,East flowing rivers between Pennar and Cauvery Basin,Ponnaiyar and other,watershed,C18PON40,Watershed C18PON40,watershed||C18PON40,,East flowing rivers between Pennar and Cauvery Basin,Ponnaiyar and other,677.6387,2.4,100.0
subbasin,PON,Ponnaiyar and other,subbasin||PON,,East flowing rivers between Pennar and Cauvery Basin,Ponnaiyar and other,watershed,C18PON41,Watershed C18PON41,watershed||C18PON41,,East flowing rivers between Pennar and Cauvery Basin,Ponnaiyar and other,656.6003,2.33,100.0
subbasin,PON,Ponnaiyar and other,subbasin||PON,,East flowing rivers between Pennar and Cauvery Basin,Ponnaiyar and other,watershed,C18PON42,Watershed C18PON42,watershed||C18PON42,,East flowing rivers between Pennar and Cauvery Basin,Ponnaiyar and other,741.5735,2.63,100.0
subbasin,PON,Ponnaiyar and other,subbasin||PON,,East flowing rivers between Pennar and Cauvery Basin,Ponnaiyar and other,watershed,C18PON43,Watershed C18PON43,watershed||C18PON43,,East flowing rivers between Pennar and Cauvery Basin,Ponnaiyar and other,682.6021,2.42,100.0
subbasin,PON,Ponnaiyar and other,subbasin||PON,,East flowing rivers between Pennar and Cauvery Basin,Ponnaiyar and other,watershed,C18PON44,Watershed C18PON44,watershed||C18PON44,,East flowing rivers between Pennar and Cauvery Basin,Ponnaiyar and other,375.1736,1.33,100.0
subbasin,PON,Ponnaiyar and other,subbasin||PON,,East flowing rivers between Pennar and Cauvery Basin,Ponnaiyar and other,watershed,C18PON45,Watershed C18PON45,watershed||C18PON45,,East flowing rivers between Pennar and Cauvery Basin,Ponnaiyar and other,794.2616,2.82,100.0
subbasin,PON,Ponnaiyar and other,subbasin||PON,,East flowing rivers between Pennar and Cauvery Basin,Ponnaiyar and other,watershed,C18PON46,Watershed C18PON46,watershed||C18PON46,,East flowing rivers between Pennar and Cauvery Basin,Ponnaiyar and other,799.5539,2.84,100.0
subbasin,PRA,Pranhita and others,subbasin||PRA,,Godavari Basin,Pranhita and others,watershed,C03PRA01,Watershed C03PRA01,watershed||C03PRA01,,Godavari Basin,Pranhita and others,728.9779,1.96,100.0
subbasin,PRA,Pranhita and others,subbasin||PRA,,Godavari Basin,Pranhita and others,watershed,C03PRA02,Watershed C03PRA02,watershed||C03PRA02,,Godavari Basin,Pranhita and others,597.7728,1.6,100.0
subbasin,PRA,Pranhita and others,subbasin||PRA,,Godavari Basin,Pranhita and others,watershed,C03PRA03,Watershed C03PRA03,watershed||C03PRA03,,Godavari Basin,Pranhita and others,669.3136,1.8,100.0
subbasin,PRA,Pranhita and others,subbasin||PRA,,Godavari Basin,Pranhita and others,watershed,C03PRA04,Watershed C03PRA04,watershed||C03PRA04,,Godavari Basin,Pranhita and others,387.8347,1.04,100.0
subbasin,PRA,Pranhita and others,subbasin||PRA,,Godavari Basin,Pranhita and others,watershed,C03PRA05,Watershed C03PRA05,watershed||C03PRA05,,Godavari Basin,Pranhita and others,958.8458,2.57,100.0
subbasin,PRA,Pranhita and others,subbasin||PRA,,Godavari Basin,Pranhita and others,watershed,C03PRA06,Watershed C03PRA06,watershed||C03PRA06,,Godavari Basin,Pranhita and others,871.3795,2.34,100.0
subbasin,PRA,Pranhita and others,subbasin||PRA,,Godavari Basin,Pranhita and others,watershed,C03PRA07,Watershed C03PRA07,watershed||C03PRA07,,Godavari Basin,Pranhita and others,409.8548,1.1,100.0
subbasin,PRA,Pranhita and others,subbasin||PRA,,Godavari Basin,Pranhita and others,watershed,C03PRA08,Watershed C03PRA08,watershed||C03PRA08,,Godavari Basin,Pranhita and others,540.8331,1.45,100.0
subbasin,PRA,Pranhita and others,subbasin||PRA,,Godavari Basin,Pranhita and others,watershed,C03PRA09,Watershed C03PRA09,watershed||C03PRA09,,Godavari Basin,Pranhita and others,436.6739,1.17,100.0
subbasin,PRA,Pranhita and others,subbasin||PRA,,Godavari Basin,Pranhita and others,watershed,C03PRA10,Watershed C03PRA10,watershed||C03PRA10,,Godavari Basin,Pranhita and others,459.7329,1.23,100.0
subbasin,PRA,Pranhita and others,subbasin||PRA,,Godavari Basin,Pranhita and others,watershed,C03PRA11,Watershed C03PRA11,watershed||C03PRA11,,Godavari Basin,Pranhita and others,772.1416,2.07,100.0
subbasin,PRA,Pranhita and others,subbasin||PRA,,Godavari Basin,Pranhita and others,watershed,C03PRA12,Watershed C03PRA12,watershed||C03PRA12,,Godavari Basin,Pranhita and others,630.768,1.69,100.0
subbasin,PRA,Pranhita and others,subbasin||PRA,,Godavari Basin,Pranhita and others,watershed,C03PRA13,Watershed C03PRA13,watershed||C03PRA13,,Godavari Basin,Pranhita and others,874.7248,2.35,100.0
subbasin,PRA,Pranhita and others,subbasin||PRA,,Godavari Basin,Pranhita and others,watershed,C03PRA14,Watershed C03PRA14,watershed||C03PRA14,,Godavari Basin,Pranhita and others,934.6376,2.51,100.0
subbasin,PRA,Pranhita and others,subbasin||PRA,,Godavari Basin,Pranhita and others,watershed,C03PRA15,Watershed C03PRA15,watershed||C03PRA15,,Godavari Basin,Pranhita and others,505.4364,1.36,100.0
subbasin,PRA,Pranhita and others,subbasin||PRA,,Godavari Basin,Pranhita and others,watershed,C03PRA16,Watershed C03PRA16,watershed||C03PRA16,,Godavari Basin,Pranhita and others,498.7342,1.34,100.0
subbasin,PRA,Pranhita and others,subbasin||PRA,,Godavari Basin,Pranhita and others,watershed,C03PRA17,Watershed C03PRA17,watershed||C03PRA17,,Godavari Basin,Pranhita and others,932.3339,2.5,100.0
subbasin,PRA,Pranhita and others,subbasin||PRA,,Godavari Basin,Pranhita and others,watershed,C03PRA18,Watershed C03PRA18,watershed||C03PRA18,,Godavari Basin,Pranhita and others,492.8868,1.32,100.0
subbasin,PRA,Pranhita and others,subbasin||PRA,,Godavari Basin,Pranhita and others,watershed,C03PRA19,Watershed C03PRA19,watershed||C03PRA19,,Godavari Basin,Pranhita and others,527.2167,1.41,100.0
subbasin,PRA,Pranhita and others,subbasin||PRA,,Godavari Basin,Pranhita and others,watershed,C03PRA20,Watershed C03PRA20,watershed||C03PRA20,,Godavari Basin,Pranhita and others,843.7199,2.26,100.0
subbasin,PRA,Pranhita and others,subbasin||PRA,,Godavari Basin,Pranhita and others,watershed,C03PRA21,Watershed C03PRA21,watershed||C03PRA21,,Godavari Basin,Pranhita and others,557.507,1.5,100.0
subbasin,PRA,Pranhita and others,subbasin||PRA,,Godavari Basin,Pranhita and others,watershed,C03PRA22,Watershed C03PRA22,watershed||C03PRA22,,Godavari Basin,Pranhita and others,803.7219,2.16,100.0
subbasin,PRA,Pranhita and others,subbasin||PRA,,Godavari Basin,Pranhita and others,watershed,C03PRA23,Watershed C03PRA23,watershed||C03PRA23,,Godavari Basin,Pranhita and others,797.0322,2.14,100.0
subbasin,PRA,Pranhita and others,subbasin||PRA,,Godavari Basin,Pranhita and others,watershed,C03PRA24,Watershed C03PRA24,watershed||C03PRA24,,Godavari Basin,Pranhita and others,697.4918,1.87,100.0
subbasin,PRA,Pranhita and others,subbasin||PRA,,Godavari Basin,Pranhita and others,watershed,C03PRA25,Watershed C03PRA25,watershed||C03PRA25,,Godavari Basin,Pranhita and others,339.3994,0.91,100.0
subbasin,PRA,Pranhita and others,subbasin||PRA,,Godavari Basin,Pranhita and others,watershed,C03PRA26,Watershed C03PRA26,watershed||C03PRA26,,Godavari Basin,Pranhita and others,726.214,1.95,100.0
subbasin,PRA,Pranhita and others,subbasin||PRA,,Godavari Basin,Pranhita and others,watershed,C03PRA27,Watershed C03PRA27,watershed||C03PRA27,,Godavari Basin,Pranhita and others,656.5977,1.76,100.0
subbasin,PRA,Pranhita and others,subbasin||PRA,,Godavari Basin,Pranhita and others,watershed,C03PRA28,Watershed C03PRA28,watershed||C03PRA28,,Godavari Basin,Pranhita and others,553.268,1.48,100.0
subbasin,PRA,Pranhita and others,subbasin||PRA,,Godavari Basin,Pranhita and others,watershed,C03PRA29,Watershed C03PRA29,watershed||C03PRA29,,Godavari Basin,Pranhita and others,695.0442,1.87,100.0
subbasin,PRA,Pranhita and others,subbasin||PRA,,Godavari Basin,Pranhita and others,watershed,C03PRA30,Watershed C03PRA30,watershed||C03PRA30,,Godavari Basin,Pranhita and others,793.4821,2.13,100.0
subbasin,PRA,Pranhita and others,subbasin||PRA,,Godavari Basin,Pranhita and others,watershed,C03PRA31,Watershed C03PRA31,watershed||C03PRA31,,Godavari Basin,Pranhita and others,434.4511,1.17,100.0
subbasin,PRA,Pranhita and others,subbasin||PRA,,Godavari Basin,Pranhita and others,watershed,C03PRA32,Watershed C03PRA32,watershed||C03PRA32,,Godavari Basin,Pranhita and others,656.022,1.76,100.0
subbasin,PRA,Pranhita and others,subbasin||PRA,,Godavari Basin,Pranhita and others,watershed,C03PRA33,Watershed C03PRA33,watershed||C03PRA33,,Godavari Basin,Pranhita and others,884.1238,2.37,100.0
subbasin,PRA,Pranhita and others,subbasin||PRA,,Godavari Basin,Pranhita and others,watershed,C03PRA34,Watershed C03PRA34,watershed||C03PRA34,,Godavari Basin,Pranhita and others,466.3605,1.25,100.0
subbasin,PRA,Pranhita and others,subbasin||PRA,,Godavari Basin,Pranhita and others,watershed,C03PRA35,Watershed C03PRA35,watershed||C03PRA35,,Godavari Basin,Pranhita and others,624.4956,1.68,100.0
subbasin,PRA,Pranhita and others,subbasin||PRA,,Godavari Basin,Pranhita and others,watershed,C03PRA36,Watershed C03PRA36,watershed||C03PRA36,,Godavari Basin,Pranhita and others,623.7535,1.67,100.0
subbasin,PRA,Pranhita and others,subbasin||PRA,,Godavari Basin,Pranhita and others,watershed,C03PRA37,Watershed C03PRA37,watershed||C03PRA37,,Godavari Basin,Pranhita and others,399.2933,1.07,100.0
subbasin,PRA,Pranhita and others,subbasin||PRA,,Godavari Basin,Pranhita and others,watershed,C03PRA38,Watershed C03PRA38,watershed||C03PRA38,,Godavari Basin,Pranhita and others,855.8595,2.3,100.0
subbasin,PRA,Pranhita and others,subbasin||PRA,,Godavari Basin,Pranhita and others,watershed,C03PRA39,Watershed C03PRA39,watershed||C03PRA39,,Godavari Basin,Pranhita and others,737.7912,1.98,100.0
subbasin,PRA,Pranhita and others,subbasin||PRA,,Godavari Basin,Pranhita and others,watershed,C03PRA40,Watershed C03PRA40,watershed||C03PRA40,,Godavari Basin,Pranhita and others,529.0337,1.42,100.0
subbasin,PRA,Pranhita and others,subbasin||PRA,,Godavari Basin,Pranhita and others,watershed,C03PRA41,Watershed C03PRA41,watershed||C03PRA41,,Godavari Basin,Pranhita and others,464.378,1.25,100.0
subbasin,PRA,Pranhita and others,subbasin||PRA,,Godavari Basin,Pranhita and others,watershed,C03PRA42,Watershed C03PRA42,watershed||C03PRA42,,Godavari Basin,Pranhita and others,538.3522,1.44,100.0
subbasin,PRA,Pranhita and others,subbasin||PRA,,Godavari Basin,Pranhita and others,watershed,C03PRA43,Watershed C03PRA43,watershed||C03PRA43,,Godavari Basin,Pranhita and others,337.0787,0.9,100.0
subbasin,PRA,Pranhita and others,subbasin||PRA,,Godavari Basin,Pranhita and others,watershed,C03PRA44,Watershed C03PRA44,watershed||C03PRA44,,Godavari Basin,Pranhita and others,839.3417,2.25,100.0
subbasin,PRA,Pranhita and others,subbasin||PRA,,Godavari Basin,Pranhita and others,watershed,C03PRA45,Watershed C03PRA45,watershed||C03PRA45,,Godavari Basin,Pranhita and others,779.1394,2.09,100.0
subbasin,PRA,Pranhita and others,subbasin||PRA,,Godavari Basin,Pranhita and others,watershed,C03PRA46,Watershed C03PRA46,watershed||C03PRA46,,Godavari Basin,Pranhita and others,473.7662,1.27,100.0
subbasin,PRA,Pranhita and others,subbasin||PRA,,Godavari Basin,Pranhita and others,watershed,C03PRA47,Watershed C03PRA47,watershed||C03PRA47,,Godavari Basin,Pranhita and others,574.921,1.54,100.0
subbasin,PRA,Pranhita and others,subbasin||PRA,,Godavari Basin,Pranhita and others,watershed,C03PRA48,Watershed C03PRA48,watershed||C03PRA48,,Godavari Basin,Pranhita and others,614.6699,1.65,100.0
subbasin,PRA,Pranhita and others,subbasin||PRA,,Godavari Basin,Pranhita and others,watershed,C03PRA49,Watershed C03PRA49,watershed||C03PRA49,,Godavari Basin,Pranhita and others,885.0434,2.38,100.0
subbasin,PRA,Pranhita and others,subbasin||PRA,,Godavari Basin,Pranhita and others,watershed,C03PRA50,Watershed C03PRA50,watershed||C03PRA50,,Godavari Basin,Pranhita and others,540.7275,1.45,100.0
subbasin,PRA,Pranhita and others,subbasin||PRA,,Godavari Basin,Pranhita and others,watershed,C03PRA51,Watershed C03PRA51,watershed||C03PRA51,,Godavari Basin,Pranhita and others,641.833,1.72,100.0
subbasin,PRA,Pranhita and others,subbasin||PRA,,Godavari Basin,Pranhita and others,watershed,C03PRA52,Watershed C03PRA52,watershed||C03PRA52,,Godavari Basin,Pranhita and others,827.7041,2.22,100.0
subbasin,PRA,Pranhita and others,subbasin||PRA,,Godavari Basin,Pranhita and others,watershed,C03PRA53,Watershed C03PRA53,watershed||C03PRA53,,Godavari Basin,Pranhita and others,862.9227,2.32,100.0
subbasin,PRA,Pranhita and others,subbasin||PRA,,Godavari Basin,Pranhita and others,watershed,C03PRA54,Watershed C03PRA54,watershed||C03PRA54,,Godavari Basin,Pranhita and others,1012.9502,2.72,100.0
subbasin,PRA,Pranhita and others,subbasin||PRA,,Godavari Basin,Pranhita and others,watershed,C03PRA55,Watershed C03PRA55,watershed||C03PRA55,,Godavari Basin,Pranhita and others,450.9868,1.21,100.0
subbasin,PRA,Pranhita and others,subbasin||PRA,,Godavari Basin,Pranhita and others,watershed,C03PRA56,Watershed C03PRA56,watershed||C03PRA56,,Godavari Basin,Pranhita and others,862.3224,2.31,100.0
subbasin,PRA,Pranhita and others,subbasin||PRA,,Godavari Basin,Pranhita and others,watershed,C03PRA57,Watershed C03PRA57,watershed||C03PRA57,,Godavari Basin,Pranhita and others,650.8316,1.75,100.0
subbasin,RAM,Ramganga,subbasin||RAM,,Ganga Basin,Ramganga,watershed,C2ARAM01,Watershed C2ARAM01,watershed||C2ARAM01,,Ganga Basin,Ramganga,1064.9304,3.34,100.0
subbasin,RAM,Ramganga,subbasin||RAM,,Ganga Basin,Ramganga,watershed,C2ARAM02,Watershed C2ARAM02,watershed||C2ARAM02,,Ganga Basin,Ramganga,985.4383,3.09,100.0
subbasin,RAM,Ramganga,subbasin||RAM,,Ganga Basin,Ramganga,watershed,C2ARAM03,Watershed C2ARAM03,watershed||C2ARAM03,,Ganga Basin,Ramganga,1081.997,3.4,100.0
subbasin,RAM,Ramganga,subbasin||RAM,,Ganga Basin,Ramganga,watershed,C2ARAM04,Watershed C2ARAM04,watershed||C2ARAM04,,Ganga Basin,Ramganga,644.661,2.02,100.0
subbasin,RAM,Ramganga,subbasin||RAM,,Ganga Basin,Ramganga,watershed,C2ARAM05,Watershed C2ARAM05,watershed||C2ARAM05,,Ganga Basin,Ramganga,1052.0464,3.3,100.0
subbasin,RAM,Ramganga,subbasin||RAM,,Ganga Basin,Ramganga,watershed,C2ARAM06,Watershed C2ARAM06,watershed||C2ARAM06,,Ganga Basin,Ramganga,774.5128,2.43,100.0
subbasin,RAM,Ramganga,subbasin||RAM,,Ganga Basin,Ramganga,watershed,C2ARAM07,Watershed C2ARAM07,watershed||C2ARAM07,,Ganga Basin,Ramganga,1146.2297,3.6,100.0
subbasin,RAM,Ramganga,subbasin||RAM,,Ganga Basin,Ramganga,watershed,C2ARAM08,Watershed C2ARAM08,watershed||C2ARAM08,,Ganga Basin,Ramganga,873.7294,2.74,100.0
subbasin,RAM,Ramganga,subbasin||RAM,,Ganga Basin,Ramganga,watershed,C2ARAM09,Watershed C2ARAM09,watershed||C2ARAM09,,Ganga Basin,Ramganga,801.0313,2.52,100.0
subbasin,RAM,Ramganga,subbasin||RAM,,Ganga Basin,Ramganga,watershed,C2ARAM10,Watershed C2ARAM10,watershed||C2ARAM10,,Ganga Basin,Ramganga,1465.2335,4.6,100.0
subbasin,RAM,Ramganga,subbasin||RAM,,Ganga Basin,Ramganga,watershed,C2ARAM11,Watershed C2ARAM11,watershed||C2ARAM11,,Ganga Basin,Ramganga,963.8743,3.03,100.0
subbasin,RAM,Ramganga,subbasin||RAM,,Ganga Basin,Ramganga,watershed,C2ARAM12,Watershed C2ARAM12,watershed||C2ARAM12,,Ganga Basin,Ramganga,852.322,2.68,100.0
subbasin,RAM,Ramganga,subbasin||RAM,,Ganga Basin,Ramganga,watershed,C2ARAM13,Watershed C2ARAM13,watershed||C2ARAM13,,Ganga Basin,Ramganga,586.9286,1.84,100.0
subbasin,RAM,Ramganga,subbasin||RAM,,Ganga Basin,Ramganga,watershed,C2ARAM14,Watershed C2ARAM14,watershed||C2ARAM14,,Ganga Basin,Ramganga,615.6383,1.93,100.0
subbasin,RAM,Ramganga,subbasin||RAM,,Ganga Basin,Ramganga,watershed,C2ARAM15,Watershed C2ARAM15,watershed||C2ARAM15,,Ganga Basin,Ramganga,602.4459,1.89,100.0
subbasin,RAM,Ramganga,subbasin||RAM,,Ganga Basin,Ramganga,watershed,C2ARAM16,Watershed C2ARAM16,watershed||C2ARAM16,,Ganga Basin,Ramganga,555.2469,1.74,100.0
subbasin,RAM,Ramganga,subbasin||RAM,,Ganga Basin,Ramganga,watershed,C2ARAM17,Watershed C2ARAM17,watershed||C2ARAM17,,Ganga Basin,Ramganga,747.2453,2.35,100.0
subbasin,RAM,Ramganga,subbasin||RAM,,Ganga Basin,Ramganga,watershed,C2ARAM18,Watershed C2ARAM18,watershed||C2ARAM18,,Ganga Basin,Ramganga,602.2775,1.89,100.0
subbasin,RAM,Ramganga,subbasin||RAM,,Ganga Basin,Ramganga,watershed,C2ARAM19,Watershed C2ARAM19,watershed||C2ARAM19,,Ganga Basin,Ramganga,458.5828,1.44,100.0
subbasin,RAM,Ramganga,subbasin||RAM,,Ganga Basin,Ramganga,watershed,C2ARAM20,Watershed C2ARAM20,watershed||C2ARAM20,,Ganga Basin,Ramganga,1123.0604,3.53,100.0
subbasin,RAM,Ramganga,subbasin||RAM,,Ganga Basin,Ramganga,watershed,C2ARAM21,Watershed C2ARAM21,watershed||C2ARAM21,,Ganga Basin,Ramganga,600.1874,1.88,100.0
subbasin,RAM,Ramganga,subbasin||RAM,,Ganga Basin,Ramganga,watershed,C2ARAM22,Watershed C2ARAM22,watershed||C2ARAM22,,Ganga Basin,Ramganga,753.3194,2.37,100.0
subbasin,RAM,Ramganga,subbasin||RAM,,Ganga Basin,Ramganga,watershed,C2ARAM23,Watershed C2ARAM23,watershed||C2ARAM23,,Ganga Basin,Ramganga,554.4875,1.74,100.0
subbasin,RAM,Ramganga,subbasin||RAM,,Ganga Basin,Ramganga,watershed,C2ARAM24,Watershed C2ARAM24,watershed||C2ARAM24,,Ganga Basin,Ramganga,915.1978,2.87,100.0
subbasin,RAM,Ramganga,subbasin||RAM,,Ganga Basin,Ramganga,watershed,C2ARAM25,Watershed C2ARAM25,watershed||C2ARAM25,,Ganga Basin,Ramganga,962.4645,3.02,100.0
subbasin,RAM,Ramganga,subbasin||RAM,,Ganga Basin,Ramganga,watershed,C2ARAM26,Watershed C2ARAM26,watershed||C2ARAM26,,Ganga Basin,Ramganga,575.6032,1.81,100.0
subbasin,RAM,Ramganga,subbasin||RAM,,Ganga Basin,Ramganga,watershed,C2ARAM27,Watershed C2ARAM27,watershed||C2ARAM27,,Ganga Basin,Ramganga,1397.8748,4.39,100.0
subbasin,RAM,Ramganga,subbasin||RAM,,Ganga Basin,Ramganga,watershed,C2ARAM28,Watershed C2ARAM28,watershed||C2ARAM28,,Ganga Basin,Ramganga,777.5089,2.44,100.0
subbasin,RAM,Ramganga,subbasin||RAM,,Ganga Basin,Ramganga,watershed,C2ARAM29,Watershed C2ARAM29,watershed||C2ARAM29,,Ganga Basin,Ramganga,507.5561,1.59,100.0
subbasin,RAM,Ramganga,subbasin||RAM,,Ganga Basin,Ramganga,watershed,C2ARAM30,Watershed C2ARAM30,watershed||C2ARAM30,,Ganga Basin,Ramganga,644.0286,2.02,100.0
subbasin,RAM,Ramganga,subbasin||RAM,,Ganga Basin,Ramganga,watershed,C2ARAM31,Watershed C2ARAM31,watershed||C2ARAM31,,Ganga Basin,Ramganga,757.2974,2.38,100.0
subbasin,RAM,Ramganga,subbasin||RAM,,Ganga Basin,Ramganga,watershed,C2ARAM32,Watershed C2ARAM32,watershed||C2ARAM32,,Ganga Basin,Ramganga,525.722,1.65,100.0
subbasin,RAM,Ramganga,subbasin||RAM,,Ganga Basin,Ramganga,watershed,C2ARAM33,Watershed C2ARAM33,watershed||C2ARAM33,,Ganga Basin,Ramganga,888.3099,2.79,100.0
subbasin,RAM,Ramganga,subbasin||RAM,,Ganga Basin,Ramganga,watershed,C2ARAM34,Watershed C2ARAM34,watershed||C2ARAM34,,Ganga Basin,Ramganga,1058.8835,3.33,100.0
subbasin,RAM,Ramganga,subbasin||RAM,,Ganga Basin,Ramganga,watershed,C2ARAM35,Watershed C2ARAM35,watershed||C2ARAM35,,Ganga Basin,Ramganga,362.1263,1.14,100.0
subbasin,RAM,Ramganga,subbasin||RAM,,Ganga Basin,Ramganga,watershed,C2ARAM36,Watershed C2ARAM36,watershed||C2ARAM36,,Ganga Basin,Ramganga,876.6575,2.75,100.0
subbasin,RAM,Ramganga,subbasin||RAM,,Ganga Basin,Ramganga,watershed,C2ARAM37,Watershed C2ARAM37,watershed||C2ARAM37,,Ganga Basin,Ramganga,526.1461,1.65,100.0
subbasin,RAM,Ramganga,subbasin||RAM,,Ganga Basin,Ramganga,watershed,C2ARAM38,Watershed C2ARAM38,watershed||C2ARAM38,,Ganga Basin,Ramganga,463.5674,1.46,100.0
subbasin,RAM,Ramganga,subbasin||RAM,,Ganga Basin,Ramganga,watershed,C2ARAM39,Watershed C2ARAM39,watershed||C2ARAM39,,Ganga Basin,Ramganga,1054.9532,3.31,100.0
subbasin,RAM,Ramganga,subbasin||RAM,,Ganga Basin,Ramganga,watershed,C2ARAM40,Watershed C2ARAM40,watershed||C2ARAM40,,Ganga Basin,Ramganga,643.2944,2.02,100.0
subbasin,RAV,Ravi,subbasin||RAV,,Indus (Up to border) Basin,Ravi,watershed,A01RAV01,Watershed A01RAV01,watershed||A01RAV01,,Indus (Up to border) Basin,Ravi,639.7715,4.58,100.0
subbasin,RAV,Ravi,subbasin||RAV,,Indus (Up to border) Basin,Ravi,watershed,A01RAV02,Watershed A01RAV02,watershed||A01RAV02,,Indus (Up to border) Basin,Ravi,699.2404,5.01,100.0
subbasin,RAV,Ravi,subbasin||RAV,,Indus (Up to border) Basin,Ravi,watershed,A01RAV03,Watershed A01RAV03,watershed||A01RAV03,,Indus (Up to border) Basin,Ravi,851.2037,6.1,100.0
subbasin,RAV,Ravi,subbasin||RAV,,Indus (Up to border) Basin,Ravi,watershed,A01RAV04,Watershed A01RAV04,watershed||A01RAV04,,Indus (Up to border) Basin,Ravi,537.9743,3.85,100.0
subbasin,RAV,Ravi,subbasin||RAV,,Indus (Up to border) Basin,Ravi,watershed,A01RAV05,Watershed A01RAV05,watershed||A01RAV05,,Indus (Up to border) Basin,Ravi,671.8649,4.81,100.0
subbasin,RAV,Ravi,subbasin||RAV,,Indus (Up to border) Basin,Ravi,watershed,A01RAV06,Watershed A01RAV06,watershed||A01RAV06,,Indus (Up to border) Basin,Ravi,396.3496,2.84,100.0
subbasin,RAV,Ravi,subbasin||RAV,,Indus (Up to border) Basin,Ravi,watershed,A01RAV07,Watershed A01RAV07,watershed||A01RAV07,,Indus (Up to border) Basin,Ravi,597.2206,4.28,100.0
subbasin,RAV,Ravi,subbasin||RAV,,Indus (Up to border) Basin,Ravi,watershed,A01RAV08,Watershed A01RAV08,watershed||A01RAV08,,Indus (Up to border) Basin,Ravi,589.5946,4.22,100.0
subbasin,RAV,Ravi,subbasin||RAV,,Indus (Up to border) Basin,Ravi,watershed,A01RAV09,Watershed A01RAV09,watershed||A01RAV09,,Indus (Up to border) Basin,Ravi,497.464,3.56,100.0
subbasin,RAV,Ravi,subbasin||RAV,,Indus (Up to border) Basin,Ravi,watershed,A01RAV10,Watershed A01RAV10,watershed||A01RAV10,,Indus (Up to border) Basin,Ravi,644.5012,4.62,100.0
subbasin,RAV,Ravi,subbasin||RAV,,Indus (Up to border) Basin,Ravi,watershed,A01RAV11,Watershed A01RAV11,watershed||A01RAV11,,Indus (Up to border) Basin,Ravi,566.6523,4.06,100.0
subbasin,RAV,Ravi,subbasin||RAV,,Indus (Up to border) Basin,Ravi,watershed,A01RAV12,Watershed A01RAV12,watershed||A01RAV12,,Indus (Up to border) Basin,Ravi,870.8754,6.24,100.0
subbasin,RAV,Ravi,subbasin||RAV,,Indus (Up to border) Basin,Ravi,watershed,A01RAV13,Watershed A01RAV13,watershed||A01RAV13,,Indus (Up to border) Basin,Ravi,607.7451,4.35,100.0
subbasin,RAV,Ravi,subbasin||RAV,,Indus (Up to border) Basin,Ravi,watershed,A01RAV14,Watershed A01RAV14,watershed||A01RAV14,,Indus (Up to border) Basin,Ravi,609.0664,4.36,100.0
subbasin,RAV,Ravi,subbasin||RAV,,Indus (Up to border) Basin,Ravi,watershed,A01RAV15,Watershed A01RAV15,watershed||A01RAV15,,Indus (Up to border) Basin,Ravi,483.5822,3.46,100.0
subbasin,RAV,Ravi,subbasin||RAV,,Indus (Up to border) Basin,Ravi,watershed,A01RAV16,Watershed A01RAV16,watershed||A01RAV16,,Indus (Up to border) Basin,Ravi,442.7494,3.17,100.0
subbasin,RAV,Ravi,subbasin||RAV,,Indus (Up to border) Basin,Ravi,watershed,A01RAV17,Watershed A01RAV17,watershed||A01RAV17,,Indus (Up to border) Basin,Ravi,1329.0398,9.52,100.0
subbasin,RAV,Ravi,subbasin||RAV,,Indus (Up to border) Basin,Ravi,watershed,A01RAV18,Watershed A01RAV18,watershed||A01RAV18,,Indus (Up to border) Basin,Ravi,839.2496,6.01,100.0
subbasin,RAV,Ravi,subbasin||RAV,,Indus (Up to border) Basin,Ravi,watershed,A01RAV19,Watershed A01RAV19,watershed||A01RAV19,,Indus (Up to border) Basin,Ravi,1204.7412,8.63,100.0
subbasin,RAV,Ravi,subbasin||RAV,,Indus (Up to border) Basin,Ravi,watershed,A01RAV20,Watershed A01RAV20,watershed||A01RAV20,,Indus (Up to border) Basin,Ravi,881.0858,6.31,100.0
subbasin,SAL,Sabarmati Lower,subbasin||SAL,,Sabarmati Basin,Sabarmati Lower,watershed,B11SAL01,Watershed B11SAL01,watershed||B11SAL01,,Sabarmati Basin,Sabarmati Lower,1007.9042,8.92,100.0
subbasin,SAL,Sabarmati Lower,subbasin||SAL,,Sabarmati Basin,Sabarmati Lower,watershed,B11SAL02,Watershed B11SAL02,watershed||B11SAL02,,Sabarmati Basin,Sabarmati Lower,733.0085,6.49,100.0
subbasin,SAL,Sabarmati Lower,subbasin||SAL,,Sabarmati Basin,Sabarmati Lower,watershed,B11SAL03,Watershed B11SAL03,watershed||B11SAL03,,Sabarmati Basin,Sabarmati Lower,675.424,5.98,100.0
subbasin,SAL,Sabarmati Lower,subbasin||SAL,,Sabarmati Basin,Sabarmati Lower,watershed,B11SAL04,Watershed B11SAL04,watershed||B11SAL04,,Sabarmati Basin,Sabarmati Lower,413.3927,3.66,100.0
subbasin,SAL,Sabarmati Lower,subbasin||SAL,,Sabarmati Basin,Sabarmati Lower,watershed,B11SAL05,Watershed B11SAL05,watershed||B11SAL05,,Sabarmati Basin,Sabarmati Lower,594.3577,5.26,100.0
subbasin,SAL,Sabarmati Lower,subbasin||SAL,,Sabarmati Basin,Sabarmati Lower,watershed,B11SAL06,Watershed B11SAL06,watershed||B11SAL06,,Sabarmati Basin,Sabarmati Lower,467.5279,4.14,100.0
subbasin,SAL,Sabarmati Lower,subbasin||SAL,,Sabarmati Basin,Sabarmati Lower,watershed,B11SAL07,Watershed B11SAL07,watershed||B11SAL07,,Sabarmati Basin,Sabarmati Lower,762.9622,6.75,100.0
subbasin,SAL,Sabarmati Lower,subbasin||SAL,,Sabarmati Basin,Sabarmati Lower,watershed,B11SAL08,Watershed B11SAL08,watershed||B11SAL08,,Sabarmati Basin,Sabarmati Lower,585.0987,5.18,100.0
subbasin,SAL,Sabarmati Lower,subbasin||SAL,,Sabarmati Basin,Sabarmati Lower,watershed,B11SAL09,Watershed B11SAL09,watershed||B11SAL09,,Sabarmati Basin,Sabarmati Lower,573.0969,5.07,100.0
subbasin,SAL,Sabarmati Lower,subbasin||SAL,,Sabarmati Basin,Sabarmati Lower,watershed,B11SAL10,Watershed B11SAL10,watershed||B11SAL10,,Sabarmati Basin,Sabarmati Lower,726.5209,6.43,100.0
subbasin,SAL,Sabarmati Lower,subbasin||SAL,,Sabarmati Basin,Sabarmati Lower,watershed,B11SAL11,Watershed B11SAL11,watershed||B11SAL11,,Sabarmati Basin,Sabarmati Lower,696.1901,6.16,100.0
subbasin,SAL,Sabarmati Lower,subbasin||SAL,,Sabarmati Basin,Sabarmati Lower,watershed,B11SAL12,Watershed B11SAL12,watershed||B11SAL12,,Sabarmati Basin,Sabarmati Lower,426.0834,3.77,100.0
subbasin,SAL,Sabarmati Lower,subbasin||SAL,,Sabarmati Basin,Sabarmati Lower,watershed,B11SAL13,Watershed B11SAL13,watershed||B11SAL13,,Sabarmati Basin,Sabarmati Lower,1025.0943,9.08,100.0
subbasin,SAL,Sabarmati Lower,subbasin||SAL,,Sabarmati Basin,Sabarmati Lower,watershed,B11SAL14,Watershed B11SAL14,watershed||B11SAL14,,Sabarmati Basin,Sabarmati Lower,694.975,6.15,100.0
subbasin,SAL,Sabarmati Lower,subbasin||SAL,,Sabarmati Basin,Sabarmati Lower,watershed,B11SAL15,Watershed B11SAL15,watershed||B11SAL15,,Sabarmati Basin,Sabarmati Lower,436.3799,3.86,100.0
subbasin,SAL,Sabarmati Lower,subbasin||SAL,,Sabarmati Basin,Sabarmati Lower,watershed,B11SAL16,Watershed B11SAL16,watershed||B11SAL16,,Sabarmati Basin,Sabarmati Lower,926.9521,8.21,100.0
subbasin,SAL,Sabarmati Lower,subbasin||SAL,,Sabarmati Basin,Sabarmati Lower,watershed,B11SAL17,Watershed B11SAL17,watershed||B11SAL17,,Sabarmati Basin,Sabarmati Lower,550.738,4.88,100.0
subbasin,SAU,Sabarmati Upper,subbasin||SAU,,Sabarmati Basin,Sabarmati Upper,watershed,B11SAU01,Watershed B11SAU01,watershed||B11SAU01,,Sabarmati Basin,Sabarmati Upper,396.9294,1.93,100.0
subbasin,SAU,Sabarmati Upper,subbasin||SAU,,Sabarmati Basin,Sabarmati Upper,watershed,B11SAU02,Watershed B11SAU02,watershed||B11SAU02,,Sabarmati Basin,Sabarmati Upper,778.7785,3.78,100.0
subbasin,SAU,Sabarmati Upper,subbasin||SAU,,Sabarmati Basin,Sabarmati Upper,watershed,B11SAU03,Watershed B11SAU03,watershed||B11SAU03,,Sabarmati Basin,Sabarmati Upper,538.968,2.62,100.0
subbasin,SAU,Sabarmati Upper,subbasin||SAU,,Sabarmati Basin,Sabarmati Upper,watershed,B11SAU04,Watershed B11SAU04,watershed||B11SAU04,,Sabarmati Basin,Sabarmati Upper,548.9426,2.66,100.0
subbasin,SAU,Sabarmati Upper,subbasin||SAU,,Sabarmati Basin,Sabarmati Upper,watershed,B11SAU05,Watershed B11SAU05,watershed||B11SAU05,,Sabarmati Basin,Sabarmati Upper,488.1211,2.37,100.0
subbasin,SAU,Sabarmati Upper,subbasin||SAU,,Sabarmati Basin,Sabarmati Upper,watershed,B11SAU06,Watershed B11SAU06,watershed||B11SAU06,,Sabarmati Basin,Sabarmati Upper,625.2484,3.03,100.0
subbasin,SAU,Sabarmati Upper,subbasin||SAU,,Sabarmati Basin,Sabarmati Upper,watershed,B11SAU07,Watershed B11SAU07,watershed||B11SAU07,,Sabarmati Basin,Sabarmati Upper,625.0863,3.03,100.0
subbasin,SAU,Sabarmati Upper,subbasin||SAU,,Sabarmati Basin,Sabarmati Upper,watershed,B11SAU08,Watershed B11SAU08,watershed||B11SAU08,,Sabarmati Basin,Sabarmati Upper,422.4214,2.05,100.0
subbasin,SAU,Sabarmati Upper,subbasin||SAU,,Sabarmati Basin,Sabarmati Upper,watershed,B11SAU09,Watershed B11SAU09,watershed||B11SAU09,,Sabarmati Basin,Sabarmati Upper,858.7164,4.17,100.0
subbasin,SAU,Sabarmati Upper,subbasin||SAU,,Sabarmati Basin,Sabarmati Upper,watershed,B11SAU10,Watershed B11SAU10,watershed||B11SAU10,,Sabarmati Basin,Sabarmati Upper,507.0537,2.46,100.0
subbasin,SAU,Sabarmati Upper,subbasin||SAU,,Sabarmati Basin,Sabarmati Upper,watershed,B11SAU11,Watershed B11SAU11,watershed||B11SAU11,,Sabarmati Basin,Sabarmati Upper,500.5768,2.43,100.0
subbasin,SAU,Sabarmati Upper,subbasin||SAU,,Sabarmati Basin,Sabarmati Upper,watershed,B11SAU12,Watershed B11SAU12,watershed||B11SAU12,,Sabarmati Basin,Sabarmati Upper,504.6243,2.45,100.0
subbasin,SAU,Sabarmati Upper,subbasin||SAU,,Sabarmati Basin,Sabarmati Upper,watershed,B11SAU13,Watershed B11SAU13,watershed||B11SAU13,,Sabarmati Basin,Sabarmati Upper,755.8269,3.67,100.0
subbasin,SAU,Sabarmati Upper,subbasin||SAU,,Sabarmati Basin,Sabarmati Upper,watershed,B11SAU14,Watershed B11SAU14,watershed||B11SAU14,,Sabarmati Basin,Sabarmati Upper,483.7095,2.35,100.0
subbasin,SAU,Sabarmati Upper,subbasin||SAU,,Sabarmati Basin,Sabarmati Upper,watershed,B11SAU15,Watershed B11SAU15,watershed||B11SAU15,,Sabarmati Basin,Sabarmati Upper,631.5694,3.07,100.0
subbasin,SAU,Sabarmati Upper,subbasin||SAU,,Sabarmati Basin,Sabarmati Upper,watershed,B11SAU16,Watershed B11SAU16,watershed||B11SAU16,,Sabarmati Basin,Sabarmati Upper,781.6103,3.79,100.0
subbasin,SAU,Sabarmati Upper,subbasin||SAU,,Sabarmati Basin,Sabarmati Upper,watershed,B11SAU17,Watershed B11SAU17,watershed||B11SAU17,,Sabarmati Basin,Sabarmati Upper,713.1436,3.46,100.0
subbasin,SAU,Sabarmati Upper,subbasin||SAU,,Sabarmati Basin,Sabarmati Upper,watershed,B11SAU18,Watershed B11SAU18,watershed||B11SAU18,,Sabarmati Basin,Sabarmati Upper,802.383,3.89,100.0
subbasin,SAU,Sabarmati Upper,subbasin||SAU,,Sabarmati Basin,Sabarmati Upper,watershed,B11SAU19,Watershed B11SAU19,watershed||B11SAU19,,Sabarmati Basin,Sabarmati Upper,443.1593,2.15,100.0
subbasin,SAU,Sabarmati Upper,subbasin||SAU,,Sabarmati Basin,Sabarmati Upper,watershed,B11SAU20,Watershed B11SAU20,watershed||B11SAU20,,Sabarmati Basin,Sabarmati Upper,408.8483,1.98,100.0
subbasin,SAU,Sabarmati Upper,subbasin||SAU,,Sabarmati Basin,Sabarmati Upper,watershed,B11SAU21,Watershed B11SAU21,watershed||B11SAU21,,Sabarmati Basin,Sabarmati Upper,861.5004,4.18,100.0
subbasin,SAU,Sabarmati Upper,subbasin||SAU,,Sabarmati Basin,Sabarmati Upper,watershed,B11SAU22,Watershed B11SAU22,watershed||B11SAU22,,Sabarmati Basin,Sabarmati Upper,779.9984,3.79,100.0
subbasin,SAU,Sabarmati Upper,subbasin||SAU,,Sabarmati Basin,Sabarmati Upper,watershed,B11SAU23,Watershed B11SAU23,watershed||B11SAU23,,Sabarmati Basin,Sabarmati Upper,677.7722,3.29,100.0
subbasin,SAU,Sabarmati Upper,subbasin||SAU,,Sabarmati Basin,Sabarmati Upper,watershed,B11SAU24,Watershed B11SAU24,watershed||B11SAU24,,Sabarmati Basin,Sabarmati Upper,738.7579,3.59,100.0
subbasin,SAU,Sabarmati Upper,subbasin||SAU,,Sabarmati Basin,Sabarmati Upper,watershed,B11SAU25,Watershed B11SAU25,watershed||B11SAU25,,Sabarmati Basin,Sabarmati Upper,621.3107,3.02,100.0
subbasin,SAU,Sabarmati Upper,subbasin||SAU,,Sabarmati Basin,Sabarmati Upper,watershed,B11SAU26,Watershed B11SAU26,watershed||B11SAU26,,Sabarmati Basin,Sabarmati Upper,834.9341,4.05,100.0
subbasin,SAU,Sabarmati Upper,subbasin||SAU,,Sabarmati Basin,Sabarmati Upper,watershed,B11SAU27,Watershed B11SAU27,watershed||B11SAU27,,Sabarmati Basin,Sabarmati Upper,695.858,3.38,100.0
subbasin,SAU,Sabarmati Upper,subbasin||SAU,,Sabarmati Basin,Sabarmati Upper,watershed,B11SAU28,Watershed B11SAU28,watershed||B11SAU28,,Sabarmati Basin,Sabarmati Upper,631.4743,3.06,100.0
subbasin,SAU,Sabarmati Upper,subbasin||SAU,,Sabarmati Basin,Sabarmati Upper,watershed,B11SAU29,Watershed B11SAU29,watershed||B11SAU29,,Sabarmati Basin,Sabarmati Upper,672.0029,3.26,100.0
subbasin,SAU,Sabarmati Upper,subbasin||SAU,,Sabarmati Basin,Sabarmati Upper,watershed,B11SAU30,Watershed B11SAU30,watershed||B11SAU30,,Sabarmati Basin,Sabarmati Upper,453.559,2.2,100.0
subbasin,SAU,Sabarmati Upper,subbasin||SAU,,Sabarmati Basin,Sabarmati Upper,watershed,B11SAU31,Watershed B11SAU31,watershed||B11SAU31,,Sabarmati Basin,Sabarmati Upper,484.1168,2.35,100.0
subbasin,SAU,Sabarmati Upper,subbasin||SAU,,Sabarmati Basin,Sabarmati Upper,watershed,B11SAU32,Watershed B11SAU32,watershed||B11SAU32,,Sabarmati Basin,Sabarmati Upper,325.7621,1.58,100.0
subbasin,SAU,Sabarmati Upper,subbasin||SAU,,Sabarmati Basin,Sabarmati Upper,watershed,B11SAU33,Watershed B11SAU33,watershed||B11SAU33,,Sabarmati Basin,Sabarmati Upper,372.2824,1.81,100.0
subbasin,SAU,Sabarmati Upper,subbasin||SAU,,Sabarmati Basin,Sabarmati Upper,watershed,B11SAU34,Watershed B11SAU34,watershed||B11SAU34,,Sabarmati Basin,Sabarmati Upper,638.3997,3.1,100.0
subbasin,SAR,Saraswati,subbasin||SAR,,West flowing rivers of Kutch and Saurashtra including Luni Basin,Saraswati,watershed,B20SAR01,Watershed B20SAR01,watershed||B20SAR01,,West flowing rivers of Kutch and Saurashtra including Luni Basin,Saraswati,496.7363,1.75,100.0
subbasin,SAR,Saraswati,subbasin||SAR,,West flowing rivers of Kutch and Saurashtra including Luni Basin,Saraswati,watershed,B20SAR02,Watershed B20SAR02,watershed||B20SAR02,,West flowing rivers of Kutch and Saurashtra including Luni Basin,Saraswati,935.1494,3.3,100.0
subbasin,SAR,Saraswati,subbasin||SAR,,West flowing rivers of Kutch and Saurashtra including Luni Basin,Saraswati,watershed,B20SAR03,Watershed B20SAR03,watershed||B20SAR03,,West flowing rivers of Kutch and Saurashtra including Luni Basin,Saraswati,660.2128,2.33,100.0
subbasin,SAR,Saraswati,subbasin||SAR,,West flowing rivers of Kutch and Saurashtra including Luni Basin,Saraswati,watershed,B20SAR04,Watershed B20SAR04,watershed||B20SAR04,,West flowing rivers of Kutch and Saurashtra including Luni Basin,Saraswati,805.6164,2.84,100.0
subbasin,SAR,Saraswati,subbasin||SAR,,West flowing rivers of Kutch and Saurashtra including Luni Basin,Saraswati,watershed,B20SAR05,Watershed B20SAR05,watershed||B20SAR05,,West flowing rivers of Kutch and Saurashtra including Luni Basin,Saraswati,499.6275,1.76,100.0
subbasin,SAR,Saraswati,subbasin||SAR,,West flowing rivers of Kutch and Saurashtra including Luni Basin,Saraswati,watershed,B20SAR06,Watershed B20SAR06,watershed||B20SAR06,,West flowing rivers of Kutch and Saurashtra including Luni Basin,Saraswati,766.8541,2.71,100.0
subbasin,SAR,Saraswati,subbasin||SAR,,West flowing rivers of Kutch and Saurashtra including Luni Basin,Saraswati,watershed,B20SAR07,Watershed B20SAR07,watershed||B20SAR07,,West flowing rivers of Kutch and Saurashtra including Luni Basin,Saraswati,368.2283,1.3,100.0
subbasin,SAR,Saraswati,subbasin||SAR,,West flowing rivers of Kutch and Saurashtra including Luni Basin,Saraswati,watershed,B20SAR08,Watershed B20SAR08,watershed||B20SAR08,,West flowing rivers of Kutch and Saurashtra including Luni Basin,Saraswati,689.0178,2.43,100.0
subbasin,SAR,Saraswati,subbasin||SAR,,West flowing rivers of Kutch and Saurashtra including Luni Basin,Saraswati,watershed,B20SAR09,Watershed B20SAR09,watershed||B20SAR09,,West flowing rivers of Kutch and Saurashtra including Luni Basin,Saraswati,902.4582,3.18,100.0
subbasin,SAR,Saraswati,subbasin||SAR,,West flowing rivers of Kutch and Saurashtra including Luni Basin,Saraswati,watershed,B20SAR10,Watershed B20SAR10,watershed||B20SAR10,,West flowing rivers of Kutch and Saurashtra including Luni Basin,Saraswati,551.3616,1.94,100.0
subbasin,SAR,Saraswati,subbasin||SAR,,West flowing rivers of Kutch and Saurashtra including Luni Basin,Saraswati,watershed,B20SAR11,Watershed B20SAR11,watershed||B20SAR11,,West flowing rivers of Kutch and Saurashtra including Luni Basin,Saraswati,551.5906,1.95,100.0
subbasin,SAR,Saraswati,subbasin||SAR,,West flowing rivers of Kutch and Saurashtra including Luni Basin,Saraswati,watershed,B20SAR12,Watershed B20SAR12,watershed||B20SAR12,,West flowing rivers of Kutch and Saurashtra including Luni Basin,Saraswati,878.0819,3.1,100.0
subbasin,SAR,Saraswati,subbasin||SAR,,West flowing rivers of Kutch and Saurashtra including Luni Basin,Saraswati,watershed,B20SAR13,Watershed B20SAR13,watershed||B20SAR13,,West flowing rivers of Kutch and Saurashtra including Luni Basin,Saraswati,564.4199,1.99,100.0
subbasin,SAR,Saraswati,subbasin||SAR,,West flowing rivers of Kutch and Saurashtra including Luni Basin,Saraswati,watershed,B20SAR14,Watershed B20SAR14,watershed||B20SAR14,,West flowing rivers of Kutch and Saurashtra including Luni Basin,Saraswati,531.4404,1.87,100.0
subbasin,SAR,Saraswati,subbasin||SAR,,West flowing rivers of Kutch and Saurashtra including Luni Basin,Saraswati,watershed,B20SAR15,Watershed B20SAR15,watershed||B20SAR15,,West flowing rivers of Kutch and Saurashtra including Luni Basin,Saraswati,518.3206,1.83,100.0
subbasin,SAR,Saraswati,subbasin||SAR,,West flowing rivers of Kutch and Saurashtra including Luni Basin,Saraswati,watershed,B20SAR16,Watershed B20SAR16,watershed||B20SAR16,,West flowing rivers of Kutch and Saurashtra including Luni Basin,Saraswati,358.9234,1.27,100.0
subbasin,SAR,Saraswati,subbasin||SAR,,West flowing rivers of Kutch and Saurashtra including Luni Basin,Saraswati,watershed,B20SAR17,Watershed B20SAR17,watershed||B20SAR17,,West flowing rivers of Kutch and Saurashtra including Luni Basin,Saraswati,433.7837,1.53,100.0
subbasin,SAR,Saraswati,subbasin||SAR,,West flowing rivers of Kutch and Saurashtra including Luni Basin,Saraswati,watershed,B20SAR18,Watershed B20SAR18,watershed||B20SAR18,,West flowing rivers of Kutch and Saurashtra including Luni Basin,Saraswati,906.6175,3.2,100.0
subbasin,SAR,Saraswati,subbasin||SAR,,West flowing rivers of Kutch and Saurashtra including Luni Basin,Saraswati,watershed,B20SAR19,Watershed B20SAR19,watershed||B20SAR19,,West flowing rivers of Kutch and Saurashtra including Luni Basin,Saraswati,514.7191,1.82,100.0
subbasin,SAR,Saraswati,subbasin||SAR,,West flowing rivers of Kutch and Saurashtra including Luni Basin,Saraswati,watershed,B20SAR20,Watershed B20SAR20,watershed||B20SAR20,,West flowing rivers of Kutch and Saurashtra including Luni Basin,Saraswati,610.9882,2.16,100.0
subbasin,SAR,Saraswati,subbasin||SAR,,West flowing rivers of Kutch and Saurashtra including Luni Basin,Saraswati,watershed,B20SAR21,Watershed B20SAR21,watershed||B20SAR21,,West flowing rivers of Kutch and Saurashtra including Luni Basin,Saraswati,1058.73,3.73,100.0
subbasin,SAR,Saraswati,subbasin||SAR,,West flowing rivers of Kutch and Saurashtra including Luni Basin,Saraswati,watershed,B20SAR22,Watershed B20SAR22,watershed||B20SAR22,,West flowing rivers of Kutch and Saurashtra including Luni Basin,Saraswati,518.5973,1.83,100.0
subbasin,SAR,Saraswati,subbasin||SAR,,West flowing rivers of Kutch and Saurashtra including Luni Basin,Saraswati,watershed,B20SAR23,Watershed B20SAR23,watershed||B20SAR23,,West flowing rivers of Kutch and Saurashtra including Luni Basin,Saraswati,422.6985,1.49,100.0
subbasin,SAR,Saraswati,subbasin||SAR,,West flowing rivers of Kutch and Saurashtra including Luni Basin,Saraswati,watershed,B20SAR24,Watershed B20SAR24,watershed||B20SAR24,,West flowing rivers of Kutch and Saurashtra including Luni Basin,Saraswati,703.0132,2.48,100.0
subbasin,SAR,Saraswati,subbasin||SAR,,West flowing rivers of Kutch and Saurashtra including Luni Basin,Saraswati,watershed,B20SAR25,Watershed B20SAR25,watershed||B20SAR25,,West flowing rivers of Kutch and Saurashtra including Luni Basin,Saraswati,1009.8616,3.56,100.0
subbasin,SAR,Saraswati,subbasin||SAR,,West flowing rivers of Kutch and Saurashtra including Luni Basin,Saraswati,watershed,B20SAR26,Watershed B20SAR26,watershed||B20SAR26,,West flowing rivers of Kutch and Saurashtra including Luni Basin,Saraswati,906.069,3.2,100.0
subbasin,SAR,Saraswati,subbasin||SAR,,West flowing rivers of Kutch and Saurashtra including Luni Basin,Saraswati,watershed,B20SAR27,Watershed B20SAR27,watershed||B20SAR27,,West flowing rivers of Kutch and Saurashtra including Luni Basin,Saraswati,587.7622,2.07,100.0
subbasin,SAR,Saraswati,subbasin||SAR,,West flowing rivers of Kutch and Saurashtra including Luni Basin,Saraswati,watershed,B20SAR28,Watershed B20SAR28,watershed||B20SAR28,,West flowing rivers of Kutch and Saurashtra including Luni Basin,Saraswati,852.5994,3.01,100.0
subbasin,SAR,Saraswati,subbasin||SAR,,West flowing rivers of Kutch and Saurashtra including Luni Basin,Saraswati,watershed,B20SAR29,Watershed B20SAR29,watershed||B20SAR29,,West flowing rivers of Kutch and Saurashtra including Luni Basin,Saraswati,573.1286,2.02,100.0
subbasin,SAR,Saraswati,subbasin||SAR,,West flowing rivers of Kutch and Saurashtra including Luni Basin,Saraswati,watershed,B20SAR30,Watershed B20SAR30,watershed||B20SAR30,,West flowing rivers of Kutch and Saurashtra including Luni Basin,Saraswati,321.2662,1.13,100.0
subbasin,SAR,Saraswati,subbasin||SAR,,West flowing rivers of Kutch and Saurashtra including Luni Basin,Saraswati,watershed,B20SAR31,Watershed B20SAR31,watershed||B20SAR31,,West flowing rivers of Kutch and Saurashtra including Luni Basin,Saraswati,874.1034,3.08,100.0
subbasin,SAR,Saraswati,subbasin||SAR,,West flowing rivers of Kutch and Saurashtra including Luni Basin,Saraswati,watershed,B20SAR32,Watershed B20SAR32,watershed||B20SAR32,,West flowing rivers of Kutch and Saurashtra including Luni Basin,Saraswati,886.2035,3.13,100.0
subbasin,SAR,Saraswati,subbasin||SAR,,West flowing rivers of Kutch and Saurashtra including Luni Basin,Saraswati,watershed,B20SAR33,Watershed B20SAR33,watershed||B20SAR33,,West flowing rivers of Kutch and Saurashtra including Luni Basin,Saraswati,767.7136,2.71,100.0
subbasin,SAR,Saraswati,subbasin||SAR,,West flowing rivers of Kutch and Saurashtra including Luni Basin,Saraswati,watershed,B20SAR34,Watershed B20SAR34,watershed||B20SAR34,,West flowing rivers of Kutch and Saurashtra including Luni Basin,Saraswati,720.324,2.54,100.0
subbasin,SAR,Saraswati,subbasin||SAR,,West flowing rivers of Kutch and Saurashtra including Luni Basin,Saraswati,watershed,B20SAR35,Watershed B20SAR35,watershed||B20SAR35,,West flowing rivers of Kutch and Saurashtra including Luni Basin,Saraswati,534.9843,1.89,100.0
subbasin,SAR,Saraswati,subbasin||SAR,,West flowing rivers of Kutch and Saurashtra including Luni Basin,Saraswati,watershed,B20SAR36,Watershed B20SAR36,watershed||B20SAR36,,West flowing rivers of Kutch and Saurashtra including Luni Basin,Saraswati,999.3881,3.53,100.0
subbasin,SAR,Saraswati,subbasin||SAR,,West flowing rivers of Kutch and Saurashtra including Luni Basin,Saraswati,watershed,B20SAR37,Watershed B20SAR37,watershed||B20SAR37,,West flowing rivers of Kutch and Saurashtra including Luni Basin,Saraswati,519.6359,1.83,100.0
subbasin,SAR,Saraswati,subbasin||SAR,,West flowing rivers of Kutch and Saurashtra including Luni Basin,Saraswati,watershed,B20SAR38,Watershed B20SAR38,watershed||B20SAR38,,West flowing rivers of Kutch and Saurashtra including Luni Basin,Saraswati,616.7048,2.18,100.0
subbasin,SAR,Saraswati,subbasin||SAR,,West flowing rivers of Kutch and Saurashtra including Luni Basin,Saraswati,watershed,B20SAR39,Watershed B20SAR39,watershed||B20SAR39,,West flowing rivers of Kutch and Saurashtra including Luni Basin,Saraswati,737.604,2.6,100.0
subbasin,SAR,Saraswati,subbasin||SAR,,West flowing rivers of Kutch and Saurashtra including Luni Basin,Saraswati,watershed,B20SAR40,Watershed B20SAR40,watershed||B20SAR40,,West flowing rivers of Kutch and Saurashtra including Luni Basin,Saraswati,600.3808,2.12,100.0
subbasin,SAR,Saraswati,subbasin||SAR,,West flowing rivers of Kutch and Saurashtra including Luni Basin,Saraswati,watershed,B20SAR41,Watershed B20SAR41,watershed||B20SAR41,,West flowing rivers of Kutch and Saurashtra including Luni Basin,Saraswati,667.4432,2.35,100.0
subbasin,SAR,Saraswati,subbasin||SAR,,West flowing rivers of Kutch and Saurashtra including Luni Basin,Saraswati,watershed,B20SAR42,Watershed B20SAR42,watershed||B20SAR42,,West flowing rivers of Kutch and Saurashtra including Luni Basin,Saraswati,439.5497,1.55,100.0
subbasin,SAR,Saraswati,subbasin||SAR,,West flowing rivers of Kutch and Saurashtra including Luni Basin,Saraswati,watershed,B20SAR43,Watershed B20SAR43,watershed||B20SAR43,,West flowing rivers of Kutch and Saurashtra including Luni Basin,Saraswati,487.4888,1.72,100.0
subbasin,SHK,Shaksgam,subbasin||SHK,,Area of North Ladakha not draining into Indus Basin,Shaksgam,watershed,E23SHK01,Watershed E23SHK01,watershed||E23SHK01,,Area of North Ladakha not draining into Indus Basin,Shaksgam,870.6553,13.44,100.0
subbasin,SHK,Shaksgam,subbasin||SHK,,Area of North Ladakha not draining into Indus Basin,Shaksgam,watershed,E23SHK02,Watershed E23SHK02,watershed||E23SHK02,,Area of North Ladakha not draining into Indus Basin,Shaksgam,751.4212,11.6,100.0
subbasin,SHK,Shaksgam,subbasin||SHK,,Area of North Ladakha not draining into Indus Basin,Shaksgam,watershed,E23SHK03,Watershed E23SHK03,watershed||E23SHK03,,Area of North Ladakha not draining into Indus Basin,Shaksgam,671.6271,10.37,100.0
subbasin,SHK,Shaksgam,subbasin||SHK,,Area of North Ladakha not draining into Indus Basin,Shaksgam,watershed,E23SHK04,Watershed E23SHK04,watershed||E23SHK04,,Area of North Ladakha not draining into Indus Basin,Shaksgam,758.0336,11.7,100.0
subbasin,SHK,Shaksgam,subbasin||SHK,,Area of North Ladakha not draining into Indus Basin,Shaksgam,watershed,E23SHK05,Watershed E23SHK05,watershed||E23SHK05,,Area of North Ladakha not draining into Indus Basin,Shaksgam,575.9825,8.89,100.0
subbasin,SHK,Shaksgam,subbasin||SHK,,Area of North Ladakha not draining into Indus Basin,Shaksgam,watershed,E23SHK06,Watershed E23SHK06,watershed||E23SHK06,,Area of North Ladakha not draining into Indus Basin,Shaksgam,610.7213,9.43,100.0
subbasin,SHK,Shaksgam,subbasin||SHK,,Area of North Ladakha not draining into Indus Basin,Shaksgam,watershed,E23SHK07,Watershed E23SHK07,watershed||E23SHK07,,Area of North Ladakha not draining into Indus Basin,Shaksgam,602.9925,9.31,100.0
subbasin,SHK,Shaksgam,subbasin||SHK,,Area of North Ladakha not draining into Indus Basin,Shaksgam,watershed,E23SHK08,Watershed E23SHK08,watershed||E23SHK08,,Area of North Ladakha not draining into Indus Basin,Shaksgam,984.7949,15.2,100.0
subbasin,SHK,Shaksgam,subbasin||SHK,,Area of North Ladakha not draining into Indus Basin,Shaksgam,watershed,E23SHK09,Watershed E23SHK09,watershed||E23SHK09,,Area of North Ladakha not draining into Indus Basin,Shaksgam,651.5628,10.06,100.0
subbasin,SHE,Shetranjuli and other east flowing rivers,subbasin||SHE,,West flowing rivers of Kutch and Saurashtra including Luni Basin,Shetranjuli and other east flowing rivers,watershed,B20SHE01,Watershed B20SHE01,watershed||B20SHE01,,West flowing rivers of Kutch and Saurashtra including Luni Basin,Shetranjuli and other east flowing rivers,528.7843,2.8,100.0
subbasin,SHE,Shetranjuli and other east flowing rivers,subbasin||SHE,,West flowing rivers of Kutch and Saurashtra including Luni Basin,Shetranjuli and other east flowing rivers,watershed,B20SHE02,Watershed B20SHE02,watershed||B20SHE02,,West flowing rivers of Kutch and Saurashtra including Luni Basin,Shetranjuli and other east flowing rivers,654.7949,3.46,100.0
subbasin,SHE,Shetranjuli and other east flowing rivers,subbasin||SHE,,West flowing rivers of Kutch and Saurashtra including Luni Basin,Shetranjuli and other east flowing rivers,watershed,B20SHE03,Watershed B20SHE03,watershed||B20SHE03,,West flowing rivers of Kutch and Saurashtra including Luni Basin,Shetranjuli and other east flowing rivers,600.1761,3.17,100.0
subbasin,SHE,Shetranjuli and other east flowing rivers,subbasin||SHE,,West flowing rivers of Kutch and Saurashtra including Luni Basin,Shetranjuli and other east flowing rivers,watershed,B20SHE04,Watershed B20SHE04,watershed||B20SHE04,,West flowing rivers of Kutch and Saurashtra including Luni Basin,Shetranjuli and other east flowing rivers,373.567,1.97,100.0
subbasin,SHE,Shetranjuli and other east flowing rivers,subbasin||SHE,,West flowing rivers of Kutch and Saurashtra including Luni Basin,Shetranjuli and other east flowing rivers,watershed,B20SHE05,Watershed B20SHE05,watershed||B20SHE05,,West flowing rivers of Kutch and Saurashtra including Luni Basin,Shetranjuli and other east flowing rivers,436.9889,2.31,100.0
subbasin,SHE,Shetranjuli and other east flowing rivers,subbasin||SHE,,West flowing rivers of Kutch and Saurashtra including Luni Basin,Shetranjuli and other east flowing rivers,watershed,B20SHE06,Watershed B20SHE06,watershed||B20SHE06,,West flowing rivers of Kutch and Saurashtra including Luni Basin,Shetranjuli and other east flowing rivers,311.7419,1.65,100.0
subbasin,SHE,Shetranjuli and other east flowing rivers,subbasin||SHE,,West flowing rivers of Kutch and Saurashtra including Luni Basin,Shetranjuli and other east flowing rivers,watershed,B20SHE07,Watershed B20SHE07,watershed||B20SHE07,,West flowing rivers of Kutch and Saurashtra including Luni Basin,Shetranjuli and other east flowing rivers,341.7469,1.81,100.0
subbasin,SHE,Shetranjuli and other east flowing rivers,subbasin||SHE,,West flowing rivers of Kutch and Saurashtra including Luni Basin,Shetranjuli and other east flowing rivers,watershed,B20SHE08,Watershed B20SHE08,watershed||B20SHE08,,West flowing rivers of Kutch and Saurashtra including Luni Basin,Shetranjuli and other east flowing rivers,669.298,3.54,100.0
subbasin,SHE,Shetranjuli and other east flowing rivers,subbasin||SHE,,West flowing rivers of Kutch and Saurashtra including Luni Basin,Shetranjuli and other east flowing rivers,watershed,B20SHE09,Watershed B20SHE09,watershed||B20SHE09,,West flowing rivers of Kutch and Saurashtra including Luni Basin,Shetranjuli and other east flowing rivers,435.8897,2.3,100.0
subbasin,SHE,Shetranjuli and other east flowing rivers,subbasin||SHE,,West flowing rivers of Kutch and Saurashtra including Luni Basin,Shetranjuli and other east flowing rivers,watershed,B20SHE10,Watershed B20SHE10,watershed||B20SHE10,,West flowing rivers of Kutch and Saurashtra including Luni Basin,Shetranjuli and other east flowing rivers,796.8524,4.21,100.0
subbasin,SHE,Shetranjuli and other east flowing rivers,subbasin||SHE,,West flowing rivers of Kutch and Saurashtra including Luni Basin,Shetranjuli and other east flowing rivers,watershed,B20SHE11,Watershed B20SHE11,watershed||B20SHE11,,West flowing rivers of Kutch and Saurashtra including Luni Basin,Shetranjuli and other east flowing rivers,503.5974,2.66,100.0
subbasin,SHE,Shetranjuli and other east flowing rivers,subbasin||SHE,,West flowing rivers of Kutch and Saurashtra including Luni Basin,Shetranjuli and other east flowing rivers,watershed,B20SHE12,Watershed B20SHE12,watershed||B20SHE12,,West flowing rivers of Kutch and Saurashtra including Luni Basin,Shetranjuli and other east flowing rivers,361.4932,1.91,100.0
subbasin,SHE,Shetranjuli and other east flowing rivers,subbasin||SHE,,West flowing rivers of Kutch and Saurashtra including Luni Basin,Shetranjuli and other east flowing rivers,watershed,B20SHE13,Watershed B20SHE13,watershed||B20SHE13,,West flowing rivers of Kutch and Saurashtra including Luni Basin,Shetranjuli and other east flowing rivers,513.7806,2.72,100.0
subbasin,SHE,Shetranjuli and other east flowing rivers,subbasin||SHE,,West flowing rivers of Kutch and Saurashtra including Luni Basin,Shetranjuli and other east flowing rivers,watershed,B20SHE14,Watershed B20SHE14,watershed||B20SHE14,,West flowing rivers of Kutch and Saurashtra including Luni Basin,Shetranjuli and other east flowing rivers,647.6089,3.42,100.0
subbasin,SHE,Shetranjuli and other east flowing rivers,subbasin||SHE,,West flowing rivers of Kutch and Saurashtra including Luni Basin,Shetranjuli and other east flowing rivers,watershed,B20SHE15,Watershed B20SHE15,watershed||B20SHE15,,West flowing rivers of Kutch and Saurashtra including Luni Basin,Shetranjuli and other east flowing rivers,678.2918,3.59,100.0
subbasin,SHE,Shetranjuli and other east flowing rivers,subbasin||SHE,,West flowing rivers of Kutch and Saurashtra including Luni Basin,Shetranjuli and other east flowing rivers,watershed,B20SHE16,Watershed B20SHE16,watershed||B20SHE16,,West flowing rivers of Kutch and Saurashtra including Luni Basin,Shetranjuli and other east flowing rivers,449.2011,2.37,100.0
subbasin,SHE,Shetranjuli and other east flowing rivers,subbasin||SHE,,West flowing rivers of Kutch and Saurashtra including Luni Basin,Shetranjuli and other east flowing rivers,watershed,B20SHE17,Watershed B20SHE17,watershed||B20SHE17,,West flowing rivers of Kutch and Saurashtra including Luni Basin,Shetranjuli and other east flowing rivers,691.3232,3.65,100.0
subbasin,SHE,Shetranjuli and other east flowing rivers,subbasin||SHE,,West flowing rivers of Kutch and Saurashtra including Luni Basin,Shetranjuli and other east flowing rivers,watershed,B20SHE18,Watershed B20SHE18,watershed||B20SHE18,,West flowing rivers of Kutch and Saurashtra including Luni Basin,Shetranjuli and other east flowing rivers,603.648,3.19,100.0
subbasin,SHE,Shetranjuli and other east flowing rivers,subbasin||SHE,,West flowing rivers of Kutch and Saurashtra including Luni Basin,Shetranjuli and other east flowing rivers,watershed,B20SHE19,Watershed B20SHE19,watershed||B20SHE19,,West flowing rivers of Kutch and Saurashtra including Luni Basin,Shetranjuli and other east flowing rivers,605.1495,3.2,100.0
subbasin,SHE,Shetranjuli and other east flowing rivers,subbasin||SHE,,West flowing rivers of Kutch and Saurashtra including Luni Basin,Shetranjuli and other east flowing rivers,watershed,B20SHE20,Watershed B20SHE20,watershed||B20SHE20,,West flowing rivers of Kutch and Saurashtra including Luni Basin,Shetranjuli and other east flowing rivers,775.2437,4.1,100.0
subbasin,SHE,Shetranjuli and other east flowing rivers,subbasin||SHE,,West flowing rivers of Kutch and Saurashtra including Luni Basin,Shetranjuli and other east flowing rivers,watershed,B20SHE21,Watershed B20SHE21,watershed||B20SHE21,,West flowing rivers of Kutch and Saurashtra including Luni Basin,Shetranjuli and other east flowing rivers,743.9234,3.93,100.0
subbasin,SHE,Shetranjuli and other east flowing rivers,subbasin||SHE,,West flowing rivers of Kutch and Saurashtra including Luni Basin,Shetranjuli and other east flowing rivers,watershed,B20SHE22,Watershed B20SHE22,watershed||B20SHE22,,West flowing rivers of Kutch and Saurashtra including Luni Basin,Shetranjuli and other east flowing rivers,380.6413,2.01,100.0
subbasin,SHE,Shetranjuli and other east flowing rivers,subbasin||SHE,,West flowing rivers of Kutch and Saurashtra including Luni Basin,Shetranjuli and other east flowing rivers,watershed,B20SHE23,Watershed B20SHE23,watershed||B20SHE23,,West flowing rivers of Kutch and Saurashtra including Luni Basin,Shetranjuli and other east flowing rivers,773.0854,4.09,100.0
subbasin,SHE,Shetranjuli and other east flowing rivers,subbasin||SHE,,West flowing rivers of Kutch and Saurashtra including Luni Basin,Shetranjuli and other east flowing rivers,watershed,B20SHE24,Watershed B20SHE24,watershed||B20SHE24,,West flowing rivers of Kutch and Saurashtra including Luni Basin,Shetranjuli and other east flowing rivers,775.2827,4.1,100.0
subbasin,SHE,Shetranjuli and other east flowing rivers,subbasin||SHE,,West flowing rivers of Kutch and Saurashtra including Luni Basin,Shetranjuli and other east flowing rivers,watershed,B20SHE25,Watershed B20SHE25,watershed||B20SHE25,,West flowing rivers of Kutch and Saurashtra including Luni Basin,Shetranjuli and other east flowing rivers,458.0929,2.42,100.0
subbasin,SHE,Shetranjuli and other east flowing rivers,subbasin||SHE,,West flowing rivers of Kutch and Saurashtra including Luni Basin,Shetranjuli and other east flowing rivers,watershed,B20SHE26,Watershed B20SHE26,watershed||B20SHE26,,West flowing rivers of Kutch and Saurashtra including Luni Basin,Shetranjuli and other east flowing rivers,772.2148,4.08,100.0
subbasin,SHE,Shetranjuli and other east flowing rivers,subbasin||SHE,,West flowing rivers of Kutch and Saurashtra including Luni Basin,Shetranjuli and other east flowing rivers,watershed,B20SHE27,Watershed B20SHE27,watershed||B20SHE27,,West flowing rivers of Kutch and Saurashtra including Luni Basin,Shetranjuli and other east flowing rivers,589.3392,3.12,100.0
subbasin,SHE,Shetranjuli and other east flowing rivers,subbasin||SHE,,West flowing rivers of Kutch and Saurashtra including Luni Basin,Shetranjuli and other east flowing rivers,watershed,B20SHE28,Watershed B20SHE28,watershed||B20SHE28,,West flowing rivers of Kutch and Saurashtra including Luni Basin,Shetranjuli and other east flowing rivers,840.4382,4.44,100.0
subbasin,SHE,Shetranjuli and other east flowing rivers,subbasin||SHE,,West flowing rivers of Kutch and Saurashtra including Luni Basin,Shetranjuli and other east flowing rivers,watershed,B20SHE29,Watershed B20SHE29,watershed||B20SHE29,,West flowing rivers of Kutch and Saurashtra including Luni Basin,Shetranjuli and other east flowing rivers,478.2445,2.53,100.0
subbasin,SHE,Shetranjuli and other east flowing rivers,subbasin||SHE,,West flowing rivers of Kutch and Saurashtra including Luni Basin,Shetranjuli and other east flowing rivers,watershed,B20SHE30,Watershed B20SHE30,watershed||B20SHE30,,West flowing rivers of Kutch and Saurashtra including Luni Basin,Shetranjuli and other east flowing rivers,887.7596,4.69,100.0
subbasin,SHE,Shetranjuli and other east flowing rivers,subbasin||SHE,,West flowing rivers of Kutch and Saurashtra including Luni Basin,Shetranjuli and other east flowing rivers,watershed,B20SHE31,Watershed B20SHE31,watershed||B20SHE31,,West flowing rivers of Kutch and Saurashtra including Luni Basin,Shetranjuli and other east flowing rivers,666.3071,3.52,100.0
subbasin,SHE,Shetranjuli and other east flowing rivers,subbasin||SHE,,West flowing rivers of Kutch and Saurashtra including Luni Basin,Shetranjuli and other east flowing rivers,watershed,B20SHE32,Watershed B20SHE32,watershed||B20SHE32,,West flowing rivers of Kutch and Saurashtra including Luni Basin,Shetranjuli and other east flowing rivers,573.0004,3.03,100.0
subbasin,SHY,Shyok,subbasin||SHY,,Indus (Up to border) Basin,Shyok,watershed,A01SHY01,Watershed A01SHY01,watershed||A01SHY01,,Indus (Up to border) Basin,Shyok,1371.9323,3.55,100.0
subbasin,SHY,Shyok,subbasin||SHY,,Indus (Up to border) Basin,Shyok,watershed,A01SHY02,Watershed A01SHY02,watershed||A01SHY02,,Indus (Up to border) Basin,Shyok,561.0136,1.45,100.0
subbasin,SHY,Shyok,subbasin||SHY,,Indus (Up to border) Basin,Shyok,watershed,A01SHY03,Watershed A01SHY03,watershed||A01SHY03,,Indus (Up to border) Basin,Shyok,828.2328,2.14,100.0
subbasin,SHY,Shyok,subbasin||SHY,,Indus (Up to border) Basin,Shyok,watershed,A01SHY04,Watershed A01SHY04,watershed||A01SHY04,,Indus (Up to border) Basin,Shyok,790.6906,2.04,100.0
subbasin,SHY,Shyok,subbasin||SHY,,Indus (Up to border) Basin,Shyok,watershed,A01SHY05,Watershed A01SHY05,watershed||A01SHY05,,Indus (Up to border) Basin,Shyok,532.1843,1.38,100.0
subbasin,SHY,Shyok,subbasin||SHY,,Indus (Up to border) Basin,Shyok,watershed,A01SHY06,Watershed A01SHY06,watershed||A01SHY06,,Indus (Up to border) Basin,Shyok,737.5005,1.91,100.0
subbasin,SHY,Shyok,subbasin||SHY,,Indus (Up to border) Basin,Shyok,watershed,A01SHY07,Watershed A01SHY07,watershed||A01SHY07,,Indus (Up to border) Basin,Shyok,638.0728,1.65,100.0
subbasin,SHY,Shyok,subbasin||SHY,,Indus (Up to border) Basin,Shyok,watershed,A01SHY08,Watershed A01SHY08,watershed||A01SHY08,,Indus (Up to border) Basin,Shyok,462.3956,1.2,100.0
subbasin,SHY,Shyok,subbasin||SHY,,Indus (Up to border) Basin,Shyok,watershed,A01SHY09,Watershed A01SHY09,watershed||A01SHY09,,Indus (Up to border) Basin,Shyok,734.5319,1.9,100.0
subbasin,SHY,Shyok,subbasin||SHY,,Indus (Up to border) Basin,Shyok,watershed,A01SHY10,Watershed A01SHY10,watershed||A01SHY10,,Indus (Up to border) Basin,Shyok,930.8278,2.41,100.0
subbasin,SHY,Shyok,subbasin||SHY,,Indus (Up to border) Basin,Shyok,watershed,A01SHY11,Watershed A01SHY11,watershed||A01SHY11,,Indus (Up to border) Basin,Shyok,835.1185,2.16,100.0
subbasin,SHY,Shyok,subbasin||SHY,,Indus (Up to border) Basin,Shyok,watershed,A01SHY12,Watershed A01SHY12,watershed||A01SHY12,,Indus (Up to border) Basin,Shyok,771.0877,1.99,100.0
subbasin,SHY,Shyok,subbasin||SHY,,Indus (Up to border) Basin,Shyok,watershed,A01SHY13,Watershed A01SHY13,watershed||A01SHY13,,Indus (Up to border) Basin,Shyok,549.1196,1.42,100.0
subbasin,SHY,Shyok,subbasin||SHY,,Indus (Up to border) Basin,Shyok,watershed,A01SHY14,Watershed A01SHY14,watershed||A01SHY14,,Indus (Up to border) Basin,Shyok,855.2999,2.21,100.0
subbasin,SHY,Shyok,subbasin||SHY,,Indus (Up to border) Basin,Shyok,watershed,A01SHY15,Watershed A01SHY15,watershed||A01SHY15,,Indus (Up to border) Basin,Shyok,607.187,1.57,100.0
subbasin,SHY,Shyok,subbasin||SHY,,Indus (Up to border) Basin,Shyok,watershed,A01SHY16,Watershed A01SHY16,watershed||A01SHY16,,Indus (Up to border) Basin,Shyok,580.224,1.5,100.0
subbasin,SHY,Shyok,subbasin||SHY,,Indus (Up to border) Basin,Shyok,watershed,A01SHY17,Watershed A01SHY17,watershed||A01SHY17,,Indus (Up to border) Basin,Shyok,525.272,1.36,100.0
subbasin,SHY,Shyok,subbasin||SHY,,Indus (Up to border) Basin,Shyok,watershed,A01SHY18,Watershed A01SHY18,watershed||A01SHY18,,Indus (Up to border) Basin,Shyok,1077.6935,2.79,100.0
subbasin,SHY,Shyok,subbasin||SHY,,Indus (Up to border) Basin,Shyok,watershed,A01SHY19,Watershed A01SHY19,watershed||A01SHY19,,Indus (Up to border) Basin,Shyok,881.8923,2.28,100.0
subbasin,SHY,Shyok,subbasin||SHY,,Indus (Up to border) Basin,Shyok,watershed,A01SHY20,Watershed A01SHY20,watershed||A01SHY20,,Indus (Up to border) Basin,Shyok,546.8483,1.41,100.0
subbasin,SHY,Shyok,subbasin||SHY,,Indus (Up to border) Basin,Shyok,watershed,A01SHY21,Watershed A01SHY21,watershed||A01SHY21,,Indus (Up to border) Basin,Shyok,863.4933,2.23,100.0
subbasin,SHY,Shyok,subbasin||SHY,,Indus (Up to border) Basin,Shyok,watershed,A01SHY22,Watershed A01SHY22,watershed||A01SHY22,,Indus (Up to border) Basin,Shyok,1235.526,3.19,100.0
subbasin,SHY,Shyok,subbasin||SHY,,Indus (Up to border) Basin,Shyok,watershed,A01SHY23,Watershed A01SHY23,watershed||A01SHY23,,Indus (Up to border) Basin,Shyok,445.3076,1.15,100.0
subbasin,SHY,Shyok,subbasin||SHY,,Indus (Up to border) Basin,Shyok,watershed,A01SHY24,Watershed A01SHY24,watershed||A01SHY24,,Indus (Up to border) Basin,Shyok,797.0206,2.06,100.0
subbasin,SHY,Shyok,subbasin||SHY,,Indus (Up to border) Basin,Shyok,watershed,A01SHY25,Watershed A01SHY25,watershed||A01SHY25,,Indus (Up to border) Basin,Shyok,841.585,2.18,100.0
subbasin,SHY,Shyok,subbasin||SHY,,Indus (Up to border) Basin,Shyok,watershed,A01SHY26,Watershed A01SHY26,watershed||A01SHY26,,Indus (Up to border) Basin,Shyok,730.0414,1.89,100.0
subbasin,SHY,Shyok,subbasin||SHY,,Indus (Up to border) Basin,Shyok,watershed,A01SHY27,Watershed A01SHY27,watershed||A01SHY27,,Indus (Up to border) Basin,Shyok,633.0184,1.64,100.0
subbasin,SHY,Shyok,subbasin||SHY,,Indus (Up to border) Basin,Shyok,watershed,A01SHY28,Watershed A01SHY28,watershed||A01SHY28,,Indus (Up to border) Basin,Shyok,467.8922,1.21,100.0
subbasin,SHY,Shyok,subbasin||SHY,,Indus (Up to border) Basin,Shyok,watershed,A01SHY29,Watershed A01SHY29,watershed||A01SHY29,,Indus (Up to border) Basin,Shyok,812.2265,2.1,100.0
subbasin,SHY,Shyok,subbasin||SHY,,Indus (Up to border) Basin,Shyok,watershed,A01SHY30,Watershed A01SHY30,watershed||A01SHY30,,Indus (Up to border) Basin,Shyok,611.1533,1.58,100.0
subbasin,SHY,Shyok,subbasin||SHY,,Indus (Up to border) Basin,Shyok,watershed,A01SHY31,Watershed A01SHY31,watershed||A01SHY31,,Indus (Up to border) Basin,Shyok,806.3697,2.08,100.0
subbasin,SHY,Shyok,subbasin||SHY,,Indus (Up to border) Basin,Shyok,watershed,A01SHY32,Watershed A01SHY32,watershed||A01SHY32,,Indus (Up to border) Basin,Shyok,843.2417,2.18,100.0
subbasin,SHY,Shyok,subbasin||SHY,,Indus (Up to border) Basin,Shyok,watershed,A01SHY33,Watershed A01SHY33,watershed||A01SHY33,,Indus (Up to border) Basin,Shyok,1010.2761,2.61,100.0
subbasin,SHY,Shyok,subbasin||SHY,,Indus (Up to border) Basin,Shyok,watershed,A01SHY34,Watershed A01SHY34,watershed||A01SHY34,,Indus (Up to border) Basin,Shyok,486.6709,1.26,100.0
subbasin,SHY,Shyok,subbasin||SHY,,Indus (Up to border) Basin,Shyok,watershed,A01SHY35,Watershed A01SHY35,watershed||A01SHY35,,Indus (Up to border) Basin,Shyok,561.286,1.45,100.0
subbasin,SHY,Shyok,subbasin||SHY,,Indus (Up to border) Basin,Shyok,watershed,A01SHY36,Watershed A01SHY36,watershed||A01SHY36,,Indus (Up to border) Basin,Shyok,920.6633,2.38,100.0
subbasin,SHY,Shyok,subbasin||SHY,,Indus (Up to border) Basin,Shyok,watershed,A01SHY37,Watershed A01SHY37,watershed||A01SHY37,,Indus (Up to border) Basin,Shyok,771.2866,1.99,100.0
subbasin,SHY,Shyok,subbasin||SHY,,Indus (Up to border) Basin,Shyok,watershed,A01SHY38,Watershed A01SHY38,watershed||A01SHY38,,Indus (Up to border) Basin,Shyok,628.9831,1.63,100.0
subbasin,SHY,Shyok,subbasin||SHY,,Indus (Up to border) Basin,Shyok,watershed,A01SHY39,Watershed A01SHY39,watershed||A01SHY39,,Indus (Up to border) Basin,Shyok,719.6231,1.86,100.0
subbasin,SHY,Shyok,subbasin||SHY,,Indus (Up to border) Basin,Shyok,watershed,A01SHY40,Watershed A01SHY40,watershed||A01SHY40,,Indus (Up to border) Basin,Shyok,675.4239,1.75,100.0
subbasin,SHY,Shyok,subbasin||SHY,,Indus (Up to border) Basin,Shyok,watershed,A01SHY41,Watershed A01SHY41,watershed||A01SHY41,,Indus (Up to border) Basin,Shyok,663.4332,1.72,100.0
subbasin,SHY,Shyok,subbasin||SHY,,Indus (Up to border) Basin,Shyok,watershed,A01SHY42,Watershed A01SHY42,watershed||A01SHY42,,Indus (Up to border) Basin,Shyok,826.0752,2.14,100.0
subbasin,SHY,Shyok,subbasin||SHY,,Indus (Up to border) Basin,Shyok,watershed,A01SHY43,Watershed A01SHY43,watershed||A01SHY43,,Indus (Up to border) Basin,Shyok,826.0084,2.14,100.0
subbasin,SHY,Shyok,subbasin||SHY,,Indus (Up to border) Basin,Shyok,watershed,A01SHY44,Watershed A01SHY44,watershed||A01SHY44,,Indus (Up to border) Basin,Shyok,663.1383,1.71,100.0
subbasin,SHY,Shyok,subbasin||SHY,,Indus (Up to border) Basin,Shyok,watershed,A01SHY45,Watershed A01SHY45,watershed||A01SHY45,,Indus (Up to border) Basin,Shyok,600.975,1.55,100.0
subbasin,SHY,Shyok,subbasin||SHY,,Indus (Up to border) Basin,Shyok,watershed,A01SHY46,Watershed A01SHY46,watershed||A01SHY46,,Indus (Up to border) Basin,Shyok,804.782,2.08,100.0
subbasin,SHY,Shyok,subbasin||SHY,,Indus (Up to border) Basin,Shyok,watershed,A01SHY47,Watershed A01SHY47,watershed||A01SHY47,,Indus (Up to border) Basin,Shyok,449.954,1.16,100.0
subbasin,SHY,Shyok,subbasin||SHY,,Indus (Up to border) Basin,Shyok,watershed,A01SHY48,Watershed A01SHY48,watershed||A01SHY48,,Indus (Up to border) Basin,Shyok,429.4831,1.11,100.0
subbasin,SHY,Shyok,subbasin||SHY,,Indus (Up to border) Basin,Shyok,watershed,A01SHY49,Watershed A01SHY49,watershed||A01SHY49,,Indus (Up to border) Basin,Shyok,982.266,2.54,100.0
subbasin,SHY,Shyok,subbasin||SHY,,Indus (Up to border) Basin,Shyok,watershed,A01SHY50,Watershed A01SHY50,watershed||A01SHY50,,Indus (Up to border) Basin,Shyok,1002.9006,2.59,100.0
subbasin,SHY,Shyok,subbasin||SHY,,Indus (Up to border) Basin,Shyok,watershed,A01SHY51,Watershed A01SHY51,watershed||A01SHY51,,Indus (Up to border) Basin,Shyok,583.8451,1.51,100.0
subbasin,SHY,Shyok,subbasin||SHY,,Indus (Up to border) Basin,Shyok,watershed,A01SHY52,Watershed A01SHY52,watershed||A01SHY52,,Indus (Up to border) Basin,Shyok,457.2086,1.18,100.0
subbasin,SHY,Shyok,subbasin||SHY,,Indus (Up to border) Basin,Shyok,watershed,A01SHY53,Watershed A01SHY53,watershed||A01SHY53,,Indus (Up to border) Basin,Shyok,706.9553,1.83,100.0
subbasin,SON,Sone,subbasin||SON,,Ganga Basin,Sone,watershed,C2ASON01,Watershed C2ASON01,watershed||C2ASON01,,Ganga Basin,Sone,680.269,1.0,100.0
subbasin,SON,Sone,subbasin||SON,,Ganga Basin,Sone,watershed,C2ASON02,Watershed C2ASON02,watershed||C2ASON02,,Ganga Basin,Sone,1053.2173,1.56,100.0
subbasin,SON,Sone,subbasin||SON,,Ganga Basin,Sone,watershed,C2ASON03,Watershed C2ASON03,watershed||C2ASON03,,Ganga Basin,Sone,753.9078,1.11,100.0
subbasin,SON,Sone,subbasin||SON,,Ganga Basin,Sone,watershed,C2ASON04,Watershed C2ASON04,watershed||C2ASON04,,Ganga Basin,Sone,538.6241,0.8,100.0
subbasin,SON,Sone,subbasin||SON,,Ganga Basin,Sone,watershed,C2ASON05,Watershed C2ASON05,watershed||C2ASON05,,Ganga Basin,Sone,749.1485,1.11,100.0
subbasin,SON,Sone,subbasin||SON,,Ganga Basin,Sone,watershed,C2ASON06,Watershed C2ASON06,watershed||C2ASON06,,Ganga Basin,Sone,824.0422,1.22,100.0
subbasin,SON,Sone,subbasin||SON,,Ganga Basin,Sone,watershed,C2ASON07,Watershed C2ASON07,watershed||C2ASON07,,Ganga Basin,Sone,923.8953,1.36,100.0
subbasin,SON,Sone,subbasin||SON,,Ganga Basin,Sone,watershed,C2ASON08,Watershed C2ASON08,watershed||C2ASON08,,Ganga Basin,Sone,1143.4203,1.69,100.0
subbasin,SON,Sone,subbasin||SON,,Ganga Basin,Sone,watershed,C2ASON09,Watershed C2ASON09,watershed||C2ASON09,,Ganga Basin,Sone,1008.3433,1.49,100.0
subbasin,SON,Sone,subbasin||SON,,Ganga Basin,Sone,watershed,C2ASON10,Watershed C2ASON10,watershed||C2ASON10,,Ganga Basin,Sone,755.7319,1.12,100.0
subbasin,SON,Sone,subbasin||SON,,Ganga Basin,Sone,watershed,C2ASON11,Watershed C2ASON11,watershed||C2ASON11,,Ganga Basin,Sone,518.3283,0.77,100.0
subbasin,SON,Sone,subbasin||SON,,Ganga Basin,Sone,watershed,C2ASON12,Watershed C2ASON12,watershed||C2ASON12,,Ganga Basin,Sone,1444.6297,2.13,100.0
subbasin,SON,Sone,subbasin||SON,,Ganga Basin,Sone,watershed,C2ASON13,Watershed C2ASON13,watershed||C2ASON13,,Ganga Basin,Sone,686.9203,1.01,100.0
subbasin,SON,Sone,subbasin||SON,,Ganga Basin,Sone,watershed,C2ASON14,Watershed C2ASON14,watershed||C2ASON14,,Ganga Basin,Sone,901.6512,1.33,100.0
subbasin,SON,Sone,subbasin||SON,,Ganga Basin,Sone,watershed,C2ASON15,Watershed C2ASON15,watershed||C2ASON15,,Ganga Basin,Sone,927.2456,1.37,100.0
subbasin,SON,Sone,subbasin||SON,,Ganga Basin,Sone,watershed,C2ASON16,Watershed C2ASON16,watershed||C2ASON16,,Ganga Basin,Sone,979.4197,1.45,100.0
subbasin,SON,Sone,subbasin||SON,,Ganga Basin,Sone,watershed,C2ASON17,Watershed C2ASON17,watershed||C2ASON17,,Ganga Basin,Sone,690.1729,1.02,100.0
subbasin,SON,Sone,subbasin||SON,,Ganga Basin,Sone,watershed,C2ASON18,Watershed C2ASON18,watershed||C2ASON18,,Ganga Basin,Sone,866.5804,1.28,100.0
subbasin,SON,Sone,subbasin||SON,,Ganga Basin,Sone,watershed,C2ASON19,Watershed C2ASON19,watershed||C2ASON19,,Ganga Basin,Sone,398.845,0.59,100.0
subbasin,SON,Sone,subbasin||SON,,Ganga Basin,Sone,watershed,C2ASON20,Watershed C2ASON20,watershed||C2ASON20,,Ganga Basin,Sone,450.2542,0.66,100.0
subbasin,SON,Sone,subbasin||SON,,Ganga Basin,Sone,watershed,C2ASON21,Watershed C2ASON21,watershed||C2ASON21,,Ganga Basin,Sone,718.3186,1.06,100.0
subbasin,SON,Sone,subbasin||SON,,Ganga Basin,Sone,watershed,C2ASON22,Watershed C2ASON22,watershed||C2ASON22,,Ganga Basin,Sone,944.5593,1.39,100.0
subbasin,SON,Sone,subbasin||SON,,Ganga Basin,Sone,watershed,C2ASON23,Watershed C2ASON23,watershed||C2ASON23,,Ganga Basin,Sone,732.3647,1.08,100.0
subbasin,SON,Sone,subbasin||SON,,Ganga Basin,Sone,watershed,C2ASON24,Watershed C2ASON24,watershed||C2ASON24,,Ganga Basin,Sone,837.1609,1.24,100.0
subbasin,SON,Sone,subbasin||SON,,Ganga Basin,Sone,watershed,C2ASON25,Watershed C2ASON25,watershed||C2ASON25,,Ganga Basin,Sone,580.2756,0.86,100.0
subbasin,SON,Sone,subbasin||SON,,Ganga Basin,Sone,watershed,C2ASON26,Watershed C2ASON26,watershed||C2ASON26,,Ganga Basin,Sone,511.3951,0.76,100.0
subbasin,SON,Sone,subbasin||SON,,Ganga Basin,Sone,watershed,C2ASON27,Watershed C2ASON27,watershed||C2ASON27,,Ganga Basin,Sone,749.8732,1.11,100.0
subbasin,SON,Sone,subbasin||SON,,Ganga Basin,Sone,watershed,C2ASON28,Watershed C2ASON28,watershed||C2ASON28,,Ganga Basin,Sone,882.0523,1.3,100.0
subbasin,SON,Sone,subbasin||SON,,Ganga Basin,Sone,watershed,C2ASON29,Watershed C2ASON29,watershed||C2ASON29,,Ganga Basin,Sone,756.616,1.12,100.0
subbasin,SON,Sone,subbasin||SON,,Ganga Basin,Sone,watershed,C2ASON30,Watershed C2ASON30,watershed||C2ASON30,,Ganga Basin,Sone,793.913,1.17,100.0
subbasin,SON,Sone,subbasin||SON,,Ganga Basin,Sone,watershed,C2ASON31,Watershed C2ASON31,watershed||C2ASON31,,Ganga Basin,Sone,1189.9469,1.76,100.0
subbasin,SON,Sone,subbasin||SON,,Ganga Basin,Sone,watershed,C2ASON32,Watershed C2ASON32,watershed||C2ASON32,,Ganga Basin,Sone,696.8789,1.03,100.0
subbasin,SON,Sone,subbasin||SON,,Ganga Basin,Sone,watershed,C2ASON33,Watershed C2ASON33,watershed||C2ASON33,,Ganga Basin,Sone,721.6802,1.07,100.0
subbasin,SON,Sone,subbasin||SON,,Ganga Basin,Sone,watershed,C2ASON34,Watershed C2ASON34,watershed||C2ASON34,,Ganga Basin,Sone,824.4735,1.22,100.0
subbasin,SON,Sone,subbasin||SON,,Ganga Basin,Sone,watershed,C2ASON35,Watershed C2ASON35,watershed||C2ASON35,,Ganga Basin,Sone,506.388,0.75,100.0
subbasin,SON,Sone,subbasin||SON,,Ganga Basin,Sone,watershed,C2ASON36,Watershed C2ASON36,watershed||C2ASON36,,Ganga Basin,Sone,643.0034,0.95,100.0
subbasin,SON,Sone,subbasin||SON,,Ganga Basin,Sone,watershed,C2ASON37,Watershed C2ASON37,watershed||C2ASON37,,Ganga Basin,Sone,618.6198,0.91,100.0
subbasin,SON,Sone,subbasin||SON,,Ganga Basin,Sone,watershed,C2ASON38,Watershed C2ASON38,watershed||C2ASON38,,Ganga Basin,Sone,539.0864,0.8,100.0
subbasin,SON,Sone,subbasin||SON,,Ganga Basin,Sone,watershed,C2ASON39,Watershed C2ASON39,watershed||C2ASON39,,Ganga Basin,Sone,1228.2553,1.81,100.0
subbasin,SON,Sone,subbasin||SON,,Ganga Basin,Sone,watershed,C2ASON40,Watershed C2ASON40,watershed||C2ASON40,,Ganga Basin,Sone,674.1997,1.0,100.0
subbasin,SON,Sone,subbasin||SON,,Ganga Basin,Sone,watershed,C2ASON41,Watershed C2ASON41,watershed||C2ASON41,,Ganga Basin,Sone,1234.3859,1.82,100.0
subbasin,SON,Sone,subbasin||SON,,Ganga Basin,Sone,watershed,C2ASON42,Watershed C2ASON42,watershed||C2ASON42,,Ganga Basin,Sone,1049.6982,1.55,100.0
subbasin,SON,Sone,subbasin||SON,,Ganga Basin,Sone,watershed,C2ASON43,Watershed C2ASON43,watershed||C2ASON43,,Ganga Basin,Sone,720.7545,1.06,100.0
subbasin,SON,Sone,subbasin||SON,,Ganga Basin,Sone,watershed,C2ASON44,Watershed C2ASON44,watershed||C2ASON44,,Ganga Basin,Sone,439.0967,0.65,100.0
subbasin,SON,Sone,subbasin||SON,,Ganga Basin,Sone,watershed,C2ASON45,Watershed C2ASON45,watershed||C2ASON45,,Ganga Basin,Sone,807.0231,1.19,100.0
subbasin,SON,Sone,subbasin||SON,,Ganga Basin,Sone,watershed,C2ASON46,Watershed C2ASON46,watershed||C2ASON46,,Ganga Basin,Sone,395.8915,0.58,100.0
subbasin,SON,Sone,subbasin||SON,,Ganga Basin,Sone,watershed,C2ASON47,Watershed C2ASON47,watershed||C2ASON47,,Ganga Basin,Sone,1159.3258,1.71,100.0
subbasin,SON,Sone,subbasin||SON,,Ganga Basin,Sone,watershed,C2ASON48,Watershed C2ASON48,watershed||C2ASON48,,Ganga Basin,Sone,594.3571,0.88,100.0
subbasin,SON,Sone,subbasin||SON,,Ganga Basin,Sone,watershed,C2ASON49,Watershed C2ASON49,watershed||C2ASON49,,Ganga Basin,Sone,660.2867,0.98,100.0
subbasin,SON,Sone,subbasin||SON,,Ganga Basin,Sone,watershed,C2ASON50,Watershed C2ASON50,watershed||C2ASON50,,Ganga Basin,Sone,595.9534,0.88,100.0
subbasin,SON,Sone,subbasin||SON,,Ganga Basin,Sone,watershed,C2ASON51,Watershed C2ASON51,watershed||C2ASON51,,Ganga Basin,Sone,599.4361,0.89,100.0
subbasin,SON,Sone,subbasin||SON,,Ganga Basin,Sone,watershed,C2ASON52,Watershed C2ASON52,watershed||C2ASON52,,Ganga Basin,Sone,948.349,1.4,100.0
subbasin,SON,Sone,subbasin||SON,,Ganga Basin,Sone,watershed,C2ASON53,Watershed C2ASON53,watershed||C2ASON53,,Ganga Basin,Sone,1011.5871,1.49,100.0
subbasin,SON,Sone,subbasin||SON,,Ganga Basin,Sone,watershed,C2ASON54,Watershed C2ASON54,watershed||C2ASON54,,Ganga Basin,Sone,666.477,0.98,100.0
subbasin,SON,Sone,subbasin||SON,,Ganga Basin,Sone,watershed,C2ASON55,Watershed C2ASON55,watershed||C2ASON55,,Ganga Basin,Sone,1256.9588,1.86,100.0
subbasin,SON,Sone,subbasin||SON,,Ganga Basin,Sone,watershed,C2ASON56,Watershed C2ASON56,watershed||C2ASON56,,Ganga Basin,Sone,597.0293,0.88,100.0
subbasin,SON,Sone,subbasin||SON,,Ganga Basin,Sone,watershed,C2ASON57,Watershed C2ASON57,watershed||C2ASON57,,Ganga Basin,Sone,1349.6112,1.99,100.0
subbasin,SON,Sone,subbasin||SON,,Ganga Basin,Sone,watershed,C2ASON58,Watershed C2ASON58,watershed||C2ASON58,,Ganga Basin,Sone,862.1474,1.27,100.0
subbasin,SON,Sone,subbasin||SON,,Ganga Basin,Sone,watershed,C2ASON59,Watershed C2ASON59,watershed||C2ASON59,,Ganga Basin,Sone,480.544,0.71,100.0
subbasin,SON,Sone,subbasin||SON,,Ganga Basin,Sone,watershed,C2ASON60,Watershed C2ASON60,watershed||C2ASON60,,Ganga Basin,Sone,1249.3027,1.84,100.0
subbasin,SON,Sone,subbasin||SON,,Ganga Basin,Sone,watershed,C2ASON61,Watershed C2ASON61,watershed||C2ASON61,,Ganga Basin,Sone,758.0118,1.12,100.0
subbasin,SON,Sone,subbasin||SON,,Ganga Basin,Sone,watershed,C2ASON62,Watershed C2ASON62,watershed||C2ASON62,,Ganga Basin,Sone,1041.5228,1.54,100.0
subbasin,SON,Sone,subbasin||SON,,Ganga Basin,Sone,watershed,C2ASON63,Watershed C2ASON63,watershed||C2ASON63,,Ganga Basin,Sone,803.3927,1.19,100.0
subbasin,SON,Sone,subbasin||SON,,Ganga Basin,Sone,watershed,C2ASON64,Watershed C2ASON64,watershed||C2ASON64,,Ganga Basin,Sone,654.9886,0.97,100.0
subbasin,SON,Sone,subbasin||SON,,Ganga Basin,Sone,watershed,C2ASON65,Watershed C2ASON65,watershed||C2ASON65,,Ganga Basin,Sone,820.8716,1.21,100.0
subbasin,SON,Sone,subbasin||SON,,Ganga Basin,Sone,watershed,C2ASON66,Watershed C2ASON66,watershed||C2ASON66,,Ganga Basin,Sone,402.5035,0.59,100.0
subbasin,SON,Sone,subbasin||SON,,Ganga Basin,Sone,watershed,C2ASON67,Watershed C2ASON67,watershed||C2ASON67,,Ganga Basin,Sone,658.8629,0.97,100.0
subbasin,SON,Sone,subbasin||SON,,Ganga Basin,Sone,watershed,C2ASON68,Watershed C2ASON68,watershed||C2ASON68,,Ganga Basin,Sone,1355.4408,2.0,100.0
subbasin,SON,Sone,subbasin||SON,,Ganga Basin,Sone,watershed,C2ASON69,Watershed C2ASON69,watershed||C2ASON69,,Ganga Basin,Sone,1163.4433,1.72,100.0
subbasin,SON,Sone,subbasin||SON,,Ganga Basin,Sone,watershed,C2ASON70,Watershed C2ASON70,watershed||C2ASON70,,Ganga Basin,Sone,1001.1872,1.48,100.0
subbasin,SON,Sone,subbasin||SON,,Ganga Basin,Sone,watershed,C2ASON71,Watershed C2ASON71,watershed||C2ASON71,,Ganga Basin,Sone,1171.5891,1.73,100.0
subbasin,SON,Sone,subbasin||SON,,Ganga Basin,Sone,watershed,C2ASON72,Watershed C2ASON72,watershed||C2ASON72,,Ganga Basin,Sone,727.1307,1.07,100.0
subbasin,SON,Sone,subbasin||SON,,Ganga Basin,Sone,watershed,C2ASON73,Watershed C2ASON73,watershed||C2ASON73,,Ganga Basin,Sone,696.9003,1.03,100.0
subbasin,SON,Sone,subbasin||SON,,Ganga Basin,Sone,watershed,C2ASON74,Watershed C2ASON74,watershed||C2ASON74,,Ganga Basin,Sone,1095.3371,1.62,100.0
subbasin,SON,Sone,subbasin||SON,,Ganga Basin,Sone,watershed,C2ASON75,Watershed C2ASON75,watershed||C2ASON75,,Ganga Basin,Sone,603.847,0.89,100.0
subbasin,SON,Sone,subbasin||SON,,Ganga Basin,Sone,watershed,C2ASON76,Watershed C2ASON76,watershed||C2ASON76,,Ganga Basin,Sone,916.7136,1.35,100.0
subbasin,SON,Sone,subbasin||SON,,Ganga Basin,Sone,watershed,C2ASON77,Watershed C2ASON77,watershed||C2ASON77,,Ganga Basin,Sone,1162.7647,1.72,100.0
subbasin,SON,Sone,subbasin||SON,,Ganga Basin,Sone,watershed,C2ASON78,Watershed C2ASON78,watershed||C2ASON78,,Ganga Basin,Sone,534.2952,0.79,100.0
subbasin,SON,Sone,subbasin||SON,,Ganga Basin,Sone,watershed,C2ASON79,Watershed C2ASON79,watershed||C2ASON79,,Ganga Basin,Sone,750.7296,1.11,100.0
subbasin,SON,Sone,subbasin||SON,,Ganga Basin,Sone,watershed,C2ASON80,Watershed C2ASON80,watershed||C2ASON80,,Ganga Basin,Sone,993.179,1.47,100.0
subbasin,SON,Sone,subbasin||SON,,Ganga Basin,Sone,watershed,C2ASON81,Watershed C2ASON81,watershed||C2ASON81,,Ganga Basin,Sone,1212.9307,1.79,100.0
subbasin,SON,Sone,subbasin||SON,,Ganga Basin,Sone,watershed,C2ASON82,Watershed C2ASON82,watershed||C2ASON82,,Ganga Basin,Sone,468.0921,0.69,100.0
subbasin,SON,Sone,subbasin||SON,,Ganga Basin,Sone,watershed,C2ASON83,Watershed C2ASON83,watershed||C2ASON83,,Ganga Basin,Sone,599.6687,0.89,100.0
subbasin,SUB,Subernarekha,subbasin||SUB,,Subernarekha Basin,Subernarekha,watershed,C06SUB01,Watershed C06SUB01,watershed||C06SUB01,,Subernarekha Basin,Subernarekha,591.0462,2.21,100.0
subbasin,SUB,Subernarekha,subbasin||SUB,,Subernarekha Basin,Subernarekha,watershed,C06SUB02,Watershed C06SUB02,watershed||C06SUB02,,Subernarekha Basin,Subernarekha,574.6816,2.14,100.0
subbasin,SUB,Subernarekha,subbasin||SUB,,Subernarekha Basin,Subernarekha,watershed,C06SUB03,Watershed C06SUB03,watershed||C06SUB03,,Subernarekha Basin,Subernarekha,624.8752,2.33,100.0
subbasin,SUB,Subernarekha,subbasin||SUB,,Subernarekha Basin,Subernarekha,watershed,C06SUB04,Watershed C06SUB04,watershed||C06SUB04,,Subernarekha Basin,Subernarekha,554.0936,2.07,100.0
subbasin,SUB,Subernarekha,subbasin||SUB,,Subernarekha Basin,Subernarekha,watershed,C06SUB05,Watershed C06SUB05,watershed||C06SUB05,,Subernarekha Basin,Subernarekha,470.0004,1.75,100.0
subbasin,SUB,Subernarekha,subbasin||SUB,,Subernarekha Basin,Subernarekha,watershed,C06SUB06,Watershed C06SUB06,watershed||C06SUB06,,Subernarekha Basin,Subernarekha,490.497,1.83,100.0
subbasin,SUB,Subernarekha,subbasin||SUB,,Subernarekha Basin,Subernarekha,watershed,C06SUB07,Watershed C06SUB07,watershed||C06SUB07,,Subernarekha Basin,Subernarekha,630.3541,2.35,100.0
subbasin,SUB,Subernarekha,subbasin||SUB,,Subernarekha Basin,Subernarekha,watershed,C06SUB08,Watershed C06SUB08,watershed||C06SUB08,,Subernarekha Basin,Subernarekha,843.1798,3.15,100.0
subbasin,SUB,Subernarekha,subbasin||SUB,,Subernarekha Basin,Subernarekha,watershed,C06SUB09,Watershed C06SUB09,watershed||C06SUB09,,Subernarekha Basin,Subernarekha,694.5618,2.59,100.0
subbasin,SUB,Subernarekha,subbasin||SUB,,Subernarekha Basin,Subernarekha,watershed,C06SUB10,Watershed C06SUB10,watershed||C06SUB10,,Subernarekha Basin,Subernarekha,686.7523,2.56,100.0
subbasin,SUB,Subernarekha,subbasin||SUB,,Subernarekha Basin,Subernarekha,watershed,C06SUB11,Watershed C06SUB11,watershed||C06SUB11,,Subernarekha Basin,Subernarekha,485.394,1.81,100.0
subbasin,SUB,Subernarekha,subbasin||SUB,,Subernarekha Basin,Subernarekha,watershed,C06SUB12,Watershed C06SUB12,watershed||C06SUB12,,Subernarekha Basin,Subernarekha,551.8375,2.06,100.0
subbasin,SUB,Subernarekha,subbasin||SUB,,Subernarekha Basin,Subernarekha,watershed,C06SUB13,Watershed C06SUB13,watershed||C06SUB13,,Subernarekha Basin,Subernarekha,480.6401,1.79,100.0
subbasin,SUB,Subernarekha,subbasin||SUB,,Subernarekha Basin,Subernarekha,watershed,C06SUB14,Watershed C06SUB14,watershed||C06SUB14,,Subernarekha Basin,Subernarekha,633.4702,2.36,100.0
subbasin,SUB,Subernarekha,subbasin||SUB,,Subernarekha Basin,Subernarekha,watershed,C06SUB15,Watershed C06SUB15,watershed||C06SUB15,,Subernarekha Basin,Subernarekha,626.2991,2.34,100.0
subbasin,SUB,Subernarekha,subbasin||SUB,,Subernarekha Basin,Subernarekha,watershed,C06SUB16,Watershed C06SUB16,watershed||C06SUB16,,Subernarekha Basin,Subernarekha,676.4592,2.52,100.0
subbasin,SUB,Subernarekha,subbasin||SUB,,Subernarekha Basin,Subernarekha,watershed,C06SUB17,Watershed C06SUB17,watershed||C06SUB17,,Subernarekha Basin,Subernarekha,759.6958,2.83,100.0
subbasin,SUB,Subernarekha,subbasin||SUB,,Subernarekha Basin,Subernarekha,watershed,C06SUB18,Watershed C06SUB18,watershed||C06SUB18,,Subernarekha Basin,Subernarekha,505.9312,1.89,100.0
subbasin,SUB,Subernarekha,subbasin||SUB,,Subernarekha Basin,Subernarekha,watershed,C06SUB19,Watershed C06SUB19,watershed||C06SUB19,,Subernarekha Basin,Subernarekha,507.1481,1.89,100.0
subbasin,SUB,Subernarekha,subbasin||SUB,,Subernarekha Basin,Subernarekha,watershed,C06SUB20,Watershed C06SUB20,watershed||C06SUB20,,Subernarekha Basin,Subernarekha,421.164,1.57,100.0
subbasin,SUB,Subernarekha,subbasin||SUB,,Subernarekha Basin,Subernarekha,watershed,C06SUB21,Watershed C06SUB21,watershed||C06SUB21,,Subernarekha Basin,Subernarekha,587.6798,2.19,100.0
subbasin,SUB,Subernarekha,subbasin||SUB,,Subernarekha Basin,Subernarekha,watershed,C06SUB22,Watershed C06SUB22,watershed||C06SUB22,,Subernarekha Basin,Subernarekha,437.9093,1.63,100.0
subbasin,SUB,Subernarekha,subbasin||SUB,,Subernarekha Basin,Subernarekha,watershed,C06SUB23,Watershed C06SUB23,watershed||C06SUB23,,Subernarekha Basin,Subernarekha,724.4198,2.7,100.0
subbasin,SUB,Subernarekha,subbasin||SUB,,Subernarekha Basin,Subernarekha,watershed,C06SUB24,Watershed C06SUB24,watershed||C06SUB24,,Subernarekha Basin,Subernarekha,542.106,2.02,100.0
subbasin,SUB,Subernarekha,subbasin||SUB,,Subernarekha Basin,Subernarekha,watershed,C06SUB25,Watershed C06SUB25,watershed||C06SUB25,,Subernarekha Basin,Subernarekha,492.5968,1.84,100.0
subbasin,SUB,Subernarekha,subbasin||SUB,,Subernarekha Basin,Subernarekha,watershed,C06SUB26,Watershed C06SUB26,watershed||C06SUB26,,Subernarekha Basin,Subernarekha,609.4817,2.27,100.0
subbasin,SUB,Subernarekha,subbasin||SUB,,Subernarekha Basin,Subernarekha,watershed,C06SUB27,Watershed C06SUB27,watershed||C06SUB27,,Subernarekha Basin,Subernarekha,632.943,2.36,100.0
subbasin,SUB,Subernarekha,subbasin||SUB,,Subernarekha Basin,Subernarekha,watershed,C06SUB28,Watershed C06SUB28,watershed||C06SUB28,,Subernarekha Basin,Subernarekha,601.4901,2.24,100.0
subbasin,SUB,Subernarekha,subbasin||SUB,,Subernarekha Basin,Subernarekha,watershed,C06SUB29,Watershed C06SUB29,watershed||C06SUB29,,Subernarekha Basin,Subernarekha,555.3562,2.07,100.0
subbasin,SUB,Subernarekha,subbasin||SUB,,Subernarekha Basin,Subernarekha,watershed,C06SUB30,Watershed C06SUB30,watershed||C06SUB30,,Subernarekha Basin,Subernarekha,636.6769,2.38,100.0
subbasin,SUB,Subernarekha,subbasin||SUB,,Subernarekha Basin,Subernarekha,watershed,C06SUB31,Watershed C06SUB31,watershed||C06SUB31,,Subernarekha Basin,Subernarekha,646.2463,2.41,100.0
subbasin,SUB,Subernarekha,subbasin||SUB,,Subernarekha Basin,Subernarekha,watershed,C06SUB32,Watershed C06SUB32,watershed||C06SUB32,,Subernarekha Basin,Subernarekha,473.8378,1.77,100.0
subbasin,SUB,Subernarekha,subbasin||SUB,,Subernarekha Basin,Subernarekha,watershed,C06SUB33,Watershed C06SUB33,watershed||C06SUB33,,Subernarekha Basin,Subernarekha,461.3106,1.72,100.0
subbasin,SUB,Subernarekha,subbasin||SUB,,Subernarekha Basin,Subernarekha,watershed,C06SUB34,Watershed C06SUB34,watershed||C06SUB34,,Subernarekha Basin,Subernarekha,592.6313,2.21,100.0
subbasin,SUB,Subernarekha,subbasin||SUB,,Subernarekha Basin,Subernarekha,watershed,C06SUB35,Watershed C06SUB35,watershed||C06SUB35,,Subernarekha Basin,Subernarekha,587.1283,2.19,100.0
subbasin,SUB,Subernarekha,subbasin||SUB,,Subernarekha Basin,Subernarekha,watershed,C06SUB36,Watershed C06SUB36,watershed||C06SUB36,,Subernarekha Basin,Subernarekha,576.0768,2.15,100.0
subbasin,SUB,Subernarekha,subbasin||SUB,,Subernarekha Basin,Subernarekha,watershed,C06SUB37,Watershed C06SUB37,watershed||C06SUB37,,Subernarekha Basin,Subernarekha,639.4613,2.39,100.0
subbasin,SUB,Subernarekha,subbasin||SUB,,Subernarekha Basin,Subernarekha,watershed,C06SUB38,Watershed C06SUB38,watershed||C06SUB38,,Subernarekha Basin,Subernarekha,769.2199,2.87,100.0
subbasin,SUB,Subernarekha,subbasin||SUB,,Subernarekha Basin,Subernarekha,watershed,C06SUB39,Watershed C06SUB39,watershed||C06SUB39,,Subernarekha Basin,Subernarekha,493.1779,1.84,100.0
subbasin,SUB,Subernarekha,subbasin||SUB,,Subernarekha Basin,Subernarekha,watershed,C06SUB40,Watershed C06SUB40,watershed||C06SUB40,,Subernarekha Basin,Subernarekha,636.8686,2.38,100.0
subbasin,SUB,Subernarekha,subbasin||SUB,,Subernarekha Basin,Subernarekha,watershed,C06SUB41,Watershed C06SUB41,watershed||C06SUB41,,Subernarekha Basin,Subernarekha,401.8933,1.5,100.0
subbasin,SUB,Subernarekha,subbasin||SUB,,Subernarekha Basin,Subernarekha,watershed,C06SUB42,Watershed C06SUB42,watershed||C06SUB42,,Subernarekha Basin,Subernarekha,999.7671,3.73,100.0
subbasin,SUB,Subernarekha,subbasin||SUB,,Subernarekha Basin,Subernarekha,watershed,C06SUB43,Watershed C06SUB43,watershed||C06SUB43,,Subernarekha Basin,Subernarekha,801.3225,2.99,100.0
subbasin,SUB,Subernarekha,subbasin||SUB,,Subernarekha Basin,Subernarekha,watershed,C06SUB44,Watershed C06SUB44,watershed||C06SUB44,,Subernarekha Basin,Subernarekha,595.6523,2.22,100.0
subbasin,SUB,Subernarekha,subbasin||SUB,,Subernarekha Basin,Subernarekha,watershed,C06SUB45,Watershed C06SUB45,watershed||C06SUB45,,Subernarekha Basin,Subernarekha,500.1191,1.87,100.0
subbasin,SUM,Sulmar,subbasin||SUM,,Area of North Ladakha not draining into Indus Basin,Sulmar,watershed,E23SUM01,Watershed E23SUM01,watershed||E23SUM01,,Area of North Ladakha not draining into Indus Basin,Sulmar,823.4881,3.63,100.0
subbasin,SUM,Sulmar,subbasin||SUM,,Area of North Ladakha not draining into Indus Basin,Sulmar,watershed,E23SUM02,Watershed E23SUM02,watershed||E23SUM02,,Area of North Ladakha not draining into Indus Basin,Sulmar,762.6641,3.36,100.0
subbasin,SUM,Sulmar,subbasin||SUM,,Area of North Ladakha not draining into Indus Basin,Sulmar,watershed,E23SUM03,Watershed E23SUM03,watershed||E23SUM03,,Area of North Ladakha not draining into Indus Basin,Sulmar,887.6015,3.91,100.0
subbasin,SUM,Sulmar,subbasin||SUM,,Area of North Ladakha not draining into Indus Basin,Sulmar,watershed,E23SUM04,Watershed E23SUM04,watershed||E23SUM04,,Area of North Ladakha not draining into Indus Basin,Sulmar,426.0919,1.88,100.0
subbasin,SUM,Sulmar,subbasin||SUM,,Area of North Ladakha not draining into Indus Basin,Sulmar,watershed,E23SUM05,Watershed E23SUM05,watershed||E23SUM05,,Area of North Ladakha not draining into Indus Basin,Sulmar,868.5145,3.83,100.0
subbasin,SUM,Sulmar,subbasin||SUM,,Area of North Ladakha not draining into Indus Basin,Sulmar,watershed,E23SUM06,Watershed E23SUM06,watershed||E23SUM06,,Area of North Ladakha not draining into Indus Basin,Sulmar,874.0675,3.85,100.0
subbasin,SUM,Sulmar,subbasin||SUM,,Area of North Ladakha not draining into Indus Basin,Sulmar,watershed,E23SUM07,Watershed E23SUM07,watershed||E23SUM07,,Area of North Ladakha not draining into Indus Basin,Sulmar,786.1959,3.46,100.0
subbasin,SUM,Sulmar,subbasin||SUM,,Area of North Ladakha not draining into Indus Basin,Sulmar,watershed,E23SUM08,Watershed E23SUM08,watershed||E23SUM08,,Area of North Ladakha not draining into Indus Basin,Sulmar,795.7163,3.5,100.0
subbasin,SUM,Sulmar,subbasin||SUM,,Area of North Ladakha not draining into Indus Basin,Sulmar,watershed,E23SUM09,Watershed E23SUM09,watershed||E23SUM09,,Area of North Ladakha not draining into Indus Basin,Sulmar,1079.6729,4.76,100.0
subbasin,SUM,Sulmar,subbasin||SUM,,Area of North Ladakha not draining into Indus Basin,Sulmar,watershed,E23SUM10,Watershed E23SUM10,watershed||E23SUM10,,Area of North Ladakha not draining into Indus Basin,Sulmar,379.4677,1.67,100.0
subbasin,SUM,Sulmar,subbasin||SUM,,Area of North Ladakha not draining into Indus Basin,Sulmar,watershed,E23SUM11,Watershed E23SUM11,watershed||E23SUM11,,Area of North Ladakha not draining into Indus Basin,Sulmar,445.1635,1.96,100.0
subbasin,SUM,Sulmar,subbasin||SUM,,Area of North Ladakha not draining into Indus Basin,Sulmar,watershed,E23SUM12,Watershed E23SUM12,watershed||E23SUM12,,Area of North Ladakha not draining into Indus Basin,Sulmar,418.6982,1.84,100.0
subbasin,SUM,Sulmar,subbasin||SUM,,Area of North Ladakha not draining into Indus Basin,Sulmar,watershed,E23SUM13,Watershed E23SUM13,watershed||E23SUM13,,Area of North Ladakha not draining into Indus Basin,Sulmar,718.2141,3.16,100.0
subbasin,SUM,Sulmar,subbasin||SUM,,Area of North Ladakha not draining into Indus Basin,Sulmar,watershed,E23SUM14,Watershed E23SUM14,watershed||E23SUM14,,Area of North Ladakha not draining into Indus Basin,Sulmar,621.605,2.74,100.0
subbasin,SUM,Sulmar,subbasin||SUM,,Area of North Ladakha not draining into Indus Basin,Sulmar,watershed,E23SUM15,Watershed E23SUM15,watershed||E23SUM15,,Area of North Ladakha not draining into Indus Basin,Sulmar,546.3355,2.41,100.0
subbasin,SUM,Sulmar,subbasin||SUM,,Area of North Ladakha not draining into Indus Basin,Sulmar,watershed,E23SUM16,Watershed E23SUM16,watershed||E23SUM16,,Area of North Ladakha not draining into Indus Basin,Sulmar,377.2029,1.66,100.0
subbasin,SUM,Sulmar,subbasin||SUM,,Area of North Ladakha not draining into Indus Basin,Sulmar,watershed,E23SUM17,Watershed E23SUM17,watershed||E23SUM17,,Area of North Ladakha not draining into Indus Basin,Sulmar,506.3173,2.23,100.0
subbasin,SUM,Sulmar,subbasin||SUM,,Area of North Ladakha not draining into Indus Basin,Sulmar,watershed,E23SUM18,Watershed E23SUM18,watershed||E23SUM18,,Area of North Ladakha not draining into Indus Basin,Sulmar,366.2915,1.61,100.0
subbasin,SUM,Sulmar,subbasin||SUM,,Area of North Ladakha not draining into Indus Basin,Sulmar,watershed,E23SUM19,Watershed E23SUM19,watershed||E23SUM19,,Area of North Ladakha not draining into Indus Basin,Sulmar,411.1326,1.81,100.0
subbasin,SUM,Sulmar,subbasin||SUM,,Area of North Ladakha not draining into Indus Basin,Sulmar,watershed,E23SUM20,Watershed E23SUM20,watershed||E23SUM20,,Area of North Ladakha not draining into Indus Basin,Sulmar,566.0101,2.49,100.0
subbasin,SUM,Sulmar,subbasin||SUM,,Area of North Ladakha not draining into Indus Basin,Sulmar,watershed,E23SUM21,Watershed E23SUM21,watershed||E23SUM21,,Area of North Ladakha not draining into Indus Basin,Sulmar,953.54,4.2,100.0
subbasin,SUM,Sulmar,subbasin||SUM,,Area of North Ladakha not draining into Indus Basin,Sulmar,watershed,E23SUM22,Watershed E23SUM22,watershed||E23SUM22,,Area of North Ladakha not draining into Indus Basin,Sulmar,513.5127,2.26,100.0
subbasin,SUM,Sulmar,subbasin||SUM,,Area of North Ladakha not draining into Indus Basin,Sulmar,watershed,E23SUM23,Watershed E23SUM23,watershed||E23SUM23,,Area of North Ladakha not draining into Indus Basin,Sulmar,793.8414,3.5,100.0
subbasin,SUM,Sulmar,subbasin||SUM,,Area of North Ladakha not draining into Indus Basin,Sulmar,watershed,E23SUM24,Watershed E23SUM24,watershed||E23SUM24,,Area of North Ladakha not draining into Indus Basin,Sulmar,1005.2951,4.43,100.0
subbasin,SUM,Sulmar,subbasin||SUM,,Area of North Ladakha not draining into Indus Basin,Sulmar,watershed,E23SUM25,Watershed E23SUM25,watershed||E23SUM25,,Area of North Ladakha not draining into Indus Basin,Sulmar,743.6396,3.28,100.0
subbasin,SUM,Sulmar,subbasin||SUM,,Area of North Ladakha not draining into Indus Basin,Sulmar,watershed,E23SUM26,Watershed E23SUM26,watershed||E23SUM26,,Area of North Ladakha not draining into Indus Basin,Sulmar,811.8764,3.58,100.0
subbasin,SUM,Sulmar,subbasin||SUM,,Area of North Ladakha not draining into Indus Basin,Sulmar,watershed,E23SUM27,Watershed E23SUM27,watershed||E23SUM27,,Area of North Ladakha not draining into Indus Basin,Sulmar,988.4892,4.35,100.0
subbasin,SUM,Sulmar,subbasin||SUM,,Area of North Ladakha not draining into Indus Basin,Sulmar,watershed,E23SUM28,Watershed E23SUM28,watershed||E23SUM28,,Area of North Ladakha not draining into Indus Basin,Sulmar,871.9091,3.84,100.0
subbasin,SUM,Sulmar,subbasin||SUM,,Area of North Ladakha not draining into Indus Basin,Sulmar,watershed,E23SUM29,Watershed E23SUM29,watershed||E23SUM29,,Area of North Ladakha not draining into Indus Basin,Sulmar,699.2187,3.08,100.0
subbasin,SUM,Sulmar,subbasin||SUM,,Area of North Ladakha not draining into Indus Basin,Sulmar,watershed,E23SUM30,Watershed E23SUM30,watershed||E23SUM30,,Area of North Ladakha not draining into Indus Basin,Sulmar,668.0037,2.94,100.0
subbasin,SUM,Sulmar,subbasin||SUM,,Area of North Ladakha not draining into Indus Basin,Sulmar,watershed,E23SUM31,Watershed E23SUM31,watershed||E23SUM31,,Area of North Ladakha not draining into Indus Basin,Sulmar,430.0571,1.89,100.0
subbasin,SUM,Sulmar,subbasin||SUM,,Area of North Ladakha not draining into Indus Basin,Sulmar,watershed,E23SUM32,Watershed E23SUM32,watershed||E23SUM32,,Area of North Ladakha not draining into Indus Basin,Sulmar,861.121,3.79,100.0
subbasin,SUM,Sulmar,subbasin||SUM,,Area of North Ladakha not draining into Indus Basin,Sulmar,watershed,E23SUM33,Watershed E23SUM33,watershed||E23SUM33,,Area of North Ladakha not draining into Indus Basin,Sulmar,702.9546,3.1,100.0
subbasin,SUL,Sutlaj Lower,subbasin||SUL,,Indus (Up to border) Basin,Sutlaj Lower,watershed,A01SUL01,Watershed A01SUL01,watershed||A01SUL01,,Indus (Up to border) Basin,Sutlaj Lower,654.0834,1.66,100.0
subbasin,SUL,Sutlaj Lower,subbasin||SUL,,Indus (Up to border) Basin,Sutlaj Lower,watershed,A01SUL02,Watershed A01SUL02,watershed||A01SUL02,,Indus (Up to border) Basin,Sutlaj Lower,624.3769,1.58,100.0
subbasin,SUL,Sutlaj Lower,subbasin||SUL,,Indus (Up to border) Basin,Sutlaj Lower,watershed,A01SUL03,Watershed A01SUL03,watershed||A01SUL03,,Indus (Up to border) Basin,Sutlaj Lower,690.9356,1.75,100.0
subbasin,SUL,Sutlaj Lower,subbasin||SUL,,Indus (Up to border) Basin,Sutlaj Lower,watershed,A01SUL04,Watershed A01SUL04,watershed||A01SUL04,,Indus (Up to border) Basin,Sutlaj Lower,989.0184,2.51,100.0
subbasin,SUL,Sutlaj Lower,subbasin||SUL,,Indus (Up to border) Basin,Sutlaj Lower,watershed,A01SUL05,Watershed A01SUL05,watershed||A01SUL05,,Indus (Up to border) Basin,Sutlaj Lower,592.3398,1.5,100.0
subbasin,SUL,Sutlaj Lower,subbasin||SUL,,Indus (Up to border) Basin,Sutlaj Lower,watershed,A01SUL06,Watershed A01SUL06,watershed||A01SUL06,,Indus (Up to border) Basin,Sutlaj Lower,337.053,0.85,100.0
subbasin,SUL,Sutlaj Lower,subbasin||SUL,,Indus (Up to border) Basin,Sutlaj Lower,watershed,A01SUL07,Watershed A01SUL07,watershed||A01SUL07,,Indus (Up to border) Basin,Sutlaj Lower,825.0563,2.09,100.0
subbasin,SUL,Sutlaj Lower,subbasin||SUL,,Indus (Up to border) Basin,Sutlaj Lower,watershed,A01SUL08,Watershed A01SUL08,watershed||A01SUL08,,Indus (Up to border) Basin,Sutlaj Lower,920.0232,2.33,100.0
subbasin,SUL,Sutlaj Lower,subbasin||SUL,,Indus (Up to border) Basin,Sutlaj Lower,watershed,A01SUL09,Watershed A01SUL09,watershed||A01SUL09,,Indus (Up to border) Basin,Sutlaj Lower,734.657,1.86,100.0
subbasin,SUL,Sutlaj Lower,subbasin||SUL,,Indus (Up to border) Basin,Sutlaj Lower,watershed,A01SUL10,Watershed A01SUL10,watershed||A01SUL10,,Indus (Up to border) Basin,Sutlaj Lower,1067.4978,2.71,100.0
subbasin,SUL,Sutlaj Lower,subbasin||SUL,,Indus (Up to border) Basin,Sutlaj Lower,watershed,A01SUL11,Watershed A01SUL11,watershed||A01SUL11,,Indus (Up to border) Basin,Sutlaj Lower,1105.63,2.8,100.0
subbasin,SUL,Sutlaj Lower,subbasin||SUL,,Indus (Up to border) Basin,Sutlaj Lower,watershed,A01SUL12,Watershed A01SUL12,watershed||A01SUL12,,Indus (Up to border) Basin,Sutlaj Lower,677.265,1.72,100.0
subbasin,SUL,Sutlaj Lower,subbasin||SUL,,Indus (Up to border) Basin,Sutlaj Lower,watershed,A01SUL13,Watershed A01SUL13,watershed||A01SUL13,,Indus (Up to border) Basin,Sutlaj Lower,521.187,1.32,100.0
subbasin,SUL,Sutlaj Lower,subbasin||SUL,,Indus (Up to border) Basin,Sutlaj Lower,watershed,A01SUL14,Watershed A01SUL14,watershed||A01SUL14,,Indus (Up to border) Basin,Sutlaj Lower,850.5346,2.16,100.0
subbasin,SUL,Sutlaj Lower,subbasin||SUL,,Indus (Up to border) Basin,Sutlaj Lower,watershed,A01SUL15,Watershed A01SUL15,watershed||A01SUL15,,Indus (Up to border) Basin,Sutlaj Lower,753.8222,1.91,100.0
subbasin,SUL,Sutlaj Lower,subbasin||SUL,,Indus (Up to border) Basin,Sutlaj Lower,watershed,A01SUL16,Watershed A01SUL16,watershed||A01SUL16,,Indus (Up to border) Basin,Sutlaj Lower,627.2055,1.59,100.0
subbasin,SUL,Sutlaj Lower,subbasin||SUL,,Indus (Up to border) Basin,Sutlaj Lower,watershed,A01SUL17,Watershed A01SUL17,watershed||A01SUL17,,Indus (Up to border) Basin,Sutlaj Lower,556.6172,1.41,100.0
subbasin,SUL,Sutlaj Lower,subbasin||SUL,,Indus (Up to border) Basin,Sutlaj Lower,watershed,A01SUL18,Watershed A01SUL18,watershed||A01SUL18,,Indus (Up to border) Basin,Sutlaj Lower,507.0611,1.29,100.0
subbasin,SUL,Sutlaj Lower,subbasin||SUL,,Indus (Up to border) Basin,Sutlaj Lower,watershed,A01SUL19,Watershed A01SUL19,watershed||A01SUL19,,Indus (Up to border) Basin,Sutlaj Lower,439.0782,1.11,100.0
subbasin,SUL,Sutlaj Lower,subbasin||SUL,,Indus (Up to border) Basin,Sutlaj Lower,watershed,A01SUL20,Watershed A01SUL20,watershed||A01SUL20,,Indus (Up to border) Basin,Sutlaj Lower,396.6353,1.01,100.0
subbasin,SUL,Sutlaj Lower,subbasin||SUL,,Indus (Up to border) Basin,Sutlaj Lower,watershed,A01SUL21,Watershed A01SUL21,watershed||A01SUL21,,Indus (Up to border) Basin,Sutlaj Lower,499.1265,1.27,100.0
subbasin,SUL,Sutlaj Lower,subbasin||SUL,,Indus (Up to border) Basin,Sutlaj Lower,watershed,A01SUL22,Watershed A01SUL22,watershed||A01SUL22,,Indus (Up to border) Basin,Sutlaj Lower,669.0005,1.7,100.0
subbasin,SUL,Sutlaj Lower,subbasin||SUL,,Indus (Up to border) Basin,Sutlaj Lower,watershed,A01SUL23,Watershed A01SUL23,watershed||A01SUL23,,Indus (Up to border) Basin,Sutlaj Lower,722.279,1.83,100.0
subbasin,SUL,Sutlaj Lower,subbasin||SUL,,Indus (Up to border) Basin,Sutlaj Lower,watershed,A01SUL24,Watershed A01SUL24,watershed||A01SUL24,,Indus (Up to border) Basin,Sutlaj Lower,570.3417,1.45,100.0
subbasin,SUL,Sutlaj Lower,subbasin||SUL,,Indus (Up to border) Basin,Sutlaj Lower,watershed,A01SUL25,Watershed A01SUL25,watershed||A01SUL25,,Indus (Up to border) Basin,Sutlaj Lower,758.131,1.92,100.0
subbasin,SUL,Sutlaj Lower,subbasin||SUL,,Indus (Up to border) Basin,Sutlaj Lower,watershed,A01SUL26,Watershed A01SUL26,watershed||A01SUL26,,Indus (Up to border) Basin,Sutlaj Lower,628.5096,1.59,100.0
subbasin,SUL,Sutlaj Lower,subbasin||SUL,,Indus (Up to border) Basin,Sutlaj Lower,watershed,A01SUL27,Watershed A01SUL27,watershed||A01SUL27,,Indus (Up to border) Basin,Sutlaj Lower,996.9101,2.53,100.0
subbasin,SUL,Sutlaj Lower,subbasin||SUL,,Indus (Up to border) Basin,Sutlaj Lower,watershed,A01SUL28,Watershed A01SUL28,watershed||A01SUL28,,Indus (Up to border) Basin,Sutlaj Lower,770.9804,1.95,100.0
subbasin,SUL,Sutlaj Lower,subbasin||SUL,,Indus (Up to border) Basin,Sutlaj Lower,watershed,A01SUL29,Watershed A01SUL29,watershed||A01SUL29,,Indus (Up to border) Basin,Sutlaj Lower,806.3628,2.04,100.0
subbasin,SUL,Sutlaj Lower,subbasin||SUL,,Indus (Up to border) Basin,Sutlaj Lower,watershed,A01SUL30,Watershed A01SUL30,watershed||A01SUL30,,Indus (Up to border) Basin,Sutlaj Lower,702.2873,1.78,100.0
subbasin,SUL,Sutlaj Lower,subbasin||SUL,,Indus (Up to border) Basin,Sutlaj Lower,watershed,A01SUL31,Watershed A01SUL31,watershed||A01SUL31,,Indus (Up to border) Basin,Sutlaj Lower,828.3401,2.1,100.0
subbasin,SUL,Sutlaj Lower,subbasin||SUL,,Indus (Up to border) Basin,Sutlaj Lower,watershed,A01SUL32,Watershed A01SUL32,watershed||A01SUL32,,Indus (Up to border) Basin,Sutlaj Lower,508.255,1.29,100.0
subbasin,SUL,Sutlaj Lower,subbasin||SUL,,Indus (Up to border) Basin,Sutlaj Lower,watershed,A01SUL33,Watershed A01SUL33,watershed||A01SUL33,,Indus (Up to border) Basin,Sutlaj Lower,522.1176,1.32,100.0
subbasin,SUL,Sutlaj Lower,subbasin||SUL,,Indus (Up to border) Basin,Sutlaj Lower,watershed,A01SUL34,Watershed A01SUL34,watershed||A01SUL34,,Indus (Up to border) Basin,Sutlaj Lower,501.854,1.27,100.0
subbasin,SUL,Sutlaj Lower,subbasin||SUL,,Indus (Up to border) Basin,Sutlaj Lower,watershed,A01SUL35,Watershed A01SUL35,watershed||A01SUL35,,Indus (Up to border) Basin,Sutlaj Lower,540.8423,1.37,100.0
subbasin,SUL,Sutlaj Lower,subbasin||SUL,,Indus (Up to border) Basin,Sutlaj Lower,watershed,A01SUL36,Watershed A01SUL36,watershed||A01SUL36,,Indus (Up to border) Basin,Sutlaj Lower,853.6225,2.16,100.0
subbasin,SUL,Sutlaj Lower,subbasin||SUL,,Indus (Up to border) Basin,Sutlaj Lower,watershed,A01SUL37,Watershed A01SUL37,watershed||A01SUL37,,Indus (Up to border) Basin,Sutlaj Lower,869.9024,2.2,100.0
subbasin,SUL,Sutlaj Lower,subbasin||SUL,,Indus (Up to border) Basin,Sutlaj Lower,watershed,A01SUL38,Watershed A01SUL38,watershed||A01SUL38,,Indus (Up to border) Basin,Sutlaj Lower,415.6851,1.05,100.0
subbasin,SUL,Sutlaj Lower,subbasin||SUL,,Indus (Up to border) Basin,Sutlaj Lower,watershed,A01SUL39,Watershed A01SUL39,watershed||A01SUL39,,Indus (Up to border) Basin,Sutlaj Lower,393.2055,1.0,100.0
subbasin,SUL,Sutlaj Lower,subbasin||SUL,,Indus (Up to border) Basin,Sutlaj Lower,watershed,A01SUL40,Watershed A01SUL40,watershed||A01SUL40,,Indus (Up to border) Basin,Sutlaj Lower,675.4656,1.71,100.0
subbasin,SUL,Sutlaj Lower,subbasin||SUL,,Indus (Up to border) Basin,Sutlaj Lower,watershed,A01SUL41,Watershed A01SUL41,watershed||A01SUL41,,Indus (Up to border) Basin,Sutlaj Lower,597.7278,1.52,100.0
subbasin,SUL,Sutlaj Lower,subbasin||SUL,,Indus (Up to border) Basin,Sutlaj Lower,watershed,A01SUL42,Watershed A01SUL42,watershed||A01SUL42,,Indus (Up to border) Basin,Sutlaj Lower,470.7441,1.19,100.0
subbasin,SUL,Sutlaj Lower,subbasin||SUL,,Indus (Up to border) Basin,Sutlaj Lower,watershed,A01SUL43,Watershed A01SUL43,watershed||A01SUL43,,Indus (Up to border) Basin,Sutlaj Lower,356.78,0.9,100.0
subbasin,SUL,Sutlaj Lower,subbasin||SUL,,Indus (Up to border) Basin,Sutlaj Lower,watershed,A01SUL44,Watershed A01SUL44,watershed||A01SUL44,,Indus (Up to border) Basin,Sutlaj Lower,895.1834,2.27,100.0
subbasin,SUL,Sutlaj Lower,subbasin||SUL,,Indus (Up to border) Basin,Sutlaj Lower,watershed,A01SUL45,Watershed A01SUL45,watershed||A01SUL45,,Indus (Up to border) Basin,Sutlaj Lower,439.8915,1.11,100.0
subbasin,SUL,Sutlaj Lower,subbasin||SUL,,Indus (Up to border) Basin,Sutlaj Lower,watershed,A01SUL46,Watershed A01SUL46,watershed||A01SUL46,,Indus (Up to border) Basin,Sutlaj Lower,938.799,2.38,100.0
subbasin,SUL,Sutlaj Lower,subbasin||SUL,,Indus (Up to border) Basin,Sutlaj Lower,watershed,A01SUL47,Watershed A01SUL47,watershed||A01SUL47,,Indus (Up to border) Basin,Sutlaj Lower,1027.0991,2.6,100.0
subbasin,SUL,Sutlaj Lower,subbasin||SUL,,Indus (Up to border) Basin,Sutlaj Lower,watershed,A01SUL48,Watershed A01SUL48,watershed||A01SUL48,,Indus (Up to border) Basin,Sutlaj Lower,569.7037,1.44,100.0
subbasin,SUL,Sutlaj Lower,subbasin||SUL,,Indus (Up to border) Basin,Sutlaj Lower,watershed,A01SUL49,Watershed A01SUL49,watershed||A01SUL49,,Indus (Up to border) Basin,Sutlaj Lower,839.0625,2.13,100.0
subbasin,SUL,Sutlaj Lower,subbasin||SUL,,Indus (Up to border) Basin,Sutlaj Lower,watershed,A01SUL50,Watershed A01SUL50,watershed||A01SUL50,,Indus (Up to border) Basin,Sutlaj Lower,541.8643,1.37,100.0
subbasin,SUL,Sutlaj Lower,subbasin||SUL,,Indus (Up to border) Basin,Sutlaj Lower,watershed,A01SUL51,Watershed A01SUL51,watershed||A01SUL51,,Indus (Up to border) Basin,Sutlaj Lower,779.0203,1.97,100.0
subbasin,SUL,Sutlaj Lower,subbasin||SUL,,Indus (Up to border) Basin,Sutlaj Lower,watershed,A01SUL52,Watershed A01SUL52,watershed||A01SUL52,,Indus (Up to border) Basin,Sutlaj Lower,728.385,1.85,100.0
subbasin,SUL,Sutlaj Lower,subbasin||SUL,,Indus (Up to border) Basin,Sutlaj Lower,watershed,A01SUL53,Watershed A01SUL53,watershed||A01SUL53,,Indus (Up to border) Basin,Sutlaj Lower,363.2084,0.92,100.0
subbasin,SUL,Sutlaj Lower,subbasin||SUL,,Indus (Up to border) Basin,Sutlaj Lower,watershed,A01SUL54,Watershed A01SUL54,watershed||A01SUL54,,Indus (Up to border) Basin,Sutlaj Lower,748.0826,1.9,100.0
subbasin,SUL,Sutlaj Lower,subbasin||SUL,,Indus (Up to border) Basin,Sutlaj Lower,watershed,A01SUL55,Watershed A01SUL55,watershed||A01SUL55,,Indus (Up to border) Basin,Sutlaj Lower,566.4684,1.44,100.0
subbasin,SUL,Sutlaj Lower,subbasin||SUL,,Indus (Up to border) Basin,Sutlaj Lower,watershed,A01SUL56,Watershed A01SUL56,watershed||A01SUL56,,Indus (Up to border) Basin,Sutlaj Lower,1335.0734,3.38,100.0
subbasin,SUL,Sutlaj Lower,subbasin||SUL,,Indus (Up to border) Basin,Sutlaj Lower,watershed,A01SUL57,Watershed A01SUL57,watershed||A01SUL57,,Indus (Up to border) Basin,Sutlaj Lower,491.3209,1.25,100.0
subbasin,SUL,Sutlaj Lower,subbasin||SUL,,Indus (Up to border) Basin,Sutlaj Lower,watershed,A01SUL58,Watershed A01SUL58,watershed||A01SUL58,,Indus (Up to border) Basin,Sutlaj Lower,660.7722,1.67,100.0
subbasin,SUU,Sutlaj Upper,subbasin||SUU,,Indus (Up to border) Basin,Sutlaj Upper,watershed,A01SUU01,Watershed A01SUU01,watershed||A01SUU01,,Indus (Up to border) Basin,Sutlaj Upper,584.4771,2.67,100.0
subbasin,SUU,Sutlaj Upper,subbasin||SUU,,Indus (Up to border) Basin,Sutlaj Upper,watershed,A01SUU02,Watershed A01SUU02,watershed||A01SUU02,,Indus (Up to border) Basin,Sutlaj Upper,621.5674,2.84,100.0
subbasin,SUU,Sutlaj Upper,subbasin||SUU,,Indus (Up to border) Basin,Sutlaj Upper,watershed,A01SUU03,Watershed A01SUU03,watershed||A01SUU03,,Indus (Up to border) Basin,Sutlaj Upper,388.7733,1.78,100.0
subbasin,SUU,Sutlaj Upper,subbasin||SUU,,Indus (Up to border) Basin,Sutlaj Upper,watershed,A01SUU04,Watershed A01SUU04,watershed||A01SUU04,,Indus (Up to border) Basin,Sutlaj Upper,736.7996,3.37,100.0
subbasin,SUU,Sutlaj Upper,subbasin||SUU,,Indus (Up to border) Basin,Sutlaj Upper,watershed,A01SUU05,Watershed A01SUU05,watershed||A01SUU05,,Indus (Up to border) Basin,Sutlaj Upper,911.2831,4.17,100.0
subbasin,SUU,Sutlaj Upper,subbasin||SUU,,Indus (Up to border) Basin,Sutlaj Upper,watershed,A01SUU06,Watershed A01SUU06,watershed||A01SUU06,,Indus (Up to border) Basin,Sutlaj Upper,967.2076,4.42,100.0
subbasin,SUU,Sutlaj Upper,subbasin||SUU,,Indus (Up to border) Basin,Sutlaj Upper,watershed,A01SUU07,Watershed A01SUU07,watershed||A01SUU07,,Indus (Up to border) Basin,Sutlaj Upper,575.9953,2.63,100.0
subbasin,SUU,Sutlaj Upper,subbasin||SUU,,Indus (Up to border) Basin,Sutlaj Upper,watershed,A01SUU08,Watershed A01SUU08,watershed||A01SUU08,,Indus (Up to border) Basin,Sutlaj Upper,507.8224,2.32,100.0
subbasin,SUU,Sutlaj Upper,subbasin||SUU,,Indus (Up to border) Basin,Sutlaj Upper,watershed,A01SUU09,Watershed A01SUU09,watershed||A01SUU09,,Indus (Up to border) Basin,Sutlaj Upper,907.0374,4.15,100.0
subbasin,SUU,Sutlaj Upper,subbasin||SUU,,Indus (Up to border) Basin,Sutlaj Upper,watershed,A01SUU10,Watershed A01SUU10,watershed||A01SUU10,,Indus (Up to border) Basin,Sutlaj Upper,552.345,2.53,100.0
subbasin,SUU,Sutlaj Upper,subbasin||SUU,,Indus (Up to border) Basin,Sutlaj Upper,watershed,A01SUU11,Watershed A01SUU11,watershed||A01SUU11,,Indus (Up to border) Basin,Sutlaj Upper,583.2895,2.67,100.0
subbasin,SUU,Sutlaj Upper,subbasin||SUU,,Indus (Up to border) Basin,Sutlaj Upper,watershed,A01SUU12,Watershed A01SUU12,watershed||A01SUU12,,Indus (Up to border) Basin,Sutlaj Upper,569.6364,2.6,100.0
subbasin,SUU,Sutlaj Upper,subbasin||SUU,,Indus (Up to border) Basin,Sutlaj Upper,watershed,A01SUU13,Watershed A01SUU13,watershed||A01SUU13,,Indus (Up to border) Basin,Sutlaj Upper,737.0486,3.37,100.0
subbasin,SUU,Sutlaj Upper,subbasin||SUU,,Indus (Up to border) Basin,Sutlaj Upper,watershed,A01SUU14,Watershed A01SUU14,watershed||A01SUU14,,Indus (Up to border) Basin,Sutlaj Upper,970.27,4.44,100.0
subbasin,SUU,Sutlaj Upper,subbasin||SUU,,Indus (Up to border) Basin,Sutlaj Upper,watershed,A01SUU15,Watershed A01SUU15,watershed||A01SUU15,,Indus (Up to border) Basin,Sutlaj Upper,669.1147,3.06,100.0
subbasin,SUU,Sutlaj Upper,subbasin||SUU,,Indus (Up to border) Basin,Sutlaj Upper,watershed,A01SUU16,Watershed A01SUU16,watershed||A01SUU16,,Indus (Up to border) Basin,Sutlaj Upper,483.8502,2.21,100.0
subbasin,SUU,Sutlaj Upper,subbasin||SUU,,Indus (Up to border) Basin,Sutlaj Upper,watershed,A01SUU17,Watershed A01SUU17,watershed||A01SUU17,,Indus (Up to border) Basin,Sutlaj Upper,793.5098,3.63,100.0
subbasin,SUU,Sutlaj Upper,subbasin||SUU,,Indus (Up to border) Basin,Sutlaj Upper,watershed,A01SUU18,Watershed A01SUU18,watershed||A01SUU18,,Indus (Up to border) Basin,Sutlaj Upper,518.0904,2.37,100.0
subbasin,SUU,Sutlaj Upper,subbasin||SUU,,Indus (Up to border) Basin,Sutlaj Upper,watershed,A01SUU19,Watershed A01SUU19,watershed||A01SUU19,,Indus (Up to border) Basin,Sutlaj Upper,852.2755,3.9,100.0
subbasin,SUU,Sutlaj Upper,subbasin||SUU,,Indus (Up to border) Basin,Sutlaj Upper,watershed,A01SUU20,Watershed A01SUU20,watershed||A01SUU20,,Indus (Up to border) Basin,Sutlaj Upper,738.8832,3.38,100.0
subbasin,SUU,Sutlaj Upper,subbasin||SUU,,Indus (Up to border) Basin,Sutlaj Upper,watershed,A01SUU21,Watershed A01SUU21,watershed||A01SUU21,,Indus (Up to border) Basin,Sutlaj Upper,860.1305,3.93,100.0
subbasin,SUU,Sutlaj Upper,subbasin||SUU,,Indus (Up to border) Basin,Sutlaj Upper,watershed,A01SUU22,Watershed A01SUU22,watershed||A01SUU22,,Indus (Up to border) Basin,Sutlaj Upper,855.2213,3.91,100.0
subbasin,SUU,Sutlaj Upper,subbasin||SUU,,Indus (Up to border) Basin,Sutlaj Upper,watershed,A01SUU23,Watershed A01SUU23,watershed||A01SUU23,,Indus (Up to border) Basin,Sutlaj Upper,913.2192,4.18,100.0
subbasin,SUU,Sutlaj Upper,subbasin||SUU,,Indus (Up to border) Basin,Sutlaj Upper,watershed,A01SUU24,Watershed A01SUU24,watershed||A01SUU24,,Indus (Up to border) Basin,Sutlaj Upper,831.1058,3.8,100.0
subbasin,SUU,Sutlaj Upper,subbasin||SUU,,Indus (Up to border) Basin,Sutlaj Upper,watershed,A01SUU25,Watershed A01SUU25,watershed||A01SUU25,,Indus (Up to border) Basin,Sutlaj Upper,721.1467,3.3,100.0
subbasin,SUU,Sutlaj Upper,subbasin||SUU,,Indus (Up to border) Basin,Sutlaj Upper,watershed,A01SUU26,Watershed A01SUU26,watershed||A01SUU26,,Indus (Up to border) Basin,Sutlaj Upper,849.8292,3.89,100.0
subbasin,SUU,Sutlaj Upper,subbasin||SUU,,Indus (Up to border) Basin,Sutlaj Upper,watershed,A01SUU27,Watershed A01SUU27,watershed||A01SUU27,,Indus (Up to border) Basin,Sutlaj Upper,614.9905,2.81,100.0
subbasin,SUU,Sutlaj Upper,subbasin||SUU,,Indus (Up to border) Basin,Sutlaj Upper,watershed,A01SUU28,Watershed A01SUU28,watershed||A01SUU28,,Indus (Up to border) Basin,Sutlaj Upper,482.5543,2.21,100.0
subbasin,SUU,Sutlaj Upper,subbasin||SUU,,Indus (Up to border) Basin,Sutlaj Upper,watershed,A01SUU29,Watershed A01SUU29,watershed||A01SUU29,,Indus (Up to border) Basin,Sutlaj Upper,648.2262,2.96,100.0
subbasin,SUU,Sutlaj Upper,subbasin||SUU,,Indus (Up to border) Basin,Sutlaj Upper,watershed,A01SUU30,Watershed A01SUU30,watershed||A01SUU30,,Indus (Up to border) Basin,Sutlaj Upper,693.1808,3.17,100.0
subbasin,SUU,Sutlaj Upper,subbasin||SUU,,Indus (Up to border) Basin,Sutlaj Upper,watershed,A01SUU31,Watershed A01SUU31,watershed||A01SUU31,,Indus (Up to border) Basin,Sutlaj Upper,728.1845,3.33,100.0
subbasin,TAL,Tapi Lower,subbasin||TAL,,Tapi Basin,Tapi Lower,watershed,B13TAL01,Watershed B13TAL01,watershed||B13TAL01,,Tapi Basin,Tapi Lower,755.2888,20.11,100.0
subbasin,TAL,Tapi Lower,subbasin||TAL,,Tapi Basin,Tapi Lower,watershed,B13TAL02,Watershed B13TAL02,watershed||B13TAL02,,Tapi Basin,Tapi Lower,565.3392,15.05,100.0
subbasin,TAL,Tapi Lower,subbasin||TAL,,Tapi Basin,Tapi Lower,watershed,B13TAL03,Watershed B13TAL03,watershed||B13TAL03,,Tapi Basin,Tapi Lower,531.8957,14.16,100.0
subbasin,TAL,Tapi Lower,subbasin||TAL,,Tapi Basin,Tapi Lower,watershed,B13TAL04,Watershed B13TAL04,watershed||B13TAL04,,Tapi Basin,Tapi Lower,811.6601,21.61,100.0
subbasin,TAL,Tapi Lower,subbasin||TAL,,Tapi Basin,Tapi Lower,watershed,B13TAL05,Watershed B13TAL05,watershed||B13TAL05,,Tapi Basin,Tapi Lower,516.1957,13.75,99.87
subbasin,TAL,Tapi Lower,subbasin||TAL,,Tapi Basin,Tapi Lower,watershed,B13TAL06,Watershed B13TAL06,watershed||B13TAL06,,Tapi Basin,Tapi Lower,575.0128,15.31,99.61
subbasin,TAM,Tapi Middle,subbasin||TAM,,Tapi Basin,Tapi Middle,watershed,B13TAM01,Watershed B13TAM01,watershed||B13TAM01,,Tapi Basin,Tapi Middle,412.7182,1.25,100.0
subbasin,TAM,Tapi Middle,subbasin||TAM,,Tapi Basin,Tapi Middle,watershed,B13TAM02,Watershed B13TAM02,watershed||B13TAM02,,Tapi Basin,Tapi Middle,521.5809,1.58,100.0
subbasin,TAM,Tapi Middle,subbasin||TAM,,Tapi Basin,Tapi Middle,watershed,B13TAM03,Watershed B13TAM03,watershed||B13TAM03,,Tapi Basin,Tapi Middle,750.0312,2.28,100.0
subbasin,TAM,Tapi Middle,subbasin||TAM,,Tapi Basin,Tapi Middle,watershed,B13TAM04,Watershed B13TAM04,watershed||B13TAM04,,Tapi Basin,Tapi Middle,856.1731,2.6,100.0
subbasin,TAM,Tapi Middle,subbasin||TAM,,Tapi Basin,Tapi Middle,watershed,B13TAM05,Watershed B13TAM05,watershed||B13TAM05,,Tapi Basin,Tapi Middle,867.7212,2.63,100.0
subbasin,TAM,Tapi Middle,subbasin||TAM,,Tapi Basin,Tapi Middle,watershed,B13TAM06,Watershed B13TAM06,watershed||B13TAM06,,Tapi Basin,Tapi Middle,822.4787,2.5,100.0
subbasin,TAM,Tapi Middle,subbasin||TAM,,Tapi Basin,Tapi Middle,watershed,B13TAM07,Watershed B13TAM07,watershed||B13TAM07,,Tapi Basin,Tapi Middle,796.5121,2.42,100.0
subbasin,TAM,Tapi Middle,subbasin||TAM,,Tapi Basin,Tapi Middle,watershed,B13TAM08,Watershed B13TAM08,watershed||B13TAM08,,Tapi Basin,Tapi Middle,925.0934,2.81,100.0
subbasin,TAM,Tapi Middle,subbasin||TAM,,Tapi Basin,Tapi Middle,watershed,B13TAM09,Watershed B13TAM09,watershed||B13TAM09,,Tapi Basin,Tapi Middle,398.0392,1.21,100.0
subbasin,TAM,Tapi Middle,subbasin||TAM,,Tapi Basin,Tapi Middle,watershed,B13TAM10,Watershed B13TAM10,watershed||B13TAM10,,Tapi Basin,Tapi Middle,542.8649,1.65,100.0
subbasin,TAM,Tapi Middle,subbasin||TAM,,Tapi Basin,Tapi Middle,watershed,B13TAM11,Watershed B13TAM11,watershed||B13TAM11,,Tapi Basin,Tapi Middle,901.0352,2.73,100.0
subbasin,TAM,Tapi Middle,subbasin||TAM,,Tapi Basin,Tapi Middle,watershed,B13TAM12,Watershed B13TAM12,watershed||B13TAM12,,Tapi Basin,Tapi Middle,734.4307,2.23,100.0
subbasin,TAM,Tapi Middle,subbasin||TAM,,Tapi Basin,Tapi Middle,watershed,B13TAM13,Watershed B13TAM13,watershed||B13TAM13,,Tapi Basin,Tapi Middle,473.858,1.44,100.0
subbasin,TAM,Tapi Middle,subbasin||TAM,,Tapi Basin,Tapi Middle,watershed,B13TAM14,Watershed B13TAM14,watershed||B13TAM14,,Tapi Basin,Tapi Middle,600.5678,1.82,100.0
subbasin,TAM,Tapi Middle,subbasin||TAM,,Tapi Basin,Tapi Middle,watershed,B13TAM15,Watershed B13TAM15,watershed||B13TAM15,,Tapi Basin,Tapi Middle,911.8503,2.77,100.0
subbasin,TAM,Tapi Middle,subbasin||TAM,,Tapi Basin,Tapi Middle,watershed,B13TAM16,Watershed B13TAM16,watershed||B13TAM16,,Tapi Basin,Tapi Middle,576.1659,1.75,100.0
subbasin,TAM,Tapi Middle,subbasin||TAM,,Tapi Basin,Tapi Middle,watershed,B13TAM17,Watershed B13TAM17,watershed||B13TAM17,,Tapi Basin,Tapi Middle,425.6082,1.29,100.0
subbasin,TAM,Tapi Middle,subbasin||TAM,,Tapi Basin,Tapi Middle,watershed,B13TAM18,Watershed B13TAM18,watershed||B13TAM18,,Tapi Basin,Tapi Middle,539.707,1.64,100.0
subbasin,TAM,Tapi Middle,subbasin||TAM,,Tapi Basin,Tapi Middle,watershed,B13TAM19,Watershed B13TAM19,watershed||B13TAM19,,Tapi Basin,Tapi Middle,491.645,1.49,100.0
subbasin,TAM,Tapi Middle,subbasin||TAM,,Tapi Basin,Tapi Middle,watershed,B13TAM20,Watershed B13TAM20,watershed||B13TAM20,,Tapi Basin,Tapi Middle,934.9689,2.84,100.0
subbasin,TAM,Tapi Middle,subbasin||TAM,,Tapi Basin,Tapi Middle,watershed,B13TAM21,Watershed B13TAM21,watershed||B13TAM21,,Tapi Basin,Tapi Middle,623.1614,1.89,100.0
subbasin,TAM,Tapi Middle,subbasin||TAM,,Tapi Basin,Tapi Middle,watershed,B13TAM22,Watershed B13TAM22,watershed||B13TAM22,,Tapi Basin,Tapi Middle,379.3156,1.15,100.0
subbasin,TAM,Tapi Middle,subbasin||TAM,,Tapi Basin,Tapi Middle,watershed,B13TAM23,Watershed B13TAM23,watershed||B13TAM23,,Tapi Basin,Tapi Middle,727.5142,2.21,100.0
subbasin,TAM,Tapi Middle,subbasin||TAM,,Tapi Basin,Tapi Middle,watershed,B13TAM24,Watershed B13TAM24,watershed||B13TAM24,,Tapi Basin,Tapi Middle,523.0659,1.59,100.0
subbasin,TAM,Tapi Middle,subbasin||TAM,,Tapi Basin,Tapi Middle,watershed,B13TAM25,Watershed B13TAM25,watershed||B13TAM25,,Tapi Basin,Tapi Middle,837.5296,2.54,100.0
subbasin,TAM,Tapi Middle,subbasin||TAM,,Tapi Basin,Tapi Middle,watershed,B13TAM26,Watershed B13TAM26,watershed||B13TAM26,,Tapi Basin,Tapi Middle,587.4467,1.78,100.0
subbasin,TAM,Tapi Middle,subbasin||TAM,,Tapi Basin,Tapi Middle,watershed,B13TAM27,Watershed B13TAM27,watershed||B13TAM27,,Tapi Basin,Tapi Middle,960.1325,2.91,100.0
subbasin,TAM,Tapi Middle,subbasin||TAM,,Tapi Basin,Tapi Middle,watershed,B13TAM28,Watershed B13TAM28,watershed||B13TAM28,,Tapi Basin,Tapi Middle,640.3696,1.94,100.0
subbasin,TAM,Tapi Middle,subbasin||TAM,,Tapi Basin,Tapi Middle,watershed,B13TAM29,Watershed B13TAM29,watershed||B13TAM29,,Tapi Basin,Tapi Middle,754.1836,2.29,100.0
subbasin,TAM,Tapi Middle,subbasin||TAM,,Tapi Basin,Tapi Middle,watershed,B13TAM30,Watershed B13TAM30,watershed||B13TAM30,,Tapi Basin,Tapi Middle,746.5503,2.27,100.0
subbasin,TAM,Tapi Middle,subbasin||TAM,,Tapi Basin,Tapi Middle,watershed,B13TAM31,Watershed B13TAM31,watershed||B13TAM31,,Tapi Basin,Tapi Middle,379.5331,1.15,100.0
subbasin,TAM,Tapi Middle,subbasin||TAM,,Tapi Basin,Tapi Middle,watershed,B13TAM32,Watershed B13TAM32,watershed||B13TAM32,,Tapi Basin,Tapi Middle,972.231,2.95,100.0
subbasin,TAM,Tapi Middle,subbasin||TAM,,Tapi Basin,Tapi Middle,watershed,B13TAM33,Watershed B13TAM33,watershed||B13TAM33,,Tapi Basin,Tapi Middle,883.8221,2.68,100.0
subbasin,TAM,Tapi Middle,subbasin||TAM,,Tapi Basin,Tapi Middle,watershed,B13TAM34,Watershed B13TAM34,watershed||B13TAM34,,Tapi Basin,Tapi Middle,777.7064,2.36,100.0
subbasin,TAM,Tapi Middle,subbasin||TAM,,Tapi Basin,Tapi Middle,watershed,B13TAM35,Watershed B13TAM35,watershed||B13TAM35,,Tapi Basin,Tapi Middle,864.3929,2.62,100.0
subbasin,TAM,Tapi Middle,subbasin||TAM,,Tapi Basin,Tapi Middle,watershed,B13TAM36,Watershed B13TAM36,watershed||B13TAM36,,Tapi Basin,Tapi Middle,854.8618,2.59,100.0
subbasin,TAM,Tapi Middle,subbasin||TAM,,Tapi Basin,Tapi Middle,watershed,B13TAM37,Watershed B13TAM37,watershed||B13TAM37,,Tapi Basin,Tapi Middle,876.9765,2.66,100.0
subbasin,TAM,Tapi Middle,subbasin||TAM,,Tapi Basin,Tapi Middle,watershed,B13TAM38,Watershed B13TAM38,watershed||B13TAM38,,Tapi Basin,Tapi Middle,551.1631,1.67,100.0
subbasin,TAM,Tapi Middle,subbasin||TAM,,Tapi Basin,Tapi Middle,watershed,B13TAM39,Watershed B13TAM39,watershed||B13TAM39,,Tapi Basin,Tapi Middle,819.1348,2.49,100.0
subbasin,TAM,Tapi Middle,subbasin||TAM,,Tapi Basin,Tapi Middle,watershed,B13TAM40,Watershed B13TAM40,watershed||B13TAM40,,Tapi Basin,Tapi Middle,941.7832,2.86,100.0
subbasin,TAM,Tapi Middle,subbasin||TAM,,Tapi Basin,Tapi Middle,watershed,B13TAM41,Watershed B13TAM41,watershed||B13TAM41,,Tapi Basin,Tapi Middle,438.3653,1.33,100.0
subbasin,TAM,Tapi Middle,subbasin||TAM,,Tapi Basin,Tapi Middle,watershed,B13TAM42,Watershed B13TAM42,watershed||B13TAM42,,Tapi Basin,Tapi Middle,785.6987,2.38,100.0
subbasin,TAM,Tapi Middle,subbasin||TAM,,Tapi Basin,Tapi Middle,watershed,B13TAM43,Watershed B13TAM43,watershed||B13TAM43,,Tapi Basin,Tapi Middle,820.4146,2.49,100.0
subbasin,TAM,Tapi Middle,subbasin||TAM,,Tapi Basin,Tapi Middle,watershed,B13TAM44,Watershed B13TAM44,watershed||B13TAM44,,Tapi Basin,Tapi Middle,652.6211,1.98,100.0
subbasin,TAM,Tapi Middle,subbasin||TAM,,Tapi Basin,Tapi Middle,watershed,B13TAM45,Watershed B13TAM45,watershed||B13TAM45,,Tapi Basin,Tapi Middle,453.6297,1.38,100.0
subbasin,TAM,Tapi Middle,subbasin||TAM,,Tapi Basin,Tapi Middle,watershed,B13TAM46,Watershed B13TAM46,watershed||B13TAM46,,Tapi Basin,Tapi Middle,694.2067,2.11,100.0
subbasin,TAM,Tapi Middle,subbasin||TAM,,Tapi Basin,Tapi Middle,watershed,B13TAM47,Watershed B13TAM47,watershed||B13TAM47,,Tapi Basin,Tapi Middle,920.9602,2.8,100.0
subbasin,TAU,Tapi Upper,subbasin||TAU,,Tapi Basin,Tapi Upper,watershed,B13TAU01,Watershed B13TAU01,watershed||B13TAU01,,Tapi Basin,Tapi Upper,749.1164,2.57,100.0
subbasin,TAU,Tapi Upper,subbasin||TAU,,Tapi Basin,Tapi Upper,watershed,B13TAU02,Watershed B13TAU02,watershed||B13TAU02,,Tapi Basin,Tapi Upper,735.9735,2.53,100.0
subbasin,TAU,Tapi Upper,subbasin||TAU,,Tapi Basin,Tapi Upper,watershed,B13TAU03,Watershed B13TAU03,watershed||B13TAU03,,Tapi Basin,Tapi Upper,800.462,2.75,100.0
subbasin,TAU,Tapi Upper,subbasin||TAU,,Tapi Basin,Tapi Upper,watershed,B13TAU04,Watershed B13TAU04,watershed||B13TAU04,,Tapi Basin,Tapi Upper,775.1776,2.66,100.0
subbasin,TAU,Tapi Upper,subbasin||TAU,,Tapi Basin,Tapi Upper,watershed,B13TAU05,Watershed B13TAU05,watershed||B13TAU05,,Tapi Basin,Tapi Upper,342.4127,1.18,100.0
subbasin,TAU,Tapi Upper,subbasin||TAU,,Tapi Basin,Tapi Upper,watershed,B13TAU06,Watershed B13TAU06,watershed||B13TAU06,,Tapi Basin,Tapi Upper,542.3996,1.86,100.0
subbasin,TAU,Tapi Upper,subbasin||TAU,,Tapi Basin,Tapi Upper,watershed,B13TAU07,Watershed B13TAU07,watershed||B13TAU07,,Tapi Basin,Tapi Upper,556.9972,1.91,100.0
subbasin,TAU,Tapi Upper,subbasin||TAU,,Tapi Basin,Tapi Upper,watershed,B13TAU08,Watershed B13TAU08,watershed||B13TAU08,,Tapi Basin,Tapi Upper,900.9479,3.1,100.0
subbasin,TAU,Tapi Upper,subbasin||TAU,,Tapi Basin,Tapi Upper,watershed,B13TAU09,Watershed B13TAU09,watershed||B13TAU09,,Tapi Basin,Tapi Upper,588.6669,2.02,100.0
subbasin,TAU,Tapi Upper,subbasin||TAU,,Tapi Basin,Tapi Upper,watershed,B13TAU10,Watershed B13TAU10,watershed||B13TAU10,,Tapi Basin,Tapi Upper,819.4833,2.82,100.0
subbasin,TAU,Tapi Upper,subbasin||TAU,,Tapi Basin,Tapi Upper,watershed,B13TAU11,Watershed B13TAU11,watershed||B13TAU11,,Tapi Basin,Tapi Upper,610.3944,2.1,100.0
subbasin,TAU,Tapi Upper,subbasin||TAU,,Tapi Basin,Tapi Upper,watershed,B13TAU12,Watershed B13TAU12,watershed||B13TAU12,,Tapi Basin,Tapi Upper,372.3755,1.28,100.0
subbasin,TAU,Tapi Upper,subbasin||TAU,,Tapi Basin,Tapi Upper,watershed,B13TAU13,Watershed B13TAU13,watershed||B13TAU13,,Tapi Basin,Tapi Upper,519.3268,1.78,100.0
subbasin,TAU,Tapi Upper,subbasin||TAU,,Tapi Basin,Tapi Upper,watershed,B13TAU14,Watershed B13TAU14,watershed||B13TAU14,,Tapi Basin,Tapi Upper,664.4834,2.28,100.0
subbasin,TAU,Tapi Upper,subbasin||TAU,,Tapi Basin,Tapi Upper,watershed,B13TAU15,Watershed B13TAU15,watershed||B13TAU15,,Tapi Basin,Tapi Upper,642.3398,2.21,100.0
subbasin,TAU,Tapi Upper,subbasin||TAU,,Tapi Basin,Tapi Upper,watershed,B13TAU16,Watershed B13TAU16,watershed||B13TAU16,,Tapi Basin,Tapi Upper,433.2923,1.49,100.0
subbasin,TAU,Tapi Upper,subbasin||TAU,,Tapi Basin,Tapi Upper,watershed,B13TAU17,Watershed B13TAU17,watershed||B13TAU17,,Tapi Basin,Tapi Upper,536.3742,1.84,100.0
subbasin,TAU,Tapi Upper,subbasin||TAU,,Tapi Basin,Tapi Upper,watershed,B13TAU18,Watershed B13TAU18,watershed||B13TAU18,,Tapi Basin,Tapi Upper,918.7374,3.16,100.0
subbasin,TAU,Tapi Upper,subbasin||TAU,,Tapi Basin,Tapi Upper,watershed,B13TAU19,Watershed B13TAU19,watershed||B13TAU19,,Tapi Basin,Tapi Upper,506.3707,1.74,100.0
subbasin,TAU,Tapi Upper,subbasin||TAU,,Tapi Basin,Tapi Upper,watershed,B13TAU20,Watershed B13TAU20,watershed||B13TAU20,,Tapi Basin,Tapi Upper,722.194,2.48,100.0
subbasin,TAU,Tapi Upper,subbasin||TAU,,Tapi Basin,Tapi Upper,watershed,B13TAU21,Watershed B13TAU21,watershed||B13TAU21,,Tapi Basin,Tapi Upper,607.6445,2.09,100.0
subbasin,TAU,Tapi Upper,subbasin||TAU,,Tapi Basin,Tapi Upper,watershed,B13TAU22,Watershed B13TAU22,watershed||B13TAU22,,Tapi Basin,Tapi Upper,619.1863,2.13,100.0
subbasin,TAU,Tapi Upper,subbasin||TAU,,Tapi Basin,Tapi Upper,watershed,B13TAU23,Watershed B13TAU23,watershed||B13TAU23,,Tapi Basin,Tapi Upper,524.3185,1.8,100.0
subbasin,TAU,Tapi Upper,subbasin||TAU,,Tapi Basin,Tapi Upper,watershed,B13TAU24,Watershed B13TAU24,watershed||B13TAU24,,Tapi Basin,Tapi Upper,746.2898,2.56,100.0
subbasin,TAU,Tapi Upper,subbasin||TAU,,Tapi Basin,Tapi Upper,watershed,B13TAU25,Watershed B13TAU25,watershed||B13TAU25,,Tapi Basin,Tapi Upper,475.7706,1.64,100.0
subbasin,TAU,Tapi Upper,subbasin||TAU,,Tapi Basin,Tapi Upper,watershed,B13TAU26,Watershed B13TAU26,watershed||B13TAU26,,Tapi Basin,Tapi Upper,827.8882,2.85,100.0
subbasin,TAU,Tapi Upper,subbasin||TAU,,Tapi Basin,Tapi Upper,watershed,B13TAU27,Watershed B13TAU27,watershed||B13TAU27,,Tapi Basin,Tapi Upper,681.1597,2.34,100.0
subbasin,TAU,Tapi Upper,subbasin||TAU,,Tapi Basin,Tapi Upper,watershed,B13TAU28,Watershed B13TAU28,watershed||B13TAU28,,Tapi Basin,Tapi Upper,856.8305,2.94,100.0
subbasin,TAU,Tapi Upper,subbasin||TAU,,Tapi Basin,Tapi Upper,watershed,B13TAU29,Watershed B13TAU29,watershed||B13TAU29,,Tapi Basin,Tapi Upper,584.6817,2.01,100.0
subbasin,TAU,Tapi Upper,subbasin||TAU,,Tapi Basin,Tapi Upper,watershed,B13TAU30,Watershed B13TAU30,watershed||B13TAU30,,Tapi Basin,Tapi Upper,637.8021,2.19,100.0
subbasin,TAU,Tapi Upper,subbasin||TAU,,Tapi Basin,Tapi Upper,watershed,B13TAU31,Watershed B13TAU31,watershed||B13TAU31,,Tapi Basin,Tapi Upper,676.3888,2.32,100.0
subbasin,TAU,Tapi Upper,subbasin||TAU,,Tapi Basin,Tapi Upper,watershed,B13TAU32,Watershed B13TAU32,watershed||B13TAU32,,Tapi Basin,Tapi Upper,563.9026,1.94,100.0
subbasin,TAU,Tapi Upper,subbasin||TAU,,Tapi Basin,Tapi Upper,watershed,B13TAU33,Watershed B13TAU33,watershed||B13TAU33,,Tapi Basin,Tapi Upper,488.7259,1.68,100.0
subbasin,TAU,Tapi Upper,subbasin||TAU,,Tapi Basin,Tapi Upper,watershed,B13TAU34,Watershed B13TAU34,watershed||B13TAU34,,Tapi Basin,Tapi Upper,969.0557,3.33,100.0
subbasin,TAU,Tapi Upper,subbasin||TAU,,Tapi Basin,Tapi Upper,watershed,B13TAU35,Watershed B13TAU35,watershed||B13TAU35,,Tapi Basin,Tapi Upper,719.3728,2.47,100.0
subbasin,TAU,Tapi Upper,subbasin||TAU,,Tapi Basin,Tapi Upper,watershed,B13TAU36,Watershed B13TAU36,watershed||B13TAU36,,Tapi Basin,Tapi Upper,731.6329,2.51,100.0
subbasin,TAU,Tapi Upper,subbasin||TAU,,Tapi Basin,Tapi Upper,watershed,B13TAU37,Watershed B13TAU37,watershed||B13TAU37,,Tapi Basin,Tapi Upper,972.3269,3.34,100.0
subbasin,TAU,Tapi Upper,subbasin||TAU,,Tapi Basin,Tapi Upper,watershed,B13TAU38,Watershed B13TAU38,watershed||B13TAU38,,Tapi Basin,Tapi Upper,704.062,2.42,100.0
subbasin,TAU,Tapi Upper,subbasin||TAU,,Tapi Basin,Tapi Upper,watershed,B13TAU39,Watershed B13TAU39,watershed||B13TAU39,,Tapi Basin,Tapi Upper,574.3419,1.97,100.0
subbasin,TAU,Tapi Upper,subbasin||TAU,,Tapi Basin,Tapi Upper,watershed,B13TAU40,Watershed B13TAU40,watershed||B13TAU40,,Tapi Basin,Tapi Upper,779.6626,2.68,100.0
subbasin,TAU,Tapi Upper,subbasin||TAU,,Tapi Basin,Tapi Upper,watershed,B13TAU41,Watershed B13TAU41,watershed||B13TAU41,,Tapi Basin,Tapi Upper,512.1656,1.76,100.0
subbasin,TAU,Tapi Upper,subbasin||TAU,,Tapi Basin,Tapi Upper,watershed,B13TAU42,Watershed B13TAU42,watershed||B13TAU42,,Tapi Basin,Tapi Upper,333.921,1.15,100.0
subbasin,TAU,Tapi Upper,subbasin||TAU,,Tapi Basin,Tapi Upper,watershed,B13TAU43,Watershed B13TAU43,watershed||B13TAU43,,Tapi Basin,Tapi Upper,342.9015,1.18,100.0
subbasin,TAU,Tapi Upper,subbasin||TAU,,Tapi Basin,Tapi Upper,watershed,B13TAU44,Watershed B13TAU44,watershed||B13TAU44,,Tapi Basin,Tapi Upper,550.5876,1.89,100.0
subbasin,TAU,Tapi Upper,subbasin||TAU,,Tapi Basin,Tapi Upper,watershed,B13TAU45,Watershed B13TAU45,watershed||B13TAU45,,Tapi Basin,Tapi Upper,450.4787,1.55,100.0
subbasin,TAU,Tapi Upper,subbasin||TAU,,Tapi Basin,Tapi Upper,watershed,B13TAU46,Watershed B13TAU46,watershed||B13TAU46,,Tapi Basin,Tapi Upper,428.9606,1.47,100.0
subbasin,TON,Tons,subbasin||TON,,Ganga Basin,Tons,watershed,C2ATON01,Watershed C2ATON01,watershed||C2ATON01,,Ganga Basin,Tons,671.5294,3.82,100.0
subbasin,TON,Tons,subbasin||TON,,Ganga Basin,Tons,watershed,C2ATON02,Watershed C2ATON02,watershed||C2ATON02,,Ganga Basin,Tons,826.2349,4.7,100.0
subbasin,TON,Tons,subbasin||TON,,Ganga Basin,Tons,watershed,C2ATON03,Watershed C2ATON03,watershed||C2ATON03,,Ganga Basin,Tons,944.1583,5.37,100.0
subbasin,TON,Tons,subbasin||TON,,Ganga Basin,Tons,watershed,C2ATON04,Watershed C2ATON04,watershed||C2ATON04,,Ganga Basin,Tons,637.1149,3.62,100.0
subbasin,TON,Tons,subbasin||TON,,Ganga Basin,Tons,watershed,C2ATON05,Watershed C2ATON05,watershed||C2ATON05,,Ganga Basin,Tons,875.5614,4.98,100.0
subbasin,TON,Tons,subbasin||TON,,Ganga Basin,Tons,watershed,C2ATON06,Watershed C2ATON06,watershed||C2ATON06,,Ganga Basin,Tons,650.9737,3.7,100.0
subbasin,TON,Tons,subbasin||TON,,Ganga Basin,Tons,watershed,C2ATON07,Watershed C2ATON07,watershed||C2ATON07,,Ganga Basin,Tons,1220.34,6.94,100.0
subbasin,TON,Tons,subbasin||TON,,Ganga Basin,Tons,watershed,C2ATON08,Watershed C2ATON08,watershed||C2ATON08,,Ganga Basin,Tons,460.0847,2.62,100.0
subbasin,TON,Tons,subbasin||TON,,Ganga Basin,Tons,watershed,C2ATON09,Watershed C2ATON09,watershed||C2ATON09,,Ganga Basin,Tons,896.9121,5.1,100.0
subbasin,TON,Tons,subbasin||TON,,Ganga Basin,Tons,watershed,C2ATON10,Watershed C2ATON10,watershed||C2ATON10,,Ganga Basin,Tons,722.756,4.11,100.0
subbasin,TON,Tons,subbasin||TON,,Ganga Basin,Tons,watershed,C2ATON11,Watershed C2ATON11,watershed||C2ATON11,,Ganga Basin,Tons,513.632,2.92,100.0
subbasin,TON,Tons,subbasin||TON,,Ganga Basin,Tons,watershed,C2ATON12,Watershed C2ATON12,watershed||C2ATON12,,Ganga Basin,Tons,931.4092,5.3,100.0
subbasin,TON,Tons,subbasin||TON,,Ganga Basin,Tons,watershed,C2ATON13,Watershed C2ATON13,watershed||C2ATON13,,Ganga Basin,Tons,777.9542,4.43,100.0
subbasin,TON,Tons,subbasin||TON,,Ganga Basin,Tons,watershed,C2ATON14,Watershed C2ATON14,watershed||C2ATON14,,Ganga Basin,Tons,927.1208,5.27,100.0
subbasin,TON,Tons,subbasin||TON,,Ganga Basin,Tons,watershed,C2ATON15,Watershed C2ATON15,watershed||C2ATON15,,Ganga Basin,Tons,551.9215,3.14,100.0
subbasin,TON,Tons,subbasin||TON,,Ganga Basin,Tons,watershed,C2ATON16,Watershed C2ATON16,watershed||C2ATON16,,Ganga Basin,Tons,820.6171,4.67,100.0
subbasin,TON,Tons,subbasin||TON,,Ganga Basin,Tons,watershed,C2ATON17,Watershed C2ATON17,watershed||C2ATON17,,Ganga Basin,Tons,797.5439,4.54,100.0
subbasin,TON,Tons,subbasin||TON,,Ganga Basin,Tons,watershed,C2ATON18,Watershed C2ATON18,watershed||C2ATON18,,Ganga Basin,Tons,938.8559,5.34,100.0
subbasin,TON,Tons,subbasin||TON,,Ganga Basin,Tons,watershed,C2ATON19,Watershed C2ATON19,watershed||C2ATON19,,Ganga Basin,Tons,485.173,2.76,100.0
subbasin,TON,Tons,subbasin||TON,,Ganga Basin,Tons,watershed,C2ATON20,Watershed C2ATON20,watershed||C2ATON20,,Ganga Basin,Tons,953.1269,5.42,100.0
subbasin,TON,Tons,subbasin||TON,,Ganga Basin,Tons,watershed,C2ATON21,Watershed C2ATON21,watershed||C2ATON21,,Ganga Basin,Tons,686.3091,3.9,100.0
subbasin,TON,Tons,subbasin||TON,,Ganga Basin,Tons,watershed,C2ATON22,Watershed C2ATON22,watershed||C2ATON22,,Ganga Basin,Tons,582.1745,3.31,100.0
subbasin,TON,Tons,subbasin||TON,,Ganga Basin,Tons,watershed,C2ATON23,Watershed C2ATON23,watershed||C2ATON23,,Ganga Basin,Tons,708.9385,4.03,100.0
subbasin,TUL,Tungabhadra Lower,subbasin||TUL,,Krishna Basin,Tungabhadra Lower,watershed,C04TUL01,Watershed C04TUL01,watershed||C04TUL01,,Krishna Basin,Tungabhadra Lower,840.9025,1.99,100.0
subbasin,TUL,Tungabhadra Lower,subbasin||TUL,,Krishna Basin,Tungabhadra Lower,watershed,C04TUL02,Watershed C04TUL02,watershed||C04TUL02,,Krishna Basin,Tungabhadra Lower,729.1555,1.73,100.0
subbasin,TUL,Tungabhadra Lower,subbasin||TUL,,Krishna Basin,Tungabhadra Lower,watershed,C04TUL03,Watershed C04TUL03,watershed||C04TUL03,,Krishna Basin,Tungabhadra Lower,865.5757,2.05,100.0
subbasin,TUL,Tungabhadra Lower,subbasin||TUL,,Krishna Basin,Tungabhadra Lower,watershed,C04TUL04,Watershed C04TUL04,watershed||C04TUL04,,Krishna Basin,Tungabhadra Lower,837.0185,1.99,100.0
subbasin,TUL,Tungabhadra Lower,subbasin||TUL,,Krishna Basin,Tungabhadra Lower,watershed,C04TUL05,Watershed C04TUL05,watershed||C04TUL05,,Krishna Basin,Tungabhadra Lower,973.458,2.31,100.0
subbasin,TUL,Tungabhadra Lower,subbasin||TUL,,Krishna Basin,Tungabhadra Lower,watershed,C04TUL06,Watershed C04TUL06,watershed||C04TUL06,,Krishna Basin,Tungabhadra Lower,693.456,1.64,100.0
subbasin,TUL,Tungabhadra Lower,subbasin||TUL,,Krishna Basin,Tungabhadra Lower,watershed,C04TUL07,Watershed C04TUL07,watershed||C04TUL07,,Krishna Basin,Tungabhadra Lower,503.9847,1.2,100.0
subbasin,TUL,Tungabhadra Lower,subbasin||TUL,,Krishna Basin,Tungabhadra Lower,watershed,C04TUL08,Watershed C04TUL08,watershed||C04TUL08,,Krishna Basin,Tungabhadra Lower,979.1085,2.32,100.0
subbasin,TUL,Tungabhadra Lower,subbasin||TUL,,Krishna Basin,Tungabhadra Lower,watershed,C04TUL09,Watershed C04TUL09,watershed||C04TUL09,,Krishna Basin,Tungabhadra Lower,880.4826,2.09,100.0
subbasin,TUL,Tungabhadra Lower,subbasin||TUL,,Krishna Basin,Tungabhadra Lower,watershed,C04TUL10,Watershed C04TUL10,watershed||C04TUL10,,Krishna Basin,Tungabhadra Lower,543.7899,1.29,100.0
subbasin,TUL,Tungabhadra Lower,subbasin||TUL,,Krishna Basin,Tungabhadra Lower,watershed,C04TUL11,Watershed C04TUL11,watershed||C04TUL11,,Krishna Basin,Tungabhadra Lower,511.4399,1.21,100.0
subbasin,TUL,Tungabhadra Lower,subbasin||TUL,,Krishna Basin,Tungabhadra Lower,watershed,C04TUL12,Watershed C04TUL12,watershed||C04TUL12,,Krishna Basin,Tungabhadra Lower,772.9997,1.83,100.0
subbasin,TUL,Tungabhadra Lower,subbasin||TUL,,Krishna Basin,Tungabhadra Lower,watershed,C04TUL13,Watershed C04TUL13,watershed||C04TUL13,,Krishna Basin,Tungabhadra Lower,863.262,2.05,100.0
subbasin,TUL,Tungabhadra Lower,subbasin||TUL,,Krishna Basin,Tungabhadra Lower,watershed,C04TUL14,Watershed C04TUL14,watershed||C04TUL14,,Krishna Basin,Tungabhadra Lower,816.0324,1.94,100.0
subbasin,TUL,Tungabhadra Lower,subbasin||TUL,,Krishna Basin,Tungabhadra Lower,watershed,C04TUL15,Watershed C04TUL15,watershed||C04TUL15,,Krishna Basin,Tungabhadra Lower,697.1148,1.65,100.0
subbasin,TUL,Tungabhadra Lower,subbasin||TUL,,Krishna Basin,Tungabhadra Lower,watershed,C04TUL16,Watershed C04TUL16,watershed||C04TUL16,,Krishna Basin,Tungabhadra Lower,913.9379,2.17,100.0
subbasin,TUL,Tungabhadra Lower,subbasin||TUL,,Krishna Basin,Tungabhadra Lower,watershed,C04TUL17,Watershed C04TUL17,watershed||C04TUL17,,Krishna Basin,Tungabhadra Lower,964.5903,2.29,100.0
subbasin,TUL,Tungabhadra Lower,subbasin||TUL,,Krishna Basin,Tungabhadra Lower,watershed,C04TUL18,Watershed C04TUL18,watershed||C04TUL18,,Krishna Basin,Tungabhadra Lower,737.6734,1.75,100.0
subbasin,TUL,Tungabhadra Lower,subbasin||TUL,,Krishna Basin,Tungabhadra Lower,watershed,C04TUL19,Watershed C04TUL19,watershed||C04TUL19,,Krishna Basin,Tungabhadra Lower,404.1897,0.96,100.0
subbasin,TUL,Tungabhadra Lower,subbasin||TUL,,Krishna Basin,Tungabhadra Lower,watershed,C04TUL20,Watershed C04TUL20,watershed||C04TUL20,,Krishna Basin,Tungabhadra Lower,815.9184,1.94,100.0
subbasin,TUL,Tungabhadra Lower,subbasin||TUL,,Krishna Basin,Tungabhadra Lower,watershed,C04TUL21,Watershed C04TUL21,watershed||C04TUL21,,Krishna Basin,Tungabhadra Lower,480.6927,1.14,100.0
subbasin,TUL,Tungabhadra Lower,subbasin||TUL,,Krishna Basin,Tungabhadra Lower,watershed,C04TUL22,Watershed C04TUL22,watershed||C04TUL22,,Krishna Basin,Tungabhadra Lower,740.2182,1.76,100.0
subbasin,TUL,Tungabhadra Lower,subbasin||TUL,,Krishna Basin,Tungabhadra Lower,watershed,C04TUL23,Watershed C04TUL23,watershed||C04TUL23,,Krishna Basin,Tungabhadra Lower,933.0858,2.21,100.0
subbasin,TUL,Tungabhadra Lower,subbasin||TUL,,Krishna Basin,Tungabhadra Lower,watershed,C04TUL24,Watershed C04TUL24,watershed||C04TUL24,,Krishna Basin,Tungabhadra Lower,759.8171,1.8,100.0
subbasin,TUL,Tungabhadra Lower,subbasin||TUL,,Krishna Basin,Tungabhadra Lower,watershed,C04TUL25,Watershed C04TUL25,watershed||C04TUL25,,Krishna Basin,Tungabhadra Lower,856.2492,2.03,100.0
subbasin,TUL,Tungabhadra Lower,subbasin||TUL,,Krishna Basin,Tungabhadra Lower,watershed,C04TUL26,Watershed C04TUL26,watershed||C04TUL26,,Krishna Basin,Tungabhadra Lower,576.4321,1.37,100.0
subbasin,TUL,Tungabhadra Lower,subbasin||TUL,,Krishna Basin,Tungabhadra Lower,watershed,C04TUL27,Watershed C04TUL27,watershed||C04TUL27,,Krishna Basin,Tungabhadra Lower,970.934,2.3,100.0
subbasin,TUL,Tungabhadra Lower,subbasin||TUL,,Krishna Basin,Tungabhadra Lower,watershed,C04TUL28,Watershed C04TUL28,watershed||C04TUL28,,Krishna Basin,Tungabhadra Lower,981.7743,2.33,100.0
subbasin,TUL,Tungabhadra Lower,subbasin||TUL,,Krishna Basin,Tungabhadra Lower,watershed,C04TUL29,Watershed C04TUL29,watershed||C04TUL29,,Krishna Basin,Tungabhadra Lower,556.3792,1.32,100.0
subbasin,TUL,Tungabhadra Lower,subbasin||TUL,,Krishna Basin,Tungabhadra Lower,watershed,C04TUL30,Watershed C04TUL30,watershed||C04TUL30,,Krishna Basin,Tungabhadra Lower,634.1202,1.5,100.0
subbasin,TUL,Tungabhadra Lower,subbasin||TUL,,Krishna Basin,Tungabhadra Lower,watershed,C04TUL31,Watershed C04TUL31,watershed||C04TUL31,,Krishna Basin,Tungabhadra Lower,601.5765,1.43,100.0
subbasin,TUL,Tungabhadra Lower,subbasin||TUL,,Krishna Basin,Tungabhadra Lower,watershed,C04TUL32,Watershed C04TUL32,watershed||C04TUL32,,Krishna Basin,Tungabhadra Lower,992.6345,2.35,100.0
subbasin,TUL,Tungabhadra Lower,subbasin||TUL,,Krishna Basin,Tungabhadra Lower,watershed,C04TUL33,Watershed C04TUL33,watershed||C04TUL33,,Krishna Basin,Tungabhadra Lower,725.7827,1.72,100.0
subbasin,TUL,Tungabhadra Lower,subbasin||TUL,,Krishna Basin,Tungabhadra Lower,watershed,C04TUL34,Watershed C04TUL34,watershed||C04TUL34,,Krishna Basin,Tungabhadra Lower,458.8228,1.09,100.0
subbasin,TUL,Tungabhadra Lower,subbasin||TUL,,Krishna Basin,Tungabhadra Lower,watershed,C04TUL35,Watershed C04TUL35,watershed||C04TUL35,,Krishna Basin,Tungabhadra Lower,565.8803,1.34,100.0
subbasin,TUL,Tungabhadra Lower,subbasin||TUL,,Krishna Basin,Tungabhadra Lower,watershed,C04TUL36,Watershed C04TUL36,watershed||C04TUL36,,Krishna Basin,Tungabhadra Lower,404.0416,0.96,100.0
subbasin,TUL,Tungabhadra Lower,subbasin||TUL,,Krishna Basin,Tungabhadra Lower,watershed,C04TUL37,Watershed C04TUL37,watershed||C04TUL37,,Krishna Basin,Tungabhadra Lower,799.4542,1.9,100.0
subbasin,TUL,Tungabhadra Lower,subbasin||TUL,,Krishna Basin,Tungabhadra Lower,watershed,C04TUL38,Watershed C04TUL38,watershed||C04TUL38,,Krishna Basin,Tungabhadra Lower,763.2173,1.81,100.0
subbasin,TUL,Tungabhadra Lower,subbasin||TUL,,Krishna Basin,Tungabhadra Lower,watershed,C04TUL39,Watershed C04TUL39,watershed||C04TUL39,,Krishna Basin,Tungabhadra Lower,659.4131,1.56,100.0
subbasin,TUL,Tungabhadra Lower,subbasin||TUL,,Krishna Basin,Tungabhadra Lower,watershed,C04TUL40,Watershed C04TUL40,watershed||C04TUL40,,Krishna Basin,Tungabhadra Lower,513.1692,1.22,100.0
subbasin,TUL,Tungabhadra Lower,subbasin||TUL,,Krishna Basin,Tungabhadra Lower,watershed,C04TUL41,Watershed C04TUL41,watershed||C04TUL41,,Krishna Basin,Tungabhadra Lower,880.9006,2.09,100.0
subbasin,TUL,Tungabhadra Lower,subbasin||TUL,,Krishna Basin,Tungabhadra Lower,watershed,C04TUL42,Watershed C04TUL42,watershed||C04TUL42,,Krishna Basin,Tungabhadra Lower,482.2695,1.14,100.0
subbasin,TUL,Tungabhadra Lower,subbasin||TUL,,Krishna Basin,Tungabhadra Lower,watershed,C04TUL43,Watershed C04TUL43,watershed||C04TUL43,,Krishna Basin,Tungabhadra Lower,791.3569,1.88,100.0
subbasin,TUL,Tungabhadra Lower,subbasin||TUL,,Krishna Basin,Tungabhadra Lower,watershed,C04TUL44,Watershed C04TUL44,watershed||C04TUL44,,Krishna Basin,Tungabhadra Lower,722.2465,1.71,100.0
subbasin,TUL,Tungabhadra Lower,subbasin||TUL,,Krishna Basin,Tungabhadra Lower,watershed,C04TUL45,Watershed C04TUL45,watershed||C04TUL45,,Krishna Basin,Tungabhadra Lower,669.5252,1.59,100.0
subbasin,TUL,Tungabhadra Lower,subbasin||TUL,,Krishna Basin,Tungabhadra Lower,watershed,C04TUL46,Watershed C04TUL46,watershed||C04TUL46,,Krishna Basin,Tungabhadra Lower,713.245,1.69,100.0
subbasin,TUL,Tungabhadra Lower,subbasin||TUL,,Krishna Basin,Tungabhadra Lower,watershed,C04TUL47,Watershed C04TUL47,watershed||C04TUL47,,Krishna Basin,Tungabhadra Lower,629.9882,1.49,100.0
subbasin,TUL,Tungabhadra Lower,subbasin||TUL,,Krishna Basin,Tungabhadra Lower,watershed,C04TUL48,Watershed C04TUL48,watershed||C04TUL48,,Krishna Basin,Tungabhadra Lower,558.3101,1.32,100.0
subbasin,TUL,Tungabhadra Lower,subbasin||TUL,,Krishna Basin,Tungabhadra Lower,watershed,C04TUL49,Watershed C04TUL49,watershed||C04TUL49,,Krishna Basin,Tungabhadra Lower,507.3456,1.2,100.0
subbasin,TUL,Tungabhadra Lower,subbasin||TUL,,Krishna Basin,Tungabhadra Lower,watershed,C04TUL50,Watershed C04TUL50,watershed||C04TUL50,,Krishna Basin,Tungabhadra Lower,365.0006,0.87,100.0
subbasin,TUL,Tungabhadra Lower,subbasin||TUL,,Krishna Basin,Tungabhadra Lower,watershed,C04TUL51,Watershed C04TUL51,watershed||C04TUL51,,Krishna Basin,Tungabhadra Lower,510.1683,1.21,100.0
subbasin,TUL,Tungabhadra Lower,subbasin||TUL,,Krishna Basin,Tungabhadra Lower,watershed,C04TUL52,Watershed C04TUL52,watershed||C04TUL52,,Krishna Basin,Tungabhadra Lower,440.3206,1.04,100.0
subbasin,TUL,Tungabhadra Lower,subbasin||TUL,,Krishna Basin,Tungabhadra Lower,watershed,C04TUL53,Watershed C04TUL53,watershed||C04TUL53,,Krishna Basin,Tungabhadra Lower,847.4765,2.01,100.0
subbasin,TUL,Tungabhadra Lower,subbasin||TUL,,Krishna Basin,Tungabhadra Lower,watershed,C04TUL54,Watershed C04TUL54,watershed||C04TUL54,,Krishna Basin,Tungabhadra Lower,636.049,1.51,100.0
subbasin,TUL,Tungabhadra Lower,subbasin||TUL,,Krishna Basin,Tungabhadra Lower,watershed,C04TUL55,Watershed C04TUL55,watershed||C04TUL55,,Krishna Basin,Tungabhadra Lower,873.7034,2.07,100.0
subbasin,TUL,Tungabhadra Lower,subbasin||TUL,,Krishna Basin,Tungabhadra Lower,watershed,C04TUL56,Watershed C04TUL56,watershed||C04TUL56,,Krishna Basin,Tungabhadra Lower,989.3972,2.35,100.0
subbasin,TUL,Tungabhadra Lower,subbasin||TUL,,Krishna Basin,Tungabhadra Lower,watershed,C04TUL57,Watershed C04TUL57,watershed||C04TUL57,,Krishna Basin,Tungabhadra Lower,838.4064,1.99,100.0
subbasin,TUL,Tungabhadra Lower,subbasin||TUL,,Krishna Basin,Tungabhadra Lower,watershed,C04TUL58,Watershed C04TUL58,watershed||C04TUL58,,Krishna Basin,Tungabhadra Lower,856.6786,2.03,100.0
subbasin,TUL,Tungabhadra Lower,subbasin||TUL,,Krishna Basin,Tungabhadra Lower,watershed,C04TUL59,Watershed C04TUL59,watershed||C04TUL59,,Krishna Basin,Tungabhadra Lower,527.1061,1.25,100.0
subbasin,TUU,Tungabhadra Upper,subbasin||TUU,,Krishna Basin,Tungabhadra Upper,watershed,C04TUU01,Watershed C04TUU01,watershed||C04TUU01,,Krishna Basin,Tungabhadra Upper,511.1307,1.77,100.0
subbasin,TUU,Tungabhadra Upper,subbasin||TUU,,Krishna Basin,Tungabhadra Upper,watershed,C04TUU02,Watershed C04TUU02,watershed||C04TUU02,,Krishna Basin,Tungabhadra Upper,605.1672,2.1,100.0
subbasin,TUU,Tungabhadra Upper,subbasin||TUU,,Krishna Basin,Tungabhadra Upper,watershed,C04TUU03,Watershed C04TUU03,watershed||C04TUU03,,Krishna Basin,Tungabhadra Upper,930.2651,3.22,100.0
subbasin,TUU,Tungabhadra Upper,subbasin||TUU,,Krishna Basin,Tungabhadra Upper,watershed,C04TUU04,Watershed C04TUU04,watershed||C04TUU04,,Krishna Basin,Tungabhadra Upper,815.0372,2.82,100.0
subbasin,TUU,Tungabhadra Upper,subbasin||TUU,,Krishna Basin,Tungabhadra Upper,watershed,C04TUU05,Watershed C04TUU05,watershed||C04TUU05,,Krishna Basin,Tungabhadra Upper,562.2673,1.95,100.0
subbasin,TUU,Tungabhadra Upper,subbasin||TUU,,Krishna Basin,Tungabhadra Upper,watershed,C04TUU06,Watershed C04TUU06,watershed||C04TUU06,,Krishna Basin,Tungabhadra Upper,640.6154,2.22,100.0
subbasin,TUU,Tungabhadra Upper,subbasin||TUU,,Krishna Basin,Tungabhadra Upper,watershed,C04TUU07,Watershed C04TUU07,watershed||C04TUU07,,Krishna Basin,Tungabhadra Upper,764.5217,2.65,100.0
subbasin,TUU,Tungabhadra Upper,subbasin||TUU,,Krishna Basin,Tungabhadra Upper,watershed,C04TUU08,Watershed C04TUU08,watershed||C04TUU08,,Krishna Basin,Tungabhadra Upper,707.8388,2.45,100.0
subbasin,TUU,Tungabhadra Upper,subbasin||TUU,,Krishna Basin,Tungabhadra Upper,watershed,C04TUU09,Watershed C04TUU09,watershed||C04TUU09,,Krishna Basin,Tungabhadra Upper,860.767,2.98,100.0
subbasin,TUU,Tungabhadra Upper,subbasin||TUU,,Krishna Basin,Tungabhadra Upper,watershed,C04TUU10,Watershed C04TUU10,watershed||C04TUU10,,Krishna Basin,Tungabhadra Upper,842.4685,2.92,100.0
subbasin,TUU,Tungabhadra Upper,subbasin||TUU,,Krishna Basin,Tungabhadra Upper,watershed,C04TUU11,Watershed C04TUU11,watershed||C04TUU11,,Krishna Basin,Tungabhadra Upper,525.2482,1.82,100.0
subbasin,TUU,Tungabhadra Upper,subbasin||TUU,,Krishna Basin,Tungabhadra Upper,watershed,C04TUU12,Watershed C04TUU12,watershed||C04TUU12,,Krishna Basin,Tungabhadra Upper,418.3275,1.45,100.0
subbasin,TUU,Tungabhadra Upper,subbasin||TUU,,Krishna Basin,Tungabhadra Upper,watershed,C04TUU13,Watershed C04TUU13,watershed||C04TUU13,,Krishna Basin,Tungabhadra Upper,765.0635,2.65,100.0
subbasin,TUU,Tungabhadra Upper,subbasin||TUU,,Krishna Basin,Tungabhadra Upper,watershed,C04TUU14,Watershed C04TUU14,watershed||C04TUU14,,Krishna Basin,Tungabhadra Upper,484.3809,1.68,100.0
subbasin,TUU,Tungabhadra Upper,subbasin||TUU,,Krishna Basin,Tungabhadra Upper,watershed,C04TUU15,Watershed C04TUU15,watershed||C04TUU15,,Krishna Basin,Tungabhadra Upper,698.3949,2.42,100.0
subbasin,TUU,Tungabhadra Upper,subbasin||TUU,,Krishna Basin,Tungabhadra Upper,watershed,C04TUU16,Watershed C04TUU16,watershed||C04TUU16,,Krishna Basin,Tungabhadra Upper,673.8043,2.33,100.0
subbasin,TUU,Tungabhadra Upper,subbasin||TUU,,Krishna Basin,Tungabhadra Upper,watershed,C04TUU17,Watershed C04TUU17,watershed||C04TUU17,,Krishna Basin,Tungabhadra Upper,557.0262,1.93,100.0
subbasin,TUU,Tungabhadra Upper,subbasin||TUU,,Krishna Basin,Tungabhadra Upper,watershed,C04TUU18,Watershed C04TUU18,watershed||C04TUU18,,Krishna Basin,Tungabhadra Upper,648.7133,2.25,100.0
subbasin,TUU,Tungabhadra Upper,subbasin||TUU,,Krishna Basin,Tungabhadra Upper,watershed,C04TUU19,Watershed C04TUU19,watershed||C04TUU19,,Krishna Basin,Tungabhadra Upper,671.7269,2.33,100.0
subbasin,TUU,Tungabhadra Upper,subbasin||TUU,,Krishna Basin,Tungabhadra Upper,watershed,C04TUU20,Watershed C04TUU20,watershed||C04TUU20,,Krishna Basin,Tungabhadra Upper,887.7852,3.08,100.0
subbasin,TUU,Tungabhadra Upper,subbasin||TUU,,Krishna Basin,Tungabhadra Upper,watershed,C04TUU21,Watershed C04TUU21,watershed||C04TUU21,,Krishna Basin,Tungabhadra Upper,514.9139,1.78,100.0
subbasin,TUU,Tungabhadra Upper,subbasin||TUU,,Krishna Basin,Tungabhadra Upper,watershed,C04TUU22,Watershed C04TUU22,watershed||C04TUU22,,Krishna Basin,Tungabhadra Upper,832.5517,2.88,100.0
subbasin,TUU,Tungabhadra Upper,subbasin||TUU,,Krishna Basin,Tungabhadra Upper,watershed,C04TUU23,Watershed C04TUU23,watershed||C04TUU23,,Krishna Basin,Tungabhadra Upper,570.0026,1.97,100.0
subbasin,TUU,Tungabhadra Upper,subbasin||TUU,,Krishna Basin,Tungabhadra Upper,watershed,C04TUU24,Watershed C04TUU24,watershed||C04TUU24,,Krishna Basin,Tungabhadra Upper,714.2557,2.47,100.0
subbasin,TUU,Tungabhadra Upper,subbasin||TUU,,Krishna Basin,Tungabhadra Upper,watershed,C04TUU25,Watershed C04TUU25,watershed||C04TUU25,,Krishna Basin,Tungabhadra Upper,595.5857,2.06,100.0
subbasin,TUU,Tungabhadra Upper,subbasin||TUU,,Krishna Basin,Tungabhadra Upper,watershed,C04TUU26,Watershed C04TUU26,watershed||C04TUU26,,Krishna Basin,Tungabhadra Upper,771.4247,2.67,100.0
subbasin,TUU,Tungabhadra Upper,subbasin||TUU,,Krishna Basin,Tungabhadra Upper,watershed,C04TUU27,Watershed C04TUU27,watershed||C04TUU27,,Krishna Basin,Tungabhadra Upper,453.0559,1.57,100.0
subbasin,TUU,Tungabhadra Upper,subbasin||TUU,,Krishna Basin,Tungabhadra Upper,watershed,C04TUU28,Watershed C04TUU28,watershed||C04TUU28,,Krishna Basin,Tungabhadra Upper,746.0231,2.58,100.0
subbasin,TUU,Tungabhadra Upper,subbasin||TUU,,Krishna Basin,Tungabhadra Upper,watershed,C04TUU29,Watershed C04TUU29,watershed||C04TUU29,,Krishna Basin,Tungabhadra Upper,566.1135,1.96,100.0
subbasin,TUU,Tungabhadra Upper,subbasin||TUU,,Krishna Basin,Tungabhadra Upper,watershed,C04TUU30,Watershed C04TUU30,watershed||C04TUU30,,Krishna Basin,Tungabhadra Upper,659.4214,2.28,100.0
subbasin,TUU,Tungabhadra Upper,subbasin||TUU,,Krishna Basin,Tungabhadra Upper,watershed,C04TUU31,Watershed C04TUU31,watershed||C04TUU31,,Krishna Basin,Tungabhadra Upper,749.4037,2.6,100.0
subbasin,TUU,Tungabhadra Upper,subbasin||TUU,,Krishna Basin,Tungabhadra Upper,watershed,C04TUU32,Watershed C04TUU32,watershed||C04TUU32,,Krishna Basin,Tungabhadra Upper,432.3163,1.5,100.0
subbasin,TUU,Tungabhadra Upper,subbasin||TUU,,Krishna Basin,Tungabhadra Upper,watershed,C04TUU33,Watershed C04TUU33,watershed||C04TUU33,,Krishna Basin,Tungabhadra Upper,578.4547,2.0,100.0
subbasin,TUU,Tungabhadra Upper,subbasin||TUU,,Krishna Basin,Tungabhadra Upper,watershed,C04TUU34,Watershed C04TUU34,watershed||C04TUU34,,Krishna Basin,Tungabhadra Upper,810.8212,2.81,100.0
subbasin,TUU,Tungabhadra Upper,subbasin||TUU,,Krishna Basin,Tungabhadra Upper,watershed,C04TUU35,Watershed C04TUU35,watershed||C04TUU35,,Krishna Basin,Tungabhadra Upper,936.3902,3.24,100.0
subbasin,TUU,Tungabhadra Upper,subbasin||TUU,,Krishna Basin,Tungabhadra Upper,watershed,C04TUU36,Watershed C04TUU36,watershed||C04TUU36,,Krishna Basin,Tungabhadra Upper,391.1323,1.35,100.0
subbasin,TUU,Tungabhadra Upper,subbasin||TUU,,Krishna Basin,Tungabhadra Upper,watershed,C04TUU37,Watershed C04TUU37,watershed||C04TUU37,,Krishna Basin,Tungabhadra Upper,582.6095,2.02,100.0
subbasin,TUU,Tungabhadra Upper,subbasin||TUU,,Krishna Basin,Tungabhadra Upper,watershed,C04TUU38,Watershed C04TUU38,watershed||C04TUU38,,Krishna Basin,Tungabhadra Upper,354.0945,1.23,100.0
subbasin,TUU,Tungabhadra Upper,subbasin||TUU,,Krishna Basin,Tungabhadra Upper,watershed,C04TUU39,Watershed C04TUU39,watershed||C04TUU39,,Krishna Basin,Tungabhadra Upper,337.2444,1.17,100.0
subbasin,TUU,Tungabhadra Upper,subbasin||TUU,,Krishna Basin,Tungabhadra Upper,watershed,C04TUU40,Watershed C04TUU40,watershed||C04TUU40,,Krishna Basin,Tungabhadra Upper,516.802,1.79,100.0
subbasin,TUU,Tungabhadra Upper,subbasin||TUU,,Krishna Basin,Tungabhadra Upper,watershed,C04TUU41,Watershed C04TUU41,watershed||C04TUU41,,Krishna Basin,Tungabhadra Upper,486.189,1.68,100.0
subbasin,TUU,Tungabhadra Upper,subbasin||TUU,,Krishna Basin,Tungabhadra Upper,watershed,C04TUU42,Watershed C04TUU42,watershed||C04TUU42,,Krishna Basin,Tungabhadra Upper,535.0075,1.85,100.0
subbasin,TUU,Tungabhadra Upper,subbasin||TUU,,Krishna Basin,Tungabhadra Upper,watershed,C04TUU43,Watershed C04TUU43,watershed||C04TUU43,,Krishna Basin,Tungabhadra Upper,750.0474,2.6,100.0
subbasin,TUU,Tungabhadra Upper,subbasin||TUU,,Krishna Basin,Tungabhadra Upper,watershed,C04TUU44,Watershed C04TUU44,watershed||C04TUU44,,Krishna Basin,Tungabhadra Upper,656.2832,2.27,100.0
subbasin,TUU,Tungabhadra Upper,subbasin||TUU,,Krishna Basin,Tungabhadra Upper,watershed,C04TUU45,Watershed C04TUU45,watershed||C04TUU45,,Krishna Basin,Tungabhadra Upper,756.5634,2.62,100.0
subbasin,UIN,Upper Indus,subbasin||UIN,,Indus (Up to border) Basin,Upper Indus,watershed,A01UIN01,Watershed A01UIN01,watershed||A01UIN01,,Indus (Up to border) Basin,Upper Indus,599.9265,1.28,100.0
subbasin,UIN,Upper Indus,subbasin||UIN,,Indus (Up to border) Basin,Upper Indus,watershed,A01UIN02,Watershed A01UIN02,watershed||A01UIN02,,Indus (Up to border) Basin,Upper Indus,586.9931,1.25,100.0
subbasin,UIN,Upper Indus,subbasin||UIN,,Indus (Up to border) Basin,Upper Indus,watershed,A01UIN03,Watershed A01UIN03,watershed||A01UIN03,,Indus (Up to border) Basin,Upper Indus,698.6195,1.49,100.0
subbasin,UIN,Upper Indus,subbasin||UIN,,Indus (Up to border) Basin,Upper Indus,watershed,A01UIN04,Watershed A01UIN04,watershed||A01UIN04,,Indus (Up to border) Basin,Upper Indus,695.5869,1.48,100.0
subbasin,UIN,Upper Indus,subbasin||UIN,,Indus (Up to border) Basin,Upper Indus,watershed,A01UIN05,Watershed A01UIN05,watershed||A01UIN05,,Indus (Up to border) Basin,Upper Indus,448.9174,0.96,100.0
subbasin,UIN,Upper Indus,subbasin||UIN,,Indus (Up to border) Basin,Upper Indus,watershed,A01UIN06,Watershed A01UIN06,watershed||A01UIN06,,Indus (Up to border) Basin,Upper Indus,512.672,1.09,100.0
subbasin,UIN,Upper Indus,subbasin||UIN,,Indus (Up to border) Basin,Upper Indus,watershed,A01UIN07,Watershed A01UIN07,watershed||A01UIN07,,Indus (Up to border) Basin,Upper Indus,400.0697,0.85,100.0
subbasin,UIN,Upper Indus,subbasin||UIN,,Indus (Up to border) Basin,Upper Indus,watershed,A01UIN08,Watershed A01UIN08,watershed||A01UIN08,,Indus (Up to border) Basin,Upper Indus,669.4061,1.43,100.0
subbasin,UIN,Upper Indus,subbasin||UIN,,Indus (Up to border) Basin,Upper Indus,watershed,A01UIN09,Watershed A01UIN09,watershed||A01UIN09,,Indus (Up to border) Basin,Upper Indus,764.2977,1.63,100.0
subbasin,UIN,Upper Indus,subbasin||UIN,,Indus (Up to border) Basin,Upper Indus,watershed,A01UIN10,Watershed A01UIN10,watershed||A01UIN10,,Indus (Up to border) Basin,Upper Indus,782.2182,1.67,100.0
subbasin,UIN,Upper Indus,subbasin||UIN,,Indus (Up to border) Basin,Upper Indus,watershed,A01UIN11,Watershed A01UIN11,watershed||A01UIN11,,Indus (Up to border) Basin,Upper Indus,632.5986,1.35,100.0
subbasin,UIN,Upper Indus,subbasin||UIN,,Indus (Up to border) Basin,Upper Indus,watershed,A01UIN12,Watershed A01UIN12,watershed||A01UIN12,,Indus (Up to border) Basin,Upper Indus,556.813,1.19,100.0
subbasin,UIN,Upper Indus,subbasin||UIN,,Indus (Up to border) Basin,Upper Indus,watershed,A01UIN13,Watershed A01UIN13,watershed||A01UIN13,,Indus (Up to border) Basin,Upper Indus,870.0418,1.86,100.0
subbasin,UIN,Upper Indus,subbasin||UIN,,Indus (Up to border) Basin,Upper Indus,watershed,A01UIN14,Watershed A01UIN14,watershed||A01UIN14,,Indus (Up to border) Basin,Upper Indus,735.5525,1.57,100.0
subbasin,UIN,Upper Indus,subbasin||UIN,,Indus (Up to border) Basin,Upper Indus,watershed,A01UIN15,Watershed A01UIN15,watershed||A01UIN15,,Indus (Up to border) Basin,Upper Indus,726.3433,1.55,100.0
subbasin,UIN,Upper Indus,subbasin||UIN,,Indus (Up to border) Basin,Upper Indus,watershed,A01UIN16,Watershed A01UIN16,watershed||A01UIN16,,Indus (Up to border) Basin,Upper Indus,532.5824,1.14,100.0
subbasin,UIN,Upper Indus,subbasin||UIN,,Indus (Up to border) Basin,Upper Indus,watershed,A01UIN17,Watershed A01UIN17,watershed||A01UIN17,,Indus (Up to border) Basin,Upper Indus,714.7421,1.52,100.0
subbasin,UIN,Upper Indus,subbasin||UIN,,Indus (Up to border) Basin,Upper Indus,watershed,A01UIN18,Watershed A01UIN18,watershed||A01UIN18,,Indus (Up to border) Basin,Upper Indus,889.1858,1.9,100.0
subbasin,UIN,Upper Indus,subbasin||UIN,,Indus (Up to border) Basin,Upper Indus,watershed,A01UIN19,Watershed A01UIN19,watershed||A01UIN19,,Indus (Up to border) Basin,Upper Indus,742.7088,1.58,100.0
subbasin,UIN,Upper Indus,subbasin||UIN,,Indus (Up to border) Basin,Upper Indus,watershed,A01UIN20,Watershed A01UIN20,watershed||A01UIN20,,Indus (Up to border) Basin,Upper Indus,650.376,1.39,100.0
subbasin,UIN,Upper Indus,subbasin||UIN,,Indus (Up to border) Basin,Upper Indus,watershed,A01UIN21,Watershed A01UIN21,watershed||A01UIN21,,Indus (Up to border) Basin,Upper Indus,776.7004,1.66,100.0
subbasin,UIN,Upper Indus,subbasin||UIN,,Indus (Up to border) Basin,Upper Indus,watershed,A01UIN22,Watershed A01UIN22,watershed||A01UIN22,,Indus (Up to border) Basin,Upper Indus,630.889,1.35,100.0
subbasin,UIN,Upper Indus,subbasin||UIN,,Indus (Up to border) Basin,Upper Indus,watershed,A01UIN23,Watershed A01UIN23,watershed||A01UIN23,,Indus (Up to border) Basin,Upper Indus,909.3249,1.94,100.0
subbasin,UIN,Upper Indus,subbasin||UIN,,Indus (Up to border) Basin,Upper Indus,watershed,A01UIN24,Watershed A01UIN24,watershed||A01UIN24,,Indus (Up to border) Basin,Upper Indus,544.5338,1.16,100.0
subbasin,UIN,Upper Indus,subbasin||UIN,,Indus (Up to border) Basin,Upper Indus,watershed,A01UIN25,Watershed A01UIN25,watershed||A01UIN25,,Indus (Up to border) Basin,Upper Indus,538.2365,1.15,100.0
subbasin,UIN,Upper Indus,subbasin||UIN,,Indus (Up to border) Basin,Upper Indus,watershed,A01UIN26,Watershed A01UIN26,watershed||A01UIN26,,Indus (Up to border) Basin,Upper Indus,840.8173,1.79,100.0
subbasin,UIN,Upper Indus,subbasin||UIN,,Indus (Up to border) Basin,Upper Indus,watershed,A01UIN27,Watershed A01UIN27,watershed||A01UIN27,,Indus (Up to border) Basin,Upper Indus,620.4853,1.32,100.0
subbasin,UIN,Upper Indus,subbasin||UIN,,Indus (Up to border) Basin,Upper Indus,watershed,A01UIN28,Watershed A01UIN28,watershed||A01UIN28,,Indus (Up to border) Basin,Upper Indus,986.0755,2.1,100.0
subbasin,UIN,Upper Indus,subbasin||UIN,,Indus (Up to border) Basin,Upper Indus,watershed,A01UIN29,Watershed A01UIN29,watershed||A01UIN29,,Indus (Up to border) Basin,Upper Indus,675.5836,1.44,100.0
subbasin,UIN,Upper Indus,subbasin||UIN,,Indus (Up to border) Basin,Upper Indus,watershed,A01UIN30,Watershed A01UIN30,watershed||A01UIN30,,Indus (Up to border) Basin,Upper Indus,896.58,1.91,100.0
subbasin,UIN,Upper Indus,subbasin||UIN,,Indus (Up to border) Basin,Upper Indus,watershed,A01UIN31,Watershed A01UIN31,watershed||A01UIN31,,Indus (Up to border) Basin,Upper Indus,599.3042,1.28,100.0
subbasin,UIN,Upper Indus,subbasin||UIN,,Indus (Up to border) Basin,Upper Indus,watershed,A01UIN32,Watershed A01UIN32,watershed||A01UIN32,,Indus (Up to border) Basin,Upper Indus,613.862,1.31,100.0
subbasin,UIN,Upper Indus,subbasin||UIN,,Indus (Up to border) Basin,Upper Indus,watershed,A01UIN33,Watershed A01UIN33,watershed||A01UIN33,,Indus (Up to border) Basin,Upper Indus,553.816,1.18,100.0
subbasin,UIN,Upper Indus,subbasin||UIN,,Indus (Up to border) Basin,Upper Indus,watershed,A01UIN34,Watershed A01UIN34,watershed||A01UIN34,,Indus (Up to border) Basin,Upper Indus,821.5995,1.75,100.0
subbasin,UIN,Upper Indus,subbasin||UIN,,Indus (Up to border) Basin,Upper Indus,watershed,A01UIN35,Watershed A01UIN35,watershed||A01UIN35,,Indus (Up to border) Basin,Upper Indus,567.2446,1.21,100.0
subbasin,UIN,Upper Indus,subbasin||UIN,,Indus (Up to border) Basin,Upper Indus,watershed,A01UIN36,Watershed A01UIN36,watershed||A01UIN36,,Indus (Up to border) Basin,Upper Indus,405.0597,0.86,100.0
subbasin,UIN,Upper Indus,subbasin||UIN,,Indus (Up to border) Basin,Upper Indus,watershed,A01UIN37,Watershed A01UIN37,watershed||A01UIN37,,Indus (Up to border) Basin,Upper Indus,597.2674,1.27,100.0
subbasin,UIN,Upper Indus,subbasin||UIN,,Indus (Up to border) Basin,Upper Indus,watershed,A01UIN38,Watershed A01UIN38,watershed||A01UIN38,,Indus (Up to border) Basin,Upper Indus,633.2989,1.35,100.0
subbasin,UIN,Upper Indus,subbasin||UIN,,Indus (Up to border) Basin,Upper Indus,watershed,A01UIN39,Watershed A01UIN39,watershed||A01UIN39,,Indus (Up to border) Basin,Upper Indus,781.2364,1.67,100.0
subbasin,UIN,Upper Indus,subbasin||UIN,,Indus (Up to border) Basin,Upper Indus,watershed,A01UIN40,Watershed A01UIN40,watershed||A01UIN40,,Indus (Up to border) Basin,Upper Indus,721.7097,1.54,100.0
subbasin,UIN,Upper Indus,subbasin||UIN,,Indus (Up to border) Basin,Upper Indus,watershed,A01UIN41,Watershed A01UIN41,watershed||A01UIN41,,Indus (Up to border) Basin,Upper Indus,760.7756,1.62,100.0
subbasin,UIN,Upper Indus,subbasin||UIN,,Indus (Up to border) Basin,Upper Indus,watershed,A01UIN42,Watershed A01UIN42,watershed||A01UIN42,,Indus (Up to border) Basin,Upper Indus,882.4321,1.88,100.0
subbasin,UIN,Upper Indus,subbasin||UIN,,Indus (Up to border) Basin,Upper Indus,watershed,A01UIN43,Watershed A01UIN43,watershed||A01UIN43,,Indus (Up to border) Basin,Upper Indus,492.4252,1.05,100.0
subbasin,UIN,Upper Indus,subbasin||UIN,,Indus (Up to border) Basin,Upper Indus,watershed,A01UIN44,Watershed A01UIN44,watershed||A01UIN44,,Indus (Up to border) Basin,Upper Indus,816.9431,1.74,100.0
subbasin,UIN,Upper Indus,subbasin||UIN,,Indus (Up to border) Basin,Upper Indus,watershed,A01UIN45,Watershed A01UIN45,watershed||A01UIN45,,Indus (Up to border) Basin,Upper Indus,959.4685,2.05,100.0
subbasin,UIN,Upper Indus,subbasin||UIN,,Indus (Up to border) Basin,Upper Indus,watershed,A01UIN46,Watershed A01UIN46,watershed||A01UIN46,,Indus (Up to border) Basin,Upper Indus,652.0269,1.39,100.0
subbasin,UIN,Upper Indus,subbasin||UIN,,Indus (Up to border) Basin,Upper Indus,watershed,A01UIN47,Watershed A01UIN47,watershed||A01UIN47,,Indus (Up to border) Basin,Upper Indus,549.2566,1.17,100.0
subbasin,UIN,Upper Indus,subbasin||UIN,,Indus (Up to border) Basin,Upper Indus,watershed,A01UIN48,Watershed A01UIN48,watershed||A01UIN48,,Indus (Up to border) Basin,Upper Indus,567.0008,1.21,100.0
subbasin,UIN,Upper Indus,subbasin||UIN,,Indus (Up to border) Basin,Upper Indus,watershed,A01UIN49,Watershed A01UIN49,watershed||A01UIN49,,Indus (Up to border) Basin,Upper Indus,890.5065,1.9,100.0
subbasin,UIN,Upper Indus,subbasin||UIN,,Indus (Up to border) Basin,Upper Indus,watershed,A01UIN50,Watershed A01UIN50,watershed||A01UIN50,,Indus (Up to border) Basin,Upper Indus,750.6974,1.6,100.0
subbasin,UIN,Upper Indus,subbasin||UIN,,Indus (Up to border) Basin,Upper Indus,watershed,A01UIN51,Watershed A01UIN51,watershed||A01UIN51,,Indus (Up to border) Basin,Upper Indus,385.4178,0.82,100.0
subbasin,UIN,Upper Indus,subbasin||UIN,,Indus (Up to border) Basin,Upper Indus,watershed,A01UIN52,Watershed A01UIN52,watershed||A01UIN52,,Indus (Up to border) Basin,Upper Indus,603.637,1.29,100.0
subbasin,UIN,Upper Indus,subbasin||UIN,,Indus (Up to border) Basin,Upper Indus,watershed,A01UIN53,Watershed A01UIN53,watershed||A01UIN53,,Indus (Up to border) Basin,Upper Indus,528.8738,1.13,100.0
subbasin,UIN,Upper Indus,subbasin||UIN,,Indus (Up to border) Basin,Upper Indus,watershed,A01UIN54,Watershed A01UIN54,watershed||A01UIN54,,Indus (Up to border) Basin,Upper Indus,792.5451,1.69,100.0
subbasin,UIN,Upper Indus,subbasin||UIN,,Indus (Up to border) Basin,Upper Indus,watershed,A01UIN55,Watershed A01UIN55,watershed||A01UIN55,,Indus (Up to border) Basin,Upper Indus,735.5412,1.57,100.0
subbasin,UIN,Upper Indus,subbasin||UIN,,Indus (Up to border) Basin,Upper Indus,watershed,A01UIN56,Watershed A01UIN56,watershed||A01UIN56,,Indus (Up to border) Basin,Upper Indus,621.0084,1.32,100.0
subbasin,UIN,Upper Indus,subbasin||UIN,,Indus (Up to border) Basin,Upper Indus,watershed,A01UIN57,Watershed A01UIN57,watershed||A01UIN57,,Indus (Up to border) Basin,Upper Indus,706.4778,1.51,100.0
subbasin,UIN,Upper Indus,subbasin||UIN,,Indus (Up to border) Basin,Upper Indus,watershed,A01UIN58,Watershed A01UIN58,watershed||A01UIN58,,Indus (Up to border) Basin,Upper Indus,591.2891,1.26,100.0
subbasin,UIN,Upper Indus,subbasin||UIN,,Indus (Up to border) Basin,Upper Indus,watershed,A01UIN59,Watershed A01UIN59,watershed||A01UIN59,,Indus (Up to border) Basin,Upper Indus,416.7525,0.89,100.0
subbasin,UIN,Upper Indus,subbasin||UIN,,Indus (Up to border) Basin,Upper Indus,watershed,A01UIN60,Watershed A01UIN60,watershed||A01UIN60,,Indus (Up to border) Basin,Upper Indus,644.6131,1.38,100.0
subbasin,UIN,Upper Indus,subbasin||UIN,,Indus (Up to border) Basin,Upper Indus,watershed,A01UIN61,Watershed A01UIN61,watershed||A01UIN61,,Indus (Up to border) Basin,Upper Indus,802.8447,1.71,100.0
subbasin,UIN,Upper Indus,subbasin||UIN,,Indus (Up to border) Basin,Upper Indus,watershed,A01UIN62,Watershed A01UIN62,watershed||A01UIN62,,Indus (Up to border) Basin,Upper Indus,679.0334,1.45,100.0
subbasin,UIN,Upper Indus,subbasin||UIN,,Indus (Up to border) Basin,Upper Indus,watershed,A01UIN63,Watershed A01UIN63,watershed||A01UIN63,,Indus (Up to border) Basin,Upper Indus,727.6835,1.55,100.0
subbasin,UIN,Upper Indus,subbasin||UIN,,Indus (Up to border) Basin,Upper Indus,watershed,A01UIN64,Watershed A01UIN64,watershed||A01UIN64,,Indus (Up to border) Basin,Upper Indus,586.4629,1.25,100.0
subbasin,UIN,Upper Indus,subbasin||UIN,,Indus (Up to border) Basin,Upper Indus,watershed,A01UIN65,Watershed A01UIN65,watershed||A01UIN65,,Indus (Up to border) Basin,Upper Indus,676.6598,1.44,100.0
subbasin,UIN,Upper Indus,subbasin||UIN,,Indus (Up to border) Basin,Upper Indus,watershed,A01UIN66,Watershed A01UIN66,watershed||A01UIN66,,Indus (Up to border) Basin,Upper Indus,386.6273,0.82,100.0
subbasin,UIN,Upper Indus,subbasin||UIN,,Indus (Up to border) Basin,Upper Indus,watershed,A01UIN67,Watershed A01UIN67,watershed||A01UIN67,,Indus (Up to border) Basin,Upper Indus,621.1206,1.32,100.0
subbasin,UIN,Upper Indus,subbasin||UIN,,Indus (Up to border) Basin,Upper Indus,watershed,A01UIN68,Watershed A01UIN68,watershed||A01UIN68,,Indus (Up to border) Basin,Upper Indus,848.8457,1.81,100.0
subbasin,UIN,Upper Indus,subbasin||UIN,,Indus (Up to border) Basin,Upper Indus,watershed,A01UIN69,Watershed A01UIN69,watershed||A01UIN69,,Indus (Up to border) Basin,Upper Indus,720.995,1.54,100.0
subbasin,UIN,Upper Indus,subbasin||UIN,,Indus (Up to border) Basin,Upper Indus,watershed,A01UIN70,Watershed A01UIN70,watershed||A01UIN70,,Indus (Up to border) Basin,Upper Indus,555.9142,1.19,100.0
subbasin,UGO,Upstream of Gomti confluece to Muzaffarnagar,subbasin||UGO,,Ganga Basin,Upstream of Gomti confluece to Muzaffarnagar,watershed,C2AGHG23,Watershed C2AGHG23,watershed||C2AGHG23,,Ganga Basin,Ghaghara Confluence to Gomti confluence,1.0532,0.0,0.16
subbasin,UGO,Upstream of Gomti confluece to Muzaffarnagar,subbasin||UGO,,Ganga Basin,Upstream of Gomti confluece to Muzaffarnagar,watershed,C2AGOM39,Watershed C2AGOM39,watershed||C2AGOM39,,Ganga Basin,Gomti,26.8153,0.09,2.89
subbasin,UGO,Upstream of Gomti confluece to Muzaffarnagar,subbasin||UGO,,Ganga Basin,Upstream of Gomti confluece to Muzaffarnagar,watershed,C2AUGO01,Watershed C2AUGO01,watershed||C2AUGO01,,Ganga Basin,Upstream of Gomti confluece to Muzaffarnagar,622.1292,2.06,100.0
subbasin,UGO,Upstream of Gomti confluece to Muzaffarnagar,subbasin||UGO,,Ganga Basin,Upstream of Gomti confluece to Muzaffarnagar,watershed,C2AUGO02,Watershed C2AUGO02,watershed||C2AUGO02,,Ganga Basin,Upstream of Gomti confluece to Muzaffarnagar,692.6054,2.3,100.0
subbasin,UGO,Upstream of Gomti confluece to Muzaffarnagar,subbasin||UGO,,Ganga Basin,Upstream of Gomti confluece to Muzaffarnagar,watershed,C2AUGO03,Watershed C2AUGO03,watershed||C2AUGO03,,Ganga Basin,Upstream of Gomti confluece to Muzaffarnagar,497.9696,1.65,100.0
subbasin,UGO,Upstream of Gomti confluece to Muzaffarnagar,subbasin||UGO,,Ganga Basin,Upstream of Gomti confluece to Muzaffarnagar,watershed,C2AUGO04,Watershed C2AUGO04,watershed||C2AUGO04,,Ganga Basin,Upstream of Gomti confluece to Muzaffarnagar,385.1567,1.28,100.0
subbasin,UGO,Upstream of Gomti confluece to Muzaffarnagar,subbasin||UGO,,Ganga Basin,Upstream of Gomti confluece to Muzaffarnagar,watershed,C2AUGO05,Watershed C2AUGO05,watershed||C2AUGO05,,Ganga Basin,Upstream of Gomti confluece to Muzaffarnagar,1014.0967,3.36,100.0
subbasin,UGO,Upstream of Gomti confluece to Muzaffarnagar,subbasin||UGO,,Ganga Basin,Upstream of Gomti confluece to Muzaffarnagar,watershed,C2AUGO06,Watershed C2AUGO06,watershed||C2AUGO06,,Ganga Basin,Upstream of Gomti confluece to Muzaffarnagar,1059.8514,3.52,100.0
subbasin,UGO,Upstream of Gomti confluece to Muzaffarnagar,subbasin||UGO,,Ganga Basin,Upstream of Gomti confluece to Muzaffarnagar,watershed,C2AUGO07,Watershed C2AUGO07,watershed||C2AUGO07,,Ganga Basin,Upstream of Gomti confluece to Muzaffarnagar,875.6573,2.91,100.0
subbasin,UGO,Upstream of Gomti confluece to Muzaffarnagar,subbasin||UGO,,Ganga Basin,Upstream of Gomti confluece to Muzaffarnagar,watershed,C2AUGO08,Watershed C2AUGO08,watershed||C2AUGO08,,Ganga Basin,Upstream of Gomti confluece to Muzaffarnagar,1167.6717,3.87,100.0
subbasin,UGO,Upstream of Gomti confluece to Muzaffarnagar,subbasin||UGO,,Ganga Basin,Upstream of Gomti confluece to Muzaffarnagar,watershed,C2AUGO09,Watershed C2AUGO09,watershed||C2AUGO09,,Ganga Basin,Upstream of Gomti confluece to Muzaffarnagar,595.1498,1.97,100.0
subbasin,UGO,Upstream of Gomti confluece to Muzaffarnagar,subbasin||UGO,,Ganga Basin,Upstream of Gomti confluece to Muzaffarnagar,watershed,C2AUGO10,Watershed C2AUGO10,watershed||C2AUGO10,,Ganga Basin,Upstream of Gomti confluece to Muzaffarnagar,763.0875,2.53,100.0
subbasin,UGO,Upstream of Gomti confluece to Muzaffarnagar,subbasin||UGO,,Ganga Basin,Upstream of Gomti confluece to Muzaffarnagar,watershed,C2AUGO11,Watershed C2AUGO11,watershed||C2AUGO11,,Ganga Basin,Upstream of Gomti confluece to Muzaffarnagar,648.6135,2.15,100.0
subbasin,UGO,Upstream of Gomti confluece to Muzaffarnagar,subbasin||UGO,,Ganga Basin,Upstream of Gomti confluece to Muzaffarnagar,watershed,C2AUGO12,Watershed C2AUGO12,watershed||C2AUGO12,,Ganga Basin,Upstream of Gomti confluece to Muzaffarnagar,1134.0868,3.76,100.0
subbasin,UGO,Upstream of Gomti confluece to Muzaffarnagar,subbasin||UGO,,Ganga Basin,Upstream of Gomti confluece to Muzaffarnagar,watershed,C2AUGO13,Watershed C2AUGO13,watershed||C2AUGO13,,Ganga Basin,Upstream of Gomti confluece to Muzaffarnagar,955.3107,3.17,100.0
subbasin,UGO,Upstream of Gomti confluece to Muzaffarnagar,subbasin||UGO,,Ganga Basin,Upstream of Gomti confluece to Muzaffarnagar,watershed,C2AUGO14,Watershed C2AUGO14,watershed||C2AUGO14,,Ganga Basin,Upstream of Gomti confluece to Muzaffarnagar,714.6686,2.37,100.0
subbasin,UGO,Upstream of Gomti confluece to Muzaffarnagar,subbasin||UGO,,Ganga Basin,Upstream of Gomti confluece to Muzaffarnagar,watershed,C2AUGO15,Watershed C2AUGO15,watershed||C2AUGO15,,Ganga Basin,Upstream of Gomti confluece to Muzaffarnagar,468.494,1.55,100.0
subbasin,UGO,Upstream of Gomti confluece to Muzaffarnagar,subbasin||UGO,,Ganga Basin,Upstream of Gomti confluece to Muzaffarnagar,watershed,C2AUGO16,Watershed C2AUGO16,watershed||C2AUGO16,,Ganga Basin,Upstream of Gomti confluece to Muzaffarnagar,887.329,2.94,100.0
subbasin,UGO,Upstream of Gomti confluece to Muzaffarnagar,subbasin||UGO,,Ganga Basin,Upstream of Gomti confluece to Muzaffarnagar,watershed,C2AUGO17,Watershed C2AUGO17,watershed||C2AUGO17,,Ganga Basin,Upstream of Gomti confluece to Muzaffarnagar,906.3083,3.01,100.0
subbasin,UGO,Upstream of Gomti confluece to Muzaffarnagar,subbasin||UGO,,Ganga Basin,Upstream of Gomti confluece to Muzaffarnagar,watershed,C2AUGO18,Watershed C2AUGO18,watershed||C2AUGO18,,Ganga Basin,Upstream of Gomti confluece to Muzaffarnagar,402.8925,1.34,100.0
subbasin,UGO,Upstream of Gomti confluece to Muzaffarnagar,subbasin||UGO,,Ganga Basin,Upstream of Gomti confluece to Muzaffarnagar,watershed,C2AUGO19,Watershed C2AUGO19,watershed||C2AUGO19,,Ganga Basin,Upstream of Gomti confluece to Muzaffarnagar,506.5434,1.68,100.0
subbasin,UGO,Upstream of Gomti confluece to Muzaffarnagar,subbasin||UGO,,Ganga Basin,Upstream of Gomti confluece to Muzaffarnagar,watershed,C2AUGO20,Watershed C2AUGO20,watershed||C2AUGO20,,Ganga Basin,Upstream of Gomti confluece to Muzaffarnagar,677.9102,2.25,100.0
subbasin,UGO,Upstream of Gomti confluece to Muzaffarnagar,subbasin||UGO,,Ganga Basin,Upstream of Gomti confluece to Muzaffarnagar,watershed,C2AUGO21,Watershed C2AUGO21,watershed||C2AUGO21,,Ganga Basin,Upstream of Gomti confluece to Muzaffarnagar,857.2808,2.84,100.0
subbasin,UGO,Upstream of Gomti confluece to Muzaffarnagar,subbasin||UGO,,Ganga Basin,Upstream of Gomti confluece to Muzaffarnagar,watershed,C2AUGO22,Watershed C2AUGO22,watershed||C2AUGO22,,Ganga Basin,Upstream of Gomti confluece to Muzaffarnagar,723.1868,2.4,100.0
subbasin,UGO,Upstream of Gomti confluece to Muzaffarnagar,subbasin||UGO,,Ganga Basin,Upstream of Gomti confluece to Muzaffarnagar,watershed,C2AUGO23,Watershed C2AUGO23,watershed||C2AUGO23,,Ganga Basin,Upstream of Gomti confluece to Muzaffarnagar,779.3804,2.59,100.0
subbasin,UGO,Upstream of Gomti confluece to Muzaffarnagar,subbasin||UGO,,Ganga Basin,Upstream of Gomti confluece to Muzaffarnagar,watershed,C2AUGO24,Watershed C2AUGO24,watershed||C2AUGO24,,Ganga Basin,Upstream of Gomti confluece to Muzaffarnagar,979.079,3.25,100.0
subbasin,UGO,Upstream of Gomti confluece to Muzaffarnagar,subbasin||UGO,,Ganga Basin,Upstream of Gomti confluece to Muzaffarnagar,watershed,C2AUGO25,Watershed C2AUGO25,watershed||C2AUGO25,,Ganga Basin,Upstream of Gomti confluece to Muzaffarnagar,1128.381,3.74,100.0
subbasin,UGO,Upstream of Gomti confluece to Muzaffarnagar,subbasin||UGO,,Ganga Basin,Upstream of Gomti confluece to Muzaffarnagar,watershed,C2AUGO26,Watershed C2AUGO26,watershed||C2AUGO26,,Ganga Basin,Upstream of Gomti confluece to Muzaffarnagar,525.2075,1.74,100.0
subbasin,UGO,Upstream of Gomti confluece to Muzaffarnagar,subbasin||UGO,,Ganga Basin,Upstream of Gomti confluece to Muzaffarnagar,watershed,C2AUGO27,Watershed C2AUGO27,watershed||C2AUGO27,,Ganga Basin,Upstream of Gomti confluece to Muzaffarnagar,590.3733,1.96,100.0
subbasin,UGO,Upstream of Gomti confluece to Muzaffarnagar,subbasin||UGO,,Ganga Basin,Upstream of Gomti confluece to Muzaffarnagar,watershed,C2AUGO28,Watershed C2AUGO28,watershed||C2AUGO28,,Ganga Basin,Upstream of Gomti confluece to Muzaffarnagar,795.2324,2.64,100.0
subbasin,UGO,Upstream of Gomti confluece to Muzaffarnagar,subbasin||UGO,,Ganga Basin,Upstream of Gomti confluece to Muzaffarnagar,watershed,C2AUGO29,Watershed C2AUGO29,watershed||C2AUGO29,,Ganga Basin,Upstream of Gomti confluece to Muzaffarnagar,378.4814,1.26,100.0
subbasin,UGO,Upstream of Gomti confluece to Muzaffarnagar,subbasin||UGO,,Ganga Basin,Upstream of Gomti confluece to Muzaffarnagar,watershed,C2AUGO30,Watershed C2AUGO30,watershed||C2AUGO30,,Ganga Basin,Upstream of Gomti confluece to Muzaffarnagar,682.0963,2.26,100.0
subbasin,UGO,Upstream of Gomti confluece to Muzaffarnagar,subbasin||UGO,,Ganga Basin,Upstream of Gomti confluece to Muzaffarnagar,watershed,C2AUGO31,Watershed C2AUGO31,watershed||C2AUGO31,,Ganga Basin,Upstream of Gomti confluece to Muzaffarnagar,512.0509,1.7,100.0
subbasin,UGO,Upstream of Gomti confluece to Muzaffarnagar,subbasin||UGO,,Ganga Basin,Upstream of Gomti confluece to Muzaffarnagar,watershed,C2AUGO32,Watershed C2AUGO32,watershed||C2AUGO32,,Ganga Basin,Upstream of Gomti confluece to Muzaffarnagar,1331.914,4.42,100.0
subbasin,UGO,Upstream of Gomti confluece to Muzaffarnagar,subbasin||UGO,,Ganga Basin,Upstream of Gomti confluece to Muzaffarnagar,watershed,C2AUGO33,Watershed C2AUGO33,watershed||C2AUGO33,,Ganga Basin,Upstream of Gomti confluece to Muzaffarnagar,1206.2152,4.0,100.0
subbasin,UGO,Upstream of Gomti confluece to Muzaffarnagar,subbasin||UGO,,Ganga Basin,Upstream of Gomti confluece to Muzaffarnagar,watershed,C2AUGO34,Watershed C2AUGO34,watershed||C2AUGO34,,Ganga Basin,Upstream of Gomti confluece to Muzaffarnagar,442.3574,1.47,100.0
subbasin,UGO,Upstream of Gomti confluece to Muzaffarnagar,subbasin||UGO,,Ganga Basin,Upstream of Gomti confluece to Muzaffarnagar,watershed,C2AUGO35,Watershed C2AUGO35,watershed||C2AUGO35,,Ganga Basin,Upstream of Gomti confluece to Muzaffarnagar,545.2485,1.81,93.18
subbasin,UGO,Upstream of Gomti confluece to Muzaffarnagar,subbasin||UGO,,Ganga Basin,Upstream of Gomti confluece to Muzaffarnagar,watershed,C2AUGO36,Watershed C2AUGO36,watershed||C2AUGO36,,Ganga Basin,Upstream of Gomti confluece to Muzaffarnagar,576.0377,1.91,88.46
subbasin,UGO,Upstream of Gomti confluece to Muzaffarnagar,subbasin||UGO,,Ganga Basin,Upstream of Gomti confluece to Muzaffarnagar,watershed,C2AUGO37,Watershed C2AUGO37,watershed||C2AUGO37,,Ganga Basin,Upstream of Gomti confluece to Muzaffarnagar,572.4473,1.9,100.0
subbasin,UGO,Upstream of Gomti confluece to Muzaffarnagar,subbasin||UGO,,Ganga Basin,Upstream of Gomti confluece to Muzaffarnagar,watershed,C2AUGO38,Watershed C2AUGO38,watershed||C2AUGO38,,Ganga Basin,Upstream of Gomti confluece to Muzaffarnagar,740.93,2.46,100.0
subbasin,UGO,Upstream of Gomti confluece to Muzaffarnagar,subbasin||UGO,,Ganga Basin,Upstream of Gomti confluece to Muzaffarnagar,watershed,C2AUGO39,Watershed C2AUGO39,watershed||C2AUGO39,,Ganga Basin,Upstream of Gomti confluece to Muzaffarnagar,606.5597,2.01,100.0
subbasin,UGO,Upstream of Gomti confluece to Muzaffarnagar,subbasin||UGO,,Ganga Basin,Upstream of Gomti confluece to Muzaffarnagar,watershed,C2AUGO40,Watershed C2AUGO40,watershed||C2AUGO40,,Ganga Basin,Upstream of Gomti confluece to Muzaffarnagar,1162.3878,3.86,100.0
subbasin,VAI,Vaippar and others,subbasin||VAI,,East flowing rivers South of Cauvery Basin,Vaippar and others,watershed,C19VAI01,Watershed C19VAI01,watershed||C19VAI01,,East flowing rivers South of Cauvery Basin,Vaippar and others,469.6983,2.37,100.0
subbasin,VAI,Vaippar and others,subbasin||VAI,,East flowing rivers South of Cauvery Basin,Vaippar and others,watershed,C19VAI02,Watershed C19VAI02,watershed||C19VAI02,,East flowing rivers South of Cauvery Basin,Vaippar and others,369.6391,1.86,100.0
subbasin,VAI,Vaippar and others,subbasin||VAI,,East flowing rivers South of Cauvery Basin,Vaippar and others,watershed,C19VAI03,Watershed C19VAI03,watershed||C19VAI03,,East flowing rivers South of Cauvery Basin,Vaippar and others,869.8012,4.38,100.0
subbasin,VAI,Vaippar and others,subbasin||VAI,,East flowing rivers South of Cauvery Basin,Vaippar and others,watershed,C19VAI04,Watershed C19VAI04,watershed||C19VAI04,,East flowing rivers South of Cauvery Basin,Vaippar and others,622.715,3.14,100.0
subbasin,VAI,Vaippar and others,subbasin||VAI,,East flowing rivers South of Cauvery Basin,Vaippar and others,watershed,C19VAI05,Watershed C19VAI05,watershed||C19VAI05,,East flowing rivers South of Cauvery Basin,Vaippar and others,515.0154,2.6,100.0
subbasin,VAI,Vaippar and others,subbasin||VAI,,East flowing rivers South of Cauvery Basin,Vaippar and others,watershed,C19VAI06,Watershed C19VAI06,watershed||C19VAI06,,East flowing rivers South of Cauvery Basin,Vaippar and others,633.6481,3.19,100.0
subbasin,VAI,Vaippar and others,subbasin||VAI,,East flowing rivers South of Cauvery Basin,Vaippar and others,watershed,C19VAI07,Watershed C19VAI07,watershed||C19VAI07,,East flowing rivers South of Cauvery Basin,Vaippar and others,645.9658,3.26,100.0
subbasin,VAI,Vaippar and others,subbasin||VAI,,East flowing rivers South of Cauvery Basin,Vaippar and others,watershed,C19VAI08,Watershed C19VAI08,watershed||C19VAI08,,East flowing rivers South of Cauvery Basin,Vaippar and others,624.3162,3.15,100.0
subbasin,VAI,Vaippar and others,subbasin||VAI,,East flowing rivers South of Cauvery Basin,Vaippar and others,watershed,C19VAI09,Watershed C19VAI09,watershed||C19VAI09,,East flowing rivers South of Cauvery Basin,Vaippar and others,636.0937,3.21,100.0
subbasin,VAI,Vaippar and others,subbasin||VAI,,East flowing rivers South of Cauvery Basin,Vaippar and others,watershed,C19VAI10,Watershed C19VAI10,watershed||C19VAI10,,East flowing rivers South of Cauvery Basin,Vaippar and others,453.7007,2.29,100.0
subbasin,VAI,Vaippar and others,subbasin||VAI,,East flowing rivers South of Cauvery Basin,Vaippar and others,watershed,C19VAI11,Watershed C19VAI11,watershed||C19VAI11,,East flowing rivers South of Cauvery Basin,Vaippar and others,567.2189,2.86,100.0
subbasin,VAI,Vaippar and others,subbasin||VAI,,East flowing rivers South of Cauvery Basin,Vaippar and others,watershed,C19VAI12,Watershed C19VAI12,watershed||C19VAI12,,East flowing rivers South of Cauvery Basin,Vaippar and others,504.4484,2.54,100.0
subbasin,VAI,Vaippar and others,subbasin||VAI,,East flowing rivers South of Cauvery Basin,Vaippar and others,watershed,C19VAI13,Watershed C19VAI13,watershed||C19VAI13,,East flowing rivers South of Cauvery Basin,Vaippar and others,696.9023,3.51,100.0
subbasin,VAI,Vaippar and others,subbasin||VAI,,East flowing rivers South of Cauvery Basin,Vaippar and others,watershed,C19VAI14,Watershed C19VAI14,watershed||C19VAI14,,East flowing rivers South of Cauvery Basin,Vaippar and others,424.5313,2.14,100.0
subbasin,VAI,Vaippar and others,subbasin||VAI,,East flowing rivers South of Cauvery Basin,Vaippar and others,watershed,C19VAI15,Watershed C19VAI15,watershed||C19VAI15,,East flowing rivers South of Cauvery Basin,Vaippar and others,776.7406,3.92,100.0
subbasin,VAI,Vaippar and others,subbasin||VAI,,East flowing rivers South of Cauvery Basin,Vaippar and others,watershed,C19VAI16,Watershed C19VAI16,watershed||C19VAI16,,East flowing rivers South of Cauvery Basin,Vaippar and others,554.5513,2.8,100.0
subbasin,VAI,Vaippar and others,subbasin||VAI,,East flowing rivers South of Cauvery Basin,Vaippar and others,watershed,C19VAI17,Watershed C19VAI17,watershed||C19VAI17,,East flowing rivers South of Cauvery Basin,Vaippar and others,741.5739,3.74,100.0
subbasin,VAI,Vaippar and others,subbasin||VAI,,East flowing rivers South of Cauvery Basin,Vaippar and others,watershed,C19VAI18,Watershed C19VAI18,watershed||C19VAI18,,East flowing rivers South of Cauvery Basin,Vaippar and others,475.1381,2.4,100.0
subbasin,VAI,Vaippar and others,subbasin||VAI,,East flowing rivers South of Cauvery Basin,Vaippar and others,watershed,C19VAI19,Watershed C19VAI19,watershed||C19VAI19,,East flowing rivers South of Cauvery Basin,Vaippar and others,444.8891,2.24,100.0
subbasin,VAI,Vaippar and others,subbasin||VAI,,East flowing rivers South of Cauvery Basin,Vaippar and others,watershed,C19VAI20,Watershed C19VAI20,watershed||C19VAI20,,East flowing rivers South of Cauvery Basin,Vaippar and others,729.6451,3.68,100.0
subbasin,VAI,Vaippar and others,subbasin||VAI,,East flowing rivers South of Cauvery Basin,Vaippar and others,watershed,C19VAI21,Watershed C19VAI21,watershed||C19VAI21,,East flowing rivers South of Cauvery Basin,Vaippar and others,594.1927,3.0,100.0
subbasin,VAI,Vaippar and others,subbasin||VAI,,East flowing rivers South of Cauvery Basin,Vaippar and others,watershed,C19VAI22,Watershed C19VAI22,watershed||C19VAI22,,East flowing rivers South of Cauvery Basin,Vaippar and others,838.32,4.23,100.0
subbasin,VAI,Vaippar and others,subbasin||VAI,,East flowing rivers South of Cauvery Basin,Vaippar and others,watershed,C19VAI23,Watershed C19VAI23,watershed||C19VAI23,,East flowing rivers South of Cauvery Basin,Vaippar and others,665.0298,3.35,100.0
subbasin,VAI,Vaippar and others,subbasin||VAI,,East flowing rivers South of Cauvery Basin,Vaippar and others,watershed,C19VAI24,Watershed C19VAI24,watershed||C19VAI24,,East flowing rivers South of Cauvery Basin,Vaippar and others,610.7015,3.08,100.0
subbasin,VAI,Vaippar and others,subbasin||VAI,,East flowing rivers South of Cauvery Basin,Vaippar and others,watershed,C19VAI25,Watershed C19VAI25,watershed||C19VAI25,,East flowing rivers South of Cauvery Basin,Vaippar and others,636.9606,3.21,100.0
subbasin,VAI,Vaippar and others,subbasin||VAI,,East flowing rivers South of Cauvery Basin,Vaippar and others,watershed,C19VAI26,Watershed C19VAI26,watershed||C19VAI26,,East flowing rivers South of Cauvery Basin,Vaippar and others,308.4499,1.55,100.0
subbasin,VAI,Vaippar and others,subbasin||VAI,,East flowing rivers South of Cauvery Basin,Vaippar and others,watershed,C19VAI27,Watershed C19VAI27,watershed||C19VAI27,,East flowing rivers South of Cauvery Basin,Vaippar and others,615.7829,3.1,100.0
subbasin,VAI,Vaippar and others,subbasin||VAI,,East flowing rivers South of Cauvery Basin,Vaippar and others,watershed,C19VAI28,Watershed C19VAI28,watershed||C19VAI28,,East flowing rivers South of Cauvery Basin,Vaippar and others,335.349,1.69,100.0
subbasin,VAI,Vaippar and others,subbasin||VAI,,East flowing rivers South of Cauvery Basin,Vaippar and others,watershed,C19VAI29,Watershed C19VAI29,watershed||C19VAI29,,East flowing rivers South of Cauvery Basin,Vaippar and others,690.8834,3.48,100.0
subbasin,VAI,Vaippar and others,subbasin||VAI,,East flowing rivers South of Cauvery Basin,Vaippar and others,watershed,C19VAI30,Watershed C19VAI30,watershed||C19VAI30,,East flowing rivers South of Cauvery Basin,Vaippar and others,440.1285,2.22,100.0
subbasin,VAI,Vaippar and others,subbasin||VAI,,East flowing rivers South of Cauvery Basin,Vaippar and others,watershed,C19VAI31,Watershed C19VAI31,watershed||C19VAI31,,East flowing rivers South of Cauvery Basin,Vaippar and others,820.8467,4.14,100.0
subbasin,VAI,Vaippar and others,subbasin||VAI,,East flowing rivers South of Cauvery Basin,Vaippar and others,watershed,C19VAI32,Watershed C19VAI32,watershed||C19VAI32,,East flowing rivers South of Cauvery Basin,Vaippar and others,674.5249,3.4,100.0
subbasin,VAI,Vaippar and others,subbasin||VAI,,East flowing rivers South of Cauvery Basin,Vaippar and others,watershed,C19VAI33,Watershed C19VAI33,watershed||C19VAI33,,East flowing rivers South of Cauvery Basin,Vaippar and others,848.9833,4.28,100.0
subbasin,VAM,Vamsadhara and other,subbasin||VAM,,East flowing rivers between Mahanadi and Godavari Basin,Vamsadhara and other,watershed,C15VAM01,Watershed C15VAM01,watershed||C15VAM01,,East flowing rivers between Mahanadi and Godavari Basin,Vamsadhara and other,719.3662,3.18,100.0
subbasin,VAM,Vamsadhara and other,subbasin||VAM,,East flowing rivers between Mahanadi and Godavari Basin,Vamsadhara and other,watershed,C15VAM02,Watershed C15VAM02,watershed||C15VAM02,,East flowing rivers between Mahanadi and Godavari Basin,Vamsadhara and other,620.5832,2.75,100.0
subbasin,VAM,Vamsadhara and other,subbasin||VAM,,East flowing rivers between Mahanadi and Godavari Basin,Vamsadhara and other,watershed,C15VAM03,Watershed C15VAM03,watershed||C15VAM03,,East flowing rivers between Mahanadi and Godavari Basin,Vamsadhara and other,846.8658,3.75,100.0
subbasin,VAM,Vamsadhara and other,subbasin||VAM,,East flowing rivers between Mahanadi and Godavari Basin,Vamsadhara and other,watershed,C15VAM04,Watershed C15VAM04,watershed||C15VAM04,,East flowing rivers between Mahanadi and Godavari Basin,Vamsadhara and other,583.3706,2.58,100.0
subbasin,VAM,Vamsadhara and other,subbasin||VAM,,East flowing rivers between Mahanadi and Godavari Basin,Vamsadhara and other,watershed,C15VAM05,Watershed C15VAM05,watershed||C15VAM05,,East flowing rivers between Mahanadi and Godavari Basin,Vamsadhara and other,611.4041,2.71,100.0
subbasin,VAM,Vamsadhara and other,subbasin||VAM,,East flowing rivers between Mahanadi and Godavari Basin,Vamsadhara and other,watershed,C15VAM06,Watershed C15VAM06,watershed||C15VAM06,,East flowing rivers between Mahanadi and Godavari Basin,Vamsadhara and other,535.6378,2.37,100.0
subbasin,VAM,Vamsadhara and other,subbasin||VAM,,East flowing rivers between Mahanadi and Godavari Basin,Vamsadhara and other,watershed,C15VAM07,Watershed C15VAM07,watershed||C15VAM07,,East flowing rivers between Mahanadi and Godavari Basin,Vamsadhara and other,591.9583,2.62,100.0
subbasin,VAM,Vamsadhara and other,subbasin||VAM,,East flowing rivers between Mahanadi and Godavari Basin,Vamsadhara and other,watershed,C15VAM08,Watershed C15VAM08,watershed||C15VAM08,,East flowing rivers between Mahanadi and Godavari Basin,Vamsadhara and other,607.1675,2.69,100.0
subbasin,VAM,Vamsadhara and other,subbasin||VAM,,East flowing rivers between Mahanadi and Godavari Basin,Vamsadhara and other,watershed,C15VAM09,Watershed C15VAM09,watershed||C15VAM09,,East flowing rivers between Mahanadi and Godavari Basin,Vamsadhara and other,484.8244,2.15,100.0
subbasin,VAM,Vamsadhara and other,subbasin||VAM,,East flowing rivers between Mahanadi and Godavari Basin,Vamsadhara and other,watershed,C15VAM10,Watershed C15VAM10,watershed||C15VAM10,,East flowing rivers between Mahanadi and Godavari Basin,Vamsadhara and other,631.7781,2.8,100.0
subbasin,VAM,Vamsadhara and other,subbasin||VAM,,East flowing rivers between Mahanadi and Godavari Basin,Vamsadhara and other,watershed,C15VAM11,Watershed C15VAM11,watershed||C15VAM11,,East flowing rivers between Mahanadi and Godavari Basin,Vamsadhara and other,674.2407,2.98,100.0
subbasin,VAM,Vamsadhara and other,subbasin||VAM,,East flowing rivers between Mahanadi and Godavari Basin,Vamsadhara and other,watershed,C15VAM12,Watershed C15VAM12,watershed||C15VAM12,,East flowing rivers between Mahanadi and Godavari Basin,Vamsadhara and other,518.5143,2.29,100.0
subbasin,VAM,Vamsadhara and other,subbasin||VAM,,East flowing rivers between Mahanadi and Godavari Basin,Vamsadhara and other,watershed,C15VAM13,Watershed C15VAM13,watershed||C15VAM13,,East flowing rivers between Mahanadi and Godavari Basin,Vamsadhara and other,444.6488,1.97,100.0
subbasin,VAM,Vamsadhara and other,subbasin||VAM,,East flowing rivers between Mahanadi and Godavari Basin,Vamsadhara and other,watershed,C15VAM14,Watershed C15VAM14,watershed||C15VAM14,,East flowing rivers between Mahanadi and Godavari Basin,Vamsadhara and other,560.7746,2.48,100.0
subbasin,VAM,Vamsadhara and other,subbasin||VAM,,East flowing rivers between Mahanadi and Godavari Basin,Vamsadhara and other,watershed,C15VAM15,Watershed C15VAM15,watershed||C15VAM15,,East flowing rivers between Mahanadi and Godavari Basin,Vamsadhara and other,558.4155,2.47,100.0
subbasin,VAM,Vamsadhara and other,subbasin||VAM,,East flowing rivers between Mahanadi and Godavari Basin,Vamsadhara and other,watershed,C15VAM16,Watershed C15VAM16,watershed||C15VAM16,,East flowing rivers between Mahanadi and Godavari Basin,Vamsadhara and other,673.1901,2.98,100.0
subbasin,VAM,Vamsadhara and other,subbasin||VAM,,East flowing rivers between Mahanadi and Godavari Basin,Vamsadhara and other,watershed,C15VAM17,Watershed C15VAM17,watershed||C15VAM17,,East flowing rivers between Mahanadi and Godavari Basin,Vamsadhara and other,607.3847,2.69,100.0
subbasin,VAM,Vamsadhara and other,subbasin||VAM,,East flowing rivers between Mahanadi and Godavari Basin,Vamsadhara and other,watershed,C15VAM18,Watershed C15VAM18,watershed||C15VAM18,,East flowing rivers between Mahanadi and Godavari Basin,Vamsadhara and other,469.7902,2.08,100.0
subbasin,VAM,Vamsadhara and other,subbasin||VAM,,East flowing rivers between Mahanadi and Godavari Basin,Vamsadhara and other,watershed,C15VAM19,Watershed C15VAM19,watershed||C15VAM19,,East flowing rivers between Mahanadi and Godavari Basin,Vamsadhara and other,406.3879,1.8,100.0
subbasin,VAM,Vamsadhara and other,subbasin||VAM,,East flowing rivers between Mahanadi and Godavari Basin,Vamsadhara and other,watershed,C15VAM20,Watershed C15VAM20,watershed||C15VAM20,,East flowing rivers between Mahanadi and Godavari Basin,Vamsadhara and other,925.5225,4.09,100.0
subbasin,VAM,Vamsadhara and other,subbasin||VAM,,East flowing rivers between Mahanadi and Godavari Basin,Vamsadhara and other,watershed,C15VAM21,Watershed C15VAM21,watershed||C15VAM21,,East flowing rivers between Mahanadi and Godavari Basin,Vamsadhara and other,878.2616,3.89,100.0
subbasin,VAM,Vamsadhara and other,subbasin||VAM,,East flowing rivers between Mahanadi and Godavari Basin,Vamsadhara and other,watershed,C15VAM22,Watershed C15VAM22,watershed||C15VAM22,,East flowing rivers between Mahanadi and Godavari Basin,Vamsadhara and other,927.2127,4.1,100.0
subbasin,VAM,Vamsadhara and other,subbasin||VAM,,East flowing rivers between Mahanadi and Godavari Basin,Vamsadhara and other,watershed,C15VAM23,Watershed C15VAM23,watershed||C15VAM23,,East flowing rivers between Mahanadi and Godavari Basin,Vamsadhara and other,764.5081,3.38,100.0
subbasin,VAM,Vamsadhara and other,subbasin||VAM,,East flowing rivers between Mahanadi and Godavari Basin,Vamsadhara and other,watershed,C15VAM24,Watershed C15VAM24,watershed||C15VAM24,,East flowing rivers between Mahanadi and Godavari Basin,Vamsadhara and other,626.0641,2.77,100.0
subbasin,VAM,Vamsadhara and other,subbasin||VAM,,East flowing rivers between Mahanadi and Godavari Basin,Vamsadhara and other,watershed,C15VAM25,Watershed C15VAM25,watershed||C15VAM25,,East flowing rivers between Mahanadi and Godavari Basin,Vamsadhara and other,962.3739,4.26,100.0
subbasin,VAM,Vamsadhara and other,subbasin||VAM,,East flowing rivers between Mahanadi and Godavari Basin,Vamsadhara and other,watershed,C15VAM26,Watershed C15VAM26,watershed||C15VAM26,,East flowing rivers between Mahanadi and Godavari Basin,Vamsadhara and other,690.2502,3.05,100.0
subbasin,VAM,Vamsadhara and other,subbasin||VAM,,East flowing rivers between Mahanadi and Godavari Basin,Vamsadhara and other,watershed,C15VAM27,Watershed C15VAM27,watershed||C15VAM27,,East flowing rivers between Mahanadi and Godavari Basin,Vamsadhara and other,615.3137,2.72,100.0
subbasin,VAM,Vamsadhara and other,subbasin||VAM,,East flowing rivers between Mahanadi and Godavari Basin,Vamsadhara and other,watershed,C15VAM28,Watershed C15VAM28,watershed||C15VAM28,,East flowing rivers between Mahanadi and Godavari Basin,Vamsadhara and other,754.6463,3.34,100.0
subbasin,VAM,Vamsadhara and other,subbasin||VAM,,East flowing rivers between Mahanadi and Godavari Basin,Vamsadhara and other,watershed,C15VAM29,Watershed C15VAM29,watershed||C15VAM29,,East flowing rivers between Mahanadi and Godavari Basin,Vamsadhara and other,657.7291,2.91,100.0
subbasin,VAM,Vamsadhara and other,subbasin||VAM,,East flowing rivers between Mahanadi and Godavari Basin,Vamsadhara and other,watershed,C15VAM30,Watershed C15VAM30,watershed||C15VAM30,,East flowing rivers between Mahanadi and Godavari Basin,Vamsadhara and other,405.273,1.79,100.0
subbasin,VAM,Vamsadhara and other,subbasin||VAM,,East flowing rivers between Mahanadi and Godavari Basin,Vamsadhara and other,watershed,C15VAM31,Watershed C15VAM31,watershed||C15VAM31,,East flowing rivers between Mahanadi and Godavari Basin,Vamsadhara and other,675.0641,2.99,100.0
subbasin,VAM,Vamsadhara and other,subbasin||VAM,,East flowing rivers between Mahanadi and Godavari Basin,Vamsadhara and other,watershed,C15VAM32,Watershed C15VAM32,watershed||C15VAM32,,East flowing rivers between Mahanadi and Godavari Basin,Vamsadhara and other,902.6227,3.99,100.0
subbasin,VAM,Vamsadhara and other,subbasin||VAM,,East flowing rivers between Mahanadi and Godavari Basin,Vamsadhara and other,watershed,C15VAM33,Watershed C15VAM33,watershed||C15VAM33,,East flowing rivers between Mahanadi and Godavari Basin,Vamsadhara and other,902.8654,3.99,100.0
subbasin,VAM,Vamsadhara and other,subbasin||VAM,,East flowing rivers between Mahanadi and Godavari Basin,Vamsadhara and other,watershed,C15VAM34,Watershed C15VAM34,watershed||C15VAM34,,East flowing rivers between Mahanadi and Godavari Basin,Vamsadhara and other,767.4622,3.4,100.0
subbasin,VAR,Varrar and others,subbasin||VAR,,West flowing rivers South of Tapi Basin,Varrar and others,watershed,B14VAR01,Watershed B14VAR01,watershed||B14VAR01,,West flowing rivers South of Tapi Basin,Varrar and others,387.1765,2.76,100.0
subbasin,VAR,Varrar and others,subbasin||VAR,,West flowing rivers South of Tapi Basin,Varrar and others,watershed,B14VAR02,Watershed B14VAR02,watershed||B14VAR02,,West flowing rivers South of Tapi Basin,Varrar and others,541.4664,3.86,100.0
subbasin,VAR,Varrar and others,subbasin||VAR,,West flowing rivers South of Tapi Basin,Varrar and others,watershed,B14VAR03,Watershed B14VAR03,watershed||B14VAR03,,West flowing rivers South of Tapi Basin,Varrar and others,717.8441,5.12,100.0
subbasin,VAR,Varrar and others,subbasin||VAR,,West flowing rivers South of Tapi Basin,Varrar and others,watershed,B14VAR04,Watershed B14VAR04,watershed||B14VAR04,,West flowing rivers South of Tapi Basin,Varrar and others,682.3127,4.87,100.0
subbasin,VAR,Varrar and others,subbasin||VAR,,West flowing rivers South of Tapi Basin,Varrar and others,watershed,B14VAR05,Watershed B14VAR05,watershed||B14VAR05,,West flowing rivers South of Tapi Basin,Varrar and others,368.1262,2.63,100.0
subbasin,VAR,Varrar and others,subbasin||VAR,,West flowing rivers South of Tapi Basin,Varrar and others,watershed,B14VAR06,Watershed B14VAR06,watershed||B14VAR06,,West flowing rivers South of Tapi Basin,Varrar and others,513.4937,3.66,100.0
subbasin,VAR,Varrar and others,subbasin||VAR,,West flowing rivers South of Tapi Basin,Varrar and others,watershed,B14VAR07,Watershed B14VAR07,watershed||B14VAR07,,West flowing rivers South of Tapi Basin,Varrar and others,531.111,3.79,100.0
subbasin,VAR,Varrar and others,subbasin||VAR,,West flowing rivers South of Tapi Basin,Varrar and others,watershed,B14VAR08,Watershed B14VAR08,watershed||B14VAR08,,West flowing rivers South of Tapi Basin,Varrar and others,358.7221,2.56,100.0
subbasin,VAR,Varrar and others,subbasin||VAR,,West flowing rivers South of Tapi Basin,Varrar and others,watershed,B14VAR09,Watershed B14VAR09,watershed||B14VAR09,,West flowing rivers South of Tapi Basin,Varrar and others,584.7666,4.17,100.0
subbasin,VAR,Varrar and others,subbasin||VAR,,West flowing rivers South of Tapi Basin,Varrar and others,watershed,B14VAR10,Watershed B14VAR10,watershed||B14VAR10,,West flowing rivers South of Tapi Basin,Varrar and others,966.5651,6.9,100.0
subbasin,VAR,Varrar and others,subbasin||VAR,,West flowing rivers South of Tapi Basin,Varrar and others,watershed,B14VAR11,Watershed B14VAR11,watershed||B14VAR11,,West flowing rivers South of Tapi Basin,Varrar and others,752.1117,5.37,100.0
subbasin,VAR,Varrar and others,subbasin||VAR,,West flowing rivers South of Tapi Basin,Varrar and others,watershed,B14VAR12,Watershed B14VAR12,watershed||B14VAR12,,West flowing rivers South of Tapi Basin,Varrar and others,808.3757,5.77,100.0
subbasin,VAR,Varrar and others,subbasin||VAR,,West flowing rivers South of Tapi Basin,Varrar and others,watershed,B14VAR13,Watershed B14VAR13,watershed||B14VAR13,,West flowing rivers South of Tapi Basin,Varrar and others,505.8484,3.61,100.0
subbasin,VAR,Varrar and others,subbasin||VAR,,West flowing rivers South of Tapi Basin,Varrar and others,watershed,B14VAR14,Watershed B14VAR14,watershed||B14VAR14,,West flowing rivers South of Tapi Basin,Varrar and others,688.181,4.91,100.0
subbasin,VAR,Varrar and others,subbasin||VAR,,West flowing rivers South of Tapi Basin,Varrar and others,watershed,B14VAR15,Watershed B14VAR15,watershed||B14VAR15,,West flowing rivers South of Tapi Basin,Varrar and others,507.9828,3.63,100.0
subbasin,VAR,Varrar and others,subbasin||VAR,,West flowing rivers South of Tapi Basin,Varrar and others,watershed,B14VAR16,Watershed B14VAR16,watershed||B14VAR16,,West flowing rivers South of Tapi Basin,Varrar and others,500.0698,3.57,100.0
subbasin,VAR,Varrar and others,subbasin||VAR,,West flowing rivers South of Tapi Basin,Varrar and others,watershed,B14VAR17,Watershed B14VAR17,watershed||B14VAR17,,West flowing rivers South of Tapi Basin,Varrar and others,692.1509,4.94,100.0
subbasin,VAR,Varrar and others,subbasin||VAR,,West flowing rivers South of Tapi Basin,Varrar and others,watershed,B14VAR18,Watershed B14VAR18,watershed||B14VAR18,,West flowing rivers South of Tapi Basin,Varrar and others,555.9958,3.97,100.0
subbasin,VAR,Varrar and others,subbasin||VAR,,West flowing rivers South of Tapi Basin,Varrar and others,watershed,B14VAR19,Watershed B14VAR19,watershed||B14VAR19,,West flowing rivers South of Tapi Basin,Varrar and others,785.7851,5.61,100.0
subbasin,VAR,Varrar and others,subbasin||VAR,,West flowing rivers South of Tapi Basin,Varrar and others,watershed,B14VAR20,Watershed B14VAR20,watershed||B14VAR20,,West flowing rivers South of Tapi Basin,Varrar and others,856.488,6.11,100.0
subbasin,VAR,Varrar and others,subbasin||VAR,,West flowing rivers South of Tapi Basin,Varrar and others,watershed,B14VAR21,Watershed B14VAR21,watershed||B14VAR21,,West flowing rivers South of Tapi Basin,Varrar and others,414.17,2.96,100.0
subbasin,VAR,Varrar and others,subbasin||VAR,,West flowing rivers South of Tapi Basin,Varrar and others,watershed,B14VAR22,Watershed B14VAR22,watershed||B14VAR22,,West flowing rivers South of Tapi Basin,Varrar and others,664.9041,4.75,100.0
subbasin,VAR,Varrar and others,subbasin||VAR,,West flowing rivers South of Tapi Basin,Varrar and others,watershed,B14VAR23,Watershed B14VAR23,watershed||B14VAR23,,West flowing rivers South of Tapi Basin,Varrar and others,627.7926,4.48,100.0
subbasin,VAS,Vasishti and others,subbasin||VAS,,West flowing rivers South of Tapi Basin,Vasishti and others,watershed,B14VAS01,Watershed B14VAS01,watershed||B14VAS01,,West flowing rivers South of Tapi Basin,Vasishti and others,767.3057,2.74,100.0
subbasin,VAS,Vasishti and others,subbasin||VAS,,West flowing rivers South of Tapi Basin,Vasishti and others,watershed,B14VAS02,Watershed B14VAS02,watershed||B14VAS02,,West flowing rivers South of Tapi Basin,Vasishti and others,494.9165,1.77,100.0
subbasin,VAS,Vasishti and others,subbasin||VAS,,West flowing rivers South of Tapi Basin,Vasishti and others,watershed,B14VAS03,Watershed B14VAS03,watershed||B14VAS03,,West flowing rivers South of Tapi Basin,Vasishti and others,408.7524,1.46,100.0
subbasin,VAS,Vasishti and others,subbasin||VAS,,West flowing rivers South of Tapi Basin,Vasishti and others,watershed,B14VAS04,Watershed B14VAS04,watershed||B14VAS04,,West flowing rivers South of Tapi Basin,Vasishti and others,555.5581,1.98,100.0
subbasin,VAS,Vasishti and others,subbasin||VAS,,West flowing rivers South of Tapi Basin,Vasishti and others,watershed,B14VAS05,Watershed B14VAS05,watershed||B14VAS05,,West flowing rivers South of Tapi Basin,Vasishti and others,525.8158,1.88,100.0
subbasin,VAS,Vasishti and others,subbasin||VAS,,West flowing rivers South of Tapi Basin,Vasishti and others,watershed,B14VAS06,Watershed B14VAS06,watershed||B14VAS06,,West flowing rivers South of Tapi Basin,Vasishti and others,508.4631,1.81,100.0
subbasin,VAS,Vasishti and others,subbasin||VAS,,West flowing rivers South of Tapi Basin,Vasishti and others,watershed,B14VAS07,Watershed B14VAS07,watershed||B14VAS07,,West flowing rivers South of Tapi Basin,Vasishti and others,579.0564,2.07,100.0
subbasin,VAS,Vasishti and others,subbasin||VAS,,West flowing rivers South of Tapi Basin,Vasishti and others,watershed,B14VAS08,Watershed B14VAS08,watershed||B14VAS08,,West flowing rivers South of Tapi Basin,Vasishti and others,559.3979,2.0,100.0
subbasin,VAS,Vasishti and others,subbasin||VAS,,West flowing rivers South of Tapi Basin,Vasishti and others,watershed,B14VAS09,Watershed B14VAS09,watershed||B14VAS09,,West flowing rivers South of Tapi Basin,Vasishti and others,474.267,1.69,100.0
subbasin,VAS,Vasishti and others,subbasin||VAS,,West flowing rivers South of Tapi Basin,Vasishti and others,watershed,B14VAS10,Watershed B14VAS10,watershed||B14VAS10,,West flowing rivers South of Tapi Basin,Vasishti and others,681.209,2.43,100.0
subbasin,VAS,Vasishti and others,subbasin||VAS,,West flowing rivers South of Tapi Basin,Vasishti and others,watershed,B14VAS11,Watershed B14VAS11,watershed||B14VAS11,,West flowing rivers South of Tapi Basin,Vasishti and others,605.142,2.16,100.0
subbasin,VAS,Vasishti and others,subbasin||VAS,,West flowing rivers South of Tapi Basin,Vasishti and others,watershed,B14VAS12,Watershed B14VAS12,watershed||B14VAS12,,West flowing rivers South of Tapi Basin,Vasishti and others,604.8099,2.16,100.0
subbasin,VAS,Vasishti and others,subbasin||VAS,,West flowing rivers South of Tapi Basin,Vasishti and others,watershed,B14VAS13,Watershed B14VAS13,watershed||B14VAS13,,West flowing rivers South of Tapi Basin,Vasishti and others,679.9321,2.43,100.0
subbasin,VAS,Vasishti and others,subbasin||VAS,,West flowing rivers South of Tapi Basin,Vasishti and others,watershed,B14VAS14,Watershed B14VAS14,watershed||B14VAS14,,West flowing rivers South of Tapi Basin,Vasishti and others,420.8449,1.5,100.0
subbasin,VAS,Vasishti and others,subbasin||VAS,,West flowing rivers South of Tapi Basin,Vasishti and others,watershed,B14VAS15,Watershed B14VAS15,watershed||B14VAS15,,West flowing rivers South of Tapi Basin,Vasishti and others,454.3296,1.62,100.0
subbasin,VAS,Vasishti and others,subbasin||VAS,,West flowing rivers South of Tapi Basin,Vasishti and others,watershed,B14VAS16,Watershed B14VAS16,watershed||B14VAS16,,West flowing rivers South of Tapi Basin,Vasishti and others,993.5496,3.55,100.0
subbasin,VAS,Vasishti and others,subbasin||VAS,,West flowing rivers South of Tapi Basin,Vasishti and others,watershed,B14VAS17,Watershed B14VAS17,watershed||B14VAS17,,West flowing rivers South of Tapi Basin,Vasishti and others,856.6967,3.06,100.0
subbasin,VAS,Vasishti and others,subbasin||VAS,,West flowing rivers South of Tapi Basin,Vasishti and others,watershed,B14VAS18,Watershed B14VAS18,watershed||B14VAS18,,West flowing rivers South of Tapi Basin,Vasishti and others,744.776,2.66,100.0
subbasin,VAS,Vasishti and others,subbasin||VAS,,West flowing rivers South of Tapi Basin,Vasishti and others,watershed,B14VAS19,Watershed B14VAS19,watershed||B14VAS19,,West flowing rivers South of Tapi Basin,Vasishti and others,788.0438,2.81,100.0
subbasin,VAS,Vasishti and others,subbasin||VAS,,West flowing rivers South of Tapi Basin,Vasishti and others,watershed,B14VAS20,Watershed B14VAS20,watershed||B14VAS20,,West flowing rivers South of Tapi Basin,Vasishti and others,492.4159,1.76,100.0
subbasin,VAS,Vasishti and others,subbasin||VAS,,West flowing rivers South of Tapi Basin,Vasishti and others,watershed,B14VAS21,Watershed B14VAS21,watershed||B14VAS21,,West flowing rivers South of Tapi Basin,Vasishti and others,343.9463,1.23,100.0
subbasin,VAS,Vasishti and others,subbasin||VAS,,West flowing rivers South of Tapi Basin,Vasishti and others,watershed,B14VAS22,Watershed B14VAS22,watershed||B14VAS22,,West flowing rivers South of Tapi Basin,Vasishti and others,563.1175,2.01,100.0
subbasin,VAS,Vasishti and others,subbasin||VAS,,West flowing rivers South of Tapi Basin,Vasishti and others,watershed,B14VAS23,Watershed B14VAS23,watershed||B14VAS23,,West flowing rivers South of Tapi Basin,Vasishti and others,559.9805,2.0,100.0
subbasin,VAS,Vasishti and others,subbasin||VAS,,West flowing rivers South of Tapi Basin,Vasishti and others,watershed,B14VAS24,Watershed B14VAS24,watershed||B14VAS24,,West flowing rivers South of Tapi Basin,Vasishti and others,657.0734,2.35,100.0
subbasin,VAS,Vasishti and others,subbasin||VAS,,West flowing rivers South of Tapi Basin,Vasishti and others,watershed,B14VAS25,Watershed B14VAS25,watershed||B14VAS25,,West flowing rivers South of Tapi Basin,Vasishti and others,519.9099,1.86,100.0
subbasin,VAS,Vasishti and others,subbasin||VAS,,West flowing rivers South of Tapi Basin,Vasishti and others,watershed,B14VAS26,Watershed B14VAS26,watershed||B14VAS26,,West flowing rivers South of Tapi Basin,Vasishti and others,528.8127,1.89,100.0
subbasin,VAS,Vasishti and others,subbasin||VAS,,West flowing rivers South of Tapi Basin,Vasishti and others,watershed,B14VAS27,Watershed B14VAS27,watershed||B14VAS27,,West flowing rivers South of Tapi Basin,Vasishti and others,492.5089,1.76,100.0
subbasin,VAS,Vasishti and others,subbasin||VAS,,West flowing rivers South of Tapi Basin,Vasishti and others,watershed,B14VAS28,Watershed B14VAS28,watershed||B14VAS28,,West flowing rivers South of Tapi Basin,Vasishti and others,553.1908,1.97,100.0
subbasin,VAS,Vasishti and others,subbasin||VAS,,West flowing rivers South of Tapi Basin,Vasishti and others,watershed,B14VAS29,Watershed B14VAS29,watershed||B14VAS29,,West flowing rivers South of Tapi Basin,Vasishti and others,524.2676,1.87,100.0
subbasin,VAS,Vasishti and others,subbasin||VAS,,West flowing rivers South of Tapi Basin,Vasishti and others,watershed,B14VAS30,Watershed B14VAS30,watershed||B14VAS30,,West flowing rivers South of Tapi Basin,Vasishti and others,372.8439,1.33,100.0
subbasin,VAS,Vasishti and others,subbasin||VAS,,West flowing rivers South of Tapi Basin,Vasishti and others,watershed,B14VAS31,Watershed B14VAS31,watershed||B14VAS31,,West flowing rivers South of Tapi Basin,Vasishti and others,645.7973,2.31,100.0
subbasin,VAS,Vasishti and others,subbasin||VAS,,West flowing rivers South of Tapi Basin,Vasishti and others,watershed,B14VAS32,Watershed B14VAS32,watershed||B14VAS32,,West flowing rivers South of Tapi Basin,Vasishti and others,698.6373,2.49,100.0
subbasin,VAS,Vasishti and others,subbasin||VAS,,West flowing rivers South of Tapi Basin,Vasishti and others,watershed,B14VAS33,Watershed B14VAS33,watershed||B14VAS33,,West flowing rivers South of Tapi Basin,Vasishti and others,814.9333,2.91,100.0
subbasin,VAS,Vasishti and others,subbasin||VAS,,West flowing rivers South of Tapi Basin,Vasishti and others,watershed,B14VAS34,Watershed B14VAS34,watershed||B14VAS34,,West flowing rivers South of Tapi Basin,Vasishti and others,653.9115,2.33,100.0
subbasin,VAS,Vasishti and others,subbasin||VAS,,West flowing rivers South of Tapi Basin,Vasishti and others,watershed,B14VAS35,Watershed B14VAS35,watershed||B14VAS35,,West flowing rivers South of Tapi Basin,Vasishti and others,676.6228,2.42,100.0
subbasin,VAS,Vasishti and others,subbasin||VAS,,West flowing rivers South of Tapi Basin,Vasishti and others,watershed,B14VAS36,Watershed B14VAS36,watershed||B14VAS36,,West flowing rivers South of Tapi Basin,Vasishti and others,436.4294,1.56,100.0
subbasin,VAS,Vasishti and others,subbasin||VAS,,West flowing rivers South of Tapi Basin,Vasishti and others,watershed,B14VAS37,Watershed B14VAS37,watershed||B14VAS37,,West flowing rivers South of Tapi Basin,Vasishti and others,576.2466,2.06,100.0
subbasin,VAS,Vasishti and others,subbasin||VAS,,West flowing rivers South of Tapi Basin,Vasishti and others,watershed,B14VAS38,Watershed B14VAS38,watershed||B14VAS38,,West flowing rivers South of Tapi Basin,Vasishti and others,557.8479,1.99,100.0
subbasin,VAS,Vasishti and others,subbasin||VAS,,West flowing rivers South of Tapi Basin,Vasishti and others,watershed,B14VAS39,Watershed B14VAS39,watershed||B14VAS39,,West flowing rivers South of Tapi Basin,Vasishti and others,637.3639,2.27,100.0
subbasin,VAS,Vasishti and others,subbasin||VAS,,West flowing rivers South of Tapi Basin,Vasishti and others,watershed,B14VAS40,Watershed B14VAS40,watershed||B14VAS40,,West flowing rivers South of Tapi Basin,Vasishti and others,539.5354,1.93,100.0
subbasin,VAS,Vasishti and others,subbasin||VAS,,West flowing rivers South of Tapi Basin,Vasishti and others,watershed,B14VAS41,Watershed B14VAS41,watershed||B14VAS41,,West flowing rivers South of Tapi Basin,Vasishti and others,937.1645,3.35,100.0
subbasin,VAS,Vasishti and others,subbasin||VAS,,West flowing rivers South of Tapi Basin,Vasishti and others,watershed,B14VAS42,Watershed B14VAS42,watershed||B14VAS42,,West flowing rivers South of Tapi Basin,Vasishti and others,613.8095,2.19,100.0
subbasin,VAS,Vasishti and others,subbasin||VAS,,West flowing rivers South of Tapi Basin,Vasishti and others,watershed,B14VAS43,Watershed B14VAS43,watershed||B14VAS43,,West flowing rivers South of Tapi Basin,Vasishti and others,447.1169,1.6,100.0
subbasin,VAS,Vasishti and others,subbasin||VAS,,West flowing rivers South of Tapi Basin,Vasishti and others,watershed,B14VAS44,Watershed B14VAS44,watershed||B14VAS44,,West flowing rivers South of Tapi Basin,Vasishti and others,473.9026,1.69,100.0
subbasin,VAS,Vasishti and others,subbasin||VAS,,West flowing rivers South of Tapi Basin,Vasishti and others,watershed,B14VAS45,Watershed B14VAS45,watershed||B14VAS45,,West flowing rivers South of Tapi Basin,Vasishti and others,804.123,2.87,100.0
subbasin,VAS,Vasishti and others,subbasin||VAS,,West flowing rivers South of Tapi Basin,Vasishti and others,watershed,B14VAS46,Watershed B14VAS46,watershed||B14VAS46,,West flowing rivers South of Tapi Basin,Vasishti and others,444.9709,1.59,100.0
subbasin,VAS,Vasishti and others,subbasin||VAS,,West flowing rivers South of Tapi Basin,Vasishti and others,watershed,B14VAS47,Watershed B14VAS47,watershed||B14VAS47,,West flowing rivers South of Tapi Basin,Vasishti and others,747.2139,2.67,100.0
subbasin,WAR,Wardha,subbasin||WAR,,Godavari Basin,Wardha,watershed,C03WAR01,Watershed C03WAR01,watershed||C03WAR01,,Godavari Basin,Wardha,902.5166,1.88,100.0
subbasin,WAR,Wardha,subbasin||WAR,,Godavari Basin,Wardha,watershed,C03WAR02,Watershed C03WAR02,watershed||C03WAR02,,Godavari Basin,Wardha,813.1111,1.7,100.0
subbasin,WAR,Wardha,subbasin||WAR,,Godavari Basin,Wardha,watershed,C03WAR03,Watershed C03WAR03,watershed||C03WAR03,,Godavari Basin,Wardha,760.3458,1.59,100.0
subbasin,WAR,Wardha,subbasin||WAR,,Godavari Basin,Wardha,watershed,C03WAR04,Watershed C03WAR04,watershed||C03WAR04,,Godavari Basin,Wardha,868.3769,1.81,100.0
subbasin,WAR,Wardha,subbasin||WAR,,Godavari Basin,Wardha,watershed,C03WAR05,Watershed C03WAR05,watershed||C03WAR05,,Godavari Basin,Wardha,615.3477,1.28,100.0
subbasin,WAR,Wardha,subbasin||WAR,,Godavari Basin,Wardha,watershed,C03WAR06,Watershed C03WAR06,watershed||C03WAR06,,Godavari Basin,Wardha,520.0101,1.09,100.0
subbasin,WAR,Wardha,subbasin||WAR,,Godavari Basin,Wardha,watershed,C03WAR07,Watershed C03WAR07,watershed||C03WAR07,,Godavari Basin,Wardha,613.4493,1.28,100.0
subbasin,WAR,Wardha,subbasin||WAR,,Godavari Basin,Wardha,watershed,C03WAR08,Watershed C03WAR08,watershed||C03WAR08,,Godavari Basin,Wardha,526.2954,1.1,100.0
subbasin,WAR,Wardha,subbasin||WAR,,Godavari Basin,Wardha,watershed,C03WAR09,Watershed C03WAR09,watershed||C03WAR09,,Godavari Basin,Wardha,856.7526,1.79,100.0
subbasin,WAR,Wardha,subbasin||WAR,,Godavari Basin,Wardha,watershed,C03WAR10,Watershed C03WAR10,watershed||C03WAR10,,Godavari Basin,Wardha,775.913,1.62,100.0
subbasin,WAR,Wardha,subbasin||WAR,,Godavari Basin,Wardha,watershed,C03WAR11,Watershed C03WAR11,watershed||C03WAR11,,Godavari Basin,Wardha,739.7094,1.54,100.0
subbasin,WAR,Wardha,subbasin||WAR,,Godavari Basin,Wardha,watershed,C03WAR12,Watershed C03WAR12,watershed||C03WAR12,,Godavari Basin,Wardha,851.9121,1.78,100.0
subbasin,WAR,Wardha,subbasin||WAR,,Godavari Basin,Wardha,watershed,C03WAR13,Watershed C03WAR13,watershed||C03WAR13,,Godavari Basin,Wardha,664.6977,1.39,100.0
subbasin,WAR,Wardha,subbasin||WAR,,Godavari Basin,Wardha,watershed,C03WAR14,Watershed C03WAR14,watershed||C03WAR14,,Godavari Basin,Wardha,602.3732,1.26,100.0
subbasin,WAR,Wardha,subbasin||WAR,,Godavari Basin,Wardha,watershed,C03WAR15,Watershed C03WAR15,watershed||C03WAR15,,Godavari Basin,Wardha,708.0306,1.48,100.0
subbasin,WAR,Wardha,subbasin||WAR,,Godavari Basin,Wardha,watershed,C03WAR16,Watershed C03WAR16,watershed||C03WAR16,,Godavari Basin,Wardha,571.8258,1.19,100.0
subbasin,WAR,Wardha,subbasin||WAR,,Godavari Basin,Wardha,watershed,C03WAR17,Watershed C03WAR17,watershed||C03WAR17,,Godavari Basin,Wardha,592.2004,1.24,100.0
subbasin,WAR,Wardha,subbasin||WAR,,Godavari Basin,Wardha,watershed,C03WAR18,Watershed C03WAR18,watershed||C03WAR18,,Godavari Basin,Wardha,559.6779,1.17,100.0
subbasin,WAR,Wardha,subbasin||WAR,,Godavari Basin,Wardha,watershed,C03WAR19,Watershed C03WAR19,watershed||C03WAR19,,Godavari Basin,Wardha,847.0889,1.77,100.0
subbasin,WAR,Wardha,subbasin||WAR,,Godavari Basin,Wardha,watershed,C03WAR20,Watershed C03WAR20,watershed||C03WAR20,,Godavari Basin,Wardha,833.9956,1.74,100.0
subbasin,WAR,Wardha,subbasin||WAR,,Godavari Basin,Wardha,watershed,C03WAR21,Watershed C03WAR21,watershed||C03WAR21,,Godavari Basin,Wardha,811.4891,1.69,100.0
subbasin,WAR,Wardha,subbasin||WAR,,Godavari Basin,Wardha,watershed,C03WAR22,Watershed C03WAR22,watershed||C03WAR22,,Godavari Basin,Wardha,959.9686,2.0,100.0
subbasin,WAR,Wardha,subbasin||WAR,,Godavari Basin,Wardha,watershed,C03WAR23,Watershed C03WAR23,watershed||C03WAR23,,Godavari Basin,Wardha,596.6198,1.25,100.0
subbasin,WAR,Wardha,subbasin||WAR,,Godavari Basin,Wardha,watershed,C03WAR24,Watershed C03WAR24,watershed||C03WAR24,,Godavari Basin,Wardha,558.3522,1.17,100.0
subbasin,WAR,Wardha,subbasin||WAR,,Godavari Basin,Wardha,watershed,C03WAR25,Watershed C03WAR25,watershed||C03WAR25,,Godavari Basin,Wardha,827.4921,1.73,100.0
subbasin,WAR,Wardha,subbasin||WAR,,Godavari Basin,Wardha,watershed,C03WAR26,Watershed C03WAR26,watershed||C03WAR26,,Godavari Basin,Wardha,935.1362,1.95,100.0
subbasin,WAR,Wardha,subbasin||WAR,,Godavari Basin,Wardha,watershed,C03WAR27,Watershed C03WAR27,watershed||C03WAR27,,Godavari Basin,Wardha,737.8883,1.54,100.0
subbasin,WAR,Wardha,subbasin||WAR,,Godavari Basin,Wardha,watershed,C03WAR28,Watershed C03WAR28,watershed||C03WAR28,,Godavari Basin,Wardha,428.2391,0.89,100.0
subbasin,WAR,Wardha,subbasin||WAR,,Godavari Basin,Wardha,watershed,C03WAR29,Watershed C03WAR29,watershed||C03WAR29,,Godavari Basin,Wardha,613.1895,1.28,100.0
subbasin,WAR,Wardha,subbasin||WAR,,Godavari Basin,Wardha,watershed,C03WAR30,Watershed C03WAR30,watershed||C03WAR30,,Godavari Basin,Wardha,759.2676,1.59,100.0
subbasin,WAR,Wardha,subbasin||WAR,,Godavari Basin,Wardha,watershed,C03WAR31,Watershed C03WAR31,watershed||C03WAR31,,Godavari Basin,Wardha,657.7946,1.37,100.0
subbasin,WAR,Wardha,subbasin||WAR,,Godavari Basin,Wardha,watershed,C03WAR32,Watershed C03WAR32,watershed||C03WAR32,,Godavari Basin,Wardha,573.2314,1.2,100.0
subbasin,WAR,Wardha,subbasin||WAR,,Godavari Basin,Wardha,watershed,C03WAR33,Watershed C03WAR33,watershed||C03WAR33,,Godavari Basin,Wardha,662.6837,1.38,100.0
subbasin,WAR,Wardha,subbasin||WAR,,Godavari Basin,Wardha,watershed,C03WAR34,Watershed C03WAR34,watershed||C03WAR34,,Godavari Basin,Wardha,613.0847,1.28,100.0
subbasin,WAR,Wardha,subbasin||WAR,,Godavari Basin,Wardha,watershed,C03WAR35,Watershed C03WAR35,watershed||C03WAR35,,Godavari Basin,Wardha,407.9553,0.85,100.0
subbasin,WAR,Wardha,subbasin||WAR,,Godavari Basin,Wardha,watershed,C03WAR36,Watershed C03WAR36,watershed||C03WAR36,,Godavari Basin,Wardha,467.7091,0.98,100.0
subbasin,WAR,Wardha,subbasin||WAR,,Godavari Basin,Wardha,watershed,C03WAR37,Watershed C03WAR37,watershed||C03WAR37,,Godavari Basin,Wardha,655.0299,1.37,100.0
subbasin,WAR,Wardha,subbasin||WAR,,Godavari Basin,Wardha,watershed,C03WAR38,Watershed C03WAR38,watershed||C03WAR38,,Godavari Basin,Wardha,590.5769,1.23,100.0
subbasin,WAR,Wardha,subbasin||WAR,,Godavari Basin,Wardha,watershed,C03WAR39,Watershed C03WAR39,watershed||C03WAR39,,Godavari Basin,Wardha,601.7827,1.26,100.0
subbasin,WAR,Wardha,subbasin||WAR,,Godavari Basin,Wardha,watershed,C03WAR40,Watershed C03WAR40,watershed||C03WAR40,,Godavari Basin,Wardha,854.3493,1.78,100.0
subbasin,WAR,Wardha,subbasin||WAR,,Godavari Basin,Wardha,watershed,C03WAR41,Watershed C03WAR41,watershed||C03WAR41,,Godavari Basin,Wardha,712.1442,1.49,100.0
subbasin,WAR,Wardha,subbasin||WAR,,Godavari Basin,Wardha,watershed,C03WAR42,Watershed C03WAR42,watershed||C03WAR42,,Godavari Basin,Wardha,529.611,1.11,100.0
subbasin,WAR,Wardha,subbasin||WAR,,Godavari Basin,Wardha,watershed,C03WAR43,Watershed C03WAR43,watershed||C03WAR43,,Godavari Basin,Wardha,887.9276,1.85,100.0
subbasin,WAR,Wardha,subbasin||WAR,,Godavari Basin,Wardha,watershed,C03WAR44,Watershed C03WAR44,watershed||C03WAR44,,Godavari Basin,Wardha,873.3844,1.82,100.0
subbasin,WAR,Wardha,subbasin||WAR,,Godavari Basin,Wardha,watershed,C03WAR45,Watershed C03WAR45,watershed||C03WAR45,,Godavari Basin,Wardha,793.9977,1.66,100.0
subbasin,WAR,Wardha,subbasin||WAR,,Godavari Basin,Wardha,watershed,C03WAR46,Watershed C03WAR46,watershed||C03WAR46,,Godavari Basin,Wardha,740.4811,1.55,100.0
subbasin,WAR,Wardha,subbasin||WAR,,Godavari Basin,Wardha,watershed,C03WAR47,Watershed C03WAR47,watershed||C03WAR47,,Godavari Basin,Wardha,619.6657,1.29,100.0
subbasin,WAR,Wardha,subbasin||WAR,,Godavari Basin,Wardha,watershed,C03WAR48,Watershed C03WAR48,watershed||C03WAR48,,Godavari Basin,Wardha,738.6866,1.54,100.0
subbasin,WAR,Wardha,subbasin||WAR,,Godavari Basin,Wardha,watershed,C03WAR49,Watershed C03WAR49,watershed||C03WAR49,,Godavari Basin,Wardha,813.0134,1.7,100.0
subbasin,WAR,Wardha,subbasin||WAR,,Godavari Basin,Wardha,watershed,C03WAR50,Watershed C03WAR50,watershed||C03WAR50,,Godavari Basin,Wardha,840.8284,1.76,100.0
subbasin,WAR,Wardha,subbasin||WAR,,Godavari Basin,Wardha,watershed,C03WAR51,Watershed C03WAR51,watershed||C03WAR51,,Godavari Basin,Wardha,374.7102,0.78,100.0
subbasin,WAR,Wardha,subbasin||WAR,,Godavari Basin,Wardha,watershed,C03WAR52,Watershed C03WAR52,watershed||C03WAR52,,Godavari Basin,Wardha,658.5678,1.38,100.0
subbasin,WAR,Wardha,subbasin||WAR,,Godavari Basin,Wardha,watershed,C03WAR53,Watershed C03WAR53,watershed||C03WAR53,,Godavari Basin,Wardha,542.7962,1.13,100.0
subbasin,WAR,Wardha,subbasin||WAR,,Godavari Basin,Wardha,watershed,C03WAR54,Watershed C03WAR54,watershed||C03WAR54,,Godavari Basin,Wardha,583.1858,1.22,100.0
subbasin,WAR,Wardha,subbasin||WAR,,Godavari Basin,Wardha,watershed,C03WAR55,Watershed C03WAR55,watershed||C03WAR55,,Godavari Basin,Wardha,506.0509,1.06,100.0
subbasin,WAR,Wardha,subbasin||WAR,,Godavari Basin,Wardha,watershed,C03WAR56,Watershed C03WAR56,watershed||C03WAR56,,Godavari Basin,Wardha,980.5066,2.05,100.0
subbasin,WAR,Wardha,subbasin||WAR,,Godavari Basin,Wardha,watershed,C03WAR57,Watershed C03WAR57,watershed||C03WAR57,,Godavari Basin,Wardha,444.0007,0.93,100.0
subbasin,WAR,Wardha,subbasin||WAR,,Godavari Basin,Wardha,watershed,C03WAR58,Watershed C03WAR58,watershed||C03WAR58,,Godavari Basin,Wardha,742.0188,1.55,100.0
subbasin,WAR,Wardha,subbasin||WAR,,Godavari Basin,Wardha,watershed,C03WAR59,Watershed C03WAR59,watershed||C03WAR59,,Godavari Basin,Wardha,835.5031,1.74,100.0
subbasin,WAR,Wardha,subbasin||WAR,,Godavari Basin,Wardha,watershed,C03WAR60,Watershed C03WAR60,watershed||C03WAR60,,Godavari Basin,Wardha,773.5749,1.62,100.0
subbasin,WAR,Wardha,subbasin||WAR,,Godavari Basin,Wardha,watershed,C03WAR61,Watershed C03WAR61,watershed||C03WAR61,,Godavari Basin,Wardha,573.9592,1.2,100.0
subbasin,WAR,Wardha,subbasin||WAR,,Godavari Basin,Wardha,watershed,C03WAR62,Watershed C03WAR62,watershed||C03WAR62,,Godavari Basin,Wardha,775.6275,1.62,100.0
subbasin,WAR,Wardha,subbasin||WAR,,Godavari Basin,Wardha,watershed,C03WAR63,Watershed C03WAR63,watershed||C03WAR63,,Godavari Basin,Wardha,875.3103,1.83,100.0
subbasin,WAR,Wardha,subbasin||WAR,,Godavari Basin,Wardha,watershed,C03WAR64,Watershed C03WAR64,watershed||C03WAR64,,Godavari Basin,Wardha,597.2059,1.25,100.0
subbasin,WAR,Wardha,subbasin||WAR,,Godavari Basin,Wardha,watershed,C03WAR65,Watershed C03WAR65,watershed||C03WAR65,,Godavari Basin,Wardha,755.257,1.58,100.0
subbasin,WAR,Wardha,subbasin||WAR,,Godavari Basin,Wardha,watershed,C03WAR66,Watershed C03WAR66,watershed||C03WAR66,,Godavari Basin,Wardha,548.5829,1.15,100.0
subbasin,WAR,Wardha,subbasin||WAR,,Godavari Basin,Wardha,watershed,C03WAR67,Watershed C03WAR67,watershed||C03WAR67,,Godavari Basin,Wardha,529.5561,1.11,100.0
subbasin,WAR,Wardha,subbasin||WAR,,Godavari Basin,Wardha,watershed,C03WAR68,Watershed C03WAR68,watershed||C03WAR68,,Godavari Basin,Wardha,888.5353,1.86,100.0
subbasin,WAR,Wardha,subbasin||WAR,,Godavari Basin,Wardha,watershed,C03WAR69,Watershed C03WAR69,watershed||C03WAR69,,Godavari Basin,Wardha,825.1928,1.72,100.0
subbasin,WEI,Weinganga,subbasin||WEI,,Godavari Basin,Weinganga,watershed,C03WEI01,Watershed C03WEI01,watershed||C03WEI01,,Godavari Basin,Weinganga,634.7918,1.23,100.0
subbasin,WEI,Weinganga,subbasin||WEI,,Godavari Basin,Weinganga,watershed,C03WEI02,Watershed C03WEI02,watershed||C03WEI02,,Godavari Basin,Weinganga,454.4489,0.88,100.0
subbasin,WEI,Weinganga,subbasin||WEI,,Godavari Basin,Weinganga,watershed,C03WEI03,Watershed C03WEI03,watershed||C03WEI03,,Godavari Basin,Weinganga,625.7423,1.21,100.0
subbasin,WEI,Weinganga,subbasin||WEI,,Godavari Basin,Weinganga,watershed,C03WEI04,Watershed C03WEI04,watershed||C03WEI04,,Godavari Basin,Weinganga,1001.7204,1.94,100.0
subbasin,WEI,Weinganga,subbasin||WEI,,Godavari Basin,Weinganga,watershed,C03WEI05,Watershed C03WEI05,watershed||C03WEI05,,Godavari Basin,Weinganga,937.5546,1.82,100.0
subbasin,WEI,Weinganga,subbasin||WEI,,Godavari Basin,Weinganga,watershed,C03WEI06,Watershed C03WEI06,watershed||C03WEI06,,Godavari Basin,Weinganga,462.8043,0.9,100.0
subbasin,WEI,Weinganga,subbasin||WEI,,Godavari Basin,Weinganga,watershed,C03WEI07,Watershed C03WEI07,watershed||C03WEI07,,Godavari Basin,Weinganga,712.4399,1.38,100.0
subbasin,WEI,Weinganga,subbasin||WEI,,Godavari Basin,Weinganga,watershed,C03WEI08,Watershed C03WEI08,watershed||C03WEI08,,Godavari Basin,Weinganga,440.1011,0.85,100.0
subbasin,WEI,Weinganga,subbasin||WEI,,Godavari Basin,Weinganga,watershed,C03WEI09,Watershed C03WEI09,watershed||C03WEI09,,Godavari Basin,Weinganga,582.1622,1.13,100.0
subbasin,WEI,Weinganga,subbasin||WEI,,Godavari Basin,Weinganga,watershed,C03WEI10,Watershed C03WEI10,watershed||C03WEI10,,Godavari Basin,Weinganga,673.992,1.31,100.0
subbasin,WEI,Weinganga,subbasin||WEI,,Godavari Basin,Weinganga,watershed,C03WEI11,Watershed C03WEI11,watershed||C03WEI11,,Godavari Basin,Weinganga,650.7911,1.26,100.0
subbasin,WEI,Weinganga,subbasin||WEI,,Godavari Basin,Weinganga,watershed,C03WEI12,Watershed C03WEI12,watershed||C03WEI12,,Godavari Basin,Weinganga,742.5289,1.44,100.0
subbasin,WEI,Weinganga,subbasin||WEI,,Godavari Basin,Weinganga,watershed,C03WEI13,Watershed C03WEI13,watershed||C03WEI13,,Godavari Basin,Weinganga,562.2556,1.09,100.0
subbasin,WEI,Weinganga,subbasin||WEI,,Godavari Basin,Weinganga,watershed,C03WEI14,Watershed C03WEI14,watershed||C03WEI14,,Godavari Basin,Weinganga,978.3314,1.9,100.0
subbasin,WEI,Weinganga,subbasin||WEI,,Godavari Basin,Weinganga,watershed,C03WEI15,Watershed C03WEI15,watershed||C03WEI15,,Godavari Basin,Weinganga,500.6542,0.97,100.0
subbasin,WEI,Weinganga,subbasin||WEI,,Godavari Basin,Weinganga,watershed,C03WEI16,Watershed C03WEI16,watershed||C03WEI16,,Godavari Basin,Weinganga,549.2004,1.06,100.0
subbasin,WEI,Weinganga,subbasin||WEI,,Godavari Basin,Weinganga,watershed,C03WEI17,Watershed C03WEI17,watershed||C03WEI17,,Godavari Basin,Weinganga,1001.3507,1.94,100.0
subbasin,WEI,Weinganga,subbasin||WEI,,Godavari Basin,Weinganga,watershed,C03WEI18,Watershed C03WEI18,watershed||C03WEI18,,Godavari Basin,Weinganga,572.9378,1.11,100.0
subbasin,WEI,Weinganga,subbasin||WEI,,Godavari Basin,Weinganga,watershed,C03WEI19,Watershed C03WEI19,watershed||C03WEI19,,Godavari Basin,Weinganga,810.9872,1.57,100.0
subbasin,WEI,Weinganga,subbasin||WEI,,Godavari Basin,Weinganga,watershed,C03WEI20,Watershed C03WEI20,watershed||C03WEI20,,Godavari Basin,Weinganga,784.3962,1.52,100.0
subbasin,WEI,Weinganga,subbasin||WEI,,Godavari Basin,Weinganga,watershed,C03WEI21,Watershed C03WEI21,watershed||C03WEI21,,Godavari Basin,Weinganga,736.8028,1.43,100.0
subbasin,WEI,Weinganga,subbasin||WEI,,Godavari Basin,Weinganga,watershed,C03WEI22,Watershed C03WEI22,watershed||C03WEI22,,Godavari Basin,Weinganga,655.4209,1.27,100.0
subbasin,WEI,Weinganga,subbasin||WEI,,Godavari Basin,Weinganga,watershed,C03WEI23,Watershed C03WEI23,watershed||C03WEI23,,Godavari Basin,Weinganga,509.1338,0.99,100.0
subbasin,WEI,Weinganga,subbasin||WEI,,Godavari Basin,Weinganga,watershed,C03WEI24,Watershed C03WEI24,watershed||C03WEI24,,Godavari Basin,Weinganga,977.0533,1.89,100.0
subbasin,WEI,Weinganga,subbasin||WEI,,Godavari Basin,Weinganga,watershed,C03WEI25,Watershed C03WEI25,watershed||C03WEI25,,Godavari Basin,Weinganga,521.1963,1.01,100.0
subbasin,WEI,Weinganga,subbasin||WEI,,Godavari Basin,Weinganga,watershed,C03WEI26,Watershed C03WEI26,watershed||C03WEI26,,Godavari Basin,Weinganga,597.3032,1.16,100.0
subbasin,WEI,Weinganga,subbasin||WEI,,Godavari Basin,Weinganga,watershed,C03WEI27,Watershed C03WEI27,watershed||C03WEI27,,Godavari Basin,Weinganga,736.8883,1.43,100.0
subbasin,WEI,Weinganga,subbasin||WEI,,Godavari Basin,Weinganga,watershed,C03WEI28,Watershed C03WEI28,watershed||C03WEI28,,Godavari Basin,Weinganga,925.7558,1.8,100.0
subbasin,WEI,Weinganga,subbasin||WEI,,Godavari Basin,Weinganga,watershed,C03WEI29,Watershed C03WEI29,watershed||C03WEI29,,Godavari Basin,Weinganga,560.3315,1.09,100.0
subbasin,WEI,Weinganga,subbasin||WEI,,Godavari Basin,Weinganga,watershed,C03WEI30,Watershed C03WEI30,watershed||C03WEI30,,Godavari Basin,Weinganga,453.6343,0.88,100.0
subbasin,WEI,Weinganga,subbasin||WEI,,Godavari Basin,Weinganga,watershed,C03WEI31,Watershed C03WEI31,watershed||C03WEI31,,Godavari Basin,Weinganga,581.6763,1.13,100.0
subbasin,WEI,Weinganga,subbasin||WEI,,Godavari Basin,Weinganga,watershed,C03WEI32,Watershed C03WEI32,watershed||C03WEI32,,Godavari Basin,Weinganga,900.1434,1.75,100.0
subbasin,WEI,Weinganga,subbasin||WEI,,Godavari Basin,Weinganga,watershed,C03WEI33,Watershed C03WEI33,watershed||C03WEI33,,Godavari Basin,Weinganga,532.5693,1.03,100.0
subbasin,WEI,Weinganga,subbasin||WEI,,Godavari Basin,Weinganga,watershed,C03WEI34,Watershed C03WEI34,watershed||C03WEI34,,Godavari Basin,Weinganga,490.5646,0.95,100.0
subbasin,WEI,Weinganga,subbasin||WEI,,Godavari Basin,Weinganga,watershed,C03WEI35,Watershed C03WEI35,watershed||C03WEI35,,Godavari Basin,Weinganga,640.9345,1.24,100.0
subbasin,WEI,Weinganga,subbasin||WEI,,Godavari Basin,Weinganga,watershed,C03WEI36,Watershed C03WEI36,watershed||C03WEI36,,Godavari Basin,Weinganga,614.1655,1.19,100.0
subbasin,WEI,Weinganga,subbasin||WEI,,Godavari Basin,Weinganga,watershed,C03WEI37,Watershed C03WEI37,watershed||C03WEI37,,Godavari Basin,Weinganga,511.0981,0.99,100.0
subbasin,WEI,Weinganga,subbasin||WEI,,Godavari Basin,Weinganga,watershed,C03WEI38,Watershed C03WEI38,watershed||C03WEI38,,Godavari Basin,Weinganga,425.4901,0.83,100.0
subbasin,WEI,Weinganga,subbasin||WEI,,Godavari Basin,Weinganga,watershed,C03WEI39,Watershed C03WEI39,watershed||C03WEI39,,Godavari Basin,Weinganga,607.0235,1.18,100.0
subbasin,WEI,Weinganga,subbasin||WEI,,Godavari Basin,Weinganga,watershed,C03WEI40,Watershed C03WEI40,watershed||C03WEI40,,Godavari Basin,Weinganga,664.6055,1.29,100.0
subbasin,WEI,Weinganga,subbasin||WEI,,Godavari Basin,Weinganga,watershed,C03WEI41,Watershed C03WEI41,watershed||C03WEI41,,Godavari Basin,Weinganga,736.6917,1.43,100.0
subbasin,WEI,Weinganga,subbasin||WEI,,Godavari Basin,Weinganga,watershed,C03WEI42,Watershed C03WEI42,watershed||C03WEI42,,Godavari Basin,Weinganga,856.9081,1.66,100.0
subbasin,WEI,Weinganga,subbasin||WEI,,Godavari Basin,Weinganga,watershed,C03WEI43,Watershed C03WEI43,watershed||C03WEI43,,Godavari Basin,Weinganga,518.5951,1.01,100.0
subbasin,WEI,Weinganga,subbasin||WEI,,Godavari Basin,Weinganga,watershed,C03WEI44,Watershed C03WEI44,watershed||C03WEI44,,Godavari Basin,Weinganga,607.4111,1.18,100.0
subbasin,WEI,Weinganga,subbasin||WEI,,Godavari Basin,Weinganga,watershed,C03WEI45,Watershed C03WEI45,watershed||C03WEI45,,Godavari Basin,Weinganga,813.8515,1.58,100.0
subbasin,WEI,Weinganga,subbasin||WEI,,Godavari Basin,Weinganga,watershed,C03WEI46,Watershed C03WEI46,watershed||C03WEI46,,Godavari Basin,Weinganga,598.9953,1.16,100.0
subbasin,WEI,Weinganga,subbasin||WEI,,Godavari Basin,Weinganga,watershed,C03WEI47,Watershed C03WEI47,watershed||C03WEI47,,Godavari Basin,Weinganga,512.2319,0.99,100.0
subbasin,WEI,Weinganga,subbasin||WEI,,Godavari Basin,Weinganga,watershed,C03WEI48,Watershed C03WEI48,watershed||C03WEI48,,Godavari Basin,Weinganga,510.7377,0.99,100.0
subbasin,WEI,Weinganga,subbasin||WEI,,Godavari Basin,Weinganga,watershed,C03WEI49,Watershed C03WEI49,watershed||C03WEI49,,Godavari Basin,Weinganga,920.0195,1.78,100.0
subbasin,WEI,Weinganga,subbasin||WEI,,Godavari Basin,Weinganga,watershed,C03WEI50,Watershed C03WEI50,watershed||C03WEI50,,Godavari Basin,Weinganga,790.4144,1.53,100.0
subbasin,WEI,Weinganga,subbasin||WEI,,Godavari Basin,Weinganga,watershed,C03WEI51,Watershed C03WEI51,watershed||C03WEI51,,Godavari Basin,Weinganga,762.8051,1.48,100.0
subbasin,WEI,Weinganga,subbasin||WEI,,Godavari Basin,Weinganga,watershed,C03WEI52,Watershed C03WEI52,watershed||C03WEI52,,Godavari Basin,Weinganga,848.8804,1.65,100.0
subbasin,WEI,Weinganga,subbasin||WEI,,Godavari Basin,Weinganga,watershed,C03WEI53,Watershed C03WEI53,watershed||C03WEI53,,Godavari Basin,Weinganga,744.7822,1.44,100.0
subbasin,WEI,Weinganga,subbasin||WEI,,Godavari Basin,Weinganga,watershed,C03WEI54,Watershed C03WEI54,watershed||C03WEI54,,Godavari Basin,Weinganga,317.4923,0.62,100.0
subbasin,WEI,Weinganga,subbasin||WEI,,Godavari Basin,Weinganga,watershed,C03WEI55,Watershed C03WEI55,watershed||C03WEI55,,Godavari Basin,Weinganga,427.716,0.83,100.0
subbasin,WEI,Weinganga,subbasin||WEI,,Godavari Basin,Weinganga,watershed,C03WEI56,Watershed C03WEI56,watershed||C03WEI56,,Godavari Basin,Weinganga,416.815,0.81,100.0
subbasin,WEI,Weinganga,subbasin||WEI,,Godavari Basin,Weinganga,watershed,C03WEI57,Watershed C03WEI57,watershed||C03WEI57,,Godavari Basin,Weinganga,513.4242,1.0,100.0
subbasin,WEI,Weinganga,subbasin||WEI,,Godavari Basin,Weinganga,watershed,C03WEI58,Watershed C03WEI58,watershed||C03WEI58,,Godavari Basin,Weinganga,734.7346,1.42,100.0
subbasin,WEI,Weinganga,subbasin||WEI,,Godavari Basin,Weinganga,watershed,C03WEI59,Watershed C03WEI59,watershed||C03WEI59,,Godavari Basin,Weinganga,499.0461,0.97,100.0
subbasin,WEI,Weinganga,subbasin||WEI,,Godavari Basin,Weinganga,watershed,C03WEI60,Watershed C03WEI60,watershed||C03WEI60,,Godavari Basin,Weinganga,436.2475,0.85,100.0
subbasin,WEI,Weinganga,subbasin||WEI,,Godavari Basin,Weinganga,watershed,C03WEI61,Watershed C03WEI61,watershed||C03WEI61,,Godavari Basin,Weinganga,458.3696,0.89,100.0
subbasin,WEI,Weinganga,subbasin||WEI,,Godavari Basin,Weinganga,watershed,C03WEI62,Watershed C03WEI62,watershed||C03WEI62,,Godavari Basin,Weinganga,695.5135,1.35,100.0
subbasin,WEI,Weinganga,subbasin||WEI,,Godavari Basin,Weinganga,watershed,C03WEI63,Watershed C03WEI63,watershed||C03WEI63,,Godavari Basin,Weinganga,891.6964,1.73,100.0
subbasin,WEI,Weinganga,subbasin||WEI,,Godavari Basin,Weinganga,watershed,C03WEI64,Watershed C03WEI64,watershed||C03WEI64,,Godavari Basin,Weinganga,834.9429,1.62,100.0
subbasin,WEI,Weinganga,subbasin||WEI,,Godavari Basin,Weinganga,watershed,C03WEI65,Watershed C03WEI65,watershed||C03WEI65,,Godavari Basin,Weinganga,1006.7924,1.95,100.0
subbasin,WEI,Weinganga,subbasin||WEI,,Godavari Basin,Weinganga,watershed,C03WEI66,Watershed C03WEI66,watershed||C03WEI66,,Godavari Basin,Weinganga,527.5802,1.02,100.0
subbasin,WEI,Weinganga,subbasin||WEI,,Godavari Basin,Weinganga,watershed,C03WEI67,Watershed C03WEI67,watershed||C03WEI67,,Godavari Basin,Weinganga,674.2079,1.31,100.0
subbasin,WEI,Weinganga,subbasin||WEI,,Godavari Basin,Weinganga,watershed,C03WEI68,Watershed C03WEI68,watershed||C03WEI68,,Godavari Basin,Weinganga,342.5387,0.66,100.0
subbasin,WEI,Weinganga,subbasin||WEI,,Godavari Basin,Weinganga,watershed,C03WEI69,Watershed C03WEI69,watershed||C03WEI69,,Godavari Basin,Weinganga,518.4874,1.01,100.0
subbasin,WEI,Weinganga,subbasin||WEI,,Godavari Basin,Weinganga,watershed,C03WEI70,Watershed C03WEI70,watershed||C03WEI70,,Godavari Basin,Weinganga,893.4256,1.73,100.0
subbasin,WEI,Weinganga,subbasin||WEI,,Godavari Basin,Weinganga,watershed,C03WEI71,Watershed C03WEI71,watershed||C03WEI71,,Godavari Basin,Weinganga,780.5855,1.51,100.0
subbasin,WEI,Weinganga,subbasin||WEI,,Godavari Basin,Weinganga,watershed,C03WEI72,Watershed C03WEI72,watershed||C03WEI72,,Godavari Basin,Weinganga,316.3909,0.61,100.0
subbasin,WEI,Weinganga,subbasin||WEI,,Godavari Basin,Weinganga,watershed,C03WEI73,Watershed C03WEI73,watershed||C03WEI73,,Godavari Basin,Weinganga,930.703,1.8,100.0
subbasin,WEI,Weinganga,subbasin||WEI,,Godavari Basin,Weinganga,watershed,C03WEI74,Watershed C03WEI74,watershed||C03WEI74,,Godavari Basin,Weinganga,574.1788,1.11,100.0
subbasin,WEI,Weinganga,subbasin||WEI,,Godavari Basin,Weinganga,watershed,C03WEI75,Watershed C03WEI75,watershed||C03WEI75,,Godavari Basin,Weinganga,318.7794,0.62,100.0
subbasin,WEI,Weinganga,subbasin||WEI,,Godavari Basin,Weinganga,watershed,C03WEI76,Watershed C03WEI76,watershed||C03WEI76,,Godavari Basin,Weinganga,844.1405,1.64,100.0
subbasin,WEI,Weinganga,subbasin||WEI,,Godavari Basin,Weinganga,watershed,C03WEI77,Watershed C03WEI77,watershed||C03WEI77,,Godavari Basin,Weinganga,509.4578,0.99,100.0
subbasin,WEI,Weinganga,subbasin||WEI,,Godavari Basin,Weinganga,watershed,C03WEI78,Watershed C03WEI78,watershed||C03WEI78,,Godavari Basin,Weinganga,452.2077,0.88,100.0
subbasin,WEI,Weinganga,subbasin||WEI,,Godavari Basin,Weinganga,watershed,C03WEI79,Watershed C03WEI79,watershed||C03WEI79,,Godavari Basin,Weinganga,425.4527,0.82,100.0
subbasin,WEI,Weinganga,subbasin||WEI,,Godavari Basin,Weinganga,watershed,C03WEI80,Watershed C03WEI80,watershed||C03WEI80,,Godavari Basin,Weinganga,686.6472,1.33,100.0
subbasin,YAL,Yamuna Lower,subbasin||YAL,,Ganga Basin,Yamuna Lower,watershed,C2AYAL01,Watershed C2AYAL01,watershed||C2AYAL01,,Ganga Basin,Yamuna Lower,1421.0867,1.09,100.0
subbasin,YAL,Yamuna Lower,subbasin||YAL,,Ganga Basin,Yamuna Lower,watershed,C2AYAL02,Watershed C2AYAL02,watershed||C2AYAL02,,Ganga Basin,Yamuna Lower,1189.914,0.92,100.0
subbasin,YAL,Yamuna Lower,subbasin||YAL,,Ganga Basin,Yamuna Lower,watershed,C2AYAL03,Watershed C2AYAL03,watershed||C2AYAL03,,Ganga Basin,Yamuna Lower,1281.3776,0.99,100.0
subbasin,YAL,Yamuna Lower,subbasin||YAL,,Ganga Basin,Yamuna Lower,watershed,C2AYAL04,Watershed C2AYAL04,watershed||C2AYAL04,,Ganga Basin,Yamuna Lower,1153.2845,0.89,100.0
subbasin,YAL,Yamuna Lower,subbasin||YAL,,Ganga Basin,Yamuna Lower,watershed,C2AYAL05,Watershed C2AYAL05,watershed||C2AYAL05,,Ganga Basin,Yamuna Lower,1619.1252,1.25,100.0
subbasin,YAL,Yamuna Lower,subbasin||YAL,,Ganga Basin,Yamuna Lower,watershed,C2AYAL06,Watershed C2AYAL06,watershed||C2AYAL06,,Ganga Basin,Yamuna Lower,843.0178,0.65,100.0
subbasin,YAL,Yamuna Lower,subbasin||YAL,,Ganga Basin,Yamuna Lower,watershed,C2AYAL07,Watershed C2AYAL07,watershed||C2AYAL07,,Ganga Basin,Yamuna Lower,1373.9069,1.06,100.0
subbasin,YAL,Yamuna Lower,subbasin||YAL,,Ganga Basin,Yamuna Lower,watershed,C2AYAL08,Watershed C2AYAL08,watershed||C2AYAL08,,Ganga Basin,Yamuna Lower,1346.2627,1.04,100.0
subbasin,YAL,Yamuna Lower,subbasin||YAL,,Ganga Basin,Yamuna Lower,watershed,C2AYAL09,Watershed C2AYAL09,watershed||C2AYAL09,,Ganga Basin,Yamuna Lower,1475.4491,1.14,100.0
subbasin,YAL,Yamuna Lower,subbasin||YAL,,Ganga Basin,Yamuna Lower,watershed,C2AYAL10,Watershed C2AYAL10,watershed||C2AYAL10,,Ganga Basin,Yamuna Lower,1362.0061,1.05,100.0
subbasin,YAL,Yamuna Lower,subbasin||YAL,,Ganga Basin,Yamuna Lower,watershed,C2AYAL11,Watershed C2AYAL11,watershed||C2AYAL11,,Ganga Basin,Yamuna Lower,1029.9334,0.79,100.0
subbasin,YAL,Yamuna Lower,subbasin||YAL,,Ganga Basin,Yamuna Lower,watershed,C2AYAL12,Watershed C2AYAL12,watershed||C2AYAL12,,Ganga Basin,Yamuna Lower,1827.6426,1.41,100.0
subbasin,YAL,Yamuna Lower,subbasin||YAL,,Ganga Basin,Yamuna Lower,watershed,C2AYAL13,Watershed C2AYAL13,watershed||C2AYAL13,,Ganga Basin,Yamuna Lower,862.8839,0.66,100.0
subbasin,YAL,Yamuna Lower,subbasin||YAL,,Ganga Basin,Yamuna Lower,watershed,C2AYAL14,Watershed C2AYAL14,watershed||C2AYAL14,,Ganga Basin,Yamuna Lower,1353.1506,1.04,100.0
subbasin,YAL,Yamuna Lower,subbasin||YAL,,Ganga Basin,Yamuna Lower,watershed,C2AYAL15,Watershed C2AYAL15,watershed||C2AYAL15,,Ganga Basin,Yamuna Lower,1091.9359,0.84,100.0
subbasin,YAL,Yamuna Lower,subbasin||YAL,,Ganga Basin,Yamuna Lower,watershed,C2AYAL16,Watershed C2AYAL16,watershed||C2AYAL16,,Ganga Basin,Yamuna Lower,1569.6022,1.21,100.0
subbasin,YAL,Yamuna Lower,subbasin||YAL,,Ganga Basin,Yamuna Lower,watershed,C2AYAL17,Watershed C2AYAL17,watershed||C2AYAL17,,Ganga Basin,Yamuna Lower,1201.7956,0.93,100.0
subbasin,YAL,Yamuna Lower,subbasin||YAL,,Ganga Basin,Yamuna Lower,watershed,C2AYAL18,Watershed C2AYAL18,watershed||C2AYAL18,,Ganga Basin,Yamuna Lower,1734.4723,1.34,100.0
subbasin,YAL,Yamuna Lower,subbasin||YAL,,Ganga Basin,Yamuna Lower,watershed,C2AYAL19,Watershed C2AYAL19,watershed||C2AYAL19,,Ganga Basin,Yamuna Lower,1542.7511,1.19,100.0
subbasin,YAL,Yamuna Lower,subbasin||YAL,,Ganga Basin,Yamuna Lower,watershed,C2AYAL20,Watershed C2AYAL20,watershed||C2AYAL20,,Ganga Basin,Yamuna Lower,1805.1769,1.39,100.0
subbasin,YAL,Yamuna Lower,subbasin||YAL,,Ganga Basin,Yamuna Lower,watershed,C2AYAL21,Watershed C2AYAL21,watershed||C2AYAL21,,Ganga Basin,Yamuna Lower,1378.7511,1.06,100.0
subbasin,YAL,Yamuna Lower,subbasin||YAL,,Ganga Basin,Yamuna Lower,watershed,C2AYAL22,Watershed C2AYAL22,watershed||C2AYAL22,,Ganga Basin,Yamuna Lower,1316.6394,1.01,100.0
subbasin,YAL,Yamuna Lower,subbasin||YAL,,Ganga Basin,Yamuna Lower,watershed,C2AYAL23,Watershed C2AYAL23,watershed||C2AYAL23,,Ganga Basin,Yamuna Lower,1341.6613,1.03,100.0
subbasin,YAL,Yamuna Lower,subbasin||YAL,,Ganga Basin,Yamuna Lower,watershed,C2AYAL24,Watershed C2AYAL24,watershed||C2AYAL24,,Ganga Basin,Yamuna Lower,1104.4059,0.85,100.0
subbasin,YAL,Yamuna Lower,subbasin||YAL,,Ganga Basin,Yamuna Lower,watershed,C2AYAL25,Watershed C2AYAL25,watershed||C2AYAL25,,Ganga Basin,Yamuna Lower,1535.4296,1.18,100.0
subbasin,YAL,Yamuna Lower,subbasin||YAL,,Ganga Basin,Yamuna Lower,watershed,C2AYAL26,Watershed C2AYAL26,watershed||C2AYAL26,,Ganga Basin,Yamuna Lower,1433.2118,1.1,100.0
subbasin,YAL,Yamuna Lower,subbasin||YAL,,Ganga Basin,Yamuna Lower,watershed,C2AYAL27,Watershed C2AYAL27,watershed||C2AYAL27,,Ganga Basin,Yamuna Lower,1029.8396,0.79,100.0
subbasin,YAL,Yamuna Lower,subbasin||YAL,,Ganga Basin,Yamuna Lower,watershed,C2AYAL28,Watershed C2AYAL28,watershed||C2AYAL28,,Ganga Basin,Yamuna Lower,1550.8667,1.19,100.0
subbasin,YAL,Yamuna Lower,subbasin||YAL,,Ganga Basin,Yamuna Lower,watershed,C2AYAL29,Watershed C2AYAL29,watershed||C2AYAL29,,Ganga Basin,Yamuna Lower,1720.1866,1.33,100.0
subbasin,YAL,Yamuna Lower,subbasin||YAL,,Ganga Basin,Yamuna Lower,watershed,C2AYAL30,Watershed C2AYAL30,watershed||C2AYAL30,,Ganga Basin,Yamuna Lower,1028.4617,0.79,100.0
subbasin,YAL,Yamuna Lower,subbasin||YAL,,Ganga Basin,Yamuna Lower,watershed,C2AYAL31,Watershed C2AYAL31,watershed||C2AYAL31,,Ganga Basin,Yamuna Lower,1792.3401,1.38,100.0
subbasin,YAL,Yamuna Lower,subbasin||YAL,,Ganga Basin,Yamuna Lower,watershed,C2AYAL32,Watershed C2AYAL32,watershed||C2AYAL32,,Ganga Basin,Yamuna Lower,1541.859,1.19,100.0
subbasin,YAL,Yamuna Lower,subbasin||YAL,,Ganga Basin,Yamuna Lower,watershed,C2AYAL33,Watershed C2AYAL33,watershed||C2AYAL33,,Ganga Basin,Yamuna Lower,1734.4838,1.34,100.0
subbasin,YAL,Yamuna Lower,subbasin||YAL,,Ganga Basin,Yamuna Lower,watershed,C2AYAL34,Watershed C2AYAL34,watershed||C2AYAL34,,Ganga Basin,Yamuna Lower,1377.9977,1.06,100.0
subbasin,YAL,Yamuna Lower,subbasin||YAL,,Ganga Basin,Yamuna Lower,watershed,C2AYAL35,Watershed C2AYAL35,watershed||C2AYAL35,,Ganga Basin,Yamuna Lower,1723.0898,1.33,100.0
subbasin,YAL,Yamuna Lower,subbasin||YAL,,Ganga Basin,Yamuna Lower,watershed,C2AYAL36,Watershed C2AYAL36,watershed||C2AYAL36,,Ganga Basin,Yamuna Lower,1073.1788,0.83,100.0
subbasin,YAL,Yamuna Lower,subbasin||YAL,,Ganga Basin,Yamuna Lower,watershed,C2AYAL37,Watershed C2AYAL37,watershed||C2AYAL37,,Ganga Basin,Yamuna Lower,1080.9159,0.83,100.0
subbasin,YAL,Yamuna Lower,subbasin||YAL,,Ganga Basin,Yamuna Lower,watershed,C2AYAL38,Watershed C2AYAL38,watershed||C2AYAL38,,Ganga Basin,Yamuna Lower,826.3563,0.64,100.0
subbasin,YAL,Yamuna Lower,subbasin||YAL,,Ganga Basin,Yamuna Lower,watershed,C2AYAL39,Watershed C2AYAL39,watershed||C2AYAL39,,Ganga Basin,Yamuna Lower,1815.9961,1.4,100.0
subbasin,YAL,Yamuna Lower,subbasin||YAL,,Ganga Basin,Yamuna Lower,watershed,C2AYAL40,Watershed C2AYAL40,watershed||C2AYAL40,,Ganga Basin,Yamuna Lower,1058.1832,0.82,100.0
subbasin,YAL,Yamuna Lower,subbasin||YAL,,Ganga Basin,Yamuna Lower,watershed,C2AYAL41,Watershed C2AYAL41,watershed||C2AYAL41,,Ganga Basin,Yamuna Lower,1173.1423,0.9,100.0
subbasin,YAL,Yamuna Lower,subbasin||YAL,,Ganga Basin,Yamuna Lower,watershed,C2AYAL42,Watershed C2AYAL42,watershed||C2AYAL42,,Ganga Basin,Yamuna Lower,992.057,0.76,100.0
subbasin,YAL,Yamuna Lower,subbasin||YAL,,Ganga Basin,Yamuna Lower,watershed,C2AYAL43,Watershed C2AYAL43,watershed||C2AYAL43,,Ganga Basin,Yamuna Lower,1420.9739,1.09,100.0
subbasin,YAL,Yamuna Lower,subbasin||YAL,,Ganga Basin,Yamuna Lower,watershed,C2AYAL44,Watershed C2AYAL44,watershed||C2AYAL44,,Ganga Basin,Yamuna Lower,1069.5316,0.82,100.0
subbasin,YAL,Yamuna Lower,subbasin||YAL,,Ganga Basin,Yamuna Lower,watershed,C2AYAL45,Watershed C2AYAL45,watershed||C2AYAL45,,Ganga Basin,Yamuna Lower,1280.1794,0.99,100.0
subbasin,YAL,Yamuna Lower,subbasin||YAL,,Ganga Basin,Yamuna Lower,watershed,C2AYAL46,Watershed C2AYAL46,watershed||C2AYAL46,,Ganga Basin,Yamuna Lower,1700.7996,1.31,100.0
subbasin,YAL,Yamuna Lower,subbasin||YAL,,Ganga Basin,Yamuna Lower,watershed,C2AYAL47,Watershed C2AYAL47,watershed||C2AYAL47,,Ganga Basin,Yamuna Lower,1553.8186,1.2,100.0
subbasin,YAL,Yamuna Lower,subbasin||YAL,,Ganga Basin,Yamuna Lower,watershed,C2AYAL48,Watershed C2AYAL48,watershed||C2AYAL48,,Ganga Basin,Yamuna Lower,1321.7998,1.02,100.0
subbasin,YAL,Yamuna Lower,subbasin||YAL,,Ganga Basin,Yamuna Lower,watershed,C2AYAL49,Watershed C2AYAL49,watershed||C2AYAL49,,Ganga Basin,Yamuna Lower,1519.889,1.17,100.0
subbasin,YAL,Yamuna Lower,subbasin||YAL,,Ganga Basin,Yamuna Lower,watershed,C2AYAL50,Watershed C2AYAL50,watershed||C2AYAL50,,Ganga Basin,Yamuna Lower,994.5584,0.77,100.0
subbasin,YAL,Yamuna Lower,subbasin||YAL,,Ganga Basin,Yamuna Lower,watershed,C2AYAL51,Watershed C2AYAL51,watershed||C2AYAL51,,Ganga Basin,Yamuna Lower,896.2894,0.69,100.0
subbasin,YAL,Yamuna Lower,subbasin||YAL,,Ganga Basin,Yamuna Lower,watershed,C2AYAL52,Watershed C2AYAL52,watershed||C2AYAL52,,Ganga Basin,Yamuna Lower,1850.6945,1.43,100.0
subbasin,YAL,Yamuna Lower,subbasin||YAL,,Ganga Basin,Yamuna Lower,watershed,C2AYAL53,Watershed C2AYAL53,watershed||C2AYAL53,,Ganga Basin,Yamuna Lower,1452.4165,1.12,100.0
subbasin,YAL,Yamuna Lower,subbasin||YAL,,Ganga Basin,Yamuna Lower,watershed,C2AYAL54,Watershed C2AYAL54,watershed||C2AYAL54,,Ganga Basin,Yamuna Lower,1345.2648,1.04,100.0
subbasin,YAL,Yamuna Lower,subbasin||YAL,,Ganga Basin,Yamuna Lower,watershed,C2AYAL55,Watershed C2AYAL55,watershed||C2AYAL55,,Ganga Basin,Yamuna Lower,1103.8852,0.85,100.0
subbasin,YAL,Yamuna Lower,subbasin||YAL,,Ganga Basin,Yamuna Lower,watershed,C2AYAL56,Watershed C2AYAL56,watershed||C2AYAL56,,Ganga Basin,Yamuna Lower,1073.9216,0.83,100.0
subbasin,YAL,Yamuna Lower,subbasin||YAL,,Ganga Basin,Yamuna Lower,watershed,C2AYAL57,Watershed C2AYAL57,watershed||C2AYAL57,,Ganga Basin,Yamuna Lower,1811.4228,1.4,100.0
subbasin,YAL,Yamuna Lower,subbasin||YAL,,Ganga Basin,Yamuna Lower,watershed,C2AYAL58,Watershed C2AYAL58,watershed||C2AYAL58,,Ganga Basin,Yamuna Lower,1633.0129,1.26,100.0
subbasin,YAL,Yamuna Lower,subbasin||YAL,,Ganga Basin,Yamuna Lower,watershed,C2AYAL59,Watershed C2AYAL59,watershed||C2AYAL59,,Ganga Basin,Yamuna Lower,1034.4698,0.8,100.0
subbasin,YAL,Yamuna Lower,subbasin||YAL,,Ganga Basin,Yamuna Lower,watershed,C2AYAL60,Watershed C2AYAL60,watershed||C2AYAL60,,Ganga Basin,Yamuna Lower,1464.4131,1.13,100.0
subbasin,YAL,Yamuna Lower,subbasin||YAL,,Ganga Basin,Yamuna Lower,watershed,C2AYAL61,Watershed C2AYAL61,watershed||C2AYAL61,,Ganga Basin,Yamuna Lower,995.9833,0.77,100.0
subbasin,YAL,Yamuna Lower,subbasin||YAL,,Ganga Basin,Yamuna Lower,watershed,C2AYAL62,Watershed C2AYAL62,watershed||C2AYAL62,,Ganga Basin,Yamuna Lower,1544.4964,1.19,100.0
subbasin,YAL,Yamuna Lower,subbasin||YAL,,Ganga Basin,Yamuna Lower,watershed,C2AYAL63,Watershed C2AYAL63,watershed||C2AYAL63,,Ganga Basin,Yamuna Lower,1036.9881,0.8,100.0
subbasin,YAL,Yamuna Lower,subbasin||YAL,,Ganga Basin,Yamuna Lower,watershed,C2AYAL64,Watershed C2AYAL64,watershed||C2AYAL64,,Ganga Basin,Yamuna Lower,1137.103,0.88,100.0
subbasin,YAL,Yamuna Lower,subbasin||YAL,,Ganga Basin,Yamuna Lower,watershed,C2AYAL65,Watershed C2AYAL65,watershed||C2AYAL65,,Ganga Basin,Yamuna Lower,1128.185,0.87,100.0
subbasin,YAL,Yamuna Lower,subbasin||YAL,,Ganga Basin,Yamuna Lower,watershed,C2AYAL66,Watershed C2AYAL66,watershed||C2AYAL66,,Ganga Basin,Yamuna Lower,1387.6498,1.07,100.0
subbasin,YAL,Yamuna Lower,subbasin||YAL,,Ganga Basin,Yamuna Lower,watershed,C2AYAL67,Watershed C2AYAL67,watershed||C2AYAL67,,Ganga Basin,Yamuna Lower,1730.5271,1.33,100.0
subbasin,YAL,Yamuna Lower,subbasin||YAL,,Ganga Basin,Yamuna Lower,watershed,C2AYAL68,Watershed C2AYAL68,watershed||C2AYAL68,,Ganga Basin,Yamuna Lower,1696.7285,1.31,100.0
subbasin,YAL,Yamuna Lower,subbasin||YAL,,Ganga Basin,Yamuna Lower,watershed,C2AYAL69,Watershed C2AYAL69,watershed||C2AYAL69,,Ganga Basin,Yamuna Lower,1335.4267,1.03,100.0
subbasin,YAL,Yamuna Lower,subbasin||YAL,,Ganga Basin,Yamuna Lower,watershed,C2AYAL70,Watershed C2AYAL70,watershed||C2AYAL70,,Ganga Basin,Yamuna Lower,1189.1681,0.92,100.0
subbasin,YAL,Yamuna Lower,subbasin||YAL,,Ganga Basin,Yamuna Lower,watershed,C2AYAL71,Watershed C2AYAL71,watershed||C2AYAL71,,Ganga Basin,Yamuna Lower,985.2799,0.76,100.0
subbasin,YAL,Yamuna Lower,subbasin||YAL,,Ganga Basin,Yamuna Lower,watershed,C2AYAL72,Watershed C2AYAL72,watershed||C2AYAL72,,Ganga Basin,Yamuna Lower,1827.2661,1.41,100.0
subbasin,YAL,Yamuna Lower,subbasin||YAL,,Ganga Basin,Yamuna Lower,watershed,C2AYAL73,Watershed C2AYAL73,watershed||C2AYAL73,,Ganga Basin,Yamuna Lower,1047.5426,0.81,100.0
subbasin,YAL,Yamuna Lower,subbasin||YAL,,Ganga Basin,Yamuna Lower,watershed,C2AYAL74,Watershed C2AYAL74,watershed||C2AYAL74,,Ganga Basin,Yamuna Lower,1120.3345,0.86,100.0
subbasin,YAL,Yamuna Lower,subbasin||YAL,,Ganga Basin,Yamuna Lower,watershed,C2AYAL75,Watershed C2AYAL75,watershed||C2AYAL75,,Ganga Basin,Yamuna Lower,1205.9353,0.93,100.0
subbasin,YAL,Yamuna Lower,subbasin||YAL,,Ganga Basin,Yamuna Lower,watershed,C2AYAL76,Watershed C2AYAL76,watershed||C2AYAL76,,Ganga Basin,Yamuna Lower,1607.4343,1.24,100.0
subbasin,YAL,Yamuna Lower,subbasin||YAL,,Ganga Basin,Yamuna Lower,watershed,C2AYAL77,Watershed C2AYAL77,watershed||C2AYAL77,,Ganga Basin,Yamuna Lower,1460.5386,1.13,100.0
subbasin,YAL,Yamuna Lower,subbasin||YAL,,Ganga Basin,Yamuna Lower,watershed,C2AYAL78,Watershed C2AYAL78,watershed||C2AYAL78,,Ganga Basin,Yamuna Lower,1680.5699,1.29,100.0
subbasin,YAL,Yamuna Lower,subbasin||YAL,,Ganga Basin,Yamuna Lower,watershed,C2AYAL79,Watershed C2AYAL79,watershed||C2AYAL79,,Ganga Basin,Yamuna Lower,1202.9771,0.93,100.0
subbasin,YAL,Yamuna Lower,subbasin||YAL,,Ganga Basin,Yamuna Lower,watershed,C2AYAL80,Watershed C2AYAL80,watershed||C2AYAL80,,Ganga Basin,Yamuna Lower,1395.4511,1.08,100.0
subbasin,YAL,Yamuna Lower,subbasin||YAL,,Ganga Basin,Yamuna Lower,watershed,C2AYAL81,Watershed C2AYAL81,watershed||C2AYAL81,,Ganga Basin,Yamuna Lower,861.303,0.66,100.0
subbasin,YAL,Yamuna Lower,subbasin||YAL,,Ganga Basin,Yamuna Lower,watershed,C2AYAL82,Watershed C2AYAL82,watershed||C2AYAL82,,Ganga Basin,Yamuna Lower,1559.0259,1.2,100.0
subbasin,YAL,Yamuna Lower,subbasin||YAL,,Ganga Basin,Yamuna Lower,watershed,C2AYAL83,Watershed C2AYAL83,watershed||C2AYAL83,,Ganga Basin,Yamuna Lower,1145.2791,0.88,100.0
subbasin,YAL,Yamuna Lower,subbasin||YAL,,Ganga Basin,Yamuna Lower,watershed,C2AYAL84,Watershed C2AYAL84,watershed||C2AYAL84,,Ganga Basin,Yamuna Lower,918.978,0.71,100.0
subbasin,YAL,Yamuna Lower,subbasin||YAL,,Ganga Basin,Yamuna Lower,watershed,C2AYAL85,Watershed C2AYAL85,watershed||C2AYAL85,,Ganga Basin,Yamuna Lower,1160.2267,0.89,100.0
subbasin,YAL,Yamuna Lower,subbasin||YAL,,Ganga Basin,Yamuna Lower,watershed,C2AYAL86,Watershed C2AYAL86,watershed||C2AYAL86,,Ganga Basin,Yamuna Lower,1314.2975,1.01,100.0
subbasin,YAL,Yamuna Lower,subbasin||YAL,,Ganga Basin,Yamuna Lower,watershed,C2AYAL87,Watershed C2AYAL87,watershed||C2AYAL87,,Ganga Basin,Yamuna Lower,1363.9406,1.05,100.0
subbasin,YAL,Yamuna Lower,subbasin||YAL,,Ganga Basin,Yamuna Lower,watershed,C2AYAL88,Watershed C2AYAL88,watershed||C2AYAL88,,Ganga Basin,Yamuna Lower,900.8469,0.69,100.0
subbasin,YAL,Yamuna Lower,subbasin||YAL,,Ganga Basin,Yamuna Lower,watershed,C2AYAL89,Watershed C2AYAL89,watershed||C2AYAL89,,Ganga Basin,Yamuna Lower,1469.6713,1.13,100.0
subbasin,YAL,Yamuna Lower,subbasin||YAL,,Ganga Basin,Yamuna Lower,watershed,C2AYAL90,Watershed C2AYAL90,watershed||C2AYAL90,,Ganga Basin,Yamuna Lower,764.3137,0.59,100.0
subbasin,YAL,Yamuna Lower,subbasin||YAL,,Ganga Basin,Yamuna Lower,watershed,C2AYAL91,Watershed C2AYAL91,watershed||C2AYAL91,,Ganga Basin,Yamuna Lower,1519.797,1.17,100.0
subbasin,YAL,Yamuna Lower,subbasin||YAL,,Ganga Basin,Yamuna Lower,watershed,C2AYAL92,Watershed C2AYAL92,watershed||C2AYAL92,,Ganga Basin,Yamuna Lower,991.0213,0.76,100.0
subbasin,YAL,Yamuna Lower,subbasin||YAL,,Ganga Basin,Yamuna Lower,watershed,C2AYAL93,Watershed C2AYAL93,watershed||C2AYAL93,,Ganga Basin,Yamuna Lower,1154.1403,0.89,100.0
subbasin,YAL,Yamuna Lower,subbasin||YAL,,Ganga Basin,Yamuna Lower,watershed,C2AYAL94,Watershed C2AYAL94,watershed||C2AYAL94,,Ganga Basin,Yamuna Lower,1250.0016,0.96,100.0
subbasin,YAL,Yamuna Lower,subbasin||YAL,,Ganga Basin,Yamuna Lower,watershed,C2AYAL95,Watershed C2AYAL95,watershed||C2AYAL95,,Ganga Basin,Yamuna Lower,1620.5601,1.25,100.0
subbasin,YAL,Yamuna Lower,subbasin||YAL,,Ganga Basin,Yamuna Lower,watershed,C2AYAL96,Watershed C2AYAL96,watershed||C2AYAL96,,Ganga Basin,Yamuna Lower,1679.7328,1.29,100.0
subbasin,YAL,Yamuna Lower,subbasin||YAL,,Ganga Basin,Yamuna Lower,watershed,C2AYAL97,Watershed C2AYAL97,watershed||C2AYAL97,,Ganga Basin,Yamuna Lower,950.3902,0.73,100.0
subbasin,YAL,Yamuna Lower,subbasin||YAL,,Ganga Basin,Yamuna Lower,watershed,C2AYAL98,Watershed C2AYAL98,watershed||C2AYAL98,,Ganga Basin,Yamuna Lower,1202.1726,0.93,100.0
subbasin,YAM,Yamuna Middle,subbasin||YAM,,Ganga Basin,Yamuna Middle,watershed,C2AYAM01,Watershed C2AYAM01,watershed||C2AYAM01,,Ganga Basin,Yamuna Middle,672.0487,1.87,100.0
subbasin,YAM,Yamuna Middle,subbasin||YAM,,Ganga Basin,Yamuna Middle,watershed,C2AYAM02,Watershed C2AYAM02,watershed||C2AYAM02,,Ganga Basin,Yamuna Middle,425.6864,1.19,100.0
subbasin,YAM,Yamuna Middle,subbasin||YAM,,Ganga Basin,Yamuna Middle,watershed,C2AYAM03,Watershed C2AYAM03,watershed||C2AYAM03,,Ganga Basin,Yamuna Middle,1154.7012,3.22,100.0
subbasin,YAM,Yamuna Middle,subbasin||YAM,,Ganga Basin,Yamuna Middle,watershed,C2AYAM04,Watershed C2AYAM04,watershed||C2AYAM04,,Ganga Basin,Yamuna Middle,542.3438,1.51,100.0
subbasin,YAM,Yamuna Middle,subbasin||YAM,,Ganga Basin,Yamuna Middle,watershed,C2AYAM05,Watershed C2AYAM05,watershed||C2AYAM05,,Ganga Basin,Yamuna Middle,576.214,1.61,100.0
subbasin,YAM,Yamuna Middle,subbasin||YAM,,Ganga Basin,Yamuna Middle,watershed,C2AYAM06,Watershed C2AYAM06,watershed||C2AYAM06,,Ganga Basin,Yamuna Middle,911.6782,2.54,100.0
subbasin,YAM,Yamuna Middle,subbasin||YAM,,Ganga Basin,Yamuna Middle,watershed,C2AYAM07,Watershed C2AYAM07,watershed||C2AYAM07,,Ganga Basin,Yamuna Middle,606.7368,1.69,100.0
subbasin,YAM,Yamuna Middle,subbasin||YAM,,Ganga Basin,Yamuna Middle,watershed,C2AYAM08,Watershed C2AYAM08,watershed||C2AYAM08,,Ganga Basin,Yamuna Middle,658.9146,1.84,100.0
subbasin,YAM,Yamuna Middle,subbasin||YAM,,Ganga Basin,Yamuna Middle,watershed,C2AYAM09,Watershed C2AYAM09,watershed||C2AYAM09,,Ganga Basin,Yamuna Middle,705.6927,1.97,100.0
subbasin,YAM,Yamuna Middle,subbasin||YAM,,Ganga Basin,Yamuna Middle,watershed,C2AYAM10,Watershed C2AYAM10,watershed||C2AYAM10,,Ganga Basin,Yamuna Middle,698.0407,1.95,100.0
subbasin,YAM,Yamuna Middle,subbasin||YAM,,Ganga Basin,Yamuna Middle,watershed,C2AYAM11,Watershed C2AYAM11,watershed||C2AYAM11,,Ganga Basin,Yamuna Middle,1123.0812,3.13,100.0
subbasin,YAM,Yamuna Middle,subbasin||YAM,,Ganga Basin,Yamuna Middle,watershed,C2AYAM12,Watershed C2AYAM12,watershed||C2AYAM12,,Ganga Basin,Yamuna Middle,810.7445,2.26,100.0
subbasin,YAM,Yamuna Middle,subbasin||YAM,,Ganga Basin,Yamuna Middle,watershed,C2AYAM13,Watershed C2AYAM13,watershed||C2AYAM13,,Ganga Basin,Yamuna Middle,752.359,2.1,100.0
subbasin,YAM,Yamuna Middle,subbasin||YAM,,Ganga Basin,Yamuna Middle,watershed,C2AYAM14,Watershed C2AYAM14,watershed||C2AYAM14,,Ganga Basin,Yamuna Middle,620.4652,1.73,100.0
subbasin,YAM,Yamuna Middle,subbasin||YAM,,Ganga Basin,Yamuna Middle,watershed,C2AYAM15,Watershed C2AYAM15,watershed||C2AYAM15,,Ganga Basin,Yamuna Middle,695.7405,1.94,100.0
subbasin,YAM,Yamuna Middle,subbasin||YAM,,Ganga Basin,Yamuna Middle,watershed,C2AYAM16,Watershed C2AYAM16,watershed||C2AYAM16,,Ganga Basin,Yamuna Middle,517.525,1.44,100.0
subbasin,YAM,Yamuna Middle,subbasin||YAM,,Ganga Basin,Yamuna Middle,watershed,C2AYAM17,Watershed C2AYAM17,watershed||C2AYAM17,,Ganga Basin,Yamuna Middle,703.0083,1.96,100.0
subbasin,YAM,Yamuna Middle,subbasin||YAM,,Ganga Basin,Yamuna Middle,watershed,C2AYAM18,Watershed C2AYAM18,watershed||C2AYAM18,,Ganga Basin,Yamuna Middle,1037.248,2.89,100.0
subbasin,YAM,Yamuna Middle,subbasin||YAM,,Ganga Basin,Yamuna Middle,watershed,C2AYAM19,Watershed C2AYAM19,watershed||C2AYAM19,,Ganga Basin,Yamuna Middle,1190.4529,3.32,100.0
subbasin,YAM,Yamuna Middle,subbasin||YAM,,Ganga Basin,Yamuna Middle,watershed,C2AYAM20,Watershed C2AYAM20,watershed||C2AYAM20,,Ganga Basin,Yamuna Middle,1277.515,3.56,100.0
subbasin,YAM,Yamuna Middle,subbasin||YAM,,Ganga Basin,Yamuna Middle,watershed,C2AYAM21,Watershed C2AYAM21,watershed||C2AYAM21,,Ganga Basin,Yamuna Middle,886.6044,2.47,100.0
subbasin,YAM,Yamuna Middle,subbasin||YAM,,Ganga Basin,Yamuna Middle,watershed,C2AYAM22,Watershed C2AYAM22,watershed||C2AYAM22,,Ganga Basin,Yamuna Middle,743.1729,2.07,100.0
subbasin,YAM,Yamuna Middle,subbasin||YAM,,Ganga Basin,Yamuna Middle,watershed,C2AYAM23,Watershed C2AYAM23,watershed||C2AYAM23,,Ganga Basin,Yamuna Middle,878.4381,2.45,100.0
subbasin,YAM,Yamuna Middle,subbasin||YAM,,Ganga Basin,Yamuna Middle,watershed,C2AYAM24,Watershed C2AYAM24,watershed||C2AYAM24,,Ganga Basin,Yamuna Middle,1196.6335,3.34,100.0
subbasin,YAM,Yamuna Middle,subbasin||YAM,,Ganga Basin,Yamuna Middle,watershed,C2AYAM25,Watershed C2AYAM25,watershed||C2AYAM25,,Ganga Basin,Yamuna Middle,772.9964,2.16,100.0
subbasin,YAM,Yamuna Middle,subbasin||YAM,,Ganga Basin,Yamuna Middle,watershed,C2AYAM26,Watershed C2AYAM26,watershed||C2AYAM26,,Ganga Basin,Yamuna Middle,1157.5203,3.23,100.0
subbasin,YAM,Yamuna Middle,subbasin||YAM,,Ganga Basin,Yamuna Middle,watershed,C2AYAM27,Watershed C2AYAM27,watershed||C2AYAM27,,Ganga Basin,Yamuna Middle,788.8035,2.2,100.0
subbasin,YAM,Yamuna Middle,subbasin||YAM,,Ganga Basin,Yamuna Middle,watershed,C2AYAM28,Watershed C2AYAM28,watershed||C2AYAM28,,Ganga Basin,Yamuna Middle,1084.9064,3.03,100.0
subbasin,YAM,Yamuna Middle,subbasin||YAM,,Ganga Basin,Yamuna Middle,watershed,C2AYAM29,Watershed C2AYAM29,watershed||C2AYAM29,,Ganga Basin,Yamuna Middle,923.3828,2.58,100.0
subbasin,YAM,Yamuna Middle,subbasin||YAM,,Ganga Basin,Yamuna Middle,watershed,C2AYAM30,Watershed C2AYAM30,watershed||C2AYAM30,,Ganga Basin,Yamuna Middle,658.0401,1.84,100.0
subbasin,YAM,Yamuna Middle,subbasin||YAM,,Ganga Basin,Yamuna Middle,watershed,C2AYAM31,Watershed C2AYAM31,watershed||C2AYAM31,,Ganga Basin,Yamuna Middle,679.7486,1.9,100.0
subbasin,YAM,Yamuna Middle,subbasin||YAM,,Ganga Basin,Yamuna Middle,watershed,C2AYAM32,Watershed C2AYAM32,watershed||C2AYAM32,,Ganga Basin,Yamuna Middle,641.6559,1.79,100.0
subbasin,YAM,Yamuna Middle,subbasin||YAM,,Ganga Basin,Yamuna Middle,watershed,C2AYAM33,Watershed C2AYAM33,watershed||C2AYAM33,,Ganga Basin,Yamuna Middle,678.4062,1.89,100.0
subbasin,YAM,Yamuna Middle,subbasin||YAM,,Ganga Basin,Yamuna Middle,watershed,C2AYAM34,Watershed C2AYAM34,watershed||C2AYAM34,,Ganga Basin,Yamuna Middle,863.4445,2.41,100.0
subbasin,YAM,Yamuna Middle,subbasin||YAM,,Ganga Basin,Yamuna Middle,watershed,C2AYAM35,Watershed C2AYAM35,watershed||C2AYAM35,,Ganga Basin,Yamuna Middle,756.2337,2.11,100.0
subbasin,YAM,Yamuna Middle,subbasin||YAM,,Ganga Basin,Yamuna Middle,watershed,C2AYAM36,Watershed C2AYAM36,watershed||C2AYAM36,,Ganga Basin,Yamuna Middle,1112.8242,3.1,100.0
subbasin,YAM,Yamuna Middle,subbasin||YAM,,Ganga Basin,Yamuna Middle,watershed,C2AYAM37,Watershed C2AYAM37,watershed||C2AYAM37,,Ganga Basin,Yamuna Middle,1187.7036,3.31,100.0
subbasin,YAM,Yamuna Middle,subbasin||YAM,,Ganga Basin,Yamuna Middle,watershed,C2AYAM38,Watershed C2AYAM38,watershed||C2AYAM38,,Ganga Basin,Yamuna Middle,910.4458,2.54,100.0
subbasin,YAM,Yamuna Middle,subbasin||YAM,,Ganga Basin,Yamuna Middle,watershed,C2AYAM39,Watershed C2AYAM39,watershed||C2AYAM39,,Ganga Basin,Yamuna Middle,899.6727,2.51,100.0
subbasin,YAM,Yamuna Middle,subbasin||YAM,,Ganga Basin,Yamuna Middle,watershed,C2AYAM40,Watershed C2AYAM40,watershed||C2AYAM40,,Ganga Basin,Yamuna Middle,980.0551,2.73,100.0
subbasin,YAM,Yamuna Middle,subbasin||YAM,,Ganga Basin,Yamuna Middle,watershed,C2AYAM41,Watershed C2AYAM41,watershed||C2AYAM41,,Ganga Basin,Yamuna Middle,922.3127,2.57,100.0
subbasin,YAM,Yamuna Middle,subbasin||YAM,,Ganga Basin,Yamuna Middle,watershed,C2AYAM42,Watershed C2AYAM42,watershed||C2AYAM42,,Ganga Basin,Yamuna Middle,716.0972,2.0,100.0
subbasin,YAM,Yamuna Middle,subbasin||YAM,,Ganga Basin,Yamuna Middle,watershed,C2AYAM43,Watershed C2AYAM43,watershed||C2AYAM43,,Ganga Basin,Yamuna Middle,727.9265,2.03,100.0
subbasin,YAU,Yamuna Upper,subbasin||YAU,,Ganga Basin,Yamuna Upper,watershed,C2AYAU01,Watershed C2AYAU01,watershed||C2AYAU01,,Ganga Basin,Yamuna Upper,922.5529,2.5,100.0
subbasin,YAU,Yamuna Upper,subbasin||YAU,,Ganga Basin,Yamuna Upper,watershed,C2AYAU02,Watershed C2AYAU02,watershed||C2AYAU02,,Ganga Basin,Yamuna Upper,587.1766,1.59,100.0
subbasin,YAU,Yamuna Upper,subbasin||YAU,,Ganga Basin,Yamuna Upper,watershed,C2AYAU03,Watershed C2AYAU03,watershed||C2AYAU03,,Ganga Basin,Yamuna Upper,806.661,2.19,100.0
subbasin,YAU,Yamuna Upper,subbasin||YAU,,Ganga Basin,Yamuna Upper,watershed,C2AYAU04,Watershed C2AYAU04,watershed||C2AYAU04,,Ganga Basin,Yamuna Upper,629.3673,1.71,100.0
subbasin,YAU,Yamuna Upper,subbasin||YAU,,Ganga Basin,Yamuna Upper,watershed,C2AYAU05,Watershed C2AYAU05,watershed||C2AYAU05,,Ganga Basin,Yamuna Upper,484.8611,1.32,100.0
subbasin,YAU,Yamuna Upper,subbasin||YAU,,Ganga Basin,Yamuna Upper,watershed,C2AYAU06,Watershed C2AYAU06,watershed||C2AYAU06,,Ganga Basin,Yamuna Upper,855.704,2.32,100.0
subbasin,YAU,Yamuna Upper,subbasin||YAU,,Ganga Basin,Yamuna Upper,watershed,C2AYAU07,Watershed C2AYAU07,watershed||C2AYAU07,,Ganga Basin,Yamuna Upper,841.3805,2.28,100.0
subbasin,YAU,Yamuna Upper,subbasin||YAU,,Ganga Basin,Yamuna Upper,watershed,C2AYAU08,Watershed C2AYAU08,watershed||C2AYAU08,,Ganga Basin,Yamuna Upper,1272.098,3.45,100.0
subbasin,YAU,Yamuna Upper,subbasin||YAU,,Ganga Basin,Yamuna Upper,watershed,C2AYAU09,Watershed C2AYAU09,watershed||C2AYAU09,,Ganga Basin,Yamuna Upper,1082.1688,2.94,100.0
subbasin,YAU,Yamuna Upper,subbasin||YAU,,Ganga Basin,Yamuna Upper,watershed,C2AYAU10,Watershed C2AYAU10,watershed||C2AYAU10,,Ganga Basin,Yamuna Upper,704.7084,1.91,100.0
subbasin,YAU,Yamuna Upper,subbasin||YAU,,Ganga Basin,Yamuna Upper,watershed,C2AYAU11,Watershed C2AYAU11,watershed||C2AYAU11,,Ganga Basin,Yamuna Upper,936.5975,2.54,100.0
subbasin,YAU,Yamuna Upper,subbasin||YAU,,Ganga Basin,Yamuna Upper,watershed,C2AYAU12,Watershed C2AYAU12,watershed||C2AYAU12,,Ganga Basin,Yamuna Upper,961.8575,2.61,100.0
subbasin,YAU,Yamuna Upper,subbasin||YAU,,Ganga Basin,Yamuna Upper,watershed,C2AYAU13,Watershed C2AYAU13,watershed||C2AYAU13,,Ganga Basin,Yamuna Upper,1169.7023,3.17,100.0
subbasin,YAU,Yamuna Upper,subbasin||YAU,,Ganga Basin,Yamuna Upper,watershed,C2AYAU14,Watershed C2AYAU14,watershed||C2AYAU14,,Ganga Basin,Yamuna Upper,850.048,2.31,100.0
subbasin,YAU,Yamuna Upper,subbasin||YAU,,Ganga Basin,Yamuna Upper,watershed,C2AYAU15,Watershed C2AYAU15,watershed||C2AYAU15,,Ganga Basin,Yamuna Upper,665.4632,1.8,100.0
subbasin,YAU,Yamuna Upper,subbasin||YAU,,Ganga Basin,Yamuna Upper,watershed,C2AYAU16,Watershed C2AYAU16,watershed||C2AYAU16,,Ganga Basin,Yamuna Upper,886.0399,2.4,100.0
subbasin,YAU,Yamuna Upper,subbasin||YAU,,Ganga Basin,Yamuna Upper,watershed,C2AYAU17,Watershed C2AYAU17,watershed||C2AYAU17,,Ganga Basin,Yamuna Upper,854.3605,2.32,100.0
subbasin,YAU,Yamuna Upper,subbasin||YAU,,Ganga Basin,Yamuna Upper,watershed,C2AYAU18,Watershed C2AYAU18,watershed||C2AYAU18,,Ganga Basin,Yamuna Upper,855.334,2.32,100.0
subbasin,YAU,Yamuna Upper,subbasin||YAU,,Ganga Basin,Yamuna Upper,watershed,C2AYAU19,Watershed C2AYAU19,watershed||C2AYAU19,,Ganga Basin,Yamuna Upper,739.3628,2.01,100.0
subbasin,YAU,Yamuna Upper,subbasin||YAU,,Ganga Basin,Yamuna Upper,watershed,C2AYAU20,Watershed C2AYAU20,watershed||C2AYAU20,,Ganga Basin,Yamuna Upper,544.5525,1.48,100.0
subbasin,YAU,Yamuna Upper,subbasin||YAU,,Ganga Basin,Yamuna Upper,watershed,C2AYAU21,Watershed C2AYAU21,watershed||C2AYAU21,,Ganga Basin,Yamuna Upper,705.9824,1.91,100.0
subbasin,YAU,Yamuna Upper,subbasin||YAU,,Ganga Basin,Yamuna Upper,watershed,C2AYAU22,Watershed C2AYAU22,watershed||C2AYAU22,,Ganga Basin,Yamuna Upper,629.6829,1.71,100.0
subbasin,YAU,Yamuna Upper,subbasin||YAU,,Ganga Basin,Yamuna Upper,watershed,C2AYAU23,Watershed C2AYAU23,watershed||C2AYAU23,,Ganga Basin,Yamuna Upper,617.2427,1.67,100.0
subbasin,YAU,Yamuna Upper,subbasin||YAU,,Ganga Basin,Yamuna Upper,watershed,C2AYAU24,Watershed C2AYAU24,watershed||C2AYAU24,,Ganga Basin,Yamuna Upper,701.6876,1.9,100.0
subbasin,YAU,Yamuna Upper,subbasin||YAU,,Ganga Basin,Yamuna Upper,watershed,C2AYAU25,Watershed C2AYAU25,watershed||C2AYAU25,,Ganga Basin,Yamuna Upper,1059.5381,2.87,100.0
subbasin,YAU,Yamuna Upper,subbasin||YAU,,Ganga Basin,Yamuna Upper,watershed,C2AYAU26,Watershed C2AYAU26,watershed||C2AYAU26,,Ganga Basin,Yamuna Upper,1114.9665,3.02,100.0
subbasin,YAU,Yamuna Upper,subbasin||YAU,,Ganga Basin,Yamuna Upper,watershed,C2AYAU27,Watershed C2AYAU27,watershed||C2AYAU27,,Ganga Basin,Yamuna Upper,823.0658,2.23,100.0
subbasin,YAU,Yamuna Upper,subbasin||YAU,,Ganga Basin,Yamuna Upper,watershed,C2AYAU28,Watershed C2AYAU28,watershed||C2AYAU28,,Ganga Basin,Yamuna Upper,501.8377,1.36,100.0
subbasin,YAU,Yamuna Upper,subbasin||YAU,,Ganga Basin,Yamuna Upper,watershed,C2AYAU29,Watershed C2AYAU29,watershed||C2AYAU29,,Ganga Basin,Yamuna Upper,665.8347,1.81,100.0
subbasin,YAU,Yamuna Upper,subbasin||YAU,,Ganga Basin,Yamuna Upper,watershed,C2AYAU30,Watershed C2AYAU30,watershed||C2AYAU30,,Ganga Basin,Yamuna Upper,332.6602,0.9,100.0
subbasin,YAU,Yamuna Upper,subbasin||YAU,,Ganga Basin,Yamuna Upper,watershed,C2AYAU31,Watershed C2AYAU31,watershed||C2AYAU31,,Ganga Basin,Yamuna Upper,1167.8646,3.17,100.0
subbasin,YAU,Yamuna Upper,subbasin||YAU,,Ganga Basin,Yamuna Upper,watershed,C2AYAU32,Watershed C2AYAU32,watershed||C2AYAU32,,Ganga Basin,Yamuna Upper,646.0225,1.75,100.0
subbasin,YAU,Yamuna Upper,subbasin||YAU,,Ganga Basin,Yamuna Upper,watershed,C2AYAU33,Watershed C2AYAU33,watershed||C2AYAU33,,Ganga Basin,Yamuna Upper,613.6356,1.66,100.0
subbasin,YAU,Yamuna Upper,subbasin||YAU,,Ganga Basin,Yamuna Upper,watershed,C2AYAU34,Watershed C2AYAU34,watershed||C2AYAU34,,Ganga Basin,Yamuna Upper,770.8345,2.09,100.0
subbasin,YAU,Yamuna Upper,subbasin||YAU,,Ganga Basin,Yamuna Upper,watershed,C2AYAU35,Watershed C2AYAU35,watershed||C2AYAU35,,Ganga Basin,Yamuna Upper,528.1729,1.43,100.0
subbasin,YAU,Yamuna Upper,subbasin||YAU,,Ganga Basin,Yamuna Upper,watershed,C2AYAU36,Watershed C2AYAU36,watershed||C2AYAU36,,Ganga Basin,Yamuna Upper,501.0413,1.36,100.0
subbasin,YAU,Yamuna Upper,subbasin||YAU,,Ganga Basin,Yamuna Upper,watershed,C2AYAU37,Watershed C2AYAU37,watershed||C2AYAU37,,Ganga Basin,Yamuna Upper,632.9256,1.72,100.0
subbasin,YAU,Yamuna Upper,subbasin||YAU,,Ganga Basin,Yamuna Upper,watershed,C2AYAU38,Watershed C2AYAU38,watershed||C2AYAU38,,Ganga Basin,Yamuna Upper,506.7449,1.37,100.0
subbasin,YAU,Yamuna Upper,subbasin||YAU,,Ganga Basin,Yamuna Upper,watershed,C2AYAU39,Watershed C2AYAU39,watershed||C2AYAU39,,Ganga Basin,Yamuna Upper,1037.287,2.81,100.0
subbasin,YAU,Yamuna Upper,subbasin||YAU,,Ganga Basin,Yamuna Upper,watershed,C2AYAU40,Watershed C2AYAU40,watershed||C2AYAU40,,Ganga Basin,Yamuna Upper,614.2893,1.67,100.0
subbasin,YAU,Yamuna Upper,subbasin||YAU,,Ganga Basin,Yamuna Upper,watershed,C2AYAU41,Watershed C2AYAU41,watershed||C2AYAU41,,Ganga Basin,Yamuna Upper,724.5968,1.97,100.0
subbasin,YAU,Yamuna Upper,subbasin||YAU,,Ganga Basin,Yamuna Upper,watershed,C2AYAU42,Watershed C2AYAU42,watershed||C2AYAU42,,Ganga Basin,Yamuna Upper,911.2147,2.47,100.0
subbasin,YAU,Yamuna Upper,subbasin||YAU,,Ganga Basin,Yamuna Upper,watershed,C2AYAU43,Watershed C2AYAU43,watershed||C2AYAU43,,Ganga Basin,Yamuna Upper,1106.2483,3.0,100.0
subbasin,YAU,Yamuna Upper,subbasin||YAU,,Ganga Basin,Yamuna Upper,watershed,C2AYAU44,Watershed C2AYAU44,watershed||C2AYAU44,,Ganga Basin,Yamuna Upper,1144.1983,3.1,100.0
subbasin,YAU,Yamuna Upper,subbasin||YAU,,Ganga Basin,Yamuna Upper,watershed,C2AYAU45,Watershed C2AYAU45,watershed||C2AYAU45,,Ganga Basin,Yamuna Upper,768.1892,2.08,100.0
subbasin,YAU,Yamuna Upper,subbasin||YAU,,Ganga Basin,Yamuna Upper,watershed,C2AYAU46,Watershed C2AYAU46,watershed||C2AYAU46,,Ganga Basin,Yamuna Upper,673.5952,1.83,100.0
subbasin,YAU,Yamuna Upper,subbasin||YAU,,Ganga Basin,Yamuna Upper,watershed,C2AYAU47,Watershed C2AYAU47,watershed||C2AYAU47,,Ganga Basin,Yamuna Upper,718.5628,1.95,100.0
